# DNNF90 training history: one row per validation event
#  1:epoch  2:patience
#  3:cost_train    4:cost_val    5:cost_input   (per point;
#    the composite objective, Loss_term weights applied --
#    the same sum the optimizer descends)
#  6:cost_train_f  7:cost_train_df  8:cost_val_f  9:cost_val_df
# 10:cost_input_f 11:cost_input_df
# 12:rmse_train_f 13:rmse_train_df 14:rmse_val_f 15:rmse_val_df
# 16:rmse_input_f 17:rmse_input_df
# 18:mae_train_f  19:mae_train_df  20:mae_val_f  21:mae_val_df
# 22:mae_input_f  23:mae_input_df
# 24..: the same 21 metrics for each loss term in turn (2 terms: columns 24-44 are term 1, 45-65 term 2, ...)
1  0    0.97440E+00    0.92703E+00    0.97128E+00    0.90386E+00    0.70536E+00    0.87038E+00    0.56641E+00    0.90166E+00    0.69622E+00    0.14112E+01    0.11877E+01    0.13888E+01    0.10643E+01    0.14097E+01    0.11800E+01    0.87879E+00    0.93539E+00    0.85961E+00    0.83471E+00    0.87753E+00    0.92877E+00    0.43070E+01    0.39563E+01    0.42829E+01    0.43070E+01    0.00000E+00    0.39563E+01    0.00000E+00    0.42829E+01    0.00000E+00    0.29350E+01    0.00000E+00    0.28129E+01    0.00000E+00    0.29267E+01    0.00000E+00    0.24194E+01    0.00000E+00    0.22097E+01    0.00000E+00    0.24050E+01    0.00000E+00    0.89270E-01    0.72617E-01    0.88188E-01    0.00000E+00    0.89270E+00    0.00000E+00    0.72617E+00    0.00000E+00    0.88188E+00    0.48213E+00    0.13362E+01    0.49106E+00    0.12051E+01    0.48272E+00    0.13281E+01    0.46962E+00    0.11838E+01    0.47881E+00    0.10701E+01    0.47022E+00    0.11764E+01
20  0    0.34290E+00    0.28225E+00    0.33891E+00    0.29109E+00    0.51812E+00    0.23683E+00    0.45424E+00    0.28752E+00    0.51392E+00    0.80734E+00    0.10180E+01    0.73427E+00    0.95314E+00    0.80274E+00    0.10138E+01    0.52372E+00    0.82106E+00    0.49818E+00    0.75164E+00    0.52204E+00    0.81649E+00    0.13871E+01    0.10765E+01    0.13657E+01    0.13871E+01    0.00000E+00    0.10765E+01    0.00000E+00    0.13657E+01    0.00000E+00    0.16656E+01    0.00000E+00    0.14673E+01    0.00000E+00    0.16527E+01    0.00000E+00    0.14040E+01    0.00000E+00    0.12639E+01    0.00000E+00    0.13944E+01    0.00000E+00    0.65573E-01    0.58236E-01    0.65096E-01    0.00000E+00    0.65573E+00    0.00000E+00    0.58236E+00    0.00000E+00    0.65096E+00    0.29685E+00    0.11452E+01    0.28977E+00    0.10792E+01    0.29639E+00    0.11410E+01    0.28992E+00    0.10391E+01    0.28219E+00    0.96364E+00    0.28942E+00    0.10342E+01
40  0    0.21395E+00    0.16833E+00    0.21095E+00    0.18143E+00    0.32518E+00    0.13768E+00    0.30650E+00    0.17855E+00    0.32395E+00    0.63476E+00    0.80645E+00    0.55634E+00    0.78294E+00    0.62990E+00    0.80492E+00    0.38812E+00    0.65500E+00    0.36118E+00    0.62099E+00    0.38635E+00    0.65276E+00    0.86454E+00    0.62581E+00    0.84812E+00    0.86454E+00    0.00000E+00    0.62581E+00    0.00000E+00    0.84812E+00    0.00000E+00    0.13149E+01    0.00000E+00    0.11188E+01    0.00000E+00    0.13024E+01    0.00000E+00    0.10385E+01    0.00000E+00    0.93445E+00    0.00000E+00    0.10313E+01    0.00000E+00    0.41155E-01    0.39295E-01    0.41034E-01    0.00000E+00    0.41155E+00    0.00000E+00    0.39295E+00    0.00000E+00    0.41034E+00    0.22515E+00    0.90724E+00    0.20926E+00    0.88651E+00    0.22415E+00    0.90591E+00    0.21539E+00    0.82896E+00    0.19948E+00    0.79614E+00    0.21435E+00    0.82683E+00
60  0    0.10479E+00    0.96375E-01    0.10424E+00    0.75697E-01    0.29093E+00    0.65209E-01    0.31166E+00    0.75007E-01    0.29230E+00    0.42085E+00    0.76280E+00    0.38885E+00    0.78950E+00    0.41882E+00    0.76459E+00    0.27834E+00    0.61752E+00    0.26003E+00    0.62936E+00    0.27713E+00    0.61830E+00    0.36070E+00    0.29641E+00    0.35628E+00    0.36070E+00    0.00000E+00    0.29641E+00    0.00000E+00    0.35628E+00    0.00000E+00    0.84936E+00    0.00000E+00    0.76994E+00    0.00000E+00    0.84414E+00    0.00000E+00    0.71091E+00    0.00000E+00    0.65662E+00    0.00000E+00    0.70718E+00    0.00000E+00    0.36820E-01    0.39956E-01    0.37024E-01    0.00000E+00    0.36820E+00    0.00000E+00    0.39956E+00    0.00000E+00    0.37024E+00    0.18043E+00    0.85814E+00    0.16323E+00    0.89393E+00    0.17936E+00    0.86051E+00    0.16345E+00    0.78153E+00    0.14818E+00    0.80687E+00    0.16246E+00    0.78317E+00
80  0    0.64069E-01    0.62397E-01    0.63959E-01    0.42915E-01    0.21154E+00    0.40414E-01    0.21983E+00    0.42750E-01    0.21209E+00    0.31651E+00    0.65045E+00    0.30374E+00    0.66307E+00    0.31568E+00    0.65129E+00    0.20952E+00    0.53778E+00    0.19562E+00    0.54460E+00    0.20861E+00    0.53823E+00    0.20449E+00    0.18370E+00    0.20306E+00    0.20449E+00    0.00000E+00    0.18370E+00    0.00000E+00    0.20306E+00    0.00000E+00    0.63952E+00    0.00000E+00    0.60614E+00    0.00000E+00    0.63728E+00    0.00000E+00    0.53923E+00    0.00000E+00    0.49505E+00    0.00000E+00    0.53620E+00    0.00000E+00    0.26773E-01    0.28183E-01    0.26864E-01    0.00000E+00    0.26773E+00    0.00000E+00    0.28183E+00    0.00000E+00    0.26864E+00    0.13475E+00    0.73175E+00    0.12105E+00    0.75078E+00    0.13390E+00    0.73300E+00    0.12195E+00    0.68061E+00    0.11117E+00    0.69820E+00    0.12125E+00    0.68175E+00
100  0    0.36773E-01    0.36583E-01    0.36760E-01    0.24145E-01    0.12627E+00    0.23610E-01    0.12973E+00    0.24110E-01    0.12650E+00    0.23721E+00    0.50254E+00    0.23059E+00    0.50938E+00    0.23678E+00    0.50300E+00    0.15415E+00    0.41944E+00    0.14519E+00    0.42681E+00    0.15356E+00    0.41992E+00    0.11505E+00    0.10732E+00    0.11452E+00    0.11505E+00    0.00000E+00    0.10732E+00    0.00000E+00    0.11452E+00    0.00000E+00    0.47970E+00    0.00000E+00    0.46329E+00    0.00000E+00    0.47859E+00    0.00000E+00    0.39509E+00    0.00000E+00    0.37539E+00    0.00000E+00    0.39374E+00    0.00000E+00    0.15981E-01    0.16633E-01    0.16024E-01    0.00000E+00    0.15981E+00    0.00000E+00    0.16633E+00    0.00000E+00    0.16024E+00    0.10049E+00    0.56535E+00    0.87348E-01    0.57676E+00    0.99690E-01    0.56610E+00    0.90160E-01    0.53084E+00    0.80268E-01    0.54719E+00    0.89517E-01    0.53190E+00
120  0    0.20379E-01    0.18537E-01    0.20258E-01    0.14811E-01    0.55684E-01    0.12541E-01    0.59959E-01    0.14661E-01    0.55965E-01    0.18673E+00    0.33372E+00    0.16985E+00    0.34629E+00    0.18567E+00    0.33456E+00    0.12099E+00    0.27773E+00    0.10774E+00    0.28648E+00    0.12012E+00    0.27830E+00    0.70574E-01    0.57005E-01    0.69641E-01    0.70574E-01    0.00000E+00    0.57005E-01    0.00000E+00    0.69641E-01    0.00000E+00    0.37570E+00    0.00000E+00    0.33765E+00    0.00000E+00    0.37321E+00    0.00000E+00    0.30405E+00    0.00000E+00    0.27150E+00    0.00000E+00    0.30181E+00    0.00000E+00    0.70474E-02    0.76871E-02    0.70889E-02    0.00000E+00    0.70474E-01    0.00000E+00    0.76871E-01    0.00000E+00    0.70889E-01    0.81489E-01    0.37543E+00    0.69479E-01    0.39210E+00    0.80763E-01    0.37654E+00    0.72372E-01    0.35149E+00    0.61556E-01    0.36729E+00    0.71669E-01    0.35252E+00
140  0    0.15036E-01    0.12726E-01    0.14884E-01    0.10650E-01    0.43856E-01    0.80829E-02    0.46426E-01    0.10481E-01    0.44025E-01    0.15620E+00    0.29616E+00    0.13581E+00    0.30472E+00    0.15494E+00    0.29673E+00    0.97026E-01    0.24217E+00    0.86688E-01    0.24783E+00    0.96346E-01    0.24254E+00    0.50749E-01    0.36741E-01    0.49786E-01    0.50749E-01    0.00000E+00    0.36741E-01    0.00000E+00    0.49786E-01    0.00000E+00    0.31859E+00    0.00000E+00    0.27107E+00    0.00000E+00    0.31555E+00    0.00000E+00    0.24971E+00    0.00000E+00    0.21501E+00    0.00000E+00    0.24732E+00    0.00000E+00    0.55505E-02    0.59521E-02    0.55766E-02    0.00000E+00    0.55505E-01    0.00000E+00    0.59521E-01    0.00000E+00    0.55766E-01    0.62604E-01    0.33318E+00    0.54063E-01    0.34502E+00    0.62084E-01    0.33396E+00    0.56474E-01    0.30648E+00    0.50493E-01    0.31773E+00    0.56085E-01    0.30722E+00
160  0    0.10819E-01    0.99469E-02    0.10762E-01    0.74131E-02    0.34062E-01    0.60584E-02    0.38885E-01    0.73240E-02    0.34379E-01    0.12948E+00    0.26101E+00    0.11681E+00    0.27887E+00    0.12868E+00    0.26222E+00    0.77783E-01    0.21205E+00    0.73633E-01    0.22229E+00    0.77510E-01    0.21272E+00    0.35324E-01    0.27538E-01    0.34789E-01    0.35324E-01    0.00000E+00    0.27538E-01    0.00000E+00    0.34789E-01    0.00000E+00    0.26580E+00    0.00000E+00    0.23468E+00    0.00000E+00    0.26378E+00    0.00000E+00    0.20403E+00    0.00000E+00    0.19053E+00    0.00000E+00    0.20310E+00    0.00000E+00    0.43109E-02    0.49852E-02    0.43547E-02    0.00000E+00    0.43109E-01    0.00000E+00    0.49852E-01    0.00000E+00    0.43547E-01    0.49532E-01    0.29363E+00    0.44242E-01    0.31576E+00    0.49205E-01    0.29512E+00    0.44252E-01    0.26837E+00    0.40663E-01    0.28499E+00    0.44019E-01    0.26945E+00
180  0    0.84621E-02    0.79293E-02    0.84271E-02    0.55654E-02    0.28968E-01    0.46761E-02    0.32532E-01    0.55068E-02    0.29202E-01    0.11218E+00    0.24070E+00    0.10228E+00    0.25508E+00    0.11156E+00    0.24167E+00    0.68125E-01    0.19331E+00    0.65559E-01    0.20472E+00    0.67956E-01    0.19406E+00    0.26519E-01    0.21255E-01    0.26158E-01    0.26519E-01    0.00000E+00    0.21255E-01    0.00000E+00    0.26158E-01    0.00000E+00    0.23030E+00    0.00000E+00    0.20618E+00    0.00000E+00    0.22872E+00    0.00000E+00    0.17881E+00    0.00000E+00    0.17426E+00    0.00000E+00    0.17850E+00    0.00000E+00    0.36662E-02    0.41708E-02    0.36990E-02    0.00000E+00    0.36662E-01    0.00000E+00    0.41708E-01    0.00000E+00    0.36990E-01    0.42897E-01    0.27078E+00    0.37717E-01    0.28882E+00    0.42579E-01    0.27199E+00    0.38727E-01    0.24465E+00    0.34901E-01    0.26247E+00    0.38478E-01    0.24581E+00
200  0    0.71942E-02    0.67548E-02    0.71653E-02    0.45821E-02    0.26122E-01    0.37491E-02    0.30057E-01    0.45272E-02    0.26380E-01    0.10162E+00    0.22857E+00    0.91572E-01    0.24518E+00    0.10099E+00    0.22970E+00    0.61758E-01    0.18371E+00    0.57347E-01    0.19755E+00    0.61468E-01    0.18462E+00    0.21834E-01    0.17041E-01    0.21504E-01    0.21834E-01    0.00000E+00    0.17041E-01    0.00000E+00    0.21504E-01    0.00000E+00    0.20897E+00    0.00000E+00    0.18461E+00    0.00000E+00    0.20739E+00    0.00000E+00    0.16186E+00    0.00000E+00    0.14754E+00    0.00000E+00    0.16087E+00    0.00000E+00    0.33059E-02    0.38535E-02    0.33415E-02    0.00000E+00    0.33059E-01    0.00000E+00    0.38535E-01    0.00000E+00    0.33415E-01    0.38352E-01    0.25714E+00    0.33727E-01    0.27761E+00    0.38068E-01    0.25852E+00    0.35172E-01    0.23251E+00    0.31907E-01    0.25327E+00    0.34960E-01    0.23386E+00
220  0    0.60015E-02    0.58077E-02    0.59887E-02    0.37383E-02    0.22632E-01    0.32650E-02    0.25427E-01    0.37072E-02    0.22815E-01    0.92332E-01    0.21275E+00    0.85361E-01    0.22551E+00    0.91890E-01    0.21361E+00    0.57152E-01    0.17124E+00    0.53349E-01    0.18366E+00    0.56902E-01    0.17206E+00    0.17814E-01    0.14841E-01    0.17609E-01    0.17814E-01    0.00000E+00    0.14841E-01    0.00000E+00    0.17609E-01    0.00000E+00    0.18875E+00    0.00000E+00    0.17229E+00    0.00000E+00    0.18767E+00    0.00000E+00    0.14644E+00    0.00000E+00    0.13794E+00    0.00000E+00    0.14586E+00    0.00000E+00    0.28642E-02    0.32598E-02    0.28900E-02    0.00000E+00    0.28642E-01    0.00000E+00    0.32598E-01    0.00000E+00    0.28900E-01    0.36428E-01    0.23934E+00    0.31139E-01    0.25534E+00    0.36108E-01    0.24041E+00    0.33436E-01    0.21673E+00    0.29489E-01    0.23546E+00    0.33180E-01    0.21794E+00
240  0    0.51765E-02    0.49506E-02    0.51617E-02    0.31085E-02    0.20680E-01    0.26260E-02    0.23246E-01    0.30767E-02    0.20849E-01    0.83559E-01    0.20337E+00    0.76675E-01    0.21562E+00    0.83124E-01    0.20420E+00    0.50211E-01    0.16277E+00    0.48330E-01    0.17549E+00    0.50087E-01    0.16361E+00    0.14812E-01    0.11936E-01    0.14614E-01    0.14812E-01    0.00000E+00    0.11936E-01    0.00000E+00    0.14614E-01    0.00000E+00    0.17212E+00    0.00000E+00    0.15451E+00    0.00000E+00    0.17096E+00    0.00000E+00    0.13130E+00    0.00000E+00    0.12386E+00    0.00000E+00    0.13079E+00    0.00000E+00    0.26173E-02    0.29803E-02    0.26409E-02    0.00000E+00    0.26173E-01    0.00000E+00    0.29803E-01    0.00000E+00    0.26409E-01    0.31120E-01    0.22879E+00    0.28355E-01    0.24414E+00    0.30948E-01    0.22982E+00    0.28674E-01    0.20601E+00    0.27027E-01    0.22498E+00    0.28567E-01    0.20724E+00
260  0    0.43988E-02    0.39884E-02    0.43718E-02    0.26559E-02    0.17429E-01    0.21628E-02    0.18256E-01    0.26235E-02    0.17484E-01    0.77223E-01    0.18670E+00    0.69604E-01    0.19108E+00    0.76745E-01    0.18699E+00    0.46296E-01    0.15082E+00    0.43101E-01    0.15783E+00    0.46085E-01    0.15128E+00    0.12656E-01    0.98308E-02    0.12461E-01    0.12656E-01    0.00000E+00    0.98308E-02    0.00000E+00    0.12461E-01    0.00000E+00    0.15910E+00    0.00000E+00    0.14022E+00    0.00000E+00    0.15787E+00    0.00000E+00    0.12161E+00    0.00000E+00    0.11050E+00    0.00000E+00    0.12085E+00    0.00000E+00    0.22058E-02    0.23405E-02    0.22146E-02    0.00000E+00    0.22058E-01    0.00000E+00    0.23405E-01    0.00000E+00    0.22146E-01    0.28716E-01    0.21004E+00    0.25799E-01    0.21636E+00    0.28535E-01    0.21046E+00    0.26291E-01    0.19088E+00    0.24091E-01    0.20235E+00    0.26148E-01    0.19162E+00
280  0    0.38553E-02    0.36780E-02    0.38436E-02    0.22198E-02    0.16355E-01    0.19817E-02    0.16963E-01    0.22042E-02    0.16395E-01    0.70372E-01    0.18086E+00    0.66546E-01    0.18419E+00    0.70126E-01    0.18108E+00    0.41645E-01    0.14547E+00    0.39921E-01    0.15056E+00    0.41531E-01    0.14580E+00    0.10578E-01    0.90077E-02    0.10470E-01    0.10578E-01    0.00000E+00    0.90077E-02    0.00000E+00    0.10470E-01    0.00000E+00    0.14545E+00    0.00000E+00    0.13422E+00    0.00000E+00    0.14470E+00    0.00000E+00    0.10939E+00    0.00000E+00    0.10035E+00    0.00000E+00    0.10877E+00    0.00000E+00    0.20699E-02    0.21748E-02    0.20767E-02    0.00000E+00    0.20699E-01    0.00000E+00    0.21748E-01    0.00000E+00    0.20767E-01    0.25468E-01    0.20346E+00    0.24417E-01    0.20856E+00    0.25401E-01    0.20380E+00    0.23652E-01    0.18410E+00    0.22876E-01    0.19303E+00    0.23601E-01    0.18468E+00
300  0    0.33393E-02    0.33065E-02    0.33371E-02    0.19512E-02    0.13881E-01    0.18792E-02    0.14274E-01    0.19464E-02    0.13907E-01    0.66052E-01    0.16662E+00    0.64270E-01    0.16896E+00    0.65937E-01    0.16678E+00    0.39333E-01    0.13353E+00    0.36973E-01    0.13773E+00    0.39177E-01    0.13381E+00    0.92976E-02    0.85416E-02    0.92456E-02    0.92976E-02    0.00000E+00    0.85416E-02    0.00000E+00    0.92456E-02    0.00000E+00    0.13636E+00    0.00000E+00    0.13070E+00    0.00000E+00    0.13598E+00    0.00000E+00    0.10333E+00    0.00000E+00    0.96139E-01    0.00000E+00    0.10283E+00    0.00000E+00    0.17568E-02    0.18300E-02    0.17616E-02    0.00000E+00    0.17568E-01    0.00000E+00    0.18300E-01    0.00000E+00    0.17616E-01    0.24143E-01    0.18745E+00    0.21850E-01    0.19131E+00    0.24001E-01    0.18770E+00    0.22336E-01    0.16899E+00    0.20286E-01    0.17657E+00    0.22202E-01    0.16949E+00
320  0    0.29159E-02    0.28743E-02    0.29132E-02    0.17323E-02    0.11836E-01    0.16436E-02    0.12307E-01    0.17265E-02    0.11867E-01    0.62065E-01    0.15386E+00    0.60101E-01    0.15689E+00    0.61938E-01    0.15406E+00    0.35939E-01    0.12247E+00    0.33826E-01    0.12818E+00    0.35800E-01    0.12285E+00    0.82548E-02    0.74710E-02    0.82009E-02    0.82548E-02    0.00000E+00    0.74710E-02    0.00000E+00    0.82009E-02    0.00000E+00    0.12849E+00    0.00000E+00    0.12224E+00    0.00000E+00    0.12807E+00    0.00000E+00    0.94548E-01    0.00000E+00    0.86596E-01    0.00000E+00    0.94002E-01    0.00000E+00    0.14979E-02    0.15778E-02    0.15031E-02    0.00000E+00    0.14979E-01    0.00000E+00    0.15778E-01    0.00000E+00    0.15031E-01    0.22143E-01    0.17309E+00    0.20408E-01    0.17764E+00    0.22034E-01    0.17339E+00    0.20372E-01    0.15500E+00    0.18942E-01    0.16434E+00    0.20280E-01    0.15561E+00
340  0    0.26581E-02    0.26382E-02    0.26568E-02    0.15635E-02    0.10947E-01    0.15520E-02    0.10862E-01    0.15627E-02    0.10941E-01    0.58930E-01    0.14796E+00    0.58443E-01    0.14739E+00    0.58898E-01    0.14793E+00    0.34170E-01    0.11776E+00    0.32195E-01    0.12055E+00    0.34040E-01    0.11794E+00    0.74500E-02    0.70545E-02    0.74228E-02    0.74500E-02    0.00000E+00    0.70545E-02    0.00000E+00    0.74228E-02    0.00000E+00    0.12207E+00    0.00000E+00    0.11878E+00    0.00000E+00    0.12184E+00    0.00000E+00    0.90281E-01    0.00000E+00    0.80758E-01    0.00000E+00    0.89627E-01    0.00000E+00    0.13854E-02    0.13925E-02    0.13859E-02    0.00000E+00    0.13854E-01    0.00000E+00    0.13925E-01    0.00000E+00    0.13859E-01    0.20920E-01    0.16646E+00    0.19988E-01    0.16689E+00    0.20860E-01    0.16649E+00    0.19266E-01    0.14903E+00    0.18498E-01    0.15455E+00    0.19216E-01    0.14939E+00
360  0    0.23753E-02    0.23607E-02    0.23743E-02    0.13704E-02    0.10049E-01    0.13443E-02    0.10164E-01    0.13686E-02    0.10057E-01    0.55246E-01    0.14177E+00    0.54483E-01    0.14257E+00    0.55196E-01    0.14182E+00    0.32147E-01    0.11233E+00    0.31207E-01    0.11630E+00    0.32085E-01    0.11259E+00    0.65299E-02    0.61105E-02    0.65011E-02    0.65299E-02    0.00000E+00    0.61105E-02    0.00000E+00    0.65011E-02    0.00000E+00    0.11428E+00    0.00000E+00    0.11055E+00    0.00000E+00    0.11403E+00    0.00000E+00    0.84657E-01    0.00000E+00    0.78966E-01    0.00000E+00    0.84266E-01    0.00000E+00    0.12718E-02    0.13030E-02    0.12738E-02    0.00000E+00    0.12718E-01    0.00000E+00    0.13030E-01    0.00000E+00    0.12738E-01    0.19852E-01    0.15949E+00    0.18940E-01    0.16143E+00    0.19794E-01    0.15961E+00    0.18201E-01    0.14217E+00    0.17736E-01    0.14911E+00    0.18171E-01    0.14262E+00
380  0    0.21698E-02    0.21577E-02    0.21690E-02    0.12620E-02    0.90780E-02    0.12317E-02    0.92602E-02    0.12600E-02    0.90900E-02    0.53018E-01    0.13474E+00    0.52185E-01    0.13609E+00    0.52963E-01    0.13483E+00    0.31009E-01    0.10678E+00    0.30273E-01    0.11127E+00    0.30961E-01    0.10708E+00    0.60135E-02    0.55986E-02    0.59849E-02    0.60135E-02    0.00000E+00    0.55986E-02    0.00000E+00    0.59849E-02    0.00000E+00    0.10967E+00    0.00000E+00    0.10582E+00    0.00000E+00    0.10941E+00    0.00000E+00    0.81791E-01    0.00000E+00    0.77736E-01    0.00000E+00    0.81512E-01    0.00000E+00    0.11489E-02    0.11872E-02    0.11514E-02    0.00000E+00    0.11489E-01    0.00000E+00    0.11872E-01    0.00000E+00    0.11514E-01    0.19056E-01    0.15159E+00    0.18253E-01    0.15409E+00    0.19005E-01    0.15175E+00    0.17521E-01    0.13515E+00    0.16886E-01    0.14265E+00    0.17480E-01    0.13563E+00
400  0    0.19916E-02    0.19339E-02    0.19878E-02    0.11609E-02    0.83065E-02    0.11474E-02    0.78646E-02    0.11600E-02    0.82774E-02    0.50816E-01    0.12889E+00    0.50230E-01    0.12542E+00    0.50777E-01    0.12867E+00    0.29660E-01    0.10122E+00    0.28700E-01    0.10228E+00    0.29597E-01    0.10129E+00    0.55320E-02    0.52156E-02    0.55102E-02    0.55320E-02    0.00000E+00    0.52156E-02    0.00000E+00    0.55102E-02    0.00000E+00    0.10519E+00    0.00000E+00    0.10213E+00    0.00000E+00    0.10498E+00    0.00000E+00    0.78374E-01    0.00000E+00    0.75122E-01    0.00000E+00    0.78150E-01    0.00000E+00    0.10513E-02    0.10083E-02    0.10485E-02    0.00000E+00    0.10513E-01    0.00000E+00    0.10083E-01    0.00000E+00    0.10485E-01    0.18152E-01    0.14500E+00    0.17104E-01    0.14201E+00    0.18086E-01    0.14481E+00    0.16722E-01    0.12811E+00    0.15606E-01    0.13113E+00    0.16649E-01    0.12830E+00
420  0    0.18266E-02    0.17771E-02    0.18234E-02    0.10598E-02    0.76678E-02    0.10687E-02    0.70843E-02    0.10604E-02    0.76295E-02    0.48714E-01    0.12384E+00    0.48479E-01    0.11903E+00    0.48699E-01    0.12353E+00    0.28242E-01    0.97860E-01    0.26760E-01    0.96694E-01    0.28145E-01    0.97784E-01    0.50502E-02    0.48576E-02    0.50370E-02    0.50502E-02    0.00000E+00    0.48576E-02    0.00000E+00    0.50370E-02    0.00000E+00    0.10050E+00    0.00000E+00    0.98566E-01    0.00000E+00    0.10037E+00    0.00000E+00    0.73067E-01    0.00000E+00    0.69055E-01    0.00000E+00    0.72791E-01    0.00000E+00    0.97044E-03    0.90824E-03    0.96640E-03    0.00000E+00    0.97044E-02    0.00000E+00    0.90824E-02    0.00000E+00    0.96640E-02    0.17908E-01    0.13932E+00    0.16518E-01    0.13478E+00    0.17821E-01    0.13902E+00    0.16337E-01    0.12385E+00    0.14831E-01    0.12397E+00    0.16239E-01    0.12386E+00
440  0    0.16803E-02    0.16036E-02    0.16753E-02    0.96489E-03    0.71543E-02    0.94446E-03    0.65918E-02    0.96355E-03    0.71173E-02    0.46357E-01    0.11962E+00    0.45494E-01    0.11482E+00    0.46300E-01    0.11931E+00    0.26607E-01    0.94704E-01    0.24821E-01    0.93483E-01    0.26489E-01    0.94624E-01    0.45978E-02    0.42930E-02    0.45769E-02    0.45978E-02    0.00000E+00    0.42930E-02    0.00000E+00    0.45769E-02    0.00000E+00    0.95894E-01    0.00000E+00    0.92661E-01    0.00000E+00    0.95675E-01    0.00000E+00    0.69014E-01    0.00000E+00    0.64237E-01    0.00000E+00    0.68686E-01    0.00000E+00    0.90545E-03    0.84511E-03    0.90152E-03    0.00000E+00    0.90545E-02    0.00000E+00    0.84511E-02    0.00000E+00    0.90152E-02    0.16654E-01    0.13457E+00    0.15225E-01    0.13001E+00    0.16565E-01    0.13428E+00    0.15343E-01    0.11986E+00    0.13704E-01    0.11985E+00    0.15237E-01    0.11986E+00
460  0    0.15543E-02    0.16036E-02    0.15575E-02    0.89034E-03    0.66391E-02    0.98124E-03    0.62239E-02    0.89632E-03    0.66118E-02    0.44506E-01    0.11523E+00    0.46208E-01    0.11157E+00    0.44620E-01    0.11499E+00    0.25317E-01    0.90499E-01    0.24798E-01    0.90804E-01    0.25283E-01    0.90519E-01    0.42426E-02    0.44602E-02    0.42575E-02    0.42426E-02    0.00000E+00    0.44602E-02    0.00000E+00    0.42575E-02    0.00000E+00    0.92115E-01    0.00000E+00    0.94448E-01    0.00000E+00    0.92277E-01    0.00000E+00    0.65287E-01    0.00000E+00    0.65086E-01    0.00000E+00    0.65273E-01    0.00000E+00    0.84024E-03    0.79794E-03    0.83749E-03    0.00000E+00    0.84024E-02    0.00000E+00    0.79794E-02    0.00000E+00    0.83749E-02    0.15912E-01    0.12963E+00    0.14878E-01    0.12633E+00    0.15847E-01    0.12942E+00    0.14701E-01    0.11454E+00    0.13434E-01    0.11642E+00    0.14619E-01    0.11466E+00
480  0    0.14218E-02    0.14553E-02    0.14240E-02    0.81620E-03    0.60562E-02    0.88791E-03    0.56744E-02    0.82092E-03    0.60310E-02    0.42674E-01    0.11006E+00    0.44059E-01    0.10653E+00    0.42766E-01    0.10983E+00    0.24342E-01    0.86273E-01    0.23661E-01    0.87332E-01    0.24297E-01    0.86343E-01    0.38893E-02    0.40359E-02    0.38994E-02    0.38893E-02    0.00000E+00    0.40359E-02    0.00000E+00    0.38994E-02    0.00000E+00    0.88196E-01    0.00000E+00    0.89844E-01    0.00000E+00    0.88310E-01    0.00000E+00    0.61893E-01    0.00000E+00    0.60929E-01    0.00000E+00    0.61826E-01    0.00000E+00    0.76647E-03    0.72748E-03    0.76393E-03    0.00000E+00    0.76647E-02    0.00000E+00    0.72748E-02    0.00000E+00    0.76393E-02    0.15451E-01    0.12381E+00    0.14560E-01    0.12062E+00    0.15395E-01    0.12361E+00    0.14369E-01    0.10919E+00    0.13150E-01    0.11196E+00    0.14290E-01    0.10937E+00
500  0    0.12951E-02    0.13556E-02    0.12991E-02    0.74935E-03    0.54576E-02    0.86513E-03    0.49046E-02    0.75697E-03    0.54212E-02    0.40857E-01    0.10448E+00    0.43378E-01    0.99041E-01    0.41027E-01    0.10413E+00    0.23060E-01    0.81410E-01    0.23111E-01    0.81139E-01    0.23063E-01    0.81392E-01    0.35707E-02    0.39324E-02    0.35956E-02    0.35707E-02    0.00000E+00    0.39324E-02    0.00000E+00    0.35956E-02    0.00000E+00    0.84507E-01    0.00000E+00    0.88684E-01    0.00000E+00    0.84801E-01    0.00000E+00    0.58867E-01    0.00000E+00    0.60381E-01    0.00000E+00    0.58971E-01    0.00000E+00    0.69071E-03    0.62879E-03    0.68669E-03    0.00000E+00    0.69071E-02    0.00000E+00    0.62879E-02    0.00000E+00    0.68669E-02    0.14693E-01    0.11753E+00    0.13932E-01    0.11214E+00    0.14645E-01    0.11719E+00    0.13550E-01    0.10303E+00    0.12599E-01    0.10402E+00    0.13488E-01    0.10310E+00
520  0    0.11903E-02    0.11974E-02    0.11908E-02    0.68391E-03    0.50644E-02    0.74398E-03    0.45341E-02    0.68786E-03    0.50295E-02    0.39056E-01    0.10064E+00    0.40383E-01    0.95227E-01    0.39145E-01    0.10029E+00    0.22109E-01    0.78156E-01    0.22508E-01    0.78327E-01    0.22135E-01    0.78168E-01    0.32589E-02    0.33817E-02    0.32673E-02    0.32589E-02    0.00000E+00    0.33817E-02    0.00000E+00    0.32673E-02    0.00000E+00    0.80733E-01    0.00000E+00    0.82240E-01    0.00000E+00    0.80837E-01    0.00000E+00    0.56329E-01    0.00000E+00    0.58551E-01    0.00000E+00    0.56481E-01    0.00000E+00    0.64094E-03    0.58129E-03    0.63707E-03    0.00000E+00    0.64094E-02    0.00000E+00    0.58129E-02    0.00000E+00    0.63707E-02    0.14121E-01    0.11322E+00    0.13533E-01    0.10782E+00    0.14084E-01    0.11288E+00    0.13021E-01    0.98914E-01    0.12342E-01    0.10042E+00    0.12977E-01    0.99012E-01
540  0    0.11186E-02    0.10495E-02    0.11140E-02    0.62470E-03    0.49386E-02    0.63309E-03    0.41641E-02    0.62525E-03    0.48877E-02    0.37350E-01    0.99384E-01    0.37378E-01    0.91259E-01    0.37352E-01    0.98870E-01    0.21027E-01    0.77376E-01    0.20992E-01    0.74989E-01    0.21024E-01    0.77219E-01    0.29768E-02    0.28777E-02    0.29700E-02    0.29768E-02    0.00000E+00    0.28777E-02    0.00000E+00    0.29700E-02    0.00000E+00    0.77159E-01    0.00000E+00    0.75864E-01    0.00000E+00    0.77071E-01    0.00000E+00    0.53034E-01    0.00000E+00    0.53370E-01    0.00000E+00    0.53058E-01    0.00000E+00    0.62503E-03    0.53385E-03    0.61910E-03    0.00000E+00    0.62503E-02    0.00000E+00    0.53385E-02    0.00000E+00    0.61910E-02    0.13575E-01    0.11181E+00    0.12958E-01    0.10333E+00    0.13535E-01    0.11127E+00    0.12525E-01    0.97926E-01    0.11860E-01    0.96140E-01    0.12482E-01    0.97810E-01
560  0    0.10481E-02    0.98183E-03    0.10437E-02    0.59274E-03    0.45532E-02    0.59757E-03    0.38426E-02    0.59306E-03    0.45064E-02    0.36364E-01    0.95427E-01    0.36359E-01    0.87665E-01    0.36364E-01    0.94936E-01    0.20575E-01    0.74125E-01    0.19869E-01    0.72124E-01    0.20529E-01    0.73993E-01    0.28245E-02    0.27162E-02    0.28170E-02    0.28245E-02    0.00000E+00    0.27162E-02    0.00000E+00    0.28170E-02    0.00000E+00    0.75159E-01    0.00000E+00    0.73705E-01    0.00000E+00    0.75060E-01    0.00000E+00    0.52101E-01    0.00000E+00    0.48648E-01    0.00000E+00    0.51864E-01    0.00000E+00    0.57625E-03    0.49264E-03    0.57081E-03    0.00000E+00    0.57625E-02    0.00000E+00    0.49264E-02    0.00000E+00    0.57081E-02    0.13161E-01    0.10735E+00    0.12751E-01    0.99261E-01    0.13135E-01    0.10685E+00    0.12202E-01    0.93812E-01    0.11752E-01    0.92467E-01    0.12173E-01    0.93725E-01
580  0    0.97567E-03    0.91115E-03    0.97143E-03    0.54680E-03    0.42887E-02    0.54383E-03    0.36732E-02    0.54661E-03    0.42482E-02    0.34936E-01    0.92615E-01    0.34687E-01    0.85711E-01    0.34919E-01    0.92176E-01    0.19721E-01    0.72106E-01    0.19162E-01    0.70580E-01    0.19685E-01    0.72005E-01    0.26056E-02    0.24720E-02    0.25964E-02    0.26056E-02    0.00000E+00    0.24720E-02    0.00000E+00    0.25964E-02    0.00000E+00    0.72188E-01    0.00000E+00    0.70313E-01    0.00000E+00    0.72061E-01    0.00000E+00    0.49834E-01    0.00000E+00    0.47392E-01    0.00000E+00    0.49666E-01    0.00000E+00    0.54278E-03    0.47092E-03    0.53811E-03    0.00000E+00    0.54278E-02    0.00000E+00    0.47092E-02    0.00000E+00    0.53811E-02    0.12673E-01    0.10419E+00    0.12171E-01    0.97048E-01    0.12641E-01    0.10374E+00    0.11724E-01    0.91257E-01    0.11200E-01    0.90487E-01    0.11690E-01    0.91207E-01
600  0    0.89229E-03    0.82561E-03    0.88790E-03    0.49348E-03    0.39880E-02    0.48601E-03    0.33960E-02    0.49299E-03    0.39491E-02    0.33200E-01    0.89309E-01    0.32770E-01    0.82414E-01    0.33172E-01    0.88872E-01    0.18745E-01    0.69344E-01    0.18344E-01    0.67964E-01    0.18719E-01    0.69253E-01    0.23515E-02    0.22091E-02    0.23417E-02    0.23515E-02    0.00000E+00    0.22091E-02    0.00000E+00    0.23417E-02    0.00000E+00    0.68578E-01    0.00000E+00    0.66470E-01    0.00000E+00    0.68435E-01    0.00000E+00    0.47407E-01    0.00000E+00    0.46229E-01    0.00000E+00    0.47326E-01    0.00000E+00    0.50473E-03    0.43539E-03    0.50022E-03    0.00000E+00    0.50473E-02    0.00000E+00    0.43539E-02    0.00000E+00    0.50022E-02    0.12078E-01    0.10047E+00    0.11427E-01    0.93315E-01    0.12037E-01    0.10002E+00    0.11133E-01    0.87762E-01    0.10478E-01    0.87133E-01    0.11091E-01    0.87721E-01
620  0    0.82720E-03    0.75625E-03    0.82253E-03    0.45365E-03    0.37355E-02    0.42434E-03    0.33190E-02    0.45172E-03    0.37081E-02    0.31890E-01    0.86435E-01    0.30680E-01    0.81474E-01    0.31812E-01    0.86117E-01    0.18099E-01    0.67493E-01    0.17586E-01    0.66641E-01    0.18065E-01    0.67437E-01    0.21617E-02    0.19288E-02    0.21457E-02    0.21617E-02    0.00000E+00    0.19288E-02    0.00000E+00    0.21457E-02    0.00000E+00    0.65752E-01    0.00000E+00    0.62110E-01    0.00000E+00    0.65508E-01    0.00000E+00    0.45536E-01    0.00000E+00    0.45021E-01    0.00000E+00    0.45501E-01    0.00000E+00    0.47276E-03    0.42552E-03    0.46969E-03    0.00000E+00    0.47276E-02    0.00000E+00    0.42552E-02    0.00000E+00    0.46969E-02    0.11782E-01    0.97238E-01    0.10894E-01    0.92251E-01    0.11726E-01    0.96922E-01    0.10812E-01    0.85419E-01    0.98475E-02    0.85437E-01    0.10749E-01    0.85420E-01
640  0    0.77587E-03    0.69737E-03    0.77071E-03    0.43141E-03    0.34447E-02    0.39607E-03    0.30130E-02    0.42908E-03    0.34163E-02    0.31088E-01    0.83002E-01    0.29700E-01    0.77627E-01    0.30999E-01    0.82659E-01    0.17795E-01    0.64844E-01    0.17354E-01    0.63587E-01    0.17766E-01    0.64761E-01    0.20557E-02    0.18003E-02    0.20381E-02    0.20557E-02    0.00000E+00    0.18003E-02    0.00000E+00    0.20381E-02    0.00000E+00    0.64120E-01    0.00000E+00    0.60006E-01    0.00000E+00    0.63846E-01    0.00000E+00    0.45166E-01    0.00000E+00    0.44151E-01    0.00000E+00    0.45096E-01    0.00000E+00    0.43596E-03    0.38628E-03    0.43273E-03    0.00000E+00    0.43596E-02    0.00000E+00    0.38628E-02    0.00000E+00    0.43273E-02    0.11453E-01    0.93376E-01    0.10739E-01    0.87896E-01    0.11408E-01    0.93030E-01    0.10526E-01    0.82066E-01    0.97962E-02    0.81522E-01    0.10479E-01    0.82031E-01
660  0    0.72481E-03    0.66884E-03    0.72113E-03    0.40654E-03    0.31827E-02    0.39100E-03    0.27784E-02    0.40552E-03    0.31561E-02    0.30237E-01    0.79784E-01    0.29556E-01    0.74545E-01    0.30193E-01    0.79450E-01    0.17463E-01    0.62296E-01    0.17621E-01    0.60478E-01    0.17474E-01    0.62177E-01    0.19372E-02    0.17773E-02    0.19262E-02    0.19372E-02    0.00000E+00    0.17773E-02    0.00000E+00    0.19262E-02    0.00000E+00    0.62245E-01    0.00000E+00    0.59620E-01    0.00000E+00    0.62068E-01    0.00000E+00    0.44199E-01    0.00000E+00    0.45336E-01    0.00000E+00    0.44277E-01    0.00000E+00    0.40280E-03    0.35621E-03    0.39978E-03    0.00000E+00    0.40280E-02    0.00000E+00    0.35621E-02    0.00000E+00    0.39978E-02    0.11317E-01    0.89756E-01    0.10834E-01    0.84405E-01    0.11286E-01    0.89418E-01    0.10362E-01    0.78842E-01    0.98036E-02    0.77536E-01    0.10326E-01    0.78757E-01
680  0    0.67769E-03    0.61833E-03    0.67378E-03    0.38841E-03    0.28927E-02    0.35964E-03    0.25869E-02    0.38652E-03    0.28726E-02    0.29534E-01    0.76062E-01    0.28383E-01    0.71929E-01    0.29459E-01    0.75797E-01    0.17108E-01    0.59524E-01    0.17076E-01    0.58139E-01    0.17106E-01    0.59433E-01    0.18508E-02    0.16347E-02    0.18360E-02    0.18508E-02    0.00000E+00    0.16347E-02    0.00000E+00    0.18360E-02    0.00000E+00    0.60841E-01    0.00000E+00    0.57179E-01    0.00000E+00    0.60597E-01    0.00000E+00    0.43836E-01    0.00000E+00    0.44400E-01    0.00000E+00    0.43875E-01    0.00000E+00    0.36610E-03    0.33165E-03    0.36386E-03    0.00000E+00    0.36610E-02    0.00000E+00    0.33165E-02    0.00000E+00    0.36386E-02    0.10989E-01    0.85569E-01    0.10518E-01    0.81443E-01    0.10959E-01    0.85307E-01    0.10010E-01    0.75334E-01    0.93694E-02    0.74537E-01    0.99681E-02    0.75282E-01
700  0    0.63384E-03    0.57452E-03    0.62994E-03    0.35924E-03    0.27460E-02    0.32260E-03    0.25192E-02    0.35683E-03    0.27311E-02    0.28380E-01    0.74108E-01    0.27034E-01    0.70982E-01    0.28294E-01    0.73907E-01    0.16267E-01    0.58144E-01    0.16121E-01    0.56769E-01    0.16257E-01    0.58053E-01    0.17118E-02    0.14664E-02    0.16949E-02    0.17118E-02    0.00000E+00    0.14664E-02    0.00000E+00    0.16949E-02    0.00000E+00    0.58512E-01    0.00000E+00    0.54155E-01    0.00000E+00    0.58223E-01    0.00000E+00    0.41586E-01    0.00000E+00    0.40396E-01    0.00000E+00    0.41504E-01    0.00000E+00    0.34754E-03    0.32298E-03    0.34594E-03    0.00000E+00    0.34754E-02    0.00000E+00    0.32298E-02    0.00000E+00    0.34594E-02    0.10492E-01    0.83371E-01    0.10479E-01    0.80371E-01    0.10491E-01    0.83179E-01    0.95418E-02    0.73587E-01    0.92737E-02    0.72781E-01    0.95244E-02    0.73534E-01
720  1    0.59713E-03    0.57931E-03    0.59596E-03    0.33966E-03    0.25748E-02    0.34196E-03    0.23735E-02    0.33981E-03    0.25615E-02    0.27532E-01    0.71760E-01    0.27653E-01    0.68898E-01    0.27540E-01    0.71575E-01    0.15774E-01    0.56797E-01    0.16117E-01    0.55399E-01    0.15797E-01    0.56705E-01    0.16185E-02    0.15544E-02    0.16141E-02    0.16185E-02    0.00000E+00    0.15544E-02    0.00000E+00    0.16141E-02    0.00000E+00    0.56895E-01    0.00000E+00    0.55756E-01    0.00000E+00    0.56817E-01    0.00000E+00    0.40782E-01    0.00000E+00    0.40535E-01    0.00000E+00    0.40765E-01    0.00000E+00    0.32586E-03    0.30429E-03    0.32446E-03    0.00000E+00    0.32586E-02    0.00000E+00    0.30429E-02    0.00000E+00    0.32446E-02    0.99798E-02    0.80729E-01    0.10174E-01    0.78011E-01    0.99925E-02    0.80555E-01    0.91321E-02    0.71882E-01    0.92293E-02    0.71024E-01    0.91384E-02    0.71827E-01
740  0    0.56551E-03    0.54699E-03    0.56430E-03    0.31797E-03    0.24754E-02    0.32607E-03    0.22093E-02    0.31850E-03    0.24579E-02    0.26627E-01    0.70362E-01    0.26953E-01    0.66472E-01    0.26649E-01    0.70113E-01    0.15283E-01    0.55637E-01    0.15756E-01    0.53535E-01    0.15314E-01    0.55499E-01    0.15152E-02    0.14821E-02    0.15129E-02    0.15152E-02    0.00000E+00    0.14821E-02    0.00000E+00    0.15129E-02    0.00000E+00    0.55048E-01    0.00000E+00    0.54445E-01    0.00000E+00    0.55007E-01    0.00000E+00    0.39566E-01    0.00000E+00    0.39912E-01    0.00000E+00    0.39590E-01    0.00000E+00    0.31329E-03    0.28324E-03    0.31134E-03    0.00000E+00    0.31329E-02    0.00000E+00    0.28324E-02    0.00000E+00    0.31134E-02    0.96162E-02    0.79157E-01    0.97604E-02    0.75265E-01    0.96256E-02    0.78910E-01    0.88336E-02    0.70414E-01    0.89427E-02    0.68635E-01    0.88407E-02    0.70299E-01
760  0    0.54138E-03    0.53776E-03    0.54114E-03    0.30463E-03    0.23675E-02    0.31484E-03    0.22292E-02    0.30531E-03    0.23584E-02    0.26088E-01    0.68811E-01    0.26445E-01    0.66772E-01    0.26112E-01    0.68678E-01    0.15031E-01    0.54120E-01    0.15581E-01    0.53300E-01    0.15067E-01    0.54066E-01    0.14516E-02    0.14311E-02    0.14502E-02    0.14516E-02    0.00000E+00    0.14311E-02    0.00000E+00    0.14502E-02    0.00000E+00    0.53882E-01    0.00000E+00    0.53499E-01    0.00000E+00    0.53855E-01    0.00000E+00    0.38743E-01    0.00000E+00    0.40175E-01    0.00000E+00    0.38841E-01    0.00000E+00    0.29962E-03    0.28580E-03    0.29873E-03    0.00000E+00    0.29962E-02    0.00000E+00    0.28580E-02    0.00000E+00    0.29873E-02    0.95012E-02    0.77411E-01    0.94490E-02    0.75604E-01    0.94978E-02    0.77295E-01    0.87328E-02    0.68494E-01    0.86440E-02    0.68334E-01    0.87270E-02    0.68484E-01
780  0    0.50740E-03    0.48794E-03    0.50612E-03    0.28475E-03    0.22265E-02    0.27569E-03    0.21226E-02    0.28416E-03    0.22196E-02    0.25246E-01    0.66730E-01    0.24796E-01    0.65155E-01    0.25216E-01    0.66628E-01    0.14562E-01    0.52146E-01    0.15063E-01    0.51202E-01    0.14595E-01    0.52084E-01    0.13569E-02    0.12531E-02    0.13498E-02    0.13569E-02    0.00000E+00    0.12531E-02    0.00000E+00    0.13498E-02    0.00000E+00    0.52094E-01    0.00000E+00    0.50062E-01    0.00000E+00    0.51957E-01    0.00000E+00    0.37258E-01    0.00000E+00    0.39372E-01    0.00000E+00    0.37403E-01    0.00000E+00    0.28178E-03    0.27212E-03    0.28115E-03    0.00000E+00    0.28178E-02    0.00000E+00    0.27212E-02    0.00000E+00    0.28115E-02    0.92653E-02    0.75071E-01    0.90215E-02    0.73773E-01    0.92496E-02    0.74987E-01    0.85339E-02    0.65996E-01    0.82060E-02    0.65643E-01    0.85126E-02    0.65973E-01
800  0    0.48187E-03    0.46774E-03    0.48094E-03    0.27319E-03    0.20868E-02    0.26760E-03    0.20014E-02    0.27282E-03    0.20812E-02    0.24636E-01    0.64604E-01    0.24369E-01    0.63267E-01    0.24618E-01    0.64517E-01    0.14002E-01    0.50119E-01    0.14966E-01    0.49280E-01    0.14065E-01    0.50064E-01    0.13018E-02    0.12164E-02    0.12959E-02    0.13018E-02    0.00000E+00    0.12164E-02    0.00000E+00    0.12959E-02    0.00000E+00    0.51025E-01    0.00000E+00    0.49323E-01    0.00000E+00    0.50910E-01    0.00000E+00    0.36393E-01    0.00000E+00    0.39587E-01    0.00000E+00    0.36613E-01    0.00000E+00    0.26411E-03    0.25659E-03    0.26362E-03    0.00000E+00    0.26411E-02    0.00000E+00    0.25659E-02    0.00000E+00    0.26362E-02    0.87541E-02    0.72679E-01    0.86694E-02    0.71636E-01    0.87486E-02    0.72611E-01    0.80547E-02    0.63430E-01    0.80213E-02    0.63180E-01    0.80526E-02    0.63414E-01
820  0    0.46200E-03    0.44885E-03    0.46113E-03    0.26079E-03    0.20121E-02    0.25197E-03    0.19688E-02    0.26021E-03    0.20092E-02    0.24129E-01    0.63436E-01    0.23769E-01    0.62751E-01    0.24106E-01    0.63391E-01    0.13826E-01    0.49299E-01    0.14909E-01    0.48688E-01    0.13898E-01    0.49259E-01    0.12427E-02    0.11453E-02    0.12360E-02    0.12427E-02    0.00000E+00    0.11453E-02    0.00000E+00    0.12360E-02    0.00000E+00    0.49854E-01    0.00000E+00    0.47860E-01    0.00000E+00    0.49719E-01    0.00000E+00    0.35479E-01    0.00000E+00    0.38692E-01    0.00000E+00    0.35700E-01    0.00000E+00    0.25465E-03    0.25241E-03    0.25450E-03    0.00000E+00    0.25465E-02    0.00000E+00    0.25241E-02    0.00000E+00    0.25450E-02    0.87614E-02    0.71365E-01    0.88459E-02    0.71051E-01    0.87669E-02    0.71345E-01    0.80754E-02    0.62392E-01    0.82014E-02    0.62421E-01    0.80836E-02    0.62394E-01
840  0    0.44349E-03    0.42258E-03    0.44211E-03    0.24690E-03    0.19659E-02    0.22763E-03    0.19495E-02    0.24563E-03    0.19648E-02    0.23474E-01    0.62704E-01    0.22634E-01    0.62442E-01    0.23419E-01    0.62687E-01    0.13388E-01    0.48687E-01    0.14041E-01    0.48428E-01    0.13431E-01    0.48670E-01    0.11765E-02    0.10347E-02    0.11667E-02    0.11765E-02    0.00000E+00    0.10347E-02    0.00000E+00    0.11667E-02    0.00000E+00    0.48507E-01    0.00000E+00    0.45490E-01    0.00000E+00    0.48306E-01    0.00000E+00    0.34396E-01    0.00000E+00    0.36011E-01    0.00000E+00    0.34507E-01    0.00000E+00    0.24880E-03    0.24993E-03    0.24888E-03    0.00000E+00    0.24880E-02    0.00000E+00    0.24993E-02    0.00000E+00    0.24888E-02    0.85102E-02    0.70541E-01    0.85509E-02    0.70701E-01    0.85129E-02    0.70552E-01    0.78087E-02    0.61618E-01    0.78441E-02    0.62088E-01    0.78110E-02    0.61649E-01
860  0    0.42439E-03    0.40797E-03    0.42331E-03    0.23508E-03    0.18930E-02    0.22153E-03    0.18643E-02    0.23419E-03    0.18912E-02    0.22939E-01    0.61531E-01    0.22387E-01    0.61062E-01    0.22904E-01    0.61501E-01    0.13199E-01    0.48050E-01    0.13834E-01    0.47642E-01    0.13241E-01    0.48023E-01    0.11202E-02    0.10070E-02    0.11124E-02    0.11202E-02    0.00000E+00    0.10070E-02    0.00000E+00    0.11124E-02    0.00000E+00    0.47333E-01    0.00000E+00    0.44877E-01    0.00000E+00    0.47168E-01    0.00000E+00    0.33833E-01    0.00000E+00    0.34775E-01    0.00000E+00    0.33898E-01    0.00000E+00    0.23958E-03    0.23901E-03    0.23955E-03    0.00000E+00    0.23958E-02    0.00000E+00    0.23901E-02    0.00000E+00    0.23955E-02    0.84230E-02    0.69222E-01    0.86311E-02    0.69140E-01    0.84367E-02    0.69217E-01    0.77183E-02    0.60812E-01    0.79272E-02    0.61080E-01    0.77319E-02    0.60830E-01
880  0    0.40236E-03    0.38895E-03    0.40148E-03    0.21963E-03    0.18273E-02    0.21184E-03    0.17711E-02    0.21912E-03    0.18236E-02    0.22217E-01    0.60453E-01    0.21897E-01    0.59516E-01    0.22196E-01    0.60392E-01    0.12821E-01    0.47360E-01    0.13502E-01    0.46788E-01    0.12866E-01    0.47323E-01    0.10466E-02    0.96291E-03    0.10408E-02    0.10466E-02    0.00000E+00    0.96291E-03    0.00000E+00    0.10408E-02    0.00000E+00    0.45751E-01    0.00000E+00    0.43884E-01    0.00000E+00    0.45625E-01    0.00000E+00    0.32501E-01    0.00000E+00    0.33851E-01    0.00000E+00    0.32594E-01    0.00000E+00    0.23126E-03    0.22706E-03    0.23099E-03    0.00000E+00    0.23126E-02    0.00000E+00    0.22706E-02    0.00000E+00    0.23099E-02    0.82929E-02    0.68009E-01    0.84565E-02    0.67389E-01    0.83036E-02    0.67969E-01    0.75945E-02    0.59939E-01    0.77628E-02    0.59984E-01    0.76054E-02    0.59942E-01
900  0    0.37931E-03    0.36724E-03    0.37851E-03    0.20729E-03    0.17202E-02    0.20408E-03    0.16316E-02    0.20708E-03    0.17143E-02    0.21456E-01    0.58654E-01    0.21349E-01    0.57125E-01    0.21449E-01    0.58555E-01    0.12043E-01    0.45551E-01    0.12667E-01    0.44759E-01    0.12084E-01    0.45499E-01    0.98776E-03    0.92765E-03    0.98363E-03    0.98776E-03    0.00000E+00    0.92765E-03    0.00000E+00    0.98363E-03    0.00000E+00    0.44447E-01    0.00000E+00    0.43073E-01    0.00000E+00    0.44354E-01    0.00000E+00    0.31108E-01    0.00000E+00    0.32025E-01    0.00000E+00    0.31171E-01    0.00000E+00    0.21770E-03    0.20918E-03    0.21715E-03    0.00000E+00    0.21770E-02    0.00000E+00    0.20918E-02    0.00000E+00    0.21715E-02    0.76118E-02    0.65986E-01    0.78129E-02    0.64681E-01    0.76250E-02    0.65902E-01    0.69790E-02    0.57650E-01    0.72067E-02    0.57383E-01    0.69938E-02    0.57632E-01
920  0    0.36344E-03    0.36504E-03    0.36354E-03    0.19733E-03    0.16610E-02    0.20978E-03    0.15526E-02    0.19815E-03    0.16539E-02    0.20970E-01    0.57638E-01    0.21597E-01    0.55723E-01    0.21012E-01    0.57514E-01    0.11739E-01    0.44536E-01    0.12325E-01    0.43471E-01    0.11777E-01    0.44466E-01    0.94030E-03    0.95356E-03    0.94121E-03    0.94030E-03    0.00000E+00    0.95356E-03    0.00000E+00    0.94121E-03    0.00000E+00    0.43366E-01    0.00000E+00    0.43671E-01    0.00000E+00    0.43387E-01    0.00000E+00    0.29943E-01    0.00000E+00    0.31232E-01    0.00000E+00    0.30031E-01    0.00000E+00    0.21022E-03    0.19905E-03    0.20950E-03    0.00000E+00    0.21022E-02    0.00000E+00    0.19905E-02    0.00000E+00    0.20950E-02    0.75538E-02    0.64842E-01    0.77513E-02    0.63094E-01    0.75668E-02    0.64729E-01    0.69039E-02    0.56364E-01    0.69925E-02    0.55732E-01    0.69097E-02    0.56323E-01
940  0    0.34795E-03    0.33394E-03    0.34703E-03    0.18850E-03    0.15945E-02    0.18428E-03    0.14966E-02    0.18822E-03    0.15881E-02    0.20478E-01    0.56472E-01    0.20318E-01    0.54710E-01    0.20467E-01    0.56358E-01    0.11518E-01    0.43830E-01    0.11992E-01    0.42658E-01    0.11549E-01    0.43753E-01    0.89821E-03    0.83763E-03    0.89405E-03    0.89821E-03    0.00000E+00    0.83763E-03    0.00000E+00    0.89405E-03    0.00000E+00    0.42384E-01    0.00000E+00    0.40930E-01    0.00000E+00    0.42286E-01    0.00000E+00    0.29752E-01    0.00000E+00    0.30199E-01    0.00000E+00    0.29783E-01    0.00000E+00    0.20181E-03    0.19187E-03    0.20116E-03    0.00000E+00    0.20181E-02    0.00000E+00    0.19187E-02    0.00000E+00    0.20116E-02    0.73203E-02    0.63530E-01    0.75315E-02    0.61947E-01    0.73343E-02    0.63429E-01    0.66753E-02    0.55471E-01    0.68564E-02    0.54689E-01    0.66871E-02    0.55420E-01
960  0    0.33696E-03    0.32470E-03    0.33615E-03    0.18133E-03    0.15563E-02    0.17875E-03    0.14596E-02    0.18116E-03    0.15499E-02    0.20132E-01    0.55791E-01    0.20081E-01    0.54029E-01    0.20129E-01    0.55676E-01    0.11475E-01    0.43330E-01    0.12055E-01    0.42395E-01    0.11514E-01    0.43269E-01    0.86405E-03    0.81249E-03    0.86051E-03    0.86405E-03    0.00000E+00    0.81249E-03    0.00000E+00    0.86051E-03    0.00000E+00    0.41570E-01    0.00000E+00    0.40311E-01    0.00000E+00    0.41485E-01    0.00000E+00    0.29555E-01    0.00000E+00    0.30281E-01    0.00000E+00    0.29605E-01    0.00000E+00    0.19696E-03    0.18712E-03    0.19632E-03    0.00000E+00    0.19696E-02    0.00000E+00    0.18712E-02    0.00000E+00    0.19632E-02    0.73458E-02    0.62764E-01    0.76573E-02    0.61176E-01    0.73665E-02    0.62662E-01    0.66734E-02    0.54839E-01    0.69149E-02    0.54353E-01    0.66891E-02    0.54807E-01
980  0    0.32606E-03    0.30616E-03    0.32475E-03    0.17599E-03    0.15007E-02    0.16403E-03    0.14213E-02    0.17520E-03    0.14955E-02    0.19790E-01    0.54785E-01    0.19275E-01    0.53316E-01    0.19757E-01    0.54690E-01    0.11193E-01    0.42589E-01    0.11640E-01    0.42197E-01    0.11222E-01    0.42563E-01    0.83861E-03    0.74558E-03    0.83222E-03    0.83861E-03    0.00000E+00    0.74558E-03    0.00000E+00    0.83222E-03    0.00000E+00    0.40954E-01    0.00000E+00    0.38615E-01    0.00000E+00    0.40797E-01    0.00000E+00    0.29103E-01    0.00000E+00    0.28946E-01    0.00000E+00    0.29092E-01    0.00000E+00    0.18993E-03    0.18222E-03    0.18943E-03    0.00000E+00    0.18993E-02    0.00000E+00    0.18222E-02    0.00000E+00    0.18943E-02    0.70855E-02    0.61633E-01    0.74647E-02    0.60369E-01    0.71108E-02    0.61551E-01    0.64362E-02    0.53900E-01    0.67582E-02    0.54098E-01    0.64571E-02    0.53913E-01
1000  0    0.31698E-03    0.30209E-03    0.31600E-03    0.17057E-03    0.14641E-02    0.16196E-03    0.14014E-02    0.17000E-03    0.14600E-02    0.19540E-01    0.54113E-01    0.19189E-01    0.52941E-01    0.19517E-01    0.54037E-01    0.11211E-01    0.42053E-01    0.11588E-01    0.42243E-01    0.11235E-01    0.42065E-01    0.81279E-03    0.73617E-03    0.80752E-03    0.81279E-03    0.00000E+00    0.73617E-03    0.00000E+00    0.80752E-03    0.00000E+00    0.40318E-01    0.00000E+00    0.38371E-01    0.00000E+00    0.40188E-01    0.00000E+00    0.28961E-01    0.00000E+00    0.28719E-01    0.00000E+00    0.28945E-01    0.00000E+00    0.18530E-03    0.17966E-03    0.18493E-03    0.00000E+00    0.18530E-02    0.00000E+00    0.17966E-02    0.00000E+00    0.18493E-02    0.71749E-02    0.60877E-01    0.75379E-02    0.59944E-01    0.71990E-02    0.60817E-01    0.64961E-02    0.53222E-01    0.67560E-02    0.54157E-01    0.65130E-02    0.53282E-01
1020  0    0.30835E-03    0.28590E-03    0.30687E-03    0.16423E-03    0.14412E-02    0.14885E-03    0.13706E-02    0.16322E-03    0.14365E-02    0.19180E-01    0.53688E-01    0.18467E-01    0.52356E-01    0.19134E-01    0.53601E-01    0.11026E-01    0.41623E-01    0.11501E-01    0.42021E-01    0.11057E-01    0.41649E-01    0.78258E-03    0.67658E-03    0.77530E-03    0.78258E-03    0.00000E+00    0.67658E-03    0.00000E+00    0.77530E-03    0.00000E+00    0.39562E-01    0.00000E+00    0.36785E-01    0.00000E+00    0.39378E-01    0.00000E+00    0.28543E-01    0.00000E+00    0.28482E-01    0.00000E+00    0.28539E-01    0.00000E+00    0.18240E-03    0.17571E-03    0.18196E-03    0.00000E+00    0.18240E-02    0.00000E+00    0.17571E-02    0.00000E+00    0.18196E-02    0.70609E-02    0.60398E-01    0.74543E-02    0.59281E-01    0.70872E-02    0.60326E-01    0.63736E-02    0.52678E-01    0.67115E-02    0.53873E-01    0.63956E-02    0.52756E-01
1040  0    0.29718E-03    0.27197E-03    0.29552E-03    0.15702E-03    0.14016E-02    0.13703E-03    0.13494E-02    0.15570E-03    0.13982E-02    0.18743E-01    0.52946E-01    0.17739E-01    0.51949E-01    0.18679E-01    0.52881E-01    0.10719E-01    0.40927E-01    0.11088E-01    0.41733E-01    0.10743E-01    0.40980E-01    0.74821E-03    0.62286E-03    0.73959E-03    0.74821E-03    0.00000E+00    0.62286E-03    0.00000E+00    0.73959E-03    0.00000E+00    0.38684E-01    0.00000E+00    0.35295E-01    0.00000E+00    0.38460E-01    0.00000E+00    0.27883E-01    0.00000E+00    0.27345E-01    0.00000E+00    0.27846E-01    0.00000E+00    0.17739E-03    0.17300E-03    0.17711E-03    0.00000E+00    0.17739E-02    0.00000E+00    0.17300E-02    0.00000E+00    0.17711E-02    0.68670E-02    0.59564E-01    0.72174E-02    0.58821E-01    0.68903E-02    0.59516E-01    0.61597E-02    0.51797E-01    0.65021E-02    0.53504E-01    0.61820E-02    0.51908E-01
1060  1    0.28889E-03    0.28067E-03    0.28835E-03    0.15229E-03    0.13660E-02    0.14721E-03    0.13345E-02    0.15195E-03    0.13639E-02    0.18480E-01    0.52269E-01    0.18312E-01    0.51662E-01    0.18469E-01    0.52229E-01    0.10625E-01    0.40352E-01    0.11187E-01    0.41463E-01    0.10662E-01    0.40425E-01    0.72567E-03    0.66916E-03    0.72178E-03    0.72567E-03    0.00000E+00    0.66916E-03    0.00000E+00    0.72178E-03    0.00000E+00    0.38096E-01    0.00000E+00    0.36583E-01    0.00000E+00    0.37994E-01    0.00000E+00    0.27574E-01    0.00000E+00    0.27777E-01    0.00000E+00    0.27588E-01    0.00000E+00    0.17288E-03    0.17109E-03    0.17277E-03    0.00000E+00    0.17288E-02    0.00000E+00    0.17109E-02    0.00000E+00    0.17277E-02    0.68383E-02    0.58802E-01    0.72427E-02    0.58496E-01    0.68653E-02    0.58782E-01    0.61236E-02    0.51069E-01    0.65076E-02    0.53158E-01    0.61486E-02    0.51205E-01
1080  2    0.28270E-03    0.28452E-03    0.28282E-03    0.14924E-03    0.13346E-02    0.15196E-03    0.13256E-02    0.14942E-03    0.13340E-02    0.18305E-01    0.51664E-01    0.18565E-01    0.51490E-01    0.18322E-01    0.51653E-01    0.10593E-01    0.39905E-01    0.11286E-01    0.41693E-01    0.10638E-01    0.40022E-01    0.71116E-03    0.69074E-03    0.70975E-03    0.71116E-03    0.00000E+00    0.69074E-03    0.00000E+00    0.70975E-03    0.00000E+00    0.37714E-01    0.00000E+00    0.37168E-01    0.00000E+00    0.37676E-01    0.00000E+00    0.27579E-01    0.00000E+00    0.28150E-01    0.00000E+00    0.27618E-01    0.00000E+00    0.16891E-03    0.16995E-03    0.16898E-03    0.00000E+00    0.16891E-02    0.00000E+00    0.16995E-02    0.00000E+00    0.16898E-02    0.68043E-02    0.58122E-01    0.72265E-02    0.58301E-01    0.68326E-02    0.58133E-01    0.60813E-02    0.50503E-01    0.65301E-02    0.53452E-01    0.61105E-02    0.50695E-01
1100  3    0.27568E-03    0.27496E-03    0.27563E-03    0.14613E-03    0.12955E-02    0.14737E-03    0.12760E-02    0.14621E-03    0.12942E-02    0.18116E-01    0.50902E-01    0.18282E-01    0.50517E-01    0.18127E-01    0.50877E-01    0.10442E-01    0.39263E-01    0.11059E-01    0.40975E-01    0.10483E-01    0.39376E-01    0.69630E-03    0.66984E-03    0.69449E-03    0.69630E-03    0.00000E+00    0.66984E-03    0.00000E+00    0.69449E-03    0.00000E+00    0.37318E-01    0.00000E+00    0.36602E-01    0.00000E+00    0.37269E-01    0.00000E+00    0.27121E-01    0.00000E+00    0.27809E-01    0.00000E+00    0.27168E-01    0.00000E+00    0.16396E-03    0.16359E-03    0.16393E-03    0.00000E+00    0.16396E-02    0.00000E+00    0.16359E-02    0.00000E+00    0.16393E-02    0.67452E-02    0.57264E-01    0.71171E-02    0.57199E-01    0.67700E-02    0.57260E-01    0.60121E-02    0.49691E-01    0.63352E-02    0.52533E-01    0.60331E-02    0.49876E-01
1120  4    0.26777E-03    0.27352E-03    0.26814E-03    0.14298E-03    0.12479E-02    0.15289E-03    0.12062E-02    0.14363E-03    0.12451E-02    0.17924E-01    0.49958E-01    0.18570E-01    0.49117E-01    0.17967E-01    0.49903E-01    0.10309E-01    0.38500E-01    0.11037E-01    0.39822E-01    0.10357E-01    0.38587E-01    0.68130E-03    0.69498E-03    0.68224E-03    0.68130E-03    0.00000E+00    0.69498E-03    0.00000E+00    0.68224E-03    0.00000E+00    0.36913E-01    0.00000E+00    0.37282E-01    0.00000E+00    0.36939E-01    0.00000E+00    0.26699E-01    0.00000E+00    0.27980E-01    0.00000E+00    0.26787E-01    0.00000E+00    0.15793E-03    0.15465E-03    0.15772E-03    0.00000E+00    0.15793E-02    0.00000E+00    0.15465E-02    0.00000E+00    0.15772E-02    0.66855E-02    0.56202E-01    0.70772E-02    0.55614E-01    0.67117E-02    0.56164E-01    0.59558E-02    0.48725E-01    0.62586E-02    0.51054E-01    0.59755E-02    0.48877E-01
1140  0    0.26265E-03    0.25661E-03    0.26225E-03    0.14108E-03    0.12156E-02    0.13935E-03    0.11726E-02    0.14097E-03    0.12128E-02    0.17827E-01    0.49308E-01    0.17843E-01    0.48426E-01    0.17828E-01    0.49251E-01    0.10286E-01    0.37958E-01    0.10885E-01    0.39405E-01    0.10325E-01    0.38054E-01    0.67227E-03    0.63343E-03    0.66960E-03    0.67227E-03    0.00000E+00    0.63343E-03    0.00000E+00    0.66960E-03    0.00000E+00    0.36668E-01    0.00000E+00    0.35593E-01    0.00000E+00    0.36595E-01    0.00000E+00    0.26636E-01    0.00000E+00    0.27236E-01    0.00000E+00    0.26678E-01    0.00000E+00    0.15385E-03    0.15033E-03    0.15362E-03    0.00000E+00    0.15385E-02    0.00000E+00    0.15033E-02    0.00000E+00    0.15362E-02    0.67157E-02    0.55471E-01    0.71302E-02    0.54832E-01    0.67434E-02    0.55430E-01    0.59434E-02    0.48040E-01    0.62732E-02    0.50520E-01    0.59649E-02    0.48201E-01
1160  1    0.25726E-03    0.25804E-03    0.25731E-03    0.13862E-03    0.11864E-02    0.14207E-03    0.11597E-02    0.13885E-03    0.11847E-02    0.17710E-01    0.48712E-01    0.18000E-01    0.48160E-01    0.17729E-01    0.48676E-01    0.10372E-01    0.37540E-01    0.11071E-01    0.39221E-01    0.10418E-01    0.37651E-01    0.66054E-03    0.64575E-03    0.65952E-03    0.66054E-03    0.00000E+00    0.64575E-03    0.00000E+00    0.65952E-03    0.00000E+00    0.36347E-01    0.00000E+00    0.35937E-01    0.00000E+00    0.36319E-01    0.00000E+00    0.26814E-01    0.00000E+00    0.28126E-01    0.00000E+00    0.26904E-01    0.00000E+00    0.15015E-03    0.14868E-03    0.15006E-03    0.00000E+00    0.15015E-02    0.00000E+00    0.14868E-02    0.00000E+00    0.15006E-02    0.67879E-02    0.54800E-01    0.71498E-02    0.54531E-01    0.68120E-02    0.54783E-01    0.60056E-02    0.47511E-01    0.62605E-02    0.50283E-01    0.60221E-02    0.47691E-01
1180  0    0.25194E-03    0.25411E-03    0.25209E-03    0.13658E-03    0.11537E-02    0.14049E-03    0.11362E-02    0.13683E-03    0.11525E-02    0.17600E-01    0.48035E-01    0.17915E-01    0.47671E-01    0.17621E-01    0.48011E-01    0.10319E-01    0.36898E-01    0.11020E-01    0.38616E-01    0.10366E-01    0.37011E-01    0.65079E-03    0.63859E-03    0.64996E-03    0.65079E-03    0.00000E+00    0.63859E-03    0.00000E+00    0.64996E-03    0.00000E+00    0.36078E-01    0.00000E+00    0.35738E-01    0.00000E+00    0.36054E-01    0.00000E+00    0.26565E-01    0.00000E+00    0.27975E-01    0.00000E+00    0.26662E-01    0.00000E+00    0.14601E-03    0.14567E-03    0.14599E-03    0.00000E+00    0.14601E-02    0.00000E+00    0.14567E-02    0.00000E+00    0.14599E-02    0.68073E-02    0.54039E-01    0.71598E-02    0.53976E-01    0.68307E-02    0.54035E-01    0.60046E-02    0.46698E-01    0.62384E-02    0.49507E-01    0.60198E-02    0.46881E-01
1200  0    0.24652E-03    0.24011E-03    0.24609E-03    0.13394E-03    0.11257E-02    0.12796E-03    0.11215E-02    0.13355E-03    0.11255E-02    0.17378E-01    0.47450E-01    0.17117E-01    0.47361E-01    0.17361E-01    0.47444E-01    0.10083E-01    0.36298E-01    0.10592E-01    0.38238E-01    0.10116E-01    0.36425E-01    0.63824E-03    0.58163E-03    0.63435E-03    0.63824E-03    0.00000E+00    0.58163E-03    0.00000E+00    0.63435E-03    0.00000E+00    0.35728E-01    0.00000E+00    0.34107E-01    0.00000E+00    0.35619E-01    0.00000E+00    0.26270E-01    0.00000E+00    0.26955E-01    0.00000E+00    0.26317E-01    0.00000E+00    0.14247E-03    0.14379E-03    0.14256E-03    0.00000E+00    0.14247E-02    0.00000E+00    0.14379E-02    0.00000E+00    0.14256E-02    0.65719E-02    0.53381E-01    0.68936E-02    0.53626E-01    0.65933E-02    0.53397E-01    0.57837E-02    0.45938E-01    0.59763E-02    0.49023E-01    0.57962E-02    0.46139E-01
1220  0    0.23957E-03    0.22994E-03    0.23894E-03    0.13085E-03    0.10872E-02    0.12326E-03    0.10668E-02    0.13035E-03    0.10859E-02    0.17149E-01    0.46631E-01    0.16803E-01    0.46192E-01    0.17126E-01    0.46602E-01    0.99667E-02    0.35539E-01    0.10420E-01    0.37040E-01    0.99966E-02    0.35638E-01    0.62353E-03    0.56027E-03    0.61918E-03    0.62353E-03    0.00000E+00    0.56027E-03    0.00000E+00    0.61918E-03    0.00000E+00    0.35314E-01    0.00000E+00    0.33474E-01    0.00000E+00    0.35190E-01    0.00000E+00    0.26232E-01    0.00000E+00    0.26395E-01    0.00000E+00    0.26243E-01    0.00000E+00    0.13760E-03    0.13677E-03    0.13754E-03    0.00000E+00    0.13760E-02    0.00000E+00    0.13677E-02    0.00000E+00    0.13754E-02    0.64010E-02    0.52459E-01    0.67776E-02    0.52302E-01    0.64262E-02    0.52449E-01    0.56467E-02    0.44978E-01    0.59149E-02    0.47487E-01    0.56641E-02    0.45142E-01
1240  0    0.23301E-03    0.22814E-03    0.23269E-03    0.12651E-03    0.10650E-02    0.12503E-03    0.10311E-02    0.12641E-03    0.10628E-02    0.16859E-01    0.46153E-01    0.16845E-01    0.45411E-01    0.16858E-01    0.46104E-01    0.98146E-02    0.35150E-01    0.10270E-01    0.36398E-01    0.98446E-02    0.35232E-01    0.60282E-03    0.56832E-03    0.60045E-03    0.60282E-03    0.00000E+00    0.56832E-03    0.00000E+00    0.60045E-03    0.00000E+00    0.34722E-01    0.00000E+00    0.33714E-01    0.00000E+00    0.34654E-01    0.00000E+00    0.25884E-01    0.00000E+00    0.26265E-01    0.00000E+00    0.25910E-01    0.00000E+00    0.13479E-03    0.13219E-03    0.13462E-03    0.00000E+00    0.13479E-02    0.00000E+00    0.13219E-02    0.00000E+00    0.13462E-02    0.62854E-02    0.51921E-01    0.65733E-02    0.51418E-01    0.63045E-02    0.51889E-01    0.55467E-02    0.44486E-01    0.57581E-02    0.46664E-01    0.55604E-02    0.44627E-01
1260  0    0.22655E-03    0.22592E-03    0.22651E-03    0.12211E-03    0.10445E-02    0.12445E-03    0.10148E-02    0.12226E-03    0.10425E-02    0.16558E-01    0.45705E-01    0.16780E-01    0.45051E-01    0.16573E-01    0.45662E-01    0.95681E-02    0.34689E-01    0.10050E-01    0.36149E-01    0.95998E-02    0.34785E-01    0.58186E-03    0.56566E-03    0.58075E-03    0.58186E-03    0.00000E+00    0.56566E-03    0.00000E+00    0.58075E-03    0.00000E+00    0.34113E-01    0.00000E+00    0.33635E-01    0.00000E+00    0.34081E-01    0.00000E+00    0.25224E-01    0.00000E+00    0.25481E-01    0.00000E+00    0.25242E-01    0.00000E+00    0.13219E-03    0.13010E-03    0.13205E-03    0.00000E+00    0.13219E-02    0.00000E+00    0.13010E-02    0.00000E+00    0.13205E-02    0.61565E-02    0.51417E-01    0.64714E-02    0.51010E-01    0.61775E-02    0.51391E-01    0.54099E-02    0.43902E-01    0.56975E-02    0.46345E-01    0.54286E-02    0.44061E-01
1280  0    0.22186E-03    0.22413E-03    0.22201E-03    0.11962E-03    0.10224E-02    0.12381E-03    0.10032E-02    0.11990E-03    0.10211E-02    0.16392E-01    0.45219E-01    0.16723E-01    0.44793E-01    0.16414E-01    0.45191E-01    0.94983E-02    0.34276E-01    0.99939E-02    0.35842E-01    0.95309E-02    0.34379E-01    0.57001E-03    0.56276E-03    0.56951E-03    0.57001E-03    0.00000E+00    0.56276E-03    0.00000E+00    0.56951E-03    0.00000E+00    0.33764E-01    0.00000E+00    0.33549E-01    0.00000E+00    0.33749E-01    0.00000E+00    0.24971E-01    0.00000E+00    0.25197E-01    0.00000E+00    0.24986E-01    0.00000E+00    0.12939E-03    0.12862E-03    0.12934E-03    0.00000E+00    0.12939E-02    0.00000E+00    0.12862E-02    0.00000E+00    0.12934E-02    0.61068E-02    0.50871E-01    0.64084E-02    0.50718E-01    0.61268E-02    0.50861E-01    0.53889E-02    0.43380E-01    0.57058E-02    0.45951E-01    0.54095E-02    0.43547E-01
1300  0    0.21579E-03    0.21358E-03    0.21564E-03    0.11500E-03    0.10079E-02    0.11468E-03    0.98906E-03    0.11498E-03    0.10066E-02    0.16098E-01    0.44897E-01    0.16122E-01    0.44476E-01    0.16100E-01    0.44870E-01    0.93378E-02    0.33990E-01    0.95719E-02    0.35655E-01    0.93532E-02    0.34099E-01    0.54799E-03    0.52126E-03    0.54615E-03    0.54799E-03    0.00000E+00    0.52126E-03    0.00000E+00    0.54615E-03    0.00000E+00    0.33106E-01    0.00000E+00    0.32288E-01    0.00000E+00    0.33050E-01    0.00000E+00    0.24435E-01    0.00000E+00    0.23675E-01    0.00000E+00    0.24382E-01    0.00000E+00    0.12756E-03    0.12680E-03    0.12751E-03    0.00000E+00    0.12756E-02    0.00000E+00    0.12680E-02    0.00000E+00    0.12751E-02    0.60750E-02    0.50509E-01    0.62595E-02    0.50359E-01    0.60871E-02    0.50499E-01    0.53282E-02    0.43018E-01    0.55941E-02    0.45712E-01    0.53454E-02    0.43193E-01
1320  0    0.21036E-03    0.20384E-03    0.20993E-03    0.11081E-03    0.99544E-03    0.10503E-03    0.98809E-03    0.11043E-03    0.99496E-03    0.15792E-01    0.44619E-01    0.15473E-01    0.44454E-01    0.15771E-01    0.44608E-01    0.91548E-02    0.33797E-01    0.95092E-02    0.35779E-01    0.91781E-02    0.33927E-01    0.52804E-03    0.47742E-03    0.52456E-03    0.52804E-03    0.00000E+00    0.47742E-03    0.00000E+00    0.52456E-03    0.00000E+00    0.32497E-01    0.00000E+00    0.30901E-01    0.00000E+00    0.32390E-01    0.00000E+00    0.23957E-01    0.00000E+00    0.23701E-01    0.00000E+00    0.23939E-01    0.00000E+00    0.12598E-03    0.12668E-03    0.12603E-03    0.00000E+00    0.12598E-02    0.00000E+00    0.12668E-02    0.00000E+00    0.12603E-02    0.59262E-02    0.50196E-01    0.61329E-02    0.50335E-01    0.59399E-02    0.50205E-01    0.52234E-02    0.42773E-01    0.55065E-02    0.45870E-01    0.52418E-02    0.42974E-01
1340  0    0.20520E-03    0.19232E-03    0.20435E-03    0.10715E-03    0.98042E-03    0.96028E-04    0.96288E-03    0.10642E-03    0.97926E-03    0.15550E-01    0.44281E-01    0.14847E-01    0.43883E-01    0.15505E-01    0.44255E-01    0.91145E-02    0.33495E-01    0.91375E-02    0.35439E-01    0.91160E-02    0.33623E-01    0.51060E-03    0.43649E-03    0.50550E-03    0.51060E-03    0.00000E+00    0.43649E-03    0.00000E+00    0.50550E-03    0.00000E+00    0.31956E-01    0.00000E+00    0.29546E-01    0.00000E+00    0.31796E-01    0.00000E+00    0.23766E-01    0.00000E+00    0.22507E-01    0.00000E+00    0.23679E-01    0.00000E+00    0.12408E-03    0.12345E-03    0.12404E-03    0.00000E+00    0.12408E-02    0.00000E+00    0.12345E-02    0.00000E+00    0.12404E-02    0.58993E-02    0.49816E-01    0.60318E-02    0.49688E-01    0.59080E-02    0.49808E-01    0.52232E-02    0.42391E-01    0.53666E-02    0.45434E-01    0.52325E-02    0.42589E-01
1360  0    0.19967E-03    0.18750E-03    0.19887E-03    0.10237E-03    0.97293E-03    0.89652E-04    0.97848E-03    0.10154E-03    0.97329E-03    0.15196E-01    0.44112E-01    0.14379E-01    0.44238E-01    0.15144E-01    0.44120E-01    0.89094E-02    0.33368E-01    0.88816E-02    0.35726E-01    0.89076E-02    0.33524E-01    0.48782E-03    0.40751E-03    0.48230E-03    0.48782E-03    0.00000E+00    0.40751E-03    0.00000E+00    0.48230E-03    0.00000E+00    0.31235E-01    0.00000E+00    0.28549E-01    0.00000E+00    0.31058E-01    0.00000E+00    0.23131E-01    0.00000E+00    0.21387E-01    0.00000E+00    0.23011E-01    0.00000E+00    0.12313E-03    0.12545E-03    0.12328E-03    0.00000E+00    0.12313E-02    0.00000E+00    0.12545E-02    0.00000E+00    0.12328E-02    0.57556E-02    0.49625E-01    0.59321E-02    0.50089E-01    0.57673E-02    0.49656E-01    0.51322E-02    0.42231E-01    0.53544E-02    0.45802E-01    0.51467E-02    0.42463E-01
1380  0    0.19559E-03    0.18571E-03    0.19494E-03    0.99733E-04    0.95855E-03    0.88598E-04    0.97112E-03    0.99000E-04    0.95938E-03    0.15003E-01    0.43785E-01    0.14274E-01    0.44071E-01    0.14956E-01    0.43804E-01    0.87278E-02    0.33083E-01    0.87189E-02    0.35493E-01    0.87272E-02    0.33242E-01    0.47524E-03    0.40272E-03    0.47025E-03    0.47524E-03    0.00000E+00    0.40272E-03    0.00000E+00    0.47025E-03    0.00000E+00    0.30830E-01    0.00000E+00    0.28380E-01    0.00000E+00    0.30668E-01    0.00000E+00    0.22519E-01    0.00000E+00    0.20990E-01    0.00000E+00    0.22414E-01    0.00000E+00    0.12131E-03    0.12450E-03    0.12152E-03    0.00000E+00    0.12131E-02    0.00000E+00    0.12450E-02    0.00000E+00    0.12152E-02    0.56934E-02    0.49257E-01    0.58342E-02    0.49900E-01    0.57026E-02    0.49299E-01    0.50650E-02    0.41870E-01    0.52578E-02    0.45504E-01    0.50775E-02    0.42106E-01
1400  0    0.19104E-03    0.18481E-03    0.19063E-03    0.97013E-04    0.94024E-03    0.89692E-04    0.95118E-03    0.96531E-04    0.94096E-03    0.14780E-01    0.43365E-01    0.14290E-01    0.43616E-01    0.14748E-01    0.43381E-01    0.84748E-02    0.32815E-01    0.84933E-02    0.35132E-01    0.84761E-02    0.32968E-01    0.46228E-03    0.40769E-03    0.45852E-03    0.46228E-03    0.00000E+00    0.40769E-03    0.00000E+00    0.45852E-03    0.00000E+00    0.30406E-01    0.00000E+00    0.28555E-01    0.00000E+00    0.30283E-01    0.00000E+00    0.21775E-01    0.00000E+00    0.20757E-01    0.00000E+00    0.21705E-01    0.00000E+00    0.11900E-03    0.12195E-03    0.11919E-03    0.00000E+00    0.11900E-02    0.00000E+00    0.12195E-02    0.00000E+00    0.11919E-02    0.55588E-02    0.48785E-01    0.56415E-02    0.49385E-01    0.55643E-02    0.48824E-01    0.49425E-02    0.41531E-01    0.50342E-02    0.45041E-01    0.49484E-02    0.41759E-01
1420  0    0.18508E-03    0.18233E-03    0.18490E-03    0.94472E-04    0.90610E-03    0.89452E-04    0.92876E-03    0.94141E-04    0.90760E-03    0.14546E-01    0.42570E-01    0.14235E-01    0.43099E-01    0.14526E-01    0.42605E-01    0.83704E-02    0.32214E-01    0.87264E-02    0.34652E-01    0.83938E-02    0.32374E-01    0.45017E-03    0.40660E-03    0.44717E-03    0.45017E-03    0.00000E+00    0.40660E-03    0.00000E+00    0.44717E-03    0.00000E+00    0.30006E-01    0.00000E+00    0.28517E-01    0.00000E+00    0.29906E-01    0.00000E+00    0.21777E-01    0.00000E+00    0.21862E-01    0.00000E+00    0.21782E-01    0.00000E+00    0.11468E-03    0.11907E-03    0.11496E-03    0.00000E+00    0.11468E-02    0.00000E+00    0.11907E-02    0.00000E+00    0.11496E-02    0.53540E-02    0.47891E-01    0.55157E-02    0.48800E-01    0.53647E-02    0.47950E-01    0.48098E-02    0.40769E-01    0.50215E-02    0.44426E-01    0.48235E-02    0.41007E-01
1440  0    0.17931E-03    0.17198E-03    0.17882E-03    0.90419E-04    0.88887E-03    0.81966E-04    0.90013E-03    0.89863E-04    0.88961E-03    0.14227E-01    0.42163E-01    0.13654E-01    0.42429E-01    0.14190E-01    0.42181E-01    0.82273E-02    0.31927E-01    0.84161E-02    0.34102E-01    0.82397E-02    0.32070E-01    0.43086E-03    0.37257E-03    0.42685E-03    0.43086E-03    0.00000E+00    0.37257E-03    0.00000E+00    0.42685E-03    0.00000E+00    0.29355E-01    0.00000E+00    0.27297E-01    0.00000E+00    0.29218E-01    0.00000E+00    0.21535E-01    0.00000E+00    0.20992E-01    0.00000E+00    0.21498E-01    0.00000E+00    0.11249E-03    0.11540E-03    0.11268E-03    0.00000E+00    0.11249E-02    0.00000E+00    0.11540E-02    0.00000E+00    0.11268E-02    0.52232E-02    0.47433E-01    0.53697E-02    0.48042E-01    0.52329E-02    0.47473E-01    0.46927E-02    0.40407E-01    0.48690E-02    0.43721E-01    0.47042E-02    0.40622E-01
1460  0    0.17306E-03    0.16728E-03    0.17268E-03    0.85562E-04    0.87497E-03    0.80157E-04    0.87127E-03    0.85206E-04    0.87473E-03    0.13861E-01    0.41832E-01    0.13469E-01    0.41744E-01    0.13835E-01    0.41827E-01    0.79996E-02    0.31655E-01    0.81070E-02    0.33471E-01    0.80067E-02    0.31774E-01    0.40771E-03    0.36435E-03    0.40473E-03    0.40771E-03    0.00000E+00    0.36435E-03    0.00000E+00    0.40473E-03    0.00000E+00    0.28556E-01    0.00000E+00    0.26994E-01    0.00000E+00    0.28451E-01    0.00000E+00    0.20644E-01    0.00000E+00    0.20253E-01    0.00000E+00    0.20617E-01    0.00000E+00    0.11074E-03    0.11170E-03    0.11080E-03    0.00000E+00    0.11074E-02    0.00000E+00    0.11170E-02    0.00000E+00    0.11080E-02    0.51541E-02    0.47061E-01    0.52015E-02    0.47266E-01    0.51572E-02    0.47074E-01    0.46413E-02    0.40062E-01    0.46813E-02    0.42911E-01    0.46439E-02    0.40247E-01
1480  0    0.16739E-03    0.15954E-03    0.16687E-03    0.82053E-04    0.85336E-03    0.75615E-04    0.83921E-03    0.81629E-04    0.85242E-03    0.13610E-01    0.41312E-01    0.13118E-01    0.40969E-01    0.13579E-01    0.41290E-01    0.79447E-02    0.31416E-01    0.81708E-02    0.32941E-01    0.79596E-02    0.31516E-01    0.39099E-03    0.34370E-03    0.38774E-03    0.39099E-03    0.00000E+00    0.34370E-03    0.00000E+00    0.38774E-03    0.00000E+00    0.27964E-01    0.00000E+00    0.26218E-01    0.00000E+00    0.27847E-01    0.00000E+00    0.20274E-01    0.00000E+00    0.20685E-01    0.00000E+00    0.20302E-01    0.00000E+00    0.10800E-03    0.10759E-03    0.10797E-03    0.00000E+00    0.10800E-02    0.00000E+00    0.10759E-02    0.00000E+00    0.10797E-02    0.51724E-02    0.46476E-01    0.51720E-02    0.46388E-01    0.51724E-02    0.46470E-01    0.46701E-02    0.39760E-01    0.46412E-02    0.42233E-01    0.46683E-02    0.39921E-01
1500  0    0.16316E-03    0.15365E-03    0.16254E-03    0.79006E-04    0.84156E-03    0.71709E-04    0.81938E-03    0.78526E-04    0.84010E-03    0.13382E-01    0.41026E-01    0.12791E-01    0.40482E-01    0.13344E-01    0.40990E-01    0.78488E-02    0.31293E-01    0.79558E-02    0.32566E-01    0.78558E-02    0.31377E-01    0.37647E-03    0.32595E-03    0.37300E-03    0.37647E-03    0.00000E+00    0.32595E-03    0.00000E+00    0.37300E-03    0.00000E+00    0.27440E-01    0.00000E+00    0.25532E-01    0.00000E+00    0.27313E-01    0.00000E+00    0.19921E-01    0.00000E+00    0.20093E-01    0.00000E+00    0.19933E-01    0.00000E+00    0.10651E-03    0.10505E-03    0.10641E-03    0.00000E+00    0.10651E-02    0.00000E+00    0.10505E-02    0.00000E+00    0.10641E-02    0.51635E-02    0.46154E-01    0.50874E-02    0.45836E-01    0.51586E-02    0.46133E-01    0.46426E-02    0.39605E-01    0.45323E-02    0.41751E-01    0.46354E-02    0.39744E-01
1520  0    0.15854E-03    0.15092E-03    0.15804E-03    0.75772E-04    0.82768E-03    0.69640E-04    0.81279E-03    0.75368E-04    0.82670E-03    0.13111E-01    0.40686E-01    0.12585E-01    0.40319E-01    0.13077E-01    0.40662E-01    0.76857E-02    0.31023E-01    0.78127E-02    0.32414E-01    0.76940E-02    0.31114E-01    0.36106E-03    0.31654E-03    0.35800E-03    0.36106E-03    0.00000E+00    0.31654E-03    0.00000E+00    0.35800E-03    0.00000E+00    0.26872E-01    0.00000E+00    0.25161E-01    0.00000E+00    0.26758E-01    0.00000E+00    0.19382E-01    0.00000E+00    0.19887E-01    0.00000E+00    0.19416E-01    0.00000E+00    0.10475E-03    0.10420E-03    0.10472E-03    0.00000E+00    0.10475E-02    0.00000E+00    0.10420E-02    0.00000E+00    0.10472E-02    0.50748E-02    0.45771E-01    0.49490E-02    0.45652E-01    0.50667E-02    0.45764E-01    0.45793E-02    0.39262E-01    0.44070E-02    0.41556E-01    0.45681E-02    0.39411E-01
1540  1    0.15440E-03    0.15137E-03    0.15421E-03    0.73316E-04    0.81089E-03    0.70826E-04    0.80548E-03    0.73152E-04    0.81053E-03    0.12885E-01    0.40271E-01    0.12652E-01    0.40137E-01    0.12869E-01    0.40262E-01    0.75283E-02    0.30586E-01    0.77499E-02    0.31976E-01    0.75429E-02    0.30677E-01    0.34936E-03    0.32194E-03    0.34747E-03    0.34936E-03    0.00000E+00    0.32194E-03    0.00000E+00    0.34747E-03    0.00000E+00    0.26433E-01    0.00000E+00    0.25375E-01    0.00000E+00    0.26362E-01    0.00000E+00    0.19046E-01    0.00000E+00    0.19849E-01    0.00000E+00    0.19102E-01    0.00000E+00    0.10263E-03    0.10327E-03    0.10267E-03    0.00000E+00    0.10263E-02    0.00000E+00    0.10327E-02    0.00000E+00    0.10267E-02    0.49527E-02    0.45305E-01    0.48595E-02    0.45446E-01    0.49467E-02    0.45314E-01    0.44691E-02    0.38709E-01    0.43372E-02    0.40995E-01    0.44606E-02    0.38858E-01
1560  0    0.15090E-03    0.14734E-03    0.15066E-03    0.71089E-04    0.79807E-03    0.69999E-04    0.77344E-03    0.71017E-04    0.79645E-03    0.12678E-01    0.39952E-01    0.12557E-01    0.39330E-01    0.12671E-01    0.39911E-01    0.74416E-02    0.30341E-01    0.77696E-02    0.31265E-01    0.74632E-02    0.30402E-01    0.33875E-03    0.31818E-03    0.33733E-03    0.33875E-03    0.00000E+00    0.31818E-03    0.00000E+00    0.33733E-03    0.00000E+00    0.26029E-01    0.00000E+00    0.25226E-01    0.00000E+00    0.25974E-01    0.00000E+00    0.18937E-01    0.00000E+00    0.20111E-01    0.00000E+00    0.19018E-01    0.00000E+00    0.10100E-03    0.99159E-04    0.10088E-03    0.00000E+00    0.10100E-02    0.00000E+00    0.99159E-03    0.00000E+00    0.10088E-02    0.48474E-02    0.44945E-01    0.47615E-02    0.44533E-01    0.48419E-02    0.44918E-01    0.43884E-02    0.38400E-01    0.42887E-02    0.40084E-01    0.43819E-02    0.38509E-01
1580  0    0.14708E-03    0.14608E-03    0.14701E-03    0.69825E-04    0.77251E-03    0.71255E-04    0.74827E-03    0.69919E-04    0.77091E-03    0.12546E-01    0.39307E-01    0.12654E-01    0.38685E-01    0.12554E-01    0.39266E-01    0.73458E-02    0.29975E-01    0.78290E-02    0.30821E-01    0.73776E-02    0.30030E-01    0.33272E-03    0.32389E-03    0.33212E-03    0.33272E-03    0.00000E+00    0.32389E-03    0.00000E+00    0.33212E-03    0.00000E+00    0.25796E-01    0.00000E+00    0.25451E-01    0.00000E+00    0.25773E-01    0.00000E+00    0.18821E-01    0.00000E+00    0.20273E-01    0.00000E+00    0.18921E-01    0.00000E+00    0.97769E-04    0.95932E-04    0.97649E-04    0.00000E+00    0.97769E-03    0.00000E+00    0.95932E-03    0.00000E+00    0.97649E-03    0.47416E-02    0.44220E-01    0.47519E-02    0.43802E-01    0.47422E-02    0.44193E-01    0.42979E-02    0.37936E-01    0.43192E-02    0.39514E-01    0.42993E-02    0.38038E-01
1600  0    0.14356E-03    0.14549E-03    0.14369E-03    0.67946E-04    0.75618E-03    0.73339E-04    0.72147E-03    0.68300E-04    0.75390E-03    0.12389E-01    0.38889E-01    0.12791E-01    0.37986E-01    0.12416E-01    0.38830E-01    0.72900E-02    0.29722E-01    0.78103E-02    0.30299E-01    0.73242E-02    0.29760E-01    0.32377E-03    0.33336E-03    0.32443E-03    0.32377E-03    0.00000E+00    0.33336E-03    0.00000E+00    0.32443E-03    0.00000E+00    0.25447E-01    0.00000E+00    0.25821E-01    0.00000E+00    0.25473E-01    0.00000E+00    0.18597E-01    0.00000E+00    0.20503E-01    0.00000E+00    0.18728E-01    0.00000E+00    0.95702E-04    0.92496E-04    0.95494E-04    0.00000E+00    0.95702E-03    0.00000E+00    0.92496E-03    0.00000E+00    0.95494E-03    0.47185E-02    0.43750E-01    0.46573E-02    0.43011E-01    0.47145E-02    0.43702E-01    0.42868E-02    0.37617E-01    0.42303E-02    0.38845E-01    0.42832E-02    0.37696E-01
1620  0    0.13955E-03    0.14082E-03    0.13963E-03    0.65364E-04    0.74182E-03    0.70661E-04    0.70157E-03    0.65713E-04    0.73917E-03    0.12176E-01    0.38518E-01    0.12575E-01    0.37458E-01    0.12203E-01    0.38449E-01    0.71936E-02    0.29450E-01    0.77189E-02    0.29944E-01    0.72281E-02    0.29482E-01    0.31147E-03    0.32119E-03    0.31214E-03    0.31147E-03    0.00000E+00    0.32119E-03    0.00000E+00    0.31214E-03    0.00000E+00    0.24959E-01    0.00000E+00    0.25345E-01    0.00000E+00    0.24985E-01    0.00000E+00    0.18201E-01    0.00000E+00    0.20140E-01    0.00000E+00    0.18334E-01    0.00000E+00    0.93885E-04    0.89945E-04    0.93629E-04    0.00000E+00    0.93885E-03    0.00000E+00    0.89945E-03    0.00000E+00    0.93629E-03    0.47105E-02    0.43332E-01    0.46433E-02    0.42413E-01    0.47062E-02    0.43273E-01    0.42700E-02    0.37272E-01    0.42156E-02    0.38390E-01    0.42665E-02    0.37344E-01
1640  0    0.13587E-03    0.13426E-03    0.13576E-03    0.62889E-04    0.72979E-03    0.66154E-04    0.68102E-03    0.63104E-04    0.72658E-03    0.11954E-01    0.38205E-01    0.12197E-01    0.36906E-01    0.11970E-01    0.38120E-01    0.70757E-02    0.29281E-01    0.76222E-02    0.29642E-01    0.71117E-02    0.29305E-01    0.29967E-03    0.30070E-03    0.29974E-03    0.29967E-03    0.00000E+00    0.30070E-03    0.00000E+00    0.29974E-03    0.00000E+00    0.24481E-01    0.00000E+00    0.24523E-01    0.00000E+00    0.24484E-01    0.00000E+00    0.17817E-01    0.00000E+00    0.19788E-01    0.00000E+00    0.17952E-01    0.00000E+00    0.92362E-04    0.87311E-04    0.92034E-04    0.00000E+00    0.92362E-03    0.00000E+00    0.87311E-03    0.00000E+00    0.92034E-03    0.46543E-02    0.42980E-01    0.45933E-02    0.41788E-01    0.46504E-02    0.42903E-01    0.42230E-02    0.37058E-01    0.41908E-02    0.38002E-01    0.42209E-02    0.37120E-01
1660  1    0.13233E-03    0.13521E-03    0.13252E-03    0.61606E-04    0.70727E-03    0.68165E-04    0.67044E-03    0.62038E-04    0.70484E-03    0.11837E-01    0.37610E-01    0.12387E-01    0.36618E-01    0.11874E-01    0.37546E-01    0.70150E-02    0.28820E-01    0.75820E-02    0.29365E-01    0.70523E-02    0.28856E-01    0.29356E-03    0.30984E-03    0.29468E-03    0.29356E-03    0.00000E+00    0.30984E-03    0.00000E+00    0.29468E-03    0.00000E+00    0.24231E-01    0.00000E+00    0.24893E-01    0.00000E+00    0.24277E-01    0.00000E+00    0.17650E-01    0.00000E+00    0.19330E-01    0.00000E+00    0.17765E-01    0.00000E+00    0.89511E-04    0.85954E-04    0.89280E-04    0.00000E+00    0.89511E-03    0.00000E+00    0.85954E-03    0.00000E+00    0.89280E-03    0.46254E-02    0.42311E-01    0.46848E-02    0.41462E-01    0.46293E-02    0.42256E-01    0.41905E-02    0.36475E-01    0.42685E-02    0.37647E-01    0.41956E-02    0.36551E-01
1680  0    0.12832E-03    0.12705E-03    0.12824E-03    0.59732E-04    0.68590E-03    0.61225E-04    0.65823E-03    0.59830E-04    0.68408E-03    0.11647E-01    0.37038E-01    0.11778E-01    0.36283E-01    0.11655E-01    0.36989E-01    0.68986E-02    0.28377E-01    0.73959E-02    0.29154E-01    0.69313E-02    0.28428E-01    0.28463E-03    0.27830E-03    0.28419E-03    0.28463E-03    0.00000E+00    0.27830E-03    0.00000E+00    0.28419E-03    0.00000E+00    0.23859E-01    0.00000E+00    0.23592E-01    0.00000E+00    0.23841E-01    0.00000E+00    0.17464E-01    0.00000E+00    0.18884E-01    0.00000E+00    0.17561E-01    0.00000E+00    0.86807E-04    0.84388E-04    0.86650E-04    0.00000E+00    0.86807E-03    0.00000E+00    0.84388E-03    0.00000E+00    0.86650E-03    0.45260E-02    0.41667E-01    0.45659E-02    0.41082E-01    0.45286E-02    0.41629E-01    0.40925E-02    0.35913E-01    0.41557E-02    0.37376E-01    0.40966E-02    0.36008E-01
1700  0    0.12381E-03    0.12297E-03    0.12375E-03    0.56488E-04    0.67321E-03    0.57749E-04    0.65220E-03    0.56571E-04    0.67183E-03    0.11344E-01    0.36694E-01    0.11460E-01    0.36116E-01    0.11351E-01    0.36656E-01    0.67762E-02    0.28186E-01    0.72290E-02    0.28943E-01    0.68060E-02    0.28236E-01    0.26917E-03    0.26250E-03    0.26871E-03    0.26917E-03    0.00000E+00    0.26250E-03    0.00000E+00    0.26871E-03    0.00000E+00    0.23202E-01    0.00000E+00    0.22913E-01    0.00000E+00    0.23182E-01    0.00000E+00    0.17055E-01    0.00000E+00    0.18211E-01    0.00000E+00    0.17134E-01    0.00000E+00    0.85201E-04    0.83615E-04    0.85098E-04    0.00000E+00    0.85201E-03    0.00000E+00    0.83615E-03    0.00000E+00    0.85098E-03    0.44581E-02    0.41280E-01    0.45045E-02    0.40894E-01    0.44612E-02    0.41255E-01    0.40462E-02    0.35672E-01    0.41315E-02    0.37107E-01    0.40517E-02    0.35765E-01
1720  0    0.12072E-03    0.12009E-03    0.12068E-03    0.54869E-04    0.65853E-03    0.57287E-04    0.62798E-03    0.55029E-04    0.65652E-03    0.11179E-01    0.36291E-01    0.11407E-01    0.35439E-01    0.11194E-01    0.36236E-01    0.66953E-02    0.27921E-01    0.71552E-02    0.28403E-01    0.67255E-02    0.27953E-01    0.26146E-03    0.26040E-03    0.26139E-03    0.26146E-03    0.00000E+00    0.26040E-03    0.00000E+00    0.26139E-03    0.00000E+00    0.22867E-01    0.00000E+00    0.22821E-01    0.00000E+00    0.22864E-01    0.00000E+00    0.16854E-01    0.00000E+00    0.17913E-01    0.00000E+00    0.16926E-01    0.00000E+00    0.83343E-04    0.80510E-04    0.83159E-04    0.00000E+00    0.83343E-03    0.00000E+00    0.80510E-03    0.00000E+00    0.83159E-03    0.43912E-02    0.40827E-01    0.44657E-02    0.40127E-01    0.43961E-02    0.40782E-01    0.39972E-02    0.35337E-01    0.41209E-02    0.36415E-01    0.40053E-02    0.35407E-01
1740  0    0.11818E-03    0.11667E-03    0.11808E-03    0.54040E-04    0.64136E-03    0.56100E-04    0.60571E-03    0.54176E-04    0.63902E-03    0.11104E-01    0.35815E-01    0.11308E-01    0.34805E-01    0.11118E-01    0.35750E-01    0.67002E-02    0.27554E-01    0.70794E-02    0.27925E-01    0.67252E-02    0.27579E-01    0.25751E-03    0.25500E-03    0.25733E-03    0.25751E-03    0.00000E+00    0.25500E-03    0.00000E+00    0.25733E-03    0.00000E+00    0.22694E-01    0.00000E+00    0.22583E-01    0.00000E+00    0.22686E-01    0.00000E+00    0.16882E-01    0.00000E+00    0.17565E-01    0.00000E+00    0.16929E-01    0.00000E+00    0.81171E-04    0.77655E-04    0.80942E-04    0.00000E+00    0.81171E-03    0.00000E+00    0.77655E-03    0.00000E+00    0.80942E-03    0.43900E-02    0.40292E-01    0.44819E-02    0.39409E-01    0.43961E-02    0.40235E-01    0.39960E-02    0.34873E-01    0.41218E-02    0.35801E-01    0.40042E-02    0.34933E-01
1760  0    0.11557E-03    0.11471E-03    0.11551E-03    0.53040E-04    0.62526E-03    0.54849E-04    0.59858E-03    0.53159E-04    0.62350E-03    0.11000E-01    0.35363E-01    0.11169E-01    0.34600E-01    0.11011E-01    0.35313E-01    0.66481E-02    0.27079E-01    0.70238E-02    0.27634E-01    0.66729E-02    0.27116E-01    0.25274E-03    0.24932E-03    0.25251E-03    0.25274E-03    0.00000E+00    0.24932E-03    0.00000E+00    0.25251E-03    0.00000E+00    0.22483E-01    0.00000E+00    0.22330E-01    0.00000E+00    0.22473E-01    0.00000E+00    0.16797E-01    0.00000E+00    0.17671E-01    0.00000E+00    0.16857E-01    0.00000E+00    0.79132E-04    0.76740E-04    0.78977E-04    0.00000E+00    0.79132E-03    0.00000E+00    0.76740E-03    0.00000E+00    0.78977E-03    0.43449E-02    0.39783E-01    0.43915E-02    0.39177E-01    0.43479E-02    0.39743E-01    0.39526E-02    0.34271E-01    0.40209E-02    0.35429E-01    0.39571E-02    0.34346E-01
1780  0    0.11331E-03    0.11213E-03    0.11323E-03    0.52033E-04    0.61276E-03    0.53340E-04    0.58794E-03    0.52119E-04    0.61113E-03    0.10888E-01    0.35007E-01    0.11007E-01    0.34291E-01    0.10896E-01    0.34961E-01    0.65975E-02    0.26751E-01    0.69312E-02    0.27300E-01    0.66195E-02    0.26787E-01    0.24794E-03    0.24246E-03    0.24756E-03    0.24794E-03    0.00000E+00    0.24246E-03    0.00000E+00    0.24756E-03    0.00000E+00    0.22268E-01    0.00000E+00    0.22021E-01    0.00000E+00    0.22251E-01    0.00000E+00    0.16802E-01    0.00000E+00    0.17464E-01    0.00000E+00    0.16848E-01    0.00000E+00    0.77550E-04    0.75377E-04    0.77409E-04    0.00000E+00    0.77550E-03    0.00000E+00    0.75377E-03    0.00000E+00    0.77409E-03    0.42803E-02    0.39383E-01    0.43064E-02    0.38827E-01    0.42820E-02    0.39347E-01    0.38872E-02    0.33856E-01    0.39605E-02    0.35001E-01    0.38920E-02    0.33931E-01
1800  0    0.11133E-03    0.10826E-03    0.11113E-03    0.51053E-04    0.60277E-03    0.50170E-04    0.58092E-03    0.50995E-04    0.60133E-03    0.10789E-01    0.34721E-01    0.10686E-01    0.34086E-01    0.10782E-01    0.34679E-01    0.65813E-02    0.26542E-01    0.66780E-02    0.27091E-01    0.65877E-02    0.26578E-01    0.24327E-03    0.22805E-03    0.24223E-03    0.24327E-03    0.00000E+00    0.22805E-03    0.00000E+00    0.24223E-03    0.00000E+00    0.22058E-01    0.00000E+00    0.21356E-01    0.00000E+00    0.22010E-01    0.00000E+00    0.16781E-01    0.00000E+00    0.16709E-01    0.00000E+00    0.16776E-01    0.00000E+00    0.76286E-04    0.74477E-04    0.76169E-04    0.00000E+00    0.76286E-03    0.00000E+00    0.74477E-03    0.00000E+00    0.76169E-03    0.42538E-02    0.39061E-01    0.42153E-02    0.38595E-01    0.42513E-02    0.39030E-01    0.38724E-02    0.33592E-01    0.38488E-02    0.34732E-01    0.38709E-02    0.33666E-01
1820  0    0.10871E-03    0.10250E-03    0.10830E-03    0.50175E-04    0.58537E-03    0.46533E-04    0.55963E-03    0.49935E-04    0.58368E-03    0.10708E-01    0.34216E-01    0.10348E-01    0.33455E-01    0.10685E-01    0.34167E-01    0.65827E-02    0.26241E-01    0.66165E-02    0.26606E-01    0.65849E-02    0.26265E-01    0.23909E-03    0.21151E-03    0.23719E-03    0.23909E-03    0.00000E+00    0.21151E-03    0.00000E+00    0.23719E-03    0.00000E+00    0.21867E-01    0.00000E+00    0.20568E-01    0.00000E+00    0.21780E-01    0.00000E+00    0.16764E-01    0.00000E+00    0.16259E-01    0.00000E+00    0.16729E-01    0.00000E+00    0.74085E-04    0.71747E-04    0.73933E-04    0.00000E+00    0.74085E-03    0.00000E+00    0.71747E-03    0.00000E+00    0.73933E-03    0.42569E-02    0.38493E-01    0.42386E-02    0.37881E-01    0.42557E-02    0.38453E-01    0.38786E-02    0.33211E-01    0.38969E-02    0.34111E-01    0.38798E-02    0.33270E-01
1840  0    0.10658E-03    0.97106E-04    0.10596E-03    0.49166E-04    0.57414E-03    0.42343E-04    0.54763E-03    0.48717E-04    0.57240E-03    0.10585E-01    0.33886E-01    0.99039E-02    0.33095E-01    0.10542E-01    0.33835E-01    0.64923E-02    0.26013E-01    0.64695E-02    0.26328E-01    0.64908E-02    0.26034E-01    0.23428E-03    0.19247E-03    0.23141E-03    0.23428E-03    0.00000E+00    0.19247E-03    0.00000E+00    0.23141E-03    0.00000E+00    0.21646E-01    0.00000E+00    0.19620E-01    0.00000E+00    0.21513E-01    0.00000E+00    0.16607E-01    0.00000E+00    0.15853E-01    0.00000E+00    0.16555E-01    0.00000E+00    0.72664E-04    0.70210E-04    0.72504E-04    0.00000E+00    0.72664E-03    0.00000E+00    0.70210E-03    0.00000E+00    0.72504E-03    0.41658E-02    0.38122E-01    0.41450E-02    0.37473E-01    0.41645E-02    0.38080E-01    0.38059E-02    0.32922E-01    0.38229E-02    0.33754E-01    0.38070E-02    0.32976E-01
1860  0    0.10446E-03    0.96246E-04    0.10392E-03    0.48013E-04    0.56451E-03    0.42241E-04    0.54005E-03    0.47633E-04    0.56290E-03    0.10467E-01    0.33601E-01    0.98881E-02    0.32865E-01    0.10430E-01    0.33553E-01    0.64260E-02    0.25843E-01    0.63917E-02    0.26129E-01    0.64238E-02    0.25862E-01    0.22879E-03    0.19201E-03    0.22626E-03    0.22879E-03    0.00000E+00    0.19201E-03    0.00000E+00    0.22626E-03    0.00000E+00    0.21391E-01    0.00000E+00    0.19596E-01    0.00000E+00    0.21272E-01    0.00000E+00    0.16338E-01    0.00000E+00    0.15556E-01    0.00000E+00    0.16285E-01    0.00000E+00    0.71444E-04    0.69237E-04    0.71301E-04    0.00000E+00    0.71444E-03    0.00000E+00    0.69237E-03    0.00000E+00    0.71301E-03    0.41382E-02    0.37801E-01    0.41281E-02    0.37212E-01    0.41375E-02    0.37763E-01    0.37934E-02    0.32707E-01    0.38069E-02    0.33498E-01    0.37943E-02    0.32758E-01
1880  1    0.10184E-03    0.97087E-04    0.10153E-03    0.46802E-04    0.55038E-03    0.44172E-04    0.52915E-03    0.46629E-04    0.54899E-03    0.10355E-01    0.33178E-01    0.10083E-01    0.32532E-01    0.10338E-01    0.33136E-01    0.64429E-02    0.25504E-01    0.64739E-02    0.25693E-01    0.64450E-02    0.25517E-01    0.22301E-03    0.20078E-03    0.22149E-03    0.22301E-03    0.00000E+00    0.20078E-03    0.00000E+00    0.22149E-03    0.00000E+00    0.21119E-01    0.00000E+00    0.20039E-01    0.00000E+00    0.21047E-01    0.00000E+00    0.16342E-01    0.00000E+00    0.15921E-01    0.00000E+00    0.16313E-01    0.00000E+00    0.69656E-04    0.67840E-04    0.69538E-04    0.00000E+00    0.69656E-03    0.00000E+00    0.67840E-03    0.00000E+00    0.69538E-03    0.41534E-02    0.37325E-01    0.41321E-02    0.36835E-01    0.41520E-02    0.37293E-01    0.38137E-02    0.32278E-01    0.38093E-02    0.32940E-01    0.38134E-02    0.32321E-01
1900  0    0.99740E-04    0.94931E-04    0.99424E-04    0.45729E-04    0.54012E-03    0.42395E-04    0.52536E-03    0.45509E-04    0.53914E-03    0.10244E-01    0.32867E-01    0.98870E-02    0.32415E-01    0.10221E-01    0.32837E-01    0.63835E-02    0.25304E-01    0.63517E-02    0.25514E-01    0.63814E-02    0.25318E-01    0.21790E-03    0.19271E-03    0.21617E-03    0.21790E-03    0.00000E+00    0.19271E-03    0.00000E+00    0.21617E-03    0.00000E+00    0.20876E-01    0.00000E+00    0.19632E-01    0.00000E+00    0.20793E-01    0.00000E+00    0.16119E-01    0.00000E+00    0.15607E-01    0.00000E+00    0.16083E-01    0.00000E+00    0.68357E-04    0.67353E-04    0.68292E-04    0.00000E+00    0.68357E-03    0.00000E+00    0.67353E-03    0.00000E+00    0.68292E-03    0.41302E-02    0.36975E-01    0.40765E-02    0.36702E-01    0.41267E-02    0.36957E-01    0.37979E-02    0.32025E-01    0.37413E-02    0.32710E-01    0.37942E-02    0.32069E-01
1920  1    0.98608E-04    0.95113E-04    0.98378E-04    0.44981E-04    0.53627E-03    0.42833E-04    0.52280E-03    0.44840E-04    0.53538E-03    0.10166E-01    0.32750E-01    0.99222E-02    0.32336E-01    0.10150E-01    0.32722E-01    0.63365E-02    0.25255E-01    0.62809E-02    0.25511E-01    0.63328E-02    0.25272E-01    0.21434E-03    0.19469E-03    0.21299E-03    0.21434E-03    0.00000E+00    0.19469E-03    0.00000E+00    0.21299E-03    0.00000E+00    0.20705E-01    0.00000E+00    0.19733E-01    0.00000E+00    0.20639E-01    0.00000E+00    0.15965E-01    0.00000E+00    0.15387E-01    0.00000E+00    0.15925E-01    0.00000E+00    0.67870E-04    0.67026E-04    0.67815E-04    0.00000E+00    0.67870E-03    0.00000E+00    0.67026E-03    0.00000E+00    0.67815E-03    0.41154E-02    0.36843E-01    0.40484E-02    0.36613E-01    0.41110E-02    0.36828E-01    0.37792E-02    0.31963E-01    0.37125E-02    0.32706E-01    0.37749E-02    0.32011E-01
1940  2    0.97084E-04    0.95459E-04    0.96977E-04    0.44382E-04    0.52702E-03    0.43024E-04    0.52435E-03    0.44292E-04    0.52684E-03    0.10100E-01    0.32466E-01    0.99369E-02    0.32384E-01    0.10089E-01    0.32461E-01    0.63396E-02    0.25050E-01    0.62769E-02    0.25514E-01    0.63354E-02    0.25081E-01    0.21148E-03    0.19556E-03    0.21039E-03    0.21148E-03    0.00000E+00    0.19556E-03    0.00000E+00    0.21039E-03    0.00000E+00    0.20566E-01    0.00000E+00    0.19777E-01    0.00000E+00    0.20513E-01    0.00000E+00    0.15970E-01    0.00000E+00    0.15304E-01    0.00000E+00    0.15924E-01    0.00000E+00    0.66699E-04    0.67225E-04    0.66734E-04    0.00000E+00    0.66699E-03    0.00000E+00    0.67225E-03    0.00000E+00    0.66734E-03    0.40932E-02    0.36524E-01    0.40343E-02    0.36667E-01    0.40894E-02    0.36533E-01    0.37819E-02    0.31704E-01    0.37306E-02    0.32711E-01    0.37785E-02    0.31769E-01
1960  0    0.95170E-04    0.94441E-04    0.95122E-04    0.43482E-04    0.51688E-03    0.42634E-04    0.51808E-03    0.43426E-04    0.51696E-03    0.99857E-02    0.32152E-01    0.98830E-02    0.32189E-01    0.99790E-02    0.32155E-01    0.62593E-02    0.24804E-01    0.61491E-02    0.25294E-01    0.62520E-02    0.24836E-01    0.20719E-03    0.19379E-03    0.20627E-03    0.20719E-03    0.00000E+00    0.19379E-03    0.00000E+00    0.20627E-03    0.00000E+00    0.20357E-01    0.00000E+00    0.19687E-01    0.00000E+00    0.20311E-01    0.00000E+00    0.15889E-01    0.00000E+00    0.14841E-01    0.00000E+00    0.15817E-01    0.00000E+00    0.65416E-04    0.66420E-04    0.65481E-04    0.00000E+00    0.65416E-03    0.00000E+00    0.66420E-03    0.00000E+00    0.65481E-03    0.40172E-02    0.36171E-01    0.39882E-02    0.36447E-01    0.40154E-02    0.36189E-01    0.37016E-02    0.31392E-01    0.36975E-02    0.32429E-01    0.37013E-02    0.31459E-01
1980  0    0.93575E-04    0.92518E-04    0.93505E-04    0.42397E-04    0.51177E-03    0.41294E-04    0.51224E-03    0.42325E-04    0.51180E-03    0.98639E-02    0.31993E-01    0.97358E-02    0.32008E-01    0.98556E-02    0.31994E-01    0.62152E-02    0.24710E-01    0.60692E-02    0.25152E-01    0.62056E-02    0.24739E-01    0.20203E-03    0.18770E-03    0.20104E-03    0.20203E-03    0.00000E+00    0.18770E-03    0.00000E+00    0.20104E-03    0.00000E+00    0.20101E-01    0.00000E+00    0.19375E-01    0.00000E+00    0.20052E-01    0.00000E+00    0.15819E-01    0.00000E+00    0.14614E-01    0.00000E+00    0.15737E-01    0.00000E+00    0.64770E-04    0.65672E-04    0.64829E-04    0.00000E+00    0.64770E-03    0.00000E+00    0.65672E-03    0.00000E+00    0.64829E-03    0.39778E-02    0.35992E-01    0.39546E-02    0.36241E-01    0.39763E-02    0.36008E-01    0.36643E-02    0.31273E-01    0.36592E-02    0.32246E-01    0.36640E-02    0.31336E-01
2000  0    0.91756E-04    0.90577E-04    0.91678E-04    0.40689E-04    0.51066E-03    0.40346E-04    0.50230E-03    0.40667E-04    0.51011E-03    0.96846E-02    0.31958E-01    0.96534E-02    0.31695E-01    0.96826E-02    0.31941E-01    0.61041E-02    0.24625E-01    0.61378E-02    0.24916E-01    0.61064E-02    0.24645E-01    0.19389E-03    0.18339E-03    0.19317E-03    0.19389E-03    0.00000E+00    0.18339E-03    0.00000E+00    0.19317E-03    0.00000E+00    0.19692E-01    0.00000E+00    0.19152E-01    0.00000E+00    0.19655E-01    0.00000E+00    0.15355E-01    0.00000E+00    0.14835E-01    0.00000E+00    0.15319E-01    0.00000E+00    0.64629E-04    0.64398E-04    0.64614E-04    0.00000E+00    0.64629E-03    0.00000E+00    0.64398E-03    0.00000E+00    0.64614E-03    0.39635E-02    0.35952E-01    0.40026E-02    0.35888E-01    0.39661E-02    0.35948E-01    0.36472E-02    0.31166E-01    0.36847E-02    0.31943E-01    0.36496E-02    0.31216E-01
2020  0    0.89923E-04    0.88834E-04    0.89852E-04    0.39651E-04    0.50272E-03    0.39157E-04    0.49677E-03    0.39619E-04    0.50233E-03    0.95684E-02    0.31709E-01    0.95166E-02    0.31520E-01    0.95650E-02    0.31696E-01    0.60278E-02    0.24370E-01    0.60497E-02    0.24769E-01    0.60293E-02    0.24396E-01    0.18894E-03    0.17799E-03    0.18819E-03    0.18894E-03    0.00000E+00    0.17799E-03    0.00000E+00    0.18819E-03    0.00000E+00    0.19439E-01    0.00000E+00    0.18867E-01    0.00000E+00    0.19400E-01    0.00000E+00    0.15071E-01    0.00000E+00    0.14536E-01    0.00000E+00    0.15035E-01    0.00000E+00    0.63624E-04    0.63688E-04    0.63629E-04    0.00000E+00    0.63624E-03    0.00000E+00    0.63688E-03    0.00000E+00    0.63629E-03    0.39378E-02    0.35672E-01    0.39631E-02    0.35690E-01    0.39394E-02    0.35673E-01    0.36259E-02    0.30843E-01    0.36561E-02    0.31756E-01    0.36279E-02    0.30902E-01
2040  0    0.88263E-04    0.88122E-04    0.88254E-04    0.39207E-04    0.49056E-03    0.39350E-04    0.48772E-03    0.39217E-04    0.49037E-03    0.95104E-02    0.31323E-01    0.95170E-02    0.31232E-01    0.95108E-02    0.31317E-01    0.59893E-02    0.24153E-01    0.60055E-02    0.24673E-01    0.59904E-02    0.24187E-01    0.18683E-03    0.17886E-03    0.18628E-03    0.18683E-03    0.00000E+00    0.17886E-03    0.00000E+00    0.18628E-03    0.00000E+00    0.19330E-01    0.00000E+00    0.18914E-01    0.00000E+00    0.19302E-01    0.00000E+00    0.15039E-01    0.00000E+00    0.14568E-01    0.00000E+00    0.15007E-01    0.00000E+00    0.62085E-04    0.62528E-04    0.62113E-04    0.00000E+00    0.62085E-03    0.00000E+00    0.62528E-03    0.00000E+00    0.62113E-03    0.39024E-02    0.35238E-01    0.39015E-02    0.35363E-01    0.39024E-02    0.35246E-01    0.35857E-02    0.30568E-01    0.35905E-02    0.31633E-01    0.35860E-02    0.30637E-01
2060  0    0.86524E-04    0.87219E-04    0.86570E-04    0.38600E-04    0.47924E-03    0.39003E-04    0.48216E-03    0.38626E-04    0.47943E-03    0.94401E-02    0.30959E-01    0.94706E-02    0.31053E-01    0.94421E-02    0.30966E-01    0.59606E-02    0.23896E-01    0.60121E-02    0.24588E-01    0.59640E-02    0.23941E-01    0.18393E-03    0.17729E-03    0.18348E-03    0.18393E-03    0.00000E+00    0.17729E-03    0.00000E+00    0.18348E-03    0.00000E+00    0.19180E-01    0.00000E+00    0.18830E-01    0.00000E+00    0.19156E-01    0.00000E+00    0.15038E-01    0.00000E+00    0.14711E-01    0.00000E+00    0.15015E-01    0.00000E+00    0.60652E-04    0.61815E-04    0.60728E-04    0.00000E+00    0.60652E-03    0.00000E+00    0.61815E-03    0.00000E+00    0.60728E-03    0.38834E-02    0.34829E-01    0.38706E-02    0.35161E-01    0.38826E-02    0.34851E-01    0.35497E-02    0.30242E-01    0.35584E-02    0.31523E-01    0.35503E-02    0.30326E-01
2080  0    0.84727E-04    0.86310E-04    0.84831E-04    0.37649E-04    0.47077E-03    0.38532E-04    0.47778E-03    0.37707E-04    0.47123E-03    0.93070E-02    0.30685E-01    0.93918E-02    0.30912E-01    0.93126E-02    0.30700E-01    0.58342E-02    0.23634E-01    0.58681E-02    0.24428E-01    0.58365E-02    0.23686E-01    0.17940E-03    0.17514E-03    0.17911E-03    0.17940E-03    0.00000E+00    0.17514E-03    0.00000E+00    0.17911E-03    0.00000E+00    0.18942E-01    0.00000E+00    0.18716E-01    0.00000E+00    0.18927E-01    0.00000E+00    0.14779E-01    0.00000E+00    0.14284E-01    0.00000E+00    0.14745E-01    0.00000E+00    0.59581E-04    0.61254E-04    0.59689E-04    0.00000E+00    0.59581E-03    0.00000E+00    0.61254E-03    0.00000E+00    0.59689E-03    0.37854E-02    0.34520E-01    0.37797E-02    0.35001E-01    0.37850E-02    0.34551E-01    0.34585E-02    0.29911E-01    0.34945E-02    0.31318E-01    0.34608E-02    0.30003E-01
2100  0    0.82959E-04    0.84964E-04    0.83091E-04    0.36524E-04    0.46435E-03    0.38694E-04    0.46270E-03    0.36667E-04    0.46425E-03    0.91708E-02    0.30475E-01    0.93934E-02    0.30420E-01    0.91857E-02    0.30471E-01    0.57628E-02    0.23536E-01    0.58690E-02    0.24230E-01    0.57698E-02    0.23582E-01    0.17404E-03    0.17588E-03    0.17417E-03    0.17404E-03    0.00000E+00    0.17588E-03    0.00000E+00    0.17417E-03    0.00000E+00    0.18657E-01    0.00000E+00    0.18755E-01    0.00000E+00    0.18664E-01    0.00000E+00    0.14592E-01    0.00000E+00    0.14459E-01    0.00000E+00    0.14583E-01    0.00000E+00    0.58768E-04    0.59321E-04    0.58804E-04    0.00000E+00    0.58768E-03    0.00000E+00    0.59321E-03    0.00000E+00    0.58804E-03    0.37408E-02    0.34284E-01    0.37292E-02    0.34444E-01    0.37400E-02    0.34294E-01    0.34179E-02    0.29787E-01    0.34462E-02    0.31064E-01    0.34197E-02    0.29870E-01
2120  0    0.81305E-04    0.84686E-04    0.81527E-04    0.35885E-04    0.45420E-03    0.39948E-04    0.44738E-03    0.36152E-04    0.45375E-03    0.90862E-02    0.30140E-01    0.95101E-02    0.29913E-01    0.91147E-02    0.30125E-01    0.56953E-02    0.23328E-01    0.58379E-02    0.23965E-01    0.57047E-02    0.23370E-01    0.17100E-03    0.18158E-03    0.17172E-03    0.17100E-03    0.00000E+00    0.18158E-03    0.00000E+00    0.17172E-03    0.00000E+00    0.18493E-01    0.00000E+00    0.19057E-01    0.00000E+00    0.18532E-01    0.00000E+00    0.14440E-01    0.00000E+00    0.14547E-01    0.00000E+00    0.14448E-01    0.00000E+00    0.57483E-04    0.57356E-04    0.57475E-04    0.00000E+00    0.57483E-03    0.00000E+00    0.57356E-03    0.00000E+00    0.57475E-03    0.36954E-02    0.33907E-01    0.36771E-02    0.33869E-01    0.36942E-02    0.33904E-01    0.33726E-02    0.29524E-01    0.33816E-02    0.30724E-01    0.33732E-02    0.29602E-01
2140  1    0.80122E-04    0.85186E-04    0.80455E-04    0.35652E-04    0.44470E-03    0.40636E-04    0.44549E-03    0.35980E-04    0.44475E-03    0.90516E-02    0.29823E-01    0.95700E-02    0.29849E-01    0.90866E-02    0.29824E-01    0.56786E-02    0.23064E-01    0.59443E-02    0.23901E-01    0.56960E-02    0.23119E-01    0.16989E-03    0.18471E-03    0.17091E-03    0.16989E-03    0.00000E+00    0.18471E-03    0.00000E+00    0.17091E-03    0.00000E+00    0.18433E-01    0.00000E+00    0.19220E-01    0.00000E+00    0.18488E-01    0.00000E+00    0.14438E-01    0.00000E+00    0.15184E-01    0.00000E+00    0.14489E-01    0.00000E+00    0.56281E-04    0.57115E-04    0.56335E-04    0.00000E+00    0.56281E-03    0.00000E+00    0.57115E-03    0.00000E+00    0.56335E-03    0.36672E-02    0.33550E-01    0.36361E-02    0.33798E-01    0.36652E-02    0.33566E-01    0.33521E-02    0.29189E-01    0.33382E-02    0.30643E-01    0.33512E-02    0.29284E-01
2160  2    0.78777E-04    0.85080E-04    0.79191E-04    0.35196E-04    0.43580E-03    0.40008E-04    0.45072E-03    0.35513E-04    0.43679E-03    0.89719E-02    0.29523E-01    0.94818E-02    0.30024E-01    0.90063E-02    0.29556E-01    0.56007E-02    0.22851E-01    0.58410E-02    0.24036E-01    0.56165E-02    0.22929E-01    0.16771E-03    0.18185E-03    0.16869E-03    0.16771E-03    0.00000E+00    0.18185E-03    0.00000E+00    0.16869E-03    0.00000E+00    0.18315E-01    0.00000E+00    0.19071E-01    0.00000E+00    0.18368E-01    0.00000E+00    0.14388E-01    0.00000E+00    0.14972E-01    0.00000E+00    0.14428E-01    0.00000E+00    0.55155E-04    0.57785E-04    0.55326E-04    0.00000E+00    0.55155E-03    0.00000E+00    0.57785E-03    0.00000E+00    0.55326E-03    0.35758E-02    0.33213E-01    0.35608E-02    0.33996E-01    0.35748E-02    0.33264E-01    0.32668E-02    0.28921E-01    0.32655E-02    0.30815E-01    0.32668E-02    0.29044E-01
2180  0    0.77265E-04    0.83048E-04    0.77646E-04    0.34440E-04    0.42825E-03    0.37785E-04    0.45264E-03    0.34661E-04    0.42985E-03    0.88606E-02    0.29266E-01    0.92259E-02    0.30088E-01    0.88851E-02    0.29321E-01    0.54782E-02    0.22707E-01    0.57248E-02    0.24116E-01    0.54944E-02    0.22799E-01    0.16411E-03    0.17175E-03    0.16464E-03    0.16411E-03    0.00000E+00    0.17175E-03    0.00000E+00    0.16464E-03    0.00000E+00    0.18117E-01    0.00000E+00    0.18534E-01    0.00000E+00    0.18146E-01    0.00000E+00    0.14110E-01    0.00000E+00    0.14708E-01    0.00000E+00    0.14151E-01    0.00000E+00    0.54199E-04    0.58030E-04    0.54448E-04    0.00000E+00    0.54199E-03    0.00000E+00    0.58030E-03    0.00000E+00    0.54448E-03    0.34910E-02    0.32924E-01    0.34986E-02    0.34068E-01    0.34915E-02    0.32999E-01    0.31856E-02    0.28738E-01    0.31910E-02    0.30917E-01    0.31860E-02    0.28879E-01
2200  0    0.76052E-04    0.82890E-04    0.76501E-04    0.33814E-04    0.42237E-03    0.38157E-04    0.44733E-03    0.34100E-04    0.42402E-03    0.87753E-02    0.29065E-01    0.92577E-02    0.29911E-01    0.88079E-02    0.29121E-01    0.54001E-02    0.22598E-01    0.56488E-02    0.23979E-01    0.54165E-02    0.22689E-01    0.16113E-03    0.17344E-03    0.16197E-03    0.16113E-03    0.00000E+00    0.17344E-03    0.00000E+00    0.16197E-03    0.00000E+00    0.17952E-01    0.00000E+00    0.18625E-01    0.00000E+00    0.17999E-01    0.00000E+00    0.13873E-01    0.00000E+00    0.14423E-01    0.00000E+00    0.13911E-01    0.00000E+00    0.53455E-04    0.57350E-04    0.53709E-04    0.00000E+00    0.53455E-03    0.00000E+00    0.57350E-03    0.00000E+00    0.53709E-03    0.34451E-02    0.32697E-01    0.34699E-02    0.33867E-01    0.34467E-02    0.32775E-01    0.31496E-02    0.28600E-01    0.31739E-02    0.30742E-01    0.31512E-02    0.28739E-01
2220  0    0.74987E-04    0.82123E-04    0.75457E-04    0.33487E-04    0.41500E-03    0.38851E-04    0.43272E-03    0.33840E-04    0.41616E-03    0.87413E-02    0.28810E-01    0.93384E-02    0.29418E-01    0.87818E-02    0.28850E-01    0.53776E-02    0.22431E-01    0.56493E-02    0.23612E-01    0.53955E-02    0.22508E-01    0.15957E-03    0.17659E-03    0.16074E-03    0.15957E-03    0.00000E+00    0.17659E-03    0.00000E+00    0.16074E-03    0.00000E+00    0.17865E-01    0.00000E+00    0.18793E-01    0.00000E+00    0.17930E-01    0.00000E+00    0.13782E-01    0.00000E+00    0.14364E-01    0.00000E+00    0.13822E-01    0.00000E+00    0.52522E-04    0.55477E-04    0.52714E-04    0.00000E+00    0.52522E-03    0.00000E+00    0.55477E-03    0.00000E+00    0.52714E-03    0.34557E-02    0.32410E-01    0.34905E-02    0.33310E-01    0.34580E-02    0.32470E-01    0.31453E-02    0.28388E-01    0.31914E-02    0.30271E-01    0.31483E-02    0.28511E-01
2240  0    0.74204E-04    0.80437E-04    0.74614E-04    0.33296E-04    0.40908E-03    0.37894E-04    0.42542E-03    0.33599E-04    0.41015E-03    0.87199E-02    0.28603E-01    0.92177E-02    0.29169E-01    0.87535E-02    0.28641E-01    0.53575E-02    0.22265E-01    0.55633E-02    0.23374E-01    0.53710E-02    0.22338E-01    0.15866E-03    0.17225E-03    0.15959E-03    0.15866E-03    0.00000E+00    0.17225E-03    0.00000E+00    0.15959E-03    0.00000E+00    0.17813E-01    0.00000E+00    0.18561E-01    0.00000E+00    0.17866E-01    0.00000E+00    0.13725E-01    0.00000E+00    0.14172E-01    0.00000E+00    0.13756E-01    0.00000E+00    0.51773E-04    0.54541E-04    0.51953E-04    0.00000E+00    0.51773E-03    0.00000E+00    0.54541E-03    0.00000E+00    0.51953E-03    0.34573E-02    0.32179E-01    0.34302E-02    0.33028E-01    0.34556E-02    0.32234E-01    0.31351E-02    0.28179E-01    0.31352E-02    0.29967E-01    0.31351E-02    0.28295E-01
2260  0    0.73015E-04    0.79980E-04    0.73473E-04    0.32722E-04    0.40293E-03    0.37608E-04    0.42373E-03    0.33043E-04    0.40430E-03    0.86478E-02    0.28388E-01    0.91687E-02    0.29111E-01    0.86831E-02    0.28436E-01    0.53160E-02    0.22061E-01    0.55197E-02    0.23296E-01    0.53294E-02    0.22142E-01    0.15592E-03    0.17094E-03    0.15695E-03    0.15592E-03    0.00000E+00    0.17094E-03    0.00000E+00    0.15695E-03    0.00000E+00    0.17659E-01    0.00000E+00    0.18490E-01    0.00000E+00    0.17717E-01    0.00000E+00    0.13585E-01    0.00000E+00    0.14234E-01    0.00000E+00    0.13629E-01    0.00000E+00    0.50995E-04    0.54324E-04    0.51212E-04    0.00000E+00    0.50995E-03    0.00000E+00    0.54324E-03    0.00000E+00    0.51212E-03    0.34385E-02    0.31936E-01    0.33681E-02    0.32962E-01    0.34339E-02    0.32004E-01    0.31198E-02    0.27920E-01    0.30619E-02    0.29866E-01    0.31161E-02    0.28047E-01
2280  0    0.71678E-04    0.77931E-04    0.72090E-04    0.32147E-04    0.39531E-03    0.36637E-04    0.41293E-03    0.32442E-04    0.39647E-03    0.85789E-02    0.28118E-01    0.90572E-02    0.28738E-01    0.86112E-02    0.28159E-01    0.52670E-02    0.21889E-01    0.54769E-02    0.23017E-01    0.52808E-02    0.21963E-01    0.15318E-03    0.16653E-03    0.15410E-03    0.15318E-03    0.00000E+00    0.16653E-03    0.00000E+00    0.15410E-03    0.00000E+00    0.17503E-01    0.00000E+00    0.18250E-01    0.00000E+00    0.17556E-01    0.00000E+00    0.13407E-01    0.00000E+00    0.14145E-01    0.00000E+00    0.13457E-01    0.00000E+00    0.50031E-04    0.52940E-04    0.50220E-04    0.00000E+00    0.50031E-03    0.00000E+00    0.52940E-03    0.00000E+00    0.50220E-03    0.34315E-02    0.31632E-01    0.33510E-02    0.32539E-01    0.34264E-02    0.31692E-01    0.31052E-02    0.27702E-01    0.30321E-02    0.29509E-01    0.31004E-02    0.27820E-01
2300  0    0.70364E-04    0.77129E-04    0.70809E-04    0.31713E-04    0.38650E-03    0.35902E-04    0.41227E-03    0.31989E-04    0.38820E-03    0.85097E-02    0.27803E-01    0.89641E-02    0.28715E-01    0.85404E-02    0.27864E-01    0.51924E-02    0.21633E-01    0.54222E-02    0.22920E-01    0.52075E-02    0.21718E-01    0.15112E-03    0.16319E-03    0.15195E-03    0.15112E-03    0.00000E+00    0.16319E-03    0.00000E+00    0.15195E-03    0.00000E+00    0.17385E-01    0.00000E+00    0.18066E-01    0.00000E+00    0.17433E-01    0.00000E+00    0.13268E-01    0.00000E+00    0.14048E-01    0.00000E+00    0.13322E-01    0.00000E+00    0.48916E-04    0.52855E-04    0.49172E-04    0.00000E+00    0.48916E-03    0.00000E+00    0.52855E-03    0.00000E+00    0.49172E-03    0.33728E-02    0.31278E-01    0.33110E-02    0.32513E-01    0.33689E-02    0.31360E-01    0.30474E-02    0.27379E-01    0.29892E-02    0.29384E-01    0.30436E-02    0.27509E-01
2320  0    0.69211E-04    0.75350E-04    0.69615E-04    0.31051E-04    0.38160E-03    0.35671E-04    0.39679E-03    0.31355E-04    0.38260E-03    0.84218E-02    0.27626E-01    0.89239E-02    0.28170E-01    0.84557E-02    0.27662E-01    0.51455E-02    0.21565E-01    0.53970E-02    0.22608E-01    0.51621E-02    0.21634E-01    0.14796E-03    0.16214E-03    0.14894E-03    0.14796E-03    0.00000E+00    0.16214E-03    0.00000E+00    0.14894E-03    0.00000E+00    0.17202E-01    0.00000E+00    0.18008E-01    0.00000E+00    0.17259E-01    0.00000E+00    0.13165E-01    0.00000E+00    0.14129E-01    0.00000E+00    0.13231E-01    0.00000E+00    0.48295E-04    0.50870E-04    0.48462E-04    0.00000E+00    0.48295E-03    0.00000E+00    0.50870E-03    0.00000E+00    0.48462E-03    0.33419E-02    0.31079E-01    0.32607E-02    0.31897E-01    0.33367E-02    0.31133E-01    0.30155E-02    0.27293E-01    0.29342E-02    0.28985E-01    0.30102E-02    0.27403E-01
2340  0    0.68476E-04    0.73752E-04    0.68823E-04    0.30813E-04    0.37663E-03    0.34528E-04    0.39224E-03    0.31058E-04    0.37765E-03    0.84002E-02    0.27446E-01    0.87890E-02    0.28009E-01    0.84264E-02    0.27483E-01    0.51551E-02    0.21432E-01    0.54130E-02    0.22496E-01    0.51721E-02    0.21502E-01    0.14683E-03    0.15694E-03    0.14752E-03    0.14683E-03    0.00000E+00    0.15694E-03    0.00000E+00    0.14752E-03    0.00000E+00    0.17136E-01    0.00000E+00    0.17717E-01    0.00000E+00    0.17177E-01    0.00000E+00    0.13130E-01    0.00000E+00    0.14234E-01    0.00000E+00    0.13206E-01    0.00000E+00    0.47666E-04    0.50287E-04    0.47836E-04    0.00000E+00    0.47666E-03    0.00000E+00    0.50287E-03    0.00000E+00    0.47836E-03    0.33631E-02    0.30876E-01    0.32405E-02    0.31713E-01    0.33553E-02    0.30931E-01    0.30371E-02    0.27125E-01    0.29249E-02    0.28842E-01    0.30298E-02    0.27236E-01
2360  0    0.67679E-04    0.73362E-04    0.68053E-04    0.30800E-04    0.36879E-03    0.34632E-04    0.38730E-03    0.31052E-04    0.37001E-03    0.83936E-02    0.27158E-01    0.88057E-02    0.27832E-01    0.84213E-02    0.27203E-01    0.51431E-02    0.21232E-01    0.54897E-02    0.22318E-01    0.51659E-02    0.21303E-01    0.14676E-03    0.15742E-03    0.14750E-03    0.14676E-03    0.00000E+00    0.15742E-03    0.00000E+00    0.14750E-03    0.00000E+00    0.17133E-01    0.00000E+00    0.17744E-01    0.00000E+00    0.17175E-01    0.00000E+00    0.13125E-01    0.00000E+00    0.14544E-01    0.00000E+00    0.13222E-01    0.00000E+00    0.46674E-04    0.49654E-04    0.46868E-04    0.00000E+00    0.46674E-03    0.00000E+00    0.49654E-03    0.00000E+00    0.46868E-03    0.33473E-02    0.30553E-01    0.32574E-02    0.31513E-01    0.33415E-02    0.30616E-01    0.30232E-02    0.26871E-01    0.29360E-02    0.28613E-01    0.30175E-02    0.26984E-01
2380  0    0.66716E-04    0.71659E-04    0.67041E-04    0.30604E-04    0.36112E-03    0.33929E-04    0.37731E-03    0.30822E-04    0.36219E-03    0.83728E-02    0.26875E-01    0.87170E-02    0.27470E-01    0.83959E-02    0.26914E-01    0.51452E-02    0.21074E-01    0.54097E-02    0.22157E-01    0.51626E-02    0.21146E-01    0.14583E-03    0.15422E-03    0.14641E-03    0.14583E-03    0.00000E+00    0.15422E-03    0.00000E+00    0.14641E-03    0.00000E+00    0.17078E-01    0.00000E+00    0.17563E-01    0.00000E+00    0.17112E-01    0.00000E+00    0.13136E-01    0.00000E+00    0.14266E-01    0.00000E+00    0.13213E-01    0.00000E+00    0.45704E-04    0.48373E-04    0.45877E-04    0.00000E+00    0.45704E-03    0.00000E+00    0.48373E-03    0.00000E+00    0.45877E-03    0.33555E-02    0.30234E-01    0.32281E-02    0.31104E-01    0.33474E-02    0.30291E-01    0.30229E-02    0.26672E-01    0.29116E-02    0.28406E-01    0.30157E-02    0.26785E-01
2400  0    0.65908E-04    0.70470E-04    0.66208E-04    0.30022E-04    0.35886E-03    0.33302E-04    0.37168E-03    0.30238E-04    0.35970E-03    0.82929E-02    0.26790E-01    0.86460E-02    0.27265E-01    0.83166E-02    0.26822E-01    0.50933E-02    0.21044E-01    0.53312E-02    0.22098E-01    0.51090E-02    0.21113E-01    0.14306E-03    0.15137E-03    0.14363E-03    0.14306E-03    0.00000E+00    0.15137E-03    0.00000E+00    0.14363E-03    0.00000E+00    0.16915E-01    0.00000E+00    0.17400E-01    0.00000E+00    0.16949E-01    0.00000E+00    0.12990E-01    0.00000E+00    0.13959E-01    0.00000E+00    0.13057E-01    0.00000E+00    0.45417E-04    0.47651E-04    0.45562E-04    0.00000E+00    0.45417E-03    0.00000E+00    0.47651E-03    0.00000E+00    0.45562E-03    0.33235E-02    0.30139E-01    0.32321E-02    0.30871E-01    0.33176E-02    0.30187E-01    0.29960E-02    0.26633E-01    0.28977E-02    0.28331E-01    0.29896E-02    0.26744E-01
2420  1    0.65199E-04    0.70538E-04    0.65550E-04    0.29813E-04    0.35386E-03    0.33681E-04    0.36857E-03    0.30068E-04    0.35483E-03    0.82628E-02    0.26603E-01    0.86835E-02    0.27150E-01    0.82911E-02    0.26639E-01    0.50760E-02    0.20910E-01    0.53396E-02    0.21899E-01    0.50933E-02    0.20975E-01    0.14206E-03    0.15310E-03    0.14282E-03    0.14206E-03    0.00000E+00    0.15310E-03    0.00000E+00    0.14282E-03    0.00000E+00    0.16856E-01    0.00000E+00    0.17498E-01    0.00000E+00    0.16901E-01    0.00000E+00    0.12931E-01    0.00000E+00    0.14025E-01    0.00000E+00    0.13006E-01    0.00000E+00    0.44784E-04    0.47252E-04    0.44945E-04    0.00000E+00    0.44784E-03    0.00000E+00    0.47252E-03    0.00000E+00    0.44945E-03    0.33082E-02    0.29928E-01    0.32106E-02    0.30741E-01    0.33019E-02    0.29982E-01    0.29897E-02    0.26463E-01    0.28898E-02    0.28076E-01    0.29832E-02    0.26568E-01
2440  0    0.64264E-04    0.70141E-04    0.64651E-04    0.29624E-04    0.34640E-03    0.34150E-04    0.35991E-03    0.29922E-04    0.34729E-03    0.82244E-02    0.26321E-01    0.87198E-02    0.26829E-01    0.82579E-02    0.26355E-01    0.50362E-02    0.20674E-01    0.53153E-02    0.21591E-01    0.50545E-02    0.20735E-01    0.14116E-03    0.15523E-03    0.14213E-03    0.14116E-03    0.00000E+00    0.15523E-03    0.00000E+00    0.14213E-03    0.00000E+00    0.16803E-01    0.00000E+00    0.17620E-01    0.00000E+00    0.16860E-01    0.00000E+00    0.12869E-01    0.00000E+00    0.14035E-01    0.00000E+00    0.12949E-01    0.00000E+00    0.43840E-04    0.46142E-04    0.43990E-04    0.00000E+00    0.43840E-03    0.00000E+00    0.46142E-03    0.00000E+00    0.43990E-03    0.32592E-02    0.29611E-01    0.31491E-02    0.30378E-01    0.32521E-02    0.29661E-01    0.29558E-02    0.26165E-01    0.28558E-02    0.27680E-01    0.29493E-02    0.26264E-01
2460  0    0.63244E-04    0.68842E-04    0.63612E-04    0.29062E-04    0.34181E-03    0.33544E-04    0.35298E-03    0.29357E-04    0.34255E-03    0.81538E-02    0.26146E-01    0.86353E-02    0.26570E-01    0.81863E-02    0.26174E-01    0.50282E-02    0.20569E-01    0.52857E-02    0.21440E-01    0.50451E-02    0.20627E-01    0.13849E-03    0.15247E-03    0.13945E-03    0.13849E-03    0.00000E+00    0.15247E-03    0.00000E+00    0.13945E-03    0.00000E+00    0.16642E-01    0.00000E+00    0.17463E-01    0.00000E+00    0.16700E-01    0.00000E+00    0.12793E-01    0.00000E+00    0.14024E-01    0.00000E+00    0.12878E-01    0.00000E+00    0.43260E-04    0.45254E-04    0.43390E-04    0.00000E+00    0.43260E-03    0.00000E+00    0.45254E-03    0.00000E+00    0.43390E-03    0.32527E-02    0.29414E-01    0.30968E-02    0.30085E-01    0.32428E-02    0.29458E-01    0.29657E-02    0.26032E-01    0.28211E-02    0.27487E-01    0.29563E-02    0.26127E-01
2480  1    0.62127E-04    0.68881E-04    0.62571E-04    0.28800E-04    0.33326E-03    0.34422E-04    0.34459E-03    0.29170E-04    0.33401E-03    0.81121E-02    0.25817E-01    0.87312E-02    0.26252E-01    0.81542E-02    0.25846E-01    0.50303E-02    0.20262E-01    0.53482E-02    0.21172E-01    0.50512E-02    0.20322E-01    0.13724E-03    0.15646E-03    0.13856E-03    0.13724E-03    0.00000E+00    0.15646E-03    0.00000E+00    0.13856E-03    0.00000E+00    0.16567E-01    0.00000E+00    0.17690E-01    0.00000E+00    0.16647E-01    0.00000E+00    0.12838E-01    0.00000E+00    0.14319E-01    0.00000E+00    0.12940E-01    0.00000E+00    0.42178E-04    0.44178E-04    0.42308E-04    0.00000E+00    0.42178E-03    0.00000E+00    0.44178E-03    0.00000E+00    0.42308E-03    0.32224E-02    0.29044E-01    0.30781E-02    0.29725E-01    0.32132E-02    0.29089E-01    0.29565E-02    0.25643E-01    0.28181E-02    0.27144E-01    0.29475E-02    0.25741E-01
2500  2    0.61268E-04    0.69086E-04    0.61782E-04    0.28721E-04    0.32547E-03    0.35204E-04    0.33882E-03    0.29147E-04    0.32635E-03    0.80965E-02    0.25514E-01    0.88078E-02    0.26031E-01    0.81452E-02    0.25548E-01    0.50460E-02    0.20022E-01    0.53628E-02    0.20950E-01    0.50668E-02    0.20083E-01    0.13686E-03    0.16002E-03    0.13845E-03    0.13686E-03    0.00000E+00    0.16002E-03    0.00000E+00    0.13845E-03    0.00000E+00    0.16544E-01    0.00000E+00    0.17890E-01    0.00000E+00    0.16640E-01    0.00000E+00    0.12935E-01    0.00000E+00    0.14498E-01    0.00000E+00    0.13042E-01    0.00000E+00    0.41191E-04    0.43438E-04    0.41337E-04    0.00000E+00    0.41191E-03    0.00000E+00    0.43438E-03    0.00000E+00    0.41337E-03    0.32042E-02    0.28702E-01    0.30318E-02    0.29475E-01    0.31933E-02    0.28753E-01    0.29508E-02    0.25340E-01    0.27863E-02    0.26858E-01    0.29401E-02    0.25439E-01
2520  0    0.60192E-04    0.68196E-04    0.60718E-04    0.28445E-04    0.31746E-03    0.34662E-04    0.33534E-03    0.28854E-04    0.31864E-03    0.80504E-02    0.25198E-01    0.87455E-02    0.25897E-01    0.80979E-02    0.25244E-01    0.50209E-02    0.19789E-01    0.53461E-02    0.20840E-01    0.50423E-02    0.19858E-01    0.13555E-03    0.15755E-03    0.13706E-03    0.13555E-03    0.00000E+00    0.15755E-03    0.00000E+00    0.13706E-03    0.00000E+00    0.16465E-01    0.00000E+00    0.17751E-01    0.00000E+00    0.16556E-01    0.00000E+00    0.12928E-01    0.00000E+00    0.14445E-01    0.00000E+00    0.13032E-01    0.00000E+00    0.40178E-04    0.42992E-04    0.40361E-04    0.00000E+00    0.40178E-03    0.00000E+00    0.42992E-03    0.00000E+00    0.40361E-03    0.31655E-02    0.28347E-01    0.30296E-02    0.29323E-01    0.31568E-02    0.28412E-01    0.29208E-02    0.25044E-01    0.27798E-02    0.26718E-01    0.29116E-02    0.25153E-01
2540  0    0.58805E-04    0.65350E-04    0.59235E-04    0.27950E-04    0.30855E-03    0.32357E-04    0.32992E-03    0.28240E-04    0.30996E-03    0.79598E-02    0.24841E-01    0.84352E-02    0.25687E-01    0.79919E-02    0.24898E-01    0.49442E-02    0.19586E-01    0.50817E-02    0.20476E-01    0.49533E-02    0.19644E-01    0.13318E-03    0.14708E-03    0.13414E-03    0.13318E-03    0.00000E+00    0.14708E-03    0.00000E+00    0.13414E-03    0.00000E+00    0.16321E-01    0.00000E+00    0.17151E-01    0.00000E+00    0.16379E-01    0.00000E+00    0.12897E-01    0.00000E+00    0.13793E-01    0.00000E+00    0.12959E-01    0.00000E+00    0.39050E-04    0.42298E-04    0.39261E-04    0.00000E+00    0.39050E-03    0.00000E+00    0.42298E-03    0.00000E+00    0.39261E-03    0.30723E-02    0.27946E-01    0.28729E-02    0.29085E-01    0.30598E-02    0.28022E-01    0.28319E-02    0.24788E-01    0.26248E-02    0.26252E-01    0.28185E-02    0.24883E-01
2560  0    0.57791E-04    0.64174E-04    0.58211E-04    0.27333E-04    0.30458E-03    0.31882E-04    0.32292E-03    0.27632E-04    0.30579E-03    0.78730E-02    0.24681E-01    0.83721E-02    0.25414E-01    0.79068E-02    0.24730E-01    0.48993E-02    0.19459E-01    0.50335E-02    0.20254E-01    0.49082E-02    0.19511E-01    0.13024E-03    0.14492E-03    0.13125E-03    0.13024E-03    0.00000E+00    0.14492E-03    0.00000E+00    0.13125E-03    0.00000E+00    0.16140E-01    0.00000E+00    0.17024E-01    0.00000E+00    0.16202E-01    0.00000E+00    0.12754E-01    0.00000E+00    0.13610E-01    0.00000E+00    0.12813E-01    0.00000E+00    0.38548E-04    0.41401E-04    0.38733E-04    0.00000E+00    0.38548E-03    0.00000E+00    0.41401E-03    0.00000E+00    0.38733E-03    0.30434E-02    0.27766E-01    0.28485E-02    0.28775E-01    0.30311E-02    0.27833E-01    0.28131E-02    0.24627E-01    0.26145E-02    0.25966E-01    0.28002E-02    0.24714E-01
2580  0    0.56560E-04    0.60724E-04    0.56834E-04    0.26416E-04    0.30144E-03    0.28818E-04    0.31907E-03    0.26574E-04    0.30260E-03    0.77528E-02    0.24554E-01    0.80035E-02    0.25261E-01    0.77695E-02    0.24601E-01    0.48509E-02    0.19424E-01    0.49810E-02    0.20150E-01    0.48595E-02    0.19472E-01    0.12587E-03    0.13099E-03    0.12622E-03    0.12587E-03    0.00000E+00    0.13099E-03    0.00000E+00    0.12622E-03    0.00000E+00    0.15866E-01    0.00000E+00    0.16186E-01    0.00000E+00    0.15889E-01    0.00000E+00    0.12526E-01    0.00000E+00    0.13217E-01    0.00000E+00    0.12574E-01    0.00000E+00    0.38150E-04    0.40906E-04    0.38329E-04    0.00000E+00    0.38150E-03    0.00000E+00    0.40906E-03    0.00000E+00    0.38329E-03    0.30341E-02    0.27623E-01    0.28690E-02    0.28603E-01    0.30237E-02    0.27687E-01    0.28124E-02    0.24583E-01    0.26581E-02    0.25834E-01    0.28023E-02    0.24664E-01
2600  0    0.55285E-04    0.59433E-04    0.55558E-04    0.25656E-04    0.29630E-03    0.27588E-04    0.31845E-03    0.25783E-04    0.29775E-03    0.76581E-02    0.24343E-01    0.78740E-02    0.25237E-01    0.76725E-02    0.24403E-01    0.48134E-02    0.19275E-01    0.49888E-02    0.20049E-01    0.48249E-02    0.19326E-01    0.12225E-03    0.12540E-03    0.12247E-03    0.12225E-03    0.00000E+00    0.12540E-03    0.00000E+00    0.12247E-03    0.00000E+00    0.15637E-01    0.00000E+00    0.15837E-01    0.00000E+00    0.15651E-01    0.00000E+00    0.12329E-01    0.00000E+00    0.12955E-01    0.00000E+00    0.12372E-01    0.00000E+00    0.37499E-04    0.40827E-04    0.37715E-04    0.00000E+00    0.37499E-03    0.00000E+00    0.40827E-03    0.00000E+00    0.37715E-03    0.30466E-02    0.27386E-01    0.29576E-02    0.28575E-01    0.30409E-02    0.27465E-01    0.28172E-02    0.24395E-01    0.27419E-02    0.25703E-01    0.28123E-02    0.24480E-01
2620  0    0.53991E-04    0.57799E-04    0.54242E-04    0.24884E-04    0.29108E-03    0.25961E-04    0.31837E-03    0.24954E-04    0.29287E-03    0.75414E-02    0.24128E-01    0.76581E-02    0.25234E-01    0.75491E-02    0.24202E-01    0.47098E-02    0.19132E-01    0.48375E-02    0.20053E-01    0.47182E-02    0.19192E-01    0.11857E-03    0.11801E-03    0.11853E-03    0.11857E-03    0.00000E+00    0.11801E-03    0.00000E+00    0.11853E-03    0.00000E+00    0.15400E-01    0.00000E+00    0.15363E-01    0.00000E+00    0.15397E-01    0.00000E+00    0.12010E-01    0.00000E+00    0.12284E-01    0.00000E+00    0.12028E-01    0.00000E+00    0.36839E-04    0.40817E-04    0.37097E-04    0.00000E+00    0.36839E-03    0.00000E+00    0.40817E-03    0.00000E+00    0.37097E-03    0.29988E-02    0.27144E-01    0.29362E-02    0.28572E-01    0.29948E-02    0.27239E-01    0.27710E-02    0.24213E-01    0.27372E-02    0.25709E-01    0.27688E-02    0.24310E-01
2640  1    0.53080E-04    0.57817E-04    0.53392E-04    0.24237E-04    0.28843E-03    0.26368E-04    0.31450E-03    0.24377E-04    0.29015E-03    0.74564E-02    0.24018E-01    0.77038E-02    0.25080E-01    0.74729E-02    0.24089E-01    0.46716E-02    0.19010E-01    0.48119E-02    0.20014E-01    0.46808E-02    0.19076E-01    0.11549E-03    0.11985E-03    0.11579E-03    0.11549E-03    0.00000E+00    0.11985E-03    0.00000E+00    0.11579E-03    0.00000E+00    0.15198E-01    0.00000E+00    0.15482E-01    0.00000E+00    0.15218E-01    0.00000E+00    0.11837E-01    0.00000E+00    0.12306E-01    0.00000E+00    0.11869E-01    0.00000E+00    0.36504E-04    0.40320E-04    0.36752E-04    0.00000E+00    0.36504E-03    0.00000E+00    0.40320E-03    0.00000E+00    0.36752E-03    0.30027E-02    0.27020E-01    0.29119E-02    0.28397E-01    0.29968E-02    0.27112E-01    0.27684E-02    0.24059E-01    0.26981E-02    0.25659E-01    0.27638E-02    0.24163E-01
2660  0    0.52050E-04    0.56734E-04    0.52358E-04    0.23590E-04    0.28460E-03    0.24958E-04    0.31776E-03    0.23680E-04    0.28678E-03    0.73565E-02    0.23858E-01    0.75073E-02    0.25209E-01    0.73665E-02    0.23949E-01    0.46268E-02    0.18885E-01    0.47443E-02    0.20029E-01    0.46346E-02    0.18960E-01    0.11241E-03    0.11345E-03    0.11248E-03    0.11241E-03    0.00000E+00    0.11345E-03    0.00000E+00    0.11248E-03    0.00000E+00    0.14994E-01    0.00000E+00    0.15063E-01    0.00000E+00    0.14999E-01    0.00000E+00    0.11748E-01    0.00000E+00    0.12138E-01    0.00000E+00    0.11774E-01    0.00000E+00    0.36019E-04    0.40738E-04    0.36325E-04    0.00000E+00    0.36019E-03    0.00000E+00    0.40738E-03    0.00000E+00    0.36325E-03    0.29632E-02    0.26840E-01    0.28739E-02    0.28544E-01    0.29575E-02    0.26954E-01    0.27356E-02    0.23901E-01    0.26590E-02    0.25679E-01    0.27306E-02    0.24016E-01
2680  0    0.50958E-04    0.56374E-04    0.51315E-04    0.23170E-04    0.27788E-03    0.24820E-04    0.31554E-03    0.23279E-04    0.28036E-03    0.72741E-02    0.23575E-01    0.74719E-02    0.25121E-01    0.72873E-02    0.23680E-01    0.45640E-02    0.18673E-01    0.46819E-02    0.19897E-01    0.45718E-02    0.18753E-01    0.11041E-03    0.11282E-03    0.11057E-03    0.11041E-03    0.00000E+00    0.11282E-03    0.00000E+00    0.11057E-03    0.00000E+00    0.14860E-01    0.00000E+00    0.15021E-01    0.00000E+00    0.14871E-01    0.00000E+00    0.11648E-01    0.00000E+00    0.12038E-01    0.00000E+00    0.11674E-01    0.00000E+00    0.35169E-04    0.40454E-04    0.35512E-04    0.00000E+00    0.35169E-03    0.00000E+00    0.40454E-03    0.00000E+00    0.35512E-03    0.28842E-02    0.26521E-01    0.28171E-02    0.28444E-01    0.28799E-02    0.26650E-01    0.26826E-02    0.23632E-01    0.26070E-02    0.25509E-01    0.26777E-02    0.23754E-01
2700  0    0.49756E-04    0.55534E-04    0.50136E-04    0.22652E-04    0.27104E-03    0.24746E-04    0.30789E-03    0.22790E-04    0.27346E-03    0.71860E-02    0.23282E-01    0.74548E-02    0.24815E-01    0.72040E-02    0.23386E-01    0.45097E-02    0.18449E-01    0.46735E-02    0.19644E-01    0.45204E-02    0.18528E-01    0.10794E-03    0.11248E-03    0.10825E-03    0.10794E-03    0.00000E+00    0.11248E-03    0.00000E+00    0.10825E-03    0.00000E+00    0.14693E-01    0.00000E+00    0.14999E-01    0.00000E+00    0.14714E-01    0.00000E+00    0.11547E-01    0.00000E+00    0.12121E-01    0.00000E+00    0.11587E-01    0.00000E+00    0.34302E-04    0.39473E-04    0.34638E-04    0.00000E+00    0.34302E-03    0.00000E+00    0.39473E-03    0.00000E+00    0.34638E-03    0.28312E-02    0.26193E-01    0.27926E-02    0.28097E-01    0.28287E-02    0.26320E-01    0.26405E-02    0.23349E-01    0.25730E-02    0.25185E-01    0.26361E-02    0.23468E-01
2720  0    0.48666E-04    0.52872E-04    0.48943E-04    0.21926E-04    0.26741E-03    0.22584E-04    0.30288E-03    0.21969E-04    0.26974E-03    0.70780E-02    0.23126E-01    0.71621E-02    0.24612E-01    0.70836E-02    0.23227E-01    0.44758E-02    0.18323E-01    0.45755E-02    0.19544E-01    0.44824E-02    0.18403E-01    0.10448E-03    0.10265E-03    0.10435E-03    0.10448E-03    0.00000E+00    0.10265E-03    0.00000E+00    0.10435E-03    0.00000E+00    0.14455E-01    0.00000E+00    0.14329E-01    0.00000E+00    0.14447E-01    0.00000E+00    0.11426E-01    0.00000E+00    0.11625E-01    0.00000E+00    0.11439E-01    0.00000E+00    0.33843E-04    0.38831E-04    0.34167E-04    0.00000E+00    0.33843E-03    0.00000E+00    0.38831E-03    0.00000E+00    0.34167E-03    0.28117E-02    0.26016E-01    0.28028E-02    0.27868E-01    0.28111E-02    0.26141E-01    0.26300E-02    0.23189E-01    0.25873E-02    0.25056E-01    0.26272E-02    0.23310E-01
2740  0    0.47408E-04    0.52236E-04    0.47725E-04    0.21472E-04    0.25935E-03    0.22867E-04    0.29369E-03    0.21564E-04    0.26161E-03    0.69984E-02    0.22775E-01    0.71950E-02    0.24236E-01    0.70115E-02    0.22874E-01    0.43926E-02    0.18019E-01    0.45106E-02    0.19190E-01    0.44004E-02    0.18096E-01    0.10232E-03    0.10394E-03    0.10243E-03    0.10232E-03    0.00000E+00    0.10394E-03    0.00000E+00    0.10243E-03    0.00000E+00    0.14305E-01    0.00000E+00    0.14418E-01    0.00000E+00    0.14313E-01    0.00000E+00    0.11255E-01    0.00000E+00    0.11419E-01    0.00000E+00    0.11266E-01    0.00000E+00    0.32823E-04    0.37653E-04    0.33137E-04    0.00000E+00    0.32823E-03    0.00000E+00    0.37653E-03    0.00000E+00    0.33137E-03    0.27631E-02    0.25622E-01    0.27812E-02    0.27442E-01    0.27643E-02    0.25744E-01    0.25700E-02    0.22805E-01    0.25621E-02    0.24603E-01    0.25695E-02    0.22922E-01
2760  0    0.46734E-04    0.51704E-04    0.47061E-04    0.21134E-04    0.25600E-03    0.22126E-04    0.29579E-03    0.21199E-04    0.25861E-03    0.69430E-02    0.22627E-01    0.70887E-02    0.24322E-01    0.69527E-02    0.22743E-01    0.43427E-02    0.17906E-01    0.44824E-02    0.19146E-01    0.43519E-02    0.17988E-01    0.10071E-03    0.10057E-03    0.10070E-03    0.10071E-03    0.00000E+00    0.10057E-03    0.00000E+00    0.10070E-03    0.00000E+00    0.14192E-01    0.00000E+00    0.14182E-01    0.00000E+00    0.14191E-01    0.00000E+00    0.11127E-01    0.00000E+00    0.11362E-01    0.00000E+00    0.11143E-01    0.00000E+00    0.32399E-04    0.37922E-04    0.32758E-04    0.00000E+00    0.32399E-03    0.00000E+00    0.37922E-03    0.00000E+00    0.32758E-03    0.27411E-02    0.25455E-01    0.27733E-02    0.27540E-01    0.27432E-02    0.25596E-01    0.25409E-02    0.22662E-01    0.25421E-02    0.24546E-01    0.25410E-02    0.22784E-01
2780  0    0.45954E-04    0.49178E-04    0.46166E-04    0.20737E-04    0.25218E-03    0.20189E-04    0.28989E-03    0.20701E-04    0.25466E-03    0.68667E-02    0.22458E-01    0.68041E-02    0.24078E-01    0.68626E-02    0.22568E-01    0.42769E-02    0.17805E-01    0.44176E-02    0.18934E-01    0.42862E-02    0.17879E-01    0.98813E-04    0.91769E-04    0.98329E-04    0.98813E-04    0.00000E+00    0.91769E-04    0.00000E+00    0.98329E-04    0.00000E+00    0.14058E-01    0.00000E+00    0.13548E-01    0.00000E+00    0.14023E-01    0.00000E+00    0.11008E-01    0.00000E+00    0.11131E-01    0.00000E+00    0.11017E-01    0.00000E+00    0.31915E-04    0.37165E-04    0.32256E-04    0.00000E+00    0.31915E-03    0.00000E+00    0.37165E-03    0.00000E+00    0.32256E-03    0.26807E-02    0.25265E-01    0.27544E-02    0.27263E-01    0.26856E-02    0.25399E-01    0.24891E-02    0.22534E-01    0.25241E-02    0.24274E-01    0.24914E-02    0.22647E-01
2800  0    0.45181E-04    0.47639E-04    0.45343E-04    0.20275E-04    0.24906E-03    0.19872E-04    0.27767E-03    0.20248E-04    0.25094E-03    0.67794E-02    0.22319E-01    0.67351E-02    0.23566E-01    0.67765E-02    0.22403E-01    0.42181E-02    0.17682E-01    0.43430E-02    0.18560E-01    0.42264E-02    0.17740E-01    0.96611E-04    0.90325E-04    0.96179E-04    0.96611E-04    0.00000E+00    0.90325E-04    0.00000E+00    0.96179E-04    0.00000E+00    0.13900E-01    0.00000E+00    0.13441E-01    0.00000E+00    0.13869E-01    0.00000E+00    0.10925E-01    0.00000E+00    0.11016E-01    0.00000E+00    0.10931E-01    0.00000E+00    0.31521E-04    0.35599E-04    0.31786E-04    0.00000E+00    0.31521E-03    0.00000E+00    0.35599E-03    0.00000E+00    0.31786E-03    0.26167E-02    0.25108E-01    0.26839E-02    0.26683E-01    0.26211E-02    0.25214E-01    0.24369E-02    0.22379E-01    0.24609E-02    0.23795E-01    0.24384E-02    0.22471E-01
2820  0    0.44572E-04    0.47156E-04    0.44742E-04    0.19963E-04    0.24609E-03    0.19753E-04    0.27403E-03    0.19949E-04    0.24793E-03    0.67382E-02    0.22185E-01    0.67134E-02    0.23411E-01    0.67366E-02    0.22268E-01    0.42084E-02    0.17571E-01    0.43501E-02    0.18382E-01    0.42177E-02    0.17625E-01    0.95125E-04    0.89784E-04    0.94758E-04    0.95125E-04    0.00000E+00    0.89784E-04    0.00000E+00    0.94758E-04    0.00000E+00    0.13793E-01    0.00000E+00    0.13400E-01    0.00000E+00    0.13766E-01    0.00000E+00    0.10827E-01    0.00000E+00    0.11030E-01    0.00000E+00    0.10841E-01    0.00000E+00    0.31146E-04    0.35132E-04    0.31405E-04    0.00000E+00    0.31146E-03    0.00000E+00    0.35132E-03    0.00000E+00    0.31405E-03    0.26330E-02    0.24958E-01    0.26712E-02    0.26507E-01    0.26355E-02    0.25062E-01    0.24504E-02    0.22238E-01    0.24660E-02    0.23567E-01    0.24514E-02    0.22325E-01
2840  0    0.43853E-04    0.46521E-04    0.44029E-04    0.19642E-04    0.24212E-03    0.19294E-04    0.27227E-03    0.19619E-04    0.24410E-03    0.66842E-02    0.22005E-01    0.66399E-02    0.23335E-01    0.66813E-02    0.22095E-01    0.41519E-02    0.17414E-01    0.43108E-02    0.18260E-01    0.41623E-02    0.17469E-01    0.93594E-04    0.87700E-04    0.93189E-04    0.93594E-04    0.00000E+00    0.87700E-04    0.00000E+00    0.93189E-04    0.00000E+00    0.13682E-01    0.00000E+00    0.13244E-01    0.00000E+00    0.13652E-01    0.00000E+00    0.10680E-01    0.00000E+00    0.10961E-01    0.00000E+00    0.10699E-01    0.00000E+00    0.30642E-04    0.34907E-04    0.30919E-04    0.00000E+00    0.30642E-03    0.00000E+00    0.34907E-03    0.00000E+00    0.30919E-03    0.26129E-02    0.24756E-01    0.26554E-02    0.26422E-01    0.26157E-02    0.24867E-01    0.24180E-02    0.22039E-01    0.24350E-02    0.23410E-01    0.24191E-02    0.22128E-01
2860  1    0.43386E-04    0.46586E-04    0.43596E-04    0.19485E-04    0.23901E-03    0.19213E-04    0.27373E-03    0.19467E-04    0.24129E-03    0.66505E-02    0.21864E-01    0.66147E-02    0.23398E-01    0.66481E-02    0.21968E-01    0.41308E-02    0.17273E-01    0.43277E-02    0.18283E-01    0.41437E-02    0.17339E-01    0.92846E-04    0.87331E-04    0.92467E-04    0.92846E-04    0.00000E+00    0.87331E-04    0.00000E+00    0.92467E-04    0.00000E+00    0.13627E-01    0.00000E+00    0.13216E-01    0.00000E+00    0.13599E-01    0.00000E+00    0.10680E-01    0.00000E+00    0.11123E-01    0.00000E+00    0.10711E-01    0.00000E+00    0.30249E-04    0.35094E-04    0.30564E-04    0.00000E+00    0.30249E-03    0.00000E+00    0.35094E-03    0.00000E+00    0.30564E-03    0.25800E-02    0.24596E-01    0.26137E-02    0.26493E-01    0.25822E-02    0.24724E-01    0.23913E-02    0.21861E-01    0.24112E-02    0.23440E-01    0.23926E-02    0.21963E-01
2880  0    0.42575E-04    0.46511E-04    0.42834E-04    0.19210E-04    0.23365E-03    0.19117E-04    0.27394E-03    0.19204E-04    0.23630E-03    0.65983E-02    0.21617E-01    0.65825E-02    0.23407E-01    0.65973E-02    0.21740E-01    0.41017E-02    0.17048E-01    0.43352E-02    0.18154E-01    0.41171E-02    0.17121E-01    0.91536E-04    0.86897E-04    0.91217E-04    0.91536E-04    0.00000E+00    0.86897E-04    0.00000E+00    0.91217E-04    0.00000E+00    0.13530E-01    0.00000E+00    0.13183E-01    0.00000E+00    0.13507E-01    0.00000E+00    0.10646E-01    0.00000E+00    0.11316E-01    0.00000E+00    0.10692E-01    0.00000E+00    0.29571E-04    0.35120E-04    0.29932E-04    0.00000E+00    0.29571E-03    0.00000E+00    0.35120E-03    0.00000E+00    0.29932E-03    0.25452E-02    0.24319E-01    0.25557E-02    0.26503E-01    0.25459E-02    0.24467E-01    0.23635E-02    0.21576E-01    0.23662E-02    0.23274E-01    0.23637E-02    0.21686E-01
2900  1    0.42018E-04    0.47273E-04    0.42364E-04    0.18880E-04    0.23139E-03    0.19601E-04    0.27672E-03    0.18927E-04    0.23437E-03    0.65360E-02    0.21512E-01    0.66435E-02    0.23525E-01    0.65431E-02    0.21650E-01    0.40603E-02    0.16938E-01    0.42763E-02    0.18182E-01    0.40745E-02    0.17019E-01    0.89963E-04    0.89098E-04    0.89904E-04    0.89963E-04    0.00000E+00    0.89098E-04    0.00000E+00    0.89904E-04    0.00000E+00    0.13414E-01    0.00000E+00    0.13349E-01    0.00000E+00    0.13409E-01    0.00000E+00    0.10567E-01    0.00000E+00    0.11203E-01    0.00000E+00    0.10611E-01    0.00000E+00    0.29284E-04    0.35477E-04    0.29687E-04    0.00000E+00    0.29284E-03    0.00000E+00    0.35477E-03    0.00000E+00    0.29687E-03    0.25055E-02    0.24201E-01    0.25150E-02    0.26637E-01    0.25061E-02    0.24367E-01    0.23321E-02    0.21436E-01    0.23225E-02    0.23311E-01    0.23315E-02    0.21558E-01
2920  2    0.41440E-04    0.47077E-04    0.41811E-04    0.18592E-04    0.22848E-03    0.20240E-04    0.26838E-03    0.18700E-04    0.23111E-03    0.64944E-02    0.21377E-01    0.67527E-02    0.23168E-01    0.65117E-02    0.21499E-01    0.40462E-02    0.16861E-01    0.43108E-02    0.18026E-01    0.40636E-02    0.16938E-01    0.88593E-04    0.91998E-04    0.88827E-04    0.88593E-04    0.00000E+00    0.91998E-04    0.00000E+00    0.88827E-04    0.00000E+00    0.13311E-01    0.00000E+00    0.13565E-01    0.00000E+00    0.13329E-01    0.00000E+00    0.10479E-01    0.00000E+00    0.11214E-01    0.00000E+00    0.10530E-01    0.00000E+00    0.28917E-04    0.34407E-04    0.29274E-04    0.00000E+00    0.28917E-03    0.00000E+00    0.34407E-03    0.00000E+00    0.29274E-03    0.25137E-02    0.24049E-01    0.25620E-02    0.26233E-01    0.25169E-02    0.24197E-01    0.23376E-02    0.21339E-01    0.23639E-02    0.23110E-01    0.23393E-02    0.21455E-01
2940  3    0.40932E-04    0.46695E-04    0.41311E-04    0.18493E-04    0.22439E-03    0.20400E-04    0.26295E-03    0.18618E-04    0.22692E-03    0.64753E-02    0.21184E-01    0.67704E-02    0.22933E-01    0.64952E-02    0.21304E-01    0.40481E-02    0.16757E-01    0.42870E-02    0.17885E-01    0.40638E-02    0.16832E-01    0.88120E-04    0.92726E-04    0.88437E-04    0.88120E-04    0.00000E+00    0.92726E-04    0.00000E+00    0.88437E-04    0.00000E+00    0.13276E-01    0.00000E+00    0.13618E-01    0.00000E+00    0.13299E-01    0.00000E+00    0.10501E-01    0.00000E+00    0.11198E-01    0.00000E+00    0.10549E-01    0.00000E+00    0.28398E-04    0.33712E-04    0.28744E-04    0.00000E+00    0.28398E-03    0.00000E+00    0.33712E-03    0.00000E+00    0.28744E-03    0.25015E-02    0.23832E-01    0.25416E-02    0.25966E-01    0.25042E-02    0.23977E-01    0.23344E-02    0.21208E-01    0.23376E-02    0.22929E-01    0.23346E-02    0.21320E-01
2960  4    0.40397E-04    0.46582E-04    0.40804E-04    0.18213E-04    0.22184E-03    0.20332E-04    0.26249E-03    0.18353E-04    0.22452E-03    0.64265E-02    0.21064E-01    0.67621E-02    0.22913E-01    0.64491E-02    0.21190E-01    0.40171E-02    0.16685E-01    0.42657E-02    0.17901E-01    0.40334E-02    0.16765E-01    0.86788E-04    0.92420E-04    0.87175E-04    0.86788E-04    0.00000E+00    0.92420E-04    0.00000E+00    0.87175E-04    0.00000E+00    0.13175E-01    0.00000E+00    0.13596E-01    0.00000E+00    0.13204E-01    0.00000E+00    0.10420E-01    0.00000E+00    0.11097E-01    0.00000E+00    0.10467E-01    0.00000E+00    0.28076E-04    0.33653E-04    0.28439E-04    0.00000E+00    0.28076E-03    0.00000E+00    0.33653E-03    0.00000E+00    0.28439E-03    0.24834E-02    0.23696E-01    0.25474E-02    0.25943E-01    0.24876E-02    0.23849E-01    0.23164E-02    0.21116E-01    0.23390E-02    0.22950E-01    0.23179E-02    0.21236E-01
2980  0    0.39985E-04    0.45633E-04    0.40357E-04    0.18053E-04    0.21933E-03    0.19797E-04    0.25836E-03    0.18167E-04    0.22189E-03    0.63948E-02    0.20944E-01    0.66737E-02    0.22731E-01    0.64135E-02    0.21066E-01    0.39932E-02    0.16588E-01    0.42569E-02    0.17734E-01    0.40106E-02    0.16664E-01    0.86023E-04    0.89985E-04    0.86295E-04    0.86023E-04    0.00000E+00    0.89985E-04    0.00000E+00    0.86295E-04    0.00000E+00    0.13117E-01    0.00000E+00    0.13415E-01    0.00000E+00    0.13137E-01    0.00000E+00    0.10379E-01    0.00000E+00    0.11071E-01    0.00000E+00    0.10426E-01    0.00000E+00    0.27758E-04    0.33123E-04    0.28107E-04    0.00000E+00    0.27758E-03    0.00000E+00    0.33123E-03    0.00000E+00    0.28107E-03    0.24617E-02    0.23562E-01    0.25179E-02    0.25738E-01    0.24654E-02    0.23709E-01    0.22972E-02    0.20994E-01    0.23351E-02    0.22735E-01    0.22997E-02    0.21107E-01
3000  0    0.39514E-04    0.44656E-04    0.39853E-04    0.17747E-04    0.21767E-03    0.19237E-04    0.25419E-03    0.17845E-04    0.22008E-03    0.63488E-02    0.20865E-01    0.65923E-02    0.22547E-01    0.63651E-02    0.20980E-01    0.39532E-02    0.16522E-01    0.42156E-02    0.17562E-01    0.39705E-02    0.16591E-01    0.84566E-04    0.87440E-04    0.84763E-04    0.84566E-04    0.00000E+00    0.87440E-04    0.00000E+00    0.84763E-04    0.00000E+00    0.13005E-01    0.00000E+00    0.13224E-01    0.00000E+00    0.13020E-01    0.00000E+00    0.10205E-01    0.00000E+00    0.10895E-01    0.00000E+00    0.10252E-01    0.00000E+00    0.27549E-04    0.32589E-04    0.27876E-04    0.00000E+00    0.27549E-03    0.00000E+00    0.32589E-03    0.00000E+00    0.27876E-03    0.24681E-02    0.23473E-01    0.25278E-02    0.25530E-01    0.24721E-02    0.23612E-01    0.22928E-02    0.20910E-01    0.23316E-02    0.22515E-01    0.22953E-02    0.21015E-01
3020  0    0.39031E-04    0.44468E-04    0.39389E-04    0.17618E-04    0.21413E-03    0.19876E-04    0.24592E-03    0.17767E-04    0.21622E-03    0.63275E-02    0.20695E-01    0.66750E-02    0.22178E-01    0.63509E-02    0.20795E-01    0.39337E-02    0.16367E-01    0.41669E-02    0.17209E-01    0.39490E-02    0.16423E-01    0.83953E-04    0.90344E-04    0.84393E-04    0.83953E-04    0.00000E+00    0.90344E-04    0.00000E+00    0.84393E-04    0.00000E+00    0.12958E-01    0.00000E+00    0.13442E-01    0.00000E+00    0.12992E-01    0.00000E+00    0.10147E-01    0.00000E+00    0.10818E-01    0.00000E+00    0.10193E-01    0.00000E+00    0.27100E-04    0.31528E-04    0.27388E-04    0.00000E+00    0.27100E-03    0.00000E+00    0.31528E-03    0.00000E+00    0.27388E-03    0.24647E-02    0.23281E-01    0.24819E-02    0.25111E-01    0.24659E-02    0.23404E-01    0.22834E-02    0.20715E-01    0.22910E-02    0.22063E-01    0.22839E-02    0.20802E-01
3040  0    0.38603E-04    0.43224E-04    0.38907E-04    0.17534E-04    0.21069E-03    0.19364E-04    0.23860E-03    0.17655E-04    0.21253E-03    0.63139E-02    0.20528E-01    0.65989E-02    0.21845E-01    0.63330E-02    0.20617E-01    0.39560E-02    0.16265E-01    0.41498E-02    0.17072E-01    0.39687E-02    0.16318E-01    0.83552E-04    0.88018E-04    0.83859E-04    0.83552E-04    0.00000E+00    0.88018E-04    0.00000E+00    0.83859E-04    0.00000E+00    0.12927E-01    0.00000E+00    0.13268E-01    0.00000E+00    0.12951E-01    0.00000E+00    0.10215E-01    0.00000E+00    0.10708E-01    0.00000E+00    0.10249E-01    0.00000E+00    0.26665E-04    0.30590E-04    0.26920E-04    0.00000E+00    0.26665E-03    0.00000E+00    0.30590E-03    0.00000E+00    0.26920E-03    0.24638E-02    0.23093E-01    0.24852E-02    0.24735E-01    0.24652E-02    0.23204E-01    0.22936E-02    0.20585E-01    0.23001E-02    0.21888E-01    0.22941E-02    0.20670E-01
3060  0    0.38092E-04    0.42389E-04    0.38374E-04    0.17348E-04    0.20744E-03    0.18856E-04    0.23533E-03    0.17447E-04    0.20927E-03    0.62785E-02    0.20368E-01    0.65119E-02    0.21695E-01    0.62941E-02    0.20458E-01    0.39221E-02    0.16122E-01    0.40973E-02    0.16971E-01    0.39336E-02    0.16178E-01    0.82666E-04    0.85708E-04    0.82875E-04    0.82666E-04    0.00000E+00    0.85708E-04    0.00000E+00    0.82875E-04    0.00000E+00    0.12858E-01    0.00000E+00    0.13093E-01    0.00000E+00    0.12874E-01    0.00000E+00    0.10134E-01    0.00000E+00    0.10596E-01    0.00000E+00    0.10166E-01    0.00000E+00    0.26253E-04    0.30170E-04    0.26508E-04    0.00000E+00    0.26253E-03    0.00000E+00    0.30170E-03    0.00000E+00    0.26508E-03    0.24448E-02    0.22914E-01    0.24531E-02    0.24564E-01    0.24454E-02    0.23025E-01    0.22722E-02    0.20404E-01    0.22643E-02    0.21758E-01    0.22717E-02    0.20492E-01
3080  0    0.37721E-04    0.42259E-04    0.38020E-04    0.17361E-04    0.20360E-03    0.19024E-04    0.23235E-03    0.17471E-04    0.20549E-03    0.62812E-02    0.20179E-01    0.65405E-02    0.21557E-01    0.62986E-02    0.20273E-01    0.39158E-02    0.15928E-01    0.40748E-02    0.16841E-01    0.39262E-02    0.15988E-01    0.82728E-04    0.86474E-04    0.82986E-04    0.82728E-04    0.00000E+00    0.86474E-04    0.00000E+00    0.82986E-04    0.00000E+00    0.12863E-01    0.00000E+00    0.13151E-01    0.00000E+00    0.12883E-01    0.00000E+00    0.10103E-01    0.00000E+00    0.10473E-01    0.00000E+00    0.10129E-01    0.00000E+00    0.25768E-04    0.29789E-04    0.26029E-04    0.00000E+00    0.25768E-03    0.00000E+00    0.29789E-03    0.00000E+00    0.26029E-03    0.24469E-02    0.22701E-01    0.24626E-02    0.24408E-01    0.24479E-02    0.22816E-01    0.22724E-02    0.20159E-01    0.22703E-02    0.21591E-01    0.22723E-02    0.20252E-01
3100  0    0.37307E-04    0.41422E-04    0.37577E-04    0.17209E-04    0.20098E-03    0.18678E-04    0.22744E-03    0.17305E-04    0.20272E-03    0.62549E-02    0.20049E-01    0.64838E-02    0.21328E-01    0.62702E-02    0.20135E-01    0.38882E-02    0.15811E-01    0.40648E-02    0.16710E-01    0.38998E-02    0.15870E-01    0.82001E-04    0.84901E-04    0.82201E-04    0.82001E-04    0.00000E+00    0.84901E-04    0.00000E+00    0.82201E-04    0.00000E+00    0.12806E-01    0.00000E+00    0.13031E-01    0.00000E+00    0.12822E-01    0.00000E+00    0.10011E-01    0.00000E+00    0.10470E-01    0.00000E+00    0.10042E-01    0.00000E+00    0.25436E-04    0.29159E-04    0.25678E-04    0.00000E+00    0.25436E-03    0.00000E+00    0.29159E-03    0.00000E+00    0.25678E-03    0.24404E-02    0.22555E-01    0.24504E-02    0.24149E-01    0.24411E-02    0.22662E-01    0.22621E-02    0.20010E-01    0.22582E-02    0.21423E-01    0.22618E-02    0.20102E-01
3120  1    0.36885E-04    0.41423E-04    0.37184E-04    0.17101E-04    0.19784E-03    0.19151E-04    0.22272E-03    0.17236E-04    0.19948E-03    0.62396E-02    0.19892E-01    0.65596E-02    0.21105E-01    0.62612E-02    0.19974E-01    0.38860E-02    0.15671E-01    0.41122E-02    0.16560E-01    0.39009E-02    0.15730E-01    0.81487E-04    0.87050E-04    0.81869E-04    0.81487E-04    0.00000E+00    0.87050E-04    0.00000E+00    0.81869E-04    0.00000E+00    0.12766E-01    0.00000E+00    0.13195E-01    0.00000E+00    0.12796E-01    0.00000E+00    0.99899E-02    0.00000E+00    0.10680E-01    0.00000E+00    0.10037E-01    0.00000E+00    0.25039E-04    0.28554E-04    0.25267E-04    0.00000E+00    0.25039E-03    0.00000E+00    0.28554E-03    0.00000E+00    0.25267E-03    0.24471E-02    0.22378E-01    0.24615E-02    0.23897E-01    0.24480E-02    0.22480E-01    0.22649E-02    0.19833E-01    0.22597E-02    0.21230E-01    0.22645E-02    0.19924E-01
3140  0    0.36383E-04    0.40865E-04    0.36678E-04    0.16885E-04    0.19498E-03    0.18993E-04    0.21872E-03    0.17024E-04    0.19655E-03    0.61979E-02    0.19748E-01    0.65284E-02    0.20915E-01    0.62202E-02    0.19827E-01    0.38534E-02    0.15557E-01    0.40719E-02    0.16413E-01    0.38678E-02    0.15613E-01    0.80458E-04    0.86330E-04    0.80862E-04    0.80458E-04    0.00000E+00    0.86330E-04    0.00000E+00    0.80862E-04    0.00000E+00    0.12685E-01    0.00000E+00    0.13140E-01    0.00000E+00    0.12717E-01    0.00000E+00    0.99036E-02    0.00000E+00    0.10533E-01    0.00000E+00    0.99468E-02    0.00000E+00    0.24677E-04    0.28042E-04    0.24896E-04    0.00000E+00    0.24677E-03    0.00000E+00    0.28042E-03    0.00000E+00    0.24896E-03    0.24246E-02    0.22216E-01    0.24376E-02    0.23682E-01    0.24254E-02    0.22314E-01    0.22465E-02    0.19689E-01    0.22496E-02    0.21042E-01    0.22467E-02    0.19776E-01
3160  0    0.35998E-04    0.40340E-04    0.36284E-04    0.16823E-04    0.19175E-03    0.18917E-04    0.21423E-03    0.16961E-04    0.19323E-03    0.61840E-02    0.19583E-01    0.65190E-02    0.20699E-01    0.62066E-02    0.19659E-01    0.38230E-02    0.15417E-01    0.40490E-02    0.16239E-01    0.38379E-02    0.15471E-01    0.80164E-04    0.85985E-04    0.80565E-04    0.80164E-04    0.00000E+00    0.85985E-04    0.00000E+00    0.80565E-04    0.00000E+00    0.12662E-01    0.00000E+00    0.13114E-01    0.00000E+00    0.12694E-01    0.00000E+00    0.98627E-02    0.00000E+00    0.10445E-01    0.00000E+00    0.99028E-02    0.00000E+00    0.24268E-04    0.27466E-04    0.24476E-04    0.00000E+00    0.24268E-03    0.00000E+00    0.27466E-03    0.00000E+00    0.24476E-03    0.24117E-02    0.22031E-01    0.24452E-02    0.23437E-01    0.24139E-02    0.22125E-01    0.22189E-02    0.19512E-01    0.22450E-02    0.20819E-01    0.22206E-02    0.19597E-01
3180  1    0.35674E-04    0.40656E-04    0.36001E-04    0.16698E-04    0.18975E-03    0.19252E-04    0.21405E-03    0.16866E-04    0.19135E-03    0.61614E-02    0.19481E-01    0.65735E-02    0.20690E-01    0.61894E-02    0.19563E-01    0.38056E-02    0.15337E-01    0.40239E-02    0.16201E-01    0.38199E-02    0.15394E-01    0.79569E-04    0.87508E-04    0.80115E-04    0.79569E-04    0.00000E+00    0.87508E-04    0.00000E+00    0.80115E-04    0.00000E+00    0.12615E-01    0.00000E+00    0.13229E-01    0.00000E+00    0.12658E-01    0.00000E+00    0.98007E-02    0.00000E+00    0.10294E-01    0.00000E+00    0.98346E-02    0.00000E+00    0.24015E-04    0.27442E-04    0.24238E-04    0.00000E+00    0.24015E-03    0.00000E+00    0.27442E-03    0.00000E+00    0.24238E-03    0.24041E-02    0.21916E-01    0.24568E-02    0.23427E-01    0.24076E-02    0.22017E-01    0.22133E-02    0.19410E-01    0.22556E-02    0.20770E-01    0.22160E-02    0.19499E-01
3200  0    0.35345E-04    0.40014E-04    0.35653E-04    0.16453E-04    0.18892E-03    0.18991E-04    0.21024E-03    0.16620E-04    0.19032E-03    0.61227E-02    0.19438E-01    0.65369E-02    0.20505E-01    0.61508E-02    0.19510E-01    0.38038E-02    0.15319E-01    0.40306E-02    0.16104E-01    0.38187E-02    0.15370E-01    0.78402E-04    0.86321E-04    0.78946E-04    0.78402E-04    0.00000E+00    0.86321E-04    0.00000E+00    0.78946E-04    0.00000E+00    0.12522E-01    0.00000E+00    0.13139E-01    0.00000E+00    0.12566E-01    0.00000E+00    0.97648E-02    0.00000E+00    0.10331E-01    0.00000E+00    0.98037E-02    0.00000E+00    0.23910E-04    0.26953E-04    0.24108E-04    0.00000E+00    0.23910E-03    0.00000E+00    0.26953E-03    0.00000E+00    0.24108E-03    0.24077E-02    0.21868E-01    0.24678E-02    0.23218E-01    0.24117E-02    0.21958E-01    0.22206E-02    0.19387E-01    0.22535E-02    0.20646E-01    0.22227E-02    0.19469E-01
3220  0    0.35067E-04    0.39710E-04    0.35373E-04    0.16231E-04    0.18837E-03    0.18607E-04    0.21103E-03    0.16387E-04    0.18986E-03    0.60839E-02    0.19410E-01    0.64756E-02    0.20544E-01    0.61105E-02    0.19486E-01    0.37896E-02    0.15296E-01    0.40350E-02    0.16170E-01    0.38057E-02    0.15354E-01    0.77342E-04    0.84579E-04    0.77839E-04    0.77342E-04    0.00000E+00    0.84579E-04    0.00000E+00    0.77839E-04    0.00000E+00    0.12437E-01    0.00000E+00    0.13006E-01    0.00000E+00    0.12477E-01    0.00000E+00    0.96989E-02    0.00000E+00    0.10372E-01    0.00000E+00    0.97452E-02    0.00000E+00    0.23840E-04    0.27055E-04    0.24049E-04    0.00000E+00    0.23840E-03    0.00000E+00    0.27055E-03    0.00000E+00    0.24049E-03    0.24003E-02    0.21836E-01    0.24595E-02    0.23261E-01    0.24042E-02    0.21931E-01    0.22201E-02    0.19359E-01    0.22477E-02    0.20731E-01    0.22219E-02    0.19448E-01
3240  0    0.34831E-04    0.39495E-04    0.35137E-04    0.16089E-04    0.18742E-03    0.18523E-04    0.20971E-03    0.16249E-04    0.18889E-03    0.60545E-02    0.19361E-01    0.64558E-02    0.20480E-01    0.60817E-02    0.19436E-01    0.37594E-02    0.15255E-01    0.40050E-02    0.16111E-01    0.37756E-02    0.15311E-01    0.76664E-04    0.84197E-04    0.77182E-04    0.76664E-04    0.00000E+00    0.84197E-04    0.00000E+00    0.77182E-04    0.00000E+00    0.12383E-01    0.00000E+00    0.12977E-01    0.00000E+00    0.12424E-01    0.00000E+00    0.96401E-02    0.00000E+00    0.10365E-01    0.00000E+00    0.96900E-02    0.00000E+00    0.23720E-04    0.26886E-04    0.23926E-04    0.00000E+00    0.23720E-03    0.00000E+00    0.26886E-03    0.00000E+00    0.23926E-03    0.23810E-02    0.21781E-01    0.24365E-02    0.23189E-01    0.23846E-02    0.21875E-01    0.21975E-02    0.19306E-01    0.22110E-02    0.20656E-01    0.21984E-02    0.19394E-01
3260  0    0.34566E-04    0.38395E-04    0.34818E-04    0.15995E-04    0.18571E-03    0.17680E-04    0.20715E-03    0.16106E-04    0.18712E-03    0.60380E-02    0.19272E-01    0.63173E-02    0.20354E-01    0.60567E-02    0.19345E-01    0.37361E-02    0.15185E-01    0.39746E-02    0.16033E-01    0.37518E-02    0.15241E-01    0.76219E-04    0.80363E-04    0.76504E-04    0.76219E-04    0.00000E+00    0.80363E-04    0.00000E+00    0.76504E-04    0.00000E+00    0.12347E-01    0.00000E+00    0.12678E-01    0.00000E+00    0.12370E-01    0.00000E+00    0.95661E-02    0.00000E+00    0.10331E-01    0.00000E+00    0.96186E-02    0.00000E+00    0.23504E-04    0.26558E-04    0.23702E-04    0.00000E+00    0.23504E-03    0.00000E+00    0.26558E-03    0.00000E+00    0.23702E-03    0.23776E-02    0.21681E-01    0.24148E-02    0.23047E-01    0.23801E-02    0.21772E-01    0.21877E-02    0.19218E-01    0.21819E-02    0.20555E-01    0.21873E-02    0.19305E-01
3280  0    0.34243E-04    0.37995E-04    0.34490E-04    0.15846E-04    0.18397E-03    0.17799E-04    0.20196E-03    0.15975E-04    0.18515E-03    0.60124E-02    0.19182E-01    0.63260E-02    0.20098E-01    0.60335E-02    0.19243E-01    0.37346E-02    0.15128E-01    0.39579E-02    0.15881E-01    0.37493E-02    0.15177E-01    0.75510E-04    0.80906E-04    0.75881E-04    0.75510E-04    0.00000E+00    0.80906E-04    0.00000E+00    0.75881E-04    0.00000E+00    0.12289E-01    0.00000E+00    0.12721E-01    0.00000E+00    0.12319E-01    0.00000E+00    0.95662E-02    0.00000E+00    0.10371E-01    0.00000E+00    0.96215E-02    0.00000E+00    0.23283E-04    0.25892E-04    0.23453E-04    0.00000E+00    0.23283E-03    0.00000E+00    0.25892E-03    0.00000E+00    0.23453E-03    0.23748E-02    0.21579E-01    0.23803E-02    0.22756E-01    0.23751E-02    0.21658E-01    0.21857E-02    0.19146E-01    0.21491E-02    0.20361E-01    0.21833E-02    0.19225E-01
3300  0    0.33999E-04    0.37663E-04    0.34240E-04    0.15684E-04    0.18316E-03    0.17846E-04    0.19817E-03    0.15826E-04    0.18415E-03    0.59804E-02    0.19139E-01    0.63292E-02    0.19908E-01    0.60040E-02    0.19191E-01    0.37079E-02    0.15113E-01    0.39761E-02    0.15782E-01    0.37256E-02    0.15157E-01    0.74734E-04    0.81118E-04    0.75172E-04    0.74734E-04    0.00000E+00    0.81118E-04    0.00000E+00    0.75172E-04    0.00000E+00    0.12226E-01    0.00000E+00    0.12737E-01    0.00000E+00    0.12262E-01    0.00000E+00    0.94979E-02    0.00000E+00    0.10505E-01    0.00000E+00    0.95671E-02    0.00000E+00    0.23180E-04    0.25406E-04    0.23325E-04    0.00000E+00    0.23180E-03    0.00000E+00    0.25406E-03    0.00000E+00    0.23325E-03    0.23593E-02    0.21532E-01    0.23663E-02    0.22541E-01    0.23598E-02    0.21599E-01    0.21701E-02    0.19127E-01    0.21346E-02    0.20233E-01    0.21678E-02    0.19199E-01
3320  1    0.33637E-04    0.37719E-04    0.33906E-04    0.15624E-04    0.18013E-03    0.18250E-04    0.19470E-03    0.15797E-04    0.18109E-03    0.59668E-02    0.18981E-01    0.63951E-02    0.19733E-01    0.59959E-02    0.19031E-01    0.36944E-02    0.14991E-01    0.40187E-02    0.15646E-01    0.37157E-02    0.15034E-01    0.74450E-04    0.82954E-04    0.75034E-04    0.74450E-04    0.00000E+00    0.82954E-04    0.00000E+00    0.75034E-04    0.00000E+00    0.12202E-01    0.00000E+00    0.12881E-01    0.00000E+00    0.12250E-01    0.00000E+00    0.94842E-02    0.00000E+00    0.10634E-01    0.00000E+00    0.95632E-02    0.00000E+00    0.22798E-04    0.24961E-04    0.22938E-04    0.00000E+00    0.22798E-03    0.00000E+00    0.24961E-03    0.00000E+00    0.22938E-03    0.23477E-02    0.21353E-01    0.23742E-02    0.22343E-01    0.23494E-02    0.21419E-01    0.21566E-02    0.18972E-01    0.21527E-02    0.20059E-01    0.21564E-02    0.19043E-01
3340  0    0.33394E-04    0.37162E-04    0.33642E-04    0.15454E-04    0.17940E-03    0.17769E-04    0.19393E-03    0.15606E-04    0.18035E-03    0.59338E-02    0.18942E-01    0.63158E-02    0.19694E-01    0.59597E-02    0.18992E-01    0.36524E-02    0.14958E-01    0.39851E-02    0.15592E-01    0.36743E-02    0.15000E-01    0.73639E-04    0.80766E-04    0.74129E-04    0.73639E-04    0.00000E+00    0.80766E-04    0.00000E+00    0.74129E-04    0.00000E+00    0.12136E-01    0.00000E+00    0.12710E-01    0.00000E+00    0.12176E-01    0.00000E+00    0.93700E-02    0.00000E+00    0.10493E-01    0.00000E+00    0.94472E-02    0.00000E+00    0.22705E-04    0.24863E-04    0.22845E-04    0.00000E+00    0.22705E-03    0.00000E+00    0.24863E-03    0.00000E+00    0.22845E-03    0.23334E-02    0.21309E-01    0.23620E-02    0.22299E-01    0.23352E-02    0.21375E-01    0.21338E-02    0.18931E-01    0.21496E-02    0.19990E-01    0.21349E-02    0.19000E-01
3360  0    0.33101E-04    0.36947E-04    0.33354E-04    0.15326E-04    0.17775E-03    0.17445E-04    0.19502E-03    0.15465E-04    0.17889E-03    0.59101E-02    0.18855E-01    0.62621E-02    0.19749E-01    0.59339E-02    0.18915E-01    0.36560E-02    0.14898E-01    0.39687E-02    0.15629E-01    0.36766E-02    0.14946E-01    0.73028E-04    0.79295E-04    0.73459E-04    0.73028E-04    0.00000E+00    0.79295E-04    0.00000E+00    0.73459E-04    0.00000E+00    0.12085E-01    0.00000E+00    0.12593E-01    0.00000E+00    0.12121E-01    0.00000E+00    0.94048E-02    0.00000E+00    0.10381E-01    0.00000E+00    0.94719E-02    0.00000E+00    0.22497E-04    0.25002E-04    0.22659E-04    0.00000E+00    0.22497E-03    0.00000E+00    0.25002E-03    0.00000E+00    0.22659E-03    0.23267E-02    0.21212E-01    0.23546E-02    0.22362E-01    0.23286E-02    0.21288E-01    0.21292E-02    0.18854E-01    0.21601E-02    0.20037E-01    0.21312E-02    0.18931E-01
3380  0    0.32839E-04    0.36349E-04    0.33070E-04    0.15152E-04    0.17687E-03    0.17083E-04    0.19265E-03    0.15279E-04    0.17791E-03    0.58778E-02    0.18808E-01    0.62018E-02    0.19629E-01    0.58996E-02    0.18863E-01    0.36496E-02    0.14860E-01    0.39534E-02    0.15589E-01    0.36696E-02    0.14908E-01    0.72201E-04    0.77651E-04    0.72576E-04    0.72201E-04    0.00000E+00    0.77651E-04    0.00000E+00    0.72576E-04    0.00000E+00    0.12017E-01    0.00000E+00    0.12462E-01    0.00000E+00    0.12048E-01    0.00000E+00    0.93984E-02    0.00000E+00    0.10350E-01    0.00000E+00    0.94638E-02    0.00000E+00    0.22384E-04    0.24699E-04    0.22535E-04    0.00000E+00    0.22384E-03    0.00000E+00    0.24699E-03    0.00000E+00    0.22535E-03    0.23176E-02    0.21159E-01    0.23469E-02    0.22226E-01    0.23195E-02    0.21230E-01    0.21227E-02    0.18807E-01    0.21492E-02    0.19986E-01    0.21244E-02    0.18883E-01
3400  1    0.32560E-04    0.36807E-04    0.32840E-04    0.15052E-04    0.17509E-03    0.17531E-04    0.19276E-03    0.15215E-04    0.17625E-03    0.58620E-02    0.18713E-01    0.62762E-02    0.19634E-01    0.58902E-02    0.18775E-01    0.36633E-02    0.14768E-01    0.39778E-02    0.15588E-01    0.36840E-02    0.14822E-01    0.71724E-04    0.79688E-04    0.72271E-04    0.71724E-04    0.00000E+00    0.79688E-04    0.00000E+00    0.72271E-04    0.00000E+00    0.11977E-01    0.00000E+00    0.12624E-01    0.00000E+00    0.12023E-01    0.00000E+00    0.94307E-02    0.00000E+00    0.10420E-01    0.00000E+00    0.94987E-02    0.00000E+00    0.22159E-04    0.24712E-04    0.22325E-04    0.00000E+00    0.22159E-03    0.00000E+00    0.24712E-03    0.00000E+00    0.22325E-03    0.23219E-02    0.21052E-01    0.23554E-02    0.22232E-01    0.23240E-02    0.21130E-01    0.21315E-02    0.18690E-01    0.21608E-02    0.19985E-01    0.21334E-02    0.18774E-01
3420  2    0.32281E-04    0.36504E-04    0.32558E-04    0.14806E-04    0.17475E-03    0.17209E-04    0.19295E-03    0.14964E-04    0.17594E-03    0.58178E-02    0.18695E-01    0.62282E-02    0.19644E-01    0.58457E-02    0.18759E-01    0.36438E-02    0.14751E-01    0.39568E-02    0.15586E-01    0.36644E-02    0.14806E-01    0.70551E-04    0.78224E-04    0.71079E-04    0.70551E-04    0.00000E+00    0.78224E-04    0.00000E+00    0.71079E-04    0.00000E+00    0.11879E-01    0.00000E+00    0.12508E-01    0.00000E+00    0.11923E-01    0.00000E+00    0.93541E-02    0.00000E+00    0.10312E-01    0.00000E+00    0.94200E-02    0.00000E+00    0.22116E-04    0.24737E-04    0.22286E-04    0.00000E+00    0.22116E-03    0.00000E+00    0.24737E-03    0.00000E+00    0.22286E-03    0.23151E-02    0.21031E-01    0.23675E-02    0.22243E-01    0.23185E-02    0.21112E-01    0.21271E-02    0.18669E-01    0.21642E-02    0.19982E-01    0.21296E-02    0.18754E-01
3440  3    0.32052E-04    0.36688E-04    0.32357E-04    0.14661E-04    0.17391E-03    0.17366E-04    0.19322E-03    0.14839E-04    0.17518E-03    0.57898E-02    0.18650E-01    0.62507E-02    0.19658E-01    0.58212E-02    0.18718E-01    0.36333E-02    0.14720E-01    0.39583E-02    0.15613E-01    0.36547E-02    0.14779E-01    0.69861E-04    0.78938E-04    0.70485E-04    0.69861E-04    0.00000E+00    0.78938E-04    0.00000E+00    0.70485E-04    0.00000E+00    0.11820E-01    0.00000E+00    0.12565E-01    0.00000E+00    0.11873E-01    0.00000E+00    0.93211E-02    0.00000E+00    0.10352E-01    0.00000E+00    0.93920E-02    0.00000E+00    0.22010E-04    0.24771E-04    0.22190E-04    0.00000E+00    0.22010E-03    0.00000E+00    0.24771E-03    0.00000E+00    0.22190E-03    0.23054E-02    0.20981E-01    0.23585E-02    0.22258E-01    0.23088E-02    0.21066E-01    0.21227E-02    0.18629E-01    0.21549E-02    0.20017E-01    0.21248E-02    0.18720E-01
3460  4    0.31810E-04    0.36418E-04    0.32113E-04    0.14543E-04    0.17267E-03    0.17386E-04    0.19032E-03    0.14730E-04    0.17383E-03    0.57627E-02    0.18583E-01    0.62461E-02    0.19510E-01    0.57957E-02    0.18646E-01    0.36096E-02    0.14668E-01    0.39346E-02    0.15494E-01    0.36310E-02    0.14723E-01    0.69298E-04    0.79025E-04    0.69967E-04    0.69298E-04    0.00000E+00    0.79025E-04    0.00000E+00    0.69967E-04    0.00000E+00    0.11773E-01    0.00000E+00    0.12572E-01    0.00000E+00    0.11829E-01    0.00000E+00    0.92865E-02    0.00000E+00    0.10312E-01    0.00000E+00    0.93570E-02    0.00000E+00    0.21853E-04    0.24400E-04    0.22018E-04    0.00000E+00    0.21853E-03    0.00000E+00    0.24400E-03    0.00000E+00    0.22018E-03    0.22842E-02    0.20906E-01    0.23322E-02    0.22091E-01    0.22873E-02    0.20985E-01    0.21019E-02    0.18564E-01    0.21359E-02    0.19865E-01    0.21041E-02    0.18649E-01
3480  0    0.31589E-04    0.36281E-04    0.31897E-04    0.14504E-04    0.17085E-03    0.17302E-04    0.18979E-03    0.14688E-04    0.17209E-03    0.57586E-02    0.18485E-01    0.62363E-02    0.19483E-01    0.57912E-02    0.18552E-01    0.36168E-02    0.14599E-01    0.39307E-02    0.15437E-01    0.36374E-02    0.14654E-01    0.69112E-04    0.78645E-04    0.69768E-04    0.69112E-04    0.00000E+00    0.78645E-04    0.00000E+00    0.69768E-04    0.00000E+00    0.11757E-01    0.00000E+00    0.12542E-01    0.00000E+00    0.11812E-01    0.00000E+00    0.92972E-02    0.00000E+00    0.10265E-01    0.00000E+00    0.93637E-02    0.00000E+00    0.21623E-04    0.24333E-04    0.21799E-04    0.00000E+00    0.21623E-03    0.00000E+00    0.24333E-03    0.00000E+00    0.21799E-03    0.22928E-02    0.20795E-01    0.23445E-02    0.22060E-01    0.22962E-02    0.20880E-01    0.21080E-02    0.18477E-01    0.21441E-02    0.19791E-01    0.21104E-02    0.18562E-01
3500  0    0.31333E-04    0.35619E-04    0.31615E-04    0.14354E-04    0.16979E-03    0.16880E-04    0.18739E-03    0.14520E-04    0.17095E-03    0.57354E-02    0.18428E-01    0.61681E-02    0.19359E-01    0.57648E-02    0.18490E-01    0.36058E-02    0.14564E-01    0.38617E-02    0.15346E-01    0.36227E-02    0.14616E-01    0.68397E-04    0.76727E-04    0.68970E-04    0.68397E-04    0.00000E+00    0.76727E-04    0.00000E+00    0.68970E-04    0.00000E+00    0.11696E-01    0.00000E+00    0.12388E-01    0.00000E+00    0.11745E-01    0.00000E+00    0.92248E-02    0.00000E+00    0.99864E-02    0.00000E+00    0.92772E-02    0.00000E+00    0.21488E-04    0.24024E-04    0.21653E-04    0.00000E+00    0.21488E-03    0.00000E+00    0.24024E-03    0.00000E+00    0.21653E-03    0.23019E-02    0.20731E-01    0.23439E-02    0.21920E-01    0.23047E-02    0.20810E-01    0.21135E-02    0.18432E-01    0.21342E-02    0.19675E-01    0.21148E-02    0.18513E-01
3520  0    0.31114E-04    0.35003E-04    0.31370E-04    0.14275E-04    0.16839E-03    0.16462E-04    0.18541E-03    0.14419E-04    0.16951E-03    0.57245E-02    0.18351E-01    0.61029E-02    0.19257E-01    0.57501E-02    0.18412E-01    0.36003E-02    0.14497E-01    0.38308E-02    0.15255E-01    0.36154E-02    0.14547E-01    0.68023E-04    0.74827E-04    0.68491E-04    0.68023E-04    0.00000E+00    0.74827E-04    0.00000E+00    0.68491E-04    0.00000E+00    0.11664E-01    0.00000E+00    0.12233E-01    0.00000E+00    0.11704E-01    0.00000E+00    0.91994E-02    0.00000E+00    0.98570E-02    0.00000E+00    0.92446E-02    0.00000E+00    0.21311E-04    0.23770E-04    0.21471E-04    0.00000E+00    0.21311E-03    0.00000E+00    0.23770E-03    0.00000E+00    0.21471E-03    0.23107E-02    0.20645E-01    0.23539E-02    0.21804E-01    0.23135E-02    0.20722E-01    0.21131E-02    0.18347E-01    0.21312E-02    0.19557E-01    0.21143E-02    0.18426E-01
3540  0    0.30861E-04    0.34083E-04    0.31073E-04    0.14187E-04    0.16674E-03    0.15783E-04    0.18300E-03    0.14292E-04    0.16781E-03    0.57061E-02    0.18262E-01    0.59878E-02    0.19131E-01    0.57251E-02    0.18320E-01    0.35842E-02    0.14419E-01    0.38041E-02    0.15166E-01    0.35987E-02    0.14468E-01    0.67602E-04    0.71741E-04    0.67887E-04    0.67602E-04    0.00000E+00    0.71741E-04    0.00000E+00    0.67887E-04    0.00000E+00    0.11628E-01    0.00000E+00    0.11978E-01    0.00000E+00    0.11652E-01    0.00000E+00    0.91739E-02    0.00000E+00    0.98230E-02    0.00000E+00    0.92185E-02    0.00000E+00    0.21103E-04    0.23462E-04    0.21256E-04    0.00000E+00    0.21103E-03    0.00000E+00    0.23462E-03    0.00000E+00    0.21256E-03    0.23017E-02    0.20544E-01    0.23447E-02    0.21662E-01    0.23045E-02    0.20618E-01    0.20996E-02    0.18248E-01    0.21065E-02    0.19444E-01    0.21000E-02    0.18326E-01
3560  0    0.30594E-04    0.33400E-04    0.30779E-04    0.14133E-04    0.16462E-03    0.15248E-04    0.18151E-03    0.14206E-04    0.16573E-03    0.56898E-02    0.18145E-01    0.58909E-02    0.19053E-01    0.57032E-02    0.18206E-01    0.35668E-02    0.14330E-01    0.37128E-02    0.15076E-01    0.35764E-02    0.14379E-01    0.67343E-04    0.69311E-04    0.67479E-04    0.67343E-04    0.00000E+00    0.69311E-04    0.00000E+00    0.67479E-04    0.00000E+00    0.11605E-01    0.00000E+00    0.11774E-01    0.00000E+00    0.11617E-01    0.00000E+00    0.91679E-02    0.00000E+00    0.94740E-02    0.00000E+00    0.91889E-02    0.00000E+00    0.20834E-04    0.23271E-04    0.20992E-04    0.00000E+00    0.20834E-03    0.00000E+00    0.23271E-03    0.00000E+00    0.20992E-03    0.22802E-02    0.20413E-01    0.23220E-02    0.21574E-01    0.22830E-02    0.20490E-01    0.20792E-02    0.18135E-01    0.20879E-02    0.19328E-01    0.20797E-02    0.18213E-01
3580  0    0.30311E-04    0.32435E-04    0.30451E-04    0.14059E-04    0.16252E-03    0.14435E-04    0.18000E-03    0.14083E-04    0.16367E-03    0.56680E-02    0.18029E-01    0.57368E-02    0.18974E-01    0.56726E-02    0.18093E-01    0.35475E-02    0.14247E-01    0.36771E-02    0.15055E-01    0.35560E-02    0.14301E-01    0.66991E-04    0.65614E-04    0.66897E-04    0.66991E-04    0.00000E+00    0.65614E-04    0.00000E+00    0.66897E-04    0.00000E+00    0.11575E-01    0.00000E+00    0.11455E-01    0.00000E+00    0.11567E-01    0.00000E+00    0.91484E-02    0.00000E+00    0.94009E-02    0.00000E+00    0.91658E-02    0.00000E+00    0.20569E-04    0.23077E-04    0.20732E-04    0.00000E+00    0.20569E-03    0.00000E+00    0.23077E-03    0.00000E+00    0.20732E-03    0.22525E-02    0.20282E-01    0.22760E-02    0.21483E-01    0.22540E-02    0.20363E-01    0.20598E-02    0.18031E-01    0.20627E-02    0.19301E-01    0.20600E-02    0.18114E-01
3600  1    0.30045E-04    0.32551E-04    0.30210E-04    0.14019E-04    0.16026E-03    0.14692E-04    0.17859E-03    0.14063E-04    0.16147E-03    0.56616E-02    0.17903E-01    0.57839E-02    0.18899E-01    0.56697E-02    0.17970E-01    0.35441E-02    0.14136E-01    0.36792E-02    0.14970E-01    0.35530E-02    0.14191E-01    0.66801E-04    0.66781E-04    0.66800E-04    0.66801E-04    0.00000E+00    0.66781E-04    0.00000E+00    0.66800E-04    0.00000E+00    0.11559E-01    0.00000E+00    0.11557E-01    0.00000E+00    0.11559E-01    0.00000E+00    0.91326E-02    0.00000E+00    0.93868E-02    0.00000E+00    0.91501E-02    0.00000E+00    0.20283E-04    0.22896E-04    0.20453E-04    0.00000E+00    0.20283E-03    0.00000E+00    0.22896E-03    0.00000E+00    0.20453E-03    0.22543E-02    0.20141E-01    0.22843E-02    0.21399E-01    0.22563E-02    0.20225E-01    0.20598E-02    0.17890E-01    0.20694E-02    0.19192E-01    0.20605E-02    0.17975E-01
3620  0    0.29739E-04    0.32410E-04    0.29915E-04    0.13914E-04    0.15825E-03    0.14773E-04    0.17637E-03    0.13970E-04    0.15945E-03    0.56379E-02    0.17791E-01    0.57840E-02    0.18781E-01    0.56476E-02    0.17858E-01    0.35358E-02    0.14024E-01    0.36645E-02    0.14834E-01    0.35443E-02    0.14077E-01    0.66301E-04    0.67151E-04    0.66359E-04    0.66301E-04    0.00000E+00    0.67151E-04    0.00000E+00    0.66359E-04    0.00000E+00    0.11515E-01    0.00000E+00    0.11589E-01    0.00000E+00    0.11520E-01    0.00000E+00    0.91539E-02    0.00000E+00    0.94695E-02    0.00000E+00    0.91756E-02    0.00000E+00    0.20029E-04    0.22611E-04    0.20197E-04    0.00000E+00    0.20029E-03    0.00000E+00    0.22611E-03    0.00000E+00    0.20197E-03    0.22383E-02    0.20014E-01    0.22384E-02    0.21266E-01    0.22383E-02    0.20098E-01    0.20437E-02    0.17749E-01    0.20272E-02    0.19018E-01    0.20426E-02    0.17831E-01
3640  1    0.29495E-04    0.32701E-04    0.29706E-04    0.13858E-04    0.15637E-03    0.15141E-04    0.17561E-03    0.13942E-04    0.15763E-03    0.56320E-02    0.17684E-01    0.58497E-02    0.18741E-01    0.56466E-02    0.17756E-01    0.35524E-02    0.13935E-01    0.36477E-02    0.14786E-01    0.35586E-02    0.13991E-01    0.66034E-04    0.68822E-04    0.66226E-04    0.66034E-04    0.00000E+00    0.68822E-04    0.00000E+00    0.66226E-04    0.00000E+00    0.11492E-01    0.00000E+00    0.11732E-01    0.00000E+00    0.11509E-01    0.00000E+00    0.91887E-02    0.00000E+00    0.94118E-02    0.00000E+00    0.92041E-02    0.00000E+00    0.19790E-04    0.22514E-04    0.19967E-04    0.00000E+00    0.19790E-03    0.00000E+00    0.22514E-03    0.00000E+00    0.19967E-03    0.22510E-02    0.19895E-01    0.22467E-02    0.21220E-01    0.22507E-02    0.19983E-01    0.20554E-02    0.17636E-01    0.20220E-02    0.18956E-01    0.20532E-02    0.17722E-01
3660  2    0.29131E-04    0.32557E-04    0.29356E-04    0.13691E-04    0.15440E-03    0.15444E-04    0.17113E-03    0.13806E-04    0.15550E-03    0.55887E-02    0.17573E-01    0.58893E-02    0.18500E-01    0.56090E-02    0.17635E-01    0.35067E-02    0.13851E-01    0.36509E-02    0.14623E-01    0.35161E-02    0.13902E-01    0.65239E-04    0.70198E-04    0.65580E-04    0.65239E-04    0.00000E+00    0.70198E-04    0.00000E+00    0.65580E-04    0.00000E+00    0.11423E-01    0.00000E+00    0.11849E-01    0.00000E+00    0.11453E-01    0.00000E+00    0.91197E-02    0.00000E+00    0.95239E-02    0.00000E+00    0.91475E-02    0.00000E+00    0.19541E-04    0.21940E-04    0.19697E-04    0.00000E+00    0.19541E-03    0.00000E+00    0.21940E-03    0.00000E+00    0.19697E-03    0.22080E-02    0.19769E-01    0.22064E-02    0.20948E-01    0.22079E-02    0.19848E-01    0.20158E-02    0.17530E-01    0.19945E-02    0.18748E-01    0.20145E-02    0.17609E-01
3680  3    0.28789E-04    0.33294E-04    0.29085E-04    0.13578E-04    0.15210E-03    0.16484E-04    0.16810E-03    0.13770E-04    0.15316E-03    0.55626E-02    0.17442E-01    0.60644E-02    0.18336E-01    0.55970E-02    0.17502E-01    0.34945E-02    0.13763E-01    0.37213E-02    0.14486E-01    0.35094E-02    0.13810E-01    0.64703E-04    0.74926E-04    0.65405E-04    0.64703E-04    0.00000E+00    0.74926E-04    0.00000E+00    0.65405E-04    0.00000E+00    0.11376E-01    0.00000E+00    0.12241E-01    0.00000E+00    0.11437E-01    0.00000E+00    0.90966E-02    0.00000E+00    0.97782E-02    0.00000E+00    0.91435E-02    0.00000E+00    0.19250E-04    0.21551E-04    0.19400E-04    0.00000E+00    0.19250E-03    0.00000E+00    0.21551E-03    0.00000E+00    0.19400E-03    0.21889E-02    0.19622E-01    0.22102E-02    0.20761E-01    0.21903E-02    0.19698E-01    0.20066E-02    0.17418E-01    0.20130E-02    0.18571E-01    0.20070E-02    0.17493E-01
3700  4    0.28551E-04    0.32879E-04    0.28836E-04    0.13533E-04    0.15018E-03    0.16360E-04    0.16518E-03    0.13719E-04    0.15116E-03    0.55576E-02    0.17331E-01    0.60483E-02    0.18176E-01    0.55912E-02    0.17388E-01    0.35020E-02    0.13700E-01    0.37024E-02    0.14336E-01    0.35151E-02    0.13742E-01    0.64488E-04    0.74365E-04    0.65167E-04    0.64488E-04    0.00000E+00    0.74365E-04    0.00000E+00    0.65167E-04    0.00000E+00    0.11357E-01    0.00000E+00    0.12196E-01    0.00000E+00    0.11416E-01    0.00000E+00    0.91123E-02    0.00000E+00    0.96557E-02    0.00000E+00    0.91496E-02    0.00000E+00    0.19006E-04    0.21177E-04    0.19148E-04    0.00000E+00    0.19006E-03    0.00000E+00    0.21177E-03    0.00000E+00    0.19148E-03    0.21986E-02    0.19497E-01    0.22250E-02    0.20580E-01    0.22003E-02    0.19569E-01    0.20119E-02    0.17339E-01    0.20232E-02    0.18380E-01    0.20126E-02    0.17406E-01
3720  0    0.28297E-04    0.32401E-04    0.28567E-04    0.13426E-04    0.14871E-03    0.16037E-04    0.16364E-03    0.13598E-04    0.14969E-03    0.55339E-02    0.17246E-01    0.59873E-02    0.18091E-01    0.55648E-02    0.17303E-01    0.34816E-02    0.13668E-01    0.36956E-02    0.14312E-01    0.34957E-02    0.13710E-01    0.63976E-04    0.72896E-04    0.64590E-04    0.63976E-04    0.00000E+00    0.72896E-04    0.00000E+00    0.64590E-04    0.00000E+00    0.11312E-01    0.00000E+00    0.12074E-01    0.00000E+00    0.11366E-01    0.00000E+00    0.90787E-02    0.00000E+00    0.96647E-02    0.00000E+00    0.91190E-02    0.00000E+00    0.18820E-04    0.20979E-04    0.18961E-04    0.00000E+00    0.18820E-03    0.00000E+00    0.20979E-03    0.00000E+00    0.18961E-03    0.21848E-02    0.19401E-01    0.21993E-02    0.20484E-01    0.21858E-02    0.19473E-01    0.19950E-02    0.17298E-01    0.20120E-02    0.18349E-01    0.19961E-02    0.17366E-01
3740  0    0.28084E-04    0.32019E-04    0.28343E-04    0.13282E-04    0.14801E-03    0.15741E-04    0.16277E-03    0.13444E-04    0.14898E-03    0.55092E-02    0.17205E-01    0.59336E-02    0.18043E-01    0.55382E-02    0.17262E-01    0.34766E-02    0.13650E-01    0.36845E-02    0.14263E-01    0.34903E-02    0.13690E-01    0.63292E-04    0.71552E-04    0.63860E-04    0.63292E-04    0.00000E+00    0.71552E-04    0.00000E+00    0.63860E-04    0.00000E+00    0.11251E-01    0.00000E+00    0.11963E-01    0.00000E+00    0.11301E-01    0.00000E+00    0.90431E-02    0.00000E+00    0.96400E-02    0.00000E+00    0.90842E-02    0.00000E+00    0.18732E-04    0.20868E-04    0.18871E-04    0.00000E+00    0.18732E-03    0.00000E+00    0.20868E-03    0.00000E+00    0.18871E-03    0.21892E-02    0.19356E-01    0.21852E-02    0.20430E-01    0.21890E-02    0.19427E-01    0.19982E-02    0.17275E-01    0.20048E-02    0.18286E-01    0.19986E-02    0.17341E-01
3760  1    0.27821E-04    0.32228E-04    0.28111E-04    0.13192E-04    0.14629E-03    0.16195E-04    0.16033E-03    0.13390E-04    0.14721E-03    0.54967E-02    0.17105E-01    0.60107E-02    0.17907E-01    0.55320E-02    0.17159E-01    0.34878E-02    0.13577E-01    0.37144E-02    0.14144E-01    0.35027E-02    0.13614E-01    0.62863E-04    0.73613E-04    0.63602E-04    0.62863E-04    0.00000E+00    0.73613E-04    0.00000E+00    0.63602E-04    0.00000E+00    0.11213E-01    0.00000E+00    0.12134E-01    0.00000E+00    0.11278E-01    0.00000E+00    0.90603E-02    0.00000E+00    0.97601E-02    0.00000E+00    0.91084E-02    0.00000E+00    0.18514E-04    0.20555E-04    0.18647E-04    0.00000E+00    0.18514E-03    0.00000E+00    0.20555E-03    0.00000E+00    0.18647E-03    0.22015E-02    0.19243E-01    0.21893E-02    0.20275E-01    0.22007E-02    0.19311E-01    0.20078E-02    0.17183E-01    0.20092E-02    0.18133E-01    0.20079E-02    0.17244E-01
3780  0    0.27596E-04    0.31262E-04    0.27838E-04    0.13058E-04    0.14539E-03    0.15486E-04    0.15775E-03    0.13218E-04    0.14620E-03    0.54743E-02    0.17052E-01    0.58905E-02    0.17763E-01    0.55027E-02    0.17100E-01    0.34785E-02    0.13532E-01    0.37164E-02    0.14018E-01    0.34942E-02    0.13564E-01    0.62222E-04    0.70392E-04    0.62784E-04    0.62222E-04    0.00000E+00    0.70392E-04    0.00000E+00    0.62784E-04    0.00000E+00    0.11155E-01    0.00000E+00    0.11865E-01    0.00000E+00    0.11206E-01    0.00000E+00    0.89888E-02    0.00000E+00    0.97706E-02    0.00000E+00    0.90425E-02    0.00000E+00    0.18400E-04    0.20225E-04    0.18519E-04    0.00000E+00    0.18400E-03    0.00000E+00    0.20225E-03    0.00000E+00    0.18519E-03    0.22081E-02    0.19183E-01    0.21856E-02    0.20112E-01    0.22067E-02    0.19245E-01    0.20150E-02    0.17126E-01    0.20088E-02    0.17972E-01    0.20146E-02    0.17181E-01
3800  0    0.27333E-04    0.31091E-04    0.27580E-04    0.12887E-04    0.14446E-03    0.15620E-04    0.15471E-03    0.13066E-04    0.14514E-03    0.54457E-02    0.16998E-01    0.59056E-02    0.17591E-01    0.54772E-02    0.17037E-01    0.34641E-02    0.13483E-01    0.36642E-02    0.13869E-01    0.34773E-02    0.13509E-01    0.61406E-04    0.70999E-04    0.62065E-04    0.61406E-04    0.00000E+00    0.70999E-04    0.00000E+00    0.62065E-04    0.00000E+00    0.11082E-01    0.00000E+00    0.11916E-01    0.00000E+00    0.11141E-01    0.00000E+00    0.89121E-02    0.00000E+00    0.96272E-02    0.00000E+00    0.89613E-02    0.00000E+00    0.18283E-04    0.19835E-04    0.18384E-04    0.00000E+00    0.18283E-03    0.00000E+00    0.19835E-03    0.00000E+00    0.18384E-03    0.22168E-02    0.19122E-01    0.21591E-02    0.19917E-01    0.22131E-02    0.19175E-01    0.20172E-02    0.17064E-01    0.19824E-02    0.17781E-01    0.20149E-02    0.17111E-01
3820  1    0.27078E-04    0.31210E-04    0.27350E-04    0.12692E-04    0.14386E-03    0.15692E-04    0.15517E-03    0.12890E-04    0.14460E-03    0.54081E-02    0.16962E-01    0.59122E-02    0.17617E-01    0.54427E-02    0.17006E-01    0.34348E-02    0.13429E-01    0.36495E-02    0.13893E-01    0.34489E-02    0.13459E-01    0.60479E-04    0.71329E-04    0.61225E-04    0.60479E-04    0.00000E+00    0.71329E-04    0.00000E+00    0.61225E-04    0.00000E+00    0.10998E-01    0.00000E+00    0.11944E-01    0.00000E+00    0.11066E-01    0.00000E+00    0.88076E-02    0.00000E+00    0.96615E-02    0.00000E+00    0.88663E-02    0.00000E+00    0.18206E-04    0.19894E-04    0.18316E-04    0.00000E+00    0.18206E-03    0.00000E+00    0.19894E-03    0.00000E+00    0.18316E-03    0.22113E-02    0.19082E-01    0.21392E-02    0.19947E-01    0.22066E-02    0.19140E-01    0.20078E-02    0.16995E-01    0.19539E-02    0.17811E-01    0.20042E-02    0.17048E-01
3840  0    0.26895E-04    0.30810E-04    0.27152E-04    0.12535E-04    0.14360E-03    0.15301E-04    0.15509E-03    0.12717E-04    0.14435E-03    0.53712E-02    0.16947E-01    0.58384E-02    0.17612E-01    0.54032E-02    0.16991E-01    0.34026E-02    0.13413E-01    0.35867E-02    0.13887E-01    0.34147E-02    0.13444E-01    0.59730E-04    0.69548E-04    0.60405E-04    0.59730E-04    0.00000E+00    0.69548E-04    0.00000E+00    0.60405E-04    0.00000E+00    0.10930E-01    0.00000E+00    0.11794E-01    0.00000E+00    0.10991E-01    0.00000E+00    0.87262E-02    0.00000E+00    0.94586E-02    0.00000E+00    0.87766E-02    0.00000E+00    0.18174E-04    0.19884E-04    0.18285E-04    0.00000E+00    0.18174E-03    0.00000E+00    0.19884E-03    0.00000E+00    0.18285E-03    0.21872E-02    0.19065E-01    0.21141E-02    0.19942E-01    0.21825E-02    0.19123E-01    0.19886E-02    0.16976E-01    0.19305E-02    0.17803E-01    0.19848E-02    0.17030E-01
3860  0    0.26679E-04    0.30542E-04    0.26933E-04    0.12407E-04    0.14272E-03    0.15050E-04    0.15492E-03    0.12581E-04    0.14352E-03    0.53439E-02    0.16895E-01    0.57960E-02    0.17602E-01    0.53748E-02    0.16942E-01    0.33895E-02    0.13360E-01    0.35788E-02    0.13883E-01    0.34019E-02    0.13395E-01    0.59122E-04    0.68408E-04    0.59761E-04    0.59122E-04    0.00000E+00    0.68408E-04    0.00000E+00    0.59761E-04    0.00000E+00    0.10874E-01    0.00000E+00    0.11697E-01    0.00000E+00    0.10933E-01    0.00000E+00    0.87002E-02    0.00000E+00    0.94407E-02    0.00000E+00    0.87511E-02    0.00000E+00    0.18062E-04    0.19861E-04    0.18179E-04    0.00000E+00    0.18062E-03    0.00000E+00    0.19861E-03    0.00000E+00    0.18179E-03    0.21763E-02    0.19006E-01    0.21167E-02    0.19931E-01    0.21725E-02    0.19068E-01    0.19789E-02    0.16909E-01    0.19255E-02    0.17799E-01    0.19755E-02    0.16966E-01
3880  0    0.26452E-04    0.30325E-04    0.26706E-04    0.12342E-04    0.14110E-03    0.14908E-04    0.15417E-03    0.12510E-04    0.14196E-03    0.53312E-02    0.16799E-01    0.57681E-02    0.17559E-01    0.53611E-02    0.16850E-01    0.33797E-02    0.13261E-01    0.35152E-02    0.13801E-01    0.33886E-02    0.13296E-01    0.58809E-04    0.67764E-04    0.59425E-04    0.58809E-04    0.00000E+00    0.67764E-04    0.00000E+00    0.59425E-04    0.00000E+00    0.10845E-01    0.00000E+00    0.11642E-01    0.00000E+00    0.10902E-01    0.00000E+00    0.86702E-02    0.00000E+00    0.92259E-02    0.00000E+00    0.87084E-02    0.00000E+00    0.17857E-04    0.19765E-04    0.17981E-04    0.00000E+00    0.17857E-03    0.00000E+00    0.19765E-03    0.00000E+00    0.17981E-03    0.21753E-02    0.18898E-01    0.21046E-02    0.19882E-01    0.21708E-02    0.18964E-01    0.19745E-02    0.16783E-01    0.19045E-02    0.17693E-01    0.19700E-02    0.16842E-01
3900  0    0.26241E-04    0.29938E-04    0.26485E-04    0.12242E-04    0.13999E-03    0.14621E-04    0.15317E-03    0.12399E-04    0.14086E-03    0.53142E-02    0.16733E-01    0.57256E-02    0.17502E-01    0.53423E-02    0.16784E-01    0.33774E-02    0.13193E-01    0.35363E-02    0.13763E-01    0.33879E-02    0.13231E-01    0.58336E-04    0.66457E-04    0.58895E-04    0.58336E-04    0.00000E+00    0.66457E-04    0.00000E+00    0.58895E-04    0.00000E+00    0.10802E-01    0.00000E+00    0.11529E-01    0.00000E+00    0.10853E-01    0.00000E+00    0.86480E-02    0.00000E+00    0.92360E-02    0.00000E+00    0.86884E-02    0.00000E+00    0.17717E-04    0.19637E-04    0.17842E-04    0.00000E+00    0.17717E-03    0.00000E+00    0.19637E-03    0.00000E+00    0.17842E-03    0.21803E-02    0.18824E-01    0.21307E-02    0.19818E-01    0.21771E-02    0.18890E-01    0.19776E-02    0.16698E-01    0.19287E-02    0.17644E-01    0.19744E-02    0.16759E-01
3920  0    0.26025E-04    0.29651E-04    0.26263E-04    0.12173E-04    0.13852E-03    0.14661E-04    0.14990E-03    0.12337E-04    0.13927E-03    0.52958E-02    0.16644E-01    0.57205E-02    0.17315E-01    0.53248E-02    0.16689E-01    0.33491E-02    0.13123E-01    0.35512E-02    0.13624E-01    0.33624E-02    0.13156E-01    0.58006E-04    0.66640E-04    0.58599E-04    0.58006E-04    0.00000E+00    0.66640E-04    0.00000E+00    0.58599E-04    0.00000E+00    0.10771E-01    0.00000E+00    0.11545E-01    0.00000E+00    0.10826E-01    0.00000E+00    0.85831E-02    0.00000E+00    0.94290E-02    0.00000E+00    0.86412E-02    0.00000E+00    0.17531E-04    0.19218E-04    0.17640E-04    0.00000E+00    0.17531E-03    0.00000E+00    0.19218E-03    0.00000E+00    0.17640E-03    0.21639E-02    0.18725E-01    0.20885E-02    0.19605E-01    0.21590E-02    0.18783E-01    0.19589E-02    0.16608E-01    0.18934E-02    0.17467E-01    0.19547E-02    0.16664E-01
3940  1    0.25750E-04    0.29808E-04    0.26017E-04    0.12050E-04    0.13700E-03    0.14834E-04    0.14974E-03    0.12233E-04    0.13784E-03    0.52640E-02    0.16553E-01    0.57477E-02    0.17306E-01    0.52972E-02    0.16604E-01    0.33170E-02    0.13052E-01    0.35459E-02    0.13603E-01    0.33321E-02    0.13088E-01    0.57417E-04    0.67427E-04    0.58106E-04    0.57417E-04    0.00000E+00    0.67427E-04    0.00000E+00    0.58106E-04    0.00000E+00    0.10716E-01    0.00000E+00    0.11613E-01    0.00000E+00    0.10780E-01    0.00000E+00    0.85301E-02    0.00000E+00    0.94701E-02    0.00000E+00    0.85947E-02    0.00000E+00    0.17339E-04    0.19198E-04    0.17460E-04    0.00000E+00    0.17339E-03    0.00000E+00    0.19198E-03    0.00000E+00    0.17460E-03    0.21376E-02    0.18622E-01    0.20780E-02    0.19595E-01    0.21338E-02    0.18687E-01    0.19324E-02    0.16518E-01    0.18749E-02    0.17439E-01    0.19287E-02    0.16578E-01
3960  2    0.25515E-04    0.29737E-04    0.25793E-04    0.11985E-04    0.13531E-03    0.14870E-04    0.14867E-03    0.12174E-04    0.13619E-03    0.52476E-02    0.16450E-01    0.57507E-02    0.17244E-01    0.52822E-02    0.16504E-01    0.33162E-02    0.12957E-01    0.35370E-02    0.13584E-01    0.33308E-02    0.12999E-01    0.57108E-04    0.67593E-04    0.57829E-04    0.57108E-04    0.00000E+00    0.67593E-04    0.00000E+00    0.57829E-04    0.00000E+00    0.10687E-01    0.00000E+00    0.11627E-01    0.00000E+00    0.10754E-01    0.00000E+00    0.85638E-02    0.00000E+00    0.94884E-02    0.00000E+00    0.86274E-02    0.00000E+00    0.17125E-04    0.19060E-04    0.17250E-04    0.00000E+00    0.17125E-03    0.00000E+00    0.19060E-03    0.00000E+00    0.17250E-03    0.21250E-02    0.18507E-01    0.20661E-02    0.19525E-01    0.21212E-02    0.18574E-01    0.19225E-02    0.16399E-01    0.18584E-02    0.17415E-01    0.19183E-02    0.16465E-01
3980  3    0.25269E-04    0.29979E-04    0.25579E-04    0.11860E-04    0.13409E-03    0.15146E-04    0.14833E-03    0.12076E-04    0.13502E-03    0.52192E-02    0.16376E-01    0.57947E-02    0.17224E-01    0.52590E-02    0.16433E-01    0.32969E-02    0.12890E-01    0.35240E-02    0.13590E-01    0.33119E-02    0.12936E-01    0.56515E-04    0.68845E-04    0.57363E-04    0.56515E-04    0.00000E+00    0.68845E-04    0.00000E+00    0.57363E-04    0.00000E+00    0.10632E-01    0.00000E+00    0.11734E-01    0.00000E+00    0.10711E-01    0.00000E+00    0.85284E-02    0.00000E+00    0.95130E-02    0.00000E+00    0.85961E-02    0.00000E+00    0.16970E-04    0.19017E-04    0.17103E-04    0.00000E+00    0.16970E-03    0.00000E+00    0.19017E-03    0.00000E+00    0.17103E-03    0.21106E-02    0.18423E-01    0.20527E-02    0.19502E-01    0.21069E-02    0.18495E-01    0.19075E-02    0.16314E-01    0.18348E-02    0.17423E-01    0.19027E-02    0.16386E-01
4000  4    0.25046E-04    0.29728E-04    0.25354E-04    0.11740E-04    0.13305E-03    0.15026E-04    0.14702E-03    0.11957E-04    0.13397E-03    0.51977E-02    0.16313E-01    0.57752E-02    0.17148E-01    0.52377E-02    0.16369E-01    0.32845E-02    0.12827E-01    0.35511E-02    0.13518E-01    0.33020E-02    0.12872E-01    0.55944E-04    0.68299E-04    0.56794E-04    0.55944E-04    0.00000E+00    0.68299E-04    0.00000E+00    0.56794E-04    0.00000E+00    0.10578E-01    0.00000E+00    0.11688E-01    0.00000E+00    0.10658E-01    0.00000E+00    0.84754E-02    0.00000E+00    0.96550E-02    0.00000E+00    0.85565E-02    0.00000E+00    0.16839E-04    0.18849E-04    0.16970E-04    0.00000E+00    0.16839E-03    0.00000E+00    0.18849E-03    0.00000E+00    0.16970E-03    0.21152E-02    0.18352E-01    0.20573E-02    0.19416E-01    0.21115E-02    0.18423E-01    0.19058E-02    0.16234E-01    0.18294E-02    0.17331E-01    0.19008E-02    0.16305E-01
4020  5    0.24838E-04    0.29973E-04    0.25176E-04    0.11634E-04    0.13204E-03    0.15252E-04    0.14721E-03    0.11872E-04    0.13304E-03    0.51693E-02    0.16251E-01    0.58141E-02    0.17158E-01    0.52142E-02    0.16312E-01    0.32440E-02    0.12777E-01    0.35536E-02    0.13494E-01    0.32644E-02    0.12824E-01    0.55435E-04    0.69329E-04    0.56390E-04    0.55435E-04    0.00000E+00    0.69329E-04    0.00000E+00    0.56390E-04    0.00000E+00    0.10529E-01    0.00000E+00    0.11775E-01    0.00000E+00    0.10620E-01    0.00000E+00    0.83937E-02    0.00000E+00    0.96813E-02    0.00000E+00    0.84822E-02    0.00000E+00    0.16711E-04    0.18873E-04    0.16852E-04    0.00000E+00    0.16711E-03    0.00000E+00    0.18873E-03    0.00000E+00    0.16852E-03    0.20910E-02    0.18282E-01    0.20567E-02    0.19428E-01    0.20888E-02    0.18359E-01    0.18762E-02    0.16170E-01    0.18253E-02    0.17300E-01    0.18729E-02    0.16243E-01
4040  6    0.24621E-04    0.29903E-04    0.24969E-04    0.11519E-04    0.13102E-03    0.15242E-04    0.14661E-03    0.11764E-04    0.13205E-03    0.51458E-02    0.16188E-01    0.58049E-02    0.17123E-01    0.51917E-02    0.16251E-01    0.32272E-02    0.12738E-01    0.35113E-02    0.13477E-01    0.32459E-02    0.12787E-01    0.54890E-04    0.69283E-04    0.55879E-04    0.54890E-04    0.00000E+00    0.69283E-04    0.00000E+00    0.55879E-04    0.00000E+00    0.10478E-01    0.00000E+00    0.11771E-01    0.00000E+00    0.10572E-01    0.00000E+00    0.83529E-02    0.00000E+00    0.95952E-02    0.00000E+00    0.84383E-02    0.00000E+00    0.16582E-04    0.18796E-04    0.16726E-04    0.00000E+00    0.16582E-03    0.00000E+00    0.18796E-03    0.00000E+00    0.16726E-03    0.20868E-02    0.18211E-01    0.20294E-02    0.19389E-01    0.20831E-02    0.18290E-01    0.18658E-02    0.16121E-01    0.17953E-02    0.17279E-01    0.18612E-02    0.16197E-01
4060  0    0.24405E-04    0.29612E-04    0.24748E-04    0.11398E-04    0.13007E-03    0.15009E-04    0.14603E-03    0.11636E-04    0.13112E-03    0.51266E-02    0.16129E-01    0.57638E-02    0.17090E-01    0.51709E-02    0.16194E-01    0.32284E-02    0.12705E-01    0.34975E-02    0.13451E-01    0.32461E-02    0.12754E-01    0.54312E-04    0.68225E-04    0.55269E-04    0.54312E-04    0.00000E+00    0.68225E-04    0.00000E+00    0.55269E-04    0.00000E+00    0.10422E-01    0.00000E+00    0.11681E-01    0.00000E+00    0.10514E-01    0.00000E+00    0.83139E-02    0.00000E+00    0.95220E-02    0.00000E+00    0.83970E-02    0.00000E+00    0.16462E-04    0.18722E-04    0.16608E-04    0.00000E+00    0.16462E-03    0.00000E+00    0.18722E-03    0.00000E+00    0.16608E-03    0.21004E-02    0.18145E-01    0.20263E-02    0.19350E-01    0.20957E-02    0.18226E-01    0.18776E-02    0.16080E-01    0.17983E-02    0.17245E-01    0.18725E-02    0.16155E-01
4080  0    0.24150E-04    0.29439E-04    0.24498E-04    0.11300E-04    0.12850E-03    0.15012E-04    0.14427E-03    0.11545E-04    0.12954E-03    0.50981E-02    0.16031E-01    0.57562E-02    0.16986E-01    0.51440E-02    0.16096E-01    0.32015E-02    0.12643E-01    0.34831E-02    0.13381E-01    0.32200E-02    0.12692E-01    0.53848E-04    0.68236E-04    0.54837E-04    0.53848E-04    0.00000E+00    0.68236E-04    0.00000E+00    0.54837E-04    0.00000E+00    0.10378E-01    0.00000E+00    0.11682E-01    0.00000E+00    0.10473E-01    0.00000E+00    0.82795E-02    0.00000E+00    0.95270E-02    0.00000E+00    0.83652E-02    0.00000E+00    0.16263E-04    0.18496E-04    0.16408E-04    0.00000E+00    0.16263E-03    0.00000E+00    0.18496E-03    0.00000E+00    0.16408E-03    0.20711E-02    0.18035E-01    0.19968E-02    0.19233E-01    0.20664E-02    0.18115E-01    0.18527E-02    0.16001E-01    0.17785E-02    0.17155E-01    0.18479E-02    0.16076E-01
4100  1    0.23911E-04    0.29643E-04    0.24288E-04    0.11207E-04    0.12704E-03    0.15150E-04    0.14493E-03    0.11466E-04    0.12822E-03    0.50724E-02    0.15940E-01    0.57764E-02    0.17025E-01    0.51217E-02    0.16013E-01    0.31789E-02    0.12571E-01    0.34776E-02    0.13372E-01    0.31986E-02    0.12624E-01    0.53402E-04    0.68862E-04    0.54465E-04    0.53402E-04    0.00000E+00    0.68862E-04    0.00000E+00    0.54465E-04    0.00000E+00    0.10335E-01    0.00000E+00    0.11736E-01    0.00000E+00    0.10437E-01    0.00000E+00    0.82498E-02    0.00000E+00    0.95670E-02    0.00000E+00    0.83404E-02    0.00000E+00    0.16078E-04    0.18581E-04    0.16241E-04    0.00000E+00    0.16078E-03    0.00000E+00    0.18581E-03    0.00000E+00    0.16241E-03    0.20484E-02    0.17932E-01    0.19831E-02    0.19277E-01    0.20442E-02    0.18023E-01    0.18321E-02    0.15910E-01    0.17600E-02    0.17144E-01    0.18274E-02    0.15990E-01
4120  2    0.23690E-04    0.29582E-04    0.24078E-04    0.11101E-04    0.12590E-03    0.14917E-04    0.14665E-03    0.11352E-04    0.12726E-03    0.50469E-02    0.15868E-01    0.57318E-02    0.17126E-01    0.50948E-02    0.15954E-01    0.31546E-02    0.12507E-01    0.34652E-02    0.13445E-01    0.31751E-02    0.12568E-01    0.52896E-04    0.67804E-04    0.53921E-04    0.52896E-04    0.00000E+00    0.67804E-04    0.00000E+00    0.53921E-04    0.00000E+00    0.10286E-01    0.00000E+00    0.11645E-01    0.00000E+00    0.10385E-01    0.00000E+00    0.81819E-02    0.00000E+00    0.95722E-02    0.00000E+00    0.82775E-02    0.00000E+00    0.15934E-04    0.18801E-04    0.16120E-04    0.00000E+00    0.15934E-03    0.00000E+00    0.18801E-03    0.00000E+00    0.16120E-03    0.20342E-02    0.17851E-01    0.19678E-02    0.19391E-01    0.20300E-02    0.17955E-01    0.18194E-02    0.15828E-01    0.17428E-02    0.17237E-01    0.18144E-02    0.15920E-01
4140  3    0.23469E-04    0.29871E-04    0.23890E-04    0.10951E-04    0.12517E-03    0.14996E-04    0.14875E-03    0.11217E-04    0.12672E-03    0.50133E-02    0.15822E-01    0.57397E-02    0.17248E-01    0.50643E-02    0.15920E-01    0.31476E-02    0.12458E-01    0.34552E-02    0.13570E-01    0.31679E-02    0.12531E-01    0.52184E-04    0.68164E-04    0.53282E-04    0.52184E-04    0.00000E+00    0.68164E-04    0.00000E+00    0.53282E-04    0.00000E+00    0.10216E-01    0.00000E+00    0.11676E-01    0.00000E+00    0.10323E-01    0.00000E+00    0.81844E-02    0.00000E+00    0.95786E-02    0.00000E+00    0.82803E-02    0.00000E+00    0.15842E-04    0.19070E-04    0.16052E-04    0.00000E+00    0.15842E-03    0.00000E+00    0.19070E-03    0.00000E+00    0.16052E-03    0.20222E-02    0.17800E-01    0.19455E-02    0.19530E-01    0.20173E-02    0.17917E-01    0.18099E-02    0.15767E-01    0.17281E-02    0.17397E-01    0.18046E-02    0.15873E-01
4160  4    0.23207E-04    0.29464E-04    0.23619E-04    0.10864E-04    0.12343E-03    0.14687E-04    0.14777E-03    0.11116E-04    0.12503E-03    0.49903E-02    0.15712E-01    0.56811E-02    0.17191E-01    0.50386E-02    0.15813E-01    0.31251E-02    0.12361E-01    0.34427E-02    0.13537E-01    0.31460E-02    0.12438E-01    0.51770E-04    0.66760E-04    0.52801E-04    0.51770E-04    0.00000E+00    0.66760E-04    0.00000E+00    0.52801E-04    0.00000E+00    0.10175E-01    0.00000E+00    0.11555E-01    0.00000E+00    0.10276E-01    0.00000E+00    0.81449E-02    0.00000E+00    0.95812E-02    0.00000E+00    0.82436E-02    0.00000E+00    0.15621E-04    0.18944E-04    0.15837E-04    0.00000E+00    0.15621E-03    0.00000E+00    0.18944E-03    0.00000E+00    0.15837E-03    0.20042E-02    0.17676E-01    0.19285E-02    0.19465E-01    0.19994E-02    0.17797E-01    0.17919E-02    0.15644E-01    0.17113E-02    0.17355E-01    0.17867E-02    0.15755E-01
4180  0    0.22944E-04    0.29107E-04    0.23349E-04    0.10695E-04    0.12248E-03    0.14401E-04    0.14706E-03    0.10939E-04    0.12410E-03    0.49546E-02    0.15651E-01    0.56309E-02    0.17150E-01    0.50019E-02    0.15754E-01    0.31167E-02    0.12329E-01    0.34436E-02    0.13503E-01    0.31382E-02    0.12406E-01    0.50965E-04    0.65460E-04    0.51962E-04    0.50965E-04    0.00000E+00    0.65460E-04    0.00000E+00    0.51962E-04    0.00000E+00    0.10096E-01    0.00000E+00    0.11442E-01    0.00000E+00    0.10194E-01    0.00000E+00    0.81031E-02    0.00000E+00    0.95553E-02    0.00000E+00    0.82029E-02    0.00000E+00    0.15501E-04    0.18854E-04    0.15719E-04    0.00000E+00    0.15501E-03    0.00000E+00    0.18854E-03    0.00000E+00    0.15719E-03    0.19989E-02    0.17607E-01    0.19297E-02    0.19418E-01    0.19945E-02    0.17731E-01    0.17923E-02    0.15604E-01    0.17198E-02    0.17311E-01    0.17876E-02    0.15715E-01
4200  0    0.22703E-04    0.28738E-04    0.23100E-04    0.10529E-04    0.12174E-03    0.14005E-04    0.14733E-03    0.10757E-04    0.12343E-03    0.49142E-02    0.15604E-01    0.55545E-02    0.17166E-01    0.49589E-02    0.15712E-01    0.30872E-02    0.12298E-01    0.33854E-02    0.13500E-01    0.31068E-02    0.12377E-01    0.50170E-04    0.63660E-04    0.51097E-04    0.50170E-04    0.00000E+00    0.63660E-04    0.00000E+00    0.51097E-04    0.00000E+00    0.10017E-01    0.00000E+00    0.11284E-01    0.00000E+00    0.10109E-01    0.00000E+00    0.80296E-02    0.00000E+00    0.93497E-02    0.00000E+00    0.81204E-02    0.00000E+00    0.15408E-04    0.18889E-04    0.15634E-04    0.00000E+00    0.15408E-03    0.00000E+00    0.18889E-03    0.00000E+00    0.15634E-03    0.19783E-02    0.17554E-01    0.19087E-02    0.19436E-01    0.19739E-02    0.17683E-01    0.17745E-02    0.15565E-01    0.17032E-02    0.17307E-01    0.17699E-02    0.15678E-01
4220  0    0.22480E-04    0.28110E-04    0.22851E-04    0.10400E-04    0.12080E-03    0.13475E-04    0.14635E-03    0.10603E-04    0.12248E-03    0.48869E-02    0.15543E-01    0.54557E-02    0.17108E-01    0.49264E-02    0.15651E-01    0.30924E-02    0.12261E-01    0.33530E-02    0.13454E-01    0.31095E-02    0.12340E-01    0.49558E-04    0.61251E-04    0.50362E-04    0.49558E-04    0.00000E+00    0.61251E-04    0.00000E+00    0.50362E-04    0.00000E+00    0.99557E-02    0.00000E+00    0.11068E-01    0.00000E+00    0.10036E-01    0.00000E+00    0.80456E-02    0.00000E+00    0.92167E-02    0.00000E+00    0.81261E-02    0.00000E+00    0.15288E-04    0.18762E-04    0.15514E-04    0.00000E+00    0.15288E-03    0.00000E+00    0.18762E-03    0.00000E+00    0.15514E-03    0.19749E-02    0.17486E-01    0.18995E-02    0.19371E-01    0.19701E-02    0.17615E-01    0.17769E-02    0.15518E-01    0.16991E-02    0.17249E-01    0.17718E-02    0.15630E-01
4240  0    0.22228E-04    0.28020E-04    0.22609E-04    0.10213E-04    0.12016E-03    0.13649E-04    0.14371E-03    0.10439E-04    0.12171E-03    0.48437E-02    0.15502E-01    0.54880E-02    0.16953E-01    0.48887E-02    0.15602E-01    0.30588E-02    0.12244E-01    0.33837E-02    0.13296E-01    0.30802E-02    0.12313E-01    0.48665E-04    0.62043E-04    0.49585E-04    0.48665E-04    0.00000E+00    0.62043E-04    0.00000E+00    0.49585E-04    0.00000E+00    0.98656E-02    0.00000E+00    0.11139E-01    0.00000E+00    0.99584E-02    0.00000E+00    0.79526E-02    0.00000E+00    0.93629E-02    0.00000E+00    0.80495E-02    0.00000E+00    0.15207E-04    0.18424E-04    0.15416E-04    0.00000E+00    0.15207E-03    0.00000E+00    0.18424E-03    0.00000E+00    0.15416E-03    0.19600E-02    0.17440E-01    0.19012E-02    0.19196E-01    0.19563E-02    0.17559E-01    0.17590E-02    0.15496E-01    0.16973E-02    0.17046E-01    0.17550E-02    0.15597E-01
4260  0    0.21996E-04    0.27702E-04    0.22372E-04    0.99906E-05    0.12006E-03    0.13391E-04    0.14311E-03    0.10214E-04    0.12157E-03    0.48041E-02    0.15496E-01    0.54414E-02    0.16918E-01    0.48486E-02    0.15593E-01    0.30573E-02    0.12248E-01    0.33570E-02    0.13268E-01    0.30771E-02    0.12316E-01    0.47606E-04    0.60868E-04    0.48518E-04    0.47606E-04    0.00000E+00    0.60868E-04    0.00000E+00    0.48518E-04    0.00000E+00    0.97577E-02    0.00000E+00    0.11033E-01    0.00000E+00    0.98507E-02    0.00000E+00    0.78790E-02    0.00000E+00    0.92477E-02    0.00000E+00    0.79731E-02    0.00000E+00    0.15194E-04    0.18348E-04    0.15399E-04    0.00000E+00    0.15194E-03    0.00000E+00    0.18348E-03    0.00000E+00    0.15399E-03    0.19802E-02    0.17432E-01    0.19036E-02    0.19156E-01    0.19753E-02    0.17549E-01    0.17767E-02    0.15502E-01    0.16956E-02    0.17010E-01    0.17715E-02    0.15600E-01
4280  0    0.21806E-04    0.27041E-04    0.22151E-04    0.98304E-05    0.11976E-03    0.12865E-04    0.14176E-03    0.10030E-04    0.12121E-03    0.47671E-02    0.15476E-01    0.53345E-02    0.16838E-01    0.48065E-02    0.15570E-01    0.30386E-02    0.12238E-01    0.33257E-02    0.13213E-01    0.30575E-02    0.12303E-01    0.46843E-04    0.58477E-04    0.47643E-04    0.46843E-04    0.00000E+00    0.58477E-04    0.00000E+00    0.47643E-04    0.00000E+00    0.96791E-02    0.00000E+00    0.10814E-01    0.00000E+00    0.97614E-02    0.00000E+00    0.78302E-02    0.00000E+00    0.92105E-02    0.00000E+00    0.79251E-02    0.00000E+00    0.15157E-04    0.18174E-04    0.15353E-04    0.00000E+00    0.15157E-03    0.00000E+00    0.18174E-03    0.00000E+00    0.15353E-03    0.19693E-02    0.17411E-01    0.18698E-02    0.19065E-01    0.19630E-02    0.17523E-01    0.17660E-02    0.15489E-01    0.16659E-02    0.16939E-01    0.17595E-02    0.15583E-01
4300  1    0.21589E-04    0.27202E-04    0.21958E-04    0.97289E-05    0.11860E-03    0.13126E-04    0.14076E-03    0.99524E-05    0.12006E-03    0.47431E-02    0.15401E-01    0.53847E-02    0.16779E-01    0.47879E-02    0.15495E-01    0.30358E-02    0.12166E-01    0.33363E-02    0.13149E-01    0.30555E-02    0.12231E-01    0.46359E-04    0.59664E-04    0.47274E-04    0.46359E-04    0.00000E+00    0.59664E-04    0.00000E+00    0.47274E-04    0.00000E+00    0.96290E-02    0.00000E+00    0.10924E-01    0.00000E+00    0.97235E-02    0.00000E+00    0.78324E-02    0.00000E+00    0.92429E-02    0.00000E+00    0.79294E-02    0.00000E+00    0.15010E-04    0.18046E-04    0.15207E-04    0.00000E+00    0.15010E-03    0.00000E+00    0.18046E-03    0.00000E+00    0.15207E-03    0.19611E-02    0.17326E-01    0.18753E-02    0.18998E-01    0.19557E-02    0.17440E-01    0.17618E-02    0.15397E-01    0.16704E-02    0.16857E-01    0.17558E-02    0.15492E-01
4320  2    0.21396E-04    0.27551E-04    0.21801E-04    0.96598E-05    0.11736E-03    0.13457E-04    0.14094E-03    0.99096E-05    0.11891E-03    0.47206E-02    0.15321E-01    0.54382E-02    0.16789E-01    0.47711E-02    0.15422E-01    0.30210E-02    0.12112E-01    0.33229E-02    0.13145E-01    0.30409E-02    0.12179E-01    0.46030E-04    0.61169E-04    0.47071E-04    0.46030E-04    0.00000E+00    0.61169E-04    0.00000E+00    0.47071E-04    0.00000E+00    0.95948E-02    0.00000E+00    0.11061E-01    0.00000E+00    0.97026E-02    0.00000E+00    0.78341E-02    0.00000E+00    0.92565E-02    0.00000E+00    0.79319E-02    0.00000E+00    0.14853E-04    0.18069E-04    0.15062E-04    0.00000E+00    0.14853E-03    0.00000E+00    0.18069E-03    0.00000E+00    0.15062E-03    0.19370E-02    0.17236E-01    0.18465E-02    0.19010E-01    0.19313E-02    0.17356E-01    0.17427E-02    0.15328E-01    0.16493E-02    0.16852E-01    0.17366E-02    0.15427E-01
4340  3    0.21157E-04    0.27465E-04    0.21572E-04    0.94534E-05    0.11704E-03    0.13153E-04    0.14312E-03    0.96968E-05    0.11875E-03    0.46725E-02    0.15299E-01    0.53854E-02    0.16919E-01    0.47227E-02    0.15411E-01    0.29891E-02    0.12104E-01    0.32934E-02    0.13212E-01    0.30091E-02    0.12176E-01    0.45046E-04    0.59785E-04    0.46060E-04    0.45046E-04    0.00000E+00    0.59785E-04    0.00000E+00    0.46060E-04    0.00000E+00    0.94917E-02    0.00000E+00    0.10935E-01    0.00000E+00    0.95979E-02    0.00000E+00    0.77369E-02    0.00000E+00    0.91004E-02    0.00000E+00    0.78306E-02    0.00000E+00    0.14812E-04    0.18349E-04    0.15042E-04    0.00000E+00    0.14812E-03    0.00000E+00    0.18349E-03    0.00000E+00    0.15042E-03    0.19241E-02    0.17212E-01    0.18597E-02    0.19157E-01    0.19200E-02    0.17345E-01    0.17281E-02    0.15318E-01    0.16555E-02    0.16938E-01    0.17234E-02    0.15424E-01
4360  4    0.21002E-04    0.27526E-04    0.21431E-04    0.93414E-05    0.11660E-03    0.13133E-04    0.14393E-03    0.95908E-05    0.11840E-03    0.46479E-02    0.15271E-01    0.53809E-02    0.16966E-01    0.46997E-02    0.15388E-01    0.29687E-02    0.12081E-01    0.32868E-02    0.13224E-01    0.29896E-02    0.12156E-01    0.44513E-04    0.59696E-04    0.45557E-04    0.44513E-04    0.00000E+00    0.59696E-04    0.00000E+00    0.45557E-04    0.00000E+00    0.94353E-02    0.00000E+00    0.10927E-01    0.00000E+00    0.95453E-02    0.00000E+00    0.76537E-02    0.00000E+00    0.90744E-02    0.00000E+00    0.77513E-02    0.00000E+00    0.14757E-04    0.18452E-04    0.14997E-04    0.00000E+00    0.14757E-03    0.00000E+00    0.18452E-03    0.00000E+00    0.14997E-03    0.19226E-02    0.17180E-01    0.18564E-02    0.19211E-01    0.19184E-02    0.17319E-01    0.17244E-02    0.15289E-01    0.16545E-02    0.16954E-01    0.17198E-02    0.15397E-01
4380  5    0.20805E-04    0.27637E-04    0.21255E-04    0.92581E-05    0.11547E-03    0.13166E-04    0.14471E-03    0.95152E-05    0.11740E-03    0.46290E-02    0.15197E-01    0.53866E-02    0.17012E-01    0.46826E-02    0.15323E-01    0.29552E-02    0.11999E-01    0.32788E-02    0.13205E-01    0.29765E-02    0.12078E-01    0.44116E-04    0.59845E-04    0.45197E-04    0.44116E-04    0.00000E+00    0.59845E-04    0.00000E+00    0.45197E-04    0.00000E+00    0.93932E-02    0.00000E+00    0.10940E-01    0.00000E+00    0.95076E-02    0.00000E+00    0.76224E-02    0.00000E+00    0.90557E-02    0.00000E+00    0.77209E-02    0.00000E+00    0.14614E-04    0.18552E-04    0.14870E-04    0.00000E+00    0.14614E-03    0.00000E+00    0.18552E-03    0.00000E+00    0.14870E-03    0.19195E-02    0.17096E-01    0.18549E-02    0.19262E-01    0.19153E-02    0.17245E-01    0.17156E-02    0.15185E-01    0.16494E-02    0.16930E-01    0.17113E-02    0.15299E-01
4400  6    0.20580E-04    0.27692E-04    0.21048E-04    0.91659E-05    0.11414E-03    0.13317E-04    0.14375E-03    0.94390E-05    0.11609E-03    0.46117E-02    0.15109E-01    0.54143E-02    0.16956E-01    0.46687E-02    0.15238E-01    0.29389E-02    0.11931E-01    0.32611E-02    0.13163E-01    0.29601E-02    0.12012E-01    0.43676E-04    0.60532E-04    0.44835E-04    0.43676E-04    0.00000E+00    0.60532E-04    0.00000E+00    0.44835E-04    0.00000E+00    0.93463E-02    0.00000E+00    0.11003E-01    0.00000E+00    0.94694E-02    0.00000E+00    0.75423E-02    0.00000E+00    0.90214E-02    0.00000E+00    0.76440E-02    0.00000E+00    0.14446E-04    0.18430E-04    0.14705E-04    0.00000E+00    0.14446E-03    0.00000E+00    0.18430E-03    0.00000E+00    0.14705E-03    0.19276E-02    0.16998E-01    0.18539E-02    0.19199E-01    0.19229E-02    0.17149E-01    0.17162E-02    0.15100E-01    0.16364E-02    0.16876E-01    0.17110E-02    0.15215E-01
4420  7    0.20349E-04    0.27130E-04    0.20795E-04    0.90012E-05    0.11348E-03    0.12878E-04    0.14252E-03    0.92563E-05    0.11539E-03    0.45707E-02    0.15065E-01    0.53296E-02    0.16883E-01    0.46244E-02    0.15192E-01    0.29063E-02    0.11913E-01    0.32228E-02    0.13161E-01    0.29271E-02    0.11996E-01    0.42892E-04    0.58538E-04    0.43967E-04    0.42892E-04    0.00000E+00    0.58538E-04    0.00000E+00    0.43967E-04    0.00000E+00    0.92619E-02    0.00000E+00    0.10820E-01    0.00000E+00    0.93773E-02    0.00000E+00    0.74374E-02    0.00000E+00    0.88746E-02    0.00000E+00    0.75362E-02    0.00000E+00    0.14362E-04    0.18272E-04    0.14616E-04    0.00000E+00    0.14362E-03    0.00000E+00    0.18272E-03    0.00000E+00    0.14616E-03    0.19121E-02    0.16948E-01    0.18424E-02    0.19116E-01    0.19076E-02    0.17098E-01    0.17028E-02    0.15078E-01    0.16287E-02    0.16873E-01    0.16980E-02    0.15194E-01
4440  0    0.20194E-04    0.26811E-04    0.20629E-04    0.89599E-05    0.11234E-03    0.12565E-04    0.14246E-03    0.91970E-05    0.11432E-03    0.45569E-02    0.14989E-01    0.52678E-02    0.16880E-01    0.46070E-02    0.15121E-01    0.29037E-02    0.11848E-01    0.31924E-02    0.13134E-01    0.29227E-02    0.11933E-01    0.42695E-04    0.57114E-04    0.43686E-04    0.42695E-04    0.00000E+00    0.57114E-04    0.00000E+00    0.43686E-04    0.00000E+00    0.92406E-02    0.00000E+00    0.10688E-01    0.00000E+00    0.93473E-02    0.00000E+00    0.74598E-02    0.00000E+00    0.87817E-02    0.00000E+00    0.75507E-02    0.00000E+00    0.14218E-04    0.18264E-04    0.14481E-04    0.00000E+00    0.14218E-03    0.00000E+00    0.18264E-03    0.00000E+00    0.14481E-03    0.18976E-02    0.16863E-01    0.18327E-02    0.19112E-01    0.18934E-02    0.17018E-01    0.16936E-02    0.14995E-01    0.16159E-02    0.16839E-01    0.16885E-02    0.15115E-01
4460  0    0.19998E-04    0.26472E-04    0.20424E-04    0.88975E-05    0.11101E-03    0.12388E-04    0.14084E-03    0.91271E-05    0.11297E-03    0.45374E-02    0.14900E-01    0.52329E-02    0.16783E-01    0.45864E-02    0.15031E-01    0.28856E-02    0.11786E-01    0.31752E-02    0.13094E-01    0.29047E-02    0.11872E-01    0.42397E-04    0.56308E-04    0.43354E-04    0.42397E-04    0.00000E+00    0.56308E-04    0.00000E+00    0.43354E-04    0.00000E+00    0.92084E-02    0.00000E+00    0.10612E-01    0.00000E+00    0.93117E-02    0.00000E+00    0.74292E-02    0.00000E+00    0.87249E-02    0.00000E+00    0.75183E-02    0.00000E+00    0.14049E-04    0.18056E-04    0.14309E-04    0.00000E+00    0.14049E-03    0.00000E+00    0.18056E-03    0.00000E+00    0.14309E-03    0.18801E-02    0.16762E-01    0.18283E-02    0.19003E-01    0.18768E-02    0.16917E-01    0.16789E-02    0.14916E-01    0.16099E-02    0.16787E-01    0.16744E-02    0.15038E-01
4480  0    0.19841E-04    0.26314E-04    0.20267E-04    0.88302E-05    0.11011E-03    0.12289E-04    0.14025E-03    0.90578E-05    0.11210E-03    0.45218E-02    0.14840E-01    0.52141E-02    0.16748E-01    0.45706E-02    0.14973E-01    0.28802E-02    0.11748E-01    0.31705E-02    0.13087E-01    0.28993E-02    0.11836E-01    0.42077E-04    0.55859E-04    0.43024E-04    0.42077E-04    0.00000E+00    0.55859E-04    0.00000E+00    0.43024E-04    0.00000E+00    0.91735E-02    0.00000E+00    0.10570E-01    0.00000E+00    0.92763E-02    0.00000E+00    0.73950E-02    0.00000E+00    0.86834E-02    0.00000E+00    0.74836E-02    0.00000E+00    0.13936E-04    0.17981E-04    0.14199E-04    0.00000E+00    0.13936E-03    0.00000E+00    0.17981E-03    0.00000E+00    0.14199E-03    0.18779E-02    0.16695E-01    0.18289E-02    0.18963E-01    0.18748E-02    0.16852E-01    0.16811E-02    0.14868E-01    0.16155E-02    0.16778E-01    0.16769E-02    0.14992E-01
4500  0    0.19690E-04    0.25643E-04    0.20081E-04    0.87207E-05    0.10969E-03    0.11850E-04    0.13793E-03    0.89265E-05    0.11155E-03    0.44935E-02    0.14811E-01    0.51309E-02    0.16609E-01    0.45382E-02    0.14936E-01    0.28581E-02    0.11725E-01    0.31407E-02    0.13013E-01    0.28767E-02    0.11809E-01    0.41555E-04    0.53863E-04    0.42401E-04    0.41555E-04    0.00000E+00    0.53863E-04    0.00000E+00    0.42401E-04    0.00000E+00    0.91164E-02    0.00000E+00    0.10379E-01    0.00000E+00    0.92088E-02    0.00000E+00    0.73215E-02    0.00000E+00    0.85276E-02    0.00000E+00    0.74044E-02    0.00000E+00    0.13882E-04    0.17684E-04    0.14129E-04    0.00000E+00    0.13882E-03    0.00000E+00    0.17684E-03    0.00000E+00    0.14129E-03    0.18656E-02    0.16663E-01    0.18348E-02    0.18806E-01    0.18636E-02    0.16810E-01    0.16726E-02    0.14839E-01    0.16213E-02    0.16683E-01    0.16693E-02    0.14959E-01
4520  0    0.19588E-04    0.25375E-04    0.19969E-04    0.86522E-05    0.10936E-03    0.11481E-04    0.13894E-03    0.88383E-05    0.11131E-03    0.44723E-02    0.14789E-01    0.50557E-02    0.16670E-01    0.45130E-02    0.14920E-01    0.28377E-02    0.11705E-01    0.30814E-02    0.13062E-01    0.28537E-02    0.11794E-01    0.41229E-04    0.52186E-04    0.41982E-04    0.41229E-04    0.00000E+00    0.52186E-04    0.00000E+00    0.41982E-04    0.00000E+00    0.90806E-02    0.00000E+00    0.10216E-01    0.00000E+00    0.91632E-02    0.00000E+00    0.72900E-02    0.00000E+00    0.83038E-02    0.00000E+00    0.73597E-02    0.00000E+00    0.13841E-04    0.17812E-04    0.14099E-04    0.00000E+00    0.13841E-03    0.00000E+00    0.17812E-03    0.00000E+00    0.14099E-03    0.18475E-02    0.16638E-01    0.18250E-02    0.18875E-01    0.18461E-02    0.16792E-01    0.16552E-02    0.14814E-01    0.16085E-02    0.16746E-01    0.16521E-02    0.14939E-01
4540  1    0.19487E-04    0.25395E-04    0.19876E-04    0.85920E-05    0.10895E-03    0.11593E-04    0.13802E-03    0.87895E-05    0.11086E-03    0.44598E-02    0.14761E-01    0.50799E-02    0.16614E-01    0.45032E-02    0.14890E-01    0.28376E-02    0.11701E-01    0.30941E-02    0.13078E-01    0.28545E-02    0.11792E-01    0.40942E-04    0.52696E-04    0.41750E-04    0.40942E-04    0.00000E+00    0.52696E-04    0.00000E+00    0.41750E-04    0.00000E+00    0.90490E-02    0.00000E+00    0.10266E-01    0.00000E+00    0.91378E-02    0.00000E+00    0.72664E-02    0.00000E+00    0.83324E-02    0.00000E+00    0.73397E-02    0.00000E+00    0.13789E-04    0.17695E-04    0.14043E-04    0.00000E+00    0.13789E-03    0.00000E+00    0.17695E-03    0.00000E+00    0.14043E-03    0.18506E-02    0.16606E-01    0.18323E-02    0.18812E-01    0.18494E-02    0.16759E-01    0.16613E-02    0.14809E-01    0.16166E-02    0.16766E-01    0.16584E-02    0.14936E-01
4560  2    0.19341E-04    0.25583E-04    0.19752E-04    0.84969E-05    0.10844E-03    0.12027E-04    0.13556E-03    0.87291E-05    0.11022E-03    0.44361E-02    0.14727E-01    0.51602E-02    0.16466E-01    0.44873E-02    0.14847E-01    0.28290E-02    0.11684E-01    0.31184E-02    0.13007E-01    0.28481E-02    0.11771E-01    0.40489E-04    0.54667E-04    0.41463E-04    0.40489E-04    0.00000E+00    0.54667E-04    0.00000E+00    0.41463E-04    0.00000E+00    0.89987E-02    0.00000E+00    0.10456E-01    0.00000E+00    0.91064E-02    0.00000E+00    0.72348E-02    0.00000E+00    0.84582E-02    0.00000E+00    0.73189E-02    0.00000E+00    0.13724E-04    0.17379E-04    0.13962E-04    0.00000E+00    0.13724E-03    0.00000E+00    0.17379E-03    0.00000E+00    0.13962E-03    0.18434E-02    0.16567E-01    0.18165E-02    0.18644E-01    0.18417E-02    0.16710E-01    0.16589E-02    0.14787E-01    0.16123E-02    0.16675E-01    0.16558E-02    0.14910E-01
4580  0    0.19200E-04    0.25344E-04    0.19604E-04    0.84236E-05    0.10776E-03    0.11823E-04    0.13521E-03    0.86472E-05    0.10957E-03    0.44167E-02    0.14681E-01    0.51198E-02    0.16445E-01    0.44664E-02    0.14803E-01    0.28214E-02    0.11661E-01    0.30949E-02    0.13003E-01    0.28394E-02    0.11749E-01    0.40139E-04    0.53739E-04    0.41074E-04    0.40139E-04    0.00000E+00    0.53739E-04    0.00000E+00    0.41074E-04    0.00000E+00    0.89598E-02    0.00000E+00    0.10367E-01    0.00000E+00    0.90636E-02    0.00000E+00    0.72281E-02    0.00000E+00    0.83765E-02    0.00000E+00    0.73071E-02    0.00000E+00    0.13638E-04    0.17335E-04    0.13878E-04    0.00000E+00    0.13638E-03    0.00000E+00    0.17335E-03    0.00000E+00    0.13878E-03    0.18349E-02    0.16515E-01    0.18142E-02    0.18620E-01    0.18336E-02    0.16660E-01    0.16510E-02    0.14758E-01    0.16052E-02    0.16671E-01    0.16480E-02    0.14882E-01
4600  1    0.19083E-04    0.25612E-04    0.19513E-04    0.83645E-05    0.10719E-03    0.12134E-04    0.13478E-03    0.86125E-05    0.10900E-03    0.43999E-02    0.14642E-01    0.51742E-02    0.16418E-01    0.44550E-02    0.14765E-01    0.28048E-02    0.11621E-01    0.30785E-02    0.12959E-01    0.28228E-02    0.11709E-01    0.39858E-04    0.55157E-04    0.40909E-04    0.39858E-04    0.00000E+00    0.55157E-04    0.00000E+00    0.40909E-04    0.00000E+00    0.89283E-02    0.00000E+00    0.10503E-01    0.00000E+00    0.90454E-02    0.00000E+00    0.71849E-02    0.00000E+00    0.83818E-02    0.00000E+00    0.72672E-02    0.00000E+00    0.13566E-04    0.17279E-04    0.13807E-04    0.00000E+00    0.13566E-03    0.00000E+00    0.17279E-03    0.00000E+00    0.13807E-03    0.18246E-02    0.16472E-01    0.17915E-02    0.18590E-01    0.18225E-02    0.16618E-01    0.16414E-02    0.14707E-01    0.15827E-02    0.16615E-01    0.16376E-02    0.14831E-01
4620  2    0.18971E-04    0.25782E-04    0.19419E-04    0.82805E-05    0.10691E-03    0.12343E-04    0.13439E-03    0.85478E-05    0.10871E-03    0.43744E-02    0.14622E-01    0.52108E-02    0.16395E-01    0.44343E-02    0.14745E-01    0.27860E-02    0.11604E-01    0.30997E-02    0.12940E-01    0.28067E-02    0.11691E-01    0.39458E-04    0.56104E-04    0.40602E-04    0.39458E-04    0.00000E+00    0.56104E-04    0.00000E+00    0.40602E-04    0.00000E+00    0.88834E-02    0.00000E+00    0.10593E-01    0.00000E+00    0.90113E-02    0.00000E+00    0.71552E-02    0.00000E+00    0.84701E-02    0.00000E+00    0.72456E-02    0.00000E+00    0.13530E-04    0.17230E-04    0.13770E-04    0.00000E+00    0.13530E-03    0.00000E+00    0.17230E-03    0.00000E+00    0.13770E-03    0.18050E-02    0.16450E-01    0.17785E-02    0.18563E-01    0.18033E-02    0.16595E-01    0.16256E-02    0.14685E-01    0.15850E-02    0.16589E-01    0.16230E-02    0.14809E-01
4640  3    0.18856E-04    0.25806E-04    0.19313E-04    0.82050E-05    0.10651E-03    0.12349E-04    0.13457E-03    0.84776E-05    0.10835E-03    0.43578E-02    0.14595E-01    0.52149E-02    0.16406E-01    0.44193E-02    0.14721E-01    0.27804E-02    0.11584E-01    0.31086E-02    0.12931E-01    0.28020E-02    0.11673E-01    0.39098E-04    0.56133E-04    0.40269E-04    0.39098E-04    0.00000E+00    0.56133E-04    0.00000E+00    0.40269E-04    0.00000E+00    0.88428E-02    0.00000E+00    0.10596E-01    0.00000E+00    0.89743E-02    0.00000E+00    0.71312E-02    0.00000E+00    0.84678E-02    0.00000E+00    0.72231E-02    0.00000E+00    0.13480E-04    0.17253E-04    0.13725E-04    0.00000E+00    0.13480E-03    0.00000E+00    0.17253E-03    0.00000E+00    0.13725E-03    0.18071E-02    0.16419E-01    0.17892E-02    0.18576E-01    0.18059E-02    0.16568E-01    0.16249E-02    0.14661E-01    0.15971E-02    0.16578E-01    0.16231E-02    0.14786E-01
4660  4    0.18711E-04    0.25544E-04    0.19161E-04    0.81046E-05    0.10607E-03    0.12344E-04    0.13200E-03    0.83835E-05    0.10777E-03    0.43366E-02    0.14565E-01    0.52156E-02    0.16248E-01    0.43998E-02    0.14682E-01    0.27726E-02    0.11564E-01    0.31283E-02    0.12826E-01    0.27960E-02    0.11647E-01    0.38619E-04    0.56108E-04    0.39821E-04    0.38619E-04    0.00000E+00    0.56108E-04    0.00000E+00    0.39821E-04    0.00000E+00    0.87885E-02    0.00000E+00    0.10593E-01    0.00000E+00    0.89243E-02    0.00000E+00    0.70791E-02    0.00000E+00    0.85197E-02    0.00000E+00    0.71781E-02    0.00000E+00    0.13424E-04    0.16923E-04    0.13651E-04    0.00000E+00    0.13424E-03    0.00000E+00    0.16923E-03    0.00000E+00    0.13651E-03    0.18128E-02    0.16385E-01    0.17957E-02    0.18397E-01    0.18117E-02    0.16524E-01    0.16289E-02    0.14636E-01    0.16076E-02    0.16444E-01    0.16275E-02    0.14753E-01
4680  0    0.18589E-04    0.25130E-04    0.19019E-04    0.80199E-05    0.10569E-03    0.12033E-04    0.13097E-03    0.82840E-05    0.10735E-03    0.43136E-02    0.14539E-01    0.51524E-02    0.16185E-01    0.43738E-02    0.14653E-01    0.27495E-02    0.11560E-01    0.31007E-02    0.12821E-01    0.27726E-02    0.11643E-01    0.38216E-04    0.54696E-04    0.39349E-04    0.38216E-04    0.00000E+00    0.54696E-04    0.00000E+00    0.39349E-04    0.00000E+00    0.87425E-02    0.00000E+00    0.10459E-01    0.00000E+00    0.88712E-02    0.00000E+00    0.70031E-02    0.00000E+00    0.84237E-02    0.00000E+00    0.71008E-02    0.00000E+00    0.13376E-04    0.16791E-04    0.13598E-04    0.00000E+00    0.13376E-03    0.00000E+00    0.16791E-03    0.00000E+00    0.13598E-03    0.18026E-02    0.16356E-01    0.17837E-02    0.18326E-01    0.18014E-02    0.16491E-01    0.16198E-02    0.14631E-01    0.15994E-02    0.16437E-01    0.16185E-02    0.14748E-01
4700  0    0.18479E-04    0.24687E-04    0.18887E-04    0.79482E-05    0.10530E-03    0.11758E-04    0.12929E-03    0.81988E-05    0.10688E-03    0.42942E-02    0.14512E-01    0.50927E-02    0.16080E-01    0.43513E-02    0.14621E-01    0.27425E-02    0.11543E-01    0.30884E-02    0.12766E-01    0.27652E-02    0.11623E-01    0.37874E-04    0.53446E-04    0.38945E-04    0.37874E-04    0.00000E+00    0.53446E-04    0.00000E+00    0.38945E-04    0.00000E+00    0.87033E-02    0.00000E+00    0.10339E-01    0.00000E+00    0.88255E-02    0.00000E+00    0.69805E-02    0.00000E+00    0.84245E-02    0.00000E+00    0.70798E-02    0.00000E+00    0.13327E-04    0.16575E-04    0.13538E-04    0.00000E+00    0.13327E-03    0.00000E+00    0.16575E-03    0.00000E+00    0.13538E-03    0.17944E-02    0.16326E-01    0.17614E-02    0.18207E-01    0.17922E-02    0.16455E-01    0.16169E-02    0.14609E-01    0.15834E-02    0.16367E-01    0.16147E-02    0.14723E-01
4720  1    0.18389E-04    0.24901E-04    0.18817E-04    0.79022E-05    0.10487E-03    0.12054E-04    0.12847E-03    0.81753E-05    0.10642E-03    0.42814E-02    0.14482E-01    0.51455E-02    0.16029E-01    0.43436E-02    0.14589E-01    0.27340E-02    0.11524E-01    0.30704E-02    0.12725E-01    0.27561E-02    0.11603E-01    0.37655E-04    0.54792E-04    0.38833E-04    0.37655E-04    0.00000E+00    0.54792E-04    0.00000E+00    0.38833E-04    0.00000E+00    0.86781E-02    0.00000E+00    0.10468E-01    0.00000E+00    0.88128E-02    0.00000E+00    0.69514E-02    0.00000E+00    0.83805E-02    0.00000E+00    0.70496E-02    0.00000E+00    0.13272E-04    0.16470E-04    0.13480E-04    0.00000E+00    0.13272E-03    0.00000E+00    0.16470E-03    0.00000E+00    0.13480E-03    0.17881E-02    0.16292E-01    0.17421E-02    0.18150E-01    0.17851E-02    0.16419E-01    0.16138E-02    0.14584E-01    0.15727E-02    0.16314E-01    0.16112E-02    0.14697E-01
4740  2    0.18266E-04    0.24728E-04    0.18691E-04    0.78734E-05    0.10392E-03    0.12067E-04    0.12662E-03    0.81493E-05    0.10542E-03    0.42728E-02    0.14417E-01    0.51438E-02    0.15913E-01    0.43355E-02    0.14520E-01    0.27319E-02    0.11452E-01    0.30456E-02    0.12633E-01    0.27526E-02    0.11530E-01    0.37518E-04    0.54849E-04    0.38709E-04    0.37518E-04    0.00000E+00    0.54849E-04    0.00000E+00    0.38709E-04    0.00000E+00    0.86623E-02    0.00000E+00    0.10474E-01    0.00000E+00    0.87988E-02    0.00000E+00    0.69644E-02    0.00000E+00    0.83223E-02    0.00000E+00    0.70577E-02    0.00000E+00    0.13153E-04    0.16233E-04    0.13353E-04    0.00000E+00    0.13153E-03    0.00000E+00    0.16233E-03    0.00000E+00    0.13353E-03    0.17823E-02    0.16219E-01    0.17268E-02    0.18018E-01    0.17788E-02    0.16342E-01    0.16078E-02    0.14493E-01    0.15572E-02    0.16196E-01    0.16045E-02    0.14604E-01
4760  0    0.18094E-04    0.23979E-04    0.18481E-04    0.78229E-05    0.10271E-03    0.11513E-04    0.12467E-03    0.80656E-05    0.10415E-03    0.42593E-02    0.14332E-01    0.50323E-02    0.15790E-01    0.43144E-02    0.14433E-01    0.27162E-02    0.11363E-01    0.29944E-02    0.12506E-01    0.27345E-02    0.11438E-01    0.37277E-04    0.52330E-04    0.38312E-04    0.37277E-04    0.00000E+00    0.52330E-04    0.00000E+00    0.38312E-04    0.00000E+00    0.86344E-02    0.00000E+00    0.10230E-01    0.00000E+00    0.87535E-02    0.00000E+00    0.69290E-02    0.00000E+00    0.81401E-02    0.00000E+00    0.70123E-02    0.00000E+00    0.12999E-04    0.15983E-04    0.13193E-04    0.00000E+00    0.12999E-03    0.00000E+00    0.15983E-03    0.00000E+00    0.13193E-03    0.17773E-02    0.16124E-01    0.17169E-02    0.17879E-01    0.17734E-02    0.16244E-01    0.15973E-02    0.14381E-01    0.15431E-02    0.16034E-01    0.15937E-02    0.14488E-01
4780  0    0.17936E-04    0.23696E-04    0.18315E-04    0.77671E-05    0.10169E-03    0.11402E-04    0.12294E-03    0.80062E-05    0.10309E-03    0.42546E-02    0.14261E-01    0.50146E-02    0.15680E-01    0.43087E-02    0.14359E-01    0.27170E-02    0.11284E-01    0.29650E-02    0.12373E-01    0.27334E-02    0.11355E-01    0.37011E-04    0.51829E-04    0.38030E-04    0.37011E-04    0.00000E+00    0.51829E-04    0.00000E+00    0.38030E-04    0.00000E+00    0.86036E-02    0.00000E+00    0.10181E-01    0.00000E+00    0.87212E-02    0.00000E+00    0.68851E-02    0.00000E+00    0.79866E-02    0.00000E+00    0.69608E-02    0.00000E+00    0.12870E-04    0.15761E-04    0.13058E-04    0.00000E+00    0.12870E-03    0.00000E+00    0.15761E-03    0.00000E+00    0.13058E-03    0.18026E-02    0.16044E-01    0.17324E-02    0.17754E-01    0.17981E-02    0.16160E-01    0.16100E-02    0.14281E-01    0.15487E-02    0.15863E-01    0.16060E-02    0.14383E-01
4800  0    0.17775E-04    0.23427E-04    0.18146E-04    0.77001E-05    0.10075E-03    0.11364E-04    0.12063E-03    0.79411E-05    0.10205E-03    0.42348E-02    0.14195E-01    0.50118E-02    0.15532E-01    0.42902E-02    0.14287E-01    0.27089E-02    0.11216E-01    0.29821E-02    0.12254E-01    0.27268E-02    0.11284E-01    0.36692E-04    0.51656E-04    0.37720E-04    0.36692E-04    0.00000E+00    0.51656E-04    0.00000E+00    0.37720E-04    0.00000E+00    0.85664E-02    0.00000E+00    0.10164E-01    0.00000E+00    0.86857E-02    0.00000E+00    0.68713E-02    0.00000E+00    0.79757E-02    0.00000E+00    0.69472E-02    0.00000E+00    0.12750E-04    0.15465E-04    0.12927E-04    0.00000E+00    0.12750E-03    0.00000E+00    0.15465E-03    0.00000E+00    0.12927E-03    0.17905E-02    0.15969E-01    0.17502E-02    0.17587E-01    0.17879E-02    0.16079E-01    0.16034E-02    0.14194E-01    0.15737E-02    0.15710E-01    0.16014E-02    0.14293E-01
4820  0    0.17654E-04    0.23112E-04    0.18013E-04    0.76549E-05    0.99988E-04    0.11152E-04    0.11961E-03    0.78849E-05    0.10128E-03    0.42204E-02    0.14141E-01    0.49670E-02    0.15467E-01    0.42735E-02    0.14232E-01    0.26932E-02    0.11155E-01    0.29771E-02    0.12181E-01    0.27118E-02    0.11223E-01    0.36476E-04    0.50689E-04    0.37453E-04    0.36476E-04    0.00000E+00    0.50689E-04    0.00000E+00    0.37453E-04    0.00000E+00    0.85412E-02    0.00000E+00    0.10069E-01    0.00000E+00    0.86549E-02    0.00000E+00    0.68396E-02    0.00000E+00    0.79955E-02    0.00000E+00    0.69191E-02    0.00000E+00    0.12654E-04    0.15334E-04    0.12829E-04    0.00000E+00    0.12654E-03    0.00000E+00    0.15334E-03    0.00000E+00    0.12829E-03    0.17794E-02    0.15909E-01    0.17423E-02    0.17512E-01    0.17770E-02    0.16018E-01    0.15919E-02    0.14118E-01    0.15617E-02    0.15616E-01    0.15899E-02    0.14216E-01
4840  0    0.17518E-04    0.22852E-04    0.17869E-04    0.75539E-05    0.99645E-04    0.10827E-04    0.12024E-03    0.77692E-05    0.10100E-03    0.41903E-02    0.14117E-01    0.49022E-02    0.15508E-01    0.42408E-02    0.14213E-01    0.26725E-02    0.11132E-01    0.29624E-02    0.12194E-01    0.26916E-02    0.11202E-01    0.35995E-04    0.49215E-04    0.36904E-04    0.35995E-04    0.00000E+00    0.49215E-04    0.00000E+00    0.36904E-04    0.00000E+00    0.84847E-02    0.00000E+00    0.99212E-02    0.00000E+00    0.85911E-02    0.00000E+00    0.67860E-02    0.00000E+00    0.79079E-02    0.00000E+00    0.68632E-02    0.00000E+00    0.12611E-04    0.15416E-04    0.12793E-04    0.00000E+00    0.12611E-03    0.00000E+00    0.15416E-03    0.00000E+00    0.12793E-03    0.17613E-02    0.15881E-01    0.17455E-02    0.17559E-01    0.17603E-02    0.15996E-01    0.15800E-02    0.14088E-01    0.15675E-02    0.15633E-01    0.15791E-02    0.14189E-01
4860  0    0.17387E-04    0.22821E-04    0.17744E-04    0.74954E-05    0.98914E-04    0.10835E-04    0.11986E-03    0.77151E-05    0.10029E-03    0.41714E-02    0.14065E-01    0.49016E-02    0.15483E-01    0.42233E-02    0.14163E-01    0.26667E-02    0.11072E-01    0.29679E-02    0.12134E-01    0.26865E-02    0.11142E-01    0.35716E-04    0.49250E-04    0.36647E-04    0.35716E-04    0.00000E+00    0.49250E-04    0.00000E+00    0.36647E-04    0.00000E+00    0.84518E-02    0.00000E+00    0.99248E-02    0.00000E+00    0.85611E-02    0.00000E+00    0.67763E-02    0.00000E+00    0.79294E-02    0.00000E+00    0.68556E-02    0.00000E+00    0.12518E-04    0.15366E-04    0.12704E-04    0.00000E+00    0.12518E-03    0.00000E+00    0.15366E-03    0.00000E+00    0.12704E-03    0.17464E-02    0.15823E-01    0.17377E-02    0.17531E-01    0.17458E-02    0.15940E-01    0.15752E-02    0.14013E-01    0.15685E-02    0.15557E-01    0.15748E-02    0.14114E-01
4880  0    0.17248E-04    0.22777E-04    0.17612E-04    0.74340E-05    0.98140E-04    0.10941E-04    0.11837E-03    0.76647E-05    0.99471E-04    0.41504E-02    0.14010E-01    0.49229E-02    0.15386E-01    0.42056E-02    0.14105E-01    0.26423E-02    0.11036E-01    0.29808E-02    0.12076E-01    0.26646E-02    0.11105E-01    0.35424E-04    0.49730E-04    0.36407E-04    0.35424E-04    0.00000E+00    0.49730E-04    0.00000E+00    0.36407E-04    0.00000E+00    0.84171E-02    0.00000E+00    0.99729E-02    0.00000E+00    0.85332E-02    0.00000E+00    0.67330E-02    0.00000E+00    0.80012E-02    0.00000E+00    0.68202E-02    0.00000E+00    0.12421E-04    0.15175E-04    0.12600E-04    0.00000E+00    0.12421E-03    0.00000E+00    0.15175E-03    0.00000E+00    0.12600E-03    0.17276E-02    0.15761E-01    0.17370E-02    0.17421E-01    0.17282E-02    0.15874E-01    0.15559E-02    0.13967E-01    0.15648E-02    0.15482E-01    0.15565E-02    0.14066E-01
4900  0    0.17124E-04    0.22405E-04    0.17472E-04    0.73327E-05    0.97915E-04    0.10744E-04    0.11661E-03    0.75571E-05    0.99144E-04    0.41261E-02    0.13994E-01    0.48825E-02    0.15271E-01    0.41801E-02    0.14081E-01    0.26255E-02    0.11020E-01    0.29536E-02    0.12001E-01    0.26471E-02    0.11084E-01    0.34941E-04    0.48837E-04    0.35896E-04    0.34941E-04    0.00000E+00    0.48837E-04    0.00000E+00    0.35896E-04    0.00000E+00    0.83595E-02    0.00000E+00    0.98830E-02    0.00000E+00    0.84731E-02    0.00000E+00    0.66616E-02    0.00000E+00    0.78949E-02    0.00000E+00    0.67464E-02    0.00000E+00    0.12392E-04    0.14949E-04    0.12558E-04    0.00000E+00    0.12392E-03    0.00000E+00    0.14949E-03    0.00000E+00    0.12558E-03    0.17279E-02    0.15743E-01    0.17359E-02    0.17291E-01    0.17285E-02    0.15848E-01    0.15535E-02    0.13946E-01    0.15598E-02    0.15386E-01    0.15539E-02    0.14040E-01
4920  0    0.17019E-04    0.22108E-04    0.17354E-04    0.72704E-05    0.97490E-04    0.10594E-04    0.11514E-03    0.74891E-05    0.98652E-04    0.41081E-02    0.13964E-01    0.48489E-02    0.15175E-01    0.41609E-02    0.14046E-01    0.26119E-02    0.10997E-01    0.29350E-02    0.11928E-01    0.26332E-02    0.11059E-01    0.34644E-04    0.48155E-04    0.35573E-04    0.34644E-04    0.00000E+00    0.48155E-04    0.00000E+00    0.35573E-04    0.00000E+00    0.83240E-02    0.00000E+00    0.98138E-02    0.00000E+00    0.84348E-02    0.00000E+00    0.66239E-02    0.00000E+00    0.78109E-02    0.00000E+00    0.67055E-02    0.00000E+00    0.12338E-04    0.14762E-04    0.12496E-04    0.00000E+00    0.12338E-03    0.00000E+00    0.14762E-03    0.00000E+00    0.12496E-03    0.17194E-02    0.15709E-01    0.17260E-02    0.17182E-01    0.17198E-02    0.15809E-01    0.15464E-02    0.13918E-01    0.15598E-02    0.15292E-01    0.15473E-02    0.14007E-01
4940  0    0.16948E-04    0.21694E-04    0.17260E-04    0.72481E-05    0.97000E-04    0.10311E-04    0.11384E-03    0.74495E-05    0.98108E-04    0.40938E-02    0.13928E-01    0.47833E-02    0.15089E-01    0.41427E-02    0.14008E-01    0.25882E-02    0.10961E-01    0.28895E-02    0.11873E-01    0.26080E-02    0.11021E-01    0.34538E-04    0.46866E-04    0.35385E-04    0.34538E-04    0.00000E+00    0.46866E-04    0.00000E+00    0.35385E-04    0.00000E+00    0.83112E-02    0.00000E+00    0.96815E-02    0.00000E+00    0.84125E-02    0.00000E+00    0.66009E-02    0.00000E+00    0.76792E-02    0.00000E+00    0.66750E-02    0.00000E+00    0.12276E-04    0.14595E-04    0.12427E-04    0.00000E+00    0.12276E-03    0.00000E+00    0.14595E-03    0.00000E+00    0.12427E-03    0.16923E-02    0.15669E-01    0.17019E-02    0.17085E-01    0.16929E-02    0.15765E-01    0.15224E-02    0.13873E-01    0.15386E-02    0.15222E-01    0.15235E-02    0.13960E-01
4960  0    0.16855E-04    0.21389E-04    0.17154E-04    0.72066E-05    0.96489E-04    0.10059E-04    0.11329E-03    0.73943E-05    0.97595E-04    0.40832E-02    0.13892E-01    0.47264E-02    0.15053E-01    0.41286E-02    0.13971E-01    0.25840E-02    0.10935E-01    0.28605E-02    0.11848E-01    0.26022E-02    0.10995E-01    0.34340E-04    0.45725E-04    0.35123E-04    0.34340E-04    0.00000E+00    0.45725E-04    0.00000E+00    0.35123E-04    0.00000E+00    0.82873E-02    0.00000E+00    0.95629E-02    0.00000E+00    0.83813E-02    0.00000E+00    0.65738E-02    0.00000E+00    0.75971E-02    0.00000E+00    0.66442E-02    0.00000E+00    0.12212E-04    0.14525E-04    0.12362E-04    0.00000E+00    0.12212E-03    0.00000E+00    0.14525E-03    0.00000E+00    0.12362E-03    0.16909E-02    0.15628E-01    0.16870E-02    0.17044E-01    0.16906E-02    0.15724E-01    0.15243E-02    0.13839E-01    0.15245E-02    0.15190E-01    0.15243E-02    0.13927E-01
4980  0    0.16765E-04    0.21162E-04    0.17054E-04    0.71657E-05    0.95992E-04    0.10020E-04    0.11142E-03    0.73534E-05    0.97007E-04    0.40746E-02    0.13856E-01    0.47152E-02    0.14928E-01    0.41198E-02    0.13929E-01    0.25858E-02    0.10910E-01    0.28284E-02    0.11758E-01    0.26017E-02    0.10966E-01    0.34145E-04    0.45545E-04    0.34929E-04    0.34145E-04    0.00000E+00    0.45545E-04    0.00000E+00    0.34929E-04    0.00000E+00    0.82638E-02    0.00000E+00    0.95441E-02    0.00000E+00    0.83581E-02    0.00000E+00    0.65528E-02    0.00000E+00    0.74799E-02    0.00000E+00    0.66165E-02    0.00000E+00    0.12149E-04    0.14284E-04    0.12287E-04    0.00000E+00    0.12149E-03    0.00000E+00    0.14284E-03    0.00000E+00    0.12287E-03    0.16953E-02    0.15588E-01    0.16770E-02    0.16902E-01    0.16942E-02    0.15676E-01    0.15321E-02    0.13807E-01    0.15164E-02    0.15074E-01    0.15311E-02    0.13890E-01
5000  0    0.16654E-04    0.20973E-04    0.16938E-04    0.71315E-05    0.95224E-04    0.99347E-05    0.11038E-03    0.73159E-05    0.96221E-04    0.40660E-02    0.13800E-01    0.46975E-02    0.14858E-01    0.41105E-02    0.13872E-01    0.25802E-02    0.10848E-01    0.28160E-02    0.11697E-01    0.25957E-02    0.10904E-01    0.33982E-04    0.45158E-04    0.34751E-04    0.33982E-04    0.00000E+00    0.45158E-04    0.00000E+00    0.34751E-04    0.00000E+00    0.82441E-02    0.00000E+00    0.95034E-02    0.00000E+00    0.83367E-02    0.00000E+00    0.65298E-02    0.00000E+00    0.74318E-02    0.00000E+00    0.65918E-02    0.00000E+00    0.12051E-04    0.14151E-04    0.12188E-04    0.00000E+00    0.12051E-03    0.00000E+00    0.14151E-03    0.00000E+00    0.12188E-03    0.16948E-02    0.15525E-01    0.16784E-02    0.16823E-01    0.16937E-02    0.15613E-01    0.15312E-02    0.13729E-01    0.15141E-02    0.14996E-01    0.15301E-02    0.13811E-01
5020  0    0.16555E-04    0.20856E-04    0.16838E-04    0.71033E-05    0.94516E-04    0.99852E-05    0.10870E-03    0.72929E-05    0.95449E-04    0.40530E-02    0.13749E-01    0.46992E-02    0.14745E-01    0.40987E-02    0.13817E-01    0.25560E-02    0.10799E-01    0.27992E-02    0.11613E-01    0.25720E-02    0.10853E-01    0.33848E-04    0.45387E-04    0.34641E-04    0.33848E-04    0.00000E+00    0.45387E-04    0.00000E+00    0.34641E-04    0.00000E+00    0.82278E-02    0.00000E+00    0.95276E-02    0.00000E+00    0.83236E-02    0.00000E+00    0.64755E-02    0.00000E+00    0.74703E-02    0.00000E+00    0.65439E-02    0.00000E+00    0.11962E-04    0.13936E-04    0.12090E-04    0.00000E+00    0.11962E-03    0.00000E+00    0.13936E-03    0.00000E+00    0.12090E-03    0.16763E-02    0.15467E-01    0.16455E-02    0.16695E-01    0.16743E-02    0.15550E-01    0.15150E-02    0.13667E-01    0.14817E-02    0.14888E-01    0.15129E-02    0.13747E-01
5040  0    0.16430E-04    0.20828E-04    0.16719E-04    0.70632E-05    0.93666E-04    0.10010E-04    0.10818E-03    0.72571E-05    0.94620E-04    0.40397E-02    0.13687E-01    0.46996E-02    0.14709E-01    0.40864E-02    0.13756E-01    0.25445E-02    0.10760E-01    0.28017E-02    0.11602E-01    0.25615E-02    0.10816E-01    0.33657E-04    0.45502E-04    0.34471E-04    0.33657E-04    0.00000E+00    0.45502E-04    0.00000E+00    0.34471E-04    0.00000E+00    0.82045E-02    0.00000E+00    0.95396E-02    0.00000E+00    0.83032E-02    0.00000E+00    0.64409E-02    0.00000E+00    0.75219E-02    0.00000E+00    0.65152E-02    0.00000E+00    0.11854E-04    0.13869E-04    0.11985E-04    0.00000E+00    0.11854E-03    0.00000E+00    0.13869E-03    0.00000E+00    0.11985E-03    0.16658E-02    0.15398E-01    0.16273E-02    0.16655E-01    0.16633E-02    0.15482E-01    0.15097E-02    0.13618E-01    0.14704E-02    0.14874E-01    0.15071E-02    0.13700E-01
5060  1    0.16334E-04    0.20879E-04    0.16633E-04    0.70015E-05    0.93329E-04    0.10062E-04    0.10817E-03    0.72028E-05    0.94305E-04    0.40242E-02    0.13662E-01    0.47122E-02    0.14708E-01    0.40731E-02    0.13734E-01    0.25403E-02    0.10742E-01    0.27993E-02    0.11603E-01    0.25573E-02    0.10799E-01    0.33363E-04    0.45739E-04    0.34213E-04    0.33363E-04    0.00000E+00    0.45739E-04    0.00000E+00    0.34213E-04    0.00000E+00    0.81686E-02    0.00000E+00    0.95644E-02    0.00000E+00    0.82721E-02    0.00000E+00    0.64231E-02    0.00000E+00    0.74971E-02    0.00000E+00    0.64969E-02    0.00000E+00    0.11812E-04    0.13868E-04    0.11945E-04    0.00000E+00    0.11812E-03    0.00000E+00    0.13868E-03    0.00000E+00    0.11945E-03    0.16654E-02    0.15370E-01    0.16331E-02    0.16654E-01    0.16633E-02    0.15457E-01    0.15090E-02    0.13595E-01    0.14743E-02    0.14875E-01    0.15068E-02    0.13678E-01
5080  0    0.16235E-04    0.20553E-04    0.16519E-04    0.69796E-05    0.92554E-04    0.98720E-05    0.10682E-03    0.71699E-05    0.93492E-04    0.40208E-02    0.13605E-01    0.46746E-02    0.14616E-01    0.40670E-02    0.13674E-01    0.25361E-02    0.10695E-01    0.27962E-02    0.11545E-01    0.25532E-02    0.10751E-01    0.33258E-04    0.44873E-04    0.34057E-04    0.33258E-04    0.00000E+00    0.44873E-04    0.00000E+00    0.34057E-04    0.00000E+00    0.81558E-02    0.00000E+00    0.94734E-02    0.00000E+00    0.82531E-02    0.00000E+00    0.63963E-02    0.00000E+00    0.74721E-02    0.00000E+00    0.64703E-02    0.00000E+00    0.11714E-04    0.13694E-04    0.11842E-04    0.00000E+00    0.11714E-03    0.00000E+00    0.13694E-03    0.00000E+00    0.11842E-03    0.16714E-02    0.15306E-01    0.16439E-02    0.16549E-01    0.16696E-02    0.15390E-01    0.15109E-02    0.13536E-01    0.14774E-02    0.14802E-01    0.15087E-02    0.13618E-01
5100  0    0.16153E-04    0.20346E-04    0.16429E-04    0.69480E-05    0.92054E-04    0.97639E-05    0.10582E-03    0.71333E-05    0.92960E-04    0.40109E-02    0.13569E-01    0.46525E-02    0.14548E-01    0.40562E-02    0.13635E-01    0.25327E-02    0.10657E-01    0.28000E-02    0.11474E-01    0.25503E-02    0.10711E-01    0.33108E-04    0.44381E-04    0.33883E-04    0.33108E-04    0.00000E+00    0.44381E-04    0.00000E+00    0.33883E-04    0.00000E+00    0.81373E-02    0.00000E+00    0.94214E-02    0.00000E+00    0.82320E-02    0.00000E+00    0.63968E-02    0.00000E+00    0.74515E-02    0.00000E+00    0.64693E-02    0.00000E+00    0.11650E-04    0.13567E-04    0.11775E-04    0.00000E+00    0.11650E-03    0.00000E+00    0.13567E-03    0.00000E+00    0.11775E-03    0.16653E-02    0.15265E-01    0.16480E-02    0.16472E-01    0.16642E-02    0.15346E-01    0.15064E-02    0.13488E-01    0.14880E-02    0.14710E-01    0.15052E-02    0.13567E-01
5120  1    0.16023E-04    0.20414E-04    0.16312E-04    0.69102E-05    0.91129E-04    0.98109E-05    0.10603E-03    0.71010E-05    0.92109E-04    0.40000E-02    0.13500E-01    0.46618E-02    0.14562E-01    0.40469E-02    0.13573E-01    0.25213E-02    0.10599E-01    0.28059E-02    0.11480E-01    0.25400E-02    0.10657E-01    0.32928E-04    0.44595E-04    0.33730E-04    0.32928E-04    0.00000E+00    0.44595E-04    0.00000E+00    0.33730E-04    0.00000E+00    0.81152E-02    0.00000E+00    0.94440E-02    0.00000E+00    0.82134E-02    0.00000E+00    0.63733E-02    0.00000E+00    0.75056E-02    0.00000E+00    0.64511E-02    0.00000E+00    0.11533E-04    0.13594E-04    0.11667E-04    0.00000E+00    0.11533E-03    0.00000E+00    0.13594E-03    0.00000E+00    0.11667E-03    0.16609E-02    0.15188E-01    0.16448E-02    0.16489E-01    0.16598E-02    0.15276E-01    0.14982E-02    0.13414E-01    0.14803E-02    0.14717E-01    0.14971E-02    0.13499E-01
5140  0    0.15926E-04    0.20089E-04    0.16200E-04    0.68370E-05    0.90889E-04    0.94528E-05    0.10636E-03    0.70091E-05    0.91907E-04    0.39848E-02    0.13483E-01    0.45846E-02    0.14585E-01    0.40270E-02    0.13558E-01    0.25225E-02    0.10583E-01    0.27655E-02    0.11498E-01    0.25385E-02    0.10643E-01    0.32579E-04    0.42967E-04    0.33293E-04    0.32579E-04    0.00000E+00    0.42967E-04    0.00000E+00    0.33293E-04    0.00000E+00    0.80720E-02    0.00000E+00    0.92701E-02    0.00000E+00    0.81600E-02    0.00000E+00    0.63610E-02    0.00000E+00    0.73619E-02    0.00000E+00    0.64298E-02    0.00000E+00    0.11503E-04    0.13636E-04    0.11642E-04    0.00000E+00    0.11503E-03    0.00000E+00    0.13636E-03    0.00000E+00    0.11642E-03    0.16703E-02    0.15168E-01    0.16461E-02    0.16514E-01    0.16687E-02    0.15259E-01    0.15031E-02    0.13393E-01    0.14691E-02    0.14740E-01    0.15009E-02    0.13481E-01
5160  0    0.15784E-04    0.19815E-04    0.16049E-04    0.67484E-05    0.90352E-04    0.94026E-05    0.10413E-03    0.69230E-05    0.91259E-04    0.39635E-02    0.13443E-01    0.45725E-02    0.14431E-01    0.40064E-02    0.13510E-01    0.25103E-02    0.10548E-01    0.27651E-02    0.11383E-01    0.25271E-02    0.10603E-01    0.32157E-04    0.42739E-04    0.32884E-04    0.32157E-04    0.00000E+00    0.42739E-04    0.00000E+00    0.32884E-04    0.00000E+00    0.80196E-02    0.00000E+00    0.92455E-02    0.00000E+00    0.81098E-02    0.00000E+00    0.63050E-02    0.00000E+00    0.73996E-02    0.00000E+00    0.63802E-02    0.00000E+00    0.11435E-04    0.13350E-04    0.11559E-04    0.00000E+00    0.11435E-03    0.00000E+00    0.13350E-03    0.00000E+00    0.11559E-03    0.16735E-02    0.15123E-01    0.16419E-02    0.16340E-01    0.16715E-02    0.15205E-01    0.15024E-02    0.13349E-01    0.14580E-02    0.14594E-01    0.14995E-02    0.13430E-01
5180  0    0.15667E-04    0.19567E-04    0.15924E-04    0.67099E-05    0.89573E-04    0.91207E-05    0.10446E-03    0.68685E-05    0.90552E-04    0.39553E-02    0.13385E-01    0.45114E-02    0.14454E-01    0.39942E-02    0.13458E-01    0.25086E-02    0.10496E-01    0.27439E-02    0.11349E-01    0.25241E-02    0.10553E-01    0.31973E-04    0.41458E-04    0.32625E-04    0.31973E-04    0.00000E+00    0.41458E-04    0.00000E+00    0.32625E-04    0.00000E+00    0.79967E-02    0.00000E+00    0.91058E-02    0.00000E+00    0.80778E-02    0.00000E+00    0.62839E-02    0.00000E+00    0.72968E-02    0.00000E+00    0.63536E-02    0.00000E+00    0.11336E-04    0.13393E-04    0.11470E-04    0.00000E+00    0.11336E-03    0.00000E+00    0.13393E-03    0.00000E+00    0.11470E-03    0.16778E-02    0.15057E-01    0.16453E-02    0.16366E-01    0.16757E-02    0.15146E-01    0.15059E-02    0.13284E-01    0.14598E-02    0.14550E-01    0.15029E-02    0.13367E-01
5200  0    0.15538E-04    0.19168E-04    0.15777E-04    0.66340E-05    0.89039E-04    0.87619E-05    0.10406E-03    0.67740E-05    0.90027E-04    0.39369E-02    0.13345E-01    0.44293E-02    0.14426E-01    0.39712E-02    0.13418E-01    0.25012E-02    0.10451E-01    0.27349E-02    0.11337E-01    0.25166E-02    0.10510E-01    0.31612E-04    0.39827E-04    0.32177E-04    0.31612E-04    0.00000E+00    0.39827E-04    0.00000E+00    0.32177E-04    0.00000E+00    0.79513E-02    0.00000E+00    0.89249E-02    0.00000E+00    0.80220E-02    0.00000E+00    0.62495E-02    0.00000E+00    0.72803E-02    0.00000E+00    0.63204E-02    0.00000E+00    0.11269E-04    0.13341E-04    0.11403E-04    0.00000E+00    0.11269E-03    0.00000E+00    0.13341E-03    0.00000E+00    0.11403E-03    0.16805E-02    0.15013E-01    0.16389E-02    0.16334E-01    0.16778E-02    0.15102E-01    0.15057E-02    0.13227E-01    0.14529E-02    0.14535E-01    0.15022E-02    0.13312E-01
5220  1    0.15423E-04    0.19352E-04    0.15682E-04    0.65955E-05    0.88278E-04    0.90299E-05    0.10322E-03    0.67556E-05    0.89261E-04    0.39220E-02    0.13287E-01    0.44820E-02    0.14368E-01    0.39613E-02    0.13361E-01    0.24878E-02    0.10405E-01    0.27239E-02    0.11304E-01    0.25034E-02    0.10464E-01    0.31428E-04    0.41045E-04    0.32089E-04    0.31428E-04    0.00000E+00    0.41045E-04    0.00000E+00    0.32089E-04    0.00000E+00    0.79282E-02    0.00000E+00    0.90603E-02    0.00000E+00    0.80111E-02    0.00000E+00    0.62325E-02    0.00000E+00    0.73137E-02    0.00000E+00    0.63068E-02    0.00000E+00    0.11172E-04    0.13233E-04    0.11306E-04    0.00000E+00    0.11172E-03    0.00000E+00    0.13233E-03    0.00000E+00    0.11306E-03    0.16654E-02    0.14948E-01    0.16126E-02    0.16269E-01    0.16620E-02    0.15038E-01    0.14933E-02    0.13169E-01    0.14293E-02    0.14492E-01    0.14891E-02    0.13255E-01
5240  2    0.15298E-04    0.19379E-04    0.15567E-04    0.65310E-05    0.87675E-04    0.89892E-05    0.10390E-03    0.66927E-05    0.88742E-04    0.39025E-02    0.13242E-01    0.44767E-02    0.14415E-01    0.39429E-02    0.13322E-01    0.24822E-02    0.10355E-01    0.27341E-02    0.11304E-01    0.24988E-02    0.10418E-01    0.31121E-04    0.40860E-04    0.31790E-04    0.31121E-04    0.00000E+00    0.40860E-04    0.00000E+00    0.31790E-04    0.00000E+00    0.78893E-02    0.00000E+00    0.90399E-02    0.00000E+00    0.79738E-02    0.00000E+00    0.62223E-02    0.00000E+00    0.73112E-02    0.00000E+00    0.62971E-02    0.00000E+00    0.11096E-04    0.13321E-04    0.11241E-04    0.00000E+00    0.11096E-03    0.00000E+00    0.13321E-03    0.00000E+00    0.11241E-03    0.16564E-02    0.14897E-01    0.16260E-02    0.16322E-01    0.16544E-02    0.14994E-01    0.14888E-02    0.13106E-01    0.14431E-02    0.14493E-01    0.14859E-02    0.13196E-01
5260  3    0.15173E-04    0.19333E-04    0.15447E-04    0.64401E-05    0.87327E-04    0.88504E-05    0.10482E-03    0.65987E-05    0.88478E-04    0.38758E-02    0.13216E-01    0.44420E-02    0.14479E-01    0.39155E-02    0.13303E-01    0.24618E-02    0.10330E-01    0.26950E-02    0.11334E-01    0.24771E-02    0.10396E-01    0.30688E-04    0.40229E-04    0.31344E-04    0.30688E-04    0.00000E+00    0.40229E-04    0.00000E+00    0.31344E-04    0.00000E+00    0.78343E-02    0.00000E+00    0.89699E-02    0.00000E+00    0.79175E-02    0.00000E+00    0.61813E-02    0.00000E+00    0.72043E-02    0.00000E+00    0.62516E-02    0.00000E+00    0.11052E-04    0.13439E-04    0.11207E-04    0.00000E+00    0.11052E-03    0.00000E+00    0.13439E-03    0.00000E+00    0.11207E-03    0.16462E-02    0.14867E-01    0.16136E-02    0.16394E-01    0.16441E-02    0.14971E-01    0.14739E-02    0.13073E-01    0.14231E-02    0.14531E-01    0.14706E-02    0.13168E-01
5280  0    0.15092E-04    0.18995E-04    0.15349E-04    0.63949E-05    0.86969E-04    0.85863E-05    0.10408E-03    0.65390E-05    0.88095E-04    0.38625E-02    0.13189E-01    0.43842E-02    0.14428E-01    0.38990E-02    0.13274E-01    0.24529E-02    0.10312E-01    0.27037E-02    0.11302E-01    0.24694E-02    0.10377E-01    0.30472E-04    0.39029E-04    0.31060E-04    0.30472E-04    0.00000E+00    0.39029E-04    0.00000E+00    0.31060E-04    0.00000E+00    0.78067E-02    0.00000E+00    0.88350E-02    0.00000E+00    0.78817E-02    0.00000E+00    0.61557E-02    0.00000E+00    0.72215E-02    0.00000E+00    0.62289E-02    0.00000E+00    0.11007E-04    0.13344E-04    0.11159E-04    0.00000E+00    0.11007E-03    0.00000E+00    0.13344E-03    0.00000E+00    0.11159E-03    0.16416E-02    0.14837E-01    0.16208E-02    0.16336E-01    0.16403E-02    0.14939E-01    0.14694E-02    0.13051E-01    0.14294E-02    0.14490E-01    0.14668E-02    0.13145E-01
5300  1    0.14992E-04    0.19007E-04    0.15256E-04    0.63435E-05    0.86482E-04    0.87506E-05    0.10257E-03    0.65018E-05    0.87540E-04    0.38493E-02    0.13152E-01    0.44226E-02    0.14323E-01    0.38897E-02    0.13232E-01    0.24535E-02    0.10281E-01    0.27162E-02    0.11228E-01    0.24708E-02    0.10343E-01    0.30227E-04    0.39775E-04    0.30884E-04    0.30227E-04    0.00000E+00    0.39775E-04    0.00000E+00    0.30884E-04    0.00000E+00    0.77752E-02    0.00000E+00    0.89191E-02    0.00000E+00    0.78592E-02    0.00000E+00    0.61518E-02    0.00000E+00    0.72564E-02    0.00000E+00    0.62278E-02    0.00000E+00    0.10945E-04    0.13150E-04    0.11088E-04    0.00000E+00    0.10945E-03    0.00000E+00    0.13150E-03    0.00000E+00    0.11088E-03    0.16421E-02    0.14795E-01    0.16245E-02    0.16217E-01    0.16409E-02    0.14892E-01    0.14713E-02    0.13012E-01    0.14356E-02    0.14394E-01    0.14689E-02    0.13102E-01
5320  0    0.14925E-04    0.18911E-04    0.15187E-04    0.63264E-05    0.85987E-04    0.87394E-05    0.10172E-03    0.64851E-05    0.87022E-04    0.38426E-02    0.13114E-01    0.44169E-02    0.14263E-01    0.38830E-02    0.13193E-01    0.24481E-02    0.10243E-01    0.27164E-02    0.11179E-01    0.24657E-02    0.10305E-01    0.30146E-04    0.39724E-04    0.30804E-04    0.30146E-04    0.00000E+00    0.39724E-04    0.00000E+00    0.30804E-04    0.00000E+00    0.77648E-02    0.00000E+00    0.89134E-02    0.00000E+00    0.78491E-02    0.00000E+00    0.61478E-02    0.00000E+00    0.72798E-02    0.00000E+00    0.62257E-02    0.00000E+00    0.10883E-04    0.13041E-04    0.11023E-04    0.00000E+00    0.10883E-03    0.00000E+00    0.13041E-03    0.00000E+00    0.11023E-03    0.16351E-02    0.14753E-01    0.16133E-02    0.16150E-01    0.16337E-02    0.14848E-01    0.14654E-02    0.12964E-01    0.14293E-02    0.14332E-01    0.14631E-02    0.13053E-01
5340  0    0.14818E-04    0.18886E-04    0.15086E-04    0.62867E-05    0.85314E-04    0.86432E-05    0.10243E-03    0.64418E-05    0.86440E-04    0.38313E-02    0.13062E-01    0.43976E-02    0.14313E-01    0.38711E-02    0.13148E-01    0.24389E-02    0.10205E-01    0.27165E-02    0.11205E-01    0.24572E-02    0.10271E-01    0.29957E-04    0.39287E-04    0.30598E-04    0.29957E-04    0.00000E+00    0.39287E-04    0.00000E+00    0.30598E-04    0.00000E+00    0.77404E-02    0.00000E+00    0.88643E-02    0.00000E+00    0.78228E-02    0.00000E+00    0.61305E-02    0.00000E+00    0.72678E-02    0.00000E+00    0.62086E-02    0.00000E+00    0.10797E-04    0.13132E-04    0.10949E-04    0.00000E+00    0.10797E-03    0.00000E+00    0.13132E-03    0.00000E+00    0.10949E-03    0.16324E-02    0.14695E-01    0.16222E-02    0.16206E-01    0.16318E-02    0.14798E-01    0.14585E-02    0.12916E-01    0.14328E-02    0.14366E-01    0.14568E-02    0.13010E-01
5360  1    0.14725E-04    0.18896E-04    0.14999E-04    0.62713E-05    0.84538E-04    0.86363E-05    0.10260E-03    0.64269E-05    0.85726E-04    0.38211E-02    0.13003E-01    0.43936E-02    0.14324E-01    0.38614E-02    0.13094E-01    0.24287E-02    0.10164E-01    0.26972E-02    0.11173E-01    0.24464E-02    0.10230E-01    0.29883E-04    0.39256E-04    0.30528E-04    0.29883E-04    0.00000E+00    0.39256E-04    0.00000E+00    0.30528E-04    0.00000E+00    0.77309E-02    0.00000E+00    0.88607E-02    0.00000E+00    0.78138E-02    0.00000E+00    0.61442E-02    0.00000E+00    0.72259E-02    0.00000E+00    0.62185E-02    0.00000E+00    0.10699E-04    0.13153E-04    0.10859E-04    0.00000E+00    0.10699E-03    0.00000E+00    0.13153E-03    0.00000E+00    0.10859E-03    0.16140E-02    0.14628E-01    0.16137E-02    0.16219E-01    0.16139E-02    0.14737E-01    0.14419E-02    0.12863E-01    0.14199E-02    0.14324E-01    0.14404E-02    0.12958E-01
5380  0    0.14588E-04    0.18729E-04    0.14861E-04    0.62345E-05    0.83537E-04    0.84517E-05    0.10277E-03    0.63803E-05    0.84802E-04    0.38077E-02    0.12926E-01    0.43497E-02    0.14337E-01    0.38457E-02    0.13023E-01    0.24221E-02    0.10109E-01    0.26672E-02    0.11112E-01    0.24382E-02    0.10175E-01    0.29708E-04    0.38417E-04    0.30307E-04    0.29708E-04    0.00000E+00    0.38417E-04    0.00000E+00    0.30307E-04    0.00000E+00    0.77082E-02    0.00000E+00    0.87655E-02    0.00000E+00    0.77854E-02    0.00000E+00    0.61352E-02    0.00000E+00    0.71309E-02    0.00000E+00    0.62037E-02    0.00000E+00    0.10572E-04    0.13176E-04    0.10742E-04    0.00000E+00    0.10572E-03    0.00000E+00    0.13176E-03    0.00000E+00    0.10742E-03    0.16028E-02    0.14541E-01    0.16078E-02    0.16233E-01    0.16031E-02    0.14657E-01    0.14359E-02    0.12794E-01    0.14082E-02    0.14246E-01    0.14341E-02    0.12888E-01
5400  0    0.14471E-04    0.18512E-04    0.14737E-04    0.61834E-05    0.82878E-04    0.84325E-05    0.10079E-03    0.63314E-05    0.84057E-04    0.37921E-02    0.12875E-01    0.43408E-02    0.14198E-01    0.38306E-02    0.12966E-01    0.24204E-02    0.10081E-01    0.26678E-02    0.11004E-01    0.24366E-02    0.10141E-01    0.29465E-04    0.38329E-04    0.30074E-04    0.29465E-04    0.00000E+00    0.38329E-04    0.00000E+00    0.30074E-04    0.00000E+00    0.76765E-02    0.00000E+00    0.87555E-02    0.00000E+00    0.77555E-02    0.00000E+00    0.61308E-02    0.00000E+00    0.71509E-02    0.00000E+00    0.62010E-02    0.00000E+00    0.10489E-04    0.12922E-04    0.10647E-04    0.00000E+00    0.10489E-03    0.00000E+00    0.12922E-03    0.00000E+00    0.10647E-03    0.15961E-02    0.14484E-01    0.15924E-02    0.16076E-01    0.15958E-02    0.14593E-01    0.14349E-02    0.12758E-01    0.14034E-02    0.14108E-01    0.14328E-02    0.12846E-01
5420  0    0.14334E-04    0.18428E-04    0.14604E-04    0.61488E-05    0.81856E-04    0.85277E-05    0.99002E-04    0.63053E-05    0.82984E-04    0.37807E-02    0.12795E-01    0.43652E-02    0.14071E-01    0.38219E-02    0.12883E-01    0.24045E-02    0.10020E-01    0.26507E-02    0.10925E-01    0.24207E-02    0.10080E-01    0.29300E-04    0.38762E-04    0.29950E-04    0.29300E-04    0.00000E+00    0.38762E-04    0.00000E+00    0.29950E-04    0.00000E+00    0.76550E-02    0.00000E+00    0.88048E-02    0.00000E+00    0.77395E-02    0.00000E+00    0.61094E-02    0.00000E+00    0.70621E-02    0.00000E+00    0.61749E-02    0.00000E+00    0.10360E-04    0.12693E-04    0.10511E-04    0.00000E+00    0.10360E-03    0.00000E+00    0.12693E-03    0.00000E+00    0.10511E-03    0.15893E-02    0.14394E-01    0.16010E-02    0.15933E-01    0.15900E-02    0.14499E-01    0.14205E-02    0.12682E-01    0.14064E-02    0.14007E-01    0.14196E-02    0.12768E-01
5440  0    0.14203E-04    0.18173E-04    0.14464E-04    0.61185E-05    0.80843E-04    0.83248E-05    0.98485E-04    0.62637E-05    0.82004E-04    0.37741E-02    0.12716E-01    0.43176E-02    0.14035E-01    0.38122E-02    0.12807E-01    0.23980E-02    0.99592E-02    0.26236E-02    0.10899E-01    0.24128E-02    0.10021E-01    0.29155E-04    0.37840E-04    0.29752E-04    0.29155E-04    0.00000E+00    0.37840E-04    0.00000E+00    0.29752E-04    0.00000E+00    0.76361E-02    0.00000E+00    0.86994E-02    0.00000E+00    0.77139E-02    0.00000E+00    0.60771E-02    0.00000E+00    0.69450E-02    0.00000E+00    0.61368E-02    0.00000E+00    0.10231E-04    0.12626E-04    0.10387E-04    0.00000E+00    0.10231E-03    0.00000E+00    0.12626E-03    0.00000E+00    0.10387E-03    0.15937E-02    0.14305E-01    0.15981E-02    0.15891E-01    0.15940E-02    0.14413E-01    0.14208E-02    0.12604E-01    0.14047E-02    0.13973E-01    0.14197E-02    0.12693E-01
5460  0    0.14099E-04    0.18005E-04    0.14356E-04    0.60621E-05    0.80365E-04    0.82537E-05    0.97513E-04    0.62062E-05    0.81493E-04    0.37580E-02    0.12678E-01    0.42996E-02    0.13965E-01    0.37960E-02    0.12767E-01    0.23818E-02    0.99341E-02    0.26089E-02    0.10879E-01    0.23968E-02    0.99963E-02    0.28886E-04    0.37517E-04    0.29480E-04    0.28886E-04    0.00000E+00    0.37517E-04    0.00000E+00    0.29480E-04    0.00000E+00    0.76008E-02    0.00000E+00    0.86622E-02    0.00000E+00    0.76785E-02    0.00000E+00    0.60150E-02    0.00000E+00    0.68822E-02    0.00000E+00    0.60746E-02    0.00000E+00    0.10171E-04    0.12502E-04    0.10322E-04    0.00000E+00    0.10171E-03    0.00000E+00    0.12502E-03    0.00000E+00    0.10322E-03    0.15903E-02    0.14262E-01    0.15928E-02    0.15812E-01    0.15905E-02    0.14368E-01    0.14168E-02    0.12573E-01    0.14036E-02    0.13948E-01    0.14160E-02    0.12662E-01
5480  0    0.13981E-04    0.17770E-04    0.14230E-04    0.60192E-05    0.79614E-04    0.80439E-05    0.97265E-04    0.61524E-05    0.80775E-04    0.37424E-02    0.12619E-01    0.42474E-02    0.13947E-01    0.37777E-02    0.12710E-01    0.23646E-02    0.98994E-02    0.25583E-02    0.10862E-01    0.23773E-02    0.99627E-02    0.28682E-04    0.36563E-04    0.29224E-04    0.28682E-04    0.00000E+00    0.36563E-04    0.00000E+00    0.29224E-04    0.00000E+00    0.75739E-02    0.00000E+00    0.85514E-02    0.00000E+00    0.76451E-02    0.00000E+00    0.59879E-02    0.00000E+00    0.66874E-02    0.00000E+00    0.60360E-02    0.00000E+00    0.10076E-04    0.12470E-04    0.10231E-04    0.00000E+00    0.10076E-03    0.00000E+00    0.12470E-03    0.00000E+00    0.10231E-03    0.15777E-02    0.14196E-01    0.15820E-02    0.15792E-01    0.15780E-02    0.14305E-01    0.14022E-02    0.12529E-01    0.13936E-02    0.13925E-01    0.14017E-02    0.12619E-01
5500  0    0.13860E-04    0.17698E-04    0.14113E-04    0.59767E-05    0.78834E-04    0.80929E-05    0.96055E-04    0.61160E-05    0.79967E-04    0.37299E-02    0.12557E-01    0.42580E-02    0.13860E-01    0.37669E-02    0.12646E-01    0.23561E-02    0.98582E-02    0.25810E-02    0.10794E-01    0.23709E-02    0.99197E-02    0.28480E-04    0.36786E-04    0.29051E-04    0.28480E-04    0.00000E+00    0.36786E-04    0.00000E+00    0.29051E-04    0.00000E+00    0.75471E-02    0.00000E+00    0.85774E-02    0.00000E+00    0.76224E-02    0.00000E+00    0.59665E-02    0.00000E+00    0.67632E-02    0.00000E+00    0.60212E-02    0.00000E+00    0.99772E-05    0.12315E-04    0.10129E-04    0.00000E+00    0.99772E-04    0.00000E+00    0.12315E-03    0.00000E+00    0.10129E-03    0.15745E-02    0.14126E-01    0.15790E-02    0.15694E-01    0.15748E-02    0.14233E-01    0.13972E-02    0.12476E-01    0.14014E-02    0.13838E-01    0.13975E-02    0.12565E-01
5520  0    0.13763E-04    0.17564E-04    0.14013E-04    0.59527E-05    0.78106E-04    0.80807E-05    0.94831E-04    0.60927E-05    0.79206E-04    0.37223E-02    0.12498E-01    0.42543E-02    0.13772E-01    0.37596E-02    0.12586E-01    0.23534E-02    0.98133E-02    0.25697E-02    0.10732E-01    0.23677E-02    0.98737E-02    0.28365E-04    0.36730E-04    0.28940E-04    0.28365E-04    0.00000E+00    0.36730E-04    0.00000E+00    0.28940E-04    0.00000E+00    0.75319E-02    0.00000E+00    0.85709E-02    0.00000E+00    0.76079E-02    0.00000E+00    0.59609E-02    0.00000E+00    0.67090E-02    0.00000E+00    0.60124E-02    0.00000E+00    0.98851E-05    0.12158E-04    0.10033E-04    0.00000E+00    0.98851E-04    0.00000E+00    0.12158E-03    0.00000E+00    0.10033E-03    0.15709E-02    0.14061E-01    0.15763E-02    0.15593E-01    0.15713E-02    0.14165E-01    0.13953E-02    0.12420E-01    0.14022E-02    0.13759E-01    0.13957E-02    0.12507E-01
5540  0    0.13672E-04    0.17524E-04    0.13925E-04    0.59363E-05    0.77355E-04    0.80780E-05    0.94463E-04    0.60772E-05    0.78481E-04    0.37190E-02    0.12438E-01    0.42607E-02    0.13745E-01    0.37571E-02    0.12528E-01    0.23559E-02    0.97804E-02    0.26052E-02    0.10747E-01    0.23723E-02    0.98440E-02    0.28287E-04    0.36718E-04    0.28867E-04    0.28287E-04    0.00000E+00    0.36718E-04    0.00000E+00    0.28867E-04    0.00000E+00    0.75216E-02    0.00000E+00    0.85695E-02    0.00000E+00    0.75983E-02    0.00000E+00    0.59381E-02    0.00000E+00    0.67734E-02    0.00000E+00    0.59955E-02    0.00000E+00    0.97900E-05    0.12111E-04    0.99409E-05    0.00000E+00    0.97900E-04    0.00000E+00    0.12111E-03    0.00000E+00    0.99409E-04    0.15745E-02    0.13993E-01    0.16004E-02    0.15563E-01    0.15762E-02    0.14100E-01    0.14045E-02    0.12378E-01    0.14296E-02    0.13778E-01    0.14061E-02    0.12469E-01
5560  0    0.13584E-04    0.17384E-04    0.13834E-04    0.58932E-05    0.76909E-04    0.79444E-05    0.94397E-04    0.60282E-05    0.78060E-04    0.37072E-02    0.12402E-01    0.42267E-02    0.13740E-01    0.37436E-02    0.12495E-01    0.23549E-02    0.97394E-02    0.25714E-02    0.10746E-01    0.23692E-02    0.98056E-02    0.28082E-04    0.36111E-04    0.28634E-04    0.28082E-04    0.00000E+00    0.36111E-04    0.00000E+00    0.28634E-04    0.00000E+00    0.74942E-02    0.00000E+00    0.84984E-02    0.00000E+00    0.75675E-02    0.00000E+00    0.59316E-02    0.00000E+00    0.66578E-02    0.00000E+00    0.59815E-02    0.00000E+00    0.97336E-05    0.12102E-04    0.98876E-05    0.00000E+00    0.97336E-04    0.00000E+00    0.12102E-03    0.00000E+00    0.98876E-04    0.15738E-02    0.13953E-01    0.15916E-02    0.15558E-01    0.15749E-02    0.14062E-01    0.14050E-02    0.12326E-01    0.14189E-02    0.13777E-01    0.14059E-02    0.12420E-01
5580  1    0.13511E-04    0.17694E-04    0.13787E-04    0.58733E-05    0.76381E-04    0.82689E-05    0.94253E-04    0.60309E-05    0.77556E-04    0.36978E-02    0.12360E-01    0.42991E-02    0.13730E-01    0.37404E-02    0.12454E-01    0.23458E-02    0.96995E-02    0.25909E-02    0.10756E-01    0.23619E-02    0.97690E-02    0.27987E-04    0.37586E-04    0.28647E-04    0.27987E-04    0.00000E+00    0.37586E-04    0.00000E+00    0.28647E-04    0.00000E+00    0.74816E-02    0.00000E+00    0.86702E-02    0.00000E+00    0.75693E-02    0.00000E+00    0.59260E-02    0.00000E+00    0.67705E-02    0.00000E+00    0.59841E-02    0.00000E+00    0.96667E-05    0.12084E-04    0.98238E-05    0.00000E+00    0.96667E-04    0.00000E+00    0.12084E-03    0.00000E+00    0.98238E-04    0.15618E-02    0.13904E-01    0.15789E-02    0.15546E-01    0.15629E-02    0.14017E-01    0.13948E-02    0.12276E-01    0.14120E-02    0.13789E-01    0.13960E-02    0.12374E-01
5600  2    0.13433E-04    0.17580E-04    0.13706E-04    0.58398E-05    0.75929E-04    0.82142E-05    0.93656E-04    0.59960E-05    0.77095E-04    0.36870E-02    0.12323E-01    0.42864E-02    0.13686E-01    0.37294E-02    0.12417E-01    0.23483E-02    0.96601E-02    0.26005E-02    0.10739E-01    0.23649E-02    0.97311E-02    0.27827E-04    0.37337E-04    0.28481E-04    0.27827E-04    0.00000E+00    0.37337E-04    0.00000E+00    0.28481E-04    0.00000E+00    0.74602E-02    0.00000E+00    0.86414E-02    0.00000E+00    0.75473E-02    0.00000E+00    0.59359E-02    0.00000E+00    0.67993E-02    0.00000E+00    0.59952E-02    0.00000E+00    0.96096E-05    0.12007E-04    0.97654E-05    0.00000E+00    0.96096E-04    0.00000E+00    0.12007E-03    0.00000E+00    0.97654E-04    0.15565E-02    0.13863E-01    0.15792E-02    0.15497E-01    0.15580E-02    0.13975E-01    0.13954E-02    0.12226E-01    0.14162E-02    0.13769E-01    0.13968E-02    0.12326E-01
5620  3    0.13378E-04    0.17578E-04    0.13654E-04    0.58196E-05    0.75580E-04    0.82169E-05    0.93615E-04    0.59773E-05    0.76766E-04    0.36826E-02    0.12295E-01    0.42867E-02    0.13683E-01    0.37254E-02    0.12391E-01    0.23473E-02    0.96444E-02    0.26074E-02    0.10739E-01    0.23644E-02    0.97164E-02    0.27731E-04    0.37350E-04    0.28392E-04    0.27731E-04    0.00000E+00    0.37350E-04    0.00000E+00    0.28392E-04    0.00000E+00    0.74473E-02    0.00000E+00    0.86429E-02    0.00000E+00    0.75355E-02    0.00000E+00    0.59293E-02    0.00000E+00    0.68532E-02    0.00000E+00    0.59928E-02    0.00000E+00    0.95654E-05    0.12002E-04    0.97237E-05    0.00000E+00    0.95654E-04    0.00000E+00    0.12002E-03    0.00000E+00    0.97237E-04    0.15598E-02    0.13831E-01    0.15779E-02    0.15493E-01    0.15610E-02    0.13945E-01    0.13960E-02    0.12206E-01    0.14099E-02    0.13767E-01    0.13969E-02    0.12307E-01
5640  4    0.13314E-04    0.17612E-04    0.13597E-04    0.57706E-05    0.75435E-04    0.82808E-05    0.93309E-04    0.59357E-05    0.76611E-04    0.36688E-02    0.12283E-01    0.43030E-02    0.13661E-01    0.37138E-02    0.12378E-01    0.23398E-02    0.96348E-02    0.26238E-02    0.10694E-01    0.23585E-02    0.97045E-02    0.27497E-04    0.37640E-04    0.28195E-04    0.27497E-04    0.00000E+00    0.37640E-04    0.00000E+00    0.28195E-04    0.00000E+00    0.74158E-02    0.00000E+00    0.86764E-02    0.00000E+00    0.75093E-02    0.00000E+00    0.59122E-02    0.00000E+00    0.69267E-02    0.00000E+00    0.59820E-02    0.00000E+00    0.95470E-05    0.11963E-04    0.97040E-05    0.00000E+00    0.95470E-04    0.00000E+00    0.11963E-03    0.00000E+00    0.97040E-04    0.15583E-02    0.13818E-01    0.15827E-02    0.15468E-01    0.15599E-02    0.13931E-01    0.13910E-02    0.12194E-01    0.14102E-02    0.13710E-01    0.13923E-02    0.12292E-01
5660  5    0.13264E-04    0.17615E-04    0.13550E-04    0.57489E-05    0.75154E-04    0.83032E-05    0.93117E-04    0.59169E-05    0.76336E-04    0.36617E-02    0.12260E-01    0.43058E-02    0.13647E-01    0.37075E-02    0.12356E-01    0.23358E-02    0.96144E-02    0.26187E-02    0.10661E-01    0.23544E-02    0.96833E-02    0.27394E-04    0.37742E-04    0.28105E-04    0.27394E-04    0.00000E+00    0.37742E-04    0.00000E+00    0.28105E-04    0.00000E+00    0.74019E-02    0.00000E+00    0.86881E-02    0.00000E+00    0.74974E-02    0.00000E+00    0.59044E-02    0.00000E+00    0.69338E-02    0.00000E+00    0.59752E-02    0.00000E+00    0.95114E-05    0.11938E-04    0.96692E-05    0.00000E+00    0.95114E-04    0.00000E+00    0.11938E-03    0.00000E+00    0.96692E-04    0.15548E-02    0.13792E-01    0.15744E-02    0.15452E-01    0.15561E-02    0.13906E-01    0.13880E-02    0.12168E-01    0.14017E-02    0.13668E-01    0.13889E-02    0.12265E-01
5680  6    0.13199E-04    0.17642E-04    0.13491E-04    0.57149E-05    0.74836E-04    0.83875E-05    0.92544E-04    0.58907E-05    0.76001E-04    0.36508E-02    0.12234E-01    0.43245E-02    0.13605E-01    0.36989E-02    0.12329E-01    0.23266E-02    0.95835E-02    0.26154E-02    0.10634E-01    0.23456E-02    0.96526E-02    0.27232E-04    0.38125E-04    0.27981E-04    0.27232E-04    0.00000E+00    0.38125E-04    0.00000E+00    0.27981E-04    0.00000E+00    0.73800E-02    0.00000E+00    0.87321E-02    0.00000E+00    0.74808E-02    0.00000E+00    0.58850E-02    0.00000E+00    0.69315E-02    0.00000E+00    0.59570E-02    0.00000E+00    0.94712E-05    0.11865E-04    0.96268E-05    0.00000E+00    0.94712E-04    0.00000E+00    0.11865E-03    0.00000E+00    0.96268E-04    0.15502E-02    0.13763E-01    0.15713E-02    0.15404E-01    0.15516E-02    0.13876E-01    0.13814E-02    0.12129E-01    0.13980E-02    0.13633E-01    0.13825E-02    0.12227E-01
5700  7    0.13115E-04    0.17388E-04    0.13396E-04    0.56623E-05    0.74522E-04    0.81783E-05    0.92100E-04    0.58278E-05    0.75679E-04    0.36347E-02    0.12208E-01    0.42733E-02    0.13572E-01    0.36801E-02    0.12303E-01    0.23061E-02    0.95625E-02    0.25975E-02    0.10634E-01    0.23252E-02    0.96330E-02    0.26981E-04    0.37174E-04    0.27682E-04    0.26981E-04    0.00000E+00    0.37174E-04    0.00000E+00    0.27682E-04    0.00000E+00    0.73459E-02    0.00000E+00    0.86225E-02    0.00000E+00    0.74407E-02    0.00000E+00    0.58136E-02    0.00000E+00    0.68933E-02    0.00000E+00    0.58878E-02    0.00000E+00    0.94315E-05    0.11808E-04    0.95860E-05    0.00000E+00    0.94315E-04    0.00000E+00    0.11808E-03    0.00000E+00    0.95860E-04    0.15452E-02    0.13734E-01    0.15627E-02    0.15367E-01    0.15464E-02    0.13846E-01    0.13745E-02    0.12102E-01    0.13858E-02    0.13633E-01    0.13752E-02    0.12202E-01
5720  0    0.13025E-04    0.17219E-04    0.13301E-04    0.56184E-05    0.74063E-04    0.80365E-05    0.91828E-04    0.57775E-05    0.75232E-04    0.36242E-02    0.12171E-01    0.42462E-02    0.13552E-01    0.36684E-02    0.12266E-01    0.23002E-02    0.95305E-02    0.25840E-02    0.10642E-01    0.23189E-02    0.96036E-02    0.26772E-04    0.36529E-04    0.27443E-04    0.26772E-04    0.00000E+00    0.36529E-04    0.00000E+00    0.27443E-04    0.00000E+00    0.73174E-02    0.00000E+00    0.85474E-02    0.00000E+00    0.74085E-02    0.00000E+00    0.57749E-02    0.00000E+00    0.67607E-02    0.00000E+00    0.58427E-02    0.00000E+00    0.93734E-05    0.11773E-04    0.95294E-05    0.00000E+00    0.93734E-04    0.00000E+00    0.11773E-03    0.00000E+00    0.95294E-04    0.15500E-02    0.13692E-01    0.15842E-02    0.15345E-01    0.15522E-02    0.13805E-01    0.13773E-02    0.12062E-01    0.14060E-02    0.13643E-01    0.13792E-02    0.12165E-01
5740  1    0.12921E-04    0.17475E-04    0.13221E-04    0.55933E-05    0.73279E-04    0.83159E-05    0.91588E-04    0.57724E-05    0.74484E-04    0.36110E-02    0.12106E-01    0.43037E-02    0.13534E-01    0.36606E-02    0.12205E-01    0.22812E-02    0.94636E-02    0.25836E-02    0.10601E-01    0.23011E-02    0.95384E-02    0.26653E-04    0.37799E-04    0.27419E-04    0.26653E-04    0.00000E+00    0.37799E-04    0.00000E+00    0.27419E-04    0.00000E+00    0.73010E-02    0.00000E+00    0.86948E-02    0.00000E+00    0.74053E-02    0.00000E+00    0.57547E-02    0.00000E+00    0.68633E-02    0.00000E+00    0.58309E-02    0.00000E+00    0.92742E-05    0.11742E-04    0.94346E-05    0.00000E+00    0.92742E-04    0.00000E+00    0.11742E-03    0.00000E+00    0.94346E-04    0.15314E-02    0.13619E-01    0.15566E-02    0.15324E-01    0.15331E-02    0.13737E-01    0.13587E-02    0.11977E-01    0.13765E-02    0.13591E-01    0.13598E-02    0.12082E-01
5760  2    0.12817E-04    0.17290E-04    0.13111E-04    0.55460E-05    0.72707E-04    0.81619E-05    0.91279E-04    0.57181E-05    0.73929E-04    0.35901E-02    0.12059E-01    0.42625E-02    0.13511E-01    0.36382E-02    0.12160E-01    0.22638E-02    0.94316E-02    0.25680E-02    0.10633E-01    0.22838E-02    0.95107E-02    0.26427E-04    0.37100E-04    0.27161E-04    0.26427E-04    0.00000E+00    0.37100E-04    0.00000E+00    0.27161E-04    0.00000E+00    0.72701E-02    0.00000E+00    0.86139E-02    0.00000E+00    0.73703E-02    0.00000E+00    0.57311E-02    0.00000E+00    0.68329E-02    0.00000E+00    0.58068E-02    0.00000E+00    0.92017E-05    0.11702E-04    0.93643E-05    0.00000E+00    0.92017E-04    0.00000E+00    0.11702E-03    0.00000E+00    0.93643E-04    0.15080E-02    0.13566E-01    0.15381E-02    0.15299E-01    0.15100E-02    0.13685E-01    0.13429E-02    0.11937E-01    0.13650E-02    0.13632E-01    0.13443E-02    0.12047E-01
5780  3    0.12733E-04    0.17416E-04    0.13041E-04    0.54945E-05    0.72383E-04    0.83171E-05    0.90991E-04    0.56802E-05    0.73608E-04    0.35720E-02    0.12032E-01    0.42945E-02    0.13490E-01    0.36239E-02    0.12133E-01    0.22511E-02    0.94167E-02    0.25362E-02    0.10638E-01    0.22698E-02    0.94970E-02    0.26182E-04    0.37805E-04    0.26981E-04    0.26182E-04    0.00000E+00    0.37805E-04    0.00000E+00    0.26981E-04    0.00000E+00    0.72363E-02    0.00000E+00    0.86954E-02    0.00000E+00    0.73459E-02    0.00000E+00    0.56942E-02    0.00000E+00    0.67191E-02    0.00000E+00    0.57647E-02    0.00000E+00    0.91608E-05    0.11666E-04    0.93236E-05    0.00000E+00    0.91608E-04    0.00000E+00    0.11666E-03    0.00000E+00    0.93236E-04    0.14967E-02    0.13536E-01    0.15226E-02    0.15275E-01    0.14984E-02    0.13655E-01    0.13366E-02    0.11918E-01    0.13564E-02    0.13638E-01    0.13379E-02    0.12030E-01
5800  0    0.12635E-04    0.17097E-04    0.12929E-04    0.54603E-05    0.71749E-04    0.82233E-05    0.88739E-04    0.56421E-05    0.72867E-04    0.35583E-02    0.11979E-01    0.42652E-02    0.13322E-01    0.36090E-02    0.12072E-01    0.22341E-02    0.93756E-02    0.25081E-02    0.10508E-01    0.22521E-02    0.94501E-02    0.26019E-04    0.37379E-04    0.26800E-04    0.26019E-04    0.00000E+00    0.37379E-04    0.00000E+00    0.26800E-04    0.00000E+00    0.72137E-02    0.00000E+00    0.86462E-02    0.00000E+00    0.73212E-02    0.00000E+00    0.56643E-02    0.00000E+00    0.66877E-02    0.00000E+00    0.57346E-02    0.00000E+00    0.90805E-05    0.11377E-04    0.92298E-05    0.00000E+00    0.90805E-04    0.00000E+00    0.11377E-03    0.00000E+00    0.92298E-04    0.14842E-02    0.13476E-01    0.14960E-02    0.15084E-01    0.14850E-02    0.13587E-01    0.13230E-02    0.11866E-01    0.13293E-02    0.13472E-01    0.13234E-02    0.11970E-01
5820  0    0.12539E-04    0.16902E-04    0.12826E-04    0.54435E-05    0.70954E-04    0.81815E-05    0.87201E-04    0.56236E-05    0.72023E-04    0.35552E-02    0.11913E-01    0.42573E-02    0.13206E-01    0.36056E-02    0.12002E-01    0.22370E-02    0.93199E-02    0.25128E-02    0.10436E-01    0.22551E-02    0.93933E-02    0.25939E-04    0.37189E-04    0.26712E-04    0.25939E-04    0.00000E+00    0.37189E-04    0.00000E+00    0.26712E-04    0.00000E+00    0.72026E-02    0.00000E+00    0.86242E-02    0.00000E+00    0.73092E-02    0.00000E+00    0.56626E-02    0.00000E+00    0.66877E-02    0.00000E+00    0.57330E-02    0.00000E+00    0.89799E-05    0.11180E-04    0.91229E-05    0.00000E+00    0.89799E-04    0.00000E+00    0.11180E-03    0.00000E+00    0.91229E-04    0.14892E-02    0.13401E-01    0.15030E-02    0.14953E-01    0.14901E-02    0.13508E-01    0.13272E-02    0.11795E-01    0.13352E-02    0.13379E-01    0.13277E-02    0.11898E-01
5840  0    0.12456E-04    0.16665E-04    0.12733E-04    0.54264E-05    0.70300E-04    0.80907E-05    0.85742E-04    0.56016E-05    0.71316E-04    0.35480E-02    0.11857E-01    0.42333E-02    0.13095E-01    0.35971E-02    0.11943E-01    0.22295E-02    0.92773E-02    0.25110E-02    0.10346E-01    0.22481E-02    0.93476E-02    0.25857E-04    0.36776E-04    0.26608E-04    0.25857E-04    0.00000E+00    0.36776E-04    0.00000E+00    0.26608E-04    0.00000E+00    0.71913E-02    0.00000E+00    0.85762E-02    0.00000E+00    0.72949E-02    0.00000E+00    0.56576E-02    0.00000E+00    0.67285E-02    0.00000E+00    0.57312E-02    0.00000E+00    0.88971E-05    0.10993E-04    0.90333E-05    0.00000E+00    0.88971E-04    0.00000E+00    0.10993E-03    0.00000E+00    0.90333E-04    0.14820E-02    0.13340E-01    0.14932E-02    0.14827E-01    0.14828E-02    0.13441E-01    0.13191E-02    0.11741E-01    0.13214E-02    0.13264E-01    0.13192E-02    0.11840E-01
5860  0    0.12330E-04    0.16282E-04    0.12590E-04    0.54080E-05    0.69217E-04    0.78602E-05    0.84214E-04    0.55693E-05    0.70204E-04    0.35400E-02    0.11766E-01    0.41774E-02    0.12978E-01    0.35854E-02    0.11849E-01    0.22206E-02    0.92104E-02    0.24679E-02    0.10233E-01    0.22369E-02    0.92777E-02    0.25770E-04    0.35728E-04    0.26454E-04    0.25770E-04    0.00000E+00    0.35728E-04    0.00000E+00    0.26454E-04    0.00000E+00    0.71791E-02    0.00000E+00    0.84532E-02    0.00000E+00    0.72738E-02    0.00000E+00    0.56396E-02    0.00000E+00    0.65419E-02    0.00000E+00    0.57016E-02    0.00000E+00    0.87601E-05    0.10797E-04    0.88925E-05    0.00000E+00    0.87601E-04    0.00000E+00    0.10797E-03    0.00000E+00    0.88925E-04    0.14734E-02    0.13236E-01    0.14894E-02    0.14695E-01    0.14745E-02    0.13336E-01    0.13126E-02    0.11657E-01    0.13188E-02    0.13120E-01    0.13130E-02    0.11752E-01
5880  0    0.12258E-04    0.16151E-04    0.12514E-04    0.53923E-05    0.68654E-04    0.77912E-05    0.83601E-04    0.55501E-05    0.69637E-04    0.35290E-02    0.11718E-01    0.41544E-02    0.12931E-01    0.35735E-02    0.11801E-01    0.22038E-02    0.91732E-02    0.24445E-02    0.10184E-01    0.22196E-02    0.92397E-02    0.25695E-04    0.35415E-04    0.26363E-04    0.25695E-04    0.00000E+00    0.35415E-04    0.00000E+00    0.26363E-04    0.00000E+00    0.71686E-02    0.00000E+00    0.84160E-02    0.00000E+00    0.72612E-02    0.00000E+00    0.56222E-02    0.00000E+00    0.65081E-02    0.00000E+00    0.56831E-02    0.00000E+00    0.86888E-05    0.10718E-04    0.88207E-05    0.00000E+00    0.86888E-04    0.00000E+00    0.10718E-03    0.00000E+00    0.88207E-04    0.14536E-02    0.13182E-01    0.14663E-02    0.14641E-01    0.14544E-02    0.13282E-01    0.12959E-02    0.11610E-01    0.12983E-02    0.13056E-01    0.12961E-02    0.11704E-01
5900  0    0.12136E-04    0.15734E-04    0.12373E-04    0.53388E-05    0.67974E-04    0.75322E-05    0.82015E-04    0.54831E-05    0.68898E-04    0.35098E-02    0.11660E-01    0.40914E-02    0.12807E-01    0.35510E-02    0.11739E-01    0.21795E-02    0.91192E-02    0.24384E-02    0.10098E-01    0.21966E-02    0.91836E-02    0.25440E-04    0.34237E-04    0.26045E-04    0.25440E-04    0.00000E+00    0.34237E-04    0.00000E+00    0.26045E-04    0.00000E+00    0.71330E-02    0.00000E+00    0.82749E-02    0.00000E+00    0.72173E-02    0.00000E+00    0.55551E-02    0.00000E+00    0.64783E-02    0.00000E+00    0.56186E-02    0.00000E+00    0.86028E-05    0.10515E-04    0.87270E-05    0.00000E+00    0.86028E-04    0.00000E+00    0.10515E-03    0.00000E+00    0.87270E-04    0.14413E-02    0.13117E-01    0.14655E-02    0.14502E-01    0.14429E-02    0.13211E-01    0.12830E-02    0.11541E-01    0.12989E-02    0.12946E-01    0.12840E-02    0.11633E-01
5920  1    0.12045E-04    0.15805E-04    0.12293E-04    0.53239E-05    0.67214E-04    0.77505E-05    0.80543E-04    0.54836E-05    0.68091E-04    0.35029E-02    0.11594E-01    0.41460E-02    0.12692E-01    0.35488E-02    0.11670E-01    0.21691E-02    0.90686E-02    0.24365E-02    0.10017E-01    0.21867E-02    0.91310E-02    0.25369E-04    0.35229E-04    0.26047E-04    0.25369E-04    0.00000E+00    0.35229E-04    0.00000E+00    0.26047E-04    0.00000E+00    0.71231E-02    0.00000E+00    0.83940E-02    0.00000E+00    0.72176E-02    0.00000E+00    0.55353E-02    0.00000E+00    0.64789E-02    0.00000E+00    0.56002E-02    0.00000E+00    0.85065E-05    0.10326E-04    0.86248E-05    0.00000E+00    0.85065E-04    0.00000E+00    0.10326E-03    0.00000E+00    0.86248E-04    0.14331E-02    0.13043E-01    0.14712E-02    0.14371E-01    0.14356E-02    0.13134E-01    0.12751E-02    0.11477E-01    0.12963E-02    0.12842E-01    0.12765E-02    0.11566E-01
5940  2    0.11975E-04    0.15776E-04    0.12225E-04    0.52809E-05    0.66941E-04    0.77545E-05    0.80214E-04    0.54437E-05    0.67814E-04    0.34871E-02    0.11571E-01    0.41454E-02    0.12666E-01    0.35341E-02    0.11646E-01    0.21525E-02    0.90461E-02    0.24466E-02    0.99939E-02    0.21718E-02    0.91084E-02    0.25164E-04    0.35248E-04    0.25857E-04    0.25164E-04    0.00000E+00    0.35248E-04    0.00000E+00    0.25857E-04    0.00000E+00    0.70942E-02    0.00000E+00    0.83962E-02    0.00000E+00    0.71913E-02    0.00000E+00    0.54932E-02    0.00000E+00    0.65348E-02    0.00000E+00    0.55648E-02    0.00000E+00    0.84720E-05    0.10284E-04    0.85898E-05    0.00000E+00    0.84720E-04    0.00000E+00    0.10284E-03    0.00000E+00    0.85898E-04    0.14220E-02    0.13017E-01    0.14655E-02    0.14341E-01    0.14249E-02    0.13107E-01    0.12652E-02    0.11449E-01    0.12935E-02    0.12813E-01    0.12671E-02    0.11537E-01
5960  3    0.11893E-04    0.15735E-04    0.12145E-04    0.52437E-05    0.66488E-04    0.77708E-05    0.79646E-04    0.54100E-05    0.67354E-04    0.34708E-02    0.11532E-01    0.41465E-02    0.12621E-01    0.35192E-02    0.11606E-01    0.21426E-02    0.90208E-02    0.24285E-02    0.99755E-02    0.21614E-02    0.90836E-02    0.24987E-04    0.35322E-04    0.25697E-04    0.24987E-04    0.00000E+00    0.35322E-04    0.00000E+00    0.25697E-04    0.00000E+00    0.70692E-02    0.00000E+00    0.84050E-02    0.00000E+00    0.71690E-02    0.00000E+00    0.54685E-02    0.00000E+00    0.64538E-02    0.00000E+00    0.55362E-02    0.00000E+00    0.84148E-05    0.10211E-04    0.85315E-05    0.00000E+00    0.84148E-04    0.00000E+00    0.10211E-03    0.00000E+00    0.85315E-04    0.14046E-02    0.12973E-01    0.14554E-02    0.14291E-01    0.14080E-02    0.13063E-01    0.12593E-02    0.11417E-01    0.12932E-02    0.12789E-01    0.12615E-02    0.11506E-01
5980  4    0.11819E-04    0.15745E-04    0.12077E-04    0.52024E-05    0.66168E-04    0.77848E-05    0.79607E-04    0.53723E-05    0.67052E-04    0.34552E-02    0.11504E-01    0.41476E-02    0.12618E-01    0.35050E-02    0.11580E-01    0.21344E-02    0.89999E-02    0.24236E-02    0.99616E-02    0.21534E-02    0.90632E-02    0.24790E-04    0.35385E-04    0.25518E-04    0.24790E-04    0.00000E+00    0.35385E-04    0.00000E+00    0.25518E-04    0.00000E+00    0.70413E-02    0.00000E+00    0.84125E-02    0.00000E+00    0.71440E-02    0.00000E+00    0.54631E-02    0.00000E+00    0.64510E-02    0.00000E+00    0.55310E-02    0.00000E+00    0.83742E-05    0.10206E-04    0.84933E-05    0.00000E+00    0.83742E-04    0.00000E+00    0.10206E-03    0.00000E+00    0.84933E-04    0.13933E-02    0.12942E-01    0.14469E-02    0.14287E-01    0.13969E-02    0.13033E-01    0.12503E-02    0.11390E-01    0.12876E-02    0.12771E-01    0.12527E-02    0.11480E-01
6000  0    0.11718E-04    0.15544E-04    0.11970E-04    0.51242E-05    0.65941E-04    0.76810E-05    0.78634E-04    0.52924E-05    0.66776E-04    0.34311E-02    0.11484E-01    0.41189E-02    0.12541E-01    0.34806E-02    0.11556E-01    0.21257E-02    0.89892E-02    0.23948E-02    0.99195E-02    0.21434E-02    0.90504E-02    0.24417E-04    0.34914E-04    0.25139E-04    0.24417E-04    0.00000E+00    0.34914E-04    0.00000E+00    0.25139E-04    0.00000E+00    0.69882E-02    0.00000E+00    0.83563E-02    0.00000E+00    0.70907E-02    0.00000E+00    0.54541E-02    0.00000E+00    0.63871E-02    0.00000E+00    0.55182E-02    0.00000E+00    0.83455E-05    0.10081E-04    0.84583E-05    0.00000E+00    0.83455E-04    0.00000E+00    0.10081E-03    0.00000E+00    0.84583E-04    0.13890E-02    0.12919E-01    0.14338E-02    0.14200E-01    0.13920E-02    0.13006E-01    0.12417E-02    0.11377E-01    0.12687E-02    0.12717E-01    0.12435E-02    0.11464E-01
