  9.099984234361e-01   4.999259779716e-01
  6.838252764687e-01   9.648818248248e-01
  4.307380375214e-01   6.106889015775e-01
  4.313397448101e-01   6.298148133965e-01
  7.513497680670e-01   5.692133205588e-01
  9.692405861723e-01   4.150117726468e-01
  7.841738634425e-01   7.149749744252e-01
  9.517077826824e-01   3.906124341417e-01
  5.791064278041e-01   4.797538652579e-01
  9.467264814394e-01   7.276772863316e-01
  5.968842667389e-01   5.823162889885e-01
  7.902949866449e-01   5.525743111196e-01
  5.451542751290e-01   4.151544060896e-01
  5.846681172560e-01   9.203922818465e-01
  6.835838899477e-01   5.234752315582e-01
  3.123851215410e-01   5.833237630165e-02
  7.675771475313e-02   7.885450480899e-01
  6.100332428948e-01   6.845801566153e-01
  8.361433879847e-01   3.168403074777e-01
  4.374870594128e-01   2.132301111065e-01
  2.942766135245e-01   9.111883914972e-01
  2.922287910952e-01   2.954267607437e-01
  2.189787482931e-01   4.097264195705e-01
  3.905589383614e-01   1.644138427214e-02
  6.986581168609e-01   7.845474866511e-01
  7.799558532220e-01   6.733094021167e-01
  4.884941845710e-02   7.193089077492e-01
  8.716895366586e-01   5.927448658090e-01
  7.481050051139e-01   2.645168921939e-02
  4.431061941445e-01   7.216508920221e-01
  5.501896180105e-01   8.406281384534e-01
  8.861911218391e-01   8.490714101754e-01
  5.394373353227e-01   9.812385528240e-01
  5.221178498326e-01   8.606767732061e-01
  3.762234213204e-01   5.478817061317e-01
  1.498457935646e-01   6.892557298355e-01
  4.129908737431e-01   2.633447466351e-01
  8.947090779814e-01   5.245920878617e-01
  5.781394641476e-01   6.899618254107e-01
  4.702648434052e-02   5.599706727872e-01
  6.734280647511e-01   6.927026008265e-01
  3.446621796426e-01   3.355286586664e-02
  7.424585988581e-01   4.091711679698e-01
  4.896906510487e-01   2.563418298948e-01
  6.593197962624e-01   6.042383438356e-01
  1.611679844524e-01   1.833609535728e-01
  7.391175107563e-01   6.476086208820e-01
  7.376176132161e-01   4.258156950557e-01
  8.321379557274e-01   4.519761706076e-02
  1.877471158886e-01   7.627030337372e-02
  8.853362616696e-01   8.378061459156e-01
  3.381245524632e-01   9.556384821145e-01
  6.849432326757e-01   5.442981654931e-02
  4.440843516036e-01   4.258617347788e-01
  1.374126627474e-01   4.138723855894e-02
  4.309998238040e-01   3.821804942894e-01
  3.792092635527e-01   9.072946121719e-01
  6.155813642376e-01   3.587693830222e-01
  8.714564565293e-01   5.485154350802e-01
  2.134195445904e-01   7.397574136411e-01
  7.145541901678e-01   2.398218730441e-01
  3.273712119685e-01   9.746709781251e-01
  7.328541907361e-01   7.673093381698e-01
  7.446822871648e-01   3.618586735142e-01
  2.150383384783e-01   8.296598249332e-01
  9.846129443811e-02   9.732213805422e-02
  3.564929356287e-01   6.600241851476e-01
  7.440578535616e-01   6.272959934885e-02
  8.991876672724e-01   6.604907807450e-01
  8.622032131405e-02   6.824200603247e-01
  8.692672895869e-01   5.724373515557e-01
  2.723156913014e-02   4.962703256948e-01
  8.391490627388e-01   3.055246909634e-01
  3.602657203013e-01   2.354942251390e-01
  3.063621844180e-01   6.188961862125e-01
  3.716582790940e-01   6.852567018501e-01
  3.832342076903e-01   6.237465420014e-01
  1.900767416560e-01   9.390059675374e-01
  9.665644237875e-01   2.574081886909e-01
  2.185948744071e-02   2.052679836516e-01
  8.597373575808e-01   9.812531556127e-01
  1.756063314000e-01   3.544663059588e-01
  8.043460840715e-01   4.249464947711e-01
  1.176241664714e-01   9.627987208233e-01
  1.038158375101e-01   5.226087025309e-01
  3.396701579492e-01   1.686458585948e-01
  2.359069402838e-01   6.218749976389e-02
  4.973560018376e-01   8.979798588359e-01
  3.986120669291e-01   5.336933211896e-01
  2.459136582142e-01   4.522217213910e-01
  6.890683375911e-01   4.298969547680e-01
  3.791272256443e-01   9.183250851426e-01
  3.977080970230e-01   2.920440836692e-01
  4.508314485744e-01   4.458016201512e-01
  8.864218461097e-01   4.143920472504e-01
  4.634167173270e-01   7.517633983139e-01
  5.707743239779e-01   7.712361748899e-01
  8.057541210332e-01   1.828071189571e-01
  7.200494591173e-01   7.228960852144e-01
  7.104130990242e-01   4.727463971941e-01
  6.009642929732e-01   1.029277112671e-01
  2.085053559068e-01   4.441518421758e-01
  6.910778564318e-01   1.901553544756e-01
  5.801384466040e-01   2.500972015761e-01
  7.261281630937e-01   7.497153659684e-01
  4.061890084903e-01   3.539503818955e-01
  6.047563557724e-01   2.010369461282e-01
  1.060654434609e-01   1.237342526923e-01
  8.096407551889e-01   8.653355800356e-01
  5.026918213855e-01   1.509054216549e-02
  6.238140607726e-02   1.647346404599e-01
  7.975415248115e-01   3.908181609703e-01
  4.514920641190e-01   2.628298604547e-01
  7.978702109153e-01   2.902899421980e-02
  3.437559511028e-01   5.627331291468e-01
  7.074356352227e-01   6.013164428160e-01
  8.827591794875e-01   1.374113996709e-01
  9.319386972101e-01   3.430127828942e-01
  6.103721519974e-01   9.849280753216e-01
  4.715410812114e-01   7.950663214361e-01
  4.636857412823e-01   7.990400346975e-01
  4.856913911329e-02   6.072087430285e-01
  7.326270971385e-01   6.635738774987e-01
  8.352002073449e-01   7.729062828627e-01
  5.637987348266e-01   2.150344248963e-01
  6.240526782247e-01   9.483934129516e-02
  2.908446369689e-02   1.542531857985e-01
  6.447944411441e-01   6.134467566994e-01
  7.527353787876e-01   1.113819628094e-01
  6.857789352151e-01   4.372845335119e-01
  7.724479679010e-01   7.085879626398e-01
  7.858581015573e-01   1.074611916836e-01
  6.257357547363e-01   5.865076758027e-01
  7.745096280959e-01   2.680807870385e-01
  3.412556796753e-01   7.653486440739e-01
  7.787610000892e-01   5.423961545197e-01
  2.844641371901e-01   7.273906544755e-01
  1.489231352739e-01   1.293392565696e-01
  6.776589359959e-01   4.761169689011e-01
  3.889013557959e-01   1.843660722876e-01
  2.569878898918e-01   5.769760961752e-01
  1.204962763118e-01   2.987639261304e-01
  4.861977460628e-01   6.617680879661e-02
  8.955059795344e-01   6.142842652917e-02
  4.030328015946e-01   3.885155076817e-01
  9.814451738686e-01   3.115328064463e-01
  7.065719208014e-03   8.609810220830e-01
  2.000149295778e-01   5.379308183579e-02
  5.298647003625e-01   2.222907304897e-01
  5.136295102690e-01   5.041601859774e-01
  5.783777701812e-01   3.105833948486e-01
  9.648704978390e-01   7.339305944616e-01
  5.744855126079e-01   4.164492326384e-01
  2.029142312500e-01   9.834185232964e-01
  8.041050213364e-01   4.687582627337e-02
  8.453248811807e-01   7.217075649880e-01
  2.534213837740e-02   1.485501300927e-02
  5.177819166288e-01   2.568844383327e-01
  3.707645753490e-01   8.918048288817e-01
  8.613283804632e-01   3.897613507704e-01
  5.569260894183e-01   1.744839341780e-01
  2.276205784788e-01   4.674819356810e-01
  3.348766301463e-01   5.238136667079e-01
  6.795167674799e-01   3.403762163789e-01
  8.233524955232e-01   5.078105893970e-01
  5.005625548311e-01   4.202254841927e-01
  4.558035718296e-01   9.410891988337e-01
  2.903973696246e-01   1.003702977188e-01
  7.666601402255e-01   8.952273338536e-01
  2.706280817242e-02   9.310830767504e-01
  4.677560188207e-01   8.589722023496e-01
  5.523454225026e-01   6.605722758256e-02
  5.660130144782e-01   6.567150407897e-01
  7.199066206081e-01   1.882153229327e-01
  8.701558434847e-01   1.961998542029e-01
  5.137749453940e-01   8.324906356294e-01
  8.536809868876e-01   9.429494810471e-01
  3.611740849773e-01   7.212340013495e-03
  7.840260761084e-01   7.309352777171e-01
  9.117911094246e-02   5.935569995961e-01
  2.398653091998e-01   8.016558717559e-01
  2.707960900140e-01   1.523697118155e-01
  9.430588744437e-01   3.283027084225e-02
  5.291990425663e-01   7.050699490301e-01
  2.332828000426e-01   2.521914198634e-01
  3.157482696830e-01   5.902565117813e-03
  5.152865667798e-01   3.283613100320e-01
  1.190511952694e-01   8.296864907233e-01
  6.630069912966e-01   1.169468438384e-02
  9.944219631517e-02   2.264492068365e-01
  8.820023529093e-01   4.775555521307e-02
  4.470701266609e-01   2.953050531999e-01
  9.397796115970e-01   8.345456842962e-01
  8.959128389329e-01   1.737092569396e-01
  4.098953152966e-01   6.904104524549e-01
  7.938767646587e-01   6.744851926985e-01
  7.986709094012e-01   1.527382527126e-01
  4.863057823819e-01   9.514966000861e-01
  6.403149620051e-01   4.727472083818e-01
  6.463683174527e-01   8.399785060010e-01
  5.410786097721e-01   8.880463859692e-01
  5.463247617173e-01   8.592051612976e-01
  8.575685740471e-01   9.655013862303e-01
  1.661219253823e-01   7.368469164849e-01
  3.945650553575e-01   9.174029129127e-01
  8.032226956347e-01   7.321019138645e-02
  9.332822429934e-01   8.994625567814e-01
  5.378121090051e-01   8.658885825419e-01
  6.020060758737e-01   3.300389478173e-01
  1.940028021901e-01   1.337942799933e-01
  8.695028710568e-01   3.134857836855e-01
  8.446272801765e-01   7.333046800056e-01
  2.711676635428e-01   7.380603964152e-01
  4.550191875635e-01   6.440741512724e-01
  9.536629403984e-02   8.879169850799e-01
  6.603728693591e-01   4.402159870860e-01
  4.164992129647e-01   8.672307227385e-01
  9.789884392235e-02   1.267244668176e-02
  5.071334588250e-01   5.759125043580e-01
  1.585187048582e-02   5.102992356169e-01
  9.027483304846e-01   6.975695884054e-02
  4.481309863404e-02   7.247886562240e-01
  7.782073821322e-01   4.666995039122e-01
  4.412310277641e-01   7.572757715111e-01
  8.928931530844e-01   6.514279002379e-01
  2.781667066374e-01   2.631509613937e-01
  5.226830742599e-01   7.476247203860e-01
  4.718689125237e-01   4.821866261231e-01
  4.729792630134e-01   9.773555737312e-01
  6.916303573892e-02   1.165540713145e-01
  8.543224683183e-01   1.861155805669e-01
  3.691401615874e-01   2.902064729810e-01
  4.944208445858e-02   4.437490317480e-01
  2.871965874414e-01   6.659621402397e-01
  5.230638080168e-01   1.409099420299e-01
  5.399629130664e-01   4.132444512784e-01
  3.458036722881e-01   3.182455273139e-01
  2.214899864076e-01   8.759405635728e-01
  8.259029780799e-01   3.148273602489e-01
  3.177471570589e-01   8.076178157297e-01
  6.710552947173e-01   9.875343307055e-01
  2.811221675598e-01   2.866484603970e-01
  9.233884012754e-01   1.525998338988e-01
  2.030978843511e-01   6.921863089637e-01
  3.321663816796e-01   6.831003695396e-01
  2.440418567480e-01   4.134440793136e-01
  2.446552228394e-01   6.939881401854e-01
  9.551434937278e-01   8.108375261046e-01
  9.849318490496e-01   6.499399666207e-01
  4.145508261213e-01   5.273939262919e-01
  6.309779509861e-02   1.988835159063e-01
  5.606505839936e-01   9.938804571730e-02
  1.182023093607e-01   6.076118808817e-01
  8.849870207082e-01   8.343688616270e-01
  1.448055567158e-01   5.723895930358e-01
  9.020350254415e-01   6.759258340825e-01
  7.541619876708e-01   2.787715598041e-01
  8.189778116982e-01   1.358988592971e-01
  6.960320413552e-01   3.610049948876e-01
  6.907787757208e-01   2.582040899186e-01
  3.873201603904e-01   2.658727983501e-01
  3.497597955304e-02   8.700884228184e-01
  6.679207455191e-01   7.368418989322e-03
  3.716239966137e-01   9.068027810569e-01
  8.245558421946e-02   4.687481523289e-01
  1.388851298176e-02   4.833820973300e-01
  5.032415090382e-01   4.567396075895e-01
  9.525654650764e-01   3.131726191886e-01
  9.645408640425e-01   1.065517184505e-01
  9.602228451234e-01   7.768046826896e-01
  8.151974660696e-02   5.066772601067e-01
  9.929069549668e-01   6.843571539877e-01
  7.070311428198e-01   3.094813837280e-02
  4.208256104941e-01   9.381795632451e-01
  3.183833937827e-01   4.876549767943e-01
  3.932263166886e-01   8.634480082873e-01
  5.664946584287e-01   7.589374327415e-01
  3.128623726938e-01   8.188665667735e-01
  6.000866935034e-01   2.795104526643e-01
  1.590467349052e-01   5.099243366559e-01
  7.779519862223e-01   1.739539539832e-01
  2.400883139245e-01   5.640415015857e-01
  1.022016813760e-01   4.692896495865e-01
  8.353839865017e-01   5.443073623222e-01
  8.906973433596e-01   2.625466824895e-01
  4.477833251951e-01   6.620520455601e-01
  2.369672548070e-01   6.413761667567e-01
  6.388537872549e-01   7.255485329238e-01
  6.481322265194e-01   5.836202229281e-01
  6.970485859780e-02   3.396148424754e-01
  6.241429748508e-01   7.692109817694e-01
  8.158298792697e-01   2.030237272254e-01
  9.258134933279e-01   4.051562117111e-01
  2.897545363520e-01   7.830470309915e-01
  6.438000127108e-01   9.720552965631e-01
  9.872223482530e-01   6.871019621713e-01
  4.728482288511e-01   4.645965671423e-02
  1.694981711404e-02   1.970595477988e-01
  5.910585852659e-01   4.392691634987e-01
  6.507193848460e-01   7.338961903131e-02
  7.871670166046e-01   5.684778466451e-01
  4.686921820667e-01   2.247246134203e-01
  7.666019563446e-02   9.359240718854e-01
  5.431448001184e-01   1.581312620589e-01
  3.226569959028e-01   6.431566945138e-01
  4.330601992594e-01   3.960921420266e-01
  8.648262558392e-01   3.339274159060e-01
  4.300971175300e-01   8.782118575191e-01
  6.982340615499e-01   3.060851747496e-01
  4.608687718135e-01   1.441199945285e-01
  2.475351024188e-01   7.904379914679e-01
  6.729548000490e-01   9.020185572324e-01
  6.357302400854e-01   2.535136206117e-01
  4.720879404307e-01   5.606279541096e-01
  7.624767485267e-01   8.486231119812e-01
  3.554896826961e-02   8.166811411442e-01
  9.290228683314e-01   2.234178963969e-01
  8.125307281103e-01   7.116899188741e-01
  7.879897940449e-01   9.587631585684e-01
  8.185301669949e-03   5.247220306367e-01
  5.548630531035e-02   5.817715691317e-01
  4.817482080802e-01   3.780073281837e-01
  5.535155324866e-01   5.888975496191e-01
  6.247974831467e-01   6.884007836490e-01
  9.281438492339e-01   1.726613964696e-02
  9.454971345479e-01   1.931321415588e-01
  8.386214914972e-01   4.538668311934e-01
  1.861252254439e-02   6.025709466354e-01
  3.649947237588e-01   4.926746219809e-01
  4.862338147598e-02   8.151534374183e-01
  4.483866017444e-01   1.237016143049e-01
  2.744550470270e-01   1.192665245991e-01
  9.269413129143e-01   4.414300706014e-02
  8.268023053389e-01   2.579817300765e-01
  3.751858119805e-01   4.699177785781e-01
  4.525377336229e-02   4.867335883641e-01
  6.773299451075e-01   4.406121530242e-01
  8.463482309653e-01   9.551994332457e-01
  1.441375917724e-01   4.151260405593e-01
  3.410894767028e-01   5.958125360627e-01
  2.022290931244e-01   2.941208319944e-01
  2.363989757573e-01   8.198721410826e-01
  1.855362682958e-01   9.789613337817e-01
  1.097967091827e-02   2.292549687772e-01
  6.215652483811e-01   6.351663833106e-01
  5.656400352099e-01   1.555390689044e-01
  2.562268870116e-01   1.508792990062e-02
  8.641735656816e-02   9.461932754700e-01
  8.197674440536e-01   2.756454600484e-01
  2.086180266720e-01   7.735738786851e-02
  3.443111557861e-01   6.195673824836e-01
  1.037872361242e-01   2.576222062596e-01
  3.192551448272e-01   3.887928521521e-01
  2.726790562758e-01   8.884300070465e-01
  4.850582118763e-01   7.462444486238e-01
  3.650235245854e-01   4.363384488418e-01
  4.642892732162e-01   9.900008639774e-01
  6.624156831489e-01   7.367627001735e-01
  6.240952038624e-01   1.849265957812e-02
  9.859554011287e-01   4.916198706252e-01
  6.796403666281e-01   9.501380811243e-03
  1.913210693678e-01   7.103665626580e-01
  5.942209474875e-01   1.455397738930e-01
  1.203519535026e-01   7.808495428548e-01
  4.239619188921e-01   9.697535910377e-02
  7.136753484711e-01   6.677233161468e-01
  6.609648847601e-01   6.352770936663e-01
  9.276400047182e-01   4.674331863304e-01
  9.510568381950e-01   3.604461637316e-01
  6.829783122061e-01   3.826602074943e-01
  5.376840095441e-01   2.097352483341e-02
  1.611217089509e-01   4.375966902804e-01
  3.509945531955e-01   7.053791089075e-01
  5.741524684227e-01   7.458558803983e-01
  3.403846577912e-01   4.222617919126e-02
  1.375942991845e-01   6.461128282134e-01
  1.627269162566e-01   7.316545001404e-01
  7.717146305763e-01   3.636209125295e-01
  6.294242183089e-01   2.643954657410e-01
  3.462604731100e-01   1.846458004416e-01
  4.345809402546e-01   2.745837596499e-02
  4.928888080855e-01   4.585284574714e-01
  6.995942790250e-01   6.675471148145e-02
  4.964887571025e-01   8.901589854204e-01
  3.508147305918e-01   9.740477552513e-01
  9.229701797584e-01   6.091356886056e-02
  4.905151586279e-01   1.556733499620e-01
  6.118722945233e-01   7.507693296017e-01
  2.236567390722e-01   3.331433747691e-01
  6.381661140665e-01   5.000975830308e-01
  3.991004558387e-02   2.968791822536e-01
  7.854630893773e-01   6.535234765731e-01
  6.193741973138e-01   7.631434926564e-01
  3.340316367855e-01   5.864204174324e-01
  2.380599101448e-01   7.950806579803e-01
  5.835170065022e-01   4.894559440007e-01
  8.290937577465e-01   7.466729054940e-01
  3.681071645947e-01   7.121813698551e-01
  5.622235613940e-01   3.573743100022e-01
  4.565187527517e-01   1.407413309046e-01
  2.952991346995e-01   4.051230006206e-01
  8.204524050027e-01   9.431059200927e-01
  9.658212103934e-01   5.667713939588e-01
  4.334504199810e-01   5.000269588078e-01
  4.050192779097e-01   7.820534445320e-01
  7.299050221650e-01   8.821980383504e-01
  9.809302712569e-01   3.213337603289e-01
  3.562999480391e-01   1.237334943567e-01
  7.752507421142e-01   5.668433340405e-01
  1.192431708975e-01   2.522421928059e-01
  1.450988160594e-01   3.104161613157e-01
  7.612983396474e-01   9.163775298763e-02
  4.331594215637e-01   1.703085433696e-01
  3.593785321127e-01   3.630056226963e-01
  2.320586495861e-01   1.141682214923e-01
  1.494213290602e-01   6.418849582190e-01
  9.599790263421e-01   1.293781354694e-01
  1.079728991343e-01   4.878681745754e-01
  1.893939311052e-01   9.886670416835e-01
  4.806290029238e-01   8.673737624315e-01
  8.118433668843e-01   1.724314216521e-01
  2.475767237570e-01   3.501450107086e-01
  9.513524382120e-01   6.457350140031e-01
  5.437741591237e-01   8.704915401803e-01
  3.808119888446e-01   7.856154212098e-02
  5.647021354671e-01   1.835571422076e-01
  9.205115933723e-01   3.680275812011e-01
  9.318867443199e-01   1.044586941564e-01
  1.068467492255e-01   4.461054466638e-01
  8.255468879589e-01   4.416162751630e-01
  1.316105526175e-01   3.644413729611e-01
  1.181302083724e-01   2.448486392245e-01
  5.082719003817e-01   8.408739860504e-01
  3.732602487620e-02   6.921466705553e-01
  2.190656464605e-01   4.184671412675e-01
  6.356187675921e-02   2.967565368410e-01
  9.029981941756e-01   1.519480038918e-01
  9.641356189432e-01   6.960119163823e-01
  7.671951715608e-01   4.425656243596e-01
  2.402768434320e-01   8.598884916492e-01
  8.769852091160e-01   2.894354173583e-02
  2.057922449880e-01   6.398708724016e-01
  2.285461821935e-01   7.815374844115e-01
  4.564351465444e-01   2.001354223498e-01
  2.613360701081e-01   5.209705810327e-01
  8.107285416171e-01   1.522833164223e-01
  3.519036805020e-01   8.930935348679e-01
  6.416986161135e-01   5.773818278346e-01
  8.422953913459e-01   9.030568247112e-01
  9.604708595843e-01   4.826916520851e-01
  1.149659594203e-01   4.074312989970e-01
  1.578157386728e-01   3.920420916260e-01
  7.497928132284e-01   8.634623307641e-01
  5.485595675183e-02   4.130664539515e-01
  2.251589695546e-01   8.567920951865e-01
  7.934648637724e-02   2.704582862253e-01
  6.099642499809e-01   7.598617817411e-01
  8.128364799916e-01   9.321801914960e-01
  2.833032668110e-01   7.947346758271e-01
  2.110170383708e-01   1.522530875278e-01
  9.935332003121e-01   2.351937921434e-02
  1.232619226291e-01   9.550825758382e-03
  6.097470337507e-01   8.529586470425e-01
  5.669465081019e-01   8.812084388382e-01
  2.238878949378e-01   9.112367778300e-01
  7.074646271344e-01   2.464920594994e-01
  8.362149190072e-01   4.996054632511e-01
  2.911241881001e-01   7.589817387735e-02
  6.227894622625e-01   5.862299227498e-01
  5.949653002402e-01   7.300836612343e-01
  4.500441083509e-01   7.976603440943e-01
  3.140780628863e-01   3.379615081160e-01
  8.712465675702e-01   6.173876857317e-01
  8.424834034979e-01   6.871324496258e-01
  9.365699330080e-01   2.761322956663e-01
  9.039333144783e-01   8.331243622707e-01
  3.081048657157e-01   9.096832006699e-01
  9.696159929549e-01   5.948863271168e-01
  7.887269345329e-01   8.676904686595e-01
  3.127492879131e-02   7.261707311429e-01
  4.945838307744e-01   7.844964464076e-01
  7.919643020198e-01   5.230100352960e-01
  5.236170005788e-01   4.858188809251e-01
  3.528160943408e-01   4.035362839350e-01
  7.253921504355e-01   2.528804103056e-01
  7.790027387626e-01   7.822429289079e-02
  1.583894894575e-01   8.951068319469e-01
  8.433556043787e-02   3.359758419401e-01
  2.024502446233e-01   5.699520581987e-02
  1.831872601416e-01   1.041431771803e-01
  8.613869263028e-01   9.701473615101e-01
  9.155339535405e-01   7.473552425216e-01
  8.247127132882e-01   4.581110220423e-01
  3.157389403572e-01   4.903517901068e-01
  6.983911260470e-01   2.068523509529e-01
  3.453539753383e-01   6.236002467543e-01
  8.476315472413e-01   4.307869887147e-01
  2.242655758873e-01   9.450510507437e-01
  7.738292287387e-01   5.452161142265e-01
  8.231256296921e-01   5.535370682468e-01
  2.385500066391e-01   5.065532994238e-01
  7.113124410510e-01   3.265965778457e-01
  4.495892734278e-01   3.173996903456e-02
  7.870523874122e-01   5.813905809420e-01
  5.123292421726e-02   8.769358041291e-01
  8.095129280033e-01   5.705248324246e-01
  2.827701260699e-01   5.003481552624e-02
  4.346021634032e-01   1.645792142739e-01
  2.579450982173e-01   2.080817265974e-01
  9.399453316105e-01   2.251262359809e-02
  5.331921222136e-01   7.054934727937e-01
  8.747911601174e-02   9.028413280364e-01
  8.793263251383e-01   3.723455948923e-01
  3.148572440875e-01   9.228840124187e-01
  5.422157299379e-02   7.620643533105e-01
  1.587770964772e-01   3.022987397458e-01
  2.045383525393e-01   1.925544972283e-01
  5.779072290387e-01   6.939158008590e-01
  4.944492795345e-01   6.349773560216e-01
  7.335595912010e-01   1.439411372941e-01
  1.530568779478e-01   3.166862439140e-01
  1.771891673661e-01   8.922363709904e-01
  8.819020674697e-02   2.898578602340e-01
  4.536947902010e-01   1.420537689178e-01
  4.784227514840e-01   2.200654773805e-02
  1.830036653260e-01   7.022753490364e-01
  8.265794283476e-02   3.704262825303e-01
  9.752301374726e-01   7.954803280634e-01
  8.109069042094e-01   1.206309256100e-01
  7.743303986109e-01   9.091730247140e-01
  9.024933129670e-01   6.404714376352e-01
  4.147496809047e-01   8.285475966642e-02
  5.038846752478e-01   3.198514343414e-01
  6.563087623171e-01   7.152711013024e-01
  1.558451802686e-01   3.506671922489e-01
  5.947357568097e-01   6.111313363293e-01
  1.407055341212e-01   9.286513643811e-01
  8.760164812950e-01   9.452164033653e-01
  7.660621715240e-01   1.030950418512e-01
  1.444104197370e-01   5.533795925593e-01
  5.459444478614e-01   5.589755241254e-01
  7.880850943662e-01   9.209222175733e-01
  3.836109289265e-01   7.611086944108e-01
  3.644824834334e-01   1.637659101808e-01
  5.298107963437e-01   5.230922150688e-01
  1.370381812348e-01   1.990362890080e-01
  7.444236707636e-01   8.034702464671e-03
  7.734643053631e-01   1.758260588923e-01
  3.451533529919e-01   5.643678755250e-01
  4.603089510960e-01   1.074174035887e-01
  3.872248588010e-01   4.826240612352e-01
  4.834412093119e-01   8.302543624143e-01
  6.001150352863e-01   4.931449853472e-01
  4.559943467289e-01   7.972206882952e-01
  2.470830056756e-01   5.212482042018e-01
  2.299884612295e-01   4.660702830175e-01
  3.484685358106e-01   4.709072479413e-01
  7.463201948534e-01   6.385862443789e-01
  3.744430493540e-01   5.179038009015e-01
  2.795459104105e-01   4.179493052195e-01
  1.820326144631e-01   7.702194256689e-01
  5.619014613696e-01   3.993604515567e-01
  7.341602439969e-01   7.842612049641e-01
  1.883017001578e-01   9.297498308381e-01
  3.007053037391e-01   3.117062158529e-01
  1.018082136140e-01   7.152403741511e-01
  9.253440341259e-01   6.495264392319e-01
  9.877177858302e-02   2.145698687386e-01
  5.632153157864e-01   1.776184092800e-01
  1.929105940002e-02   3.279654276459e-01
  5.927090869608e-01   3.468392906786e-01
  9.134921455248e-01   9.919437936858e-02
  2.139563287261e-01   4.994355437473e-01
  3.176999878303e-01   5.739407493726e-01
  7.898268502238e-01   2.983151279471e-01
  6.809994316637e-01   6.151593979209e-01
  9.271109144758e-01   2.762108263019e-01
  3.300726144805e-01   6.455701761750e-01
  3.794258364934e-01   8.627117740174e-01
  7.523867860483e-01   7.512602285294e-02
  2.574873255467e-02   2.088271714047e-01
  7.984840149457e-01   9.231926184867e-01
  8.077392391224e-01   2.047293999983e-01
  2.775795217980e-01   7.026601048133e-01
  5.169974897212e-01   8.293771550316e-01
  8.229353437992e-01   3.499838447599e-01
  6.658720857761e-01   5.564664094249e-02
  4.015078489105e-01   2.754471337615e-01
  5.723259568934e-01   8.979119466701e-01
  2.905042153704e-01   1.947919532294e-01
  3.889405060563e-01   4.298721138210e-01
  7.446437729616e-01   5.529105058112e-01
  2.515670269144e-01   9.379127316317e-01
  6.421726399428e-01   3.290701930572e-01
  3.652826257682e-01   6.207747311021e-01
  7.874169958336e-02   4.239936958401e-01
  3.122668941942e-01   5.656528422780e-01
  5.329896155473e-01   8.993512820133e-01
  4.142988764066e-01   8.832393933629e-02
  9.744340533777e-01   6.358217938888e-01
  2.987352548171e-01   5.395585330475e-01
  2.586256145595e-01   4.991330402214e-01
  6.701309254075e-01   3.668496575087e-01
  1.313842209871e-01   7.136343209827e-01
  4.720742570546e-01   2.321249995107e-01
  8.302702666129e-01   8.512424342537e-01
  6.720745867897e-02   5.356541362410e-01
  9.530849202536e-01   7.244738046581e-01
  7.535945884935e-01   6.418110549949e-02
  1.756785744001e-01   3.252744931415e-01
  7.944906966724e-01   4.358512723497e-01
  6.946301915726e-01   8.508844786190e-01
  9.687854122029e-01   5.577102748124e-01
  7.973399998685e-01   4.754247522884e-01
  3.509762787351e-01   9.428570728054e-01
  7.005159552434e-01   5.928381486987e-02
  2.749948467118e-01   7.063725617042e-01
  3.027766659186e-01   9.064751319956e-01
  9.526097395458e-02   6.712105238020e-01
  4.723905335009e-01   7.591741164525e-01
  2.313957368210e-01   6.405641211843e-01
  2.159548093784e-01   1.723723965685e-01
  2.537079327060e-02   8.592885310429e-01
  5.115419628665e-01   9.911754061380e-01
  4.609610823555e-01   1.375254622772e-01
  1.878934114823e-01   3.743586762440e-01
  6.810537672781e-01   5.739222873188e-01
  4.751551174172e-01   6.819679620122e-01
  8.500948389565e-01   4.523488911769e-01
  3.419288704755e-01   2.486523226271e-01
  7.390784717363e-01   1.088377043361e-01
  5.323862215488e-01   4.738710870275e-01
  2.795066300642e-02   8.872437061041e-01
  4.754577866520e-01   3.037388745149e-01
  8.071277852346e-01   5.079072705215e-01
  3.134993195937e-01   8.932483291689e-01
  3.171829234716e-01   6.639745973576e-01
  5.341313738999e-01   3.147662318530e-01
  8.344962384825e-01   6.506899286444e-01
  6.782465956512e-01   5.191521460249e-01
  7.896920086894e-01   9.519159531202e-01
  3.029797947982e-01   5.821729500005e-01
  7.154842305758e-01   1.527760237873e-01
  5.977131861077e-01   2.245608423256e-01
  8.195254401903e-01   9.703166230408e-01
  9.189790780869e-01   4.206581536162e-01
  5.109234973235e-01   4.909516533836e-01
  9.911615742836e-01   9.605296059735e-01
  6.570389409912e-01   8.182260915743e-01
  5.972345531876e-01   3.957906967173e-01
  2.932036913820e-01   4.295663939641e-01
  7.865737663986e-01   2.990674938312e-01
  9.405774652452e-01   6.717839539525e-01
  4.334959545304e-01   2.465448225342e-01
  7.256998107344e-01   8.015440884833e-01
  5.028875088872e-01   1.850703772961e-01
  2.088094170562e-01   7.933055227722e-01
  8.829160174755e-01   3.464864967926e-01
  3.857612849493e-01   7.596224039284e-01
  4.665934721449e-01   4.123280302441e-01
  9.210177760227e-01   9.161384474949e-01
  8.669074995967e-01   4.432397180777e-01
  5.039405713703e-01   1.839440908307e-01
  1.115896718233e-01   8.745078047709e-01
  9.277434985193e-01   7.803679537781e-01
  4.120643900625e-01   7.573001480668e-01
  2.314473775334e-01   3.963619894386e-01
  8.180061192796e-01   7.677656361591e-01
  1.491424253919e-01   5.808521874829e-01
  7.932694508685e-01   4.876288182011e-01
  2.676492459918e-01   1.290388020811e-01
  6.221243264780e-01   9.594545578640e-01
  2.324492848055e-01   4.392979427522e-01
  2.154937823702e-01   3.229891713870e-01
  4.930220004869e-01   7.138019062552e-02
  6.305200890103e-02   4.370573346459e-01
  2.180852704052e-01   7.189484080466e-01
  9.108168794435e-01   9.619216060409e-01
  1.678611591931e-01   1.515070228634e-01
  9.604395853326e-01   1.065943415789e-01
  3.768051920324e-01   6.011595851397e-01
  3.510606691835e-01   4.855049526032e-01
  7.389098833744e-01   9.667592869264e-01
  1.023431253474e-01   9.193251550448e-01
  3.811019859796e-01   2.882767907223e-01
  1.066673346749e-01   4.274339139038e-01
  3.030853343448e-01   1.112397043406e-01
  3.362148632802e-01   9.844508610753e-01
  6.289645110934e-03   3.910319214298e-01
  5.831055591008e-01   8.023866960542e-02
  1.944976224236e-01   5.290331904833e-01
  3.876589649122e-01   3.467164458502e-01
  6.582431866266e-01   8.269551212718e-02
  4.587574209461e-01   4.537930194961e-01
  4.180618536339e-02   9.821703761786e-02
  8.488643946279e-01   1.029000696839e-01
  7.427883392772e-01   4.712917159046e-01
  1.487361102017e-02   1.718669382956e-01
  7.931592322327e-01   2.009784743161e-01
  5.505272697607e-01   6.206426952844e-01
  8.035304506451e-01   2.595744486384e-01
  7.611624559004e-01   9.489291154353e-01
  1.097447717948e-01   5.006144220782e-01
  5.157076149608e-01   8.142837389826e-01
  9.035620042275e-01   5.396536953738e-01
  3.785816555978e-01   4.518888920328e-01
  5.924574806307e-02   7.119465714877e-01
  7.531111976047e-01   8.978187412105e-01
  2.507953960356e-01   8.943291567335e-01
  4.530179792347e-01   8.687697071829e-01
  8.042515611226e-01   8.806141766636e-01
  8.909380596220e-01   1.288800001888e-01
  6.506219601956e-01   7.136065104294e-01
  3.953126111884e-01   3.594404923340e-01
  2.314776962244e-01   8.719652631200e-01
  4.865808844626e-01   3.661887382238e-01
  1.614548998045e-01   7.774600598926e-01
  5.053568861962e-01   5.224223905300e-01
  2.455452216130e-01   2.257436866787e-01
  1.904671550481e-01   5.832973588184e-02
  3.616420813473e-01   3.352344984276e-01
  5.692282104239e-01   8.717596497605e-01
  1.196073711119e-01   7.748783696499e-01
  5.664931239802e-01   3.976644123586e-01
  4.191627453504e-01   8.080605409485e-01
  7.132358126080e-01   4.305586849915e-01
  2.543092830305e-01   5.016206632499e-01
  5.984022800853e-01   6.162154521441e-01
  9.929990104491e-02   6.592227141841e-01
  7.832394746558e-01   4.054416694267e-01
  4.853870102557e-01   9.602061909126e-01
  7.937079628185e-01   6.161315627455e-01
  3.641314872750e-01   8.086037429066e-01
  4.235261318335e-01   7.358891235390e-01
  4.849565023123e-01   7.071040310574e-01
  1.460925911424e-01   4.924342479700e-01
  6.232682264526e-01   3.469663219709e-01
  5.994228008361e-01   2.558426693165e-02
  9.939263335456e-01   1.345694253718e-01
  2.894177559021e-01   1.767877763087e-02
  2.475367252122e-01   7.864215812355e-01
  9.749562659005e-02   2.862582579506e-01
  1.386377823911e-01   7.465077875054e-01
  8.502370272702e-01   6.848941400520e-02
  1.045350413901e-01   4.907169223031e-01
  1.547697336349e-01   8.405015881140e-01
  3.039040297544e-01   5.800042916882e-01
  5.951000673168e-01   4.440374145734e-01
  3.776756866454e-01   3.119239518086e-01
  6.316444027253e-01   7.705250221871e-01
  2.573758957472e-01   7.623172045180e-01
  8.812123851945e-01   1.523280901662e-02
  5.061419814939e-01   7.110080708468e-01
  3.669541808231e-02   7.392299135547e-01
  3.810503855075e-01   9.218920184860e-02
  2.076185163697e-01   5.519046459281e-01
  6.150619356778e-01   6.616477651707e-01
  7.615591954840e-01   1.470101286830e-01
  7.511767496150e-01   1.522692063660e-01
  2.739162412966e-02   5.542359816169e-01
  6.791646672167e-02   6.403168193717e-01
  9.851230941044e-01   3.456657315453e-01
  5.527491123569e-01   3.535279773260e-01
  7.828399577257e-01   2.687391634482e-01
  6.089501358997e-01   3.163945912921e-01
  4.556591931474e-01   5.096390691781e-01
  4.243184623966e-01   4.384561512375e-01
  9.155959573141e-01   7.084588760917e-01
  6.109719245535e-01   8.879858100672e-01
  8.802214852325e-01   3.238294293213e-01
  6.788150969125e-02   2.850956415886e-01
  8.147559250139e-01   5.677574307075e-01
  9.875720666022e-01   4.826465062752e-01
  3.898879122068e-01   9.253151317944e-01
  4.864179672388e-01   5.771095496657e-01
  1.267799542712e-01   9.509184762028e-01
  3.840053014023e-01   3.384681508643e-01
  5.226882003185e-02   6.677240961755e-01
  1.503105421714e-01   7.824830403725e-01
  9.219127235531e-01   9.010122490077e-01
  1.484836458229e-01   9.863892961190e-01
  3.952229165496e-01   3.670839673147e-01
  9.190376097776e-01   7.319067504112e-01
  2.251364659147e-01   8.878027183144e-01
  2.674164093693e-01   6.633410398053e-01
  2.269315525043e-01   6.249590214650e-01
  8.073326122837e-01   1.869648155914e-01
  9.571330678652e-01   5.795339713245e-02
  8.924744088600e-01   1.622430687256e-02
  1.146983451936e-01   2.568327285805e-01
  9.189816217870e-01   5.127488282368e-01
  5.980770850415e-01   5.283376164661e-01
  7.124663286087e-02   3.641918948682e-01
  4.680733586341e-01   1.198715291697e-01
  6.231870737417e-02   4.439671664986e-01
  7.510323403454e-01   6.993665992326e-01
  1.554145920468e-01   1.930388259723e-02
  7.340967643405e-02   4.448350770432e-01
  4.296307399849e-02   7.603584689669e-01
  3.271953683924e-02   2.961608028159e-01
  1.794335971788e-01   2.410293565204e-01
  4.072935138553e-01   3.130882090109e-01
  2.570191983075e-01   8.840193000118e-01
  2.842867016567e-01   6.087401150495e-01
  6.477446469855e-01   1.191549381378e-01
  7.872309165431e-01   4.180953443481e-01
  3.226238034040e-01   7.701479893788e-01
  5.837316217272e-01   5.841034078292e-01
  4.683790439208e-01   4.127534738472e-02
  8.996269826072e-01   8.023009841252e-01
  7.065304475720e-01   5.379989819893e-01
  1.056908165664e-01   7.055411271663e-01
  2.263490960995e-01   1.284885225550e-01
  5.371949813065e-02   2.454500320771e-01
  1.605042873709e-02   8.983979284156e-01
  5.830880340134e-01   7.007453270803e-01
  3.369149025935e-01   6.426040894859e-01
  3.232824495871e-01   7.056454217808e-01
  8.466266930091e-01   1.625674216806e-01
  6.462958897727e-01   7.090699626982e-01
  1.665264652627e-01   3.907575405448e-01
  4.315032632632e-01   1.933552269524e-01
  3.154233410622e-01   4.505163543528e-01
  2.683793768527e-01   1.060043530918e-01
  3.027315329772e-01   2.640201021181e-01
  1.857951140362e-01   3.522799841135e-01
  2.619326369119e-01   3.805380426289e-01
  7.457468532397e-01   9.800588652605e-01
  8.704942245071e-01   6.093739916339e-01
  9.146450170257e-01   1.698816029519e-01
  1.311954113889e-01   3.291934679310e-01
  8.428862514296e-01   5.816260932280e-01
  5.740166416126e-01   2.726277934940e-01
  2.820897933048e-01   2.797618766264e-01
  4.331972627803e-01   1.758072481081e-01
  6.578189015440e-01   7.553517550384e-01
  1.888483647706e-02   5.068390680601e-01
  8.046725731985e-01   8.927607371010e-01
  6.070378992121e-01   4.914868742405e-01
  3.131158072086e-01   8.102086478556e-01
  7.007410515412e-01   3.070172729815e-01
  5.923538524580e-01   9.639836660260e-02
  1.391310054035e-01   3.813400025454e-01
  2.442364600438e-02   2.772651697867e-01
  5.681828044390e-01   4.045348455069e-01
  7.578826709310e-03   3.394319806747e-01
  7.159599136704e-02   6.938797260978e-01
  7.928951534933e-01   4.252157750363e-01
  8.111914791883e-01   5.579712927746e-01
  7.668716685131e-01   4.692783832624e-01
  7.598365548761e-01   9.378527781027e-01
  6.217791445266e-02   3.170080921512e-01
  2.944524711875e-01   2.492080591698e-01
  6.327870929519e-01   7.930164232207e-01
  9.068083196967e-01   9.637373179226e-01
  7.033552362969e-01   2.202265452466e-01
  8.742899465695e-01   3.749349238456e-01
  7.047777051078e-01   5.734118804634e-01
  8.282527801856e-01   6.303841304004e-01
  7.128242195103e-01   5.480515362730e-01
  5.129350193858e-01   6.572560504217e-01
  4.841177563808e-02   4.987477249271e-02
  5.353620895863e-01   1.167914641665e-01
  4.587225915585e-01   9.008995317044e-01
  1.185559186601e-01   5.179098951175e-02
  8.004706429748e-01   1.592141940136e-01
  6.889970693694e-01   1.508292095706e-01
  5.344372372623e-01   8.429681605413e-01
  2.619330200730e-01   1.260687827709e-01
  3.076511381634e-02   7.385159383629e-01
  3.063233192904e-01   3.132623377700e-01
  6.341117589878e-01   1.458844947269e-01
  8.870240051450e-01   9.398978950086e-01
  6.316073238965e-01   6.050657384046e-01
  9.622126278788e-01   6.016630909888e-01
  7.076861480000e-01   3.512164433312e-01
  8.915068787109e-02   1.072307926937e-01
  3.713666175945e-01   7.752265784781e-01
  2.353164079000e-01   9.228588800005e-01
  8.384241517889e-02   7.878241104658e-01
  7.649395070237e-01   5.630119557045e-01
  2.695151997539e-01   9.266346305073e-01
  2.500918347780e-01   1.999510165455e-01
  3.819337953332e-01   9.226995261270e-01
  1.087337836495e-01   4.009387739422e-01
  2.097027051581e-01   2.028162425140e-01
  1.902792565188e-01   3.944518150636e-01
  2.339710461091e-01   9.397930710126e-01
  5.872627408897e-01   3.832486370435e-01
  1.072443254967e-01   8.438301333944e-01
  3.287651052295e-01   6.537466403321e-01
  9.632578687701e-01   5.621371424629e-01
  6.968068783951e-01   7.162697057316e-01
  4.699267297737e-02   1.206856026141e-01
  5.597679564151e-01   6.041937922885e-02
  5.798088487262e-01   2.495744284709e-01
  1.453778828605e-01   3.005592197363e-01
  9.477870079246e-01   3.937877496439e-01
  7.587384162925e-01   6.024135158535e-01
  9.937549496848e-01   5.650004450167e-01
  1.107481499999e-01   3.532709754765e-01
  9.051010148495e-02   8.552088607990e-01
  8.262189922476e-01   4.229997395056e-02
  7.054074840244e-01   1.596884209415e-01
  6.582573593206e-01   8.783752485455e-01
  1.259731597073e-01   9.233465090040e-01
  3.346564638123e-01   7.335394997553e-01
  2.371138213931e-01   5.142354625494e-01
  6.944622934445e-01   6.637045874898e-01
  7.594974528773e-01   7.989592602546e-01
  4.280840468312e-01   7.963123648336e-01
  2.539908086155e-01   3.495341399424e-01
  7.370844941757e-01   5.975177088702e-01
  6.518827857355e-01   7.326751278642e-01
  2.214009713028e-01   7.246857545466e-01
  2.009969539826e-01   7.872094736661e-02
  6.136218784843e-01   3.366596167292e-01
  8.211660824213e-01   1.329664133973e-01
  4.253005268088e-01   2.252100495147e-01
  2.270179056022e-01   3.791702586824e-01
  2.859279179948e-01   4.032490208643e-01
  8.565002845691e-01   4.813431974052e-01
  9.887006036203e-01   8.001407453081e-01
  7.872641610628e-01   1.055543407727e-01
  4.469059533150e-01   5.345252045292e-01
  9.369125829604e-01   8.113238397069e-01
  7.462953109642e-01   2.217175460178e-01
  1.800136048063e-01   3.258045241435e-01
  5.432245103149e-01   7.638270913333e-01
  1.958664175578e-01   4.918933581258e-01
  5.089457822487e-01   8.404714129041e-01
  8.673812572328e-01   9.065094898878e-01
  1.048022252487e-01   8.151843561077e-01
  2.512930045068e-01   7.878475770110e-01
  9.374853833173e-01   8.635244497792e-01
  5.011048969909e-01   7.786363867600e-01
  4.019489303422e-01   2.148624674194e-01
  6.881297464243e-01   7.808782007753e-01
  4.973065074430e-01   4.800236023013e-01
  9.304774805401e-01   1.702619852452e-02
  4.243631744409e-01   2.697417532555e-01
  9.860972655649e-01   3.917367703128e-01
  4.587048694448e-01   5.088386316346e-01
  1.927826504330e-01   7.903188750870e-01
  5.673497280533e-01   2.475380914240e-01
  6.614858396989e-01   6.056729687796e-01
  7.940137946704e-01   4.356822604904e-01
  5.439941632052e-01   1.701326970423e-01
  3.567606798933e-02   3.286381794761e-01
  6.290845825774e-01   7.804677021547e-01
  1.679513348715e-01   2.761923335276e-01
  9.376304956515e-01   2.069069779404e-01
  1.477916407220e-01   6.553094121029e-01
  9.889162670623e-01   2.155652853423e-01
  5.324194216997e-01   3.160971828505e-02
  4.032780796407e-01   4.068101135727e-01
  6.201556404848e-01   4.040361383521e-02
  2.435551322591e-01   1.813708758758e-01
  9.520156203627e-01   5.119509092997e-01
  2.714163370015e-01   5.754564229618e-01
  1.132768600633e-01   7.133961881972e-01
  1.609125375967e-01   7.570513390558e-01
  1.881419960919e-02   6.519834348646e-03
  7.564702654711e-01   5.677346130556e-01
  8.389609868194e-01   8.162046400403e-01
  4.534044769944e-01   1.003365654560e-01
  8.175892398012e-01   8.217420622972e-02
  5.901125364690e-01   6.663586289028e-01
  4.396076682289e-02   1.360134895952e-01
  6.982468335074e-01   3.624075518490e-01
  5.650830754694e-01   2.115145081515e-01
  9.295282108409e-01   4.002537190774e-01
  6.856223708025e-01   9.726145630305e-01
  4.255300146067e-01   5.815236409502e-01
  3.145196991669e-01   3.616050020389e-01
  1.973008718633e-01   2.248432049199e-01
  6.386840130781e-01   3.894557732122e-01
  2.690676984679e-01   3.692952301878e-02
  6.175724508610e-01   2.296543135819e-01
  8.639904425723e-01   6.602734746260e-01
  8.381775611142e-01   2.395196686050e-01
  6.551309275505e-01   2.269710920421e-01
  9.315194608272e-01   5.947399999237e-02
  7.232765675874e-01   5.531057486251e-01
  7.673132265476e-01   4.150667471196e-01
  6.518502178291e-01   3.756923156156e-01
  3.145297962616e-01   2.465014298941e-01
  4.029893601237e-01   2.137313492806e-01
  6.114591549662e-01   1.731068799100e-01
  2.479461604109e-01   4.438732375070e-01
  2.474270656002e-01   6.468285353937e-01
  3.123669749014e-01   8.886927457178e-01
  3.665020387165e-01   4.847740135580e-01
  1.183631520072e-01   8.428424295298e-01
  9.105298015173e-01   1.905577395735e-02
  9.188243205002e-01   1.224552181792e-01
  2.090517010048e-01   7.768661957657e-01
  3.126418836894e-02   9.248422896010e-01
  6.393521001388e-01   1.059712631598e-01
  3.181390462707e-01   4.823533107596e-02
  7.003647890673e-01   6.097211726573e-01
  9.266182115520e-03   2.551125462498e-01
  7.762471061721e-01   8.508620471506e-02
  2.985035221099e-01   8.094794294893e-01
  3.953378903866e-01   5.606405371272e-01
  1.865831592667e-01   6.623721651709e-01
  1.176896607751e-02   6.762081807843e-01
  1.910232213033e-01   9.572308623475e-01
  6.123081112479e-02   1.838226595612e-01
  5.628993238317e-02   6.994978257029e-03
  2.178198581899e-01   9.301149816625e-01
  1.793141425846e-01   3.620062401136e-01
  1.951710513937e-01   9.700114516079e-01
  7.043298424260e-01   4.014648730561e-01
  3.078370804915e-01   7.087657255115e-01
  5.039980529644e-01   7.534013089964e-01
  4.146360703364e-01   2.005205065095e-02
  4.681372471550e-01   4.250776452714e-01
  2.009594768173e-02   4.716464084144e-02
  2.678778670556e-01   1.126439534419e-01
  7.933198386494e-01   7.085697357963e-01
  3.494707881932e-01   9.262876787773e-01
  3.753681826402e-01   1.520001133534e-01
  1.237834052290e-01   2.163027981932e-02
  6.085132126258e-01   2.755911000742e-01
  2.593836200121e-01   9.306338127882e-01
  6.907753990495e-01   3.750160293382e-01
  2.961496032160e-01   5.199564616416e-01
  1.535889088680e-01   3.796552912333e-01
  2.074791491876e-01   2.569715076607e-01
  6.123472617421e-01   8.636728434152e-01
  9.522638313789e-01   7.627888372273e-01
  6.782029848602e-01   2.386741512940e-01
  1.513410428027e-01   2.020557050907e-01
  3.795063359861e-01   7.688040921844e-02
  9.838474152971e-01   1.758388407467e-01
  1.774894519833e-02   8.002891683241e-02
  7.381507696450e-01   6.609344200585e-01
  8.334428707459e-01   3.682640217581e-01
  1.880830774755e-01   5.984898363782e-01
  3.783047065288e-01   9.373027954636e-01
  1.292496087724e-01   3.416640815734e-01
  6.289159248549e-02   8.448274394575e-01
  3.579023243962e-01   9.873199411856e-01
  4.001797091137e-01   3.695412664954e-01
  5.293111671716e-02   8.407818809995e-01
  5.906737573185e-01   6.477185249468e-01
  5.594185972419e-01   1.865429742741e-01
  1.787092269391e-01   2.207082299718e-01
  5.148399822855e-02   1.966992313614e-01
  7.732072161073e-02   1.351526811014e-01
  5.120792658965e-01   7.628566312178e-02
  1.955370187439e-01   5.633851036331e-01
  6.708744779183e-01   6.497889070108e-01
  1.716600937275e-01   5.112477357903e-01
  6.782664605943e-01   6.707183415310e-01
  8.333838973669e-01   4.688512133240e-01
  3.444492666360e-01   4.147586669583e-01
  2.837070577038e-01   5.387174780949e-01
  9.403211885949e-01   7.133452057524e-01
  3.223085117857e-01   3.528319604277e-01
  1.669150251302e-01   5.793405706034e-01
  1.321237457114e-01   5.344680929185e-01
  7.891955868102e-01   4.514897874416e-01
  4.534145777018e-01   9.510452598096e-01
  6.897091907244e-01   2.411006099025e-01
  7.978492280069e-01   8.463772377904e-01
  9.888322168561e-01   9.076736470426e-01
  2.137255958500e-01   4.233187669769e-01
  6.660145468969e-01   7.736806732609e-01
  6.126232716450e-01   7.552382406235e-02
  6.895195112664e-01   4.877277603864e-01
  5.599229414922e-01   1.689542629896e-01
  3.511007077486e-01   1.808977116529e-01
  4.168537113256e-01   6.282077487401e-02
  1.776414897943e-01   5.211012219524e-01
  2.502232463586e-02   9.116425760555e-01
  9.225025786016e-02   4.909965799318e-01
  9.800809489870e-01   3.289350676111e-01
  3.926797320243e-02   7.582497943204e-02
  1.213592611992e-01   7.100718288157e-02
  4.754603186644e-01   2.763586946176e-01
  3.285670965692e-01   7.380943234469e-01
  7.900737144267e-01   9.726630381033e-01
  9.288718788221e-01   6.784812782793e-01
  2.700939033823e-01   7.729264778732e-01
  4.737239485647e-01   5.885025934991e-01
  9.749431009352e-01   1.655911443661e-01
  6.896483389052e-01   7.331647563625e-01
  8.061830958391e-01   9.347002571640e-01
  5.005352214371e-01   7.776439128901e-02
  9.360985890135e-01   4.011177503872e-01
  7.853809319029e-01   5.275387991339e-01
  7.310013564015e-01   7.779639991811e-01
  1.865661904737e-01   7.214450768986e-01
  8.078510032228e-01   2.135542799883e-01
  4.472899226173e-01   1.586987431168e-01
  7.714645461224e-01   2.093945793890e-01
  9.616768558797e-01   9.528384848078e-01
  6.411634803627e-01   1.026567543241e-01
  8.417341715149e-01   3.582648297589e-01
  2.868512426833e-02   4.943966511353e-01
  8.913052679580e-01   9.572992007809e-01
  9.946122705494e-01   3.274451232908e-01
  1.125222196236e-01   1.031749545585e-01
  6.858394565103e-01   2.461158203115e-01
  7.906145159351e-01   7.902869031273e-01
  3.183763640118e-01   7.353616328420e-01
  5.079176328924e-01   2.750429103856e-01
  3.448027843286e-01   8.400366699537e-01
  5.420593627928e-01   5.579245605672e-01
  1.522121333059e-02   6.677594969351e-01
  1.401990744266e-01   3.169501753730e-02
  2.088837870823e-01   2.196979391314e-01
  5.661205967640e-01   8.500989897580e-01
  4.225905998351e-01   9.577568359634e-01
  9.927319846701e-01   5.728569880056e-01
  1.324518503928e-01   8.907398556047e-01
  4.592019254511e-01   9.165444439232e-01
  8.379784795517e-01   7.809229155687e-01
  1.901349557321e-01   2.810209878233e-01
  9.874837017447e-01   4.120122249839e-01
  8.639274216198e-01   1.524197493397e-01
  7.709484917903e-01   7.235224929098e-01
  7.001649647746e-02   3.193286533092e-01
  6.911465618651e-02   3.290629568875e-01
  6.991991226383e-01   3.901031496411e-01
  1.114761041730e-01   4.071642692157e-01
  7.865458182993e-01   2.383063708505e-01
  5.187311942781e-01   5.833165998543e-02
  3.963609150094e-01   3.326198032629e-01
  8.638054636454e-01   5.963300098860e-01
  9.362111898043e-01   4.954576834373e-01
  6.933108393109e-01   7.027537405260e-01
  6.361666819261e-01   3.051881091598e-01
  2.935134169265e-01   4.799033130187e-01
  2.899708570257e-01   6.020880320785e-01
  9.078314968659e-02   5.239456948157e-02
  9.315925483202e-01   5.626058138101e-01
  2.561906962185e-01   9.479004646557e-02
  2.496488980768e-01   4.648805809059e-01
  2.625923360207e-01   5.724000625527e-02
  2.972637778171e-01   7.642236233058e-01
  9.338382587274e-01   6.774240051302e-01
  2.189468231436e-01   4.626147114278e-02
  2.580907027370e-01   8.817930301941e-03
  9.657601879706e-01   1.337911901668e-01
  6.903038772229e-01   9.694805155668e-01
  1.171958876577e-01   1.912329725309e-01
  3.636289589609e-01   2.291778626900e-01
  2.844396472578e-01   7.534138479300e-01
  1.563446061399e-01   4.634838352779e-01
  8.392406306519e-01   9.176138558158e-01
  3.605954127159e-01   6.611753650138e-01
  1.449372135276e-01   6.498073322854e-03
  8.406831663838e-01   4.439967786585e-01
  5.223374064254e-02   2.019904801187e-01
  7.673139799377e-01   9.752950743261e-01
  3.835379721087e-01   4.306052078366e-01
  3.417387473562e-01   3.617948631886e-01
  8.564505566083e-01   6.959184896935e-01
  2.812829234306e-01   3.571147517541e-01
  5.929396654571e-01   6.741685740477e-01
  6.804131915731e-01   3.492244545992e-01
  8.490420067334e-01   1.078153087828e-01
  9.324989172914e-01   6.448213127699e-01
  3.240775615869e-02   7.543112300361e-01
  5.438464099285e-01   2.500837066040e-01
  3.197570204641e-01   8.310952613426e-02
  7.837854878557e-01   6.530137801471e-01
  2.554583307076e-01   4.784317168463e-01
  4.761597113289e-01   5.473563561405e-01
  3.310164899826e-01   5.455814000752e-01
  6.594484131880e-01   1.472552752674e-01
  6.623648704152e-01   5.345372130334e-02
  4.947942447623e-01   2.634266096516e-01
  6.363140284847e-01   9.854811827650e-01
  3.831801234916e-01   4.933223458612e-02
  5.215337255480e-01   9.623582303777e-01
  2.249512104566e-01   1.324836036867e-01
  1.336846461625e-01   7.131688062717e-01
  3.576863546491e-01   6.548975005378e-01
  4.149298181504e-01   2.297292810790e-02
  1.128506956607e-01   2.284860699365e-01
  4.686028814226e-01   3.836402327116e-02
  8.318326347235e-01   7.200923172785e-01
  4.760617868868e-01   8.808244570510e-01
  2.535753215372e-01   5.975929612663e-01
  6.238582480621e-01   5.546971965144e-02
  7.078101287948e-01   6.483013933805e-01
  9.781713560121e-01   8.542657181213e-01
  4.098228628311e-01   6.859896505255e-01
  8.990183120837e-01   1.920940191742e-01
  1.723580271584e-02   9.455525767987e-01
  2.158373102243e-01   6.261808149746e-01
  1.043050529256e-01   6.801323043319e-01
  5.148690811698e-01   4.878102913714e-01
  2.122596585783e-01   9.459108318422e-01
  2.335046645355e-01   2.644622603779e-01
  5.409249261271e-01   2.514416433572e-01
  6.679271493150e-01   7.401509009917e-01
  3.029263941521e-01   7.231697803740e-01
  7.592509868300e-01   7.587815494275e-01
  8.326622332824e-01   2.527315461579e-02
  8.254938990394e-01   5.103627232268e-01
  1.574237006576e-01   2.517710569742e-01
  3.326654528991e-01   2.940522196678e-01
  1.192789439035e-01   8.505660139125e-01
  8.373163358517e-01   5.522396270302e-01
  6.819360750311e-01   8.933608674488e-01
  3.491865388547e-01   9.593280700866e-01
  6.255712119626e-01   7.956275568011e-02
  1.031431445936e-01   3.127213838586e-02
  6.233502402227e-01   9.314712660441e-01
  4.965254189460e-01   3.894838466607e-01
  9.425233551380e-01   2.625109048978e-01
  4.159948562327e-01   9.345377772686e-01
  2.055282690886e-01   8.285038444585e-01
  1.175989409469e-01   3.813571792582e-01
  5.040262244397e-01   1.980478528160e-01
  1.958278469832e-01   3.957955967893e-01
  6.787589674801e-01   5.820862407398e-01
  7.940982617817e-01   6.006352850516e-01
  7.020856949188e-01   8.313131256631e-01
  1.619920702566e-01   9.514626548682e-01
  4.049800855823e-01   8.648278774714e-01
  9.187390050942e-01   5.619012870908e-01
  9.788384906675e-01   8.831631284801e-01
  9.814926596873e-01   2.525767189810e-01
  7.397056448518e-01   7.367147751868e-01
  7.494597644514e-01   7.966958264460e-01
  4.496364607898e-01   5.997407120943e-01
  6.601844892375e-01   8.278964014707e-01
  8.873340791167e-01   3.225093197332e-01
  2.613476247742e-01   2.716815583265e-01
  9.389686516628e-01   8.631531414615e-01
  9.761827445622e-01   2.373102881269e-01
  7.378386553360e-01   3.858724847880e-01
  1.580747940205e-01   4.459760338437e-01
  2.036879907302e-01   2.248705675827e-01
  3.360846459686e-01   9.943967387646e-01
  8.706008395337e-01   1.579720913749e-01
  6.696583613165e-02   8.963576890800e-01
  4.965658639908e-01   5.095473492913e-01
  9.354417614670e-01   9.279230618115e-01
  1.528649050838e-01   4.057350375857e-01
  2.248285532413e-01   1.581274046632e-01
  1.428305322032e-01   1.981146540608e-01
  1.373309388298e-01   3.224024934663e-01
  6.843508885317e-01   2.846247532938e-01
  5.950959914952e-01   2.459379282864e-01
  2.395980137244e-01   9.048218204736e-01
  5.743897686015e-01   4.633064965973e-01
  1.886038711528e-01   4.557440302681e-01
  8.845172217445e-01   1.308146599455e-01
  1.031604631864e-01   8.790712011560e-01
  1.900627229252e-01   7.589900382888e-02
  8.358718616975e-01   8.588615234233e-01
  1.088612648896e-01   6.592456294656e-01
  3.566757363771e-01   9.151202732195e-01
  3.235628842982e-01   8.738094887817e-01
  1.898518585961e-01   9.574274287594e-01
  9.865490657389e-01   5.415910057428e-01
  9.317469900072e-01   9.491791501525e-01
  1.124623792096e-01   1.061014460862e-02
  7.881301291349e-02   8.735165386282e-01
  9.793848904943e-01   2.343003080158e-01
  1.156463632541e-01   9.899680615993e-01
  5.630256088786e-01   8.573736860911e-01
  7.591069977871e-02   6.477242608110e-01
  2.405474794154e-01   2.199629548808e-01
  9.685835872034e-01   2.641583810218e-01
  3.893205108755e-01   1.618775149911e-01
  4.635614796716e-01   8.036018402793e-01
  3.217676618306e-01   5.187480824429e-01
  3.097245857925e-01   6.842090303212e-01
  3.614378849459e-01   6.177110833074e-01
  4.721883968047e-01   6.905732992895e-02
  5.616432611291e-01   4.084545445372e-01
  1.346924240343e-01   4.237493496418e-01
  6.336810092619e-03   3.296032744000e-01
  8.515595516334e-01   4.782321194266e-02
  2.057214881439e-01   9.012389910697e-01
  4.965962632800e-01   2.849699591847e-01
  6.206927218330e-01   7.091905183586e-01
  6.306086454354e-01   9.544918189088e-01
  7.609337463288e-01   8.904167071461e-01
  8.769031155885e-01   3.766980184968e-01
  8.068431747947e-01   6.255802576490e-01
  1.996879501207e-01   2.689184101030e-01
  4.722246535270e-01   7.315358831076e-01
  7.560198564387e-01   3.209481528454e-01
  5.355188366130e-01   3.131244877138e-02
  2.546586285000e-01   8.150159876024e-01
  9.621264527205e-01   4.097604232493e-01
  7.798287041376e-02   9.824851190892e-01
  7.846726218730e-02   5.318824685658e-01
  7.180529743470e-01   5.188314251027e-02
  6.465780644430e-01   8.798263264084e-01
  7.826538300628e-01   2.404792663811e-01
  6.987535876199e-01   8.918586112100e-01
  3.502479192399e-01   8.002716579217e-01
  1.812517641752e-01   7.735368154776e-01
  2.440531742385e-01   1.037037059679e-01
  6.592101733988e-01   8.908968275424e-01
  5.656126639578e-01   6.794796595428e-01
  4.811308827559e-01   7.005011072223e-01
  4.871603965334e-01   2.845927264854e-01
  4.239575287248e-01   6.016882567654e-01
  5.519466537831e-01   9.218293276766e-01
  4.090315022589e-01   5.221421617254e-01
  1.798707215776e-01   3.566069241363e-01
  8.409516548840e-01   3.342478660122e-01
  9.041198397170e-01   1.868488941103e-01
  5.415440105462e-01   2.717399454820e-01
  8.688042676734e-01   9.700185524149e-01
  6.690402267423e-01   3.993577032321e-01
  7.582226947122e-01   9.536259816499e-01
  1.324416944955e-01   1.339791248749e-01
  1.639478331614e-01   1.430494491215e-01
  6.357840666573e-01   8.987720162995e-01
  5.632157299274e-01   7.240924800614e-02
  2.257431323640e-01   8.398369688836e-01
  7.058181613763e-01   7.549807473479e-01
  5.191913870872e-01   7.837400564778e-01
  4.701385989474e-01   2.273929621784e-01
  6.121509954128e-01   1.997984439138e-01
  1.578040332246e-01   8.510055855675e-02
  3.395773478699e-01   6.447826207064e-01
  7.236113581224e-02   3.714253960282e-01
  7.011367161600e-02   3.455227528857e-01
  8.013029024609e-01   7.192235063090e-01
  7.635776583781e-01   7.247620676951e-01
  9.308075688340e-01   3.792803443401e-02
  8.111623583343e-01   9.502618309054e-01
  2.658946024928e-01   5.295965759597e-02
  3.756695919832e-02   7.429503359175e-01
  2.927388203369e-01   8.510193653758e-01
  6.898948212270e-01   7.765208076397e-01
  5.564233167879e-02   1.463683801932e-01
  4.194434157683e-01   2.723004180241e-01
  2.615764548974e-01   4.929637795642e-01
  8.788794872492e-02   5.236409661594e-01
  3.314855346877e-01   6.841944693375e-01
  5.733262112986e-01   5.578402429565e-03
  8.546839675179e-01   6.394234770144e-01
  9.118110597884e-01   8.942848105676e-02
  6.483871160723e-02   5.862281479379e-01
  3.829518243962e-01   7.691483700023e-01
  3.640377049350e-01   5.953097368134e-01
  9.643092454577e-01   2.806535206483e-01
  6.224945478087e-01   9.272002788727e-01
  4.928511925186e-01   9.080880673575e-01
  1.451875695524e-01   6.726966808660e-02
  9.029298023039e-01   8.040506965042e-01
  2.918147564253e-01   6.138316302690e-01
  8.684357451806e-01   5.214345097657e-01
  9.250374933245e-01   5.897128229924e-01
  5.038916949968e-01   5.532633528224e-01
  5.828854632295e-01   6.813237784847e-01
  6.094938276409e-01   5.362394492185e-01
  7.014298332928e-01   7.748820891454e-01
  7.473670398890e-01   6.251340965857e-01
  3.546852620319e-01   2.649627103448e-01
  5.200573999233e-02   9.400873801136e-01
  9.540068337387e-01   4.777628490955e-01
  4.605660702410e-01   4.821794112321e-01
  2.155736009403e-01   4.869140231659e-01
  4.381136374237e-02   3.759406203436e-02
  3.623423448092e-01   8.104969057133e-01
  4.325549338170e-01   4.288421109255e-01
  6.627306333661e-01   8.634909121113e-02
  6.607040712186e-01   8.803670709873e-01
  7.294643126520e-01   8.822750496288e-01
  4.302003467844e-01   3.346333837120e-01
  3.181419194906e-01   7.168501450470e-02
  5.035035634884e-01   9.082535127863e-01
  2.089297345544e-01   3.638038350593e-01
  8.280692053261e-01   8.686972424271e-01
  1.741691061547e-01   1.153277085991e-01
  6.186160925294e-02   4.198224652201e-01
  7.975612487732e-01   7.151385074186e-01
  5.785951573226e-01   8.517284872013e-01
  2.382868063025e-01   6.586718781479e-01
  6.632519339625e-01   9.610266536138e-01
  3.978898461168e-01   3.211012073854e-01
  8.951364345744e-01   1.261325688974e-01
  6.336846762215e-01   6.315232643536e-01
  5.901185242253e-01   9.075752640498e-01
  9.856500291083e-02   7.903580005085e-01
  3.635293729771e-01   7.540315056690e-01
  1.766542959998e-01   9.073283806002e-01
  1.599347499847e-01   6.118160725474e-01
  7.714809010389e-01   7.658547824669e-01
  8.171571175704e-01   4.630689398908e-02
  7.000322667244e-01   7.033734676539e-01
  4.476197386280e-01   8.756672711892e-01
  1.819989329853e-01   5.524293654515e-01
  2.031438023511e-01   5.785584567820e-02
  4.608139040770e-01   8.640636177413e-02
  2.824809382543e-01   3.511392567809e-01
  7.400118471097e-01   5.799755277875e-01
  4.000459973948e-02   3.678414357515e-01
  1.974843482694e-01   4.877812612123e-01
  5.687623590662e-01   5.677755669123e-01
  7.160287262595e-01   6.739101438264e-01
  6.899149284109e-01   7.958072017520e-01
  8.539432303919e-02   5.914779681711e-01
  7.193727615276e-01   2.693483532822e-01
  7.874053455932e-01   7.932080283401e-01
  9.625386698801e-01   5.472862339633e-01
  5.338051999151e-01   5.408682485189e-01
  6.117278768121e-01   4.874244608055e-01
  4.080372663181e-01   8.052001232364e-01
  3.764857621208e-01   6.768675965860e-01
  1.651154221669e-01   9.866511312819e-01
  3.829321883695e-01   9.158878880692e-01
  5.415282746372e-01   4.181447861549e-02
  1.435111063546e-01   3.383776585288e-01
  5.984923767600e-01   1.856088049963e-01
  5.641826597721e-01   2.133220910958e-01
  7.062584792340e-01   7.113936977430e-01
  8.261582378061e-01   4.850653846244e-01
  2.113938006280e-01   3.955654508295e-01
  1.432134380535e-01   4.588994349941e-01
  8.366520352747e-01   8.203726752510e-01
  3.909542930004e-01   8.928332572574e-01
  6.747687374232e-01   1.416921297542e-01
  7.714495933923e-01   5.709064001456e-01
  9.385634751988e-01   6.804602979499e-01
  3.016051421319e-01   8.422089127656e-01
  5.021333276782e-01   5.866413292875e-01
  1.494260083526e-01   5.383275725504e-01
  1.912834135969e-01   3.916899058930e-01
  1.135363803414e-01   6.312631618883e-01
  6.073274426006e-01   4.533296465666e-01
  8.840213189640e-01   8.271418829381e-01
  6.281669728655e-01   1.323557599730e-01
  7.194673507234e-01   7.487122311530e-01
  8.479314379038e-01   9.748182308776e-01
  7.972288008615e-01   7.678914464862e-01
  4.091743384830e-02   7.096647674288e-01
  3.081969450703e-01   2.359497899727e-01
  8.320622060816e-01   6.345335558192e-01
  7.118122692701e-01   7.655411563963e-01
  2.017148635175e-01   4.352440534791e-01
  8.011675077207e-02   4.135132113225e-01
  9.544565194484e-01   7.748663876853e-01
  4.211079470961e-01   3.235258867700e-01
  2.731549583205e-01   3.065406497710e-01
  1.876590879848e-01   6.809590298490e-01
  5.181526308011e-01   4.838343110177e-01
  3.745004726440e-01   7.702701193253e-01
  5.774681994041e-01   2.432936707526e-02
  4.276858397839e-01   5.686948913509e-01
  6.100992918852e-01   5.495070639791e-01
  9.516577858193e-02   9.444413308330e-01
  8.746217924077e-02   4.887372938802e-01
  1.493883345509e-01   3.166220746473e-01
  8.006925039345e-01   9.702274543657e-01
  5.471356000166e-02   3.538414977704e-01
  6.940914191453e-01   5.436578317224e-01
  2.448590111891e-01   6.616515437025e-01
  7.626688735048e-01   8.201505939418e-01
  5.923156437321e-01   7.748763879066e-01
  1.786792746612e-01   6.670414468441e-01
  5.845200660127e-01   1.404273269177e-01
  8.407162198016e-01   7.238114797508e-01
  3.770607903859e-01   4.246257856220e-01
  1.721451012353e-01   8.379018338421e-01
  1.594615947117e-01   9.172674648751e-01
  5.863409859905e-01   9.380469443641e-01
  3.333304878024e-01   3.904146756898e-01
  5.022055140973e-01   8.290834913023e-02
  8.538755102660e-01   3.279315646703e-01
  5.489037140511e-01   1.396108523155e-01
  6.512826860658e-01   8.044375389399e-01
  7.796507799607e-01   8.783549676684e-01
  4.388451089458e-01   9.324932191380e-01
  9.661363148026e-01   8.979112549686e-01
  7.881507831529e-02   7.512801844432e-01
  6.400171983078e-01   1.909201397405e-01
  1.816840514853e-02   2.201563125440e-01
  8.494310879056e-01   9.571904058148e-01
  7.342683246466e-01   1.091310749656e-01
  2.505962794781e-01   7.519496549036e-01
  3.238811191653e-01   8.842991907803e-02
  6.381123048528e-01   6.750075090040e-01
  1.016597616817e-01   9.251620711754e-01
  6.447839966565e-01   3.035493291540e-01
  2.649318702398e-01   8.200708709578e-01
  9.316134440341e-01   9.871469560043e-01
  9.181591444871e-01   4.580901306568e-01
  6.866888170611e-01   9.718200184666e-01
  8.564682246108e-01   1.594350780117e-01
  6.334062499910e-01   5.783774734961e-01
  9.765818207586e-01   9.137778694456e-01
  5.253581325640e-01   6.005866006315e-01
  9.598801911447e-01   6.582887246925e-01
  1.196677203181e-01   3.220956929303e-01
  2.657106732209e-01   7.557761407384e-01
  5.632651712515e-01   3.580317601738e-01
  6.132103475336e-01   9.776722543197e-01
  9.011226003064e-01   5.670051803119e-01
  5.438238919096e-01   9.388346919431e-01
  3.131214305038e-01   6.493536431985e-01
  4.561191323648e-01   5.825266563648e-01
  3.153979817791e-01   9.973618555323e-02
  5.525332616679e-01   7.460483717030e-01
  8.610230000662e-01   7.353521899837e-01
  9.643083911129e-01   9.460447632677e-01
  6.134754143384e-01   8.576821763437e-01
  8.571585443314e-01   9.436668075259e-01
  3.472945437226e-01   1.736397069861e-01
  1.259041422387e-01   7.108143745088e-01
  4.350369116809e-01   5.431547670433e-01
  5.726393781557e-01   7.115272326101e-01
  8.144874161170e-01   5.064136198829e-01
  1.628749196110e-01   4.929769785529e-01
  1.185589044697e-01   5.144724489133e-01
  4.205450383471e-01   2.600956472221e-01
  8.530031009462e-01   5.607363564822e-01
  6.149515447143e-01   8.739392253585e-01
  7.030494790676e-01   6.294915901162e-01
  6.896449793682e-01   7.038039125606e-02
  4.720215220368e-01   2.234150473630e-01
  5.241236641709e-01   6.093068177700e-01
  9.196366459575e-01   9.358623809760e-01
  6.582864550046e-01   4.172201836663e-01
  7.610729220941e-01   3.063557702462e-01
  2.519417757992e-01   4.352036066365e-01
  7.035808957464e-01   7.102795948407e-01
  1.456689659715e-01   4.611135642277e-01
  4.063908337643e-01   1.334330590335e-01
  8.126573253123e-01   9.497996927454e-01
  7.621348796224e-01   4.608455674353e-01
  8.192435199174e-01   2.124672581976e-01
  7.921218309989e-01   9.754892340762e-01
  1.675180666066e-01   3.690486247808e-01
  6.867575247396e-01   2.765997726353e-01
  4.348688100524e-01   6.664899005995e-01
  8.536821614646e-01   4.348050158101e-01
  9.027716404287e-01   9.339609429828e-01
  1.274221607163e-01   7.321055840321e-01
  6.032777001652e-01   8.895753928680e-01
  4.788746783128e-02   2.433193408922e-01
  1.022180128394e-02   6.256355954343e-01
  9.413377981905e-01   9.091257028287e-01
  4.549787304199e-02   9.305948072053e-01
  6.989335933786e-01   1.558328484386e-02
  5.936449669942e-01   9.647553184685e-01
  3.224042389270e-01   6.848674691553e-01
  8.283773306107e-01   7.465105885938e-01
  2.651727140278e-01   5.243727819347e-01
  4.223199930722e-01   8.293104677002e-01
  4.270714343234e-01   1.745000796676e-01
  7.753973494851e-01   3.762607017045e-01
  7.604142524526e-01   1.967078177922e-01
  3.091160114351e-01   8.455553917579e-01
  8.993567182441e-01   2.127420688594e-01
  6.108045204453e-01   7.618162085700e-01
  1.819276240844e-01   2.675916017033e-01
  8.113125401921e-01   1.218917001426e-01
  8.660679937817e-02   4.898473277932e-01
  5.116156531998e-01   8.621478996840e-02
  6.511144327106e-01   8.205093206322e-01
  1.900348621562e-02   3.802733324899e-01
  3.074671891706e-01   1.492647524058e-01
  2.499481366758e-01   8.185954230243e-01
  5.278851418916e-01   5.842185341700e-03
  8.851883182290e-01   6.011956683843e-01
  8.617155669862e-01   4.160846272733e-01
  9.164848541400e-01   6.652969050009e-01
  7.778972971538e-01   2.571347456530e-01
  9.309647086559e-01   1.453580939765e-01
  6.450377724834e-01   6.635802032018e-01
  1.753516353990e-01   8.933053765951e-02
  8.793940499951e-01   6.331584006224e-01
  8.282740085519e-01   5.936842504290e-02
  7.296656022170e-01   4.279803742552e-01
  9.923482709422e-01   9.555683971290e-01
  7.067942089097e-01   7.124106717681e-01
  2.719173061216e-01   3.955542014090e-01
  9.243424316985e-01   3.851291653100e-01
  6.945595532165e-01   9.578914620706e-01
  6.271514524026e-01   6.569337684171e-01
  3.325013035985e-01   4.827517009450e-01
  3.244197722242e-01   2.529039833600e-01
  2.632207130614e-01   9.702105801853e-01
  1.238693539313e-01   3.541462780502e-01
  6.694087092967e-01   2.074224008581e-01
  8.461112304127e-01   6.008579517993e-01
  5.159553186375e-01   8.027992977214e-01
  8.076917148066e-01   5.001864113182e-01
  5.174054866585e-01   9.418627901031e-01
  4.169706503659e-01   9.894659998734e-01
  3.561108251390e-01   6.045306814515e-01
  5.974543662161e-01   6.271453074943e-01
  7.601856578698e-01   7.899834320821e-01
  4.603350900218e-01   1.944177425082e-01
  2.565370134527e-01   3.192431079826e-01
  6.156354429051e-01   2.950555689201e-02
  7.502763291729e-01   9.899214519858e-01
  6.169219129774e-01   2.751432092380e-01
  4.594263742024e-01   7.774749156305e-01
  4.858496084711e-01   8.361920520775e-01
  4.125463135601e-01   9.894703734659e-01
  7.202252225565e-01   6.878715134703e-01
  5.360256353084e-02   1.169439719925e-01
  3.030702036790e-01   6.136788620099e-01
  4.120253598254e-01   3.596949481839e-01
  8.610100714282e-01   6.411440898779e-01
  7.963187526821e-01   6.175648804629e-01
  4.448705965672e-01   4.135039780856e-01
  7.899465533879e-01   1.298356761661e-01
  4.013793567706e-01   6.968461068151e-01
  5.529626285852e-01   9.085288870022e-01
  3.865557589987e-01   1.119117685250e-01
  3.405413971971e-01   4.934944219462e-01
  5.757151606553e-01   5.600590416394e-01
  6.018762117286e-02   4.346628393822e-01
  6.612051432106e-01   8.905596232265e-01
  4.623874483217e-01   7.140499220962e-01
  3.582827981497e-01   5.712070914342e-01
  4.087598488962e-01   3.214678363441e-01
  7.927197185866e-02   8.093244422322e-01
  7.963492100693e-01   9.363321216121e-01
  3.186214058789e-01   7.650563450042e-01
  1.593613536150e-02   3.946931898459e-01
  7.830537158509e-01   6.522302026081e-01
  8.034410753339e-01   9.554957139575e-01
  4.046919230892e-01   7.187157683094e-01
  8.503622732822e-01   8.124644385122e-01
  1.220314991827e-01   1.920006768867e-01
  4.572707312484e-01   4.780402468163e-01
  1.121503204298e-01   4.133384445142e-01
  4.548086755240e-01   2.828120528389e-01
  5.993488611744e-01   4.085468484031e-01
  6.663330937133e-01   5.731973167373e-01
  7.613066847624e-02   3.547250463669e-01
  6.461359059848e-01   7.215062737867e-01
  5.065843419757e-01   8.758759531822e-01
  8.848559564595e-01   1.352210889612e-01
  1.083890425083e-01   5.891249877395e-01
  6.922924642589e-01   1.299946974786e-01
  2.283228164131e-01   7.174568151794e-01
  5.639657259525e-01   1.321621485808e-01
  2.742019614797e-01   2.044739410119e-01
  8.228518530077e-02   5.168280007074e-02
  6.062462210322e-01   6.328432789802e-01
  1.779582539680e-01   2.414352425958e-01
  3.896078068862e-01   4.283102053886e-01
  3.997421904137e-01   7.413301466593e-02
  5.822795270743e-01   3.181921866968e-01
  6.131900401392e-01   9.257178268317e-01
  1.428614177988e-01   2.447933403870e-01
  4.390222164424e-01   6.449398563258e-01
  6.014738703803e-01   1.775800740026e-01
  4.485409485640e-01   2.675955956870e-01
  8.413380609041e-01   8.425064237336e-01
  3.428411074674e-01   9.898569851597e-01
  3.592489846487e-02   8.116499950512e-01
  8.010622359306e-01   5.404037426247e-02
  8.816247438687e-01   4.811827170019e-01
  2.056333209834e-01   8.459466814001e-01
  5.868618163173e-01   3.210264100647e-01
  8.494135024675e-01   2.537258943803e-02
  1.950857563493e-01   5.206674695861e-01
  6.344042420807e-01   5.316944231591e-01
  8.225099922652e-01   1.686171611345e-02
  4.400977965904e-02   7.804209568284e-01
  9.049983956513e-01   3.873543489819e-01
  8.654063694127e-01   5.514144121056e-01
  1.825082040899e-01   7.723284237047e-01
  5.919892892041e-01   7.915667406499e-01
  7.317956606769e-01   2.224918068358e-01
  1.201315330021e-02   3.634027909827e-02
  4.879726709348e-01   1.244743175264e-01
  9.505219164923e-01   4.109934366841e-01
  7.262739587509e-01   8.159482338206e-01
  5.429964025528e-01   5.774581755702e-01
  3.108153633819e-01   8.126604885673e-01
  5.301363236408e-02   7.592365653828e-01
  7.477640134785e-01   8.255617453421e-02
  5.686443611713e-01   2.379712738872e-01
  1.936135446526e-01   1.683888524032e-01
  1.768510807219e-01   3.818108609468e-01
  4.818212464895e-01   3.596251846493e-01
  1.714073483103e-01   8.024350630331e-02
  5.106032016579e-01   7.077168983593e-01
  3.737094940117e-01   7.146838254249e-01
  7.948058297255e-02   2.502663618841e-02
  4.863296291801e-01   1.626883408360e-01
  6.104590246149e-01   7.658884146915e-01
  9.546068204532e-01   1.583952862475e-01
  6.648616375223e-01   7.389486486530e-01
  7.392757173565e-01   8.499988785062e-01
  4.531645847201e-01   9.138191027908e-01
  1.485611812357e-02   8.538753599516e-01
  3.762113879359e-02   7.874620009608e-01
  6.691469477160e-01   1.893615576622e-02
  6.678804104576e-01   2.480258918782e-01
  6.679947673150e-01   1.519257177865e-01
  7.371778722913e-01   4.878011022478e-01
  8.008461953409e-01   4.926507951852e-01
  8.916753997774e-01   3.395350855450e-01
  5.933145496015e-01   7.368794771391e-01
  8.448427124270e-01   7.350258846425e-02
  6.783961413860e-01   5.813184481750e-01
  1.857144381341e-01   7.976565778362e-01
  7.165826434922e-01   6.492590096151e-01
  2.237493768347e-01   9.482634767229e-01
  3.620619684253e-01   9.626985494621e-01
  4.145948157794e-01   8.877995860272e-01
  6.402452978850e-01   6.121192130200e-01
  6.238122620408e-01   3.330443074041e-01
  6.514197750001e-02   2.308585459652e-01
  8.166559139779e-01   5.426528759189e-01
  6.758764339153e-01   8.282620060544e-01
  4.360956229072e-01   7.728110997623e-01
  9.604094796831e-01   9.068518917649e-01
  5.810260965408e-01   1.503691878148e-01
  1.272164068880e-01   6.729316969673e-01
  8.081518351759e-01   3.121138031875e-01
  4.472488965863e-01   6.965728144629e-01
  3.833449771863e-01   2.986455200823e-01
  3.528340297681e-01   8.805550876322e-01
  3.995012002895e-01   6.741543593308e-01
  2.884787744246e-01   1.265418670233e-01
  4.307447096922e-01   4.517430497517e-02
  4.026903551445e-01   2.940234178671e-01
  6.887231070500e-01   3.742538906237e-01
  5.784901482025e-02   3.961862004813e-01
  2.229002257080e-01   7.267913369534e-01
  6.511585084472e-01   6.876843776707e-01
  4.371100280312e-01   1.742558984767e-01
  4.623077134422e-01   9.570470493002e-01
  3.328007269476e-01   9.204419354271e-01
  6.754225919051e-01   1.886001730501e-01
  8.314428599748e-02   4.889171734521e-01
  3.910133615649e-01   1.326290170864e-01
  4.078295544245e-01   1.991611097015e-01
  4.571978114276e-01   7.865852229856e-01
  1.133776255133e-01   7.039505404975e-01
  8.657920307993e-01   8.561109169451e-01
  3.423650681658e-02   7.592295051481e-01
  8.132677205834e-02   8.631334766831e-01
  8.139490892995e-02   1.409066545329e-01
  9.539475876702e-01   2.230235166150e-01
  4.309768834584e-01   7.257209891630e-01
  3.018898666958e-01   5.798216751114e-02
  3.705170845703e-01   4.726877461719e-01
  3.951597891612e-01   2.661260785245e-01
  9.228254965241e-01   1.204884991429e-01
  2.535985930072e-01   8.792938405827e-01
  9.151080918677e-01   6.370119977181e-02
  4.100771999251e-01   8.509668041168e-01
  1.455559038664e-01   1.181162751572e-01
  9.649494971410e-01   9.922725075661e-01
  8.000403520409e-01   8.066535391682e-01
  1.764871464029e-01   4.992733225268e-01
  7.983120737849e-01   3.372330465794e-01
  4.495872925204e-01   3.534443504765e-01
  4.361038558827e-01   4.729132269093e-01
  8.797351813647e-01   8.569882693878e-01
  8.935858629755e-01   6.355236417043e-01
  7.639891460496e-01   9.281201799626e-01
  6.946671765067e-01   6.711646259043e-01
  3.153182421213e-02   5.495857584884e-01
  9.626950654463e-01   9.655418538798e-02
  3.249217221361e-01   1.341906928252e-01
  8.560511832900e-01   8.372238377006e-01
  2.100099946495e-01   5.291923513748e-01
  2.940357635032e-01   7.774690158923e-02
  2.655537495267e-01   2.774387088145e-01
  4.070649650012e-01   3.440816913853e-01
  4.314344785827e-01   2.614561336396e-01
  4.551289892539e-01   6.478362996377e-02
  5.222201252061e-01   4.207347027666e-01
  3.160432947274e-01   6.879586311534e-02
  7.905744436201e-01   8.041342833934e-01
  6.827311768972e-01   2.116824885685e-01
  4.476340345880e-01   4.825226621608e-01
  1.838240461820e-01   4.196264377204e-01
  8.430427547680e-01   3.548586279762e-01
  3.292131203362e-01   1.134694172633e-02
  5.916655625439e-01   2.146167651770e-01
  8.673858902378e-01   3.032682069627e-01
  4.144651181243e-01   8.383923886496e-01
  2.639316375609e-01   1.399235858653e-01
  1.216311286251e-01   9.636988831075e-01
  7.040014669557e-01   7.959529383673e-01
  4.804633063758e-01   7.439694953312e-01
  1.662724832185e-01   5.717085360901e-01
  5.145016885138e-01   3.411226366104e-01
  8.872393760975e-01   8.226464003939e-01
  1.932171503942e-01   6.718601329871e-01
  7.178623005976e-01   7.848658654396e-02
  7.873825133092e-01   5.275461821722e-01
  5.578024309250e-01   1.285966736567e-01
  1.804235657971e-01   3.007534447847e-01
  8.384480463319e-01   7.795227123868e-01
  7.881369624185e-01   7.558999926904e-01
  6.982345214454e-01   8.112474967631e-01
  9.847594840156e-02   9.139458805393e-02
  9.001965950696e-01   2.427944377603e-01
  2.300694363912e-01   1.639863959212e-02
  5.078898824788e-01   8.568459033167e-01
  9.408487250890e-01   5.927849924456e-01
  7.115478839637e-01   3.453455022289e-01
  8.881828029533e-01   9.530933304884e-01
  1.470638631663e-01   1.998113263550e-01
  5.264846088420e-01   4.866303617597e-02
  3.459124506943e-02   1.994299307800e-01
  5.597006099090e-01   6.129826223562e-01
  4.044341743816e-01   7.826590833114e-01
  8.585144926179e-01   4.862620272951e-01
  7.383528203098e-01   8.853058787845e-01
  7.056786338794e-01   5.875290110493e-01
  5.034440810671e-01   9.727917723369e-01
  4.369538180386e-01   7.297956111700e-01
  9.238456008634e-01   8.634435655651e-01
  8.640713762602e-01   8.512482970683e-01
  3.079788086603e-01   4.052299378843e-01
  7.242553960122e-01   4.575677081005e-01
  8.134967687383e-01   3.538169630029e-01
  3.229223618398e-01   3.266711193663e-01
  3.577714285419e-01   1.659622433582e-01
  1.176358941474e-01   1.472851830495e-01
  7.805196542043e-01   3.826939525715e-01
  4.652314891509e-01   2.594650710662e-01
  2.132799095996e-01   7.158969504253e-01
  7.544103043220e-01   2.503997779006e-01
  7.332882003398e-01   9.248254849008e-01
  5.335096629666e-01   2.014780476786e-01
  6.642697708473e-01   4.721838601159e-01
  1.574492423815e-01   4.787169707107e-01
  9.190099356872e-01   1.388194761275e-01
  2.459008132780e-01   1.692449402929e-01
  8.790713670805e-01   5.627181881777e-01
  4.353089726662e-01   8.639228101030e-01
  2.587361995942e-01   6.484759305513e-01
  4.360321083624e-01   7.255000598304e-01
  8.072192613916e-01   1.611199435255e-01
  8.261360948551e-01   7.622933205907e-01
  6.629537288134e-01   8.323818718731e-01
  1.533709535019e-01   6.252656959168e-01
  4.595018369893e-01   7.176265037807e-01
  6.779847125968e-01   7.051169834092e-01
  4.620191351449e-01   2.912714522071e-01
  9.324383449672e-01   9.372384360254e-02
  8.005944191984e-01   9.255235952009e-01
  4.325386739143e-01   7.083259922784e-01
  8.255103852953e-01   3.466946223763e-01
  4.823297781776e-01   3.753707092936e-01
  6.207417812776e-01   8.955613097731e-01
  2.439187966767e-01   4.368739648808e-01
  2.733148918377e-01   2.578928244036e-01
  1.031574169089e-01   1.571815455440e-01
  8.632646580274e-01   7.013200277763e-02
  7.717241003909e-01   9.172833174292e-01
  3.322874636145e-01   2.862101246689e-01
  6.248299576581e-01   1.777338805435e-01
  3.828521548883e-01   3.725639602128e-01
  5.645715912048e-01   3.599203366207e-01
  2.092769619341e-01   1.178047394918e-01
  4.687822876966e-01   8.111913982379e-01
  7.906979256661e-01   4.068859672750e-01
  4.805536075965e-01   8.299148923205e-01
  2.671275810970e-01   4.814532205969e-01
  8.716253605310e-01   7.693670102122e-01
  7.415314826969e-01   6.656160350464e-01
  5.186948675641e-01   3.076737185019e-01
  6.099507245863e-01   8.868837385203e-01
  6.250260581012e-01   9.600547778734e-01
  3.897109542982e-01   4.052153767338e-01
  5.155668950236e-01   8.559825928203e-01
  2.744827090062e-01   3.194774556010e-01
  1.241851389577e-01   4.799397492596e-01
  3.658086534676e-01   4.050867546304e-01
  1.473689916326e-02   8.075800537701e-01
  6.176166590388e-01   3.353413884638e-01
  7.419675082794e-01   2.838736122325e-02
  6.460679618183e-02   2.500396461188e-01
  6.687377223856e-01   3.967717582114e-01
  3.393314668181e-01   3.054294147127e-01
  5.538714206254e-01   5.353782502411e-01
  2.912101658178e-01   7.379338603267e-01
  2.875055410398e-01   5.950533057831e-01
  6.078781314842e-01   4.354559336686e-01
  5.263944548740e-01   5.051602532028e-01
  7.815099943329e-01   3.138314092402e-01
  7.534000903737e-01   7.479626223983e-01
  1.593387167986e-01   5.096452178245e-01
  7.813297900777e-01   4.396089961890e-01
  6.500225196522e-01   9.286131844056e-01
  1.527626485822e-01   4.175581102287e-01
  6.874860000532e-01   5.457794704195e-01
  7.863732904456e-01   3.199662271422e-01
  5.233007873150e-01   5.387497487548e-01
  7.952399747769e-02   9.567981299769e-01
  3.701685024569e-01   2.579037291833e-01
  8.270319603219e-01   2.347865562652e-01
  9.846432110701e-01   3.244651318670e-01
  4.714713964159e-01   5.190920925797e-01
  8.613085968253e-01   6.850588444734e-01
  4.363751409947e-01   9.834613227867e-01
  3.656902903817e-01   7.955582002385e-01
  2.183045151523e-01   4.810434165272e-01
  9.849873738498e-01   5.502400765152e-01
  2.806905049257e-01   3.037768309709e-01
  2.453308430339e-01   7.174045630585e-01
  3.537602506788e-01   6.201629219378e-01
  2.921210417236e-01   1.194418273236e-01
  4.793604701802e-01   9.058869466407e-02
  9.710666292115e-02   5.400219219769e-01
  1.420200186228e-02   8.376817479587e-02
  3.973157951569e-01   2.725536628683e-01
  7.342430390659e-01   5.026316490917e-01
  1.485385352204e-01   6.163341886835e-01
  2.794323685244e-01   7.232279622356e-01
  6.410036438807e-01   2.494706285025e-01
  3.291770617890e-01   4.548618446664e-01
  8.157436172910e-01   8.980501199349e-01
  1.307038688823e-01   4.317233064819e-01
  2.040585258024e-01   5.306237281661e-02
  9.451681222205e-02   5.709797189939e-01
  2.041243974760e-01   5.974475861696e-01
  4.462784370692e-01   1.023593788405e-01
  4.445316771095e-01   6.482958699544e-02
  3.071783571022e-01   4.390162828539e-01
  3.769280575404e-01   8.234173900278e-01
  4.817843907359e-01   4.980936707742e-01
  9.593204809070e-01   2.240350953689e-01
  8.072211504491e-01   8.721905677106e-02
  2.934439686546e-01   9.199918852640e-01
  6.440578412492e-01   7.470606228138e-02
  5.480411857163e-01   6.451169366847e-01
  5.906781164112e-01   8.569494507304e-01
  2.056590253873e-01   5.061876120048e-01
  5.042787515463e-01   7.202639839953e-01
  3.564983666110e-01   9.883446731293e-01
  8.131999874321e-01   3.017248926403e-01
  4.045624527618e-01   6.230968456542e-01
  8.786227061321e-01   9.733457606362e-01
  8.884064153174e-01   2.463716748287e-01
  8.231872250042e-01   2.326245984234e-01
  1.503769849455e-01   5.281520120561e-01
  2.802426271899e-01   9.598006817530e-01
  5.271897696063e-01   7.039262873376e-01
  5.121391396460e-01   5.813231189033e-01
  3.992132761707e-01   3.075768436694e-02
  2.563288359170e-01   5.511532294828e-01
  5.979993820160e-01   1.147009923775e-01
  9.475089382080e-01   4.684357647741e-01
  9.698630660099e-01   7.696170636946e-01
  7.855029853126e-01   8.102204934334e-01
  8.954148619730e-01   9.466188478508e-01
  6.680631708635e-01   1.766401341019e-01
  4.406750125179e-01   3.442105885292e-01
  5.112467604057e-01   8.718353135596e-01
  5.630626532316e-01   1.846546084389e-01
  6.838373710399e-01   5.195822906731e-01
  7.099005179407e-01   7.512250074598e-01
  6.433375699814e-01   1.931651465885e-01
  5.290025081889e-01   8.414630407142e-01
  5.483352362519e-01   2.240484752652e-01
  7.574845892862e-01   3.032506923122e-01
  6.261939454480e-01   1.381336703339e-01
  1.843506424839e-01   9.446059239745e-02
  3.375613578415e-01   2.169185242003e-01
  2.773527255900e-01   4.801815650855e-01
  6.992561934829e-01   8.903807613853e-01
  5.157520168896e-01   9.295243447720e-01
  2.961111525700e-01   9.498028044270e-01
  5.098057021260e-02   3.863807641668e-01
  6.952195154568e-01   4.427297508156e-01
  7.838280235563e-01   7.196003336477e-01
  5.800607172536e-01   5.270763051878e-02
  5.680868405146e-02   3.322332244385e-01
  6.309469773914e-01   9.675701641844e-01
  9.784275345724e-01   9.626278428136e-01
  9.799339960650e-01   5.056595588156e-01
  2.858607403013e-01   1.743541952479e-02
  5.905301719201e-01   1.887448152936e-02
  4.392675828750e-01   1.306130328299e-01
  8.328889947043e-01   1.385872318615e-01
  6.866058517538e-02   9.801195723288e-01
  3.745496597217e-01   2.057312009321e-01
  9.719062590536e-01   3.292950611756e-01
  8.178174791867e-01   5.709788580491e-01
  9.936850126080e-01   5.476558971454e-01
  4.219498763972e-01   4.233744664864e-01
  9.422996009445e-01   7.680327465931e-01
  8.651223119231e-01   6.770730853310e-01
  9.818027645029e-01   7.712367478340e-01
  6.074466805112e-01   4.499597747240e-01
  3.946035400582e-01   3.883712579365e-01
  1.820933882819e-01   2.879139344313e-02
  3.061803964317e-01   3.060287672057e-01
  1.798617064528e-02   2.102290503787e-01
  5.712065007649e-01   1.938334665146e-01
  2.682648082755e-01   5.531741708629e-01
  2.567860337860e-01   3.136530210176e-01
  4.874142948282e-01   4.281109073411e-01
  6.242513761085e-01   8.534859944738e-01
  8.283450774711e-01   2.371978513491e-01
  9.813824299537e-01   6.234153427834e-01
  4.067665737776e-01   7.086658081830e-01
  2.677275055561e-01   9.077460451070e-01
  3.540799851943e-01   4.923052736573e-01
  7.865196254218e-01   2.263851314624e-01
  2.390794835343e-01   4.090854386793e-02
  3.761275886001e-01   8.610760012733e-02
  4.633142402460e-01   7.499909094293e-01
  5.231657273476e-01   5.183063552775e-01
  3.137575835846e-01   3.095910126382e-01
  2.419687547221e-01   2.550109874436e-02
  6.995373510769e-01   9.719116705157e-01
  6.801941101782e-01   1.681754238680e-01
  9.137955308179e-01   3.275025090887e-01
  7.748321879756e-02   3.408124997016e-01
  2.809222223465e-01   9.544492134305e-01
  4.101665591104e-01   7.358475588325e-01
  5.423947532573e-01   8.105065754760e-02
  3.535981109870e-01   1.760138709509e-01
  5.159679813779e-01   6.553699867227e-01
  3.561915389019e-01   1.454674381753e-01
  2.204036664137e-01   3.690805051494e-01
  4.922625298811e-01   3.144371271601e-02
  6.592138431105e-01   9.126461885195e-01
  8.853602693733e-01   7.602673481880e-02
  8.294628211054e-01   7.576319685157e-01
  9.420469501036e-02   7.209344791385e-01
  9.585467731924e-01   1.878246302834e-01
  2.427147578889e-01   7.290678098091e-01
  2.987627814340e-01   5.273945472352e-01
  6.252138456114e-01   2.100467591422e-01
  3.662886186824e-01   2.339916844120e-01
  5.673724357787e-01   9.541168839091e-01
  8.519497729729e-01   8.537080397277e-01
  9.291421123554e-01   4.682919616927e-01
  5.022309621569e-01   3.433643660455e-01
  9.035262015564e-01   5.123980138283e-01
  6.565321682816e-01   8.060855948905e-01
  3.254175463515e-01   1.155492229532e-01
  6.428277536859e-01   9.171864115302e-01
  5.136914453026e-01   6.410133398822e-01
  7.872810991700e-01   8.115453149510e-01
  1.737130052371e-01   2.986049827883e-01
  1.425540363049e-01   4.598693987857e-01
  9.000756695601e-01   6.110098109642e-01
  3.693280686620e-01   4.428655013679e-01
  5.647880187454e-01   9.083851612043e-01
  9.321469768874e-02   9.005711389512e-01
  8.542592108381e-01   8.904841215861e-01
  8.982472499885e-02   7.835049587322e-02
  3.066057071078e-02   1.797903086592e-01
  4.660303800333e-01   4.575900430487e-01
  2.422043557764e-01   8.245178918123e-02
  2.625789095268e-01   8.975827862985e-01
  3.072208983590e-01   9.607281834356e-01
  9.262964255188e-01   8.960642248979e-01
  6.451466050040e-01   6.318758715545e-01
  4.220006744971e-01   7.752634422134e-01
  8.830425386594e-01   4.156032126032e-01
  3.766215949304e-01   7.886737104674e-01
  6.198258020613e-01   3.391613491814e-01
  6.073811429985e-01   5.008240420313e-01
  1.163462002122e-01   3.887865595089e-01
  5.068045762248e-01   6.278739244469e-01
  7.550072821482e-01   8.670835548379e-01
  6.945372583881e-01   6.354424664200e-01
  6.785840784234e-01   1.498173927464e-01
  4.950944587164e-01   2.605392737812e-01
  3.111291755770e-01   9.126875328295e-01
  2.029675285324e-01   9.747429663116e-01
  7.481021453787e-01   6.324065235688e-01
  9.821213698330e-01   5.395605319299e-01
  2.863095937776e-01   2.923886590760e-01
  2.118344140090e-01   8.940335077066e-01
  3.026371306927e-01   5.316943048127e-01
  8.739480095407e-01   3.921342324030e-01
  7.731396205610e-01   6.317152106926e-01
  9.851000438024e-01   4.401196952595e-01
  2.170934925392e-01   8.555591947685e-01
  3.417924881930e-01   5.048856140244e-01
  6.300458131123e-01   1.001004854202e-01
  9.766491260876e-01   3.372630886205e-01
  8.602321498524e-01   2.962396543475e-01
  6.500433607473e-01   7.361953032539e-02
  4.665923476392e-01   5.138116567226e-01
  1.539116632931e-01   5.291215115578e-01
  7.927783542992e-03   7.945847535882e-02
  1.697151072234e-01   7.403631783819e-01
  5.407833249154e-01   8.402063664204e-03
  8.103011820462e-01   4.690797708993e-01
  2.960087536914e-01   4.095983813962e-01
  1.040837154615e-01   6.046633271521e-01
  1.473942696648e-01   5.837517015572e-01
  2.114644931770e-01   2.774900724626e-01
  5.030555757526e-01   7.393372940076e-01
  9.805389808770e-01   3.937860067517e-01
  5.493906970497e-01   3.062475968973e-01
  5.039030765875e-01   4.455594700084e-01
  4.023858459802e-01   8.848591051521e-01
  1.879155233934e-01   6.555374725783e-01
  1.223482691903e-01   8.205155359858e-01
  4.009094093446e-01   5.436246530281e-02
  4.693836584895e-01   6.842815331159e-01
  7.221999553931e-01   6.611456494134e-02
  4.156707974927e-01   7.084456039856e-01
  5.852723732816e-01   8.578019654491e-01
  9.405684277201e-01   8.257509659222e-01
  6.755195020340e-01   3.414370783691e-01
  9.583913763600e-02   7.769496416128e-01
  2.803254620280e-01   1.369734712236e-01
  1.159219360564e-01   4.884222063037e-01
  8.501884180272e-01   3.464663560990e-02
  8.266568643348e-01   2.965973147986e-01
  5.274774343090e-01   5.338879419007e-01
  2.673714373126e-01   1.325082637971e-01
  3.992085410593e-01   1.422907192626e-01
  3.519785501120e-01   3.672413301844e-01
  1.076703697837e-01   7.776241028323e-01
  2.751676680158e-01   4.875155981833e-01
  2.956099308216e-01   6.103083547826e-01
  4.900846927732e-01   6.532595172086e-01
  2.759817107065e-01   4.268632548857e-01
  4.268784088502e-01   1.718031956888e-01
  7.585488729711e-01   4.248072103500e-01
  9.168024753196e-01   3.547812571103e-02
  2.589084070460e-02   1.884420267044e-01
  1.077702184996e-01   5.605549501375e-01
  3.424643570019e-01   7.432659992822e-01
  5.179486193227e-01   6.316509694464e-01
  5.901544985781e-01   6.639612307736e-01
  8.162726015187e-01   9.526350721574e-01
  6.203472561710e-01   9.143290384216e-01
  5.819730470657e-01   4.777028232492e-01
  9.928403196818e-01   5.669428021161e-01
  3.741329292172e-01   3.355222593120e-02
  6.165682065103e-01   8.188777100151e-01
  2.148199565609e-01   8.193584467457e-01
  2.401246712065e-01   4.759417251380e-01
  3.576837323033e-01   6.185051844206e-01
  2.959577783504e-01   6.116362785965e-01
  3.615962634476e-01   5.466763365341e-01
  8.405648777983e-01   5.359888564448e-01
  9.858605610661e-01   4.286383485456e-01
  4.513728029481e-01   1.283946262307e-01
  5.414164219777e-02   9.100413179592e-03
  2.228604624078e-01   4.221334620386e-01
  5.575614867030e-01   9.069764552237e-01
  7.598521751250e-01   1.049105925483e-02
  7.954689210138e-01   7.924302744178e-02
  4.074156929314e-01   4.783172425410e-01
  7.559694503787e-01   2.160607751542e-01
  5.819153954206e-01   9.486858319439e-01
  5.445489471922e-01   2.903903041744e-01
  7.609149984506e-02   6.994395839443e-01
  7.945857708386e-01   3.416642371944e-01
  9.938324266237e-01   1.829594898003e-01
  6.969485197390e-01   3.123480813461e-01
  5.673568398064e-01   9.609799165757e-01
  1.481250890332e-01   2.543859255348e-01
  3.968913764660e-01   4.599166824640e-01
  8.724716430466e-01   1.942702761113e-01
  3.922467701745e-01   5.228450100328e-02
  5.485132624096e-01   4.035063768703e-01
  1.984989079258e-01   6.867215191580e-01
  3.416376000126e-01   1.638931267173e-02
  8.490435101361e-01   7.016208720149e-01
  7.787278121469e-01   6.044487672398e-03
  4.865953482598e-01   2.053496135480e-01
  3.347244295451e-01   4.268858119217e-01
  7.445752341132e-01   6.270743686195e-01
  8.070392664451e-01   1.412956422983e-02
  7.679255307776e-01   4.446425556471e-01
  4.230047256002e-01   6.389140552097e-01
  6.472725005895e-01   9.213644662146e-01
  8.694319959423e-01   6.051584607169e-01
  7.024979856449e-01   6.393770118976e-01
  7.538455480779e-01   6.159978006413e-01
  5.163207880635e-01   5.787353671682e-01
  4.063478967461e-01   7.783996692390e-01
  4.281179702072e-01   1.522327218220e-02
  9.934091431651e-01   7.524581158989e-01
  1.504150740440e-01   8.419568653451e-01
  7.781918914904e-01   1.710420902934e-01
  2.628772729582e-01   5.276062889113e-01
  2.041619866797e-01   8.111388296109e-01
  8.001971933496e-02   7.080183764514e-01
  2.455769036124e-01   3.400127720711e-01
  9.673019782712e-01   4.823762942543e-01
  6.459636948502e-01   1.447461920915e-01
  4.886759491806e-01   8.871092422884e-02
  7.680175042664e-01   9.362322271801e-01
  9.933628584416e-01   3.067467161890e-01
  2.236519195309e-01   4.716794251213e-01
  1.850821756861e-01   4.518785369466e-01
  7.805224124010e-01   8.830955023171e-01
  5.181223337679e-01   6.260069416787e-01
  1.012641796434e-01   7.252145479961e-01
  3.186288075809e-01   4.936229256465e-01
  2.745127504666e-01   6.788544331769e-01
  7.315945805257e-01   9.250873335239e-01
  4.285979330447e-01   6.429093876321e-01
  2.022432628054e-02   2.061532271972e-01
  8.692582167189e-01   4.929225623069e-01
  4.558974414659e-01   3.857738699476e-01
  6.009714275275e-03   7.075228156349e-02
  9.610150847625e-01   9.551961655983e-01
  5.894597231094e-01   7.410728250589e-01
  3.358418349078e-01   3.268670130390e-01
  2.674662258222e-01   9.865658361088e-01
  6.291437420299e-01   7.983999275731e-01
  7.952988868673e-01   5.845289976821e-01
  7.368669832994e-01   9.789143004286e-01
  4.727839350433e-01   4.059448381614e-01
  5.595753112070e-01   5.921646559580e-01
  7.592037700242e-01   2.490730239093e-01
  7.191960851876e-01   3.473181834832e-01
  4.489524869734e-01   4.460531460557e-01
  7.032898204838e-01   5.525741636536e-01
  5.676990759427e-01   3.791440795868e-01
  4.444032975581e-01   6.997629746260e-01
  8.983061768550e-01   5.978328002248e-01
  2.217271648527e-01   7.927520943999e-01
  6.496154394393e-01   3.328482611146e-01
  4.325724173279e-01   4.642993540853e-01
  9.235321292075e-01   4.735267915403e-01
  4.664081469689e-02   8.993066397101e-01
  9.765717510304e-01   2.020638257996e-01
  7.237971270593e-01   2.454015452082e-01
  9.040896285391e-01   6.293648519468e-01
  6.391275028458e-01   9.557797383035e-01
  7.037861718777e-01   1.590635259449e-01
  3.630457000636e-01   9.790337508860e-01
  6.114094062382e-01   9.497167469096e-01
  1.387031624195e-01   2.862009802584e-01
  7.857711473519e-02   8.374511027430e-02
  5.542334566562e-02   7.130864210595e-01
  7.054001876834e-01   2.324403089952e-01
  1.698027908322e-01   4.785650186831e-01
  9.051161699899e-01   9.285567195022e-01
  1.528033237138e-01   8.197078715390e-01
  5.317717322630e-01   4.548390640808e-01
  7.302971452751e-01   9.408774008054e-01
  7.200157942431e-01   7.306855682223e-01
  8.070549357405e-01   6.440047434155e-01
  1.429402279140e-01   3.073937784009e-01
  3.260789739347e-02   9.016576634320e-01
  1.675648042639e-01   6.505414102983e-01
  6.126296078738e-01   8.031924699364e-01
  6.130326602681e-01   8.203598931729e-02
  5.083256187688e-01   7.565141046958e-01
  4.019054231539e-01   2.375497202301e-01
  4.758251878565e-01   1.138105924371e-01
  4.174448782468e-01   5.389191045660e-01
  6.673908536141e-01   3.184589965710e-01
  5.528018260748e-01   8.504424036261e-01
  7.993540775623e-01   3.742530948027e-01
  9.167225479712e-01   9.851167918341e-01
  2.002431868399e-01   2.499710630343e-01
  5.389683469483e-01   7.438681397412e-01
  2.174550572993e-01   1.945674995351e-01
  9.404977590217e-02   4.655941062121e-01
  7.751729234758e-01   6.450837990535e-01
  3.371657361267e-01   6.666541073161e-01
  6.436943926985e-01   2.588643550217e-02
  5.586659404361e-02   9.895372002292e-01
  7.120366294324e-01   8.914123733975e-01
  3.119367539596e-02   8.822821436457e-01
  9.459762496730e-01   6.509426937511e-01
  1.482834392086e-01   5.440349579741e-01
  6.534599594227e-01   3.112518756005e-01
  4.104900525190e-01   4.940662076172e-01
  7.807451321945e-01   5.252205614649e-01
  9.042844310798e-01   1.351792942077e-01
  3.617981707592e-01   5.423868879386e-01
  2.834991668135e-01   7.788296007284e-01
  6.884371167533e-01   1.570602661488e-01
  8.404254149206e-01   6.179611664355e-01
  3.330375810489e-01   5.687847633031e-01
  5.026456606883e-01   1.201574491104e-01
  5.293625574472e-01   6.885589224970e-02
  8.530681638067e-01   5.297066008667e-01
  3.018261567558e-01   6.840129065589e-01
  1.909785917071e-01   6.397314013031e-02
  2.655354767744e-01   6.563576472551e-02
  8.236836901150e-01   6.011079301601e-01
  7.209975162278e-01   8.495540059883e-01
  7.388528674568e-01   3.217534766836e-01
  7.303406745084e-01   7.292510170837e-01
  2.205767581476e-02   4.579281901761e-01
  7.665892799379e-01   5.785722765757e-02
  6.045352876353e-01   5.052019276380e-01
  9.745050311783e-01   5.793945030310e-01
  3.311139800293e-02   4.835956385931e-01
  5.343222570983e-01   5.547054251817e-01
  3.169116607112e-01   5.839387960238e-02
  8.319317101906e-01   2.065574416541e-01
  7.989699767557e-01   9.722846621286e-01
  3.225133549197e-01   8.579186012768e-01
  6.401029220803e-01   8.030133797199e-01
  3.038081295522e-01   4.319348880383e-01
  8.317363211416e-01   6.944244048947e-01
  3.152931657130e-01   1.769362555542e-01
  1.071994345245e-02   2.946051991038e-01
  9.060242520730e-01   6.134971962882e-01
  9.652773122520e-01   2.335687051738e-01
  4.006265054187e-01   3.211194149428e-01
  8.997796560265e-01   5.744633246983e-01
  9.722701009926e-01   1.944849105753e-01
  7.316707025417e-01   5.494313774677e-01
  9.012540507525e-01   9.851259212066e-01
  7.775533675194e-01   5.202501943786e-01
  5.641935023735e-01   2.534785716335e-01
  9.381386245640e-01   4.387858738370e-01
  6.053002304905e-01   8.377628924346e-01
  1.852510603235e-01   9.594271771430e-01
  3.565373275794e-01   2.905034261700e-01
  3.373315300692e-01   4.916929087637e-01
  8.525270386053e-01   5.248764268169e-01
  2.871670451152e-01   2.384093479528e-01
  7.158393411742e-01   9.456914709641e-02
  2.952937529414e-01   4.512464265014e-01
  5.690248564919e-01   3.726891339983e-01
  8.572232073935e-01   8.976542815018e-01
  7.548721999368e-01   5.754100433810e-01
  2.729944976101e-01   6.988511242619e-01
  8.346498846475e-01   1.189726136117e-01
  9.050391226565e-01   4.139622961483e-01
  6.564161775193e-01   6.724703687019e-02
  9.479129360541e-01   3.297903470808e-01
  2.582833936948e-01   1.860780661118e-01
  1.381941906657e-01   7.243270602049e-01
  8.164363241998e-03   3.395930940513e-01
  1.983699562655e-01   1.917018758668e-01
  9.169559065063e-01   1.192342275660e-02
  6.075476059916e-01   1.711191825767e-01
  8.107166696156e-01   4.024596633216e-01
  8.763130934145e-01   3.736452937326e-01
  2.787588782138e-01   9.269609597893e-01
  6.188020597800e-01   6.393750558065e-01
  2.236485795472e-01   6.112962364173e-01
  2.548820727974e-02   7.636912000550e-01
  3.441797283784e-01   9.221581050962e-01
  1.643813875197e-01   6.073836716791e-01
  1.711929957629e-01   5.094650232912e-01
  2.104451062810e-02   4.260020736522e-01
  7.348095184987e-01   6.662259283331e-01
  8.909515364115e-01   5.659983303456e-01
  9.638151273151e-01   1.465958236657e-01
  7.663315146798e-01   1.371676959392e-01
  4.680333560188e-01   8.155797498607e-01
  9.208547733697e-01   4.476324790565e-01
  8.797628569943e-01   9.671912428892e-01
  2.156568528032e-01   8.199752303608e-01
  9.881299772118e-01   8.865449342817e-01
  6.280073065776e-01   6.873034756438e-01
  6.099456292590e-01   1.366754468988e-01
  7.013659874583e-01   5.763245741806e-01
  2.198306000613e-01   1.866025854642e-01
  3.978745813602e-01   8.922104221918e-01
  4.445832540626e-01   8.864788061927e-01
  9.870064781207e-01   5.905668803260e-01
  6.803609463113e-01   2.222962172850e-01
  8.601501713292e-01   1.036371121609e-01
  7.607676848325e-01   9.922080956409e-01
  1.326001142929e-01   2.193791597133e-01
  5.545582661701e-01   7.629105168941e-01
  4.175145150649e-01   8.901820022388e-01
  6.458845248093e-01   1.681797016415e-01
  4.768271730648e-01   9.256982481059e-01
  1.147262268015e-01   1.896203323443e-01
  8.102477223787e-01   5.891668934284e-01
  3.684347667198e-01   4.521715160034e-01
  6.922749865000e-01   8.530643943512e-01
  5.812474157186e-01   9.745068600250e-01
  6.466880706233e-01   8.196840009605e-01
  2.174580818981e-01   5.925435436212e-01
  6.845659779804e-01   5.762246990228e-01
  1.636110507967e-01   7.810888616553e-02
  7.758085883322e-01   8.159380968536e-02
  9.398691000501e-01   4.638683982428e-01
  3.079425114987e-01   8.454094430334e-01
  3.450919448548e-01   7.529052377018e-01
  8.859120485447e-01   8.788519844358e-01
  6.638536295736e-01   1.654354483569e-01
  1.180947780419e-02   5.836092649431e-01
  8.893904068992e-01   9.732754218492e-01
  6.009330160744e-02   3.490388659559e-01
  6.401153514165e-01   6.377645738836e-01
  4.625610397147e-02   3.269832155415e-01
  7.501006051082e-01   7.347163646975e-01
  5.493069497220e-01   8.910041509256e-01
  6.902051394079e-01   1.533691832670e-01
  3.111940778353e-01   2.364462022695e-01
  9.668654370340e-01   9.383788683198e-01
  3.203180423921e-01   9.790293160149e-01
  5.355377137555e-01   3.309011706409e-01
  7.001589859994e-01   6.456223674292e-01
  8.996145350591e-01   6.020358734675e-01
  7.249458448917e-01   8.057980619607e-01
  7.894106886187e-01   9.576835609484e-01
  7.069363577908e-01   6.651185381570e-01
  7.952467426735e-01   1.549393927167e-01
  9.622268059364e-01   6.667531209330e-02
  9.387046170965e-01   5.424522882355e-01
  3.676387321462e-01   8.860572176609e-03
  1.219818971023e-01   8.852847483201e-01
  7.358962537283e-01   9.710965132825e-01
  6.597829492949e-01   4.846863547209e-02
  1.819685253673e-01   4.414114362185e-01
  4.124242224523e-01   9.511626830627e-02
  4.785395307122e-01   2.178100257971e-01
  9.560066001433e-01   3.743891309793e-02
  9.749932837148e-01   8.386095448615e-02
  2.098605161586e-01   7.652128791137e-01
  7.556175065383e-01   7.436076576250e-02
  4.392377795420e-02   9.682074230119e-01
  9.004358944755e-01   3.634766187623e-01
  5.227747993952e-01   2.444163409806e-01
  3.851454504336e-01   1.319892867069e-01
  2.429020897252e-01   9.519818612449e-01
  8.672978815683e-01   3.138392202391e-01
  6.538900503629e-01   6.196193165935e-01
  3.938005045859e-01   3.415714496955e-02
  9.794283168588e-01   9.195331938035e-01
  1.401648067329e-01   6.693746035601e-01
  2.754475455417e-01   2.968260463265e-01
  1.612824285803e-01   8.323983147637e-01
  7.396657790221e-01   6.017761498960e-01
  6.314967534828e-01   8.847652904855e-02
  7.494448742660e-01   2.802173091075e-01
  6.938253719128e-01   6.021362821086e-02
  6.723665512369e-01   6.415182117930e-01
  6.478084969493e-01   9.419118073913e-02
  3.229644233012e-01   5.074946086178e-01
  4.712192093872e-01   7.400445213964e-02
  5.149457356565e-01   7.392884925450e-01
  2.443836663754e-01   7.143786312279e-01
  9.520702740114e-01   1.034766271374e-01
  2.061205139038e-01   7.367021296462e-01
  7.316203168582e-01   2.978244437249e-01
  1.564764619819e-01   2.426821973476e-01
  9.837519027148e-01   1.320983356671e-01
  7.314855549779e-01   9.733960962403e-01
  4.937933562793e-01   1.358292631925e-01
  7.098873190299e-01   4.819555385014e-01
  2.315282452670e-01   8.105598803518e-01
  6.359505686733e-01   2.738222883502e-01
  9.683596093917e-01   4.499379543192e-01
  8.144436310108e-01   7.007309160411e-01
  3.730300609510e-01   6.389368711459e-01
  5.151822700560e-01   1.311814449780e-01
  8.325502466896e-01   9.248924321014e-01
  5.833747187682e-01   2.104363588010e-01
  6.868562614951e-01   1.186929516497e-01
  1.810308623725e-01   3.538434628119e-01
  9.639266277715e-01   2.114900180808e-01
  2.533219127679e-01   1.509688047691e-01
  9.501879207233e-01   4.045217746306e-01
  1.441502205622e-01   7.163030059826e-01
  4.686164280207e-01   1.699640195790e-01
  2.363048414812e-01   9.869123469640e-01
  7.937258751933e-03   2.486796003131e-01
  4.175136503210e-01   9.421263392855e-01
  1.584355375235e-01   8.502634407715e-01
  3.171113752234e-01   1.781610336140e-01
  4.989190838713e-01   6.131652713220e-01
  1.329422620100e-01   5.987356024100e-01
  4.326594271463e-01   2.846653100993e-01
  9.769964014694e-01   2.079772796075e-01
  6.833323222325e-01   2.155132467522e-01
  9.835491009011e-01   8.424106643056e-01
  3.160944513993e-01   6.675284738493e-01
  6.112468133232e-01   9.221203381827e-01
  5.129171758723e-01   5.489384251188e-01
  8.855908091306e-01   4.751980533121e-01
  6.566286742891e-01   6.721125706911e-01
  1.684372980692e-01   2.786916809039e-01
  3.835262845281e-01   5.359782110698e-01
  8.375031410477e-01   2.430434394760e-01
  5.049107208916e-01   5.733182916647e-01
  5.911652007412e-01   7.722064748315e-01
  1.756418610350e-01   2.029829853301e-01
  5.555813479947e-01   4.005097907770e-01
  8.150067488785e-01   3.761730809627e-01
  2.346581512021e-01   8.047163218665e-01
  4.990682371886e-01   3.052566931496e-01
  9.898096565576e-02   1.304369684476e-02
  2.663882557920e-01   4.849442770969e-01
  5.925572522780e-01   9.553147642891e-01
  9.859226907861e-02   6.780035538118e-01
  3.262767069149e-01   2.253455232416e-02
  7.570986955478e-02   6.471156364314e-01
  6.778019211672e-01   7.036037013848e-01
  9.524821828698e-01   4.487711321101e-01
  7.704884448619e-01   6.961300314916e-02
  3.386916741383e-01   7.330412684349e-01
  5.066176996589e-01   1.328043525625e-01
  5.115518097907e-01   6.309067963778e-01
  1.586667763511e-01   9.765856466231e-01
  5.783255948216e-01   7.388651247122e-02
  3.095451799406e-01   2.514482497501e-01
  4.913759206027e-01   6.204261549756e-01
  4.281263459942e-01   4.745631508248e-01
  7.871195653978e-01   2.305115036215e-01
  9.526794793721e-01   5.512686623306e-01
  3.308515738979e-01   6.701767080547e-01
  9.313724224554e-01   2.792015991929e-01
  6.573892344387e-01   8.853492965047e-01
  7.985891446781e-02   5.477984000130e-01
  4.775935507567e-02   7.885716538418e-01
  3.106360605610e-01   2.484894595261e-01
  3.893107080929e-01   2.268174999917e-01
  4.098212705571e-01   4.260130282308e-01
  8.407283129221e-01   1.759002178371e-01
  3.578909106204e-01   5.632419273362e-01
  3.518111081099e-01   8.494951387805e-01
  3.102835552897e-01   4.283425532343e-01
  6.214403142512e-01   1.431486074150e-01
  8.719452390828e-01   3.767674514691e-02
  9.423998447533e-01   6.754393938748e-01
  9.547249239789e-01   8.013025892700e-01
  2.475378423457e-01   4.622150352634e-01
  8.356319169232e-02   4.875820896779e-01
  4.511332316271e-01   6.365619640677e-01
  6.128672214930e-01   1.961530231644e-01
  7.263415540594e-01   9.218891868581e-01
  7.705001952935e-01   8.454925230306e-01
  8.161341108566e-01   3.869680680802e-01
  3.422859028643e-01   1.344783993039e-01
  8.757816834437e-01   7.379071345431e-02
  8.246770455912e-01   3.839338654123e-01
  8.967093453776e-03   2.414876324512e-01
  9.772165874161e-01   2.920271630032e-01
  7.260966621356e-01   6.597098570132e-01
  1.374954448036e-01   9.619386260692e-01
  6.719462879747e-01   5.983572955881e-01
  6.454228899783e-01   2.300434204741e-01
  4.256563060788e-01   9.092093702879e-01
  2.939850975459e-01   4.135957864432e-01
  9.338798786584e-01   6.432371072771e-01
  5.701558180277e-01   6.495988332124e-02
  4.212954440534e-01   4.189464705969e-01
  2.017826134170e-01   9.206420333290e-02
  1.255334053034e-01   9.747700392719e-01
  7.694249506761e-01   8.515013786317e-01
  9.763335691637e-02   7.282760056804e-01
  6.117946894786e-01   8.140466518176e-01
  1.256597848147e-01   6.972966065764e-03
  6.297210963178e-01   3.187593411770e-01
  9.905385441832e-01   7.515166022601e-01
  4.127972445615e-02   3.681467626275e-01
  2.036827909159e-01   6.398531335035e-01
  2.372655448984e-01   2.531489985097e-01
  7.910601700116e-01   9.704857492117e-01
  6.455856323493e-02   4.517135096663e-01
  9.960640296756e-02   1.330910386260e-01
  4.231965515654e-01   7.107119834963e-01
  6.046842229664e-01   9.504718428424e-01
  1.236227824642e-01   1.214727689219e-01
  8.775044758290e-02   3.187708931483e-01
  2.550197108628e-01   2.158495693140e-01
  5.011665749340e-01   4.817728505643e-01
  3.379331440816e-01   7.996030276595e-01
  2.401758403526e-01   9.039749647995e-02
  3.184794852978e-01   2.867480587518e-01
  1.622972772764e-02   5.797823441348e-01
  9.638276887483e-01   9.669775867646e-01
  4.702530663228e-01   9.257122530506e-01
  6.864355776787e-01   7.811096264098e-01
  4.184305831841e-01   6.391054136107e-01
  3.996674950276e-01   6.190635342823e-01
  6.468290273315e-01   8.164205426584e-01
  4.338153845977e-01   9.116993754907e-01
  4.639697053558e-01   4.061690985372e-01
  3.465238130225e-01   4.130062921288e-01
  3.350853988496e-01   5.972724766657e-01
  6.263258575953e-01   9.383514392024e-01
  6.853271560875e-01   1.037843684376e-01
  2.273354005286e-01   5.849181070991e-01
  9.400074586904e-01   6.867073545234e-01
  9.892229905035e-01   4.572874768970e-01
  6.841129463430e-01   1.278046792428e-01
  8.892006447962e-01   6.601037059991e-01
  4.009434810684e-01   7.592916738068e-01
  7.468102183532e-01   3.076304836930e-01
  2.583658721415e-01   6.283428469609e-01
  1.493737948632e-01   2.777298165185e-01
  6.317001430005e-01   4.680952080912e-01
  1.540984971806e-01   7.452092124852e-01
  9.041868733400e-01   8.287044598461e-01
  2.314728450595e-01   8.412407039302e-01
  5.181334878356e-01   6.010484239680e-03
  4.807934160633e-01   5.749912327826e-01
  4.499478112110e-01   8.632923459148e-01
  8.690918979313e-01   4.154285761739e-01
  4.036255240852e-01   4.143122290562e-01
  4.619910983959e-01   1.583546224720e-01
  5.550611103764e-01   1.741608772344e-01
  6.909902752158e-02   1.945791450565e-01
  9.055700143199e-01   5.615371560333e-01
  3.679421799892e-01   3.451562159994e-01
  3.261695829669e-01   1.141754958676e-01
  4.970371607899e-02   3.671345395766e-01
  8.301050902648e-01   1.062561169750e-02
  5.565595321280e-01   5.866548565497e-01
  6.747571372638e-01   3.917743516595e-01
  9.751364303506e-01   7.411588727562e-01
  5.283297074574e-01   5.046994406468e-01
  9.838201080850e-01   3.218545671225e-02
  1.507694203132e-01   5.530215218597e-01
  5.621433162520e-02   5.178656827642e-01
  4.435392730167e-01   9.786002199714e-01
  1.829513645884e-01   9.122187675714e-01
  1.362141411818e-01   8.160228640779e-01
  9.409283030391e-01   3.026599253808e-01
  8.316100230891e-01   5.906181814663e-01
  2.657529773467e-01   4.802297237154e-01
  4.614749645196e-01   2.273773319058e-01
  1.814982728819e-01   9.844788493349e-01
  5.286098256576e-01   2.028725234888e-01
  4.556936094174e-01   2.492060242632e-01
  2.045783309758e-01   1.700785840923e-01
  8.244593955820e-01   8.327835893484e-02
  4.954094541396e-01   3.070003940400e-01
  6.649002028926e-01   5.141369049410e-01
  7.995662372924e-01   2.105390831042e-01
  9.814883494960e-01   8.561445912647e-01
  9.549193577630e-01   5.278091348221e-01
  2.060622461190e-02   7.042955917749e-01
  8.010995309122e-01   1.548851544940e-01
  5.293524537170e-01   9.857301195228e-01
  3.667814715371e-01   7.798294247407e-01
  5.346604800828e-02   4.484438474644e-01
  7.083779040409e-01   4.730458068146e-01
  5.404829200814e-01   2.875580069329e-01
  1.062355760622e-01   8.021717237843e-01
  8.389889213805e-01   9.776539657535e-01
  5.727758126241e-01   4.873533730755e-01
  1.632318787536e-01   9.319333020348e-01
  2.193069791668e-01   3.927551524994e-01
  3.715793664865e-02   4.400078558242e-01
  3.508127964562e-01   9.740481820159e-01
  8.129048450596e-01   6.915977418668e-01
  9.664365772625e-01   7.158148038826e-01
  9.305280525272e-01   5.017650717663e-01
  3.326014544687e-01   1.143565416607e-01
  5.708671003655e-01   4.897801409318e-01
  7.576844830754e-01   3.545795030736e-01
  5.671027499622e-01   5.555709602337e-01
  8.877906935124e-01   8.769061940459e-01
  7.906632942351e-01   7.798457274393e-01
  6.733496667762e-01   7.173820419343e-01
  7.689827006568e-02   9.781452454590e-01
  9.042463010088e-01   5.479401584415e-01
  6.136010302367e-01   3.976001562576e-01
  4.602155627934e-01   5.851598143867e-01
  9.294243440238e-01   3.323184834303e-02
  5.342631402268e-01   5.772098775097e-02
  7.248609415450e-01   1.565342318168e-01
  7.161574730794e-01   4.214191745402e-01
  5.657590062793e-01   1.666256078441e-01
  4.538194683001e-01   5.067551660433e-01
  8.159735024282e-01   2.094463446978e-01
  7.422987480969e-01   2.524043842633e-01
  6.404972159620e-02   3.111518212373e-01
  6.898205714666e-01   5.851436831742e-01
  9.022451208490e-01   9.614531211224e-01
  6.935974197985e-01   5.515665178324e-01
  1.593912346149e-01   8.855615960841e-01
  5.763812262685e-01   9.108787806465e-01
  6.217868169209e-01   7.527323651283e-01
  7.610660873243e-01   8.951257136938e-01
  1.931189615709e-01   2.673080803927e-02
  8.229089895545e-01   5.117388371713e-02
  9.612232077632e-01   8.672792375061e-01
  5.559394388746e-01   3.119305993602e-02
  4.622176042663e-01   9.078749008999e-01
  7.470848634873e-01   8.150204287576e-01
  1.684593675563e-01   8.707667514749e-01
  1.738458627150e-02   7.880745320635e-01
  9.251940700233e-01   3.856829267683e-02
  5.806750741297e-01   5.412528758375e-01
  4.317562136069e-01   8.505563679817e-01
  9.285609386041e-01   3.034668600864e-01
  3.238424218930e-01   7.044189598291e-01
  8.917852614236e-01   4.599413961304e-01
  7.809149636005e-02   1.211994735519e-02
  5.934429011078e-01   6.386026242732e-01
  2.529724924535e-01   6.221168439426e-01
  1.603880529108e-01   8.523588320964e-01
  2.864488827746e-01   9.919147696748e-01
  3.506271727434e-02   8.023823385019e-01
  9.461382415138e-01   5.112746515048e-01
  7.929257494821e-01   8.332036968855e-01
  1.769467023675e-01   5.100426432509e-01
  6.387617660441e-01   6.742903433452e-01
  3.508376358797e-01   6.829090747037e-01
  7.881047782888e-02   1.946908883991e-01
  1.939844133166e-01   7.414530906253e-01
  4.551467731461e-01   1.099401627149e-01
  9.253298345389e-01   1.097332453128e-01
  9.433322338235e-01   4.040081407519e-01
  7.929043409929e-01   3.578076082725e-01
  8.038646894087e-01   6.974151082807e-01
  9.504547002009e-01   2.232792267178e-01
  1.513115598112e-01   4.252963395328e-01
  3.437425528006e-01   7.236536535943e-01
  7.611118377602e-01   6.645245042544e-01
  2.009155312252e-01   6.660766205525e-01
  1.170919945384e-01   4.730480000202e-01
  3.546628074060e-02   1.481783505785e-01
  2.127592881789e-01   3.947756609554e-01
  5.202100913133e-01   3.669179753926e-01
  5.251830701165e-01   1.013291627306e-01
  7.488882970467e-01   9.936046410800e-01
  4.849605200057e-01   6.385662803955e-01
  8.295171335075e-01   7.009385357050e-01
  7.256874435310e-01   5.342161845500e-01
  8.348453661012e-01   5.182686083781e-01
  7.849820278701e-01   8.618009512415e-01
  5.893684197413e-01   9.036248426091e-01
  6.356712448441e-01   6.165060354900e-01
  8.982124286256e-01   4.604302883828e-01
  2.700731900157e-01   2.372648134546e-01
  8.943090865271e-01   5.469509480719e-01
  8.047360315986e-01   5.948543209028e-01
  3.079590551347e-01   4.369533895251e-01
  9.745967497314e-01   1.581074992042e-01
  1.111510119737e-01   9.863531793567e-01
  6.578041818178e-01   8.125289093903e-01
  3.620421409788e-01   1.192341191981e-01
  4.728411424436e-01   3.219902783639e-01
  8.840744203276e-01   5.734489390223e-01
  4.671623056691e-01   9.495317099156e-01
  7.686233432411e-01   7.569237109767e-01
  4.638779076860e-01   6.614698976537e-01
  9.415616231872e-01   5.624934681425e-01
  7.240801340112e-02   9.385729606500e-01
  4.604779703969e-01   5.401820536358e-01
  4.850344136404e-02   8.640458020247e-02
  6.675649790867e-01   3.113560041957e-01
  1.354118322581e-01   6.385969688533e-01
  5.173145251544e-01   7.915028343485e-01
  6.774435431891e-01   2.445661419018e-01
  2.097181515399e-01   1.996062010873e-01
  5.070012683550e-01   4.019635347932e-01
  9.400786331066e-01   6.134743248622e-02
  9.726281716870e-01   6.941305371744e-01
  8.832845529796e-01   1.755987827371e-01
  9.639582673651e-01   2.669328714872e-01
  2.570736747236e-01   7.371742082013e-01
  6.154410505195e-01   6.307155920785e-01
  5.475066287860e-01   2.768787044657e-02
  7.920824634608e-02   1.325139328442e-01
  4.594069361526e-01   6.836226645705e-01
  4.008547580060e-01   6.923207268448e-01
  3.954925693661e-02   2.624699346684e-01
  6.744746160740e-01   4.310712969224e-01
  4.572213627302e-01   6.919165893005e-01
  6.143301970247e-01   4.948086229444e-01
  8.180212937281e-03   9.516157184121e-01
  4.248572031264e-01   2.936301702265e-01
  3.354245954165e-01   9.706206838277e-01
  7.649242672353e-01   4.879597511385e-01
  3.823507071982e-01   8.622219960604e-01
  1.439686074352e-01   4.872111015750e-01
  4.554740470352e-01   1.145302111388e-01
  5.564260240242e-01   4.045902843105e-01
  9.290049724851e-01   6.101670447356e-01
  7.350610385734e-01   1.190705788589e-01
  3.822936672763e-01   5.245085181471e-01
  9.189324572065e-01   5.761118683214e-02
  7.876464388491e-01   6.349164671943e-01
  8.883203874528e-02   3.561412128967e-01
  8.118840645988e-01   1.128792105425e-01
  5.748063769165e-01   6.760939413987e-01
  4.109367409058e-02   1.847721310551e-01
  6.091839381049e-01   1.035282127677e-01
  5.840848926182e-01   9.466819347422e-01
  7.703912032003e-01   3.664255931086e-01
  9.016918056675e-02   6.036476513524e-01
  6.877266382542e-02   4.514341213689e-01
  1.367670055804e-01   1.698100755564e-01
  2.473901454150e-01   6.685864319340e-01
  5.663268044165e-01   6.150320342461e-02
  9.017033306921e-02   6.131415648383e-01
  3.856472158512e-01   5.984743670488e-01
  7.651609507146e-01   4.910366816805e-01
  3.703953290344e-01   9.527107906049e-02
  4.301649312070e-01   6.161376695679e-01
  3.714904979010e-01   7.834339386875e-01
  7.155247802085e-02   4.097938602131e-01
  3.145482138545e-02   5.487310254613e-01
  6.448560061264e-01   9.107564916864e-02
  3.411830434383e-02   5.402617195257e-01
  8.160353685293e-01   6.587430133162e-01
  5.805597982653e-01   3.432424774713e-01
  5.828557996846e-02   7.404379636148e-01
  4.861461592965e-01   1.640159570241e-01
  8.358276781104e-01   5.331751128997e-02
  3.520007193177e-01   1.666279971716e-01
  2.139194026465e-01   5.657246000290e-01
  4.586240442866e-01   7.417543705183e-01
  3.820424304144e-01   4.771519777745e-01
  1.177747657645e-01   8.295262116433e-01
  5.038436255441e-01   2.367041991358e-02
  9.175018239213e-01   5.234062386852e-02
  8.163930905186e-01   6.403968833346e-01
  4.507831190486e-01   5.895624364635e-01
  9.086164614657e-01   2.518067119018e-01
  5.275751428714e-01   1.919458986248e-01
  9.592604894213e-01   9.263613267041e-01
  2.749306081890e-01   9.867955050083e-01
  7.794922443119e-01   5.475078844800e-01
  4.443022946514e-01   3.698319613571e-01
  7.820473134519e-01   4.793244526736e-01
  6.719606212843e-01   3.551037628034e-02
  1.067266583294e-01   4.331874149034e-01
  4.775787820211e-01   7.737747474185e-01
  7.123100506184e-01   8.642147048522e-01
  1.468744914621e-01   9.219863502650e-01
  4.466938202266e-01   4.672374967518e-01
  9.766573636444e-01   7.829890701955e-01
  7.279529665608e-01   9.115261195364e-01
  7.146749794364e-02   1.458215544427e-02
  1.513540765924e-01   2.677686316374e-01
  1.073426293760e-01   1.527910840417e-02
  2.835959065033e-01   7.786251011927e-01
  7.226335054040e-01   4.210946500925e-01
  7.348388712459e-01   6.680000304649e-01
  2.414072806400e-02   7.299680461459e-02
  2.927019122117e-01   6.948809169134e-01
  7.276843669409e-01   3.799503339472e-01
  8.039072046878e-01   9.638885354864e-01
  5.685441972572e-02   3.525076697881e-01
  4.575037074275e-01   8.132290562772e-01
  1.594565940572e-01   7.282310814995e-01
  6.617947473783e-02   6.269842713849e-01
  7.317576845665e-01   8.924955691911e-01
  2.815750474380e-01   8.762024776617e-01
  8.458462643866e-01   5.968345085940e-01
  7.920426228996e-01   3.806429215785e-01
  9.394452007247e-01   2.889331769401e-01
  4.766899740702e-01   3.418687660981e-01
  4.663462629527e-02   7.925318026080e-01
  2.182439533320e-01   6.077499950385e-01
  4.115269753641e-01   5.479178890339e-01
  6.108995140554e-01   8.806444149053e-01
  4.290263650519e-01   8.564272185169e-01
  6.762215046797e-01   1.765472118484e-01
  7.892340667993e-01   7.144518442312e-01
  3.176132953262e-01   7.771512611226e-01
  9.393592007594e-01   9.129146094004e-01
  2.467915607060e-01   5.848785173188e-01
  9.315545552727e-02   5.609319813884e-01
  3.022837759378e-01   4.972209344728e-01
  2.813443233772e-01   1.723137695386e-01
  9.384105206354e-01   3.543852791824e-01
  1.914944088057e-01   5.722333689932e-01
  8.389703921088e-01   7.814553752585e-01
  7.411318518739e-01   2.259564187577e-01
  5.778253433432e-02   9.517641214935e-01
  3.932067946607e-02   7.266691721451e-01
  7.223095476153e-01   9.690856928657e-01
  4.738798061933e-01   1.287837931250e-01
  9.660089053228e-01   6.779726292354e-02
  6.792802480040e-01   7.239401009070e-01
  1.865598906701e-01   6.795530150294e-01
  1.943328032476e-01   7.292983002274e-01
  1.569208620373e-01   6.430226412717e-01
  6.669660045952e-01   8.800602574642e-01
  1.757968969337e-01   8.226476045638e-02
  7.948856517407e-01   3.411482942339e-01
  2.115690838683e-02   9.935802699704e-01
  8.379272776373e-01   4.265344580171e-01
  4.319605364965e-01   1.079881918110e-01
  9.678831904680e-01   8.810383396470e-01
  6.093516888041e-01   5.890694294766e-01
  2.714750787846e-01   7.427856667031e-01
  3.170517972975e-01   8.460186905409e-01
  9.531591502067e-01   3.944207319224e-02
  8.005864533801e-01   9.008064548287e-01
  4.272715407735e-01   7.732969159726e-01
  7.266536602166e-01   5.408814252554e-01
  5.286421511237e-01   9.190571869617e-02
  5.168328961325e-01   5.628234840469e-01
  4.692295984037e-01   6.320176692125e-01
  6.280655224207e-01   1.168138389200e-01
  4.361311457892e-01   9.357401575138e-01
  4.377505250379e-01   6.417584611324e-02
  2.464663477965e-01   3.705674749463e-01
  7.139757448033e-01   1.467346189466e-01
  5.555910999187e-01   9.217384158303e-01
  3.362875185401e-02   5.705681768706e-01
  3.764777926199e-01   8.639815359780e-01
  8.808820167003e-01   6.821813604354e-01
  4.580077902258e-01   7.160274961305e-02
  5.265354770430e-01   3.116340082847e-01
  8.142742230789e-01   7.670871400852e-01
  9.668921029677e-01   9.513791440325e-01
  5.431668513188e-01   4.916070482220e-01
  7.001215715611e-01   6.279362317654e-01
  6.055461788630e-01   4.356176400079e-01
  7.375323977889e-01   4.713362804893e-01
  6.454690649384e-01   3.781998652425e-01
  8.268120860908e-02   5.251333783125e-02
  3.643859903673e-01   7.352218193448e-01
  5.553265336048e-01   4.855999196076e-01
  8.517253575811e-01   9.021952691118e-01
  5.161732322306e-01   2.319405598081e-01
  9.471688483859e-01   1.149891558257e-01
  1.459954890155e-01   2.449053024067e-01
  1.774175444291e-01   1.684915305295e-01
  8.527176557239e-02   3.811816580526e-01
  7.648039978738e-01   8.623627717620e-01
  2.913642236199e-01   5.034753113617e-01
  5.825998027381e-01   9.510896202249e-01
  5.105522070723e-01   5.405761791696e-01
  4.954797029092e-01   3.720634536411e-01
  8.934568046861e-01   6.451941001559e-02
  9.399455860435e-01   8.144006745443e-01
  2.792776874193e-01   4.642608465341e-01
  9.924157049250e-01   6.408427460368e-01
  9.322976817894e-01   9.781699181059e-01
  5.975985753523e-01   1.162600019220e-01
  5.991767396483e-01   2.472075805001e-01
  6.171362401450e-01   5.513592129118e-01
  6.851839956012e-01   5.192265566557e-01
  2.336898137126e-02   2.656184157782e-01
  6.815738534664e-01   5.151174198436e-02
  9.722862222880e-01   1.411581020016e-01
  2.888875551420e-01   3.984423785118e-01
  3.815335876997e-01   8.855983904930e-01
  3.630025351625e-01   9.510756728525e-01
  6.368033196144e-01   8.552917071103e-01
  1.876734792922e-02   4.023568972623e-01
  8.468222497304e-01   1.205074635306e-01
  3.304570515711e-01   1.149409581954e-02
  1.797334647344e-01   4.103699283294e-01
  8.685877486144e-01   2.145413612979e-01
  4.007265832514e-01   2.945852334064e-01
  7.663633807824e-01   1.327195139175e-01
  5.495193546306e-01   9.481783911472e-01
  9.783503502239e-01   6.684449850676e-01
  9.103888839658e-01   9.175301891388e-01
  3.940597487797e-01   6.166165445016e-01
  3.413032331437e-01   7.402437809107e-01
  8.833269187179e-01   7.998665493429e-01
  6.977465626926e-02   3.607685430729e-01
  6.254015460746e-01   5.603943348084e-01
  6.354721004062e-01   5.997604899459e-01
  6.764362879817e-01   1.173857027102e-01
  1.156561731563e-01   2.358943676814e-01
  9.674738171883e-03   5.547929872000e-01
  2.340558616945e-01   6.829736315453e-01
  5.353035831209e-01   3.105964065373e-02
  1.606753438854e-01   7.780295162420e-01
  8.491376729531e-01   4.668976095678e-01
  2.200432054405e-02   8.134180911124e-01
  7.680370060341e-01   4.273861174684e-01
  9.858257058899e-01   1.940961756328e-01
  4.505740807877e-01   4.784844292692e-01
  2.209268698768e-01   8.280771964913e-01
  4.251567625734e-01   1.829794368584e-01
  1.639507766181e-01   9.018016160935e-01
  6.247348514992e-01   9.864724531200e-01
  9.065307335813e-01   8.632959462916e-01
  3.412866784470e-01   4.538752958661e-01
  8.944009788014e-02   7.344209318413e-01
  9.752598381898e-01   5.088788034919e-02
  2.191772752338e-01   5.121213427897e-01
  1.124938364918e-01   3.829734709446e-01
  4.711637672860e-01   2.180027324774e-02
  3.848443796030e-01   4.828648632046e-01
  5.227630752015e-01   3.726307423499e-01
  4.326607837271e-01   8.594469361342e-01
  2.759004179708e-01   3.057401848854e-01
  4.050179552232e-02   2.908527136431e-01
  7.009016050630e-01   2.202221895869e-01
  9.241295172914e-01   8.241659561774e-01
  3.798164454850e-01   5.175232659769e-01
  5.194312331043e-01   5.438156090240e-02
  9.333709086129e-01   4.542332875012e-01
  8.322290439124e-01   5.365205524962e-01
  7.401245163731e-01   5.435580255675e-01
  2.006390644563e-01   4.397893917110e-01
  9.111680983576e-01   3.055648736294e-01
  1.464812016026e-01   7.782217143950e-01
  9.536475997852e-01   2.384517227112e-01
  6.424936434715e-01   2.414102846229e-01
  2.982398519003e-02   6.040279894148e-01
  2.974173491520e-01   2.984891397232e-01
  7.617745432390e-01   6.390171154447e-01
  4.047996512720e-01   2.643525825680e-01
  5.032342639896e-01   3.588739111293e-01
  9.730089680575e-01   2.541868996787e-01
  4.564724125618e-01   5.490096434415e-01
  3.370752184377e-01   8.446355909847e-01
  1.378395727376e-01   7.783525627579e-01
  6.493741067096e-01   1.446809841315e-01
  7.919485672886e-01   8.137429928621e-01
  3.107241975117e-01   4.518279693691e-01
  1.202770325500e-01   8.934200245478e-01
  6.271185989431e-01   3.090622329452e-01
  4.501610816397e-01   4.866682548855e-01
  4.871984553654e-01   6.877322577247e-01
  4.645290246430e-01   4.466189374724e-01
  7.032999445305e-02   6.003321296630e-01
  3.571216032379e-01   6.468518022755e-01
  9.426164057667e-01   5.850382613895e-01
  4.465170058675e-01   8.719544618923e-01
  7.797244847969e-02   4.275929172396e-01
  2.668776153829e-01   9.932739145986e-01
  3.572370174844e-01   9.927145542017e-01
  5.865625982287e-02   2.274437387376e-01
  5.618233408437e-01   6.487108599061e-02
  3.039467120110e-01   4.502132749427e-01
  8.669296673475e-01   9.475370606445e-01
  8.174286637527e-01   1.792166645464e-01
  3.036090653590e-01   9.223741615281e-02
  7.852354941810e-01   9.474503084479e-01
  2.436677350971e-01   9.516709816298e-01
  9.280880623089e-01   9.689326824723e-01
  3.465516150553e-01   7.866525379868e-01
  2.417040493989e-01   1.924164875997e-01
  9.236871438738e-01   9.616818989311e-01
  9.867726234868e-01   6.682327612422e-01
  9.689326014582e-01   3.878296732168e-01
  8.257580563870e-01   2.583535449325e-01
  9.135706237036e-01   5.406394310340e-01
  9.057690964460e-02   6.517607448552e-01
  3.741109292741e-01   6.283383819311e-01
  3.099163642870e-01   8.546712663864e-01
  7.720610174289e-01   1.588584322702e-02
  3.521321765778e-01   3.471620312494e-02
  7.974463982437e-02   2.220882976986e-01
  6.287255553517e-01   8.773008557784e-01
  5.681606441210e-02   5.867179986692e-01
  3.654059444864e-01   6.862800656366e-01
  1.419559873007e-01   7.135162780863e-01
  8.922455214305e-01   9.449311520396e-01
  6.261651101175e-01   8.065767400397e-01
  3.362367019947e-01   1.498897384054e-01
  2.362300970339e-01   8.907192276270e-01
  9.251123610633e-01   4.069438745077e-01
  1.288180023333e-01   4.705548057926e-01
  3.072842923670e-01   6.107900857747e-01
  3.516309777135e-01   3.691910470170e-01
  8.796220480793e-01   9.176287286017e-01
  3.135266391350e-01   4.347259359780e-01
  1.044327044151e-01   8.426855210377e-01
  7.707586541735e-01   6.978632269136e-01
  7.290745896394e-01   5.851306709708e-01
  8.046903723882e-01   6.307970167026e-01
  5.320766791355e-01   6.974829177203e-01
  7.771888832298e-03   1.101432680328e-01
  5.781048636649e-01   6.499975654696e-01
  8.072809641991e-01   3.541777809112e-01
  3.510995950047e-01   1.664210760738e-01
  5.633301979419e-01   8.366158677845e-01
  5.339018330280e-02   7.532161733681e-03
  5.757141357650e-01   8.461764802644e-01
  4.349551534765e-01   6.787316376475e-01
  3.638069784008e-01   5.462025077751e-01
  4.874767699252e-01   3.835164041448e-01
  8.149304762470e-01   3.121371945974e-01
  3.412173070149e-01   6.863458718500e-01
  5.648389177829e-01   5.415372495723e-01
  2.584200398135e-01   7.587034522459e-01
  3.169290235362e-01   7.640644066265e-01
  6.353242460112e-01   5.289387975925e-01
  5.788960540469e-01   6.672138138643e-01
  1.085463541149e-01   3.598334202525e-01
  6.906257651141e-01   1.508177467107e-01
  7.974477445462e-01   2.532979488459e-01
  8.642847718875e-01   8.714111125186e-01
  5.512447481061e-01   5.932542133158e-01
  5.011610210716e-01   9.839084093762e-01
  4.662546904825e-01   6.920597069199e-01
  7.020828781850e-01   4.846585593997e-01
  9.573789463905e-01   4.258628454919e-01
  3.166030563002e-01   3.972444215503e-01
  5.399515101406e-01   3.323523388576e-01
  6.696691843472e-02   3.840478602990e-01
  4.081898377229e-01   7.341212411256e-01
  7.413749429124e-01   9.684500146272e-01
  9.724329001479e-01   1.557935506714e-01
  2.955473503780e-01   2.881601244510e-01
  1.306850467869e-02   8.186172813701e-01
  5.650089423707e-01   3.533532135888e-01
  6.509034420237e-01   9.591391179677e-01
  4.065789834952e-01   6.045475790710e-01
  6.329717304548e-01   5.241658722565e-01
  7.173049395349e-01   2.955815422739e-01
  1.938077157245e-01   4.812134754224e-01
  4.187394255764e-01   2.971238896983e-01
  1.362353083809e-01   8.556518332613e-01
  5.108374231755e-01   8.684743739014e-01
  9.362991118830e-01   5.747231884870e-01
  5.690833952327e-01   3.635661570992e-01
  6.231240153184e-01   7.290843190463e-01
  4.855861482119e-01   3.445662214539e-01
  3.856594665144e-01   9.518851940826e-01
  1.629776520209e-01   6.796977837424e-01
  2.573247432572e-01   6.640198176799e-02
  7.970004564570e-01   2.994194184113e-01
  3.413595215280e-01   3.533052137272e-01
  6.503881773163e-01   4.413516862477e-01
  1.929720997396e-01   6.608876920407e-01
  1.474716748736e-01   5.661241132164e-02
  3.490175009303e-01   4.117042459806e-01
  6.724535621309e-01   8.948598956913e-01
  6.660995047283e-01   8.726589913525e-01
  9.229735495427e-02   3.005898525509e-01
  7.063664511100e-01   2.633087455087e-01
  3.111901288517e-01   5.580437321646e-01
  4.680207431022e-01   1.771165303704e-01
  4.688269411648e-01   2.437517688534e-01
  3.321253337025e-01   4.504134681314e-01
  3.982483743663e-01   4.346144365394e-01
  7.450884636034e-01   5.776722939986e-02
  2.449988435711e-01   4.637185168380e-01
  5.639794186609e-01   5.885868411532e-01
  1.449157452027e-01   8.913041015209e-01
  9.478286895959e-02   9.689980377522e-01
  5.377703317881e-01   5.662607889224e-01
  3.857116056437e-01   3.596297142222e-01
  2.652650880090e-01   6.151073544700e-01
  6.808144996403e-01   4.752777476979e-01
  7.647801921292e-01   7.451768388778e-03
  5.025195332690e-01   3.909064585792e-01
  8.177195668732e-02   4.379095809882e-01
  7.583062479181e-01   5.410951625289e-01
  5.104099215749e-01   6.709971377291e-01
  8.758657212312e-01   2.199281770839e-01
  1.378252541992e-01   7.083539468505e-01
  4.764157620976e-01   7.542633561686e-01
  5.553826412333e-01   9.592295014352e-01
  9.158311345794e-03   6.184991251513e-01
  9.306275497084e-01   1.109399537145e-01
  6.197135611318e-01   7.709147656940e-01
  6.408494316117e-01   2.420874038345e-01
  6.944933353820e-01   4.638762784139e-01
  1.540137787723e-01   2.522170815916e-01
  8.043587239835e-01   6.555539054350e-01
  1.536991543555e-01   7.704208842250e-01
  4.628974444405e-01   4.504023860530e-01
  7.190015037525e-01   8.340272541752e-02
  3.246515093454e-02   8.180254565693e-01
  5.833294677207e-01   2.001841395441e-01
  2.789246003964e-02   2.260094255314e-01
  9.485062925577e-01   7.011396492291e-01
  6.811704347154e-01   7.525294922866e-01
  8.064544392867e-01   5.873591880261e-01
  2.851979528333e-01   4.896240130820e-02
  9.720275061087e-01   3.308774509605e-01
  2.045246844744e-01   5.573014962062e-02
  8.336079512039e-01   7.476346774800e-02
  4.614467983352e-01   6.737394643968e-02
  7.913271720236e-01   3.607698637819e-01
  9.757721824149e-01   7.199320113750e-01
  5.560193490141e-01   9.617817944037e-01
  2.571885720193e-01   9.734321033149e-01
  4.536062798321e-01   5.887675933034e-01
  8.890090462195e-01   3.025025138012e-01
  4.023949687895e-01   9.862155686215e-02
  5.766126909049e-01   3.766388886445e-01
  2.062836761298e-01   4.256926195850e-01
  4.902851048997e-01   8.585826750027e-01
  3.665288818450e-01   8.245992737375e-01
  9.428704591031e-01   5.818739764665e-01
  3.388956336806e-01   7.073278536637e-01
  9.629633073279e-01   5.210015851786e-01
  4.837503628639e-01   1.368724014233e-01
  4.904766741652e-01   8.618854964034e-01
  6.232373698644e-01   5.511251898304e-01
  9.527550370740e-01   3.735687382915e-02
  9.823428039887e-01   3.064520418431e-01
  9.110084931382e-01   4.611550855798e-01
  4.494291336678e-01   8.172544307395e-01
  7.743726957606e-01   6.832134275800e-01
  2.898713241949e-01   6.672973517308e-01
  8.115106434727e-02   9.656098388591e-01
  8.342612638948e-01   7.677357211853e-01
  8.903468794652e-01   6.744918381942e-02
  7.321769138361e-01   8.934626337347e-01
  5.924695690841e-01   6.525599365255e-01
  3.090713349178e-01   5.989732032379e-01
  7.581224315322e-02   9.150701219332e-01
  9.415186693945e-01   8.564423071400e-01
  3.810196943997e-01   9.352679289550e-01
  8.661138405621e-01   5.182563173510e-01
  6.768196593405e-01   3.078686200598e-01
  3.811345111223e-01   4.637122316929e-01
  2.494242868629e-01   7.382293408724e-01
  2.070722947618e-01   4.570048395153e-01
  3.303532131637e-01   1.995001394464e-01
  6.943592844806e-01   5.458231235518e-01
  2.597796935369e-01   5.093650529135e-01
  3.687454223007e-01   2.587202235874e-02
  7.061180083093e-01   2.057485584089e-01
  6.014533327612e-01   7.133607778746e-01
  9.645371251361e-01   2.132268557542e-01
  5.177780432032e-01   4.034784339711e-01
  9.467976322564e-01   9.231785270447e-01
  8.831434788977e-01   3.589012346716e-01
  1.416725754030e-01   3.785904068630e-01
  5.237972173966e-01   5.901202575826e-01
  1.865119581641e-01   4.883624488300e-01
  8.227220859371e-01   9.793028472946e-01
  1.434188205096e-02   6.677601053552e-01
  5.410027218257e-01   2.785785589288e-01
  5.905217386566e-01   2.489523971477e-01
  2.189746746306e-02   5.553935921603e-01
  5.202525547825e-01   8.053753867985e-01
  8.693521642584e-01   2.760358494995e-01
  2.564780217669e-01   4.267880371688e-01
  9.562177805613e-03   8.047821027989e-01
  5.347308610790e-01   1.240186706846e-01
  2.701330444781e-01   1.178506250078e-01
  2.156744333567e-01   8.272923364191e-01
  3.763946819345e-01   6.938932088370e-01
  6.436327420671e-01   5.060174431561e-01
  4.577290533668e-01   9.359275440820e-01
  4.694003620543e-01   8.124700834917e-01
  7.707696530678e-01   3.119549811691e-01
  3.437680471220e-01   8.674205218646e-01
  4.866870588014e-01   4.491647620692e-01
  6.990992746135e-01   4.630653402171e-01
  6.590677761387e-01   1.583345790824e-01
  2.990592355279e-01   1.853023414667e-01
  3.490014622426e-01   6.254269748248e-01
  7.996085771727e-02   7.634815970807e-02
  8.055667476237e-01   3.128203983393e-01
  1.044649695051e-01   2.676611132077e-01
  3.304614771432e-02   7.513958114023e-01
  8.657562120905e-01   9.790377227350e-01
  8.470895725259e-01   9.241268376478e-01
  3.243887586412e-01   3.735916717922e-02
  6.841366273771e-01   6.401040252657e-01
  2.858361142055e-01   3.038869684100e-01
  2.409380066941e-01   6.802744576433e-01
  8.540367634500e-01   8.551462212596e-02
  6.893215741547e-01   2.899461164587e-01
  4.510262042069e-01   5.315764036282e-01
  9.627384285030e-02   6.631369021263e-01
  2.414592956863e-01   7.973285605192e-01
  1.263746820729e-01   9.908707080487e-01
  2.534446106422e-01   5.972161388115e-01
  9.896090633459e-01   6.789947458343e-02
  5.375808065165e-01   5.011875156316e-01
  7.920264747094e-01   7.751954726934e-01
  8.434478915412e-01   6.187205961604e-01
  6.100490859117e-01   8.410992358056e-01
  1.848671751836e-01   9.489957467261e-02
  4.694715769011e-01   4.096667998513e-01
  8.199979732156e-01   9.077424695193e-01
  4.617281650770e-01   2.901246709678e-01
  8.813067466107e-01   3.260118088025e-01
  9.061179447399e-02   6.623002131676e-01
  3.586357266549e-01   7.387601510330e-01
  4.215231827778e-01   6.263997256084e-01
  4.521122956566e-01   4.328856168574e-01
  7.773847478504e-01   5.643641063736e-01
  3.698843426673e-01   4.822105481714e-01
  8.692532159268e-01   3.781402828083e-01
  3.886877741386e-01   5.025289906242e-01
  5.095974805721e-01   1.154047428325e-01
  8.383928009094e-02   3.506440013118e-01
  1.954369472535e-01   2.060873571986e-01
  6.057240395291e-01   4.152455872598e-01
  4.731433038031e-01   3.502968744894e-01
  1.192510308089e-01   5.590350892227e-01
  3.124417228751e-01   1.262107207106e-01
  5.237293170686e-01   9.274969797521e-01
  5.028056866544e-01   8.175985389374e-01
  2.933487647556e-01   4.617401694387e-01
  2.739522572759e-01   7.358680696718e-01
  3.765720641393e-01   9.635949279255e-01
  6.611732687753e-01   5.129689336176e-02
  9.003457563681e-01   9.815128640588e-01
  1.157656437186e-01   1.129597140617e-01
  9.683329689470e-01   9.682120637796e-01
  8.140061402354e-01   2.502683425489e-01
  3.311332898867e-02   7.090222658575e-02
  7.430031468060e-01   7.710594925977e-01
  6.890967054904e-01   5.899192715032e-01
  4.971906454730e-01   2.707876968425e-01
  4.161969146405e-01   1.084462217705e-01
  6.522872453293e-01   2.051313595862e-01
  7.829782120412e-01   3.384481961014e-01
  2.896360591312e-01   8.728079644778e-01
  7.408138655508e-01   4.161540555568e-01
  4.206148788311e-01   1.778313879120e-01
  3.513910835314e-01   5.071864423567e-01
  6.990102774210e-01   8.346378264094e-01
  6.167026413639e-01   2.552035042728e-01
  2.207763728461e-01   5.510436191629e-01
  1.616079881918e-01   5.764693165560e-01
  8.233610178165e-01   6.289977208362e-01
  7.851670795847e-01   1.727358046321e-01
  4.280104406203e-02   9.925361693748e-02
  5.365659807115e-01   9.759230415273e-01
  3.181842247413e-01   3.839430306042e-01
  9.465238986134e-01   6.296796862943e-01
  8.392874866032e-01   4.203907345859e-02
  9.659633787542e-01   9.393787772737e-01
  2.916691703561e-01   4.107344733214e-01
  5.268139218900e-02   9.266143746157e-01
  1.341032002850e-01   8.136255216333e-01
  7.142473327419e-01   6.687918483250e-01
  2.917079686311e-01   1.635426091996e-01
  7.519625422583e-01   3.974166360216e-01
  4.705190546712e-01   4.576191842350e-01
  1.528372218476e-01   1.693676094832e-01
  4.163197828628e-02   1.028378196408e-01
  8.930947346422e-01   5.274103101179e-02
  8.466544646489e-02   6.875429831240e-01
  5.006463402820e-01   2.832236304223e-01
  3.779598366165e-01   8.861369435943e-01
  9.497020168541e-01   2.084915594204e-02
  7.322999875008e-01   8.412177338698e-01
  4.385500560302e-01   9.010189714889e-01
  1.792482616794e-01   6.791328371557e-01
  8.507480776191e-01   2.825670940239e-01
  9.096811955009e-01   7.948524342047e-01
  9.326502165114e-01   5.307498835960e-01
  3.718588951504e-01   1.709520438282e-01
  8.894820646002e-01   2.481969056016e-01
  1.794432542565e-01   5.721531858057e-01
  5.541720966725e-01   4.387267012654e-01
  8.505105532620e-01   5.851999114827e-01
  9.832841218973e-01   5.494762992455e-01
  9.525422471737e-01   6.397645774393e-01
  9.240499739671e-01   6.849746921016e-01
  2.252498589045e-01   3.444590193027e-02
  7.205794782161e-02   9.254418706543e-02
  5.693157557621e-01   5.143881547315e-01
  3.863097058893e-01   6.402877674546e-02
  2.473786580754e-01   5.191298043088e-01
  6.176687648521e-01   3.821091799857e-01
  4.438929139872e-01   6.382442933975e-01
  5.813050109481e-01   2.951389969612e-01
  4.745096934654e-01   4.981199240048e-01
  3.999366205360e-01   4.220693194522e-02
  4.374351497882e-01   6.427781489704e-02
  4.174039580897e-01   5.216175076178e-01
  7.561527460233e-01   3.986324298581e-02
  8.698524734197e-01   3.846199808559e-01
  7.421088372342e-01   3.142562511215e-01
  9.657056785436e-01   2.153955152440e-01
  6.598508007276e-01   1.011867460634e-01
  8.826895539793e-01   5.055718455402e-01
  7.259091882566e-01   6.569153731654e-01
  8.522242906738e-01   5.955546421791e-01
  3.739468692595e-01   9.702595963916e-01
  5.526555686583e-01   5.909818674677e-01
  9.424508799264e-01   4.533820865064e-01
  6.643869738005e-01   1.490171166414e-01
  1.948449861041e-01   7.958377397672e-01
  1.044403094501e-01   1.795519544605e-01
  1.184198746982e-02   1.590686514319e-01
  4.584116904581e-01   7.665481448987e-02
  9.940468625122e-01   7.004346385761e-01
  1.170535193792e-01   8.612720186231e-01
  2.897909050265e-01   1.202336281883e-01
  4.467512398470e-01   8.689716518015e-02
  3.042143146639e-01   9.715280306713e-01
  4.949447205848e-01   9.238911229176e-01
  3.837786663651e-01   4.319019727523e-01
  6.315459562847e-01   7.838157304874e-01
  2.320308102499e-01   9.536720890930e-01
  4.558888535848e-02   4.867914218985e-01
  1.093703082970e-01   2.703353962930e-01
  4.879433650672e-01   8.254257175783e-01
  8.059810630152e-01   1.394125404886e-01
  1.342479469282e-01   9.864787010655e-01
  8.265273023287e-01   3.457415503648e-01
  3.845267434418e-01   2.964127853375e-01
  8.748963188207e-01   4.881557484244e-01
  6.028107202496e-01   6.338525152070e-01
  5.118591465455e-01   6.410125673217e-01
  5.877514997254e-01   5.086267138790e-01
  3.893773420884e-01   9.362014317369e-02
  2.411547244979e-01   5.263431399702e-01
  2.178730150302e-01   1.728700500748e-01
  3.960322189552e-01   8.377113895410e-01
  9.585068559637e-01   3.645711697479e-01
  4.688484681340e-01   4.276147235156e-01
  6.592155857622e-01   8.037545233399e-01
  1.802725880301e-01   5.416654392373e-01
  5.269747926739e-01   8.751326360519e-01
  2.017343671935e-01   9.273587386904e-01
  8.806774704006e-01   5.789372037288e-01
  3.057418558252e-01   5.027387440302e-01
  4.104989667700e-01   2.089846744094e-01
  1.752174454253e-01   6.583569200438e-01
  7.226120347584e-01   2.802971923958e-01
  2.328473023516e-01   3.231113405882e-01
  6.626503940508e-01   2.058528926940e-02
  4.511952259507e-01   7.493719408690e-01
  4.294884351397e-01   1.594537909205e-01
  1.508274789901e-02   8.075304863948e-01
  9.731613057918e-01   8.468627317481e-01
  3.052754784802e-01   5.138930536117e-01
  4.824424324590e-01   5.302055431271e-01
  9.343848841835e-01   6.454850793173e-01
  4.201675785230e-01   2.864945357239e-01
  3.229415832789e-01   8.797973840634e-01
  7.036863513524e-01   4.340464875184e-01
  8.334275179477e-01   5.508286050916e-02
  5.822902447570e-01   8.762459415999e-01
  7.824816664258e-01   5.573988921680e-01
  6.861110417172e-02   1.903261686703e-01
  3.653502081113e-01   4.898060472406e-01
  4.832779131042e-01   8.815110719271e-02
  5.780360999387e-01   9.620756040672e-01
  3.537374132933e-01   2.571378726505e-01
  3.535210556928e-01   8.245821050839e-01
  3.848540400166e-01   1.071160358289e-01
  2.579651011257e-01   5.346700416715e-01
  4.304422258403e-01   1.956615374838e-01
  7.378955893411e-01   2.960905973980e-01
  7.850179358434e-01   4.515205454421e-01
  3.737198940249e-01   1.007511925329e-01
  9.458612162483e-01   4.962964407827e-01
  2.971437411350e-01   2.220867471656e-02
  6.091162274593e-01   2.038780724099e-01
  4.306381066123e-01   6.568371886782e-01
  2.028319977450e-01   8.628862084957e-01
  2.126957178508e-01   4.809130611387e-01
  8.965540988113e-01   1.359467834795e-01
  4.720273288730e-01   4.109600119236e-01
  8.887683128216e-01   5.565083023299e-02
  2.102084323068e-01   9.814773381846e-01
  8.539654426567e-01   2.196014429308e-01
  3.232597487631e-01   4.569548655867e-01
  4.694632067179e-01   1.628054957337e-01
  6.700948421688e-01   1.089027219150e-01
  6.887376466085e-01   2.191507152567e-01
  2.163055002300e-01   6.514592867835e-01
  7.076622516854e-01   7.320894094105e-01
  4.090222141091e-01   4.800227583343e-01
  8.111052747293e-01   3.196083152652e-01
  9.813691016916e-01   5.139822813949e-01
  2.673581910090e-02   8.812256195813e-01
  2.422497069981e-01   1.095566553305e-01
  8.125668017557e-01   3.069241348618e-01
  4.698743663323e-01   5.185668530012e-02
  4.258478245143e-01   1.879629460550e-01
  7.802882417856e-01   6.229890864757e-01
  3.277826948276e-01   6.516175779854e-02
  4.572241700680e-01   4.484216408481e-01
  9.434035736990e-01   9.750065367987e-01
  2.200889159899e-01   5.010719686236e-01
  5.268088259506e-01   6.188995120249e-02
  4.555462847098e-01   1.409291721943e-01
  4.343680680013e-01   7.997802681549e-01
  1.268352214762e-01   1.075872428505e-01
  2.857530535947e-01   7.685946519226e-01
  1.368473359224e-01   2.227443681859e-01
  8.263346447712e-01   5.249431942993e-01
  8.744138419062e-01   2.040536469439e-01
  5.690775452986e-01   3.281318344146e-01
  4.610210486857e-01   2.944027052226e-01
  6.583684716238e-01   7.125053310153e-01
  3.413389428463e-01   6.762309520453e-01
  1.529865400399e-02   1.714502444536e-01
  7.932916962358e-01   9.771291299772e-01
  8.915932768818e-01   3.442419337566e-01
  7.212656756408e-01   6.556470107341e-01
  2.289141022386e-01   1.518814004064e-02
  7.372151542155e-02   5.036506234594e-01
  2.785166236686e-01   3.066134834179e-01
  4.396151538193e-01   4.850147058508e-01
  5.201175484059e-01   3.227670449704e-01
  2.296251350958e-01   8.390944658656e-01
  9.260539065517e-01   7.904225351228e-01
  8.345505569399e-01   3.050536392469e-01
  4.788096501312e-02   4.347367052929e-01
  2.909708867905e-01   5.559989416533e-01
  3.594966922354e-01   2.950552208902e-01
  3.036986244680e-01   5.824776957343e-02
  2.325965562283e-01   8.257622391774e-01
  1.348906404745e-01   3.003745103293e-02
  9.881359282345e-01   5.655363922270e-01
  7.445983289651e-01   3.400710898946e-01
  7.920758516422e-01   9.462383325741e-02
  5.667571958178e-01   8.659666615234e-01
  5.597351852555e-01   3.430694434750e-02
  6.148413412410e-01   5.226353417406e-01
  1.942141065265e-01   4.931446016314e-02
  6.716261084646e-01   6.814192252986e-01
  3.231253789076e-01   7.712901541882e-01
  8.238508920650e-02   7.536900951581e-01
  1.660227320532e-01   8.380159173362e-01
  4.193959008302e-01   6.074288530968e-01
  8.382623976495e-01   1.391090098570e-01
  6.696820203328e-01   7.168891305857e-01
  1.494985416553e-01   6.152303485416e-01
  7.361573775610e-01   2.588582328827e-01
  8.615090312192e-01   6.364182714548e-01
  2.014503106709e-01   8.194766231267e-01
  6.367684640979e-01   1.819449679988e-01
  4.586934519933e-01   4.663774913193e-01
  6.903224035990e-01   5.452902392975e-01
  4.302795064483e-01   1.760212627943e-01
  2.245293944389e-01   5.051437853572e-01
  8.614443106423e-01   6.842857260592e-01
  5.120465936789e-01   1.587129630069e-01
  8.100714860473e-01   1.600736483562e-01
  9.236539037868e-01   8.226009619077e-01
  1.729638390063e-01   1.657114572215e-01
  8.768675865676e-01   2.590742815686e-01
  7.240806579638e-01   9.722558366802e-02
  2.347255394391e-02   2.456108259061e-01
  3.913474534626e-01   1.148924943463e-01
  6.077323679797e-01   9.505692867362e-01
  2.602675538380e-01   1.237871768474e-02
  3.445438337848e-01   4.687671210327e-01
  3.773088897301e-01   5.213911610773e-01
  8.748544518119e-01   3.092098370860e-01
  7.586502341963e-01   4.110421506672e-01
  3.577609794762e-01   9.085546650352e-01
  8.787037051785e-03   7.410083974864e-01
  5.937648111836e-01   7.120992655917e-01
  3.506196965782e-01   4.122176587911e-01
  3.297627621404e-01   3.249857065821e-01
  9.936654387870e-01   8.558335855180e-01
  2.125984055813e-01   2.518050551750e-01
  3.652486727762e-01   4.130054642731e-01
  6.626329335273e-01   4.243009510744e-01
  5.893087546295e-02   3.266221966736e-01
  7.787641348099e-01   9.140230592227e-01
  6.018349056860e-01   9.637406581116e-01
  5.722622577196e-02   2.614176533814e-01
  2.289264101990e-01   5.587640005000e-01
  1.689534174317e-01   2.229706688616e-01
  4.064929626163e-01   2.312951913799e-01
  2.105299154702e-01   6.338894138558e-02
  2.125923979915e-01   9.216199017077e-01
  6.722356901092e-01   8.883283698548e-01
  4.445197743314e-01   4.906116360991e-01
  3.291927949500e-01   8.345107438414e-01
  6.886129323879e-02   7.904506462121e-01
  7.048370501302e-01   8.567776652176e-01
  6.831424687011e-01   6.846254601611e-01
  8.806495112403e-01   2.529592726514e-01
  2.099983050088e-01   4.650945691757e-01
  7.636339631179e-01   3.089524440909e-01
  7.921276050157e-01   4.047070250635e-02
  6.096998676441e-01   8.235350666541e-01
  9.061833240916e-02   5.527311647745e-01
  8.568508970505e-01   3.601071261078e-01
  2.302719969275e-02   3.693552269465e-01
  4.836036997088e-01   8.529039557291e-01
  3.266985518690e-01   6.745224253295e-01
  2.604453578763e-01   3.161216468409e-01
  6.289992419189e-01   5.255157569733e-01
  8.220965359389e-01   2.404262748728e-02
  2.894438850696e-02   7.591335108575e-01
  8.848735265029e-01   9.013291632888e-01
  6.877181693684e-01   1.635312937295e-01
  1.046674189368e-01   1.803846007572e-01
  5.254332525912e-02   8.985989135345e-01
  3.263811611743e-01   7.660334144824e-01
  7.276733680745e-02   3.344444427843e-01
  5.480680370377e-02   7.190253742731e-01
  7.748665591385e-01   5.787178403610e-01
  3.182956134536e-01   4.763500760151e-01
  8.250140672207e-01   9.159248831905e-01
  9.451304529156e-02   6.010438552880e-01
  9.749902587323e-01   2.376154857977e-01
  3.460919566580e-01   5.812839128703e-01
  9.219473657824e-01   2.734489292564e-01
  7.373605335208e-01   1.340090717455e-01
  8.088845210427e-01   7.082711523325e-01
  7.305855665548e-01   3.014916395079e-01
  1.307668928078e-01   2.500801222729e-01
  1.450901074719e-01   3.111906269605e-01
  2.169004267800e-01   2.946184413032e-01
  5.300978134578e-01   1.873719515780e-02
  4.113045191728e-01   2.333844110604e-01
  1.923826882292e-01   9.649439136877e-01
  5.357040219214e-01   4.491109293387e-01
  2.324744933329e-01   3.434432502206e-01
  6.807676762777e-01   9.364174455526e-01
  1.599439640397e-01   5.375745000345e-01
  1.649151770882e-01   2.275451590280e-01
  3.293172377264e-01   8.475678864283e-01
  9.308179879923e-01   3.094169570864e-01
  6.154082227891e-01   2.922442017766e-01
  9.124411486957e-01   9.746458097424e-02
  1.379988922887e-01   2.298421971087e-01
  5.513941985424e-01   4.036770304229e-01
  8.973821910181e-01   6.077959479281e-01
  7.585525295732e-01   6.108691267398e-01
  3.790148128044e-01   6.320579138086e-01
  8.842995827150e-01   8.986947555505e-01
  3.171430492476e-01   1.115872438026e-01
  7.284566228355e-01   9.352036465780e-01
  6.334149370324e-01   7.788732268419e-01
  9.191657626896e-01   7.513798685910e-01
  6.742943938704e-01   2.804524700651e-01
  2.242362209989e-01   5.046159601914e-01
  3.146282023018e-01   2.127133991519e-01
  6.055576162713e-01   8.607199825564e-01
  4.647690373751e-02   1.530278187620e-01
  2.765268553575e-01   5.487920074764e-01
  8.220347340785e-01   8.326700395286e-01
  2.543678330212e-01   1.115674075011e-01
  5.435856928015e-01   8.568084055318e-02
  7.015194714831e-01   8.918497522777e-01
  8.955553101727e-02   6.431395569778e-01
  8.997269384288e-01   4.547947210125e-01
  4.563089144779e-01   6.889227080681e-01
  3.431334005077e-01   1.756687408529e-01
  5.929245603467e-01   7.958498358655e-02
  9.889480668297e-01   9.680814766637e-01
  6.994722656565e-01   5.064054657607e-01
  7.267288969280e-01   6.857657650346e-01
  7.154122838876e-01   6.946708643835e-01
  9.361067449228e-01   4.241602100344e-01
  7.746956283441e-01   1.861496926161e-01
  1.883079507539e-01   8.567299915769e-01
  5.279128457648e-01   2.544508831858e-01
  3.271006435065e-01   7.911515685106e-01
  1.296271296928e-01   7.599808681908e-01
  7.930319043888e-01   4.058008313965e-01
  2.217704530153e-01   4.862472689759e-01
  8.832442967372e-01   7.490469600852e-02
  1.319142618172e-01   8.383571403697e-01
  7.072558260824e-03   6.250876266104e-01
  2.296115398927e-01   9.114696625926e-01
  5.921811275249e-01   7.312955154451e-02
  5.970563858048e-01   6.277102047680e-01
  8.551967194947e-01   8.301302545699e-01
  1.889178734388e-01   9.578008183462e-01
  3.606040248432e-01   2.609591775539e-01
  6.184126430057e-02   8.577948346556e-01
  9.381118667391e-01   8.336229595373e-01
  6.050527977566e-01   4.333327216264e-01
  6.348727770108e-01   8.114217764136e-01
  9.775805858424e-01   6.253711293387e-01
  3.263264009817e-01   3.836562964876e-01
  7.095345034233e-01   8.347603435407e-01
  6.026688938136e-01   8.041641973683e-01
  7.306178660278e-01   9.618730653939e-01
  5.107968607751e-01   6.468361981592e-01
  9.454462155900e-01   7.770285429597e-01
  4.411814480891e-01   5.087915300691e-01
  3.548658897657e-01   7.428159693993e-01
  2.589116990277e-01   2.808371545619e-01
  8.476845157060e-01   1.500943217121e-01
  1.229628192027e-01   6.987599150518e-01
  4.870708705612e-02   9.635870965442e-02
  8.196457431460e-01   2.451844278018e-01
  7.750224547477e-01   1.393127815618e-01
  9.833437923793e-01   9.163306445900e-01
  3.210893082926e-01   6.340550609186e-01
  6.869056211936e-01   2.741331650181e-01
  5.503603297236e-01   7.968282633412e-01
  3.818085401603e-01   6.375305256694e-01
  6.602829778269e-01   9.734905208993e-01
  6.976438704172e-01   5.913484151606e-01
  5.221732176186e-01   6.230794053710e-02
  6.985649605427e-01   5.352223082634e-02
  6.571907482423e-01   6.238072603564e-01
  5.439215572867e-01   5.448826706239e-01
  8.138915534479e-01   1.749317992042e-02
  8.835116771167e-01   2.304478647197e-01
  9.664747242860e-02   7.878225846919e-01
  1.069745907309e-01   9.589426013692e-01
  2.289470109139e-01   4.722719863329e-01
  7.907985440631e-01   2.833630168519e-01
  8.414439656930e-01   9.696739135039e-01
  1.400437903983e-01   2.300217282518e-01
  1.052942715107e-02   7.274609377709e-01
  9.824864639662e-01   2.730901729645e-01
  3.766635779009e-01   6.391203261404e-01
  4.920375304580e-01   4.614341155437e-01
  4.127799571751e-01   1.111081111712e-01
  1.264706131090e-01   6.054349060952e-01
  7.914268551604e-01   5.890053235769e-01
  1.184390992723e-01   8.293789126425e-01
  2.912655414371e-01   6.521761803652e-01
  6.972103467219e-01   5.793741245181e-01
  5.671642451936e-01   9.754056973043e-01
  8.442742451626e-01   5.939271004047e-01
  5.260785350460e-01   7.508405609046e-01
  9.133094884632e-01   9.237751853652e-01
  9.875894398252e-01   1.458373504008e-01
  1.524174632797e-01   8.664539325663e-01
  2.407744744984e-01   8.922511051954e-01
  5.163563116603e-01   2.839327991588e-01
  9.222625233554e-01   4.597941254734e-01
  7.744545448378e-01   6.037657752619e-01
  4.046088623915e-01   1.343138102388e-01
  8.981005537180e-01   3.272278919883e-01
  3.050535194510e-01   5.356535838941e-02
  5.389532281761e-01   1.824425557035e-01
  4.844040011573e-01   8.924864891385e-01
  7.205338727494e-01   2.985710090551e-01
  2.783611291406e-01   5.150883235898e-01
  1.962602406818e-01   8.612249190502e-01
  8.265825104011e-01   5.538342787136e-01
  4.074769896808e-01   3.526617057021e-01
  9.024463516102e-01   1.428404152769e-01
  4.000828526808e-01   6.385257980075e-01
  1.741502146595e-01   6.416582487160e-01
  4.198383327762e-01   5.399973522686e-01
  3.373318817041e-01   3.246432317160e-01
  2.761752723089e-01   1.735198850872e-01
  2.120332566872e-01   8.673081453765e-02
  3.876071467201e-01   7.830539812472e-01
  1.899015585437e-01   4.789381099926e-01
  2.461643443826e-01   6.813089491666e-01
  8.616275967424e-02   4.045965953468e-01
  5.396002029452e-01   9.799012460114e-01
  3.058161748403e-01   8.132229840173e-01
  7.568323466105e-01   1.909915227300e-01
  5.742294966599e-01   5.383611767301e-01
  5.190521577381e-01   6.140672533759e-01
  5.197961497855e-01   7.115883392372e-01
  6.381427836039e-01   8.937800582367e-01
  5.121266501646e-01   2.600360153053e-01
  1.314018897095e-01   2.022631455530e-01
  8.045085391940e-01   7.837635800251e-02
  5.464535482934e-01   2.720785316942e-01
  1.935063002543e-01   5.385549101399e-01
  9.908823590588e-01   7.231270021014e-01
  3.929177271611e-01   1.041951401262e-01
  5.211113661025e-01   6.930449296341e-01
  8.198136832830e-01   7.265428777797e-01
  4.345343823383e-02   9.372931988983e-01
  8.978783565796e-01   7.936951086578e-01
  2.010403896885e-01   6.563727322698e-01
  7.063235473124e-01   6.819008912360e-01
  8.920894074104e-01   2.860542260714e-01
  5.782746612491e-01   7.925397388523e-01
  9.517307298694e-01   8.497537313326e-01
  8.145714879916e-01   1.884822856681e-01
  8.901300973168e-02   8.771206970328e-01
  9.615582772022e-01   1.266277162596e-01
  1.442398081508e-01   1.625162236159e-02
  3.312012051326e-01   1.268611993978e-01
  9.631104740225e-01   1.482586506490e-01
  3.076796990523e-02   6.610379155227e-01
  6.178125371220e-01   1.139753947814e-01
  3.170602416296e-01   1.152866047693e-01
  1.215533762466e-01   4.426596098679e-01
  4.680765196701e-02   2.561847052151e-01
  1.792149349635e-01   5.640694894050e-01
  1.683287615857e-01   3.766688880933e-01
  5.553053274729e-01   4.630913386610e-02
  7.411226441097e-03   1.572598850557e-01
  6.910310341889e-01   7.561573966954e-02
  7.488574941305e-01   8.644005644852e-01
  7.012857993220e-01   2.825203141766e-02
  4.763964461856e-01   9.504290868623e-02
  2.515449413723e-01   1.855525538208e-02
  2.175649475784e-01   9.463548457415e-01
  3.573405987475e-02   3.064581024510e-01
  4.069175240919e-01   3.828225633591e-01
  6.662897448626e-01   1.606437769310e-02
  3.684407208984e-01   6.031111923274e-01
  7.274364307512e-01   8.915476884179e-01
  8.868204955584e-01   8.063917891449e-01
  7.462130874560e-01   9.462593336277e-01
  7.542570822540e-01   4.576762334528e-01
  5.664042811425e-01   4.597420342278e-01
  5.715208942063e-01   5.320810223738e-01
  1.338045367671e-01   3.220014134270e-01
  3.344070642000e-01   6.436580013423e-01
  7.070473123514e-01   5.757801371134e-01
  1.372689323840e-01   2.532484188797e-01
  5.596774213699e-01   9.435336923842e-01
  6.912638535062e-01   8.787946899928e-01
  6.066285348481e-01   1.670938163566e-01
  4.616803202482e-01   7.745268216094e-01
  2.373103616578e-01   3.046867379609e-01
  2.121016779085e-01   9.091452733819e-01
  7.497028259198e-01   5.284238039260e-01
  6.823500293184e-01   6.522963130492e-01
  4.669716020822e-01   2.800108358148e-01
  6.943009094372e-01   8.155771095687e-01
  6.504333434855e-02   3.343349285580e-02
  6.226041778462e-01   3.955288464797e-02
  4.923150345584e-01   8.083486305191e-01
  3.265886506232e-01   8.072555845487e-01
  3.667000446841e-01   9.017237264433e-01
  7.839674893683e-02   5.959442607666e-01
  4.453647623022e-01   7.872323222375e-01
  7.632594832603e-01   9.352827926959e-01
  5.242425071819e-01   8.823167703971e-01
  9.968722959779e-02   6.647126947513e-01
  5.787875719561e-01   3.999831901363e-02
  6.934074727396e-01   5.104673776159e-01
  1.439029704272e-01   3.641810536993e-01
  8.852676390031e-01   1.708065095179e-01
  1.193767654058e-01   7.073487569064e-02
  2.587167872324e-01   6.443302925180e-01
  6.595587632846e-02   8.225165586924e-01
  9.940536499376e-01   7.146946651062e-01
  3.446754860461e-01   1.759834900226e-01
  6.106936810794e-01   4.553734714302e-01
  8.262546260351e-01   6.712684857584e-01
  4.698356360438e-01   5.779407923511e-01
  2.237031676679e-01   2.202788654078e-01
  1.563607987735e-01   7.348621284866e-01
  7.968175084394e-01   4.075910426133e-02
  2.941116222639e-01   3.699321722033e-01
  6.076437505558e-02   9.570312085270e-01
  2.471335727575e-01   7.990227763928e-02
  3.478879295258e-01   9.820621077364e-01
  9.686852200903e-01   2.465768819166e-01
  1.409497284341e-01   9.090407560704e-01
  4.317236804498e-01   2.247347920931e-01
  7.016308223849e-01   4.260194338873e-01
  5.906839064321e-01   8.094794059265e-01
  6.524273621459e-01   8.868302610343e-01
  1.820576649987e-01   7.339024833462e-01
  6.348697009378e-01   5.407315024378e-01
  7.434794130218e-01   7.832626197552e-01
  8.698309290963e-01   2.370369136932e-01
  9.128156063466e-01   2.743165774007e-01
  3.122216320837e-01   8.717365326367e-01
  7.497414049731e-01   3.254214112940e-01
  5.569729722844e-02   9.362085299582e-01
  1.107637839053e-01   3.640793464377e-01
  7.672226663334e-01   7.211344200784e-01
  7.669242641465e-01   5.743857905668e-01
  2.910865178615e-01   8.518073087669e-01
  3.380025883301e-01   5.346539489104e-01
  4.497841815954e-01   3.306396992331e-01
  4.704115150006e-01   4.076433434529e-01
  5.353711999590e-01   8.213223632661e-01
  7.515572941033e-01   4.457869303699e-01
  5.793492428922e-01   7.995557958049e-01
  1.844428736735e-01   2.458225245990e-01
  2.273464630811e-01   3.051984795877e-01
  9.007715403754e-01   3.853049275373e-01
  8.678056724323e-01   8.161524899409e-01
  3.833623827859e-01   8.622906907444e-01
  2.452161734066e-01   8.311658978115e-01
  3.783425340871e-01   7.331119545828e-01
  1.070600477325e-01   2.462909360069e-01
  8.858450775738e-01   8.583255303932e-01
  6.308032797320e-01   6.261549992309e-01
  1.824774681781e-01   9.351463311723e-01
  6.776536701197e-01   9.807968807051e-01
  8.481966743473e-01   8.511706926760e-01
  9.156036128534e-01   9.049852454766e-01
  9.822087387026e-01   2.435205052305e-01
  3.378784894616e-01   8.591927156052e-01
  6.767259082845e-01   7.863759910241e-01
  9.492492486683e-01   7.851265625689e-01
  2.810381791371e-01   8.414663377688e-01
  1.159283055721e-01   2.325005123622e-01
  5.249079966068e-01   9.897881736956e-01
  4.246901179974e-01   2.149205676799e-01
  7.857904316615e-01   5.516547984391e-01
  7.857954173469e-01   3.161906425112e-01
  1.858516454819e-01   8.915227159408e-01
  5.082285190324e-01   3.642554878550e-01
  8.841322482787e-01   2.429376072363e-01
  7.986734384209e-02   7.307337372290e-01
  9.604398703355e-01   7.106555559204e-01
  6.631717230931e-01   1.008243308784e-01
  5.650326548015e-01   5.265319209330e-01
  4.027798296856e-02   4.081605654362e-01
  3.237867056963e-01   5.851329333269e-01
  4.426189271343e-01   1.951916552499e-01
  9.378987793449e-01   9.159822822686e-02
  7.052773560611e-01   9.859569305589e-01
  4.262023992593e-01   6.304635050519e-01
  2.520982365448e-01   3.768743153732e-01
  2.132085182018e-01   1.595583025985e-01
  4.464399521725e-02   9.403388243907e-02
  4.019491845345e-01   3.595016324983e-01
  1.829461121546e-01   8.104564068705e-01
  4.236637655540e-01   1.269504767866e-01
  7.497536556586e-01   8.792292971386e-01
  5.423401279553e-01   5.877677916772e-01
  8.186162888287e-01   9.821732369562e-01
  9.879646073352e-01   8.362940119160e-01
  7.701295933720e-01   1.689997333784e-01
  1.124161218491e-01   7.927805538373e-01
  9.756325036203e-01   5.673246330828e-01
  2.073563081118e-01   3.778522601248e-01
  7.037434680162e-01   4.488507655252e-01
  3.749402595241e-01   4.706633765400e-01
  3.015391546737e-01   6.614684132795e-01
  1.147835001466e-01   7.983607268118e-01
  2.324888459127e-02   6.261075609346e-01
  6.282118649671e-01   7.346356078190e-01
  6.537861126153e-01   8.005220637418e-01
  3.980939503317e-01   3.241195257680e-01
  1.877064881472e-01   5.817953865380e-01
  9.284127520315e-01   5.721790450774e-01
  7.625774105503e-01   9.462067804193e-01
  6.414887359936e-02   1.802332495643e-01
  8.493897006656e-01   1.588057755256e-01
  7.855346484063e-01   3.825409964796e-01
  1.951196884570e-01   1.194033965187e-02
  6.422262542925e-02   9.922000397160e-01
  3.286333796554e-01   8.044922067271e-01
  7.966729962764e-01   5.376206973035e-01
  5.139816882538e-01   5.913304953125e-01
  4.021265632967e-01   2.096068096670e-01
  5.267771139540e-01   6.174566123327e-01
  3.423629409151e-01   7.263546744203e-01
  7.275231657706e-01   6.797758573848e-01
  2.942264644655e-01   9.946533793283e-01
  3.624155355029e-01   9.405246127777e-01
  1.598076819842e-01   5.639513759997e-01
  5.789647354917e-01   7.087283020730e-01
  9.479976920355e-01   2.971560268119e-01
  6.388499494787e-01   3.276229247484e-01
  5.502417594841e-01   3.537111594850e-01
  2.966893186336e-01   7.816262064912e-01
  6.248882901609e-01   3.135181673307e-01
  4.064155057629e-01   9.572986392579e-01
  4.322737689976e-01   6.007956288684e-01
  7.906679374805e-01   8.403222943946e-01
  8.900849191794e-01   7.752582791314e-01
  1.458220869969e-02   3.593383787703e-01
  8.871291034449e-02   5.986722425835e-01
  7.221356114132e-01   2.969573274194e-01
  9.948652426696e-01   9.274814169775e-01
  9.023836788861e-02   4.697311145135e-01
  3.258719441324e-02   8.914943950410e-01
  2.430310017798e-01   4.858724556438e-01
  7.253706117429e-01   8.514300601681e-02
  8.476899102717e-01   8.821361516325e-01
  7.443540191832e-01   7.352281476423e-02
  1.459874345765e-01   8.272867197071e-01
  2.504312199949e-01   2.522974445836e-02
  4.564057283680e-01   3.988857623033e-01
  6.782616198125e-01   2.530193667144e-01
  1.192421080941e-01   7.548456760270e-01
  6.800902825492e-01   3.233354601419e-01
  3.840372918965e-01   9.154308461372e-01
  3.606889805972e-01   1.153149340577e-01
  8.158895892938e-01   9.878461812989e-02
  1.964264338794e-01   9.169414961455e-01
  1.678012507675e-01   2.352890148174e-01
  2.810706941117e-02   4.265771031230e-02
  3.503776836642e-01   1.761709225448e-01
  4.197738838056e-01   4.842653044957e-01
  7.102347143366e-01   1.712071334340e-01
  3.599538451825e-01   9.610958218822e-01
  9.053547567391e-01   1.208922997986e-02
  1.275850682778e-02   3.603005924154e-01
  9.187651626153e-01   8.855553375696e-01
  4.881114006766e-02   3.007618910019e-01
  5.976112286894e-02   4.672745197332e-01
  9.193288262853e-01   5.808063639812e-01
  8.687866295945e-02   2.933036399637e-01
  8.494113016058e-02   7.791393405927e-01
  5.140237503752e-01   1.311317219784e-01
  8.959004208611e-01   4.292619457164e-01
  2.806253912243e-02   4.041624640327e-01
  4.942123764116e-01   2.225207019040e-01
  7.607243265839e-01   1.348242275775e-01
  2.046519765059e-01   5.822289314143e-01
  6.170702234246e-01   3.554564452046e-01
  9.422405259778e-02   9.901984117977e-01
  5.725775231626e-01   3.400431382930e-01
  7.567563603369e-01   5.274023899984e-01
  3.540544477958e-01   3.362519462841e-01
  8.513502719324e-01   1.871821084310e-01
  6.554908282678e-01   5.476068678644e-01
  7.657482199229e-01   3.606001744312e-01
  7.535492599855e-01   6.411665049112e-01
  4.285415574809e-01   8.847876851043e-01
  7.985008103020e-02   9.804149806217e-02
  1.269953489543e-01   7.134785116061e-01
  8.194093384166e-01   6.690671803350e-01
  8.494962935332e-01   3.140832420515e-01
  7.777896553938e-01   4.818631983033e-01
  7.700761332515e-01   4.749673408928e-01
  9.013761477620e-01   7.224634539331e-01
  3.082102141967e-01   3.966824946300e-02
  8.078647120534e-01   3.469234622552e-01
  6.766577862230e-01   4.955538405441e-01
  8.896940492892e-01   2.908591857950e-01
  6.722854710876e-02   2.651732103084e-01
  9.439406694331e-01   2.926480397125e-01
  9.852363195912e-01   9.087581902536e-01
  2.354719051788e-01   7.217634130510e-01
  5.983984916902e-01   2.242952096813e-01
  1.656244376822e-01   9.254786070633e-01
