# DNNF90 training history: one row per validation event
#  1:epoch  2:patience
#  3:cost_train    4:cost_val    5:cost_input   (per point;
#    the composite objective, Loss_term weights applied --
#    the same sum the optimizer descends)
#  6:cost_train_f  7:cost_train_df  8:cost_val_f  9:cost_val_df
# 10:cost_input_f 11:cost_input_df
# 12:rmse_train_f 13:rmse_train_df 14:rmse_val_f 15:rmse_val_df
# 16:rmse_input_f 17:rmse_input_df
# 18:mae_train_f  19:mae_train_df  20:mae_val_f  21:mae_val_df
# 22:mae_input_f  23:mae_input_df
# 24..: the same 21 metrics for each loss term in turn (2 terms: columns 24-44 are term 1, 45-65 term 2, ...)
1  0    0.22351E+00    0.64876E-01    0.20909E+00    0.22023E+00    0.32864E-01    0.62506E-01    0.23699E-01    0.20589E+00    0.32031E-01    0.88538E+00    0.25637E+00    0.81012E+00    0.21771E+00    0.87881E+00    0.25310E+00    0.68901E+00    0.12962E+00    0.57860E+00    0.16107E+00    0.67897E+00    0.13248E+00    0.38864E+00    0.18752E+00    0.37746E+00    0.38864E+00    0.00000E+00    0.18752E+00    0.00000E+00    0.37746E+00    0.00000E+00    0.88163E+00    0.00000E+00    0.61240E+00    0.00000E+00    0.86886E+00    0.00000E+00    0.66787E+00    0.00000E+00    0.42925E+00    0.00000E+00    0.65461E+00    0.00000E+00    0.75839E-02    0.35549E-02    0.70467E-02    0.00000E+00    0.75839E-01    0.00000E+00    0.35549E-01    0.00000E+00    0.70467E-01    0.89027E+00    0.38946E+00    0.89271E+00    0.26664E+00    0.89059E+00    0.37541E+00    0.71665E+00    0.29911E+00    0.65328E+00    0.24161E+00    0.70820E+00    0.29145E+00
100  0    0.25839E-01    0.14350E-01    0.24795E-01    0.25323E-01    0.51607E-02    0.13410E-01    0.94014E-02    0.24240E-01    0.55462E-02    0.28908E+00    0.10159E+00    0.29190E+00    0.13712E+00    0.28934E+00    0.10532E+00    0.25333E+00    0.54249E-01    0.25262E+00    0.91507E-01    0.25327E+00    0.57636E-01    0.44688E-01    0.40230E-01    0.44440E-01    0.44688E-01    0.00000E+00    0.40230E-01    0.00000E+00    0.44440E-01    0.00000E+00    0.29896E+00    0.00000E+00    0.28365E+00    0.00000E+00    0.29813E+00    0.00000E+00    0.26114E+00    0.00000E+00    0.24051E+00    0.00000E+00    0.25999E+00    0.00000E+00    0.11909E-02    0.14102E-02    0.12202E-02    0.00000E+00    0.11909E-01    0.00000E+00    0.14102E-01    0.00000E+00    0.12202E-01    0.27564E+00    0.15433E+00    0.29594E+00    0.16794E+00    0.27843E+00    0.15622E+00    0.24312E+00    0.12519E+00    0.25867E+00    0.13726E+00    0.24520E+00    0.12680E+00
200  0    0.14936E-01    0.11064E-01    0.14584E-01    0.13988E-01    0.94773E-02    0.91652E-02    0.18987E-01    0.13550E-01    0.10342E-01    0.22313E+00    0.13768E+00    0.24410E+00    0.19487E+00    0.22512E+00    0.14382E+00    0.19290E+00    0.77889E-01    0.20884E+00    0.14416E+00    0.19435E+00    0.83914E-01    0.24685E-01    0.27496E-01    0.24841E-01    0.24685E-01    0.00000E+00    0.27496E-01    0.00000E+00    0.24841E-01    0.00000E+00    0.22219E+00    0.00000E+00    0.23450E+00    0.00000E+00    0.22290E+00    0.00000E+00    0.19110E+00    0.00000E+00    0.19598E+00    0.00000E+00    0.19137E+00    0.00000E+00    0.21871E-02    0.28481E-02    0.22752E-02    0.00000E+00    0.21871E-01    0.00000E+00    0.28481E-01    0.00000E+00    0.22752E-01    0.22436E+00    0.20914E+00    0.24876E+00    0.23867E+00    0.22776E+00    0.21332E+00    0.19526E+00    0.17974E+00    0.21526E+00    0.21625E+00    0.19793E+00    0.18461E+00
300  0    0.63769E-02    0.80923E-02    0.65328E-02    0.50902E-02    0.12866E-01    0.51625E-02    0.29298E-01    0.50968E-02    0.14360E-01    0.14893E+00    0.16041E+00    0.19004E+00    0.24207E+00    0.15313E+00    0.16947E+00    0.12026E+00    0.87284E-01    0.14941E+00    0.17556E+00    0.12291E+00    0.95309E-01    0.89828E-02    0.15487E-01    0.93441E-02    0.89828E-02    0.00000E+00    0.15487E-01    0.00000E+00    0.93441E-02    0.00000E+00    0.13404E+00    0.00000E+00    0.17600E+00    0.00000E+00    0.13671E+00    0.00000E+00    0.11093E+00    0.00000E+00    0.13716E+00    0.00000E+00    0.11239E+00    0.00000E+00    0.29692E-02    0.43948E-02    0.31592E-02    0.00000E+00    0.29692E-01    0.00000E+00    0.43948E-01    0.00000E+00    0.31592E-01    0.16642E+00    0.24369E+00    0.19668E+00    0.29647E+00    0.17076E+00    0.25137E+00    0.13247E+00    0.20143E+00    0.15553E+00    0.26334E+00    0.13554E+00    0.20968E+00
400  0    0.35235E-02    0.43402E-02    0.35978E-02    0.26377E-02    0.88585E-02    0.26656E-02    0.16746E-01    0.26402E-02    0.95756E-02    0.11221E+00    0.13311E+00    0.14382E+00    0.18301E+00    0.11544E+00    0.13839E+00    0.87302E-01    0.70794E-01    0.10844E+00    0.12844E+00    0.89224E-01    0.76035E-01    0.46548E-02    0.79968E-02    0.48404E-02    0.46548E-02    0.00000E+00    0.79968E-02    0.00000E+00    0.48404E-02    0.00000E+00    0.96486E-01    0.00000E+00    0.12647E+00    0.00000E+00    0.98391E-01    0.00000E+00    0.75664E-01    0.00000E+00    0.94689E-01    0.00000E+00    0.76721E-01    0.00000E+00    0.20443E-02    0.25119E-02    0.21066E-02    0.00000E+00    0.20443E-01    0.00000E+00    0.25119E-01    0.00000E+00    0.21066E-01    0.12992E+00    0.20220E+00    0.15175E+00    0.22414E+00    0.13304E+00    0.20526E+00    0.10252E+00    0.16337E+00    0.11532E+00    0.19267E+00    0.10423E+00    0.16728E+00
500  0    0.21835E-02    0.24345E-02    0.22063E-02    0.16286E-02    0.55496E-02    0.14853E-02    0.94924E-02    0.16155E-02    0.59080E-02    0.85329E-01    0.10535E+00    0.10554E+00    0.13779E+00    0.87360E-01    0.10870E+00    0.67381E-01    0.54916E-01    0.80339E-01    0.96670E-01    0.68559E-01    0.58712E-01    0.28739E-02    0.44559E-02    0.29618E-02    0.28739E-02    0.00000E+00    0.44559E-02    0.00000E+00    0.29618E-02    0.00000E+00    0.75815E-01    0.00000E+00    0.94402E-01    0.00000E+00    0.76965E-01    0.00000E+00    0.59745E-01    0.00000E+00    0.70184E-01    0.00000E+00    0.60325E-01    0.00000E+00    0.12807E-02    0.14239E-02    0.12998E-02    0.00000E+00    0.12807E-01    0.00000E+00    0.14239E-01    0.00000E+00    0.12998E-01    0.96365E-01    0.16004E+00    0.11069E+00    0.16875E+00    0.98395E-01    0.16123E+00    0.77367E-01    0.12673E+00    0.85417E-01    0.14501E+00    0.78440E-01    0.12917E+00
600  0    0.14155E-02    0.13886E-02    0.14131E-02    0.10433E-02    0.37223E-02    0.84967E-03    0.53893E-02    0.10257E-02    0.38738E-02    0.66374E-01    0.86282E-01    0.79721E-01    0.10382E+00    0.67696E-01    0.88020E-01    0.52468E-01    0.45354E-01    0.62936E-01    0.75665E-01    0.53420E-01    0.48110E-01    0.18412E-02    0.25490E-02    0.18805E-02    0.18412E-02    0.00000E+00    0.25490E-02    0.00000E+00    0.18805E-02    0.00000E+00    0.60682E-01    0.00000E+00    0.71400E-01    0.00000E+00    0.61327E-01    0.00000E+00    0.47815E-01    0.00000E+00    0.57604E-01    0.00000E+00    0.48359E-01    0.00000E+00    0.85898E-03    0.80839E-03    0.85224E-03    0.00000E+00    0.85898E-02    0.00000E+00    0.80839E-02    0.00000E+00    0.85224E-02    0.73152E-01    0.13107E+00    0.83571E-01    0.12715E+00    0.74625E-01    0.13056E+00    0.58553E-01    0.10466E+00    0.65602E-01    0.11350E+00    0.59493E-01    0.10584E+00
700  0    0.96338E-03    0.89701E-03    0.95735E-03    0.69627E-03    0.26711E-02    0.53763E-03    0.35938E-02    0.68185E-03    0.27550E-02    0.53449E-01    0.73090E-01    0.63012E-01    0.84780E-01    0.54388E-01    0.74229E-01    0.41913E-01    0.38405E-01    0.50931E-01    0.63238E-01    0.42732E-01    0.40663E-01    0.12287E-02    0.16129E-02    0.12501E-02    0.12287E-02    0.00000E+00    0.16129E-02    0.00000E+00    0.12501E-02    0.00000E+00    0.49572E-01    0.00000E+00    0.56796E-01    0.00000E+00    0.50001E-01    0.00000E+00    0.38774E-01    0.00000E+00    0.48656E-01    0.00000E+00    0.39323E-01    0.00000E+00    0.61640E-03    0.53908E-03    0.60609E-03    0.00000E+00    0.61640E-02    0.00000E+00    0.53908E-02    0.00000E+00    0.60609E-02    0.58131E-01    0.11103E+00    0.65900E-01    0.10383E+00    0.59225E-01    0.11010E+00    0.46017E-01    0.88627E-01    0.52069E-01    0.94857E-01    0.46824E-01    0.89458E-01
800  0    0.66946E-03    0.61360E-03    0.66438E-03    0.47125E-03    0.19821E-02    0.35489E-03    0.25871E-02    0.46067E-03    0.20371E-02    0.43669E-01    0.62962E-01    0.51105E-01    0.71932E-01    0.44397E-01    0.63830E-01    0.34111E-01    0.33107E-01    0.41565E-01    0.53751E-01    0.34788E-01    0.34983E-01    0.83161E-03    0.10647E-02    0.84456E-03    0.83161E-03    0.00000E+00    0.10647E-02    0.00000E+00    0.84456E-03    0.00000E+00    0.40783E-01    0.00000E+00    0.46145E-01    0.00000E+00    0.41099E-01    0.00000E+00    0.31783E-01    0.00000E+00    0.40577E-01    0.00000E+00    0.32272E-01    0.00000E+00    0.45742E-03    0.38806E-03    0.44817E-03    0.00000E+00    0.45742E-02    0.00000E+00    0.38806E-02    0.00000E+00    0.44817E-02    0.47179E-01    0.95647E-01    0.53413E-01    0.88098E-01    0.48057E-01    0.94675E-01    0.37154E-01    0.76400E-01    0.42058E-01    0.80626E-01    0.37808E-01    0.76963E-01
900  0    0.46558E-03    0.42587E-03    0.46197E-03    0.31834E-03    0.14724E-02    0.23477E-03    0.19110E-02    0.31074E-03    0.15123E-02    0.35773E-01    0.54267E-01    0.41877E-01    0.61822E-01    0.36370E-01    0.54996E-01    0.27933E-01    0.28494E-01    0.34158E-01    0.45270E-01    0.28499E-01    0.30019E-01    0.56177E-03    0.70432E-03    0.56969E-03    0.56177E-03    0.00000E+00    0.70432E-03    0.00000E+00    0.56969E-03    0.00000E+00    0.33519E-01    0.00000E+00    0.37532E-01    0.00000E+00    0.33755E-01    0.00000E+00    0.26087E-01    0.00000E+00    0.33413E-01    0.00000E+00    0.26494E-01    0.00000E+00    0.33979E-03    0.28665E-03    0.33271E-03    0.00000E+00    0.33979E-02    0.00000E+00    0.28665E-02    0.00000E+00    0.33271E-02    0.38521E-01    0.82437E-01    0.43889E-01    0.75717E-01    0.39279E-01    0.81573E-01    0.30348E-01    0.65755E-01    0.34531E-01    0.67904E-01    0.30905E-01    0.66042E-01
1000  0    0.32266E-03    0.30012E-03    0.32061E-03    0.21419E-03    0.10847E-02    0.15448E-03    0.14564E-02    0.20876E-03    0.11185E-02    0.29304E-01    0.46577E-01    0.34492E-01    0.53971E-01    0.29813E-01    0.47297E-01    0.22932E-01    0.24254E-01    0.28392E-01    0.38083E-01    0.23429E-01    0.25511E-01    0.37798E-03    0.46344E-03    0.38272E-03    0.37798E-03    0.00000E+00    0.46344E-03    0.00000E+00    0.38272E-03    0.00000E+00    0.27495E-01    0.00000E+00    0.30445E-01    0.00000E+00    0.27667E-01    0.00000E+00    0.21426E-01    0.00000E+00    0.27183E-01    0.00000E+00    0.21746E-01    0.00000E+00    0.25031E-03    0.21846E-03    0.24607E-03    0.00000E+00    0.25031E-02    0.00000E+00    0.21846E-02    0.00000E+00    0.24607E-02    0.31515E-01    0.70755E-01    0.36346E-01    0.66100E-01    0.32201E-01    0.70152E-01    0.24902E-01    0.55970E-01    0.28996E-01    0.57124E-01    0.25448E-01    0.56124E-01
1100  0    0.22513E-03    0.21934E-03    0.22461E-03    0.14487E-03    0.80257E-03    0.10201E-03    0.11733E-02    0.14098E-03    0.83627E-03    0.24115E-01    0.40064E-01    0.28625E-01    0.48442E-01    0.24559E-01    0.40897E-01    0.18976E-01    0.20587E-01    0.23819E-01    0.32423E-01    0.19416E-01    0.21663E-01    0.25566E-03    0.30603E-03    0.25846E-03    0.25566E-03    0.00000E+00    0.30603E-03    0.00000E+00    0.25846E-03    0.00000E+00    0.22612E-01    0.00000E+00    0.24740E-01    0.00000E+00    0.22736E-01    0.00000E+00    0.17685E-01    0.00000E+00    0.22082E-01    0.00000E+00    0.17929E-01    0.00000E+00    0.18521E-03    0.17600E-03    0.18398E-03    0.00000E+00    0.18521E-02    0.00000E+00    0.17600E-02    0.00000E+00    0.18398E-02    0.25948E-01    0.60862E-01    0.30382E-01    0.59329E-01    0.26582E-01    0.60660E-01    0.20665E-01    0.47508E-01    0.24687E-01    0.48635E-01    0.21201E-01    0.47658E-01
1200  0    0.16065E-03    0.16824E-03    0.16134E-03    0.99965E-04    0.60683E-03    0.68513E-04    0.99727E-03    0.97106E-04    0.64232E-03    0.20099E-01    0.34837E-01    0.24072E-01    0.44660E-01    0.20492E-01    0.35842E-01    0.15870E-01    0.17816E-01    0.20300E-01    0.28795E-01    0.16273E-01    0.18814E-01    0.17641E-03    0.20554E-03    0.17803E-03    0.17641E-03    0.00000E+00    0.20554E-03    0.00000E+00    0.17803E-03    0.00000E+00    0.18783E-01    0.00000E+00    0.20275E-01    0.00000E+00    0.18869E-01    0.00000E+00    0.14693E-01    0.00000E+00    0.18557E-01    0.00000E+00    0.14908E-01    0.00000E+00    0.14004E-03    0.14959E-03    0.14131E-03    0.00000E+00    0.14004E-02    0.00000E+00    0.14959E-02    0.00000E+00    0.14131E-02    0.21699E-01    0.52922E-01    0.25761E-01    0.54698E-01    0.22283E-01    0.53162E-01    0.17410E-01    0.41114E-01    0.21172E-01    0.43192E-01    0.17911E-01    0.41391E-01
1300  0    0.11849E-03    0.13464E-03    0.11995E-03    0.71179E-04    0.47306E-03    0.47296E-04    0.87344E-03    0.69008E-04    0.50945E-03    0.17071E-01    0.30759E-01    0.20592E-01    0.41796E-01    0.17420E-01    0.31920E-01    0.13533E-01    0.15701E-01    0.17440E-01    0.26260E-01    0.13888E-01    0.16661E-01    0.12561E-03    0.14189E-03    0.12652E-03    0.12561E-03    0.00000E+00    0.14189E-03    0.00000E+00    0.12652E-03    0.00000E+00    0.15850E-01    0.00000E+00    0.16846E-01    0.00000E+00    0.15907E-01    0.00000E+00    0.12366E-01    0.00000E+00    0.15639E-01    0.00000E+00    0.12548E-01    0.00000E+00    0.10917E-03    0.13102E-03    0.11208E-03    0.00000E+00    0.10917E-02    0.00000E+00    0.13102E-02    0.00000E+00    0.11208E-02    0.18547E-01    0.46726E-01    0.22230E-01    0.51189E-01    0.19079E-01    0.47345E-01    0.15059E-01    0.36232E-01    0.18340E-01    0.39389E-01    0.15497E-01    0.36653E-01
1400  0    0.90575E-04    0.11120E-03    0.92450E-04    0.52515E-04    0.38060E-03    0.33734E-04    0.77461E-03    0.50808E-04    0.41642E-03    0.14794E-01    0.27590E-01    0.17926E-01    0.39360E-01    0.15106E-01    0.28859E-01    0.11775E-01    0.14039E-01    0.15120E-01    0.24453E-01    0.12079E-01    0.14986E-01    0.92674E-04    0.10120E-03    0.93148E-04    0.92674E-04    0.00000E+00    0.10120E-03    0.00000E+00    0.93148E-04    0.00000E+00    0.13614E-01    0.00000E+00    0.14227E-01    0.00000E+00    0.13649E-01    0.00000E+00    0.10697E-01    0.00000E+00    0.13258E-01    0.00000E+00    0.10839E-01    0.00000E+00    0.87831E-04    0.11619E-03    0.91612E-04    0.00000E+00    0.87831E-03    0.00000E+00    0.11619E-02    0.00000E+00    0.91612E-03    0.16208E-01    0.41912E-01    0.19514E-01    0.48206E-01    0.16687E-01    0.42805E-01    0.13186E-01    0.32397E-01    0.16050E-01    0.36680E-01    0.13568E-01    0.32968E-01
1500  0    0.71538E-04    0.93863E-04    0.73568E-04    0.40067E-04    0.31472E-03    0.24861E-04    0.69002E-03    0.38684E-04    0.34883E-03    0.13053E-01    0.25088E-01    0.15841E-01    0.37149E-01    0.13331E-01    0.26413E-01    0.10407E-01    0.12754E-01    0.13226E-01    0.22853E-01    0.10664E-01    0.13673E-01    0.70706E-04    0.74583E-04    0.70921E-04    0.70706E-04    0.00000E+00    0.74583E-04    0.00000E+00    0.70921E-04    0.00000E+00    0.11892E-01    0.00000E+00    0.12213E-01    0.00000E+00    0.11910E-01    0.00000E+00    0.94035E-02    0.00000E+00    0.11328E-01    0.00000E+00    0.95104E-02    0.00000E+00    0.72627E-04    0.10350E-03    0.76744E-04    0.00000E+00    0.72627E-03    0.00000E+00    0.10350E-02    0.00000E+00    0.76744E-03    0.14431E-01    0.38112E-01    0.17374E-01    0.45498E-01    0.14857E-01    0.39177E-01    0.11720E-01    0.29433E-01    0.14175E-01    0.34280E-01    0.12048E-01    0.30080E-01
1600  0    0.58038E-04    0.80401E-04    0.60071E-04    0.31458E-04    0.26581E-03    0.18865E-04    0.61536E-03    0.30313E-04    0.29758E-03    0.11683E-01    0.23057E-01    0.14167E-01    0.35082E-01    0.11930E-01    0.24396E-01    0.93385E-02    0.11702E-01    0.11773E-01    0.21413E-01    0.95598E-02    0.12585E-01    0.55514E-04    0.56595E-04    0.55574E-04    0.55514E-04    0.00000E+00    0.56595E-04    0.00000E+00    0.55574E-04    0.00000E+00    0.10537E-01    0.00000E+00    0.10639E-01    0.00000E+00    0.10543E-01    0.00000E+00    0.83900E-02    0.00000E+00    0.97629E-02    0.00000E+00    0.84663E-02    0.00000E+00    0.61340E-04    0.92304E-04    0.65469E-04    0.00000E+00    0.61340E-03    0.00000E+00    0.92304E-03    0.00000E+00    0.65469E-03    0.13031E-01    0.35026E-01    0.15635E-01    0.42966E-01    0.13408E-01    0.36185E-01    0.10579E-01    0.27004E-01    0.12778E-01    0.32120E-01    0.10872E-01    0.27686E-01
1700  0    0.48079E-04    0.69551E-04    0.50031E-04    0.25280E-04    0.22800E-03    0.14669E-04    0.54883E-03    0.24315E-04    0.25716E-03    0.10573E-01    0.21354E-01    0.12784E-01    0.33131E-01    0.10793E-01    0.22679E-01    0.84683E-02    0.10839E-01    0.10667E-01    0.20126E-01    0.86681E-02    0.11683E-01    0.44611E-04    0.44006E-04    0.44578E-04    0.44611E-04    0.00000E+00    0.44006E-04    0.00000E+00    0.44578E-04    0.00000E+00    0.94458E-02    0.00000E+00    0.93815E-02    0.00000E+00    0.94422E-02    0.00000E+00    0.75606E-02    0.00000E+00    0.84855E-02    0.00000E+00    0.76120E-02    0.00000E+00    0.52614E-04    0.82324E-04    0.56576E-04    0.00000E+00    0.52614E-03    0.00000E+00    0.82324E-03    0.00000E+00    0.56576E-03    0.11887E-01    0.32439E-01    0.14183E-01    0.40577E-01    0.12218E-01    0.33638E-01    0.96552E-02    0.25012E-01    0.11757E-01    0.30188E-01    0.99355E-02    0.25703E-01
1800  0    0.40471E-04    0.60588E-04    0.42299E-04    0.20695E-04    0.19776E-03    0.11634E-04    0.48955E-03    0.19871E-04    0.22428E-03    0.96482E-02    0.19888E-01    0.11615E-01    0.31291E-01    0.98432E-02    0.21179E-01    0.77533E-02    0.10056E-01    0.97474E-02    0.18986E-01    0.79346E-02    0.10868E-01    0.36520E-04    0.34901E-04    0.36430E-04    0.36520E-04    0.00000E+00    0.34901E-04    0.00000E+00    0.36430E-04    0.00000E+00    0.85464E-02    0.00000E+00    0.83547E-02    0.00000E+00    0.85358E-02    0.00000E+00    0.68754E-02    0.00000E+00    0.74327E-02    0.00000E+00    0.69064E-02    0.00000E+00    0.45636E-04    0.73432E-04    0.49342E-04    0.00000E+00    0.45636E-03    0.00000E+00    0.73432E-03    0.00000E+00    0.49342E-03    0.10923E-01    0.30211E-01    0.12941E-01    0.38323E-01    0.11213E-01    0.31414E-01    0.89014E-02    0.23207E-01    0.10905E-01    0.28480E-01    0.91685E-02    0.23910E-01
1900  0    0.34489E-04    0.53072E-04    0.36178E-04    0.17194E-04    0.17295E-03    0.93747E-05    0.43697E-03    0.16483E-04    0.19695E-03    0.88610E-02    0.18598E-01    0.10609E-01    0.29563E-01    0.90339E-02    0.19847E-01    0.71454E-02    0.93626E-02    0.89692E-02    0.17911E-01    0.73112E-02    0.10140E-01    0.30342E-04    0.28124E-04    0.30218E-04    0.30342E-04    0.00000E+00    0.28124E-04    0.00000E+00    0.30218E-04    0.00000E+00    0.77899E-02    0.00000E+00    0.74999E-02    0.00000E+00    0.77741E-02    0.00000E+00    0.62837E-02    0.00000E+00    0.65548E-02    0.00000E+00    0.62988E-02    0.00000E+00    0.39912E-04    0.65546E-04    0.43330E-04    0.00000E+00    0.39912E-03    0.00000E+00    0.65546E-03    0.00000E+00    0.43330E-03    0.10091E-01    0.28253E-01    0.11862E-01    0.36207E-01    0.10345E-01    0.29438E-01    0.82721E-02    0.21606E-01    0.10176E-01    0.26867E-01    0.85260E-02    0.22308E-01
2000  0    0.29679E-04    0.46713E-04    0.31228E-04    0.14457E-04    0.15223E-03    0.76535E-05    0.39060E-03    0.13838E-04    0.17390E-03    0.81792E-02    0.17449E-01    0.97324E-02    0.27950E-01    0.83324E-02    0.18649E-01    0.66129E-02    0.87551E-02    0.82743E-02    0.16898E-01    0.67640E-02    0.94954E-02    0.25512E-04    0.22960E-04    0.25370E-04    0.25512E-04    0.00000E+00    0.22960E-04    0.00000E+00    0.25370E-04    0.00000E+00    0.71431E-02    0.00000E+00    0.67765E-02    0.00000E+00    0.71232E-02    0.00000E+00    0.57691E-02    0.00000E+00    0.58138E-02    0.00000E+00    0.57715E-02    0.00000E+00    0.35129E-04    0.58589E-04    0.38257E-04    0.00000E+00    0.35129E-03    0.00000E+00    0.58589E-03    0.00000E+00    0.38257E-03    0.93628E-02    0.26506E-01    0.10914E-01    0.34231E-01    0.95841E-02    0.27661E-01    0.77165E-02    0.20204E-01    0.95046E-02    0.25347E-01    0.79549E-02    0.20890E-01
2100  0    0.25745E-04    0.41305E-04    0.27160E-04    0.12277E-04    0.13469E-03    0.63167E-05    0.34988E-03    0.11735E-04    0.15425E-03    0.75810E-02    0.16413E-01    0.89606E-02    0.26453E-01    0.77166E-02    0.17564E-01    0.61351E-02    0.82294E-02    0.76502E-02    0.15957E-01    0.62728E-02    0.89319E-02    0.21664E-04    0.18950E-04    0.21514E-04    0.21664E-04    0.00000E+00    0.18950E-04    0.00000E+00    0.21514E-04    0.00000E+00    0.65825E-02    0.00000E+00    0.61563E-02    0.00000E+00    0.65595E-02    0.00000E+00    0.53123E-02    0.00000E+00    0.51808E-02    0.00000E+00    0.53050E-02    0.00000E+00    0.31082E-04    0.52482E-04    0.33935E-04    0.00000E+00    0.31082E-03    0.00000E+00    0.52482E-03    0.00000E+00    0.33935E-03    0.87158E-02    0.24933E-01    0.10074E-01    0.32398E-01    0.89089E-02    0.26052E-01    0.72110E-02    0.18991E-01    0.88849E-02    0.23935E-01    0.74342E-02    0.19650E-01
2200  0    0.22484E-04    0.36687E-04    0.23775E-04    0.10513E-04    0.11971E-03    0.52628E-05    0.31424E-03    0.10036E-04    0.13739E-03    0.70505E-02    0.15473E-01    0.82763E-02    0.25069E-01    0.71706E-02    0.16577E-01    0.57131E-02    0.77657E-02    0.70870E-02    0.15165E-01    0.58380E-02    0.84384E-02    0.18553E-04    0.15788E-04    0.18399E-04    0.18553E-04    0.00000E+00    0.15788E-04    0.00000E+00    0.18399E-04    0.00000E+00    0.60915E-02    0.00000E+00    0.56193E-02    0.00000E+00    0.60662E-02    0.00000E+00    0.49093E-02    0.00000E+00    0.46345E-02    0.00000E+00    0.48940E-02    0.00000E+00    0.27625E-04    0.47136E-04    0.30226E-04    0.00000E+00    0.27625E-03    0.00000E+00    0.47136E-03    0.00000E+00    0.30226E-03    0.81358E-02    0.23505E-01    0.93251E-02    0.30704E-01    0.83043E-02    0.24587E-01    0.67643E-02    0.17921E-01    0.83133E-02    0.22747E-01    0.69709E-02    0.18564E-01
2300  0    0.19751E-04    0.32730E-04    0.20931E-04    0.90701E-05    0.10681E-03    0.44217E-05    0.28308E-03    0.86475E-05    0.12284E-03    0.65764E-02    0.14616E-01    0.76663E-02    0.23794E-01    0.66829E-02    0.15674E-01    0.53346E-02    0.73524E-02    0.65766E-02    0.14585E-01    0.54475E-02    0.80099E-02    0.16006E-04    0.13265E-04    0.15854E-04    0.16006E-04    0.00000E+00    0.13265E-04    0.00000E+00    0.15854E-04    0.00000E+00    0.56579E-02    0.00000E+00    0.51507E-02    0.00000E+00    0.56309E-02    0.00000E+00    0.45549E-02    0.00000E+00    0.41586E-02    0.00000E+00    0.45329E-02    0.00000E+00    0.24649E-04    0.42462E-04    0.27024E-04    0.00000E+00    0.24649E-03    0.00000E+00    0.42462E-03    0.00000E+00    0.27024E-03    0.76121E-02    0.22203E-01    0.86541E-02    0.29142E-01    0.77591E-02    0.23248E-01    0.63542E-02    0.16967E-01    0.77856E-02    0.21878E-01    0.65450E-02    0.17622E-01
2400  0    0.17442E-04    0.29325E-04    0.18522E-04    0.78767E-05    0.95653E-04    0.37438E-05    0.25581E-03    0.75010E-05    0.11021E-03    0.61499E-02    0.13831E-01    0.71201E-02    0.22619E-01    0.62444E-02    0.14847E-01    0.49946E-02    0.69751E-02    0.61434E-02    0.14025E-01    0.50990E-02    0.76160E-02    0.13900E-04    0.11231E-04    0.13752E-04    0.13900E-04    0.00000E+00    0.11231E-04    0.00000E+00    0.13752E-04    0.00000E+00    0.52726E-02    0.00000E+00    0.47395E-02    0.00000E+00    0.52444E-02    0.00000E+00    0.42378E-02    0.00000E+00    0.38339E-02    0.00000E+00    0.42154E-02    0.00000E+00    0.22074E-04    0.38372E-04    0.24247E-04    0.00000E+00    0.22074E-03    0.00000E+00    0.38372E-03    0.00000E+00    0.24247E-03    0.71363E-02    0.21011E-01    0.80507E-02    0.27703E-01    0.72649E-02    0.22021E-01    0.59841E-02    0.16096E-01    0.72981E-02    0.21038E-01    0.61593E-02    0.16755E-01
2500  0    0.15476E-04    0.26382E-04    0.16467E-04    0.68817E-05    0.85940E-04    0.31930E-05    0.23189E-03    0.65464E-05    0.99208E-04    0.57643E-02    0.13110E-01    0.66294E-02    0.21536E-01    0.58482E-02    0.14086E-01    0.46822E-02    0.66267E-02    0.57526E-02    0.13483E-01    0.47795E-02    0.72501E-02    0.12144E-04    0.95789E-05    0.12002E-04    0.12144E-04    0.00000E+00    0.95789E-05    0.00000E+00    0.12002E-04    0.00000E+00    0.49283E-02    0.00000E+00    0.43770E-02    0.00000E+00    0.48993E-02    0.00000E+00    0.39492E-02    0.00000E+00    0.35630E-02    0.00000E+00    0.39277E-02    0.00000E+00    0.19832E-04    0.34784E-04    0.21826E-04    0.00000E+00    0.19832E-03    0.00000E+00    0.34784E-03    0.00000E+00    0.21826E-03    0.67019E-02    0.19916E-01    0.75064E-02    0.26376E-01    0.68147E-02    0.20893E-01    0.56408E-02    0.15292E-01    0.68475E-02    0.20225E-01    0.58017E-02    0.15950E-01
2600  0    0.13791E-04    0.23825E-04    0.14703E-04    0.60462E-05    0.77446E-04    0.27424E-05    0.21082E-03    0.57459E-05    0.89571E-04    0.54140E-02    0.12446E-01    0.61872E-02    0.20534E-01    0.54888E-02    0.13384E-01    0.43966E-02    0.63045E-02    0.53946E-02    0.12959E-01    0.44873E-02    0.69095E-02    0.10670E-04    0.82271E-05    0.10534E-04    0.10670E-04    0.00000E+00    0.82271E-05    0.00000E+00    0.10534E-04    0.00000E+00    0.46195E-02    0.00000E+00    0.40564E-02    0.00000E+00    0.45900E-02    0.00000E+00    0.36863E-02    0.00000E+00    0.33227E-02    0.00000E+00    0.36661E-02    0.00000E+00    0.17872E-04    0.31623E-04    0.19706E-04    0.00000E+00    0.17872E-03    0.00000E+00    0.31623E-03    0.00000E+00    0.19706E-03    0.63037E-02    0.18906E-01    0.70140E-02    0.25149E-01    0.64029E-02    0.19852E-01    0.53254E-02    0.14549E-01    0.64305E-02    0.19439E-01    0.54728E-02    0.15201E-01
2700  0    0.12339E-04    0.21589E-04    0.13180E-04    0.53402E-05    0.69984E-04    0.23714E-05    0.19217E-03    0.50703E-05    0.81092E-04    0.50947E-02    0.11831E-01    0.57877E-02    0.19605E-01    0.51615E-02    0.12735E-01    0.41415E-02    0.60080E-02    0.50658E-02    0.12452E-01    0.42256E-02    0.65938E-02    0.94239E-05    0.71143E-05    0.92956E-05    0.94239E-05    0.00000E+00    0.71143E-05    0.00000E+00    0.92956E-05    0.00000E+00    0.43414E-02    0.00000E+00    0.37721E-02    0.00000E+00    0.43117E-02    0.00000E+00    0.34571E-02    0.00000E+00    0.31083E-02    0.00000E+00    0.34377E-02    0.00000E+00    0.16150E-04    0.28826E-04    0.17840E-04    0.00000E+00    0.16150E-03    0.00000E+00    0.28826E-03    0.00000E+00    0.17840E-03    0.59372E-02    0.17972E-01    0.65674E-02    0.24011E-01    0.60251E-02    0.18889E-01    0.50365E-02    0.13865E-01    0.60446E-02    0.18678E-01    0.51709E-02    0.14506E-01
2800  0    0.11080E-04    0.19622E-04    0.11857E-04    0.47401E-05    0.63400E-04    0.20644E-05    0.17558E-03    0.44968E-05    0.73598E-04    0.48026E-02    0.11261E-01    0.54256E-02    0.18739E-01    0.48626E-02    0.12132E-01    0.39074E-02    0.57321E-02    0.47633E-02    0.11961E-01    0.39852E-02    0.62984E-02    0.83648E-05    0.61932E-05    0.82442E-05    0.83648E-05    0.00000E+00    0.61932E-05    0.00000E+00    0.82442E-05    0.00000E+00    0.40902E-02    0.00000E+00    0.35194E-02    0.00000E+00    0.40606E-02    0.00000E+00    0.32511E-02    0.00000E+00    0.29156E-02    0.00000E+00    0.32324E-02    0.00000E+00    0.14631E-04    0.26337E-04    0.16192E-04    0.00000E+00    0.14631E-03    0.00000E+00    0.26337E-03    0.00000E+00    0.16192E-03    0.55991E-02    0.17106E-01    0.61614E-02    0.22951E-01    0.56773E-02    0.17995E-01    0.47657E-02    0.13228E-01    0.56871E-02    0.17942E-01    0.48886E-02    0.13856E-01
2900  0    0.99838E-05    0.17882E-04    0.10702E-04    0.42270E-05    0.57568E-04    0.18088E-05    0.16073E-03    0.40072E-05    0.66946E-04    0.45347E-02    0.10730E-01    0.50967E-02    0.17929E-01    0.45887E-02    0.11571E-01    0.36906E-02    0.54747E-02    0.44844E-02    0.11488E-01    0.37627E-02    0.60213E-02    0.74595E-05    0.54265E-05    0.73466E-05    0.74595E-05    0.00000E+00    0.54265E-05    0.00000E+00    0.73466E-05    0.00000E+00    0.38625E-02    0.00000E+00    0.32944E-02    0.00000E+00    0.38332E-02    0.00000E+00    0.30628E-02    0.00000E+00    0.27415E-02    0.00000E+00    0.30449E-02    0.00000E+00    0.13285E-04    0.24110E-04    0.14728E-04    0.00000E+00    0.13285E-03    0.00000E+00    0.24110E-03    0.00000E+00    0.14728E-03    0.52864E-02    0.16300E-01    0.57913E-02    0.21959E-01    0.53564E-02    0.17163E-01    0.45115E-02    0.12634E-01    0.53559E-02    0.17232E-01    0.46241E-02    0.13247E-01
3000  0    0.90244E-05    0.16334E-04    0.96889E-05    0.37861E-05    0.52382E-04    0.15950E-05    0.14739E-03    0.35870E-05    0.61020E-04    0.42883E-02    0.10235E-01    0.47972E-02    0.17169E-01    0.43371E-02    0.11047E-01    0.34895E-02    0.52345E-02    0.42269E-02    0.11032E-01    0.35565E-02    0.57615E-02    0.66814E-05    0.47850E-05    0.65761E-05    0.66814E-05    0.00000E+00    0.47850E-05    0.00000E+00    0.65761E-05    0.00000E+00    0.36555E-02    0.00000E+00    0.30935E-02    0.00000E+00    0.36266E-02    0.00000E+00    0.28905E-02    0.00000E+00    0.25832E-02    0.00000E+00    0.28735E-02    0.00000E+00    0.12088E-04    0.22109E-04    0.13424E-04    0.00000E+00    0.12088E-03    0.00000E+00    0.22109E-03    0.00000E+00    0.13424E-03    0.49964E-02    0.15549E-01    0.54530E-02    0.21028E-01    0.50596E-02    0.16386E-01    0.42727E-02    0.12080E-01    0.50487E-02    0.16548E-01    0.43762E-02    0.12675E-01
3100  0    0.81809E-05    0.14951E-04    0.87964E-05    0.34052E-05    0.47758E-04    0.14151E-05    0.13536E-03    0.32243E-05    0.55721E-04    0.40611E-02    0.97732E-02    0.45237E-02    0.16453E-01    0.41053E-02    0.10557E-01    0.33027E-02    0.50083E-02    0.39886E-02    0.10594E-01    0.33650E-02    0.55161E-02    0.60091E-05    0.42454E-05    0.59111E-05    0.60091E-05    0.00000E+00    0.42454E-05    0.00000E+00    0.59111E-05    0.00000E+00    0.34667E-02    0.00000E+00    0.29139E-02    0.00000E+00    0.34384E-02    0.00000E+00    0.27327E-02    0.00000E+00    0.24384E-02    0.00000E+00    0.27163E-02    0.00000E+00    0.11021E-04    0.20303E-04    0.12259E-04    0.00000E+00    0.11021E-03    0.00000E+00    0.20303E-03    0.00000E+00    0.12259E-03    0.47270E-02    0.14847E-01    0.51430E-02    0.20151E-01    0.47845E-02    0.15658E-01    0.40481E-02    0.11558E-01    0.47638E-02    0.15891E-01    0.41435E-02    0.12135E-01
3200  0    0.74364E-05    0.13710E-04    0.80067E-05    0.30742E-05    0.43622E-04    0.12630E-05    0.12447E-03    0.29095E-05    0.50971E-04    0.38511E-02    0.93405E-02    0.42732E-02    0.15778E-01    0.38914E-02    0.10097E-01    0.31307E-02    0.47915E-02    0.37679E-02    0.10174E-01    0.31886E-02    0.52808E-02    0.54250E-05    0.37891E-05    0.53342E-05    0.54250E-05    0.00000E+00    0.37891E-05    0.00000E+00    0.53342E-05    0.00000E+00    0.32939E-02    0.00000E+00    0.27528E-02    0.00000E+00    0.32662E-02    0.00000E+00    0.25907E-02    0.00000E+00    0.23054E-02    0.00000E+00    0.25749E-02    0.00000E+00    0.10067E-04    0.18670E-04    0.11214E-04    0.00000E+00    0.10067E-03    0.00000E+00    0.18670E-03    0.00000E+00    0.11214E-03    0.44763E-02    0.14189E-01    0.48582E-02    0.19323E-01    0.45291E-02    0.14976E-01    0.38368E-02    0.11057E-01    0.44991E-02    0.15261E-01    0.39251E-02    0.11618E-01
3300  0    0.67767E-05    0.12593E-04    0.73055E-05    0.27851E-05    0.39916E-04    0.11337E-05    0.11459E-03    0.26350E-05    0.46705E-04    0.36565E-02    0.89349E-02    0.40434E-02    0.15139E-01    0.36934E-02    0.96648E-02    0.29695E-02    0.45860E-02    0.35630E-02    0.97982E-02    0.30235E-02    0.50598E-02    0.49150E-05    0.34011E-05    0.48309E-05    0.49150E-05    0.00000E+00    0.34011E-05    0.00000E+00    0.48309E-05    0.00000E+00    0.31353E-02    0.00000E+00    0.26081E-02    0.00000E+00    0.31083E-02    0.00000E+00    0.24586E-02    0.00000E+00    0.21826E-02    0.00000E+00    0.24432E-02    0.00000E+00    0.92113E-05    0.17189E-04    0.10275E-04    0.00000E+00    0.92113E-04    0.00000E+00    0.17189E-03    0.00000E+00    0.10275E-03    0.42426E-02    0.13573E-01    0.45959E-02    0.18541E-01    0.42914E-02    0.14335E-01    0.36377E-02    0.10583E-01    0.42533E-02    0.14697E-01    0.37198E-02    0.11132E-01
3400  0    0.61903E-05    0.11586E-04    0.66808E-05    0.25314E-05    0.36589E-04    0.10231E-05    0.10563E-03    0.23943E-05    0.42865E-04    0.34758E-02    0.85544E-02    0.38318E-02    0.14535E-01    0.35096E-02    0.92591E-02    0.28189E-02    0.43899E-02    0.33726E-02    0.94470E-02    0.28692E-02    0.48496E-02    0.44672E-05    0.30694E-05    0.43895E-05    0.44672E-05    0.00000E+00    0.30694E-05    0.00000E+00    0.43895E-05    0.00000E+00    0.29890E-02    0.00000E+00    0.24777E-02    0.00000E+00    0.29629E-02    0.00000E+00    0.23361E-02    0.00000E+00    0.20687E-02    0.00000E+00    0.23212E-02    0.00000E+00    0.84436E-05    0.15845E-04    0.94304E-05    0.00000E+00    0.84436E-04    0.00000E+00    0.15845E-03    0.00000E+00    0.94304E-04    0.40244E-02    0.12995E-01    0.43537E-02    0.17801E-01    0.40698E-02    0.13733E-01    0.34501E-02    0.10131E-01    0.40245E-02    0.14170E-01    0.35267E-02    0.10669E-01
3500  0    0.56673E-05    0.10678E-04    0.61228E-05    0.23075E-05    0.33598E-04    0.92812E-06    0.97496E-04    0.21821E-05    0.39407E-04    0.33075E-02    0.81973E-02    0.36367E-02    0.13964E-01    0.33388E-02    0.88777E-02    0.26785E-02    0.42045E-02    0.31952E-02    0.91218E-02    0.27255E-02    0.46515E-02    0.40721E-05    0.27844E-05    0.40005E-05    0.40721E-05    0.00000E+00    0.27844E-05    0.00000E+00    0.40005E-05    0.00000E+00    0.28538E-02    0.00000E+00    0.23598E-02    0.00000E+00    0.28286E-02    0.00000E+00    0.22236E-02    0.00000E+00    0.19626E-02    0.00000E+00    0.22091E-02    0.00000E+00    0.77534E-05    0.14624E-04    0.86696E-05    0.00000E+00    0.77534E-04    0.00000E+00    0.14624E-03    0.00000E+00    0.86696E-04    0.38203E-02    0.12453E-01    0.41297E-02    0.17102E-01    0.38630E-02    0.13168E-01    0.32733E-02    0.97027E-02    0.38115E-02    0.13683E-01    0.33451E-02    0.10233E-01
3600  0    0.51997E-05    0.98572E-05    0.56231E-05    0.21090E-05    0.30907E-04    0.84601E-06    0.90112E-04    0.19942E-05    0.36290E-04    0.31505E-02    0.78622E-02    0.34564E-02    0.13425E-01    0.31795E-02    0.85193E-02    0.25476E-02    0.40271E-02    0.30297E-02    0.88033E-02    0.25914E-02    0.44613E-02    0.37218E-05    0.25380E-05    0.36560E-05    0.37218E-05    0.00000E+00    0.25380E-05    0.00000E+00    0.36560E-05    0.00000E+00    0.27283E-02    0.00000E+00    0.22530E-02    0.00000E+00    0.27041E-02    0.00000E+00    0.21201E-02    0.00000E+00    0.18635E-02    0.00000E+00    0.21059E-02    0.00000E+00    0.71325E-05    0.13517E-04    0.79837E-05    0.00000E+00    0.71325E-04    0.00000E+00    0.13517E-03    0.00000E+00    0.79837E-04    0.36293E-02    0.11944E-01    0.39220E-02    0.16442E-01    0.36697E-02    0.12636E-01    0.31066E-02    0.92934E-02    0.36128E-02    0.13205E-01    0.31741E-02    0.98149E-02
3700  0    0.47806E-05    0.91160E-05    0.51747E-05    0.19322E-05    0.28484E-04    0.77468E-06    0.83413E-04    0.18270E-05    0.33477E-04    0.30038E-02    0.75477E-02    0.32893E-02    0.12916E-01    0.30308E-02    0.81826E-02    0.24243E-02    0.38604E-02    0.28751E-02    0.84934E-02    0.24653E-02    0.42815E-02    0.34097E-05    0.23240E-05    0.33494E-05    0.34097E-05    0.00000E+00    0.23240E-05    0.00000E+00    0.33494E-05    0.00000E+00    0.26114E-02    0.00000E+00    0.21559E-02    0.00000E+00    0.25882E-02    0.00000E+00    0.20230E-02    0.00000E+00    0.17706E-02    0.00000E+00    0.20090E-02    0.00000E+00    0.65732E-05    0.12512E-04    0.73650E-05    0.00000E+00    0.65732E-04    0.00000E+00    0.12512E-03    0.00000E+00    0.73650E-04    0.34501E-02    0.11466E-01    0.37290E-02    0.15819E-01    0.34886E-02    0.12137E-01    0.29491E-02    0.89085E-02    0.34273E-02    0.12740E-01    0.30129E-02    0.94194E-02
3800  0    0.44039E-05    0.84462E-05    0.47714E-05    0.17740E-05    0.26299E-04    0.71238E-06    0.77338E-04    0.16775E-05    0.30939E-04    0.28663E-02    0.72525E-02    0.31343E-02    0.12437E-01    0.28917E-02    0.78663E-02    0.23086E-02    0.37044E-02    0.27303E-02    0.81934E-02    0.23469E-02    0.41125E-02    0.31306E-05    0.21372E-05    0.30754E-05    0.31306E-05    0.00000E+00    0.21372E-05    0.00000E+00    0.30754E-05    0.00000E+00    0.25022E-02    0.00000E+00    0.20674E-02    0.00000E+00    0.24801E-02    0.00000E+00    0.19327E-02    0.00000E+00    0.16832E-02    0.00000E+00    0.19189E-02    0.00000E+00    0.60690E-05    0.11601E-04    0.68066E-05    0.00000E+00    0.60690E-04    0.00000E+00    0.11601E-03    0.00000E+00    0.68066E-04    0.32819E-02    0.11017E-01    0.35494E-02    0.15232E-01    0.33188E-02    0.11668E-01    0.28001E-02    0.85486E-02    0.32538E-02    0.12290E-01    0.28606E-02    0.90475E-02
3900  0    0.40647E-05    0.78409E-05    0.44080E-05    0.16319E-05    0.24328E-04    0.65771E-06    0.71832E-04    0.15434E-05    0.28646E-04    0.27372E-02    0.69754E-02    0.29902E-02    0.11986E-01    0.27612E-02    0.75692E-02    0.21995E-02    0.35573E-02    0.25944E-02    0.79041E-02    0.22354E-02    0.39525E-02    0.28799E-05    0.19731E-05    0.28295E-05    0.28799E-05    0.00000E+00    0.19731E-05    0.00000E+00    0.28295E-05    0.00000E+00    0.23999E-02    0.00000E+00    0.19865E-02    0.00000E+00    0.23789E-02    0.00000E+00    0.18480E-02    0.00000E+00    0.16008E-02    0.00000E+00    0.18343E-02    0.00000E+00    0.56141E-05    0.10775E-04    0.63022E-05    0.00000E+00    0.56141E-04    0.00000E+00    0.10775E-03    0.00000E+00    0.63022E-04    0.31238E-02    0.10596E-01    0.33821E-02    0.14680E-01    0.31595E-02    0.11227E-01    0.26591E-02    0.82093E-02    0.30913E-02    0.11856E-01    0.27167E-02    0.86955E-02
4000  0    0.37585E-05    0.72936E-05    0.40799E-05    0.15038E-05    0.22547E-04    0.60950E-06    0.66841E-04    0.14225E-05    0.26574E-04    0.26159E-02    0.67152E-02    0.28559E-02    0.11562E-01    0.26386E-02    0.72902E-02    0.20966E-02    0.34171E-02    0.24668E-02    0.76262E-02    0.21303E-02    0.37998E-02    0.26538E-05    0.18285E-05    0.26080E-05    0.26538E-05    0.00000E+00    0.18285E-05    0.00000E+00    0.26080E-05    0.00000E+00    0.23038E-02    0.00000E+00    0.19123E-02    0.00000E+00    0.22838E-02    0.00000E+00    0.17685E-02    0.00000E+00    0.15228E-02    0.00000E+00    0.17548E-02    0.00000E+00    0.52031E-05    0.10026E-04    0.58462E-05    0.00000E+00    0.52031E-04    0.00000E+00    0.10026E-03    0.00000E+00    0.58462E-04    0.29750E-02    0.10201E-01    0.32258E-02    0.14161E-01    0.30097E-02    0.10813E-01    0.25258E-02    0.78856E-02    0.29387E-02    0.11439E-01    0.25808E-02    0.83595E-02
4100  0    0.34816E-05    0.67983E-05    0.37831E-05    0.13880E-05    0.20936E-04    0.56679E-06    0.62315E-04    0.13133E-05    0.24698E-04    0.25017E-02    0.64709E-02    0.27308E-02    0.11164E-01    0.25234E-02    0.70282E-02    0.19994E-02    0.32849E-02    0.23465E-02    0.73600E-02    0.20310E-02    0.36554E-02    0.24493E-05    0.17004E-05    0.24077E-05    0.24493E-05    0.00000E+00    0.17004E-05    0.00000E+00    0.24077E-05    0.00000E+00    0.22133E-02    0.00000E+00    0.18441E-02    0.00000E+00    0.21944E-02    0.00000E+00    0.16931E-02    0.00000E+00    0.14488E-02    0.00000E+00    0.16796E-02    0.00000E+00    0.48314E-05    0.93473E-05    0.54335E-05    0.00000E+00    0.48314E-04    0.00000E+00    0.93473E-04    0.00000E+00    0.54335E-04    0.28349E-02    0.98300E-02    0.30798E-02    0.13673E-01    0.28688E-02    0.10425E-01    0.24000E-02    0.75805E-02    0.27953E-02    0.11040E-01    0.24527E-02    0.80418E-02
4200  0    0.32305E-05    0.63496E-05    0.35140E-05    0.12828E-05    0.19477E-04    0.52879E-06    0.58208E-04    0.12143E-05    0.22998E-04    0.23940E-02    0.62413E-02    0.26138E-02    0.10790E-01    0.24148E-02    0.67820E-02    0.19071E-02    0.31639E-02    0.22330E-02    0.71054E-02    0.19367E-02    0.35222E-02    0.22638E-05    0.15864E-05    0.22262E-05    0.22638E-05    0.00000E+00    0.15864E-05    0.00000E+00    0.22262E-05    0.00000E+00    0.21278E-02    0.00000E+00    0.17812E-02    0.00000E+00    0.21101E-02    0.00000E+00    0.16214E-02    0.00000E+00    0.13785E-02    0.00000E+00    0.16079E-02    0.00000E+00    0.44946E-05    0.87313E-05    0.50595E-05    0.00000E+00    0.44946E-04    0.00000E+00    0.87313E-04    0.00000E+00    0.50595E-04    0.27028E-02    0.94812E-02    0.29431E-02    0.13215E-01    0.27361E-02    0.10059E-01    0.22806E-02    0.73014E-02    0.26603E-02    0.10658E-01    0.23312E-02    0.77489E-02
4300  0    0.30024E-05    0.59426E-05    0.32697E-05    0.11871E-05    0.18153E-04    0.49485E-06    0.54478E-04    0.11242E-05    0.21455E-04    0.22923E-02    0.60254E-02    0.25045E-02    0.10438E-01    0.23124E-02    0.65505E-02    0.18190E-02    0.30512E-02    0.21258E-02    0.68623E-02    0.18469E-02    0.33977E-02    0.20949E-05    0.14845E-05    0.20610E-05    0.20949E-05    0.00000E+00    0.14845E-05    0.00000E+00    0.20610E-05    0.00000E+00    0.20469E-02    0.00000E+00    0.17231E-02    0.00000E+00    0.20303E-02    0.00000E+00    0.15528E-02    0.00000E+00    0.13115E-02    0.00000E+00    0.15394E-02    0.00000E+00    0.41891E-05    0.81716E-05    0.47201E-05    0.00000E+00    0.41891E-04    0.00000E+00    0.81716E-04    0.00000E+00    0.47201E-04    0.25782E-02    0.91532E-02    0.28150E-02    0.12784E-01    0.26110E-02    0.97160E-02    0.21672E-02    0.70412E-02    0.25329E-02    0.10293E-01    0.22160E-02    0.74748E-02
4400  0    0.27947E-05    0.55727E-05    0.30473E-05    0.10998E-05    0.16949E-04    0.46443E-06    0.51083E-04    0.10421E-05    0.20052E-04    0.21962E-02    0.58222E-02    0.24022E-02    0.10108E-01    0.22157E-02    0.63328E-02    0.17352E-02    0.29461E-02    0.20242E-02    0.66301E-02    0.17615E-02    0.32810E-02    0.19409E-05    0.13933E-05    0.19105E-05    0.19409E-05    0.00000E+00    0.13933E-05    0.00000E+00    0.19105E-05    0.00000E+00    0.19702E-02    0.00000E+00    0.16693E-02    0.00000E+00    0.19547E-02    0.00000E+00    0.14873E-02    0.00000E+00    0.12474E-02    0.00000E+00    0.14739E-02    0.00000E+00    0.39113E-05    0.76624E-05    0.44114E-05    0.00000E+00    0.39113E-04    0.00000E+00    0.76624E-04    0.00000E+00    0.44114E-04    0.24606E-02    0.88445E-02    0.26949E-02    0.12379E-01    0.24931E-02    0.93930E-02    0.20594E-02    0.67987E-02    0.24126E-02    0.99451E-02    0.21065E-02    0.72183E-02
4500  0    0.26053E-05    0.52358E-05    0.28444E-05    0.10201E-05    0.15853E-04    0.43708E-06    0.47987E-04    0.96705E-06    0.18774E-04    0.21053E-02    0.56307E-02    0.23063E-02    0.97967E-02    0.21243E-02    0.61276E-02    0.16556E-02    0.28495E-02    0.19289E-02    0.64083E-02    0.16805E-02    0.31730E-02    0.18001E-05    0.13112E-05    0.17729E-05    0.18001E-05    0.00000E+00    0.13112E-05    0.00000E+00    0.17729E-05    0.00000E+00    0.18974E-02    0.00000E+00    0.16194E-02    0.00000E+00    0.18830E-02    0.00000E+00    0.14251E-02    0.00000E+00    0.11893E-02    0.00000E+00    0.14120E-02    0.00000E+00    0.36583E-05    0.71981E-05    0.41302E-05    0.00000E+00    0.36583E-04    0.00000E+00    0.71981E-04    0.00000E+00    0.41302E-04    0.23495E-02    0.85537E-02    0.25821E-02    0.11998E-01    0.23818E-02    0.90887E-02    0.19571E-02    0.65757E-02    0.22987E-02    0.96125E-02    0.20026E-02    0.69806E-02
4600  0    0.24322E-05    0.49283E-05    0.26591E-05    0.94696E-06    0.14852E-04    0.41242E-06    0.45159E-04    0.89837E-06    0.17607E-04    0.20191E-02    0.54502E-02    0.22164E-02    0.95035E-02    0.20379E-02    0.59342E-02    0.15812E-02    0.27601E-02    0.18461E-02    0.61964E-02    0.16053E-02    0.30725E-02    0.16711E-05    0.12373E-05    0.16470E-05    0.16711E-05    0.00000E+00    0.12373E-05    0.00000E+00    0.16470E-05    0.00000E+00    0.18282E-02    0.00000E+00    0.15731E-02    0.00000E+00    0.18149E-02    0.00000E+00    0.13674E-02    0.00000E+00    0.11565E-02    0.00000E+00    0.13557E-02    0.00000E+00    0.34274E-05    0.67738E-05    0.38736E-05    0.00000E+00    0.34274E-04    0.00000E+00    0.67738E-04    0.00000E+00    0.38736E-04    0.22445E-02    0.82794E-02    0.24761E-02    0.11639E-01    0.22767E-02    0.88018E-02    0.18607E-02    0.63695E-02    0.21909E-02    0.92946E-02    0.19047E-02    0.67595E-02
4700  0    0.22737E-05    0.46469E-05    0.24894E-05    0.87991E-06    0.13938E-04    0.39014E-06    0.42568E-04    0.83539E-06    0.16541E-04    0.19376E-02    0.52798E-02    0.21320E-02    0.92269E-02    0.19560E-02    0.57516E-02    0.15102E-02    0.26786E-02    0.17673E-02    0.60060E-02    0.15336E-02    0.29811E-02    0.15528E-05    0.11704E-05    0.15315E-05    0.15528E-05    0.00000E+00    0.11704E-05    0.00000E+00    0.15315E-05    0.00000E+00    0.17623E-02    0.00000E+00    0.15300E-02    0.00000E+00    0.17502E-02    0.00000E+00    0.13124E-02    0.00000E+00    0.11248E-02    0.00000E+00    0.13019E-02    0.00000E+00    0.32164E-05    0.63851E-05    0.36389E-05    0.00000E+00    0.32164E-04    0.00000E+00    0.63851E-04    0.00000E+00    0.36389E-04    0.21453E-02    0.80205E-02    0.23765E-02    0.11301E-01    0.21776E-02    0.85310E-02    0.17690E-02    0.61814E-02    0.20885E-02    0.90090E-02    0.18116E-02    0.65585E-02
4800  0    0.21284E-05    0.43888E-05    0.23339E-05    0.81831E-06    0.13101E-04    0.36998E-06    0.40188E-04    0.77756E-06    0.15563E-04    0.18602E-02    0.51187E-02    0.20529E-02    0.89653E-02    0.18786E-02    0.55791E-02    0.14423E-02    0.26042E-02    0.16923E-02    0.58283E-02    0.14650E-02    0.28973E-02    0.14441E-05    0.11100E-05    0.14255E-05    0.14441E-05    0.00000E+00    0.11100E-05    0.00000E+00    0.14255E-05    0.00000E+00    0.16995E-02    0.00000E+00    0.14899E-02    0.00000E+00    0.16885E-02    0.00000E+00    0.12593E-02    0.00000E+00    0.10941E-02    0.00000E+00    0.12501E-02    0.00000E+00    0.30232E-05    0.60282E-05    0.34239E-05    0.00000E+00    0.30232E-04    0.00000E+00    0.60282E-04    0.00000E+00    0.34239E-04    0.20516E-02    0.77759E-02    0.22828E-02    0.10980E-01    0.20839E-02    0.82751E-02    0.16816E-02    0.60097E-02    0.19913E-02    0.87424E-02    0.17229E-02    0.63741E-02
4900  0    0.19949E-05    0.41514E-05    0.21910E-05    0.76168E-06    0.12333E-04    0.35172E-06    0.37997E-04    0.72441E-06    0.14666E-04    0.17869E-02    0.49664E-02    0.19786E-02    0.87174E-02    0.18052E-02    0.54159E-02    0.13787E-02    0.25329E-02    0.16210E-02    0.56605E-02    0.14007E-02    0.28172E-02    0.13441E-05    0.10552E-05    0.13281E-05    0.13441E-05    0.00000E+00    0.10552E-05    0.00000E+00    0.13281E-05    0.00000E+00    0.16396E-02    0.00000E+00    0.14527E-02    0.00000E+00    0.16298E-02    0.00000E+00    0.12088E-02    0.00000E+00    0.10650E-02    0.00000E+00    0.12008E-02    0.00000E+00    0.28460E-05    0.56995E-05    0.32265E-05    0.00000E+00    0.28460E-04    0.00000E+00    0.56995E-04    0.00000E+00    0.32265E-04    0.19630E-02    0.75445E-02    0.21947E-02    0.10677E-01    0.19954E-02    0.80330E-02    0.16009E-02    0.58452E-02    0.18990E-02    0.84908E-02    0.16406E-02    0.61979E-02
5000  0    0.18723E-05    0.39326E-05    0.20596E-05    0.70956E-06    0.11627E-04    0.33516E-06    0.35974E-04    0.67552E-06    0.13841E-04    0.17174E-02    0.48223E-02    0.19088E-02    0.84822E-02    0.17357E-02    0.52613E-02    0.13184E-02    0.24645E-02    0.15537E-02    0.54990E-02    0.13398E-02    0.27404E-02    0.12522E-05    0.10055E-05    0.12385E-05    0.12522E-05    0.00000E+00    0.10055E-05    0.00000E+00    0.12385E-05    0.00000E+00    0.15825E-02    0.00000E+00    0.14181E-02    0.00000E+00    0.15738E-02    0.00000E+00    0.11609E-02    0.00000E+00    0.10391E-02    0.00000E+00    0.11541E-02    0.00000E+00    0.26832E-05    0.53961E-05    0.30449E-05    0.00000E+00    0.26832E-04    0.00000E+00    0.53961E-04    0.00000E+00    0.30449E-04    0.18793E-02    0.73256E-02    0.21119E-02    0.10389E-01    0.19119E-02    0.78038E-02    0.15244E-02    0.56873E-02    0.18111E-02    0.82485E-02    0.15626E-02    0.60288E-02
5100  0    0.17594E-05    0.37304E-05    0.19386E-05    0.66158E-06    0.10978E-04    0.32013E-06    0.34102E-04    0.63054E-06    0.13081E-04    0.16515E-02    0.46858E-02    0.18434E-02    0.82586E-02    0.16699E-02    0.51148E-02    0.12607E-02    0.24010E-02    0.14895E-02    0.53431E-02    0.12815E-02    0.26685E-02    0.11675E-05    0.96040E-06    0.11560E-05    0.11675E-05    0.00000E+00    0.96040E-06    0.00000E+00    0.11560E-05    0.00000E+00    0.15281E-02    0.00000E+00    0.13859E-02    0.00000E+00    0.15205E-02    0.00000E+00    0.11149E-02    0.00000E+00    0.10137E-02    0.00000E+00    0.11093E-02    0.00000E+00    0.25335E-05    0.51154E-05    0.28777E-05    0.00000E+00    0.25335E-04    0.00000E+00    0.51154E-04    0.00000E+00    0.28777E-04    0.18002E-02    0.71183E-02    0.20339E-02    0.10115E-01    0.18331E-02    0.75865E-02    0.14515E-02    0.55408E-02    0.17274E-02    0.80147E-02    0.14883E-02    0.58707E-02
5200  0    0.16555E-05    0.35431E-05    0.18271E-05    0.61740E-06    0.10381E-04    0.30651E-06    0.32366E-04    0.58914E-06    0.12380E-04    0.15891E-02    0.45565E-02    0.17821E-02    0.80456E-02    0.16076E-02    0.49759E-02    0.12062E-02    0.23394E-02    0.14282E-02    0.51925E-02    0.12264E-02    0.25988E-02    0.10895E-05    0.91953E-06    0.10801E-05    0.10895E-05    0.00000E+00    0.91953E-06    0.00000E+00    0.10801E-05    0.00000E+00    0.14762E-02    0.00000E+00    0.13561E-02    0.00000E+00    0.14698E-02    0.00000E+00    0.10710E-02    0.00000E+00    0.98894E-03    0.00000E+00    0.10665E-02    0.00000E+00    0.23956E-05    0.48549E-05    0.27235E-05    0.00000E+00    0.23956E-04    0.00000E+00    0.48549E-04    0.00000E+00    0.27235E-04    0.17256E-02    0.69219E-02    0.19607E-02    0.98538E-02    0.17588E-02    0.73804E-02    0.13830E-02    0.53986E-02    0.16478E-02    0.77888E-02    0.14183E-02    0.57173E-02
5300  0    0.15598E-05    0.33693E-05    0.17243E-05    0.57674E-06    0.98302E-05    0.29415E-06    0.30751E-04    0.55105E-06    0.11732E-04    0.15300E-02    0.44340E-02    0.17246E-02    0.78424E-02    0.15487E-02    0.48440E-02    0.11541E-02    0.22810E-02    0.13696E-02    0.50469E-02    0.11737E-02    0.25324E-02    0.10178E-05    0.88246E-06    0.10103E-05    0.10178E-05    0.00000E+00    0.88246E-06    0.00000E+00    0.10103E-05    0.00000E+00    0.14267E-02    0.00000E+00    0.13285E-02    0.00000E+00    0.14215E-02    0.00000E+00    0.10289E-02    0.00000E+00    0.96472E-03    0.00000E+00    0.10253E-02    0.00000E+00    0.22685E-05    0.46127E-05    0.25811E-05    0.00000E+00    0.22685E-04    0.00000E+00    0.46127E-04    0.00000E+00    0.25811E-04    0.16553E-02    0.67357E-02    0.18918E-02    0.96049E-02    0.16888E-02    0.71848E-02    0.13178E-02    0.52638E-02    0.15720E-02    0.75704E-02    0.13517E-02    0.55713E-02
5400  0    0.14715E-05    0.32077E-05    0.16294E-05    0.53933E-06    0.93221E-05    0.28295E-06    0.29247E-04    0.51602E-06    0.11133E-04    0.14741E-02    0.43179E-02    0.16708E-02    0.76481E-02    0.14930E-02    0.47188E-02    0.11046E-02    0.22265E-02    0.13136E-02    0.49059E-02    0.11236E-02    0.24700E-02    0.95176E-06    0.84886E-06    0.94604E-06    0.95176E-06    0.00000E+00    0.84886E-06    0.00000E+00    0.94604E-06    0.00000E+00    0.13797E-02    0.00000E+00    0.13030E-02    0.00000E+00    0.13755E-02    0.00000E+00    0.98823E-03    0.00000E+00    0.94106E-03    0.00000E+00    0.98561E-03    0.00000E+00    0.21512E-05    0.43870E-05    0.24494E-05    0.00000E+00    0.21512E-04    0.00000E+00    0.43870E-04    0.00000E+00    0.24494E-04    0.15891E-02    0.65593E-02    0.18272E-02    0.93670E-02    0.16229E-02    0.69991E-02    0.12568E-02    0.51380E-02    0.14999E-02    0.73589E-02    0.12892E-02    0.54341E-02
5500  0    0.13902E-05    0.30570E-05    0.15417E-05    0.50493E-06    0.88528E-05    0.27280E-06    0.27842E-04    0.48383E-06    0.10579E-04    0.14213E-02    0.42078E-02    0.16205E-02    0.74622E-02    0.14405E-02    0.45998E-02    0.10578E-02    0.21775E-02    0.12601E-02    0.47747E-02    0.10762E-02    0.24136E-02    0.89106E-06    0.81841E-06    0.88702E-06    0.89106E-06    0.00000E+00    0.81841E-06    0.00000E+00    0.88702E-06    0.00000E+00    0.13350E-02    0.00000E+00    0.12794E-02    0.00000E+00    0.13319E-02    0.00000E+00    0.94950E-03    0.00000E+00    0.91796E-03    0.00000E+00    0.94775E-03    0.00000E+00    0.20430E-05    0.41764E-05    0.23274E-05    0.00000E+00    0.20430E-04    0.00000E+00    0.41764E-04    0.00000E+00    0.23274E-04    0.15268E-02    0.63921E-02    0.17666E-02    0.91393E-02    0.15609E-02    0.68226E-02    0.11994E-02    0.50249E-02    0.14312E-02    0.71621E-02    0.12303E-02    0.53099E-02
5600  0    0.13153E-05    0.29165E-05    0.14608E-05    0.47334E-06    0.84192E-05    0.26360E-06    0.26529E-04    0.45427E-06    0.10066E-04    0.13715E-02    0.41035E-02    0.15735E-02    0.72841E-02    0.13911E-02    0.44868E-02    0.10137E-02    0.21322E-02    0.12091E-02    0.46639E-02    0.10315E-02    0.23624E-02    0.83531E-06    0.79080E-06    0.83283E-06    0.83531E-06    0.00000E+00    0.79080E-06    0.00000E+00    0.83283E-06    0.00000E+00    0.12925E-02    0.00000E+00    0.12576E-02    0.00000E+00    0.12906E-02    0.00000E+00    0.91346E-03    0.00000E+00    0.89541E-03    0.00000E+00    0.91246E-03    0.00000E+00    0.19429E-05    0.39793E-05    0.22144E-05    0.00000E+00    0.19429E-04    0.00000E+00    0.39793E-04    0.00000E+00    0.22144E-04    0.14684E-02    0.62336E-02    0.17097E-02    0.89211E-02    0.15028E-02    0.66550E-02    0.11448E-02    0.49206E-02    0.13660E-02    0.69959E-02    0.11743E-02    0.51973E-02
5700  0    0.12462E-05    0.27850E-05    0.13861E-05    0.44435E-06    0.80182E-05    0.25525E-06    0.25298E-04    0.42716E-06    0.95891E-05    0.13246E-02    0.40046E-02    0.15296E-02    0.71131E-02    0.13446E-02    0.43793E-02    0.97220E-03    0.20883E-02    0.11604E-02    0.45558E-02    0.98931E-03    0.23126E-02    0.78415E-06    0.76575E-06    0.78313E-06    0.78415E-06    0.00000E+00    0.76575E-06    0.00000E+00    0.78313E-06    0.00000E+00    0.12523E-02    0.00000E+00    0.12375E-02    0.00000E+00    0.12515E-02    0.00000E+00    0.87959E-03    0.00000E+00    0.87342E-03    0.00000E+00    0.87925E-03    0.00000E+00    0.18504E-05    0.37947E-05    0.21096E-05    0.00000E+00    0.18504E-04    0.00000E+00    0.37947E-04    0.00000E+00    0.21096E-04    0.14136E-02    0.60834E-02    0.16564E-02    0.87117E-02    0.14483E-02    0.64955E-02    0.10933E-02    0.48192E-02    0.13039E-02    0.68337E-02    0.11214E-02    0.50878E-02
5800  0    0.11825E-05    0.26619E-05    0.13170E-05    0.41779E-06    0.76471E-05    0.24766E-06    0.24143E-04    0.40233E-06    0.91466E-05    0.12806E-02    0.39108E-02    0.14886E-02    0.69487E-02    0.13009E-02    0.42771E-02    0.93270E-03    0.20462E-02    0.11149E-02    0.44503E-02    0.94926E-03    0.22647E-02    0.73728E-06    0.74297E-06    0.73760E-06    0.73728E-06    0.00000E+00    0.74297E-06    0.00000E+00    0.73760E-06    0.00000E+00    0.12143E-02    0.00000E+00    0.12190E-02    0.00000E+00    0.12146E-02    0.00000E+00    0.84714E-03    0.00000E+00    0.85460E-03    0.00000E+00    0.84755E-03    0.00000E+00    0.17647E-05    0.36214E-05    0.20123E-05    0.00000E+00    0.17647E-04    0.00000E+00    0.36214E-04    0.00000E+00    0.20123E-04    0.13624E-02    0.59409E-02    0.16065E-02    0.85104E-02    0.13974E-02    0.63439E-02    0.10446E-02    0.47220E-02    0.12451E-02    0.66754E-02    0.10713E-02    0.49824E-02
5900  0    0.11238E-05    0.25464E-05    0.12531E-05    0.39348E-06    0.73032E-05    0.24073E-06    0.23057E-04    0.37959E-06    0.87353E-05    0.12393E-02    0.38218E-02    0.14503E-02    0.67907E-02    0.12600E-02    0.41798E-02    0.89558E-03    0.20059E-02    0.10739E-02    0.43472E-02    0.91179E-03    0.22187E-02    0.69438E-06    0.72218E-06    0.69592E-06    0.69438E-06    0.00000E+00    0.72218E-06    0.00000E+00    0.69592E-06    0.00000E+00    0.11785E-02    0.00000E+00    0.12018E-02    0.00000E+00    0.11798E-02    0.00000E+00    0.81617E-03    0.00000E+00    0.83646E-03    0.00000E+00    0.81730E-03    0.00000E+00    0.16854E-05    0.34585E-05    0.19218E-05    0.00000E+00    0.16854E-04    0.00000E+00    0.34585E-04    0.00000E+00    0.19218E-04    0.13147E-02    0.58058E-02    0.15597E-02    0.83168E-02    0.13500E-02    0.61996E-02    0.99942E-03    0.46289E-02    0.11926E-02    0.65209E-02    0.10252E-02    0.48812E-02
6000  0    0.10697E-05    0.24378E-05    0.11941E-05    0.37126E-06    0.69842E-05    0.23437E-06    0.22034E-04    0.35881E-06    0.83524E-05    0.12007E-02    0.37374E-02    0.14145E-02    0.66384E-02    0.12217E-02    0.40872E-02    0.86104E-03    0.19665E-02    0.10348E-02    0.42467E-02    0.87684E-03    0.21738E-02    0.65516E-06    0.70310E-06    0.65782E-06    0.65516E-06    0.00000E+00    0.70310E-06    0.00000E+00    0.65782E-06    0.00000E+00    0.11447E-02    0.00000E+00    0.11858E-02    0.00000E+00    0.11470E-02    0.00000E+00    0.78689E-03    0.00000E+00    0.81843E-03    0.00000E+00    0.78865E-03    0.00000E+00    0.16117E-05    0.33052E-05    0.18375E-05    0.00000E+00    0.16117E-04    0.00000E+00    0.33052E-04    0.00000E+00    0.18375E-04    0.12703E-02    0.56776E-02    0.15160E-02    0.81304E-02    0.13057E-02    0.60622E-02    0.95800E-03    0.45382E-02    0.11431E-02    0.63701E-02    0.98267E-03    0.47824E-02
6100  0    0.10198E-05    0.23356E-05    0.11394E-05    0.35096E-06    0.66880E-05    0.22849E-06    0.21071E-04    0.33983E-06    0.79955E-05    0.11647E-02    0.36573E-02    0.13810E-02    0.64916E-02    0.11860E-02    0.39989E-02    0.82849E-03    0.19278E-02    0.99756E-03    0.41486E-02    0.84386E-03    0.21297E-02    0.61934E-06    0.68548E-06    0.62302E-06    0.61934E-06    0.00000E+00    0.68548E-06    0.00000E+00    0.62302E-06    0.00000E+00    0.11130E-02    0.00000E+00    0.11709E-02    0.00000E+00    0.11163E-02    0.00000E+00    0.75914E-03    0.00000E+00    0.80050E-03    0.00000E+00    0.76144E-03    0.00000E+00    0.15434E-05    0.31606E-05    0.17590E-05    0.00000E+00    0.15434E-04    0.00000E+00    0.31606E-04    0.00000E+00    0.17590E-04    0.12290E-02    0.55559E-02    0.14749E-02    0.79506E-02    0.12645E-02    0.59313E-02    0.91917E-03    0.44487E-02    0.10961E-02    0.62229E-02    0.94276E-03    0.46853E-02
6200  0    0.97367E-06    0.22391E-05    0.10887E-05    0.33244E-06    0.64123E-05    0.22301E-06    0.20161E-04    0.32249E-06    0.76622E-05    0.11310E-02    0.35812E-02    0.13497E-02    0.63499E-02    0.11526E-02    0.39146E-02    0.79835E-03    0.18911E-02    0.96197E-03    0.40661E-02    0.81322E-03    0.20889E-02    0.58665E-06    0.66904E-06    0.59123E-06    0.58665E-06    0.00000E+00    0.66904E-06    0.00000E+00    0.59123E-06    0.00000E+00    0.10832E-02    0.00000E+00    0.11568E-02    0.00000E+00    0.10874E-02    0.00000E+00    0.73323E-03    0.00000E+00    0.78267E-03    0.00000E+00    0.73598E-03    0.00000E+00    0.14798E-05    0.30241E-05    0.16857E-05    0.00000E+00    0.14798E-04    0.00000E+00    0.30241E-04    0.00000E+00    0.16857E-04    0.11906E-02    0.54402E-02    0.14365E-02    0.77771E-02    0.12263E-02    0.58063E-02    0.88350E-03    0.43642E-02    0.10516E-02    0.60991E-02    0.90592E-03    0.45955E-02
6300  0    0.93107E-06    0.21479E-05    0.10417E-05    0.31553E-06    0.61554E-05    0.21785E-06    0.19301E-04    0.30665E-06    0.73504E-05    0.10997E-02    0.35087E-02    0.13202E-02    0.62130E-02    0.11215E-02    0.38342E-02    0.77100E-03    0.18566E-02    0.92838E-03    0.39888E-02    0.78530E-03    0.20504E-02    0.55682E-06    0.65356E-06    0.56220E-06    0.55682E-06    0.00000E+00    0.65356E-06    0.00000E+00    0.56220E-06    0.00000E+00    0.10553E-02    0.00000E+00    0.11433E-02    0.00000E+00    0.10604E-02    0.00000E+00    0.70935E-03    0.00000E+00    0.76495E-03    0.00000E+00    0.71244E-03    0.00000E+00    0.14205E-05    0.28951E-05    0.16171E-05    0.00000E+00    0.14205E-04    0.00000E+00    0.28951E-04    0.00000E+00    0.16171E-04    0.11551E-02    0.53300E-02    0.14004E-02    0.76094E-02    0.11907E-02    0.56870E-02    0.85161E-03    0.42844E-02    0.10101E-02    0.59832E-02    0.87274E-03    0.45109E-02
6400  0    0.89163E-06    0.20616E-05    0.99799E-06    0.30011E-06    0.59152E-05    0.21294E-06    0.18486E-04    0.29218E-06    0.70581E-05    0.10704E-02    0.34395E-02    0.12925E-02    0.60805E-02    0.10925E-02    0.37571E-02    0.74553E-03    0.18224E-02    0.90013E-03    0.39130E-02    0.75959E-03    0.20124E-02    0.52960E-06    0.63881E-06    0.53567E-06    0.52960E-06    0.00000E+00    0.63881E-06    0.00000E+00    0.53567E-06    0.00000E+00    0.10292E-02    0.00000E+00    0.11303E-02    0.00000E+00    0.10351E-02    0.00000E+00    0.68699E-03    0.00000E+00    0.75100E-03    0.00000E+00    0.69055E-03    0.00000E+00    0.13651E-05    0.27730E-05    0.15528E-05    0.00000E+00    0.13651E-04    0.00000E+00    0.27730E-04    0.00000E+00    0.15528E-04    0.11221E-02    0.52250E-02    0.13663E-02    0.74471E-02    0.11577E-02    0.55727E-02    0.82209E-03    0.42054E-02    0.97469E-03    0.58695E-02    0.84244E-03    0.44273E-02
6500  0    0.85505E-06    0.19796E-05    0.95728E-06    0.28601E-06    0.56903E-05    0.20820E-06    0.17714E-04    0.27894E-06    0.67834E-05    0.10432E-02    0.33735E-02    0.12662E-02    0.59522E-02    0.10654E-02    0.36833E-02    0.72146E-03    0.17885E-02    0.87413E-03    0.38388E-02    0.73534E-03    0.19749E-02    0.50473E-06    0.62459E-06    0.51139E-06    0.50473E-06    0.00000E+00    0.62459E-06    0.00000E+00    0.51139E-06    0.00000E+00    0.10047E-02    0.00000E+00    0.11177E-02    0.00000E+00    0.10113E-02    0.00000E+00    0.66577E-03    0.00000E+00    0.73905E-03    0.00000E+00    0.66984E-03    0.00000E+00    0.13131E-05    0.26571E-05    0.14923E-05    0.00000E+00    0.13131E-04    0.00000E+00    0.26571E-04    0.00000E+00    0.14923E-04    0.10915E-02    0.51247E-02    0.13342E-02    0.72899E-02    0.11269E-02    0.54632E-02    0.79428E-03    0.41274E-02    0.94168E-03    0.57582E-02    0.81394E-03    0.43448E-02
6600  0    0.82103E-06    0.19017E-05    0.91927E-06    0.27312E-06    0.54790E-05    0.20358E-06    0.16981E-04    0.26680E-06    0.65247E-05    0.10178E-02    0.33103E-02    0.12412E-02    0.58277E-02    0.10401E-02    0.36124E-02    0.69905E-03    0.17551E-02    0.84958E-03    0.37660E-02    0.71274E-03    0.19379E-02    0.48198E-06    0.61074E-06    0.48913E-06    0.48198E-06    0.00000E+00    0.61074E-06    0.00000E+00    0.48913E-06    0.00000E+00    0.98182E-03    0.00000E+00    0.11052E-02    0.00000E+00    0.98907E-03    0.00000E+00    0.64606E-03    0.00000E+00    0.72668E-03    0.00000E+00    0.65054E-03    0.00000E+00    0.12644E-05    0.25472E-05    0.14354E-05    0.00000E+00    0.12644E-04    0.00000E+00    0.25472E-04    0.00000E+00    0.14354E-04    0.10630E-02    0.50287E-02    0.13038E-02    0.71374E-02    0.10982E-02    0.53580E-02    0.76835E-03    0.40502E-02    0.91103E-03    0.56490E-02    0.78737E-03    0.42634E-02
6700  0    0.78930E-06    0.18274E-05    0.88367E-06    0.26130E-06    0.52800E-05    0.19904E-06    0.16284E-04    0.25564E-06    0.62803E-05    0.99402E-03    0.32496E-02    0.12172E-02    0.57068E-02    0.10163E-02    0.35441E-02    0.67799E-03    0.17240E-02    0.82737E-03    0.36946E-02    0.69157E-03    0.19031E-02    0.46112E-06    0.59711E-06    0.46868E-06    0.46112E-06    0.00000E+00    0.59711E-06    0.00000E+00    0.46868E-06    0.00000E+00    0.96034E-03    0.00000E+00    0.10928E-02    0.00000E+00    0.96817E-03    0.00000E+00    0.62765E-03    0.00000E+00    0.71394E-03    0.00000E+00    0.63244E-03    0.00000E+00    0.12185E-05    0.24426E-05    0.13817E-05    0.00000E+00    0.12185E-04    0.00000E+00    0.24426E-04    0.00000E+00    0.13817E-04    0.10364E-02    0.49365E-02    0.12749E-02    0.69894E-02    0.10713E-02    0.52567E-02    0.74382E-03    0.39784E-02    0.88408E-03    0.55420E-02    0.76252E-03    0.41869E-02
6800  1    0.10778E-05    0.20023E-05    0.11618E-05    0.53317E-06    0.54462E-05    0.42065E-06    0.15817E-04    0.52294E-06    0.63890E-05    0.14247E-02    0.33004E-02    0.15965E-02    0.56243E-02    0.14411E-02    0.35746E-02    0.11281E-02    0.17641E-02    0.13056E-02    0.36567E-02    0.11443E-02    0.19361E-02    0.94089E-06    0.12619E-05    0.95873E-06    0.94089E-06    0.00000E+00    0.12619E-05    0.00000E+00    0.95873E-06    0.00000E+00    0.13718E-02    0.00000E+00    0.15887E-02    0.00000E+00    0.13847E-02    0.00000E+00    0.11023E-02    0.00000E+00    0.14288E-02    0.00000E+00    0.11204E-02    0.00000E+00    0.12568E-05    0.23725E-05    0.14056E-05    0.00000E+00    0.12568E-04    0.00000E+00    0.23725E-04    0.00000E+00    0.14056E-04    0.14910E-02    0.50136E-02    0.16004E-02    0.68884E-02    0.15061E-02    0.53020E-02    0.11619E-02    0.40709E-02    0.12441E-02    0.54850E-02    0.11729E-02    0.42594E-02
6900  0    0.73190E-06    0.16883E-05    0.81885E-06    0.24043E-06    0.49147E-05    0.18985E-06    0.14985E-04    0.23583E-06    0.58302E-05    0.95037E-03    0.31352E-02    0.11715E-02    0.54745E-02    0.97255E-03    0.34147E-02    0.63925E-03    0.16705E-02    0.78813E-03    0.35564E-02    0.65278E-03    0.18419E-02    0.42428E-06    0.56954E-06    0.43235E-06    0.42428E-06    0.00000E+00    0.56954E-06    0.00000E+00    0.43235E-06    0.00000E+00    0.92117E-03    0.00000E+00    0.10673E-02    0.00000E+00    0.92989E-03    0.00000E+00    0.59405E-03    0.00000E+00    0.68441E-03    0.00000E+00    0.59907E-03    0.00000E+00    0.11342E-05    0.22477E-05    0.12826E-05    0.00000E+00    0.11342E-04    0.00000E+00    0.22477E-04    0.00000E+00    0.12826E-04    0.98725E-03    0.47627E-02    0.12202E-02    0.67048E-02    0.10214E-02    0.50649E-02    0.69835E-03    0.38550E-02    0.84000E-03    0.53346E-02    0.71723E-03    0.40523E-02
7000  0    0.70574E-06    0.16234E-05    0.78916E-06    0.23109E-06    0.47464E-05    0.18574E-06    0.14377E-04    0.22697E-06    0.56219E-05    0.93054E-03    0.30810E-02    0.11500E-02    0.53623E-02    0.95258E-03    0.33532E-02    0.62166E-03    0.16468E-02    0.77155E-03    0.34882E-02    0.63528E-03    0.18142E-02    0.40781E-06    0.55721E-06    0.41611E-06    0.40781E-06    0.00000E+00    0.55721E-06    0.00000E+00    0.41611E-06    0.00000E+00    0.90312E-03    0.00000E+00    0.10557E-02    0.00000E+00    0.91226E-03    0.00000E+00    0.57847E-03    0.00000E+00    0.67518E-03    0.00000E+00    0.58384E-03    0.00000E+00    0.10953E-05    0.21566E-05    0.12368E-05    0.00000E+00    0.10953E-04    0.00000E+00    0.21566E-04    0.00000E+00    0.12368E-04    0.96522E-03    0.46804E-02    0.11944E-02    0.65674E-02    0.99882E-03    0.49736E-02    0.67813E-03    0.38003E-02    0.81974E-03    0.52324E-02    0.69701E-03    0.39912E-02
7100  0    0.68101E-06    0.15608E-05    0.76099E-06    0.22250E-06    0.45850E-05    0.18130E-06    0.13795E-04    0.21876E-06    0.54223E-05    0.91169E-03    0.30282E-02    0.11288E-02    0.52527E-02    0.93352E-03    0.32931E-02    0.60513E-03    0.16226E-02    0.75402E-03    0.34208E-02    0.61866E-03    0.17860E-02    0.39265E-06    0.54390E-06    0.40105E-06    0.39265E-06    0.00000E+00    0.54390E-06    0.00000E+00    0.40105E-06    0.00000E+00    0.88617E-03    0.00000E+00    0.10430E-02    0.00000E+00    0.89560E-03    0.00000E+00    0.56403E-03    0.00000E+00    0.66194E-03    0.00000E+00    0.56947E-03    0.00000E+00    0.10581E-05    0.20693E-05    0.11929E-05    0.00000E+00    0.10581E-04    0.00000E+00    0.20693E-04    0.00000E+00    0.11929E-04    0.94401E-03    0.46002E-02    0.11694E-02    0.64332E-02    0.97708E-03    0.48845E-02    0.65887E-03    0.37444E-02    0.80006E-03    0.51312E-02    0.67770E-03    0.39293E-02
7200  0    0.66041E-06    0.15071E-05    0.73738E-06    0.21556E-06    0.44485E-05    0.18308E-06    0.13240E-04    0.21261E-06    0.52477E-05    0.89904E-03    0.29828E-02    0.11142E-02    0.51460E-02    0.92068E-03    0.32397E-02    0.59935E-03    0.16032E-02    0.76085E-03    0.33568E-02    0.61403E-03    0.17626E-02    0.38040E-06    0.54925E-06    0.38978E-06    0.38040E-06    0.00000E+00    0.54925E-06    0.00000E+00    0.38978E-06    0.00000E+00    0.87224E-03    0.00000E+00    0.10481E-02    0.00000E+00    0.88293E-03    0.00000E+00    0.56041E-03    0.00000E+00    0.72278E-03    0.00000E+00    0.56943E-03    0.00000E+00    0.10266E-05    0.19861E-05    0.11545E-05    0.00000E+00    0.10266E-04    0.00000E+00    0.19861E-04    0.00000E+00    0.11545E-04    0.93293E-03    0.45312E-02    0.11459E-02    0.63025E-02    0.96404E-03    0.48052E-02    0.65027E-03    0.36996E-02    0.77988E-03    0.50352E-02    0.66755E-03    0.38777E-02
7300  0    0.63546E-06    0.14425E-05    0.70883E-06    0.20689E-06    0.42858E-05    0.17260E-06    0.12699E-04    0.20377E-06    0.50506E-05    0.87621E-03    0.29277E-02    0.10875E-02    0.50397E-02    0.89747E-03    0.31782E-02    0.57468E-03    0.15756E-02    0.72169E-03    0.33027E-02    0.58804E-03    0.17326E-02    0.36510E-06    0.51781E-06    0.37358E-06    0.36510E-06    0.00000E+00    0.51781E-06    0.00000E+00    0.37358E-06    0.00000E+00    0.85452E-03    0.00000E+00    0.10177E-02    0.00000E+00    0.86439E-03    0.00000E+00    0.53741E-03    0.00000E+00    0.63629E-03    0.00000E+00    0.54290E-03    0.00000E+00    0.98902E-06    0.19049E-05    0.11111E-05    0.00000E+00    0.98902E-05    0.00000E+00    0.19049E-04    0.00000E+00    0.11111E-04    0.90378E-03    0.44475E-02    0.11207E-02    0.61723E-02    0.93562E-03    0.47141E-02    0.62342E-03    0.36359E-02    0.76440E-03    0.49540E-02    0.64222E-03    0.38117E-02
7400  0    0.61438E-06    0.13858E-05    0.68451E-06    0.20018E-06    0.41420E-05    0.16749E-06    0.12183E-04    0.19721E-06    0.48730E-05    0.85985E-03    0.28782E-02    0.10670E-02    0.49362E-02    0.88070E-03    0.31219E-02    0.56194E-03    0.15516E-02    0.70384E-03    0.32470E-02    0.57484E-03    0.17057E-02    0.35327E-06    0.50246E-06    0.36156E-06    0.35327E-06    0.00000E+00    0.50246E-06    0.00000E+00    0.36156E-06    0.00000E+00    0.84056E-03    0.00000E+00    0.10025E-02    0.00000E+00    0.85036E-03    0.00000E+00    0.52599E-03    0.00000E+00    0.61409E-03    0.00000E+00    0.53089E-03    0.00000E+00    0.95585E-06    0.18275E-05    0.10721E-05    0.00000E+00    0.95585E-05    0.00000E+00    0.18275E-04    0.00000E+00    0.10721E-04    0.88445E-03    0.43723E-02    0.10979E-02    0.60456E-02    0.91579E-03    0.46305E-02    0.60895E-03    0.35805E-02    0.74871E-03    0.48705E-02    0.62758E-03    0.37525E-02
7500  0    0.59429E-06    0.13320E-05    0.66136E-06    0.19346E-06    0.40083E-05    0.16319E-06    0.11688E-04    0.19071E-06    0.47065E-05    0.84384E-03    0.28314E-02    0.10474E-02    0.48348E-02    0.86433E-03    0.30681E-02    0.54966E-03    0.15291E-02    0.69009E-03    0.31908E-02    0.56243E-03    0.16801E-02    0.34140E-06    0.48958E-06    0.34963E-06    0.34140E-06    0.00000E+00    0.48958E-06    0.00000E+00    0.34963E-06    0.00000E+00    0.82632E-03    0.00000E+00    0.98953E-03    0.00000E+00    0.83622E-03    0.00000E+00    0.51434E-03    0.00000E+00    0.60417E-03    0.00000E+00    0.51933E-03    0.00000E+00    0.92500E-06    0.17532E-05    0.10354E-05    0.00000E+00    0.92500E-05    0.00000E+00    0.17532E-04    0.00000E+00    0.10354E-04    0.86622E-03    0.43012E-02    0.10752E-02    0.59214E-02    0.89690E-03    0.45507E-02    0.59585E-03    0.35286E-02    0.73305E-03    0.47862E-02    0.61414E-03    0.36963E-02
7600  0    0.57491E-06    0.12806E-05    0.63906E-06    0.18681E-06    0.38810E-05    0.15982E-06    0.11208E-04    0.18436E-06    0.45471E-05    0.82806E-03    0.27860E-02    0.10277E-02    0.47346E-02    0.84815E-03    0.30156E-02    0.53694E-03    0.15074E-02    0.68029E-03    0.31314E-02    0.54997E-03    0.16550E-02    0.32967E-06    0.47947E-06    0.33799E-06    0.32967E-06    0.00000E+00    0.47947E-06    0.00000E+00    0.33799E-06    0.00000E+00    0.81200E-03    0.00000E+00    0.97925E-03    0.00000E+00    0.82218E-03    0.00000E+00    0.50285E-03    0.00000E+00    0.60779E-03    0.00000E+00    0.50868E-03    0.00000E+00    0.89560E-06    0.16812E-05    0.10004E-05    0.00000E+00    0.89560E-05    0.00000E+00    0.16812E-04    0.00000E+00    0.10004E-04    0.84861E-03    0.42323E-02    0.10510E-02    0.57986E-02    0.87830E-03    0.44729E-02    0.58153E-03    0.34786E-02    0.71653E-03    0.46971E-02    0.59953E-03    0.36411E-02
7700  1    0.68565E-06    0.13388E-05    0.74502E-06    0.29730E-06    0.38834E-05    0.25960E-06    0.10792E-04    0.29388E-06    0.45114E-05    0.10453E-02    0.27869E-02    0.12145E-02    0.46458E-02    0.10618E-02    0.30038E-02    0.79019E-03    0.15092E-02    0.95268E-03    0.30318E-02    0.80496E-03    0.16476E-02    0.52465E-06    0.77880E-06    0.53877E-06    0.52465E-06    0.00000E+00    0.77880E-06    0.00000E+00    0.53877E-06    0.00000E+00    0.10244E-02    0.00000E+00    0.12480E-02    0.00000E+00    0.10380E-02    0.00000E+00    0.78340E-03    0.00000E+00    0.11033E-02    0.00000E+00    0.80117E-03    0.00000E+00    0.89617E-06    0.16188E-05    0.99252E-06    0.00000E+00    0.89617E-05    0.00000E+00    0.16188E-04    0.00000E+00    0.99252E-05    0.10720E-02    0.42336E-02    0.11974E-02    0.56899E-02    0.10896E-02    0.44554E-02    0.79907E-03    0.34827E-02    0.87738E-03    0.45477E-02    0.80951E-03    0.36247E-02
7800  0    0.53874E-06    0.11823E-05    0.59725E-06    0.17507E-06    0.36366E-05    0.15139E-06    0.10309E-04    0.17292E-06    0.42433E-05    0.79842E-03    0.26969E-02    0.98893E-03    0.45408E-02    0.81758E-03    0.29132E-02    0.51450E-03    0.14623E-02    0.65357E-03    0.30190E-02    0.52714E-03    0.16038E-02    0.30895E-06    0.45418E-06    0.31702E-06    0.30895E-06    0.00000E+00    0.45418E-06    0.00000E+00    0.31702E-06    0.00000E+00    0.78607E-03    0.00000E+00    0.95308E-03    0.00000E+00    0.79627E-03    0.00000E+00    0.48225E-03    0.00000E+00    0.58731E-03    0.00000E+00    0.48808E-03    0.00000E+00    0.83923E-06    0.15464E-05    0.93352E-06    0.00000E+00    0.83923E-05    0.00000E+00    0.15464E-04    0.00000E+00    0.93352E-05    0.81429E-03    0.40969E-02    0.10064E-02    0.55613E-02    0.84244E-03    0.43209E-02    0.55668E-03    0.33745E-02    0.68670E-03    0.45285E-02    0.57401E-03    0.35284E-02
7900  0    0.52169E-06    0.11361E-05    0.57754E-06    0.16956E-06    0.35213E-05    0.14765E-06    0.98842E-05    0.16757E-06    0.40998E-05    0.78411E-03    0.26538E-02    0.96983E-03    0.44462E-02    0.80278E-03    0.28635E-02    0.50400E-03    0.14397E-02    0.64191E-03    0.29616E-02    0.51654E-03    0.15781E-02    0.29922E-06    0.44295E-06    0.30720E-06    0.29922E-06    0.00000E+00    0.44295E-06    0.00000E+00    0.30720E-06    0.00000E+00    0.77359E-03    0.00000E+00    0.94122E-03    0.00000E+00    0.78384E-03    0.00000E+00    0.47296E-03    0.00000E+00    0.58205E-03    0.00000E+00    0.47902E-03    0.00000E+00    0.81262E-06    0.14826E-05    0.90195E-06    0.00000E+00    0.81262E-05    0.00000E+00    0.14826E-04    0.00000E+00    0.90195E-05    0.79767E-03    0.40314E-02    0.98382E-03    0.54454E-02    0.82492E-03    0.42472E-02    0.54460E-03    0.33224E-02    0.67183E-03    0.44424E-02    0.56157E-03    0.34718E-02
8000  0    0.51644E-06    0.10946E-05    0.56900E-06    0.17695E-06    0.33948E-05    0.14371E-06    0.95092E-05    0.17393E-06    0.39507E-05    0.79835E-03    0.26057E-02    0.97306E-03    0.43610E-02    0.81578E-03    0.28109E-02    0.52793E-03    0.14110E-02    0.63902E-03    0.29224E-02    0.53803E-03    0.15484E-02    0.31227E-06    0.43114E-06    0.31887E-06    0.31227E-06    0.00000E+00    0.43114E-06    0.00000E+00    0.31887E-06    0.00000E+00    0.79027E-03    0.00000E+00    0.92859E-03    0.00000E+00    0.79859E-03    0.00000E+00    0.49575E-03    0.00000E+00    0.52150E-03    0.00000E+00    0.49718E-03    0.00000E+00    0.78342E-06    0.14264E-05    0.86915E-06    0.00000E+00    0.78342E-05    0.00000E+00    0.14264E-04    0.00000E+00    0.86915E-05    0.80879E-03    0.39583E-02    0.99455E-03    0.53411E-02    0.83595E-03    0.41693E-02    0.57001E-03    0.32561E-02    0.69777E-03    0.43836E-02    0.58705E-03    0.34064E-02
8100  0    0.48954E-06    0.10490E-05    0.54040E-06    0.15916E-06    0.33039E-05    0.13995E-06    0.90905E-05    0.15741E-06    0.38299E-05    0.75643E-03    0.25706E-02    0.93225E-03    0.42639E-02    0.77407E-03    0.27676E-02    0.48394E-03    0.13943E-02    0.61707E-03    0.28495E-02    0.49604E-03    0.15266E-02    0.28086E-06    0.41986E-06    0.28859E-06    0.28086E-06    0.00000E+00    0.41986E-06    0.00000E+00    0.28859E-06    0.00000E+00    0.74949E-03    0.00000E+00    0.91636E-03    0.00000E+00    0.75972E-03    0.00000E+00    0.45486E-03    0.00000E+00    0.56426E-03    0.00000E+00    0.46094E-03    0.00000E+00    0.76243E-06    0.13636E-05    0.84258E-06    0.00000E+00    0.76243E-05    0.00000E+00    0.13636E-04    0.00000E+00    0.84258E-05    0.76542E-03    0.39049E-02    0.94010E-03    0.52222E-02    0.79094E-03    0.41051E-02    0.52196E-03    0.32177E-02    0.64347E-03    0.42742E-02    0.53816E-03    0.33586E-02
8200  0    0.47428E-06    0.10078E-05    0.52278E-06    0.15432E-06    0.31996E-05    0.13622E-06    0.87158E-05    0.15268E-06    0.37011E-05    0.74309E-03    0.25297E-02    0.91372E-03    0.41751E-02    0.76018E-03    0.27207E-02    0.47438E-03    0.13714E-02    0.60498E-03    0.27931E-02    0.48626E-03    0.15006E-02    0.27233E-06    0.40867E-06    0.27991E-06    0.27233E-06    0.00000E+00    0.40867E-06    0.00000E+00    0.27991E-06    0.00000E+00    0.73801E-03    0.00000E+00    0.90407E-03    0.00000E+00    0.74821E-03    0.00000E+00    0.44646E-03    0.00000E+00    0.55542E-03    0.00000E+00    0.45251E-03    0.00000E+00    0.73837E-06    0.13074E-05    0.81424E-06    0.00000E+00    0.73837E-05    0.00000E+00    0.13074E-04    0.00000E+00    0.81424E-05    0.74967E-03    0.38428E-02    0.91850E-03    0.51134E-02    0.77431E-03    0.40354E-02    0.51090E-03    0.31648E-02    0.62976E-03    0.41897E-02    0.52675E-03    0.33014E-02
8300  0    0.45950E-06    0.96905E-06    0.50582E-06    0.14936E-06    0.31014E-05    0.13251E-06    0.83654E-05    0.14783E-06    0.35799E-05    0.72963E-03    0.24905E-02    0.89519E-03    0.40903E-02    0.74620E-03    0.26758E-02    0.46479E-03    0.13491E-02    0.59316E-03    0.27390E-02    0.47646E-03    0.14755E-02    0.26357E-06    0.39754E-06    0.27102E-06    0.26357E-06    0.00000E+00    0.39754E-06    0.00000E+00    0.27102E-06    0.00000E+00    0.72605E-03    0.00000E+00    0.89167E-03    0.00000E+00    0.73623E-03    0.00000E+00    0.43791E-03    0.00000E+00    0.54786E-03    0.00000E+00    0.44402E-03    0.00000E+00    0.71571E-06    0.12548E-05    0.78759E-06    0.00000E+00    0.71571E-05    0.00000E+00    0.12548E-04    0.00000E+00    0.78759E-05    0.73430E-03    0.37834E-02    0.89694E-03    0.50096E-02    0.75800E-03    0.39688E-02    0.49994E-03    0.31133E-02    0.61581E-03    0.41085E-02    0.51539E-03    0.32460E-02
8400  0    0.44544E-06    0.93117E-06    0.48959E-06    0.14498E-06    0.30046E-05    0.12906E-06    0.80211E-05    0.14353E-06    0.34606E-05    0.71692E-03    0.24514E-02    0.87731E-03    0.40053E-02    0.73295E-03    0.26308E-02    0.45562E-03    0.13266E-02    0.58104E-03    0.26824E-02    0.46702E-03    0.14499E-02    0.25584E-06    0.38719E-06    0.26314E-06    0.25584E-06    0.00000E+00    0.38719E-06    0.00000E+00    0.26314E-06    0.00000E+00    0.71532E-03    0.00000E+00    0.87999E-03    0.00000E+00    0.72545E-03    0.00000E+00    0.42966E-03    0.00000E+00    0.53740E-03    0.00000E+00    0.43564E-03    0.00000E+00    0.69337E-06    0.12032E-05    0.76134E-06    0.00000E+00    0.69337E-05    0.00000E+00    0.12032E-04    0.00000E+00    0.76134E-05    0.71900E-03    0.37239E-02    0.87596E-03    0.49054E-02    0.74185E-03    0.39022E-02    0.48956E-03    0.30615E-02    0.60286E-03    0.40236E-02    0.50467E-03    0.31897E-02
8500  0    0.43168E-06    0.89492E-06    0.47379E-06    0.14062E-06    0.29106E-05    0.12560E-06    0.76932E-05    0.13925E-06    0.33454E-05    0.70426E-03    0.24127E-02    0.85939E-03    0.39226E-02    0.71974E-03    0.25866E-02    0.44667E-03    0.13051E-02    0.56946E-03    0.26266E-02    0.45783E-03    0.14252E-02    0.24815E-06    0.37680E-06    0.25530E-06    0.24815E-06    0.00000E+00    0.37680E-06    0.00000E+00    0.25530E-06    0.00000E+00    0.70449E-03    0.00000E+00    0.86811E-03    0.00000E+00    0.71456E-03    0.00000E+00    0.42171E-03    0.00000E+00    0.52872E-03    0.00000E+00    0.42766E-03    0.00000E+00    0.67167E-06    0.11540E-05    0.73598E-06    0.00000E+00    0.67167E-05    0.00000E+00    0.11540E-04    0.00000E+00    0.73598E-05    0.70396E-03    0.36652E-02    0.85500E-03    0.48041E-02    0.72592E-03    0.38366E-02    0.47931E-03    0.30117E-02    0.58982E-03    0.39400E-02    0.49405E-03    0.31355E-02
8600  0    0.41832E-06    0.86105E-06    0.45857E-06    0.13616E-06    0.28216E-05    0.12180E-06    0.73925E-05    0.13485E-06    0.32371E-05    0.69172E-03    0.23755E-02    0.84150E-03    0.38451E-02    0.70665E-03    0.25445E-02    0.43773E-03    0.12839E-02    0.55694E-03    0.25748E-02    0.44857E-03    0.14013E-02    0.24028E-06    0.36541E-06    0.24723E-06    0.24028E-06    0.00000E+00    0.36541E-06    0.00000E+00    0.24723E-06    0.00000E+00    0.69323E-03    0.00000E+00    0.85488E-03    0.00000E+00    0.70318E-03    0.00000E+00    0.41322E-03    0.00000E+00    0.51517E-03    0.00000E+00    0.41888E-03    0.00000E+00    0.65114E-06    0.11089E-05    0.71217E-06    0.00000E+00    0.65114E-05    0.00000E+00    0.11089E-04    0.00000E+00    0.71217E-05    0.68976E-03    0.36087E-02    0.83473E-03    0.47093E-02    0.71080E-03    0.37740E-02    0.46978E-03    0.29629E-02    0.57782E-03    0.38622E-02    0.48419E-03    0.30828E-02
8700  0    0.40565E-06    0.82811E-06    0.44405E-06    0.13210E-06    0.27354E-05    0.11898E-06    0.70912E-05    0.13091E-06    0.31314E-05    0.67929E-03    0.23390E-02    0.82431E-03    0.37660E-02    0.69373E-03    0.25026E-02    0.42898E-03    0.12631E-02    0.54653E-03    0.25182E-02    0.43966E-03    0.13772E-02    0.23312E-06    0.35695E-06    0.24000E-06    0.23312E-06    0.00000E+00    0.35695E-06    0.00000E+00    0.24000E-06    0.00000E+00    0.68282E-03    0.00000E+00    0.84492E-03    0.00000E+00    0.69282E-03    0.00000E+00    0.40573E-03    0.00000E+00    0.51127E-03    0.00000E+00    0.41160E-03    0.00000E+00    0.63126E-06    0.10637E-05    0.68891E-06    0.00000E+00    0.63126E-05    0.00000E+00    0.10637E-04    0.00000E+00    0.68891E-05    0.67465E-03    0.35532E-02    0.81380E-03    0.46123E-02    0.69481E-03    0.37119E-02    0.45937E-03    0.29148E-02    0.56417E-03    0.37773E-02    0.47335E-03    0.30298E-02
8800  0    0.39322E-06    0.79651E-06    0.42988E-06    0.12817E-06    0.26505E-05    0.11573E-06    0.68078E-05    0.12704E-06    0.30284E-05    0.66732E-03    0.23024E-02    0.80719E-03    0.36899E-02    0.68122E-03    0.24611E-02    0.42037E-03    0.12425E-02    0.53539E-03    0.24707E-02    0.43083E-03    0.13542E-02    0.22618E-06    0.34718E-06    0.23290E-06    0.22618E-06    0.00000E+00    0.34718E-06    0.00000E+00    0.23290E-06    0.00000E+00    0.67257E-03    0.00000E+00    0.83328E-03    0.00000E+00    0.68249E-03    0.00000E+00    0.39804E-03    0.00000E+00    0.50187E-03    0.00000E+00    0.40381E-03    0.00000E+00    0.61165E-06    0.10212E-05    0.66625E-06    0.00000E+00    0.61165E-05    0.00000E+00    0.10212E-04    0.00000E+00    0.66625E-05    0.66038E-03    0.34976E-02    0.79382E-03    0.45192E-02    0.67969E-03    0.36504E-02    0.44957E-03    0.28674E-02    0.55216E-03    0.37060E-02    0.46325E-03    0.29792E-02
8900  1    0.44457E-06    0.81523E-06    0.47826E-06    0.18206E-06    0.26251E-05    0.16383E-06    0.65139E-05    0.18040E-06    0.29786E-05    0.79199E-03    0.22913E-02    0.91821E-03    0.36094E-02    0.80428E-03    0.24407E-02    0.57529E-03    0.12413E-02    0.68258E-03    0.24056E-02    0.58504E-03    0.13472E-02    0.32127E-06    0.49150E-06    0.33073E-06    0.32127E-06    0.00000E+00    0.49150E-06    0.00000E+00    0.33073E-06    0.00000E+00    0.80159E-03    0.00000E+00    0.99147E-03    0.00000E+00    0.81330E-03    0.00000E+00    0.58677E-03    0.00000E+00    0.81625E-03    0.00000E+00    0.59952E-03    0.00000E+00    0.60579E-06    0.97709E-06    0.65530E-06    0.00000E+00    0.60579E-05    0.00000E+00    0.97709E-05    0.00000E+00    0.65530E-05    0.77926E-03    0.34808E-02    0.87929E-03    0.44206E-02    0.79332E-03    0.36202E-02    0.56027E-03    0.28646E-02    0.61574E-03    0.36083E-02    0.56767E-03    0.29638E-02
9000  0    0.36966E-06    0.73879E-06    0.40322E-06    0.12033E-06    0.24933E-05    0.10957E-06    0.62922E-05    0.11936E-06    0.28386E-05    0.64343E-03    0.22331E-02    0.77363E-03    0.35474E-02    0.65633E-03    0.23827E-02    0.40359E-03    0.12037E-02    0.51330E-03    0.23790E-02    0.41357E-03    0.13106E-02    0.21235E-06    0.32870E-06    0.21882E-06    0.21235E-06    0.00000E+00    0.32870E-06    0.00000E+00    0.21882E-06    0.00000E+00    0.65170E-03    0.00000E+00    0.81081E-03    0.00000E+00    0.66154E-03    0.00000E+00    0.38274E-03    0.00000E+00    0.48477E-03    0.00000E+00    0.38840E-03    0.00000E+00    0.57537E-06    0.94383E-06    0.62450E-06    0.00000E+00    0.57537E-05    0.00000E+00    0.94383E-05    0.00000E+00    0.62450E-05    0.63245E-03    0.33923E-02    0.75435E-03    0.43447E-02    0.65002E-03    0.35341E-02    0.43087E-03    0.27779E-02    0.52756E-03    0.35685E-02    0.44376E-03    0.28833E-02
9100  0    0.35845E-06    0.71157E-06    0.39056E-06    0.11677E-06    0.24168E-05    0.10655E-06    0.60502E-05    0.11584E-06    0.27471E-05    0.63213E-03    0.21985E-02    0.75748E-03    0.34786E-02    0.64453E-03    0.23440E-02    0.39556E-03    0.11843E-02    0.50256E-03    0.23327E-02    0.40529E-03    0.12887E-02    0.20607E-06    0.31965E-06    0.21238E-06    0.20607E-06    0.00000E+00    0.31965E-06    0.00000E+00    0.21238E-06    0.00000E+00    0.64198E-03    0.00000E+00    0.79956E-03    0.00000E+00    0.65174E-03    0.00000E+00    0.37537E-03    0.00000E+00    0.47522E-03    0.00000E+00    0.38092E-03    0.00000E+00    0.55772E-06    0.90753E-06    0.60437E-06    0.00000E+00    0.55772E-05    0.00000E+00    0.90753E-05    0.00000E+00    0.60437E-05    0.61901E-03    0.33398E-02    0.73554E-03    0.42603E-02    0.63578E-03    0.34767E-02    0.42196E-03    0.27331E-02    0.51623E-03    0.34990E-02    0.43453E-03    0.28352E-02
9200  0    0.36044E-06    0.69323E-06    0.39069E-06    0.12677E-06    0.23367E-05    0.10582E-06    0.58741E-05    0.12486E-06    0.26583E-05    0.66243E-03    0.21618E-02    0.77362E-03    0.34276E-02    0.67330E-03    0.23058E-02    0.43712E-03    0.11623E-02    0.52162E-03    0.22998E-02    0.44480E-03    0.12657E-02    0.22371E-06    0.31746E-06    0.22891E-06    0.22371E-06    0.00000E+00    0.31746E-06    0.00000E+00    0.22891E-06    0.00000E+00    0.66889E-03    0.00000E+00    0.79682E-03    0.00000E+00    0.67663E-03    0.00000E+00    0.41694E-03    0.00000E+00    0.47073E-03    0.00000E+00    0.41993E-03    0.00000E+00    0.53924E-06    0.88112E-06    0.58482E-06    0.00000E+00    0.53924E-05    0.00000E+00    0.88112E-05    0.00000E+00    0.58482E-05    0.65389E-03    0.32840E-02    0.76175E-03    0.41979E-02    0.66928E-03    0.34200E-02    0.46351E-03    0.26823E-02    0.54706E-03    0.34497E-02    0.47465E-03    0.27846E-02
9300  0    0.33708E-06    0.66206E-06    0.36662E-06    0.10950E-06    0.22757E-05    0.10078E-06    0.56127E-05    0.10871E-06    0.25791E-05    0.60919E-03    0.21334E-02    0.72554E-03    0.33504E-02    0.62067E-03    0.22712E-02    0.37975E-03    0.11480E-02    0.48232E-03    0.22440E-02    0.38907E-03    0.12477E-02    0.19324E-06    0.30234E-06    0.19930E-06    0.19324E-06    0.00000E+00    0.30234E-06    0.00000E+00    0.19930E-06    0.00000E+00    0.62168E-03    0.00000E+00    0.77762E-03    0.00000E+00    0.63135E-03    0.00000E+00    0.36091E-03    0.00000E+00    0.46241E-03    0.00000E+00    0.36655E-03    0.00000E+00    0.52517E-06    0.84191E-06    0.56740E-06    0.00000E+00    0.52517E-05    0.00000E+00    0.84191E-05    0.00000E+00    0.56740E-05    0.59246E-03    0.32409E-02    0.69804E-03    0.41034E-02    0.60760E-03    0.33687E-02    0.40438E-03    0.26493E-02    0.49228E-03    0.33660E-02    0.41610E-03    0.27449E-02
9400  0    0.32701E-06    0.63882E-06    0.35536E-06    0.10630E-06    0.22071E-05    0.97992E-07    0.54083E-05    0.10555E-06    0.24981E-05    0.59863E-03    0.21010E-02    0.71056E-03    0.32889E-02    0.60966E-03    0.22352E-02    0.37222E-03    0.11299E-02    0.47282E-03    0.21994E-02    0.38136E-03    0.12272E-02    0.18759E-06    0.29398E-06    0.19350E-06    0.18759E-06    0.00000E+00    0.29398E-06    0.00000E+00    0.19350E-06    0.00000E+00    0.61252E-03    0.00000E+00    0.76678E-03    0.00000E+00    0.62210E-03    0.00000E+00    0.35395E-03    0.00000E+00    0.45499E-03    0.00000E+00    0.35956E-03    0.00000E+00    0.50932E-06    0.81124E-06    0.54958E-06    0.00000E+00    0.50932E-05    0.00000E+00    0.81124E-05    0.00000E+00    0.54958E-05    0.57996E-03    0.31916E-02    0.68072E-03    0.40280E-02    0.59438E-03    0.33154E-02    0.39611E-03    0.26075E-02    0.48173E-03    0.32991E-02    0.40752E-03    0.26997E-02
9500  0    0.31705E-06    0.61640E-06    0.34427E-06    0.10308E-06    0.21397E-05    0.95144E-07    0.52126E-05    0.10236E-06    0.24191E-05    0.58800E-03    0.20687E-02    0.69555E-03    0.32288E-02    0.59857E-03    0.21996E-02    0.36472E-03    0.11123E-02    0.46318E-03    0.21642E-02    0.37367E-03    0.12079E-02    0.18191E-06    0.28543E-06    0.18766E-06    0.18191E-06    0.00000E+00    0.28543E-06    0.00000E+00    0.18766E-06    0.00000E+00    0.60318E-03    0.00000E+00    0.75555E-03    0.00000E+00    0.61264E-03    0.00000E+00    0.34703E-03    0.00000E+00    0.44754E-03    0.00000E+00    0.35262E-03    0.00000E+00    0.49378E-06    0.78189E-06    0.53219E-06    0.00000E+00    0.49378E-05    0.00000E+00    0.78189E-05    0.00000E+00    0.53219E-05    0.56754E-03    0.31425E-02    0.66351E-03    0.39545E-02    0.58125E-03    0.32625E-02    0.38785E-03    0.25669E-02    0.47100E-03    0.32462E-02    0.39893E-03    0.26575E-02
9600  0    0.30758E-06    0.59670E-06    0.33386E-06    0.99434E-07    0.20815E-05    0.92431E-07    0.50427E-05    0.98797E-07    0.23507E-05    0.57604E-03    0.20403E-02    0.67924E-03    0.31758E-02    0.58618E-03    0.21683E-02    0.35642E-03    0.10972E-02    0.45211E-03    0.21343E-02    0.36512E-03    0.11915E-02    0.17547E-06    0.27729E-06    0.18113E-06    0.17547E-06    0.00000E+00    0.27729E-06    0.00000E+00    0.18113E-06    0.00000E+00    0.59240E-03    0.00000E+00    0.74471E-03    0.00000E+00    0.60188E-03    0.00000E+00    0.34029E-03    0.00000E+00    0.44408E-03    0.00000E+00    0.34605E-03    0.00000E+00    0.48034E-06    0.75640E-06    0.51715E-06    0.00000E+00    0.48034E-05    0.00000E+00    0.75640E-05    0.00000E+00    0.51715E-05    0.55392E-03    0.30995E-02    0.64402E-03    0.38895E-02    0.56676E-03    0.32160E-02    0.37752E-03    0.25321E-02    0.45613E-03    0.32014E-02    0.38800E-03    0.26213E-02
9700  0    0.29856E-06    0.57689E-06    0.32387E-06    0.96647E-07    0.20192E-05    0.90009E-07    0.48688E-05    0.96044E-07    0.22782E-05    0.56676E-03    0.20096E-02    0.66661E-03    0.31205E-02    0.57655E-03    0.21346E-02    0.34971E-03    0.10806E-02    0.44408E-03    0.20999E-02    0.35829E-03    0.11733E-02    0.17055E-06    0.27003E-06    0.17608E-06    0.17055E-06    0.00000E+00    0.27003E-06    0.00000E+00    0.17608E-06    0.00000E+00    0.58404E-03    0.00000E+00    0.73488E-03    0.00000E+00    0.59343E-03    0.00000E+00    0.33325E-03    0.00000E+00    0.43498E-03    0.00000E+00    0.33890E-03    0.00000E+00    0.46596E-06    0.73031E-06    0.50121E-06    0.00000E+00    0.46596E-05    0.00000E+00    0.73031E-05    0.00000E+00    0.50121E-05    0.54332E-03    0.30527E-02    0.62971E-03    0.38218E-02    0.55562E-03    0.31661E-02    0.37125E-03    0.24937E-02    0.44864E-03    0.31498E-02    0.38157E-03    0.25812E-02
9800  0    0.28966E-06    0.55796E-06    0.31405E-06    0.93731E-07    0.19592E-05    0.87433E-07    0.47052E-05    0.93159E-07    0.22089E-05    0.55674E-03    0.19795E-02    0.65275E-03    0.30676E-02    0.56614E-03    0.21018E-02    0.34250E-03    0.10642E-02    0.43481E-03    0.20664E-02    0.35089E-03    0.11554E-02    0.16541E-06    0.26230E-06    0.17079E-06    0.16541E-06    0.00000E+00    0.26230E-06    0.00000E+00    0.17079E-06    0.00000E+00    0.57517E-03    0.00000E+00    0.72429E-03    0.00000E+00    0.58445E-03    0.00000E+00    0.32669E-03    0.00000E+00    0.42798E-03    0.00000E+00    0.33232E-03    0.00000E+00    0.45213E-06    0.70578E-06    0.48595E-06    0.00000E+00    0.45213E-05    0.00000E+00    0.70578E-05    0.00000E+00    0.48595E-05    0.53169E-03    0.30071E-02    0.61386E-03    0.37571E-02    0.54336E-03    0.31175E-02    0.36317E-03    0.24560E-02    0.43823E-03    0.30996E-02    0.37318E-03    0.25418E-02
9900  1    0.50311E-06    0.66675E-06    0.51799E-06    0.31212E-06    0.19099E-05    0.17069E-06    0.49606E-05    0.29927E-06    0.21872E-05    0.10678E-02    0.19544E-02    0.10217E-02    0.31498E-02    0.10637E-02    0.20915E-02    0.86880E-03    0.10391E-02    0.90057E-03    0.21705E-02    0.87169E-03    0.11419E-02    0.55081E-06    0.51207E-06    0.54865E-06    0.55081E-06    0.00000E+00    0.51207E-06    0.00000E+00    0.54865E-06    0.00000E+00    0.10496E-02    0.00000E+00    0.10120E-02    0.00000E+00    0.10475E-02    0.00000E+00    0.81489E-03    0.00000E+00    0.89139E-03    0.00000E+00    0.81914E-03    0.00000E+00    0.44074E-06    0.74409E-06    0.48119E-06    0.00000E+00    0.44074E-05    0.00000E+00    0.74409E-05    0.00000E+00    0.48119E-05    0.10913E-02    0.29690E-02    0.10266E-02    0.38577E-02    0.10829E-02    0.31022E-02    0.93930E-03    0.23979E-02    0.90516E-03    0.32557E-02    0.93475E-03    0.25122E-02
10000  0    0.27290E-06    0.52412E-06    0.29574E-06    0.87837E-07    0.18507E-05    0.82324E-07    0.44179E-05    0.87336E-07    0.20841E-05    0.53656E-03    0.19239E-02    0.62516E-03    0.29725E-02    0.54521E-03    0.20416E-02    0.32783E-03    0.10345E-02    0.41553E-03    0.20073E-02    0.33581E-03    0.11229E-02    0.15501E-06    0.24697E-06    0.16012E-06    0.15501E-06    0.00000E+00    0.24697E-06    0.00000E+00    0.16012E-06    0.00000E+00    0.55679E-03    0.00000E+00    0.70281E-03    0.00000E+00    0.56589E-03    0.00000E+00    0.31352E-03    0.00000E+00    0.41426E-03    0.00000E+00    0.31912E-03    0.00000E+00    0.42708E-06    0.66269E-06    0.45849E-06    0.00000E+00    0.42708E-05    0.00000E+00    0.66269E-05    0.00000E+00    0.45849E-05    0.50889E-03    0.29226E-02    0.58247E-03    0.36406E-02    0.51930E-03    0.30282E-02    0.34655E-03    0.23872E-02    0.41617E-03    0.30110E-02    0.35583E-03    0.24704E-02
10100  0    0.26508E-06    0.50853E-06    0.28721E-06    0.85280E-07    0.17980E-05    0.80255E-07    0.42827E-05    0.84823E-07    0.20238E-05    0.52753E-03    0.18963E-02    0.61348E-03    0.29267E-02    0.53591E-03    0.20119E-02    0.32133E-03    0.10196E-02    0.40777E-03    0.19761E-02    0.32919E-03    0.11066E-02    0.15049E-06    0.24076E-06    0.15551E-06    0.15049E-06    0.00000E+00    0.24076E-06    0.00000E+00    0.15551E-06    0.00000E+00    0.54862E-03    0.00000E+00    0.69392E-03    0.00000E+00    0.55769E-03    0.00000E+00    0.30720E-03    0.00000E+00    0.40767E-03    0.00000E+00    0.31278E-03    0.00000E+00    0.41491E-06    0.64241E-06    0.44525E-06    0.00000E+00    0.41491E-05    0.00000E+00    0.64241E-05    0.00000E+00    0.44525E-05    0.49861E-03    0.28807E-02    0.56901E-03    0.35844E-02    0.50856E-03    0.29841E-02    0.33981E-03    0.23530E-02    0.40783E-03    0.29642E-02    0.34888E-03    0.24345E-02
10200  0    0.25729E-06    0.49323E-06    0.27874E-06    0.82709E-07    0.17458E-05    0.77895E-07    0.41533E-05    0.82271E-07    0.19647E-05    0.51837E-03    0.18686E-02    0.60113E-03    0.28821E-02    0.52644E-03    0.19823E-02    0.31469E-03    0.10046E-02    0.39915E-03    0.19450E-02    0.32237E-03    0.10901E-02    0.14596E-06    0.23368E-06    0.15083E-06    0.14596E-06    0.00000E+00    0.23368E-06    0.00000E+00    0.15083E-06    0.00000E+00    0.54029E-03    0.00000E+00    0.68364E-03    0.00000E+00    0.54924E-03    0.00000E+00    0.30117E-03    0.00000E+00    0.40062E-03    0.00000E+00    0.30669E-03    0.00000E+00    0.40288E-06    0.62300E-06    0.43223E-06    0.00000E+00    0.40288E-05    0.00000E+00    0.62300E-05    0.00000E+00    0.43223E-05    0.48823E-03    0.28386E-02    0.55530E-03    0.35299E-02    0.49770E-03    0.29402E-02    0.33238E-03    0.23182E-02    0.39842E-03    0.29176E-02    0.34119E-03    0.23982E-02
10300  1    0.28297E-06    0.50735E-06    0.30337E-06    0.10885E-06    0.17411E-05    0.10883E-06    0.39851E-05    0.10885E-06    0.19451E-05    0.59956E-03    0.18661E-02    0.67761E-03    0.28232E-02    0.60707E-03    0.19724E-02    0.40789E-03    0.10093E-02    0.45773E-03    0.18817E-02    0.41242E-03    0.10886E-02    0.19210E-06    0.32650E-06    0.19956E-06    0.19210E-06    0.00000E+00    0.32650E-06    0.00000E+00    0.19956E-06    0.00000E+00    0.61983E-03    0.00000E+00    0.80808E-03    0.00000E+00    0.63176E-03    0.00000E+00    0.40696E-03    0.00000E+00    0.57090E-03    0.00000E+00    0.41606E-03    0.00000E+00    0.40180E-06    0.59777E-06    0.42793E-06    0.00000E+00    0.40180E-05    0.00000E+00    0.59777E-05    0.00000E+00    0.42793E-05    0.57197E-03    0.28348E-02    0.60186E-03    0.34577E-02    0.57605E-03    0.29255E-02    0.40911E-03    0.23291E-02    0.40115E-03    0.28226E-02    0.40805E-03    0.23949E-02
10400  0    0.24300E-06    0.46682E-06    0.26334E-06    0.77489E-07    0.16551E-05    0.73661E-07    0.39316E-05    0.77141E-07    0.18620E-05    0.50001E-03    0.18194E-02    0.57730E-03    0.28041E-02    0.50753E-03    0.19298E-02    0.30155E-03    0.97832E-03    0.38191E-03    0.18889E-02    0.30885E-03    0.10611E-02    0.13675E-06    0.22098E-06    0.14143E-06    0.13675E-06    0.00000E+00    0.22098E-06    0.00000E+00    0.14143E-06    0.00000E+00    0.52296E-03    0.00000E+00    0.66481E-03    0.00000E+00    0.53184E-03    0.00000E+00    0.28890E-03    0.00000E+00    0.38787E-03    0.00000E+00    0.29440E-03    0.00000E+00    0.38194E-06    0.58973E-06    0.40965E-06    0.00000E+00    0.38194E-05    0.00000E+00    0.58973E-05    0.00000E+00    0.40965E-05    0.46831E-03    0.27638E-02    0.52814E-03    0.34343E-02    0.47672E-03    0.28623E-02    0.31808E-03    0.22577E-02    0.37892E-03    0.28333E-02    0.32620E-03    0.23344E-02
10500  0    0.23620E-06    0.45401E-06    0.25600E-06    0.75266E-07    0.16093E-05    0.71601E-07    0.38241E-05    0.74932E-07    0.18107E-05    0.49176E-03    0.17941E-02    0.56634E-03    0.27655E-02    0.49900E-03    0.19030E-02    0.29552E-03    0.96431E-03    0.37409E-03    0.18594E-02    0.30266E-03    0.10457E-02    0.13282E-06    0.21480E-06    0.13738E-06    0.13282E-06    0.00000E+00    0.21480E-06    0.00000E+00    0.13738E-06    0.00000E+00    0.51541E-03    0.00000E+00    0.65544E-03    0.00000E+00    0.52417E-03    0.00000E+00    0.28344E-03    0.00000E+00    0.38142E-03    0.00000E+00    0.28888E-03    0.00000E+00    0.37138E-06    0.57361E-06    0.39835E-06    0.00000E+00    0.37138E-05    0.00000E+00    0.57361E-05    0.00000E+00    0.39835E-05    0.45900E-03    0.27254E-02    0.51604E-03    0.33871E-02    0.46701E-03    0.28226E-02    0.31132E-03    0.22253E-02    0.37042E-03    0.27891E-02    0.31920E-03    0.23005E-02
10600  1    0.66735E-06    0.63762E-06    0.66465E-06    0.50203E-06    0.16532E-05    0.20866E-06    0.42896E-05    0.47536E-06    0.18929E-05    0.13638E-02    0.18184E-02    0.11555E-02    0.29290E-02    0.13462E-02    0.19457E-02    0.10530E-02    0.97353E-03    0.92428E-03    0.20273E-02    0.10413E-02    0.10693E-02    0.88593E-06    0.62598E-06    0.87149E-06    0.88593E-06    0.00000E+00    0.62598E-06    0.00000E+00    0.87149E-06    0.00000E+00    0.13311E-02    0.00000E+00    0.11189E-02    0.00000E+00    0.13202E-02    0.00000E+00    0.99181E-03    0.00000E+00    0.90383E-03    0.00000E+00    0.98692E-03    0.00000E+00    0.38151E-06    0.64344E-06    0.41643E-06    0.00000E+00    0.38151E-05    0.00000E+00    0.64344E-05    0.00000E+00    0.41643E-05    0.14054E-02    0.27623E-02    0.11734E-02    0.35873E-02    0.13767E-02    0.28859E-02    0.11331E-02    0.22466E-02    0.93450E-03    0.30409E-02    0.11066E-02    0.23525E-02
10700  0    0.22352E-06    0.43052E-06    0.24234E-06    0.71160E-07    0.15236E-05    0.67669E-07    0.36285E-05    0.70842E-07    0.17149E-05    0.47698E-03    0.17456E-02    0.54711E-03    0.26939E-02    0.48378E-03    0.18520E-02    0.28443E-03    0.93715E-03    0.36300E-03    0.18043E-02    0.29158E-03    0.10160E-02    0.12558E-06    0.20301E-06    0.12988E-06    0.12558E-06    0.00000E+00    0.20301E-06    0.00000E+00    0.12988E-06    0.00000E+00    0.50115E-03    0.00000E+00    0.63719E-03    0.00000E+00    0.50966E-03    0.00000E+00    0.27118E-03    0.00000E+00    0.36944E-03    0.00000E+00    0.27664E-03    0.00000E+00    0.35159E-06    0.54428E-06    0.37729E-06    0.00000E+00    0.35159E-05    0.00000E+00    0.54428E-05    0.00000E+00    0.37729E-05    0.44339E-03    0.26518E-02    0.49598E-03    0.32993E-02    0.45075E-03    0.27469E-02    0.30177E-03    0.21626E-02    0.35978E-03    0.27064E-02    0.30951E-03    0.22351E-02
10800  0    0.21860E-06    0.42044E-06    0.23695E-06    0.69897E-07    0.14870E-05    0.67181E-07    0.35325E-05    0.69650E-07    0.16730E-05    0.46931E-03    0.17246E-02    0.53718E-03    0.26580E-02    0.47588E-03    0.18292E-02    0.28322E-03    0.92612E-03    0.35323E-03    0.17734E-02    0.28959E-03    0.10031E-02    0.12335E-06    0.20154E-06    0.12769E-06    0.12335E-06    0.00000E+00    0.20154E-06    0.00000E+00    0.12769E-06    0.00000E+00    0.49668E-03    0.00000E+00    0.63489E-03    0.00000E+00    0.50536E-03    0.00000E+00    0.28035E-03    0.00000E+00    0.38255E-03    0.00000E+00    0.28602E-03    0.00000E+00    0.34316E-06    0.52988E-06    0.36806E-06    0.00000E+00    0.34316E-05    0.00000E+00    0.52988E-05    0.00000E+00    0.36806E-05    0.43091E-03    0.26198E-02    0.48093E-03    0.32554E-02    0.43791E-03    0.27132E-02    0.28699E-03    0.21372E-02    0.33857E-03    0.26601E-02    0.29386E-03    0.22069E-02
10900  0    0.22053E-06    0.41648E-06    0.23834E-06    0.76271E-07    0.14426E-05    0.67889E-07    0.34859E-05    0.75509E-07    0.16283E-05    0.50143E-03    0.16986E-02    0.56377E-03    0.26404E-02    0.50741E-03    0.18046E-02    0.32805E-03    0.90917E-03    0.39956E-03    0.17637E-02    0.33455E-03    0.98685E-03    0.13460E-06    0.20367E-06    0.13843E-06    0.13460E-06    0.00000E+00    0.20367E-06    0.00000E+00    0.13843E-06    0.00000E+00    0.51884E-03    0.00000E+00    0.63823E-03    0.00000E+00    0.52618E-03    0.00000E+00    0.31097E-03    0.00000E+00    0.40149E-03    0.00000E+00    0.31600E-03    0.00000E+00    0.33290E-06    0.52288E-06    0.35823E-06    0.00000E+00    0.33290E-05    0.00000E+00    0.52288E-05    0.00000E+00    0.35823E-05    0.47770E-03    0.25803E-02    0.52259E-03    0.32338E-02    0.48393E-03    0.26767E-02    0.35039E-03    0.20981E-02    0.39859E-03    0.26455E-02    0.35681E-03    0.21711E-02
11000  0    0.20636E-06    0.40040E-06    0.22400E-06    0.65417E-07    0.14094E-05    0.62061E-07    0.33834E-05    0.65112E-07    0.15889E-05    0.45610E-03    0.16789E-02    0.51909E-03    0.26013E-02    0.46218E-03    0.17826E-02    0.27029E-03    0.90026E-03    0.34238E-03    0.17283E-02    0.27684E-03    0.97554E-03    0.11544E-06    0.18618E-06    0.11937E-06    0.11544E-06    0.00000E+00    0.18618E-06    0.00000E+00    0.11937E-06    0.00000E+00    0.48050E-03    0.00000E+00    0.61022E-03    0.00000E+00    0.48861E-03    0.00000E+00    0.25778E-03    0.00000E+00    0.35274E-03    0.00000E+00    0.26306E-03    0.00000E+00    0.32525E-06    0.50751E-06    0.34955E-06    0.00000E+00    0.32525E-05    0.00000E+00    0.50751E-05    0.00000E+00    0.34955E-05    0.42207E-03    0.25505E-02    0.46691E-03    0.31859E-02    0.42832E-03    0.26441E-02    0.28664E-03    0.20775E-02    0.33721E-03    0.25925E-02    0.29338E-03    0.21462E-02
11100  0    0.20068E-06    0.38999E-06    0.21789E-06    0.63472E-07    0.13721E-05    0.59958E-07    0.33004E-05    0.63153E-07    0.15474E-05    0.44786E-03    0.16565E-02    0.50819E-03    0.25692E-02    0.45367E-03    0.17592E-02    0.26438E-03    0.88793E-03    0.33282E-03    0.17009E-02    0.27060E-03    0.96184E-03    0.11201E-06    0.17987E-06    0.11578E-06    0.11201E-06    0.00000E+00    0.17987E-06    0.00000E+00    0.11578E-06    0.00000E+00    0.47331E-03    0.00000E+00    0.59979E-03    0.00000E+00    0.48121E-03    0.00000E+00    0.25476E-03    0.00000E+00    0.34761E-03    0.00000E+00    0.25991E-03    0.00000E+00    0.31663E-06    0.49505E-06    0.34042E-06    0.00000E+00    0.31663E-05    0.00000E+00    0.49505E-05    0.00000E+00    0.34042E-05    0.41221E-03    0.25165E-02    0.45554E-03    0.31466E-02    0.41825E-03    0.26093E-02    0.27696E-03    0.20491E-02    0.32543E-03    0.25513E-02    0.28343E-03    0.21160E-02
11200  0    0.19690E-06    0.38472E-06    0.21397E-06    0.62053E-07    0.13484E-05    0.61742E-07    0.32298E-05    0.62025E-07    0.15195E-05    0.44227E-03    0.16422E-02    0.50730E-03    0.25416E-02    0.44857E-03    0.17433E-02    0.26513E-03    0.88128E-03    0.33989E-03    0.16923E-02    0.27193E-03    0.95501E-03    0.10951E-06    0.18523E-06    0.11371E-06    0.10951E-06    0.00000E+00    0.18523E-06    0.00000E+00    0.11371E-06    0.00000E+00    0.46799E-03    0.00000E+00    0.60865E-03    0.00000E+00    0.47689E-03    0.00000E+00    0.25290E-03    0.00000E+00    0.35744E-03    0.00000E+00    0.25870E-03    0.00000E+00    0.31118E-06    0.48447E-06    0.33428E-06    0.00000E+00    0.31118E-05    0.00000E+00    0.48447E-05    0.00000E+00    0.33428E-05    0.40618E-03    0.24947E-02    0.44811E-03    0.31128E-02    0.41202E-03    0.25857E-02    0.28112E-03    0.20337E-02    0.33112E-03    0.25384E-02    0.28779E-03    0.21010E-02
11300  1    0.26835E-06    0.42163E-06    0.28229E-06    0.13417E-06    0.13418E-05    0.10952E-06    0.31212E-05    0.13193E-06    0.15036E-05    0.65939E-03    0.16382E-02    0.71992E-03    0.24985E-02    0.66512E-03    0.17341E-02    0.50610E-03    0.87750E-03    0.54692E-03    0.16387E-02    0.50981E-03    0.94670E-03    0.23676E-06    0.32855E-06    0.24186E-06    0.23676E-06    0.00000E+00    0.32855E-06    0.00000E+00    0.24186E-06    0.00000E+00    0.68813E-03    0.00000E+00    0.81061E-03    0.00000E+00    0.69551E-03    0.00000E+00    0.53125E-03    0.00000E+00    0.67350E-03    0.00000E+00    0.53916E-03    0.00000E+00    0.30966E-06    0.46817E-06    0.33079E-06    0.00000E+00    0.30966E-05    0.00000E+00    0.46817E-05    0.00000E+00    0.33079E-05    0.61980E-03    0.24886E-02    0.66999E-03    0.30600E-02    0.62672E-03    0.25721E-02    0.47321E-03    0.20250E-02    0.48363E-03    0.24581E-02    0.47460E-03    0.20827E-02
11400  0    0.18622E-06    0.36510E-06    0.20248E-06    0.58320E-07    0.12790E-05    0.55843E-07    0.30926E-05    0.58094E-07    0.14439E-05    0.42697E-03    0.15994E-02    0.48377E-03    0.24870E-02    0.43244E-03    0.16993E-02    0.25046E-03    0.85775E-03    0.31458E-03    0.16567E-02    0.25629E-03    0.93038E-03    0.10292E-06    0.16753E-06    0.10651E-06    0.10292E-06    0.00000E+00    0.16753E-06    0.00000E+00    0.10651E-06    0.00000E+00    0.45369E-03    0.00000E+00    0.57884E-03    0.00000E+00    0.46153E-03    0.00000E+00    0.24333E-03    0.00000E+00    0.33696E-03    0.00000E+00    0.24853E-03    0.00000E+00    0.29516E-06    0.46388E-06    0.31765E-06    0.00000E+00    0.29516E-05    0.00000E+00    0.46388E-05    0.00000E+00    0.31765E-05    0.38927E-03    0.24296E-02    0.42840E-03    0.30459E-02    0.39471E-03    0.25205E-02    0.25978E-03    0.19794E-02    0.30338E-03    0.24850E-02    0.26560E-03    0.20468E-02
11500  1    0.19073E-06    0.36545E-06    0.20661E-06    0.65433E-07    0.12530E-05    0.59190E-07    0.30626E-05    0.64865E-07    0.14175E-05    0.46283E-03    0.15830E-02    0.51504E-03    0.24749E-02    0.46782E-03    0.16837E-02    0.30687E-03    0.85180E-03    0.37296E-03    0.16461E-02    0.31288E-03    0.92402E-03    0.11547E-06    0.17757E-06    0.11892E-06    0.11547E-06    0.00000E+00    0.17757E-06    0.00000E+00    0.11892E-06    0.00000E+00    0.48056E-03    0.00000E+00    0.59594E-03    0.00000E+00    0.48769E-03    0.00000E+00    0.29254E-03    0.00000E+00    0.38736E-03    0.00000E+00    0.29781E-03    0.00000E+00    0.28914E-06    0.45939E-06    0.31184E-06    0.00000E+00    0.28914E-05    0.00000E+00    0.45939E-05    0.00000E+00    0.31184E-05    0.43857E-03    0.24048E-02    0.46939E-03    0.30311E-02    0.44281E-03    0.24974E-02    0.32561E-03    0.19657E-02    0.36576E-03    0.24692E-02    0.33096E-03    0.20328E-02
11600  0    0.17725E-06    0.34977E-06    0.19293E-06    0.55162E-07    0.12209E-05    0.52852E-07    0.29692E-05    0.54952E-07    0.13798E-05    0.41514E-03    0.15626E-02    0.46914E-03    0.24369E-02    0.42034E-03    0.16612E-02    0.24252E-03    0.83867E-03    0.30519E-03    0.16265E-02    0.24822E-03    0.91029E-03    0.97344E-07    0.15856E-06    0.10074E-06    0.97344E-07    0.00000E+00    0.15856E-06    0.00000E+00    0.10074E-06    0.00000E+00    0.44123E-03    0.00000E+00    0.56313E-03    0.00000E+00    0.44888E-03    0.00000E+00    0.23464E-03    0.00000E+00    0.32747E-03    0.00000E+00    0.23980E-03    0.00000E+00    0.28175E-06    0.44537E-06    0.30356E-06    0.00000E+00    0.28175E-05    0.00000E+00    0.44537E-05    0.00000E+00    0.30356E-05    0.37832E-03    0.23738E-02    0.41423E-03    0.29845E-02    0.38330E-03    0.24640E-02    0.25283E-03    0.19354E-02    0.29405E-03    0.24397E-02    0.25832E-03    0.20026E-02
11700  0    0.18169E-06    0.33967E-06    0.19605E-06    0.63193E-07    0.11850E-05    0.47230E-07    0.29244E-05    0.61742E-07    0.13431E-05    0.45301E-03    0.15395E-02    0.47513E-03    0.24184E-02    0.45506E-03    0.16390E-02    0.30964E-03    0.82524E-03    0.32832E-03    0.16132E-02    0.31134E-03    0.89687E-03    0.11152E-06    0.14169E-06    0.11319E-06    0.11152E-06    0.00000E+00    0.14169E-06    0.00000E+00    0.11319E-06    0.00000E+00    0.47227E-03    0.00000E+00    0.53233E-03    0.00000E+00    0.47580E-03    0.00000E+00    0.30696E-03    0.00000E+00    0.33846E-03    0.00000E+00    0.30871E-03    0.00000E+00    0.27346E-06    0.43865E-06    0.29549E-06    0.00000E+00    0.27346E-05    0.00000E+00    0.43865E-05    0.00000E+00    0.29549E-05    0.42652E-03    0.23386E-02    0.44376E-03    0.29619E-02    0.42886E-03    0.24310E-02    0.31314E-03    0.19044E-02    0.32325E-03    0.24198E-02    0.31449E-03    0.19731E-02
11800  1    0.20091E-06    0.36171E-06    0.21553E-06    0.83526E-07    0.11738E-05    0.69119E-07    0.29259E-05    0.82216E-07    0.13331E-05    0.53456E-03    0.15322E-02    0.58070E-03    0.24191E-02    0.53891E-03    0.16328E-02    0.40856E-03    0.82708E-03    0.48554E-03    0.16225E-02    0.41555E-03    0.89940E-03    0.14740E-06    0.20736E-06    0.15073E-06    0.14740E-06    0.00000E+00    0.20736E-06    0.00000E+00    0.15073E-06    0.00000E+00    0.54295E-03    0.00000E+00    0.64398E-03    0.00000E+00    0.54905E-03    0.00000E+00    0.39213E-03    0.00000E+00    0.50392E-03    0.00000E+00    0.39834E-03    0.00000E+00    0.27088E-06    0.43889E-06    0.29328E-06    0.00000E+00    0.27088E-05    0.00000E+00    0.43889E-05    0.00000E+00    0.29328E-05    0.52337E-03    0.23276E-02    0.54632E-03    0.29627E-02    0.52649E-03    0.24219E-02    0.43003E-03    0.19087E-02    0.47635E-03    0.24338E-02    0.43621E-03    0.19787E-02
11900  0    0.16551E-06    0.32871E-06    0.18035E-06    0.51149E-07    0.11436E-05    0.48726E-07    0.27998E-05    0.50929E-07    0.12942E-05    0.39867E-03    0.15123E-02    0.44866E-03    0.23663E-02    0.40347E-03    0.16088E-02    0.23196E-03    0.81347E-03    0.29061E-03    0.15847E-02    0.23729E-03    0.88358E-03    0.90263E-07    0.14618E-06    0.93369E-07    0.90263E-07    0.00000E+00    0.14618E-06    0.00000E+00    0.93369E-07    0.00000E+00    0.42488E-03    0.00000E+00    0.54070E-03    0.00000E+00    0.43213E-03    0.00000E+00    0.22517E-03    0.00000E+00    0.31473E-03    0.00000E+00    0.23014E-03    0.00000E+00    0.26391E-06    0.41997E-06    0.28472E-06    0.00000E+00    0.26391E-05    0.00000E+00    0.41997E-05    0.00000E+00    0.28472E-05    0.36155E-03    0.22974E-02    0.39467E-03    0.28982E-02    0.36614E-03    0.23863E-02    0.24085E-03    0.18772E-02    0.27855E-03    0.23771E-02    0.24587E-03    0.19439E-02
12000  0    0.16768E-06    0.32649E-06    0.18212E-06    0.55527E-07    0.11216E-05    0.49700E-07    0.27679E-05    0.54997E-07    0.12712E-05    0.42350E-03    0.14977E-02    0.46724E-03    0.23528E-02    0.42766E-03    0.15945E-02    0.27398E-03    0.80805E-03    0.32896E-03    0.15712E-02    0.27898E-03    0.87743E-03    0.97989E-07    0.14910E-06    0.10083E-06    0.97989E-07    0.00000E+00    0.14910E-06    0.00000E+00    0.10083E-06    0.00000E+00    0.44269E-03    0.00000E+00    0.54607E-03    0.00000E+00    0.44906E-03    0.00000E+00    0.26317E-03    0.00000E+00    0.34072E-03    0.00000E+00    0.26748E-03    0.00000E+00    0.25882E-06    0.41518E-06    0.27967E-06    0.00000E+00    0.25882E-05    0.00000E+00    0.41518E-05    0.00000E+00    0.27967E-05    0.39700E-03    0.22752E-02    0.42234E-03    0.28816E-02    0.40047E-03    0.23650E-02    0.28811E-03    0.18647E-02    0.32308E-03    0.23568E-02    0.29277E-03    0.19303E-02
12100  0    0.15819E-06    0.31587E-06    0.17252E-06    0.48544E-07    0.10964E-05    0.46201E-07    0.26967E-05    0.48331E-07    0.12419E-05    0.38827E-03    0.14808E-02    0.43600E-03    0.23223E-02    0.39285E-03    0.15760E-02    0.22565E-03    0.79761E-03    0.28131E-03    0.15580E-02    0.23071E-03    0.86674E-03    0.85665E-07    0.13860E-06    0.88606E-07    0.85665E-07    0.00000E+00    0.13860E-06    0.00000E+00    0.88606E-07    0.00000E+00    0.41392E-03    0.00000E+00    0.52650E-03    0.00000E+00    0.42097E-03    0.00000E+00    0.21908E-03    0.00000E+00    0.30634E-03    0.00000E+00    0.22393E-03    0.00000E+00    0.25303E-06    0.40450E-06    0.27322E-06    0.00000E+00    0.25303E-05    0.00000E+00    0.40450E-05    0.00000E+00    0.27322E-05    0.35191E-03    0.22496E-02    0.38281E-03    0.28443E-02    0.35619E-03    0.23376E-02    0.23424E-03    0.18406E-02    0.26879E-03    0.23370E-02    0.23885E-03    0.19068E-02
12200  0    0.15529E-06    0.30884E-06    0.16924E-06    0.47976E-07    0.10731E-05    0.43494E-07    0.26535E-05    0.47569E-07    0.12168E-05    0.38716E-03    0.14650E-02    0.42889E-03    0.23037E-02    0.39114E-03    0.15600E-02    0.22890E-03    0.79010E-03    0.27769E-03    0.15484E-02    0.23334E-03    0.85904E-03    0.84664E-07    0.13048E-06    0.87209E-07    0.84664E-07    0.00000E+00    0.13048E-06    0.00000E+00    0.87209E-07    0.00000E+00    0.41149E-03    0.00000E+00    0.51085E-03    0.00000E+00    0.41763E-03    0.00000E+00    0.22234E-03    0.00000E+00    0.29837E-03    0.00000E+00    0.22656E-03    0.00000E+00    0.24764E-06    0.39802E-06    0.26769E-06    0.00000E+00    0.24764E-05    0.00000E+00    0.39802E-05    0.00000E+00    0.26769E-05    0.35281E-03    0.22255E-02    0.38136E-03    0.28214E-02    0.35675E-03    0.23138E-02    0.23749E-03    0.18233E-02    0.26736E-03    0.23225E-02    0.24147E-03    0.18899E-02
12300  1    0.19684E-06    0.34140E-06    0.20998E-06    0.90467E-07    0.10637E-05    0.72172E-07    0.26922E-05    0.88804E-07    0.12118E-05    0.56088E-03    0.14586E-02    0.60189E-03    0.23204E-02    0.56473E-03    0.15568E-02    0.44829E-03    0.78982E-03    0.52405E-03    0.15594E-02    0.45518E-03    0.85978E-03    0.15965E-06    0.21652E-06    0.16281E-06    0.15965E-06    0.00000E+00    0.21652E-06    0.00000E+00    0.16281E-06    0.00000E+00    0.56506E-03    0.00000E+00    0.65805E-03    0.00000E+00    0.57063E-03    0.00000E+00    0.43419E-03    0.00000E+00    0.54615E-03    0.00000E+00    0.44041E-03    0.00000E+00    0.24548E-06    0.40383E-06    0.26659E-06    0.00000E+00    0.24548E-05    0.00000E+00    0.40383E-05    0.00000E+00    0.26659E-05    0.55535E-03    0.22158E-02    0.57174E-03    0.28420E-02    0.55757E-03    0.23091E-02    0.46672E-03    0.18227E-02    0.51299E-03    0.23391E-02    0.47289E-03    0.18915E-02
12400  0    0.14841E-06    0.29821E-06    0.16203E-06    0.45124E-07    0.10329E-05    0.42628E-07    0.25558E-05    0.44897E-07    0.11714E-05    0.37401E-03    0.14373E-02    0.41845E-03    0.22609E-02    0.37827E-03    0.15306E-02    0.21692E-03    0.77627E-03    0.26969E-03    0.15187E-02    0.22172E-03    0.84377E-03    0.79630E-07    0.12788E-06    0.82311E-07    0.79630E-07    0.00000E+00    0.12788E-06    0.00000E+00    0.82311E-07    0.00000E+00    0.39907E-03    0.00000E+00    0.50574E-03    0.00000E+00    0.40574E-03    0.00000E+00    0.21038E-03    0.00000E+00    0.29445E-03    0.00000E+00    0.21505E-03    0.00000E+00    0.23836E-06    0.38337E-06    0.25770E-06    0.00000E+00    0.23836E-05    0.00000E+00    0.38337E-05    0.00000E+00    0.25770E-05    0.33845E-03    0.21834E-02    0.36711E-03    0.27690E-02    0.34241E-03    0.22702E-02    0.22547E-03    0.17914E-02    0.25732E-03    0.22781E-02    0.22972E-03    0.18563E-02
12500  1    0.30005E-06    0.40377E-06    0.30948E-06    0.19295E-06    0.10710E-05    0.15888E-06    0.24489E-05    0.18985E-06    0.11963E-05    0.80462E-03    0.14636E-02    0.87673E-03    0.22131E-02    0.81144E-03    0.15468E-02    0.66392E-03    0.78328E-03    0.72105E-03    0.14429E-02    0.66911E-03    0.84325E-03    0.34050E-06    0.47664E-06    0.34807E-06    0.34050E-06    0.00000E+00    0.47664E-06    0.00000E+00    0.34807E-06    0.00000E+00    0.82523E-03    0.00000E+00    0.97636E-03    0.00000E+00    0.83435E-03    0.00000E+00    0.69040E-03    0.00000E+00    0.84387E-03    0.00000E+00    0.69892E-03    0.00000E+00    0.24716E-06    0.36733E-06    0.26318E-06    0.00000E+00    0.24716E-05    0.00000E+00    0.36733E-05    0.00000E+00    0.26318E-05    0.77684E-03    0.22233E-02    0.82240E-03    0.27105E-02    0.78307E-03    0.22943E-02    0.62929E-03    0.18076E-02    0.65964E-03    0.21643E-02    0.63334E-03    0.18551E-02
12600  0    0.15364E-06    0.29331E-06    0.16634E-06    0.53477E-07    0.10016E-05    0.49440E-07    0.24387E-05    0.53110E-07    0.11323E-05    0.40589E-03    0.14154E-02    0.45186E-03    0.22085E-02    0.41029E-03    0.15049E-02    0.26682E-03    0.76411E-03    0.29532E-03    0.14767E-02    0.26941E-03    0.82889E-03    0.94372E-07    0.14832E-06    0.97369E-07    0.94372E-07    0.00000E+00    0.14832E-06    0.00000E+00    0.97369E-07    0.00000E+00    0.43445E-03    0.00000E+00    0.54464E-03    0.00000E+00    0.44129E-03    0.00000E+00    0.27850E-03    0.00000E+00    0.37237E-03    0.00000E+00    0.28372E-03    0.00000E+00    0.23115E-06    0.36581E-06    0.24910E-06    0.00000E+00    0.23115E-05    0.00000E+00    0.36581E-05    0.00000E+00    0.24910E-05    0.36521E-03    0.21501E-02    0.39743E-03    0.27048E-02    0.36966E-03    0.22321E-02    0.25154E-03    0.17633E-02    0.25680E-03    0.22150E-02    0.25224E-03    0.18236E-02
12700  0    0.14379E-06    0.28396E-06    0.15653E-06    0.45874E-07    0.97911E-06    0.43096E-07    0.24086E-05    0.45622E-07    0.11091E-05    0.37476E-03    0.13994E-02    0.41880E-03    0.21948E-02    0.37897E-03    0.14893E-02    0.22943E-03    0.75676E-03    0.26545E-03    0.14713E-02    0.23270E-03    0.82172E-03    0.80955E-07    0.12929E-06    0.83640E-07    0.80955E-07    0.00000E+00    0.12929E-06    0.00000E+00    0.83640E-07    0.00000E+00    0.40238E-03    0.00000E+00    0.50851E-03    0.00000E+00    0.40900E-03    0.00000E+00    0.23355E-03    0.00000E+00    0.31102E-03    0.00000E+00    0.23786E-03    0.00000E+00    0.22595E-06    0.36129E-06    0.24400E-06    0.00000E+00    0.22595E-05    0.00000E+00    0.36129E-05    0.00000E+00    0.24400E-05    0.33522E-03    0.21258E-02    0.36579E-03    0.26881E-02    0.33946E-03    0.22091E-02    0.22403E-03    0.17464E-02    0.24267E-03    0.22070E-02    0.22651E-03    0.18078E-02
12800  0    0.13749E-06    0.27646E-06    0.15012E-06    0.41742E-07    0.95745E-06    0.38547E-07    0.23791E-05    0.41452E-07    0.10867E-05    0.35858E-03    0.13838E-02    0.39873E-03    0.21813E-02    0.36242E-03    0.14742E-02    0.21054E-03    0.74947E-03    0.25320E-03    0.14644E-02    0.21442E-03    0.81446E-03    0.73662E-07    0.11564E-06    0.75995E-07    0.73662E-07    0.00000E+00    0.11564E-06    0.00000E+00    0.75995E-07    0.00000E+00    0.38383E-03    0.00000E+00    0.48092E-03    0.00000E+00    0.38986E-03    0.00000E+00    0.20938E-03    0.00000E+00    0.28282E-03    0.00000E+00    0.21346E-03    0.00000E+00    0.22095E-06    0.35687E-06    0.23907E-06    0.00000E+00    0.22095E-05    0.00000E+00    0.35687E-05    0.00000E+00    0.23907E-05    0.32260E-03    0.21021E-02    0.35049E-03    0.26716E-02    0.32645E-03    0.21867E-02    0.21206E-03    0.17295E-02    0.23839E-03    0.21966E-02    0.21557E-03    0.17918E-02
12900  0    0.13426E-06    0.27173E-06    0.14676E-06    0.40232E-07    0.94029E-06    0.37604E-07    0.23413E-05    0.39993E-07    0.10677E-05    0.35262E-03    0.13713E-02    0.39259E-03    0.21639E-02    0.35644E-03    0.14613E-02    0.20550E-03    0.74363E-03    0.25057E-03    0.14525E-02    0.20960E-03    0.80807E-03    0.70997E-07    0.11281E-06    0.73321E-07    0.70997E-07    0.00000E+00    0.11281E-06    0.00000E+00    0.73321E-07    0.00000E+00    0.37682E-03    0.00000E+00    0.47500E-03    0.00000E+00    0.38294E-03    0.00000E+00    0.20168E-03    0.00000E+00    0.27773E-03    0.00000E+00    0.20591E-03    0.00000E+00    0.21699E-06    0.35119E-06    0.23488E-06    0.00000E+00    0.21699E-05    0.00000E+00    0.35119E-05    0.00000E+00    0.23488E-05    0.31820E-03    0.20832E-02    0.34406E-03    0.26502E-02    0.32177E-03    0.21674E-02    0.21050E-03    0.17161E-02    0.23699E-03    0.21787E-02    0.21403E-03    0.17778E-02
13000  1    0.13373E-06    0.27245E-06    0.14634E-06    0.40431E-07    0.93302E-06    0.40861E-07    0.23159E-05    0.40470E-07    0.10587E-05    0.35298E-03    0.13660E-02    0.39834E-03    0.21522E-02    0.35734E-03    0.14552E-02    0.21421E-03    0.74098E-03    0.26758E-03    0.14513E-02    0.21906E-03    0.80555E-03    0.71349E-07    0.12258E-06    0.74195E-07    0.71349E-07    0.00000E+00    0.12258E-06    0.00000E+00    0.74195E-07    0.00000E+00    0.37775E-03    0.00000E+00    0.49514E-03    0.00000E+00    0.38522E-03    0.00000E+00    0.20656E-03    0.00000E+00    0.30446E-03    0.00000E+00    0.21200E-03    0.00000E+00    0.21531E-06    0.34739E-06    0.23292E-06    0.00000E+00    0.21531E-05    0.00000E+00    0.34739E-05    0.00000E+00    0.23292E-05    0.31768E-03    0.20752E-02    0.33975E-03    0.26359E-02    0.32071E-03    0.21583E-02    0.22421E-03    0.17099E-02    0.24914E-03    0.21769E-02    0.22753E-03    0.17722E-02
13100  2    0.14367E-06    0.27600E-06    0.15570E-06    0.52662E-07    0.91010E-06    0.43704E-07    0.23229E-05    0.51848E-07    0.10385E-05    0.42126E-03    0.13492E-02    0.45309E-03    0.21554E-02    0.42425E-03    0.14412E-02    0.30723E-03    0.73307E-03    0.36458E-03    0.14546E-02    0.31245E-03    0.79867E-03    0.92933E-07    0.13111E-06    0.95054E-07    0.92933E-07    0.00000E+00    0.13111E-06    0.00000E+00    0.95054E-07    0.00000E+00    0.43112E-03    0.00000E+00    0.51208E-03    0.00000E+00    0.43601E-03    0.00000E+00    0.29208E-03    0.00000E+00    0.38201E-03    0.00000E+00    0.29708E-03    0.00000E+00    0.21002E-06    0.34844E-06    0.22848E-06    0.00000E+00    0.21002E-05    0.00000E+00    0.34844E-05    0.00000E+00    0.22848E-05    0.40800E-03    0.20495E-02    0.42051E-03    0.26399E-02    0.40969E-03    0.21377E-02    0.32705E-03    0.16917E-02    0.35586E-03    0.21819E-02    0.33089E-03    0.17571E-02
13200  0    0.12645E-06    0.25849E-06    0.13845E-06    0.37264E-07    0.89186E-06    0.34553E-07    0.22394E-05    0.37018E-07    0.10144E-05    0.33999E-03    0.13356E-02    0.37702E-03    0.21163E-02    0.34352E-03    0.14243E-02    0.19705E-03    0.72546E-03    0.24289E-03    0.14255E-02    0.20122E-03    0.78910E-03    0.65760E-07    0.10366E-06    0.67866E-07    0.65760E-07    0.00000E+00    0.10366E-06    0.00000E+00    0.67866E-07    0.00000E+00    0.36266E-03    0.00000E+00    0.45532E-03    0.00000E+00    0.36842E-03    0.00000E+00    0.19007E-03    0.00000E+00    0.26662E-03    0.00000E+00    0.19433E-03    0.00000E+00    0.20581E-06    0.33591E-06    0.22316E-06    0.00000E+00    0.20581E-05    0.00000E+00    0.33591E-05    0.00000E+00    0.22316E-05    0.30783E-03    0.20289E-02    0.33100E-03    0.25919E-02    0.31102E-03    0.21126E-02    0.20618E-03    0.16741E-02    0.23102E-03    0.21382E-02    0.20949E-03    0.17360E-02
13300  1    0.20578E-06    0.31763E-06    0.21595E-06    0.11659E-06    0.89189E-06    0.82286E-07    0.23535E-05    0.11347E-06    0.10248E-05    0.64758E-03    0.13356E-02    0.67253E-03    0.21696E-02    0.64989E-03    0.14316E-02    0.55130E-03    0.72841E-03    0.60963E-03    0.14621E-02    0.55660E-03    0.79511E-03    0.20575E-06    0.24686E-06    0.20803E-06    0.20575E-06    0.00000E+00    0.24686E-06    0.00000E+00    0.20803E-06    0.00000E+00    0.64148E-03    0.00000E+00    0.70265E-03    0.00000E+00    0.64503E-03    0.00000E+00    0.53220E-03    0.00000E+00    0.62446E-03    0.00000E+00    0.53733E-03    0.00000E+00    0.20582E-06    0.35302E-06    0.22545E-06    0.00000E+00    0.20582E-05    0.00000E+00    0.35302E-05    0.00000E+00    0.22545E-05    0.65548E-03    0.20289E-02    0.65696E-03    0.26572E-02    0.65568E-03    0.21234E-02    0.57628E-03    0.16809E-02    0.60222E-03    0.21932E-02    0.57973E-03    0.17492E-02
13400  0    0.12210E-06    0.25071E-06    0.13379E-06    0.35678E-07    0.86423E-06    0.32775E-07    0.21793E-05    0.35415E-07    0.98378E-06    0.33322E-03    0.13147E-02    0.36807E-03    0.20877E-02    0.33654E-03    0.14027E-02    0.19297E-03    0.71501E-03    0.23851E-03    0.14104E-02    0.19711E-03    0.77822E-03    0.62962E-07    0.98326E-07    0.64927E-07    0.62962E-07    0.00000E+00    0.98326E-07    0.00000E+00    0.64927E-07    0.00000E+00    0.35486E-03    0.00000E+00    0.44346E-03    0.00000E+00    0.36035E-03    0.00000E+00    0.18451E-03    0.00000E+00    0.25957E-03    0.00000E+00    0.18868E-03    0.00000E+00    0.19944E-06    0.32690E-06    0.21643E-06    0.00000E+00    0.19944E-05    0.00000E+00    0.32690E-05    0.00000E+00    0.21643E-05    0.30259E-03    0.19972E-02    0.32387E-03    0.25570E-02    0.30551E-03    0.20805E-02    0.20403E-03    0.16500E-02    0.22798E-03    0.21155E-02    0.20722E-03    0.17121E-02
13500  1    0.12334E-06    0.25244E-06    0.13507E-06    0.37940E-07    0.85398E-06    0.35820E-07    0.21662E-05    0.37747E-07    0.97327E-06    0.34955E-03    0.13069E-02    0.38695E-03    0.20814E-02    0.35311E-03    0.13952E-02    0.21851E-03    0.71151E-03    0.27891E-03    0.14113E-02    0.22400E-03    0.77513E-03    0.66953E-07    0.10746E-06    0.69203E-07    0.66953E-07    0.00000E+00    0.10746E-06    0.00000E+00    0.69203E-07    0.00000E+00    0.36593E-03    0.00000E+00    0.46359E-03    0.00000E+00    0.37203E-03    0.00000E+00    0.20609E-03    0.00000E+00    0.30891E-03    0.00000E+00    0.21180E-03    0.00000E+00    0.19707E-06    0.32492E-06    0.21412E-06    0.00000E+00    0.19707E-05    0.00000E+00    0.32492E-05    0.00000E+00    0.21412E-05    0.32689E-03    0.19853E-02    0.34224E-03    0.25492E-02    0.32898E-03    0.20694E-02    0.23475E-03    0.16419E-02    0.26390E-03    0.21170E-02    0.23864E-03    0.17053E-02
13600  0    0.11765E-06    0.24274E-06    0.12902E-06    0.34050E-07    0.83599E-06    0.31361E-07    0.21138E-05    0.33806E-07    0.95215E-06    0.32536E-03    0.12931E-02    0.35948E-03    0.20561E-02    0.32861E-03    0.13800E-02    0.18861E-03    0.70345E-03    0.23233E-03    0.13914E-02    0.19258E-03    0.76599E-03    0.60088E-07    0.94083E-07    0.61977E-07    0.60088E-07    0.00000E+00    0.94083E-07    0.00000E+00    0.61977E-07    0.00000E+00    0.34666E-03    0.00000E+00    0.43378E-03    0.00000E+00    0.35207E-03    0.00000E+00    0.18094E-03    0.00000E+00    0.25537E-03    0.00000E+00    0.18507E-03    0.00000E+00    0.19292E-06    0.31707E-06    0.20947E-06    0.00000E+00    0.19292E-05    0.00000E+00    0.31707E-05    0.00000E+00    0.20947E-05    0.29519E-03    0.19643E-02    0.31584E-03    0.25182E-02    0.29802E-03    0.20468E-02    0.19863E-03    0.16233E-02    0.22081E-03    0.20870E-02    0.20159E-03    0.16852E-02
13700  1    0.13247E-06    0.25457E-06    0.14357E-06    0.47714E-07    0.84753E-06    0.47295E-07    0.20727E-05    0.47676E-07    0.95891E-06    0.38821E-03    0.13019E-02    0.42614E-03    0.20360E-02    0.39181E-03    0.13849E-02    0.26903E-03    0.70751E-03    0.28788E-03    0.13836E-02    0.27075E-03    0.76898E-03    0.84202E-07    0.14189E-06    0.87406E-07    0.84202E-07    0.00000E+00    0.14189E-06    0.00000E+00    0.87406E-07    0.00000E+00    0.41037E-03    0.00000E+00    0.53270E-03    0.00000E+00    0.41811E-03    0.00000E+00    0.26676E-03    0.00000E+00    0.35497E-03    0.00000E+00    0.27166E-03    0.00000E+00    0.19558E-06    0.31091E-06    0.21096E-06    0.00000E+00    0.19558E-05    0.00000E+00    0.31091E-05    0.00000E+00    0.21096E-05    0.35715E-03    0.19778E-02    0.36126E-03    0.24936E-02    0.35770E-03    0.20541E-02    0.27201E-03    0.16327E-02    0.25434E-03    0.20754E-02    0.26965E-03    0.16918E-02
13800  2    0.12799E-06    0.24743E-06    0.13885E-06    0.46861E-07    0.81127E-06    0.37099E-07    0.21034E-05    0.45974E-07    0.92873E-06    0.39973E-03    0.12738E-02    0.42305E-03    0.20510E-02    0.40190E-03    0.13629E-02    0.29596E-03    0.69517E-03    0.34773E-03    0.13918E-02    0.30067E-03    0.75850E-03    0.82696E-07    0.11130E-06    0.84285E-07    0.82696E-07    0.00000E+00    0.11130E-06    0.00000E+00    0.84285E-07    0.00000E+00    0.40668E-03    0.00000E+00    0.47180E-03    0.00000E+00    0.41057E-03    0.00000E+00    0.27932E-03    0.00000E+00    0.36380E-03    0.00000E+00    0.28402E-03    0.00000E+00    0.18722E-06    0.31550E-06    0.20432E-06    0.00000E+00    0.18722E-05    0.00000E+00    0.31550E-05    0.00000E+00    0.20432E-05    0.39045E-03    0.19350E-02    0.39644E-03    0.25120E-02    0.39125E-03    0.20215E-02    0.31773E-03    0.16042E-02    0.33969E-03    0.20878E-02    0.32066E-03    0.16687E-02
13900  3    0.17576E-06    0.27717E-06    0.18498E-06    0.90666E-07    0.85092E-06    0.74999E-07    0.20217E-05    0.89241E-07    0.95736E-06    0.54963E-03    0.13045E-02    0.55840E-03    0.20108E-02    0.55043E-03    0.13837E-02    0.42658E-03    0.71058E-03    0.39736E-03    0.13774E-02    0.42392E-03    0.77120E-03    0.16000E-06    0.22500E-06    0.16361E-06    0.16000E-06    0.00000E+00    0.22500E-06    0.00000E+00    0.16361E-06    0.00000E+00    0.56568E-03    0.00000E+00    0.67082E-03    0.00000E+00    0.57203E-03    0.00000E+00    0.43540E-03    0.00000E+00    0.46990E-03    0.00000E+00    0.43731E-03    0.00000E+00    0.19637E-06    0.30325E-06    0.21062E-06    0.00000E+00    0.19637E-05    0.00000E+00    0.30325E-05    0.00000E+00    0.21062E-05    0.52790E-03    0.19818E-02    0.49267E-03    0.24627E-02    0.52334E-03    0.20524E-02    0.41505E-03    0.16398E-02    0.36108E-03    0.20661E-02    0.40785E-03    0.16966E-02
14000  0    0.10985E-06    0.22904E-06    0.12068E-06    0.31178E-07    0.78669E-06    0.28821E-07    0.20022E-05    0.30963E-07    0.89720E-06    0.31183E-03    0.12543E-02    0.34414E-03    0.20011E-02    0.31490E-03    0.13395E-02    0.18082E-03    0.68313E-03    0.22443E-03    0.13593E-02    0.18478E-03    0.74460E-03    0.55019E-07    0.86462E-07    0.56766E-07    0.55019E-07    0.00000E+00    0.86462E-07    0.00000E+00    0.56766E-07    0.00000E+00    0.33172E-03    0.00000E+00    0.41584E-03    0.00000E+00    0.33695E-03    0.00000E+00    0.17200E-03    0.00000E+00    0.24589E-03    0.00000E+00    0.17610E-03    0.00000E+00    0.18154E-06    0.30034E-06    0.19738E-06    0.00000E+00    0.18154E-05    0.00000E+00    0.30034E-05    0.00000E+00    0.19738E-05    0.28372E-03    0.19055E-02    0.30197E-03    0.24509E-02    0.28622E-03    0.19869E-02    0.19235E-03    0.15765E-02    0.21370E-03    0.20389E-02    0.19520E-03    0.16381E-02
14100  1    0.86259E-06    0.77543E-06    0.85466E-06    0.76563E-06    0.96959E-06    0.50519E-06    0.27024E-05    0.74195E-06    0.11271E-05    0.16736E-02    0.13925E-02    0.17127E-02    0.23248E-02    0.16772E-02    0.15014E-02    0.15306E-02    0.76094E-03    0.15774E-02    0.15742E-02    0.15348E-02    0.83487E-03    0.13511E-05    0.15156E-05    0.13602E-05    0.13511E-05    0.00000E+00    0.15156E-05    0.00000E+00    0.13602E-05    0.00000E+00    0.16438E-02    0.00000E+00    0.17410E-02    0.00000E+00    0.16494E-02    0.00000E+00    0.14904E-02    0.00000E+00    0.15692E-02    0.00000E+00    0.14948E-02    0.00000E+00    0.22375E-06    0.40536E-06    0.24797E-06    0.00000E+00    0.22375E-05    0.00000E+00    0.40536E-05    0.00000E+00    0.24797E-05    0.17118E-02    0.21154E-02    0.16984E-02    0.28473E-02    0.17100E-02    0.22270E-02    0.15831E-02    0.17560E-02    0.15814E-02    0.23613E-02    0.15829E-02    0.18367E-02
14200  0    0.11316E-06    0.22841E-06    0.12364E-06    0.36911E-07    0.76247E-06    0.30310E-07    0.19810E-05    0.36311E-07    0.87324E-06    0.35101E-03    0.12349E-02    0.37421E-03    0.19905E-02    0.35318E-03    0.13215E-02    0.24235E-03    0.67466E-03    0.28912E-03    0.13542E-02    0.24660E-03    0.73644E-03    0.65137E-07    0.90930E-07    0.66570E-07    0.65137E-07    0.00000E+00    0.90930E-07    0.00000E+00    0.66570E-07    0.00000E+00    0.36093E-03    0.00000E+00    0.42645E-03    0.00000E+00    0.36488E-03    0.00000E+00    0.22726E-03    0.00000E+00    0.30224E-03    0.00000E+00    0.23143E-03    0.00000E+00    0.17595E-06    0.29714E-06    0.19211E-06    0.00000E+00    0.17595E-05    0.00000E+00    0.29714E-05    0.00000E+00    0.19211E-05    0.33759E-03    0.18759E-02    0.34514E-03    0.24378E-02    0.33861E-03    0.19602E-02    0.26209E-03    0.15569E-02    0.28255E-03    0.20312E-02    0.26482E-03    0.16202E-02
14300  0    0.10457E-06    0.21969E-06    0.11503E-06    0.29212E-07    0.75355E-06    0.27093E-07    0.19260E-05    0.29020E-07    0.86013E-06    0.30190E-03    0.12276E-02    0.33316E-03    0.19626E-02    0.30487E-03    0.13116E-02    0.17552E-03    0.67005E-03    0.21752E-03    0.13361E-02    0.17934E-03    0.73060E-03    0.51551E-07    0.81279E-07    0.53203E-07    0.51551E-07    0.00000E+00    0.81279E-07    0.00000E+00    0.53203E-07    0.00000E+00    0.32110E-03    0.00000E+00    0.40318E-03    0.00000E+00    0.32620E-03    0.00000E+00    0.16695E-03    0.00000E+00    0.23968E-03    0.00000E+00    0.17099E-03    0.00000E+00    0.17390E-06    0.28890E-06    0.18923E-06    0.00000E+00    0.17390E-05    0.00000E+00    0.28890E-05    0.00000E+00    0.18923E-05    0.27478E-03    0.18649E-02    0.29191E-03    0.24037E-02    0.27713E-03    0.19454E-02    0.18673E-03    0.15463E-02    0.20644E-03    0.20041E-02    0.18936E-03    0.16073E-02
14400  1    0.89992E-06    0.75972E-06    0.88717E-06    0.79809E-06    0.10182E-05    0.55497E-06    0.20475E-05    0.77599E-06    0.11118E-05    0.16799E-02    0.14270E-02    0.17355E-02    0.20236E-02    0.16851E-02    0.14912E-02    0.15284E-02    0.78053E-03    0.15765E-02    0.13844E-02    0.15327E-02    0.83543E-03    0.14084E-05    0.16649E-05    0.14227E-05    0.14084E-05    0.00000E+00    0.16649E-05    0.00000E+00    0.14227E-05    0.00000E+00    0.16783E-02    0.00000E+00    0.18248E-02    0.00000E+00    0.16868E-02    0.00000E+00    0.15233E-02    0.00000E+00    0.16870E-02    0.00000E+00    0.15324E-02    0.00000E+00    0.23497E-06    0.30713E-06    0.24459E-06    0.00000E+00    0.23497E-05    0.00000E+00    0.30713E-05    0.00000E+00    0.24459E-05    0.16820E-02    0.21678E-02    0.16891E-02    0.24784E-02    0.16829E-02    0.22118E-02    0.15350E-02    0.18012E-02    0.15212E-02    0.20766E-02    0.15331E-02    0.18379E-02
14500  0    0.10152E-06    0.21226E-06    0.11159E-06    0.28366E-07    0.73157E-06    0.25481E-07    0.18677E-05    0.28104E-07    0.83486E-06    0.29631E-03    0.12096E-02    0.32516E-03    0.19327E-02    0.29904E-03    0.12922E-02    0.17343E-03    0.66145E-03    0.20834E-03    0.13144E-02    0.17660E-03    0.72080E-03    0.50058E-07    0.76444E-07    0.51524E-07    0.50058E-07    0.00000E+00    0.76444E-07    0.00000E+00    0.51524E-07    0.00000E+00    0.31641E-03    0.00000E+00    0.39101E-03    0.00000E+00    0.32101E-03    0.00000E+00    0.16965E-03    0.00000E+00    0.23359E-03    0.00000E+00    0.17321E-03    0.00000E+00    0.16882E-06    0.28016E-06    0.18367E-06    0.00000E+00    0.16882E-05    0.00000E+00    0.28016E-05    0.00000E+00    0.18367E-05    0.26775E-03    0.18375E-02    0.28662E-03    0.23671E-02    0.27034E-03    0.19166E-02    0.17836E-03    0.15264E-02    0.19571E-03    0.19716E-02    0.18067E-03    0.15858E-02
14600  0    0.10099E-06    0.21005E-06    0.11091E-06    0.28692E-07    0.72301E-06    0.25913E-07    0.18414E-05    0.28440E-07    0.82468E-06    0.29735E-03    0.12025E-02    0.32717E-03    0.19191E-02    0.30019E-03    0.12843E-02    0.17770E-03    0.65833E-03    0.20749E-03    0.13058E-02    0.18040E-03    0.71719E-03    0.50633E-07    0.77740E-07    0.52139E-07    0.50633E-07    0.00000E+00    0.77740E-07    0.00000E+00    0.52139E-07    0.00000E+00    0.31822E-03    0.00000E+00    0.39431E-03    0.00000E+00    0.32292E-03    0.00000E+00    0.17758E-03    0.00000E+00    0.23724E-03    0.00000E+00    0.18089E-03    0.00000E+00    0.16685E-06    0.27621E-06    0.18143E-06    0.00000E+00    0.16685E-05    0.00000E+00    0.27621E-05    0.00000E+00    0.18143E-05    0.26762E-03    0.18267E-02    0.28779E-03    0.23503E-02    0.27040E-03    0.19049E-02    0.17785E-03    0.15192E-02    0.19261E-03    0.19588E-02    0.17982E-03    0.15778E-02
14700  0    0.98812E-07    0.20964E-06    0.10889E-06    0.27224E-07    0.71588E-06    0.26119E-07    0.18352E-05    0.27124E-07    0.81764E-06    0.29093E-03    0.11966E-02    0.32314E-03    0.19158E-02    0.29400E-03    0.12788E-02    0.17266E-03    0.65559E-03    0.21518E-03    0.13069E-02    0.17653E-03    0.71480E-03    0.48042E-07    0.78356E-07    0.49727E-07    0.48042E-07    0.00000E+00    0.78356E-07    0.00000E+00    0.49727E-07    0.00000E+00    0.30998E-03    0.00000E+00    0.39587E-03    0.00000E+00    0.31536E-03    0.00000E+00    0.16525E-03    0.00000E+00    0.24431E-03    0.00000E+00    0.16964E-03    0.00000E+00    0.16520E-06    0.27528E-06    0.17988E-06    0.00000E+00    0.16520E-05    0.00000E+00    0.27528E-05    0.00000E+00    0.17988E-05    0.26395E-03    0.18177E-02    0.27978E-03    0.23464E-02    0.26612E-03    0.18967E-02    0.18236E-03    0.15129E-02    0.20062E-03    0.19604E-02    0.18479E-03    0.15726E-02
14800  0    0.97093E-07    0.20272E-06    0.10670E-06    0.27062E-07    0.70031E-06    0.22290E-07    0.18043E-05    0.26628E-07    0.80068E-06    0.29298E-03    0.11835E-02    0.31310E-03    0.18997E-02    0.29487E-03    0.12654E-02    0.17764E-03    0.64901E-03    0.20118E-03    0.12917E-02    0.17978E-03    0.70743E-03    0.47756E-07    0.66871E-07    0.48818E-07    0.47756E-07    0.00000E+00    0.66871E-07    0.00000E+00    0.48818E-07    0.00000E+00    0.30905E-03    0.00000E+00    0.36571E-03    0.00000E+00    0.31247E-03    0.00000E+00    0.17293E-03    0.00000E+00    0.21534E-03    0.00000E+00    0.17528E-03    0.00000E+00    0.16161E-06    0.27065E-06    0.17615E-06    0.00000E+00    0.16161E-05    0.00000E+00    0.27065E-05    0.00000E+00    0.17615E-05    0.27053E-03    0.17978E-02    0.28315E-03    0.23266E-02    0.27225E-03    0.18770E-02    0.18381E-03    0.14977E-02    0.19410E-03    0.19376E-02    0.18518E-03    0.15564E-02
14900  1    0.97077E-07    0.20677E-06    0.10705E-06    0.27256E-07    0.69822E-06    0.26901E-07    0.17987E-05    0.27223E-07    0.79826E-06    0.29300E-03    0.11817E-02    0.32684E-03    0.18967E-02    0.29624E-03    0.12635E-02    0.18289E-03    0.64865E-03    0.23094E-03    0.12965E-02    0.18726E-03    0.70755E-03    0.48098E-07    0.80702E-07    0.49909E-07    0.48098E-07    0.00000E+00    0.80702E-07    0.00000E+00    0.49909E-07    0.00000E+00    0.31016E-03    0.00000E+00    0.40175E-03    0.00000E+00    0.31594E-03    0.00000E+00    0.17589E-03    0.00000E+00    0.27437E-03    0.00000E+00    0.18136E-03    0.00000E+00    0.16113E-06    0.26980E-06    0.17562E-06    0.00000E+00    0.16113E-05    0.00000E+00    0.26980E-05    0.00000E+00    0.17562E-05    0.26893E-03    0.17951E-02    0.28202E-03    0.23229E-02    0.27071E-03    0.18741E-02    0.19204E-03    0.14969E-02    0.20922E-03    0.19448E-02    0.19433E-03    0.15566E-02
15000  2    0.60839E-06    0.57507E-06    0.60536E-06    0.52581E-06    0.82574E-06    0.34193E-06    0.23313E-05    0.50910E-06    0.96261E-06    0.13867E-02    0.12851E-02    0.14148E-02    0.21593E-02    0.13892E-02    0.13875E-02    0.12639E-02    0.70774E-03    0.12992E-02    0.14808E-02    0.12671E-02    0.77801E-03    0.92791E-06    0.10258E-05    0.93335E-06    0.92791E-06    0.00000E+00    0.10258E-05    0.00000E+00    0.93335E-06    0.00000E+00    0.13623E-02    0.00000E+00    0.14323E-02    0.00000E+00    0.13663E-02    0.00000E+00    0.12324E-02    0.00000E+00    0.12831E-02    0.00000E+00    0.12352E-02    0.00000E+00    0.19055E-06    0.34970E-06    0.21177E-06    0.00000E+00    0.19055E-05    0.00000E+00    0.34970E-05    0.00000E+00    0.21177E-05    0.14179E-02    0.19522E-02    0.14060E-02    0.26446E-02    0.14163E-02    0.20580E-02    0.13052E-02    0.16332E-02    0.13073E-02    0.22211E-02    0.13054E-02    0.17116E-02
15100  0    0.92387E-07    0.19627E-06    0.10183E-06    0.24888E-07    0.67499E-06    0.21916E-07    0.17436E-05    0.24618E-07    0.77213E-06    0.27917E-03    0.11619E-02    0.30419E-03    0.18674E-02    0.28153E-03    0.12427E-02    0.16298E-03    0.63853E-03    0.19577E-03    0.12720E-02    0.16596E-03    0.69612E-03    0.43920E-07    0.65748E-07    0.45133E-07    0.43920E-07    0.00000E+00    0.65748E-07    0.00000E+00    0.45133E-07    0.00000E+00    0.29638E-03    0.00000E+00    0.36262E-03    0.00000E+00    0.30044E-03    0.00000E+00    0.15645E-03    0.00000E+00    0.21783E-03    0.00000E+00    0.15986E-03    0.00000E+00    0.15577E-06    0.26154E-06    0.16987E-06    0.00000E+00    0.15577E-05    0.00000E+00    0.26154E-05    0.00000E+00    0.16987E-05    0.25491E-03    0.17650E-02    0.27028E-03    0.22871E-02    0.25701E-03    0.18432E-02    0.17152E-03    0.14735E-02    0.18474E-03    0.19080E-02    0.17328E-03    0.15315E-02
15200  0    0.92705E-07    0.19476E-06    0.10198E-06    0.25799E-07    0.66905E-06    0.23302E-07    0.17145E-05    0.25572E-07    0.76410E-06    0.28209E-03    0.11568E-02    0.31086E-03    0.18518E-02    0.28482E-03    0.12362E-02    0.16986E-03    0.63618E-03    0.19450E-03    0.12620E-02    0.17210E-03    0.69307E-03    0.45528E-07    0.69905E-07    0.46883E-07    0.45528E-07    0.00000E+00    0.69905E-07    0.00000E+00    0.46883E-07    0.00000E+00    0.30176E-03    0.00000E+00    0.37391E-03    0.00000E+00    0.30621E-03    0.00000E+00    0.17119E-03    0.00000E+00    0.22320E-03    0.00000E+00    0.17408E-03    0.00000E+00    0.15440E-06    0.25718E-06    0.16810E-06    0.00000E+00    0.15440E-05    0.00000E+00    0.25718E-05    0.00000E+00    0.16810E-05    0.25408E-03    0.17573E-02    0.27394E-03    0.22680E-02    0.25682E-03    0.18336E-02    0.16812E-03    0.14681E-02    0.18014E-03    0.18929E-02    0.16972E-03    0.15247E-02
15300  1    0.19626E-06    0.27646E-06    0.20355E-06    0.11992E-06    0.76343E-06    0.94341E-07    0.18212E-05    0.11760E-06    0.85959E-06    0.64749E-03    0.12357E-02    0.62851E-03    0.19085E-02    0.64578E-03    0.13112E-02    0.53742E-03    0.67794E-03    0.55096E-03    0.13373E-02    0.53866E-03    0.73788E-03    0.21163E-06    0.28302E-06    0.21559E-06    0.21163E-06    0.00000E+00    0.28302E-06    0.00000E+00    0.21559E-06    0.00000E+00    0.65058E-03    0.00000E+00    0.75236E-03    0.00000E+00    0.65665E-03    0.00000E+00    0.52900E-03    0.00000E+00    0.67568E-03    0.00000E+00    0.53715E-03    0.00000E+00    0.17618E-06    0.27318E-06    0.18911E-06    0.00000E+00    0.17618E-05    0.00000E+00    0.27318E-05    0.00000E+00    0.18911E-05    0.64342E-03    0.18771E-02    0.55634E-03    0.23374E-02    0.63250E-03    0.19448E-02    0.54845E-03    0.15645E-02    0.48860E-03    0.20059E-02    0.54047E-03    0.16233E-02
15400  0    0.90337E-07    0.19265E-06    0.99638E-07    0.25110E-07    0.65227E-06    0.22048E-07    0.17060E-05    0.24831E-07    0.74807E-06    0.28665E-03    0.11422E-02    0.30989E-03    0.18472E-02    0.28884E-03    0.12232E-02    0.17842E-03    0.63055E-03    0.22022E-03    0.12587E-02    0.18222E-03    0.68766E-03    0.44311E-07    0.66144E-07    0.45524E-07    0.44311E-07    0.00000E+00    0.66144E-07    0.00000E+00    0.45524E-07    0.00000E+00    0.29770E-03    0.00000E+00    0.36371E-03    0.00000E+00    0.30174E-03    0.00000E+00    0.16553E-03    0.00000E+00    0.23889E-03    0.00000E+00    0.16960E-03    0.00000E+00    0.15052E-06    0.25590E-06    0.16457E-06    0.00000E+00    0.15052E-05    0.00000E+00    0.25590E-05    0.00000E+00    0.16457E-05    0.27153E-03    0.17351E-02    0.27912E-03    0.22623E-02    0.27256E-03    0.18142E-02    0.19528E-03    0.14551E-02    0.21088E-03    0.18881E-02    0.19736E-03    0.15128E-02
15500  0    0.87521E-07    0.18783E-06    0.96640E-07    0.23395E-07    0.64126E-06    0.20134E-07    0.16769E-05    0.23098E-07    0.73541E-06    0.27399E-03    0.11325E-02    0.29587E-03    0.18314E-02    0.27605E-03    0.12128E-02    0.16186E-03    0.62510E-03    0.19738E-03    0.12479E-02    0.16509E-03    0.68172E-03    0.41285E-07    0.60401E-07    0.42347E-07    0.41285E-07    0.00000E+00    0.60401E-07    0.00000E+00    0.42347E-07    0.00000E+00    0.28735E-03    0.00000E+00    0.34757E-03    0.00000E+00    0.29102E-03    0.00000E+00    0.15048E-03    0.00000E+00    0.21336E-03    0.00000E+00    0.15398E-03    0.00000E+00    0.14798E-06    0.25154E-06    0.16179E-06    0.00000E+00    0.14798E-05    0.00000E+00    0.25154E-05    0.00000E+00    0.16179E-05    0.25548E-03    0.17204E-02    0.26629E-03    0.22429E-02    0.25695E-03    0.17988E-02    0.17673E-03    0.14425E-02    0.18939E-03    0.18718E-02    0.17842E-03    0.14998E-02
15600  0    0.86494E-07    0.18609E-06    0.95548E-07    0.23067E-07    0.63427E-06    0.19866E-07    0.16622E-05    0.22776E-07    0.72772E-06    0.27283E-03    0.11263E-02    0.29450E-03    0.18233E-02    0.27487E-03    0.12064E-02    0.16210E-03    0.62223E-03    0.19733E-03    0.12434E-02    0.16530E-03    0.67869E-03    0.40707E-07    0.59598E-07    0.41756E-07    0.40707E-07    0.00000E+00    0.59598E-07    0.00000E+00    0.41756E-07    0.00000E+00    0.28533E-03    0.00000E+00    0.34525E-03    0.00000E+00    0.28899E-03    0.00000E+00    0.15004E-03    0.00000E+00    0.21304E-03    0.00000E+00    0.15354E-03    0.00000E+00    0.14637E-06    0.24933E-06    0.16010E-06    0.00000E+00    0.14637E-05    0.00000E+00    0.24933E-05    0.00000E+00    0.16010E-05    0.25557E-03    0.17110E-02    0.26551E-03    0.22331E-02    0.25692E-03    0.17894E-02    0.17787E-03    0.14359E-02    0.18948E-03    0.18650E-02    0.17942E-03    0.14931E-02
15700  0    0.86384E-07    0.18074E-06    0.94962E-07    0.24020E-07    0.62364E-06    0.17396E-07    0.16334E-05    0.23418E-07    0.71544E-06    0.28017E-03    0.11168E-02    0.28848E-03    0.18074E-02    0.28094E-03    0.11962E-02    0.18208E-03    0.61658E-03    0.19409E-03    0.12266E-02    0.18317E-03    0.67203E-03    0.42389E-07    0.52187E-07    0.42933E-07    0.42389E-07    0.00000E+00    0.52187E-07    0.00000E+00    0.42933E-07    0.00000E+00    0.29117E-03    0.00000E+00    0.32307E-03    0.00000E+00    0.29303E-03    0.00000E+00    0.17529E-03    0.00000E+00    0.19464E-03    0.00000E+00    0.17637E-03    0.00000E+00    0.14392E-06    0.24501E-06    0.15740E-06    0.00000E+00    0.14392E-05    0.00000E+00    0.24501E-05    0.00000E+00    0.15740E-05    0.26511E-03    0.16966E-02    0.26952E-03    0.22137E-02    0.26570E-03    0.17742E-02    0.19095E-03    0.14229E-02    0.19381E-03    0.18399E-02    0.19133E-03    0.14785E-02
15800  1    0.94176E-07    0.18344E-06    0.10229E-06    0.31374E-07    0.62802E-06    0.19582E-07    0.16385E-05    0.30302E-07    0.71988E-06    0.32082E-03    0.11207E-02    0.32817E-03    0.18103E-02    0.32149E-03    0.11999E-02    0.23110E-03    0.62255E-03    0.23375E-03    0.12248E-02    0.23134E-03    0.67730E-03    0.55366E-07    0.58746E-07    0.55554E-07    0.55366E-07    0.00000E+00    0.58746E-07    0.00000E+00    0.55554E-07    0.00000E+00    0.33276E-03    0.00000E+00    0.34277E-03    0.00000E+00    0.33333E-03    0.00000E+00    0.23423E-03    0.00000E+00    0.21740E-03    0.00000E+00    0.23329E-03    0.00000E+00    0.14493E-06    0.24578E-06    0.15837E-06    0.00000E+00    0.14493E-05    0.00000E+00    0.24578E-05    0.00000E+00    0.15837E-05    0.30449E-03    0.17025E-02    0.32062E-03    0.22171E-02    0.30669E-03    0.17797E-02    0.22700E-03    0.14366E-02    0.24193E-03    0.18372E-02    0.22899E-03    0.14901E-02
15900  0    0.82631E-07    0.17856E-06    0.91352E-07    0.21373E-07    0.61259E-06    0.18479E-07    0.16008E-05    0.21110E-07    0.70242E-06    0.26030E-03    0.11069E-02    0.28240E-03    0.17893E-02    0.26239E-03    0.11853E-02    0.15259E-03    0.61267E-03    0.18090E-03    0.12188E-02    0.15517E-03    0.66778E-03    0.37716E-07    0.55438E-07    0.38701E-07    0.37716E-07    0.00000E+00    0.55438E-07    0.00000E+00    0.38701E-07    0.00000E+00    0.27465E-03    0.00000E+00    0.33298E-03    0.00000E+00    0.27821E-03    0.00000E+00    0.14500E-03    0.00000E+00    0.20097E-03    0.00000E+00    0.14811E-03    0.00000E+00    0.14137E-06    0.24012E-06    0.15453E-06    0.00000E+00    0.14137E-05    0.00000E+00    0.24012E-05    0.00000E+00    0.15453E-05    0.24024E-03    0.16815E-02    0.25335E-03    0.21914E-02    0.24203E-03    0.17580E-02    0.16252E-03    0.14139E-02    0.17087E-03    0.18283E-02    0.16363E-03    0.14691E-02
16000  1    0.11020E-06    0.18223E-06    0.11675E-06    0.49557E-07    0.60639E-06    0.21003E-07    0.16123E-05    0.46961E-07    0.69784E-06    0.42331E-03    0.11013E-02    0.37165E-03    0.17957E-02    0.41887E-03    0.11814E-02    0.33899E-03    0.60898E-03    0.30380E-03    0.12123E-02    0.33579E-03    0.66382E-03    0.87454E-07    0.63008E-07    0.86096E-07    0.87454E-07    0.00000E+00    0.63008E-07    0.00000E+00    0.86096E-07    0.00000E+00    0.41822E-03    0.00000E+00    0.35499E-03    0.00000E+00    0.41496E-03    0.00000E+00    0.32720E-03    0.00000E+00    0.29173E-03    0.00000E+00    0.32523E-03    0.00000E+00    0.13994E-06    0.24185E-06    0.15352E-06    0.00000E+00    0.13994E-05    0.00000E+00    0.24185E-05    0.00000E+00    0.15352E-05    0.42986E-03    0.16729E-02    0.37971E-03    0.21993E-02    0.42352E-03    0.17523E-02    0.35440E-03    0.14053E-02    0.30984E-03    0.18184E-02    0.34846E-03    0.14604E-02
16100  2    0.22864E-05    0.17945E-05    0.22417E-05    0.21623E-05    0.12411E-05    0.14567E-05    0.33785E-05    0.20981E-05    0.14354E-05    0.28024E-02    0.15755E-02    0.28936E-02    0.25994E-02    0.28108E-02    0.16944E-02    0.25804E-02    0.86024E-03    0.27050E-02    0.18284E-02    0.25917E-02    0.94825E-03    0.38158E-05    0.43700E-05    0.38466E-05    0.38158E-05    0.00000E+00    0.43700E-05    0.00000E+00    0.38466E-05    0.00000E+00    0.27625E-02    0.00000E+00    0.29563E-02    0.00000E+00    0.27737E-02    0.00000E+00    0.25350E-02    0.00000E+00    0.27509E-02    0.00000E+00    0.25470E-02    0.00000E+00    0.28641E-06    0.50678E-06    0.31579E-06    0.00000E+00    0.28641E-05    0.00000E+00    0.50678E-05    0.00000E+00    0.31579E-05    0.28538E-02    0.23934E-02    0.28617E-02    0.31836E-02    0.28548E-02    0.25131E-02    0.26397E-02    0.19852E-02    0.26821E-02    0.27426E-02    0.26454E-02    0.20862E-02
16200  0    0.79515E-07    0.17303E-06    0.88016E-07    0.20353E-07    0.59162E-06    0.17334E-07    0.15570E-05    0.20078E-07    0.67938E-06    0.25548E-03    0.10878E-02    0.27588E-03    0.17646E-02    0.25740E-03    0.11657E-02    0.15036E-03    0.60373E-03    0.17932E-03    0.12013E-02    0.15299E-03    0.65806E-03    0.35917E-07    0.52003E-07    0.36810E-07    0.35917E-07    0.00000E+00    0.52003E-07    0.00000E+00    0.36810E-07    0.00000E+00    0.26802E-03    0.00000E+00    0.32250E-03    0.00000E+00    0.27133E-03    0.00000E+00    0.14110E-03    0.00000E+00    0.19664E-03    0.00000E+00    0.14419E-03    0.00000E+00    0.13653E-06    0.23354E-06    0.14946E-06    0.00000E+00    0.13653E-05    0.00000E+00    0.23354E-05    0.00000E+00    0.14946E-05    0.23810E-03    0.16524E-02    0.24932E-03    0.21612E-02    0.23963E-03    0.17290E-02    0.16247E-03    0.13932E-02    0.17066E-03    0.18020E-02    0.16356E-03    0.14477E-02
16300  0    0.94067E-07    0.17145E-06    0.10110E-06    0.35224E-07    0.58843E-06    0.16461E-07    0.15499E-05    0.33518E-07    0.67583E-06    0.35044E-03    0.10848E-02    0.33919E-03    0.17606E-02    0.34943E-03    0.11626E-02    0.28325E-03    0.59779E-03    0.27652E-03    0.11886E-02    0.28264E-03    0.65150E-03    0.62160E-07    0.49383E-07    0.61450E-07    0.62160E-07    0.00000E+00    0.49383E-07    0.00000E+00    0.61450E-07    0.00000E+00    0.35259E-03    0.00000E+00    0.31427E-03    0.00000E+00    0.35057E-03    0.00000E+00    0.28232E-03    0.00000E+00    0.24296E-03    0.00000E+00    0.28013E-03    0.00000E+00    0.13579E-06    0.23248E-06    0.14868E-06    0.00000E+00    0.13579E-05    0.00000E+00    0.23248E-05    0.00000E+00    0.14868E-05    0.34761E-03    0.16480E-02    0.35099E-03    0.21563E-02    0.34806E-03    0.17244E-02    0.28446E-03    0.13795E-02    0.29330E-03    0.17829E-02    0.28564E-03    0.14333E-02
16400  0    0.77437E-07    0.16919E-06    0.85778E-07    0.19591E-07    0.57846E-06    0.16693E-07    0.15250E-05    0.19328E-07    0.66450E-06    0.25087E-03    0.10756E-02    0.27120E-03    0.17464E-02    0.25278E-03    0.11528E-02    0.14783E-03    0.59779E-03    0.17476E-03    0.11885E-02    0.15028E-03    0.65149E-03    0.34573E-07    0.50078E-07    0.35434E-07    0.34573E-07    0.00000E+00    0.50078E-07    0.00000E+00    0.35434E-07    0.00000E+00    0.26296E-03    0.00000E+00    0.31647E-03    0.00000E+00    0.26621E-03    0.00000E+00    0.13886E-03    0.00000E+00    0.19277E-03    0.00000E+00    0.14185E-03    0.00000E+00    0.13349E-06    0.22875E-06    0.14619E-06    0.00000E+00    0.13349E-05    0.00000E+00    0.22875E-05    0.00000E+00    0.14619E-05    0.23411E-03    0.16340E-02    0.24545E-03    0.21389E-02    0.23566E-03    0.17099E-02    0.15956E-03    0.13795E-02    0.16576E-03    0.17828E-02    0.16039E-03    0.14333E-02
16500  1    0.90789E-07    0.18474E-06    0.99330E-07    0.31344E-07    0.59445E-06    0.31183E-07    0.15356E-05    0.31329E-07    0.68001E-06    0.31975E-03    0.10904E-02    0.34520E-03    0.17525E-02    0.32215E-03    0.11662E-02    0.24354E-03    0.60657E-03    0.26568E-03    0.12083E-02    0.24555E-03    0.66127E-03    0.55313E-07    0.93549E-07    0.57437E-07    0.55313E-07    0.00000E+00    0.93549E-07    0.00000E+00    0.57437E-07    0.00000E+00    0.33260E-03    0.00000E+00    0.43255E-03    0.00000E+00    0.33893E-03    0.00000E+00    0.24016E-03    0.00000E+00    0.35292E-03    0.00000E+00    0.24643E-03    0.00000E+00    0.13718E-06    0.23034E-06    0.14960E-06    0.00000E+00    0.13718E-05    0.00000E+00    0.23034E-05    0.00000E+00    0.14960E-05    0.30212E-03    0.16564E-02    0.29188E-03    0.21463E-02    0.30077E-03    0.17298E-02    0.24795E-03    0.13998E-02    0.22205E-03    0.18124E-02    0.24449E-03    0.14548E-02
16600  2    0.21933E-05    0.17316E-05    0.21513E-05    0.20736E-05    0.11968E-05    0.14083E-05    0.32325E-05    0.20131E-05    0.13818E-05    0.27402E-02    0.15471E-02    0.28445E-02    0.25426E-02    0.27498E-02    0.16624E-02    0.25161E-02    0.84978E-03    0.26629E-02    0.17955E-02    0.25294E-02    0.93576E-03    0.36593E-05    0.42250E-05    0.36907E-05    0.36593E-05    0.00000E+00    0.42250E-05    0.00000E+00    0.36907E-05    0.00000E+00    0.27053E-02    0.00000E+00    0.29069E-02    0.00000E+00    0.27169E-02    0.00000E+00    0.24778E-02    0.00000E+00    0.27089E-02    0.00000E+00    0.24906E-02    0.00000E+00    0.27618E-06    0.48487E-06    0.30400E-06    0.00000E+00    0.27618E-05    0.00000E+00    0.48487E-05    0.00000E+00    0.30400E-05    0.27851E-02    0.23502E-02    0.28127E-02    0.31141E-02    0.27888E-02    0.24658E-02    0.25661E-02    0.19610E-02    0.26399E-02    0.26933E-02    0.25760E-02    0.20587E-02
16700  0    0.74685E-07    0.16415E-06    0.82818E-07    0.18659E-07    0.56026E-06    0.15798E-07    0.14836E-05    0.18399E-07    0.64420E-06    0.24551E-03    0.10585E-02    0.26508E-03    0.17225E-02    0.24735E-03    0.11351E-02    0.14499E-03    0.58966E-03    0.17187E-03    0.11715E-02    0.14743E-03    0.64255E-03    0.32927E-07    0.47394E-07    0.33731E-07    0.32927E-07    0.00000E+00    0.47394E-07    0.00000E+00    0.33731E-07    0.00000E+00    0.25662E-03    0.00000E+00    0.30788E-03    0.00000E+00    0.25973E-03    0.00000E+00    0.13540E-03    0.00000E+00    0.18902E-03    0.00000E+00    0.13837E-03    0.00000E+00    0.12929E-06    0.22253E-06    0.14172E-06    0.00000E+00    0.12929E-05    0.00000E+00    0.22253E-05    0.00000E+00    0.14172E-05    0.23017E-03    0.16080E-02    0.24085E-03    0.21097E-02    0.23162E-03    0.16836E-02    0.15754E-03    0.13608E-02    0.16329E-03    0.17572E-02    0.15830E-03    0.14136E-02
16800  0    0.73593E-07    0.16206E-06    0.81635E-07    0.18279E-07    0.55314E-06    0.15573E-07    0.14648E-05    0.18033E-07    0.63602E-06    0.24229E-03    0.10518E-02    0.26282E-03    0.17116E-02    0.24422E-03    0.11278E-02    0.14283E-03    0.58607E-03    0.16893E-03    0.11628E-02    0.14521E-03    0.63850E-03    0.32257E-07    0.46718E-07    0.33061E-07    0.32257E-07    0.00000E+00    0.46718E-07    0.00000E+00    0.33061E-07    0.00000E+00    0.25400E-03    0.00000E+00    0.30567E-03    0.00000E+00    0.25714E-03    0.00000E+00    0.13423E-03    0.00000E+00    0.18645E-03    0.00000E+00    0.13713E-03    0.00000E+00    0.12765E-06    0.21973E-06    0.13992E-06    0.00000E+00    0.12765E-05    0.00000E+00    0.21973E-05    0.00000E+00    0.13992E-05    0.22606E-03    0.15978E-02    0.23852E-03    0.20963E-02    0.22776E-03    0.16729E-02    0.15409E-03    0.13525E-02    0.16017E-03    0.17442E-02    0.15490E-03    0.14047E-02
16900  1    0.31105E-06    0.34508E-06    0.31414E-06    0.25023E-06    0.60822E-06    0.16670E-06    0.17838E-05    0.24263E-06    0.71509E-06    0.96157E-03    0.11029E-02    0.98100E-03    0.18888E-02    0.96335E-03    0.11959E-02    0.87230E-03    0.61651E-03    0.89300E-03    0.13012E-02    0.87419E-03    0.67875E-03    0.44158E-06    0.50009E-06    0.44483E-06    0.44158E-06    0.00000E+00    0.50009E-06    0.00000E+00    0.44483E-06    0.00000E+00    0.93976E-03    0.00000E+00    0.10001E-02    0.00000E+00    0.94322E-03    0.00000E+00    0.84422E-03    0.00000E+00    0.88186E-03    0.00000E+00    0.84631E-03    0.00000E+00    0.14036E-06    0.26757E-06    0.15732E-06    0.00000E+00    0.14036E-05    0.00000E+00    0.26757E-05    0.00000E+00    0.15732E-05    0.98936E-03    0.16755E-02    0.97132E-03    0.23133E-02    0.98698E-03    0.17738E-02    0.90903E-03    0.14227E-02    0.89857E-03    0.19517E-02    0.90763E-03    0.14933E-02
17000  0    0.72233E-07    0.15948E-06    0.80165E-07    0.18060E-07    0.54174E-06    0.14896E-07    0.14458E-05    0.17772E-07    0.62393E-06    0.24336E-03    0.10409E-02    0.26087E-03    0.17005E-02    0.24501E-03    0.11171E-02    0.14605E-03    0.58125E-03    0.17381E-03    0.11545E-02    0.14857E-03    0.63336E-03    0.31870E-07    0.44689E-07    0.32582E-07    0.31870E-07    0.00000E+00    0.44689E-07    0.00000E+00    0.32582E-07    0.00000E+00    0.25247E-03    0.00000E+00    0.29896E-03    0.00000E+00    0.25527E-03    0.00000E+00    0.13401E-03    0.00000E+00    0.18683E-03    0.00000E+00    0.13695E-03    0.00000E+00    0.12502E-06    0.21688E-06    0.13726E-06    0.00000E+00    0.12502E-05    0.00000E+00    0.21688E-05    0.00000E+00    0.13726E-05    0.23091E-03    0.15812E-02    0.23957E-03    0.20827E-02    0.23209E-03    0.16569E-02    0.16179E-03    0.13413E-02    0.16730E-03    0.17318E-02    0.16252E-03    0.13934E-02
17100  0    0.73273E-07    0.15632E-06    0.80823E-07    0.19589E-07    0.53685E-06    0.15686E-07    0.14063E-05    0.19234E-07    0.61589E-06    0.24830E-03    0.10362E-02    0.26901E-03    0.16771E-02    0.25025E-03    0.11099E-02    0.15445E-03    0.57730E-03    0.16716E-03    0.11375E-02    0.15560E-03    0.62823E-03    0.34568E-07    0.47058E-07    0.35262E-07    0.34568E-07    0.00000E+00    0.47058E-07    0.00000E+00    0.35262E-07    0.00000E+00    0.26294E-03    0.00000E+00    0.30678E-03    0.00000E+00    0.26556E-03    0.00000E+00    0.15747E-03    0.00000E+00    0.18416E-03    0.00000E+00    0.15895E-03    0.00000E+00    0.12389E-06    0.21095E-06    0.13550E-06    0.00000E+00    0.12389E-05    0.00000E+00    0.21095E-05    0.00000E+00    0.13550E-05    0.22775E-03    0.15741E-02    0.24797E-03    0.20540E-02    0.23055E-03    0.16462E-02    0.15050E-03    0.13322E-02    0.15866E-03    0.17063E-02    0.15158E-03    0.13821E-02
17200  1    0.16125E-06    0.23703E-06    0.16814E-06    0.10563E-06    0.55618E-06    0.76184E-07    0.16085E-05    0.10296E-06    0.65184E-06    0.62720E-03    0.10547E-02    0.64747E-03    0.17936E-02    0.62907E-03    0.11418E-02    0.55465E-03    0.59319E-03    0.58464E-03    0.12178E-02    0.55737E-03    0.64998E-03    0.18641E-06    0.22855E-06    0.18875E-06    0.18641E-06    0.00000E+00    0.22855E-06    0.00000E+00    0.18875E-06    0.00000E+00    0.61059E-03    0.00000E+00    0.67609E-03    0.00000E+00    0.61441E-03    0.00000E+00    0.53487E-03    0.00000E+00    0.60618E-03    0.00000E+00    0.53883E-03    0.00000E+00    0.12835E-06    0.24128E-06    0.14341E-06    0.00000E+00    0.12835E-05    0.00000E+00    0.24128E-05    0.00000E+00    0.14341E-05    0.64828E-03    0.16022E-02    0.63268E-03    0.21967E-02    0.64623E-03    0.16935E-02    0.58050E-03    0.13689E-02    0.57388E-03    0.18267E-02    0.57962E-03    0.14300E-02
17300  0    0.69499E-07    0.15259E-06    0.77052E-07    0.17194E-07    0.52305E-06    0.13136E-07    0.13945E-05    0.16825E-07    0.60227E-06    0.23702E-03    0.10228E-02    0.25063E-03    0.16700E-02    0.23829E-03    0.10975E-02    0.14547E-03    0.57189E-03    0.15879E-03    0.11311E-02    0.14668E-03    0.62273E-03    0.30342E-07    0.39407E-07    0.30845E-07    0.30342E-07    0.00000E+00    0.39407E-07    0.00000E+00    0.30845E-07    0.00000E+00    0.24634E-03    0.00000E+00    0.28074E-03    0.00000E+00    0.24838E-03    0.00000E+00    0.13900E-03    0.00000E+00    0.16730E-03    0.00000E+00    0.14057E-03    0.00000E+00    0.12070E-06    0.20917E-06    0.13250E-06    0.00000E+00    0.12070E-05    0.00000E+00    0.20917E-05    0.00000E+00    0.13250E-05    0.22425E-03    0.15537E-02    0.23413E-03    0.20454E-02    0.22559E-03    0.16279E-02    0.15393E-03    0.13198E-02    0.15453E-03    0.16966E-02    0.15401E-03    0.13700E-02
17400  0    0.68684E-07    0.15134E-06    0.76198E-07    0.16720E-07    0.51963E-06    0.13053E-07    0.13828E-05    0.16387E-07    0.59811E-06    0.23239E-03    0.10194E-02    0.24739E-03    0.16630E-02    0.23379E-03    0.10937E-02    0.13961E-03    0.57065E-03    0.15513E-03    0.11257E-02    0.14102E-03    0.62111E-03    0.29507E-07    0.39159E-07    0.30043E-07    0.29507E-07    0.00000E+00    0.39159E-07    0.00000E+00    0.30043E-07    0.00000E+00    0.24293E-03    0.00000E+00    0.27985E-03    0.00000E+00    0.24512E-03    0.00000E+00    0.13381E-03    0.00000E+00    0.16543E-03    0.00000E+00    0.13557E-03    0.00000E+00    0.11992E-06    0.20743E-06    0.13158E-06    0.00000E+00    0.11992E-05    0.00000E+00    0.20743E-05    0.00000E+00    0.13158E-05    0.21784E-03    0.15486E-02    0.22943E-03    0.20368E-02    0.21942E-03    0.16222E-02    0.14719E-03    0.13169E-02    0.14998E-03    0.16886E-02    0.14756E-03    0.13664E-02
17500  1    0.73244E-07    0.15770E-06    0.80922E-07    0.20535E-07    0.52709E-06    0.19202E-07    0.13850E-05    0.20414E-07    0.60508E-06    0.25801E-03    0.10267E-02    0.28776E-03    0.16643E-02    0.26086E-03    0.11001E-02    0.18669E-03    0.57537E-03    0.21102E-03    0.11304E-02    0.18891E-03    0.62583E-03    0.36238E-07    0.57607E-07    0.37425E-07    0.36238E-07    0.00000E+00    0.57607E-07    0.00000E+00    0.37425E-07    0.00000E+00    0.26921E-03    0.00000E+00    0.33943E-03    0.00000E+00    0.27359E-03    0.00000E+00    0.18543E-03    0.00000E+00    0.24838E-03    0.00000E+00    0.18893E-03    0.00000E+00    0.12164E-06    0.20775E-06    0.13312E-06    0.00000E+00    0.12164E-05    0.00000E+00    0.20775E-05    0.00000E+00    0.13312E-05    0.24259E-03    0.15597E-02    0.25807E-03    0.20384E-02    0.24471E-03    0.16317E-02    0.18835E-03    0.13278E-02    0.19234E-03    0.16956E-02    0.18888E-03    0.13768E-02
17600  0    0.67033E-07    0.14948E-06    0.74528E-07    0.16082E-07    0.50951E-06    0.13237E-07    0.13624E-05    0.15823E-07    0.58705E-06    0.22884E-03    0.10095E-02    0.24681E-03    0.16507E-02    0.23053E-03    0.10836E-02    0.13573E-03    0.56554E-03    0.15697E-03    0.11185E-02    0.13766E-03    0.61581E-03    0.28380E-07    0.39712E-07    0.29009E-07    0.28380E-07    0.00000E+00    0.39712E-07    0.00000E+00    0.29009E-07    0.00000E+00    0.23824E-03    0.00000E+00    0.28182E-03    0.00000E+00    0.24087E-03    0.00000E+00    0.12693E-03    0.00000E+00    0.17237E-03    0.00000E+00    0.12945E-03    0.00000E+00    0.11758E-06    0.20436E-06    0.12915E-06    0.00000E+00    0.11758E-05    0.00000E+00    0.20436E-05    0.00000E+00    0.12915E-05    0.21592E-03    0.15335E-02    0.22728E-03    0.20217E-02    0.21747E-03    0.16072E-02    0.14724E-03    0.13051E-02    0.14927E-03    0.16778E-02    0.14751E-03    0.13548E-02
17700  0    0.66133E-07    0.14761E-06    0.73540E-07    0.15831E-07    0.50302E-06    0.12916E-07    0.13470E-05    0.15566E-07    0.57974E-06    0.22703E-03    0.10030E-02    0.24485E-03    0.16413E-02    0.22870E-03    0.10768E-02    0.13469E-03    0.56218E-03    0.15518E-03    0.11108E-02    0.13656E-03    0.61205E-03    0.27937E-07    0.38749E-07    0.28538E-07    0.27937E-07    0.00000E+00    0.38749E-07    0.00000E+00    0.28538E-07    0.00000E+00    0.23638E-03    0.00000E+00    0.27839E-03    0.00000E+00    0.23891E-03    0.00000E+00    0.12624E-03    0.00000E+00    0.16984E-03    0.00000E+00    0.12866E-03    0.00000E+00    0.11608E-06    0.20204E-06    0.12754E-06    0.00000E+00    0.11608E-05    0.00000E+00    0.20204E-05    0.00000E+00    0.12754E-05    0.21418E-03    0.15237E-02    0.22623E-03    0.20102E-02    0.21583E-03    0.15971E-02    0.14574E-03    0.12973E-02    0.14786E-03    0.16661E-02    0.14603E-03    0.13465E-02
17800  0    0.73807E-07    0.14379E-06    0.80168E-07    0.24048E-07    0.49758E-06    0.11876E-07    0.13191E-05    0.22942E-07    0.57227E-06    0.28572E-03    0.99758E-03    0.26391E-03    0.16243E-02    0.28381E-03    0.10698E-02    0.21459E-03    0.56055E-03    0.20032E-03    0.10947E-02    0.21329E-03    0.60911E-03    0.42438E-07    0.35629E-07    0.42060E-07    0.42438E-07    0.00000E+00    0.35629E-07    0.00000E+00    0.42060E-07    0.00000E+00    0.29133E-03    0.00000E+00    0.26694E-03    0.00000E+00    0.29003E-03    0.00000E+00    0.21301E-03    0.00000E+00    0.20071E-03    0.00000E+00    0.21233E-03    0.00000E+00    0.11483E-06    0.19787E-06    0.12590E-06    0.00000E+00    0.11483E-05    0.00000E+00    0.19787E-05    0.00000E+00    0.12590E-05    0.27821E-03    0.15154E-02    0.26238E-03    0.19893E-02    0.27615E-03    0.15868E-02    0.21665E-03    0.12936E-02    0.20012E-03    0.16420E-02    0.21444E-03    0.13400E-02
17900  1    0.74372E-07    0.15594E-06    0.81787E-07    0.24710E-07    0.49662E-06    0.18747E-07    0.13719E-05    0.24168E-07    0.57619E-06    0.29750E-03    0.99661E-03    0.31118E-03    0.16565E-02    0.29877E-03    0.10735E-02    0.22890E-03    0.56194E-03    0.26567E-03    0.11261E-02    0.23224E-03    0.61322E-03    0.43606E-07    0.56241E-07    0.44308E-07    0.43606E-07    0.00000E+00    0.56241E-07    0.00000E+00    0.44308E-07    0.00000E+00    0.29532E-03    0.00000E+00    0.33538E-03    0.00000E+00    0.29769E-03    0.00000E+00    0.21323E-03    0.00000E+00    0.27671E-03    0.00000E+00    0.21676E-03    0.00000E+00    0.11460E-06    0.20579E-06    0.12676E-06    0.00000E+00    0.11460E-05    0.00000E+00    0.20579E-05    0.00000E+00    0.12676E-05    0.30033E-03    0.15140E-02    0.29834E-03    0.20287E-02    0.30006E-03    0.15922E-02    0.24939E-03    0.12968E-02    0.26015E-03    0.16891E-02    0.25083E-03    0.13491E-02
18000  0    0.64159E-07    0.14316E-06    0.71341E-07    0.15280E-07    0.48878E-06    0.12360E-07    0.13080E-05    0.15015E-07    0.56326E-06    0.22196E-03    0.98872E-03    0.23998E-03    0.16174E-02    0.22366E-03    0.10614E-02    0.13213E-03    0.55475E-03    0.15065E-03    0.10937E-02    0.13381E-03    0.60375E-03    0.26965E-07    0.37081E-07    0.27527E-07    0.26965E-07    0.00000E+00    0.37081E-07    0.00000E+00    0.27527E-07    0.00000E+00    0.23223E-03    0.00000E+00    0.27233E-03    0.00000E+00    0.23464E-03    0.00000E+00    0.12624E-03    0.00000E+00    0.16651E-03    0.00000E+00    0.12848E-03    0.00000E+00    0.11280E-06    0.19620E-06    0.12392E-06    0.00000E+00    0.11280E-05    0.00000E+00    0.19620E-05    0.00000E+00    0.12392E-05    0.20776E-03    0.15020E-02    0.22205E-03    0.19809E-02    0.20972E-03    0.15743E-02    0.13983E-03    0.12802E-02    0.14272E-03    0.16406E-02    0.14022E-03    0.13282E-02
18100  1    0.64658E-07    0.14522E-06    0.71982E-07    0.16165E-07    0.48493E-06    0.13189E-07    0.13203E-05    0.15894E-07    0.56088E-06    0.23451E-03    0.98482E-03    0.25110E-03    0.16250E-02    0.23607E-03    0.10591E-02    0.14999E-03    0.55462E-03    0.17899E-03    0.11021E-02    0.15262E-03    0.60439E-03    0.28526E-07    0.39568E-07    0.29140E-07    0.28526E-07    0.00000E+00    0.39568E-07    0.00000E+00    0.29140E-07    0.00000E+00    0.23886E-03    0.00000E+00    0.28131E-03    0.00000E+00    0.24141E-03    0.00000E+00    0.13576E-03    0.00000E+00    0.18725E-03    0.00000E+00    0.13862E-03    0.00000E+00    0.11191E-06    0.19805E-06    0.12339E-06    0.00000E+00    0.11191E-05    0.00000E+00    0.19805E-05    0.00000E+00    0.12339E-05    0.22870E-03    0.14960E-02    0.23454E-03    0.19902E-02    0.22949E-03    0.15709E-02    0.16859E-03    0.12799E-02    0.17486E-03    0.16531E-02    0.16943E-03    0.13297E-02
18200  0    0.62526E-07    0.14083E-06    0.69644E-07    0.14682E-07    0.47844E-06    0.11816E-07    0.12901E-05    0.14422E-07    0.55223E-06    0.21952E-03    0.97820E-03    0.23653E-03    0.16063E-02    0.22112E-03    0.10509E-02    0.13065E-03    0.54998E-03    0.14995E-03    0.10866E-02    0.13240E-03    0.59877E-03    0.25910E-07    0.35449E-07    0.26440E-07    0.25910E-07    0.00000E+00    0.35449E-07    0.00000E+00    0.26440E-07    0.00000E+00    0.22764E-03    0.00000E+00    0.26627E-03    0.00000E+00    0.22996E-03    0.00000E+00    0.12178E-03    0.00000E+00    0.16336E-03    0.00000E+00    0.12409E-03    0.00000E+00    0.11041E-06    0.19352E-06    0.12149E-06    0.00000E+00    0.11041E-05    0.00000E+00    0.19352E-05    0.00000E+00    0.12149E-05    0.20844E-03    0.14860E-02    0.22017E-03    0.19673E-02    0.21004E-03    0.15588E-02    0.14224E-03    0.12692E-02    0.14324E-03    0.16299E-02    0.14238E-03    0.13173E-02
18300  1    0.68084E-07    0.14733E-06    0.75288E-07    0.20530E-07    0.47554E-06    0.15579E-07    0.13175E-05    0.20079E-07    0.55208E-06    0.27101E-03    0.97523E-03    0.28336E-03    0.16233E-02    0.27216E-03    0.10508E-02    0.20195E-03    0.55105E-03    0.23348E-03    0.11024E-02    0.20481E-03    0.60117E-03    0.36229E-07    0.46737E-07    0.36812E-07    0.36229E-07    0.00000E+00    0.46737E-07    0.00000E+00    0.36812E-07    0.00000E+00    0.26918E-03    0.00000E+00    0.30573E-03    0.00000E+00    0.27134E-03    0.00000E+00    0.18570E-03    0.00000E+00    0.24229E-03    0.00000E+00    0.18884E-03    0.00000E+00    0.10974E-06    0.19763E-06    0.12146E-06    0.00000E+00    0.10974E-05    0.00000E+00    0.19763E-05    0.00000E+00    0.12146E-05    0.27338E-03    0.14815E-02    0.27148E-03    0.19881E-02    0.27313E-03    0.15586E-02    0.22320E-03    0.12716E-02    0.22908E-03    0.16536E-02    0.22398E-03    0.13226E-02
18400  0    0.72081E-07    0.13687E-06    0.77971E-07    0.25050E-07    0.47030E-06    0.11588E-07    0.12528E-05    0.23827E-07    0.54144E-06    0.29175E-03    0.96985E-03    0.26408E-03    0.15829E-02    0.28934E-03    0.10406E-02    0.22277E-03    0.54855E-03    0.20414E-03    0.10638E-02    0.22108E-03    0.59539E-03    0.44207E-07    0.34765E-07    0.43682E-07    0.44207E-07    0.00000E+00    0.34765E-07    0.00000E+00    0.43682E-07    0.00000E+00    0.29734E-03    0.00000E+00    0.26369E-03    0.00000E+00    0.29557E-03    0.00000E+00    0.22285E-03    0.00000E+00    0.20958E-03    0.00000E+00    0.22211E-03    0.00000E+00    0.10853E-06    0.18792E-06    0.11912E-06    0.00000E+00    0.10853E-05    0.00000E+00    0.18792E-05    0.00000E+00    0.11912E-05    0.28426E-03    0.14733E-02    0.26428E-03    0.19387E-02    0.28168E-03    0.15435E-02    0.22267E-03    0.12659E-02    0.20142E-03    0.15957E-02    0.21984E-03    0.13099E-02
18500  0    0.60469E-07    0.13684E-06    0.67412E-07    0.14003E-07    0.46467E-06    0.11254E-07    0.12558E-05    0.13753E-07    0.53659E-06    0.21452E-03    0.96402E-03    0.23151E-03    0.15848E-02    0.21612E-03    0.10359E-02    0.12758E-03    0.54286E-03    0.14673E-03    0.10712E-02    0.12932E-03    0.59090E-03    0.24711E-07    0.33763E-07    0.25213E-07    0.24711E-07    0.00000E+00    0.33763E-07    0.00000E+00    0.25213E-07    0.00000E+00    0.22231E-03    0.00000E+00    0.25986E-03    0.00000E+00    0.22456E-03    0.00000E+00    0.11891E-03    0.00000E+00    0.15960E-03    0.00000E+00    0.12117E-03    0.00000E+00    0.10723E-06    0.18837E-06    0.11805E-06    0.00000E+00    0.10723E-05    0.00000E+00    0.18837E-05    0.00000E+00    0.11805E-05    0.20388E-03    0.14644E-02    0.21594E-03    0.19410E-02    0.20553E-03    0.15366E-02    0.13892E-03    0.12528E-02    0.14029E-03    0.16068E-02    0.13910E-03    0.13000E-02
18600  1    0.65230E-07    0.14536E-06    0.72515E-07    0.19024E-07    0.46205E-06    0.16799E-07    0.12857E-05    0.18822E-07    0.53693E-06    0.26361E-03    0.96131E-03    0.28433E-03    0.16035E-02    0.26556E-03    0.10363E-02    0.19272E-03    0.54184E-03    0.23114E-03    0.10912E-02    0.19621E-03    0.59178E-03    0.33572E-07    0.50398E-07    0.34507E-07    0.33572E-07    0.00000E+00    0.50398E-07    0.00000E+00    0.34507E-07    0.00000E+00    0.25912E-03    0.00000E+00    0.31748E-03    0.00000E+00    0.26271E-03    0.00000E+00    0.17008E-03    0.00000E+00    0.24797E-03    0.00000E+00    0.17441E-03    0.00000E+00    0.10663E-06    0.19285E-06    0.11812E-06    0.00000E+00    0.10663E-05    0.00000E+00    0.19285E-05    0.00000E+00    0.11812E-05    0.26936E-03    0.14603E-02    0.26620E-03    0.19639E-02    0.26894E-03    0.15370E-02    0.22232E-03    0.12504E-02    0.22272E-03    0.16368E-02    0.22237E-03    0.13019E-02
18700  0    0.59673E-07    0.13291E-06    0.66331E-07    0.14247E-07    0.45426E-06    0.99479E-08    0.12296E-05    0.13856E-07    0.52474E-06    0.21837E-03    0.95316E-03    0.22781E-03    0.15682E-02    0.21924E-03    0.10244E-02    0.13873E-03    0.53702E-03    0.14696E-03    0.10598E-02    0.13948E-03    0.58454E-03    0.25142E-07    0.29844E-07    0.25404E-07    0.25142E-07    0.00000E+00    0.29844E-07    0.00000E+00    0.25404E-07    0.00000E+00    0.22424E-03    0.00000E+00    0.24431E-03    0.00000E+00    0.22540E-03    0.00000E+00    0.13229E-03    0.00000E+00    0.14768E-03    0.00000E+00    0.13314E-03    0.00000E+00    0.10483E-06    0.18444E-06    0.11544E-06    0.00000E+00    0.10483E-05    0.00000E+00    0.18444E-05    0.00000E+00    0.11544E-05    0.21044E-03    0.14480E-02    0.21909E-03    0.19206E-02    0.21162E-03    0.15195E-02    0.14714E-03    0.12393E-02    0.14661E-03    0.15897E-02    0.14707E-03    0.12860E-02
18800  1    0.58779E-07    0.13390E-06    0.65608E-07    0.13435E-07    0.45344E-06    0.11346E-07    0.12255E-05    0.13245E-07    0.52363E-06    0.20932E-03    0.95230E-03    0.22893E-03    0.15656E-02    0.21118E-03    0.10234E-02    0.12569E-03    0.53698E-03    0.14638E-03    0.10570E-02    0.12757E-03    0.58426E-03    0.23708E-07    0.34037E-07    0.24282E-07    0.23708E-07    0.00000E+00    0.34037E-07    0.00000E+00    0.24282E-07    0.00000E+00    0.21775E-03    0.00000E+00    0.26091E-03    0.00000E+00    0.22037E-03    0.00000E+00    0.11837E-03    0.00000E+00    0.16307E-03    0.00000E+00    0.12086E-03    0.00000E+00    0.10464E-06    0.18383E-06    0.11520E-06    0.00000E+00    0.10464E-05    0.00000E+00    0.18383E-05    0.00000E+00    0.11520E-05    0.19776E-03    0.14467E-02    0.21113E-03    0.19175E-02    0.19959E-03    0.15179E-02    0.13526E-03    0.12392E-02    0.13803E-03    0.15855E-02    0.13563E-03    0.12854E-02
18900  2    0.12449E-06    0.18867E-06    0.13032E-06    0.78010E-07    0.46476E-06    0.53040E-07    0.13563E-05    0.75740E-07    0.54581E-06    0.53626E-03    0.96411E-03    0.55338E-03    0.16470E-02    0.53784E-03    0.10448E-02    0.47082E-03    0.54834E-03    0.49923E-03    0.11145E-02    0.47340E-03    0.59981E-03    0.13766E-06    0.15912E-06    0.13886E-06    0.13766E-06    0.00000E+00    0.15912E-06    0.00000E+00    0.13886E-06    0.00000E+00    0.52472E-03    0.00000E+00    0.56413E-03    0.00000E+00    0.52699E-03    0.00000E+00    0.45872E-03    0.00000E+00    0.50715E-03    0.00000E+00    0.46141E-03    0.00000E+00    0.10725E-06    0.20344E-06    0.12008E-06    0.00000E+00    0.10725E-05    0.00000E+00    0.20344E-05    0.00000E+00    0.12008E-05    0.55098E-03    0.14646E-02    0.54793E-03    0.20172E-02    0.55058E-03    0.15497E-02    0.48664E-03    0.12654E-02    0.49527E-03    0.16718E-02    0.48779E-03    0.13196E-02
19000  0    0.57532E-07    0.13040E-06    0.64157E-07    0.13135E-07    0.44397E-06    0.10157E-07    0.12024E-05    0.12864E-07    0.51292E-06    0.20789E-03    0.94231E-03    0.22315E-03    0.15508E-02    0.20932E-03    0.10128E-02    0.12478E-03    0.53218E-03    0.13743E-03    0.10472E-02    0.12593E-03    0.57900E-03    0.23180E-07    0.30472E-07    0.23585E-07    0.23180E-07    0.00000E+00    0.30472E-07    0.00000E+00    0.23585E-07    0.00000E+00    0.21531E-03    0.00000E+00    0.24687E-03    0.00000E+00    0.21719E-03    0.00000E+00    0.11902E-03    0.00000E+00    0.14583E-03    0.00000E+00    0.12051E-03    0.00000E+00    0.10246E-06    0.18036E-06    0.11284E-06    0.00000E+00    0.10246E-05    0.00000E+00    0.18036E-05    0.00000E+00    0.11284E-05    0.19775E-03    0.14315E-02    0.21029E-03    0.18993E-02    0.19947E-03    0.15023E-02    0.13232E-03    0.12281E-02    0.13322E-03    0.15708E-02    0.13244E-03    0.12738E-02
19100  0    0.56715E-07    0.12926E-06    0.63310E-07    0.12881E-07    0.43834E-06    0.10066E-07    0.11919E-05    0.12625E-07    0.50685E-06    0.20679E-03    0.93631E-03    0.22233E-03    0.15440E-02    0.20825E-03    0.10068E-02    0.12392E-03    0.52866E-03    0.13999E-03    0.10423E-02    0.12538E-03    0.57535E-03    0.22730E-07    0.30197E-07    0.23145E-07    0.22730E-07    0.00000E+00    0.30197E-07    0.00000E+00    0.23145E-07    0.00000E+00    0.21322E-03    0.00000E+00    0.24575E-03    0.00000E+00    0.21515E-03    0.00000E+00    0.11520E-03    0.00000E+00    0.15050E-03    0.00000E+00    0.11716E-03    0.00000E+00    0.10116E-06    0.17879E-06    0.11151E-06    0.00000E+00    0.10116E-05    0.00000E+00    0.17879E-05    0.00000E+00    0.11151E-05    0.19806E-03    0.14224E-02    0.20964E-03    0.18910E-02    0.19964E-03    0.14934E-02    0.13533E-03    0.12200E-02    0.13473E-03    0.15634E-02    0.13525E-03    0.12658E-02
19200  1    0.56280E-07    0.12927E-06    0.62915E-07    0.12674E-07    0.43606E-06    0.10517E-07    0.11875E-05    0.12478E-07    0.50438E-06    0.20490E-03    0.93388E-03    0.22273E-03    0.15411E-02    0.20658E-03    0.10044E-02    0.12322E-03    0.52753E-03    0.14426E-03    0.10403E-02    0.12513E-03    0.57415E-03    0.22365E-07    0.31551E-07    0.22876E-07    0.22365E-07    0.00000E+00    0.31551E-07    0.00000E+00    0.22876E-07    0.00000E+00    0.21150E-03    0.00000E+00    0.25120E-03    0.00000E+00    0.21390E-03    0.00000E+00    0.11355E-03    0.00000E+00    0.15934E-03    0.00000E+00    0.11609E-03    0.00000E+00    0.10063E-06    0.17813E-06    0.11096E-06    0.00000E+00    0.10063E-05    0.00000E+00    0.17813E-05    0.00000E+00    0.11096E-05    0.19593E-03    0.14187E-02    0.20704E-03    0.18875E-02    0.19745E-03    0.14897E-02    0.13586E-03    0.12174E-02    0.13672E-03    0.15605E-02    0.13598E-03    0.12631E-02
19300  2    0.32864E-05    0.23374E-05    0.32001E-05    0.31404E-05    0.14595E-05    0.21215E-05    0.21589E-05    0.30478E-05    0.15231E-05    0.33374E-02    0.17085E-02    0.34879E-02    0.20779E-02    0.33513E-02    0.17453E-02    0.30460E-02    0.94323E-03    0.32639E-02    0.14739E-02    0.30658E-02    0.99147E-03    0.55420E-05    0.63645E-05    0.55877E-05    0.55420E-05    0.00000E+00    0.63645E-05    0.00000E+00    0.55877E-05    0.00000E+00    0.33293E-02    0.00000E+00    0.35678E-02    0.00000E+00    0.33430E-02    0.00000E+00    0.30400E-02    0.00000E+00    0.33879E-02    0.00000E+00    0.30593E-02    0.00000E+00    0.33680E-06    0.32384E-06    0.33507E-06    0.00000E+00    0.33680E-05    0.00000E+00    0.32384E-05    0.00000E+00    0.33507E-05    0.33479E-02    0.25954E-02    0.34473E-02    0.25450E-02    0.33614E-02    0.25887E-02    0.30539E-02    0.21767E-02    0.32019E-02    0.22108E-02    0.30736E-02    0.21812E-02
19400  0    0.54978E-07    0.12599E-06    0.61434E-07    0.12358E-07    0.42621E-06    0.96209E-08    0.11637E-05    0.12109E-07    0.49325E-06    0.20308E-03    0.92326E-03    0.21821E-03    0.15256E-02    0.20450E-03    0.99323E-03    0.12197E-03    0.52198E-03    0.13772E-03    0.10297E-02    0.12340E-03    0.56813E-03    0.21808E-07    0.28863E-07    0.22200E-07    0.21808E-07    0.00000E+00    0.28863E-07    0.00000E+00    0.22200E-07    0.00000E+00    0.20885E-03    0.00000E+00    0.24026E-03    0.00000E+00    0.21071E-03    0.00000E+00    0.11293E-03    0.00000E+00    0.14755E-03    0.00000E+00    0.11486E-03    0.00000E+00    0.98355E-07    0.17455E-06    0.10851E-06    0.00000E+00    0.98355E-06    0.00000E+00    0.17455E-05    0.00000E+00    0.10851E-05    0.19528E-03    0.14025E-02    0.20630E-03    0.18684E-02    0.19678E-03    0.14732E-02    0.13379E-03    0.12046E-02    0.13280E-03    0.15446E-02    0.13366E-03    0.12499E-02
19500  0    0.54826E-07    0.12322E-06    0.61043E-07    0.12868E-07    0.41958E-06    0.85819E-08    0.11463E-05    0.12479E-07    0.48565E-06    0.20845E-03    0.91605E-03    0.21624E-03    0.15142E-02    0.20917E-03    0.98554E-03    0.13382E-03    0.51756E-03    0.13905E-03    0.10211E-02    0.13430E-03    0.56333E-03    0.22709E-07    0.25746E-07    0.22877E-07    0.22709E-07    0.00000E+00    0.25746E-07    0.00000E+00    0.22877E-07    0.00000E+00    0.21311E-03    0.00000E+00    0.22692E-03    0.00000E+00    0.21390E-03    0.00000E+00    0.12801E-03    0.00000E+00    0.13612E-03    0.00000E+00    0.12846E-03    0.00000E+00    0.96826E-07    0.17195E-06    0.10684E-06    0.00000E+00    0.96826E-06    0.00000E+00    0.17195E-05    0.00000E+00    0.10684E-05    0.20219E-03    0.13916E-02    0.21070E-03    0.18545E-02    0.20334E-03    0.14618E-02    0.14142E-03    0.11944E-02    0.14051E-03    0.15316E-02    0.14130E-03    0.12393E-02
19600  1    0.31651E-06    0.32931E-06    0.31768E-06    0.26769E-06    0.48827E-06    0.17894E-06    0.15037E-05    0.25962E-06    0.58059E-06    0.99574E-03    0.98820E-03    0.10168E-02    0.17342E-02    0.99767E-03    0.10776E-02    0.90941E-03    0.55537E-03    0.93593E-03    0.12172E-02    0.91182E-03    0.61554E-03    0.47239E-06    0.53681E-06    0.47596E-06    0.47239E-06    0.00000E+00    0.53681E-06    0.00000E+00    0.47596E-06    0.00000E+00    0.97199E-03    0.00000E+00    0.10362E-02    0.00000E+00    0.97567E-03    0.00000E+00    0.87996E-03    0.00000E+00    0.93733E-03    0.00000E+00    0.88315E-03    0.00000E+00    0.11268E-06    0.22556E-06    0.12773E-06    0.00000E+00    0.11268E-05    0.00000E+00    0.22556E-05    0.00000E+00    0.12773E-05    0.10260E-02    0.15012E-02    0.10069E-02    0.21240E-02    0.10235E-02    0.15983E-02    0.94793E-03    0.12816E-02    0.93524E-03    0.18258E-02    0.94624E-03    0.13542E-02
19700  0    0.53247E-07    0.12254E-06    0.59546E-07    0.11842E-07    0.41405E-06    0.92122E-08    0.11333E-05    0.11603E-07    0.47943E-06    0.19848E-03    0.91000E-03    0.21378E-03    0.15055E-02    0.19992E-03    0.97922E-03    0.11865E-03    0.51487E-03    0.13413E-03    0.10152E-02    0.12006E-03    0.56035E-03    0.20898E-07    0.27637E-07    0.21272E-07    0.20898E-07    0.00000E+00    0.27637E-07    0.00000E+00    0.21272E-07    0.00000E+00    0.20444E-03    0.00000E+00    0.23510E-03    0.00000E+00    0.20626E-03    0.00000E+00    0.11049E-03    0.00000E+00    0.14374E-03    0.00000E+00    0.11234E-03    0.00000E+00    0.95549E-07    0.16999E-06    0.10548E-06    0.00000E+00    0.95549E-06    0.00000E+00    0.16999E-05    0.00000E+00    0.10548E-05    0.19042E-03    0.13824E-02    0.20228E-03    0.18439E-02    0.19204E-03    0.14524E-02    0.12932E-03    0.11882E-02    0.12932E-03    0.15228E-02    0.12932E-03    0.12328E-02
19800  1    0.56826E-07    0.12786E-06    0.63284E-07    0.15664E-07    0.41162E-06    0.12367E-07    0.11549E-05    0.15365E-07    0.47919E-06    0.23670E-03    0.90732E-03    0.25252E-03    0.15198E-02    0.23818E-03    0.97897E-03    0.17110E-03    0.51588E-03    0.20174E-03    0.10272E-02    0.17389E-03    0.56236E-03    0.27643E-07    0.37100E-07    0.28168E-07    0.27643E-07    0.00000E+00    0.37100E-07    0.00000E+00    0.28168E-07    0.00000E+00    0.23513E-03    0.00000E+00    0.27240E-03    0.00000E+00    0.23735E-03    0.00000E+00    0.15732E-03    0.00000E+00    0.21054E-03    0.00000E+00    0.16028E-03    0.00000E+00    0.94989E-07    0.17324E-06    0.10542E-06    0.00000E+00    0.94989E-06    0.00000E+00    0.17324E-05    0.00000E+00    0.10542E-05    0.23874E-03    0.13783E-02    0.24196E-03    0.18614E-02    0.23917E-03    0.14520E-02    0.18912E-03    0.11905E-02    0.19734E-03    0.15408E-02    0.19022E-03    0.12372E-02
19900  2    0.71764E-07    0.12753E-06    0.76834E-07    0.30534E-07    0.41229E-06    0.20963E-07    0.10657E-05    0.29664E-07    0.47169E-06    0.31584E-03    0.90807E-03    0.33760E-03    0.14599E-02    0.31788E-03    0.97128E-03    0.25049E-03    0.50833E-03    0.25906E-03    0.98571E-03    0.25127E-03    0.55173E-03    0.53884E-07    0.62888E-07    0.54385E-07    0.53884E-07    0.00000E+00    0.62888E-07    0.00000E+00    0.54385E-07    0.00000E+00    0.32828E-03    0.00000E+00    0.35465E-03    0.00000E+00    0.32980E-03    0.00000E+00    0.26345E-03    0.00000E+00    0.27705E-03    0.00000E+00    0.26421E-03    0.00000E+00    0.95145E-07    0.15985E-06    0.10377E-06    0.00000E+00    0.95145E-06    0.00000E+00    0.15985E-05    0.00000E+00    0.10377E-05    0.29878E-03    0.13795E-02    0.32874E-03    0.17880E-02    0.30295E-03    0.14406E-02    0.23355E-03    0.11731E-02    0.25007E-03    0.14786E-02    0.23575E-03    0.12138E-02
20000  0    0.51912E-07    0.11881E-06    0.57994E-07    0.11690E-07    0.40222E-06    0.90344E-08    0.10978E-05    0.11449E-07    0.46546E-06    0.19604E-03    0.89691E-03    0.21265E-03    0.14817E-02    0.19761E-03    0.96484E-03    0.11907E-03    0.50728E-03    0.13119E-03    0.99731E-03    0.12017E-03    0.55183E-03    0.20629E-07    0.27103E-07    0.20989E-07    0.20629E-07    0.00000E+00    0.27103E-07    0.00000E+00    0.20989E-07    0.00000E+00    0.20312E-03    0.00000E+00    0.23282E-03    0.00000E+00    0.20489E-03    0.00000E+00    0.11469E-03    0.00000E+00    0.14175E-03    0.00000E+00    0.11620E-03    0.00000E+00    0.92821E-07    0.16467E-06    0.10240E-06    0.00000E+00    0.92821E-06    0.00000E+00    0.16467E-05    0.00000E+00    0.10240E-05    0.18638E-03    0.13625E-02    0.20181E-03    0.18148E-02    0.18851E-03    0.14311E-02    0.12480E-03    0.11707E-02    0.12591E-03    0.14960E-02    0.12495E-03    0.12140E-02
20100  1    0.53630E-07    0.12340E-06    0.59973E-07    0.13358E-07    0.40273E-06    0.12323E-07    0.11108E-05    0.13263E-07    0.46710E-06    0.21221E-03    0.89747E-03    0.23261E-03    0.14905E-02    0.21415E-03    0.96654E-03    0.14814E-03    0.50773E-03    0.16770E-03    0.10058E-02    0.14991E-03    0.55301E-03    0.23572E-07    0.36968E-07    0.24316E-07    0.23572E-07    0.00000E+00    0.36968E-07    0.00000E+00    0.24316E-07    0.00000E+00    0.21713E-03    0.00000E+00    0.27191E-03    0.00000E+00    0.22053E-03    0.00000E+00    0.14136E-03    0.00000E+00    0.20009E-03    0.00000E+00    0.14462E-03    0.00000E+00    0.92937E-07    0.16662E-06    0.10276E-06    0.00000E+00    0.92937E-06    0.00000E+00    0.16662E-05    0.00000E+00    0.10276E-05    0.20561E-03    0.13634E-02    0.21021E-03    0.18255E-02    0.20623E-03    0.14336E-02    0.15700E-03    0.11717E-02    0.15150E-03    0.15088E-02    0.15626E-03    0.12166E-02
20200  2    0.45828E-06    0.41738E-06    0.45456E-06    0.40299E-06    0.55294E-06    0.25608E-06    0.16130E-05    0.38963E-06    0.64931E-06    0.12024E-02    0.10516E-02    0.12483E-02    0.17961E-02    0.12067E-02    0.11396E-02    0.10814E-02    0.59525E-03    0.11451E-02    0.12718E-02    0.10872E-02    0.65676E-03    0.71115E-06    0.76825E-06    0.71432E-06    0.71115E-06    0.00000E+00    0.76825E-06    0.00000E+00    0.71432E-06    0.00000E+00    0.11926E-02    0.00000E+00    0.12396E-02    0.00000E+00    0.11953E-02    0.00000E+00    0.10751E-02    0.00000E+00    0.11279E-02    0.00000E+00    0.10781E-02    0.00000E+00    0.12760E-06    0.24195E-06    0.14285E-06    0.00000E+00    0.12760E-05    0.00000E+00    0.24195E-05    0.00000E+00    0.14285E-05    0.12151E-02    0.15975E-02    0.12526E-02    0.21998E-02    0.12202E-02    0.16903E-02    0.10897E-02    0.13737E-02    0.11537E-02    0.19077E-02    0.10982E-02    0.14449E-02
20300  0    0.50046E-07    0.11621E-06    0.56061E-07    0.10918E-07    0.39128E-06    0.85234E-08    0.10769E-05    0.10700E-07    0.45361E-06    0.19113E-03    0.88462E-03    0.20692E-03    0.14676E-02    0.19261E-03    0.95248E-03    0.11467E-03    0.50134E-03    0.12935E-03    0.98776E-03    0.11600E-03    0.54556E-03    0.19267E-07    0.25570E-07    0.19617E-07    0.19267E-07    0.00000E+00    0.25570E-07    0.00000E+00    0.19617E-07    0.00000E+00    0.19630E-03    0.00000E+00    0.22614E-03    0.00000E+00    0.19808E-03    0.00000E+00    0.10688E-03    0.00000E+00    0.13784E-03    0.00000E+00    0.10860E-03    0.00000E+00    0.90295E-07    0.16154E-06    0.99793E-07    0.00000E+00    0.90295E-06    0.00000E+00    0.16154E-05    0.00000E+00    0.99793E-06    0.18414E-03    0.13438E-02    0.19660E-03    0.17974E-02    0.18585E-03    0.14128E-02    0.12485E-03    0.11569E-02    0.12511E-03    0.14816E-02    0.12488E-03    0.12002E-02
20400  0    0.49396E-07    0.11498E-06    0.55358E-07    0.10764E-07    0.38632E-06    0.82023E-08    0.10678E-05    0.10531E-07    0.44827E-06    0.19065E-03    0.87900E-03    0.20528E-03    0.14614E-02    0.19203E-03    0.94686E-03    0.11459E-03    0.49848E-03    0.12917E-03    0.98280E-03    0.11591E-03    0.54251E-03    0.18995E-07    0.24607E-07    0.19307E-07    0.18995E-07    0.00000E+00    0.24607E-07    0.00000E+00    0.19307E-07    0.00000E+00    0.19491E-03    0.00000E+00    0.22184E-03    0.00000E+00    0.19650E-03    0.00000E+00    0.10562E-03    0.00000E+00    0.13673E-03    0.00000E+00    0.10735E-03    0.00000E+00    0.89150E-07    0.16017E-06    0.98619E-07    0.00000E+00    0.89150E-06    0.00000E+00    0.16017E-05    0.00000E+00    0.98619E-06    0.18493E-03    0.13353E-02    0.19647E-03    0.17898E-02    0.18651E-03    0.14044E-02    0.12632E-03    0.11503E-02    0.12540E-03    0.14742E-02    0.12619E-03    0.11935E-02
20500  0    0.55452E-07    0.11345E-06    0.60725E-07    0.17003E-07    0.38449E-06    0.11084E-07    0.10237E-05    0.16465E-07    0.44260E-06    0.23520E-03    0.87692E-03    0.24624E-03    0.14309E-02    0.23623E-03    0.94086E-03    0.16558E-03    0.49506E-03    0.16375E-03    0.95942E-03    0.16541E-03    0.53727E-03    0.30005E-07    0.33253E-07    0.30185E-07    0.30005E-07    0.00000E+00    0.33253E-07    0.00000E+00    0.30185E-07    0.00000E+00    0.24497E-03    0.00000E+00    0.25789E-03    0.00000E+00    0.24570E-03    0.00000E+00    0.17462E-03    0.00000E+00    0.18893E-03    0.00000E+00    0.17542E-03    0.00000E+00    0.88730E-07    0.15355E-06    0.97373E-07    0.00000E+00    0.88730E-06    0.00000E+00    0.15355E-05    0.00000E+00    0.97373E-06    0.22178E-03    0.13321E-02    0.24021E-03    0.17525E-02    0.22432E-03    0.13955E-02    0.15375E-03    0.11424E-02    0.15115E-03    0.14391E-02    0.15341E-03    0.11820E-02
20600  0    0.48827E-07    0.11258E-06    0.54623E-07    0.10811E-07    0.38017E-06    0.82090E-08    0.10437E-05    0.10574E-07    0.44049E-06    0.18879E-03    0.87197E-03    0.20433E-03    0.14448E-02    0.19026E-03    0.93860E-03    0.11461E-03    0.49394E-03    0.12592E-03    0.97064E-03    0.11564E-03    0.53728E-03    0.19077E-07    0.24627E-07    0.19386E-07    0.19077E-07    0.00000E+00    0.24627E-07    0.00000E+00    0.19386E-07    0.00000E+00    0.19533E-03    0.00000E+00    0.22193E-03    0.00000E+00    0.19690E-03    0.00000E+00    0.11055E-03    0.00000E+00    0.13511E-03    0.00000E+00    0.11191E-03    0.00000E+00    0.87730E-07    0.15656E-06    0.96907E-07    0.00000E+00    0.87730E-06    0.00000E+00    0.15656E-05    0.00000E+00    0.96907E-06    0.17988E-03    0.13246E-02    0.19493E-03    0.17695E-02    0.18196E-03    0.13922E-02    0.11993E-03    0.11399E-02    0.12133E-03    0.14560E-02    0.12012E-03    0.11820E-02
20700  1    0.49032E-07    0.11438E-06    0.54973E-07    0.11413E-07    0.37619E-06    0.87214E-08    0.10566E-05    0.11168E-07    0.43805E-06    0.20084E-03    0.86740E-03    0.21413E-03    0.14537E-02    0.20209E-03    0.93600E-03    0.13142E-03    0.49378E-03    0.15430E-03    0.97904E-03    0.13350E-03    0.53789E-03    0.20140E-07    0.26164E-07    0.20475E-07    0.20140E-07    0.00000E+00    0.26164E-07    0.00000E+00    0.20475E-07    0.00000E+00    0.20070E-03    0.00000E+00    0.22875E-03    0.00000E+00    0.20236E-03    0.00000E+00    0.11701E-03    0.00000E+00    0.15457E-03    0.00000E+00    0.11909E-03    0.00000E+00    0.86813E-07    0.15849E-06    0.96371E-07    0.00000E+00    0.86813E-06    0.00000E+00    0.15849E-05    0.00000E+00    0.96371E-06    0.20103E-03    0.13177E-02    0.20643E-03    0.17804E-02    0.20176E-03    0.13883E-02    0.15027E-03    0.11395E-02    0.15416E-03    0.14686E-02    0.15079E-03    0.11834E-02
20800  2    0.14285E-05    0.10096E-05    0.13904E-05    0.13458E-05    0.82717E-06    0.87976E-06    0.12982E-05    0.13034E-05    0.86999E-06    0.21750E-02    0.12862E-02    0.22674E-02    0.16114E-02    0.21836E-02    0.13191E-02    0.19728E-02    0.69919E-03    0.21139E-02    0.10706E-02    0.19857E-02    0.73295E-03    0.23749E-05    0.26393E-05    0.23896E-05    0.23749E-05    0.00000E+00    0.26393E-05    0.00000E+00    0.23896E-05    0.00000E+00    0.21794E-02    0.00000E+00    0.22975E-02    0.00000E+00    0.21862E-02    0.00000E+00    0.19802E-02    0.00000E+00    0.21863E-02    0.00000E+00    0.19917E-02    0.00000E+00    0.19089E-06    0.19473E-06    0.19140E-06    0.00000E+00    0.19089E-05    0.00000E+00    0.19473E-05    0.00000E+00    0.19140E-05    0.21692E-02    0.19539E-02    0.22522E-02    0.19735E-02    0.21805E-02    0.19565E-02    0.19632E-02    0.16135E-02    0.20778E-02    0.16059E-02    0.19785E-02    0.16125E-02
20900  0    0.47015E-07    0.10984E-06    0.52726E-07    0.10154E-07    0.36861E-06    0.77015E-08    0.10214E-05    0.99308E-08    0.42795E-06    0.18494E-03    0.85861E-03    0.19987E-03    0.14293E-02    0.18635E-03    0.92515E-03    0.11181E-03    0.48707E-03    0.12476E-03    0.95987E-03    0.11299E-03    0.53005E-03    0.17918E-07    0.23105E-07    0.18206E-07    0.17918E-07    0.00000E+00    0.23105E-07    0.00000E+00    0.18206E-07    0.00000E+00    0.18931E-03    0.00000E+00    0.21496E-03    0.00000E+00    0.19082E-03    0.00000E+00    0.10457E-03    0.00000E+00    0.13211E-03    0.00000E+00    0.10610E-03    0.00000E+00    0.85064E-07    0.15321E-06    0.94149E-07    0.00000E+00    0.85064E-06    0.00000E+00    0.15321E-05    0.00000E+00    0.94149E-06    0.17908E-03    0.13043E-02    0.19188E-03    0.17505E-02    0.18084E-03    0.13722E-02    0.12128E-03    0.11240E-02    0.12108E-03    0.14398E-02    0.12125E-03    0.11661E-02
21000  1    0.49869E-07    0.11545E-06    0.55830E-07    0.12907E-07    0.36962E-06    0.11990E-07    0.10346E-05    0.12823E-07    0.43007E-06    0.21066E-03    0.85979E-03    0.23048E-03    0.14385E-02    0.21254E-03    0.92744E-03    0.15199E-03    0.48742E-03    0.17141E-03    0.96872E-03    0.15376E-03    0.53118E-03    0.22776E-07    0.35970E-07    0.23509E-07    0.22776E-07    0.00000E+00    0.35970E-07    0.00000E+00    0.23509E-07    0.00000E+00    0.21343E-03    0.00000E+00    0.26822E-03    0.00000E+00    0.21684E-03    0.00000E+00    0.14552E-03    0.00000E+00    0.20385E-03    0.00000E+00    0.14876E-03    0.00000E+00    0.85297E-07    0.15519E-06    0.94616E-07    0.00000E+00    0.85297E-06    0.00000E+00    0.15519E-05    0.00000E+00    0.94616E-06    0.20697E-03    0.13061E-02    0.20907E-03    0.17617E-02    0.20725E-03    0.13756E-02    0.16046E-03    0.11248E-02    0.15518E-03    0.14531E-02    0.15975E-03    0.11686E-02
21100  2    0.47111E-07    0.11038E-06    0.52863E-07    0.10897E-07    0.36215E-06    0.81938E-08    0.10219E-05    0.10651E-07    0.42212E-06    0.19703E-03    0.85105E-03    0.20947E-03    0.14296E-02    0.19819E-03    0.91883E-03    0.13012E-03    0.48506E-03    0.15185E-03    0.96154E-03    0.13210E-03    0.52838E-03    0.19230E-07    0.24581E-07    0.19527E-07    0.19230E-07    0.00000E+00    0.24581E-07    0.00000E+00    0.19527E-07    0.00000E+00    0.19611E-03    0.00000E+00    0.22173E-03    0.00000E+00    0.19762E-03    0.00000E+00    0.11556E-03    0.00000E+00    0.15049E-03    0.00000E+00    0.11750E-03    0.00000E+00    0.83572E-07    0.15328E-06    0.92867E-07    0.00000E+00    0.83572E-06    0.00000E+00    0.15328E-05    0.00000E+00    0.92867E-06    0.19822E-03    0.12928E-02    0.20306E-03    0.17509E-02    0.19888E-03    0.13628E-02    0.14917E-03    0.11194E-02    0.15253E-03    0.14423E-02    0.14962E-03    0.11624E-02
21200  0    0.45480E-07    0.10730E-06    0.51100E-07    0.97010E-08    0.35779E-06    0.72820E-08    0.10002E-05    0.94810E-08    0.41619E-06    0.18242E-03    0.84592E-03    0.19612E-03    0.14143E-02    0.18371E-03    0.91235E-03    0.11055E-03    0.48100E-03    0.12486E-03    0.94895E-03    0.11185E-03    0.52354E-03    0.17119E-07    0.21846E-07    0.17382E-07    0.17119E-07    0.00000E+00    0.21846E-07    0.00000E+00    0.17382E-07    0.00000E+00    0.18504E-03    0.00000E+00    0.20903E-03    0.00000E+00    0.18645E-03    0.00000E+00    0.10055E-03    0.00000E+00    0.13035E-03    0.00000E+00    0.10220E-03    0.00000E+00    0.82567E-07    0.15003E-06    0.91562E-07    0.00000E+00    0.82567E-06    0.00000E+00    0.15003E-05    0.00000E+00    0.91562E-06    0.17894E-03    0.12850E-02    0.18934E-03    0.17322E-02    0.18036E-03    0.13532E-02    0.12362E-03    0.11100E-02    0.12211E-03    0.14234E-02    0.12342E-03    0.11518E-02
21300  0    0.45072E-07    0.10616E-06    0.50625E-07    0.95655E-08    0.35506E-06    0.71368E-08    0.99023E-06    0.93447E-08    0.41280E-06    0.18039E-03    0.84269E-03    0.19435E-03    0.14073E-02    0.18170E-03    0.90863E-03    0.10878E-03    0.47910E-03    0.11963E-03    0.94419E-03    0.10977E-03    0.52138E-03    0.16880E-07    0.21410E-07    0.17132E-07    0.16880E-07    0.00000E+00    0.21410E-07    0.00000E+00    0.17132E-07    0.00000E+00    0.18374E-03    0.00000E+00    0.20693E-03    0.00000E+00    0.18511E-03    0.00000E+00    0.10127E-03    0.00000E+00    0.12459E-03    0.00000E+00    0.10256E-03    0.00000E+00    0.81938E-07    0.14853E-06    0.90817E-07    0.00000E+00    0.81938E-06    0.00000E+00    0.14853E-05    0.00000E+00    0.90817E-06    0.17590E-03    0.12801E-02    0.18775E-03    0.17236E-02    0.17753E-03    0.13477E-02    0.11861E-03    0.11056E-02    0.11715E-03    0.14163E-02    0.11841E-03    0.11470E-02
21400  1    0.59545E-07    0.12415E-06    0.65418E-07    0.22468E-07    0.37077E-06    0.21540E-07    0.10261E-05    0.22383E-07    0.43035E-06    0.27861E-03    0.86113E-03    0.29287E-03    0.14326E-02    0.27993E-03    0.92773E-03    0.22065E-03    0.48746E-03    0.23480E-03    0.97108E-03    0.22193E-03    0.53143E-03    0.39649E-07    0.64619E-07    0.41036E-07    0.39649E-07    0.00000E+00    0.64619E-07    0.00000E+00    0.41036E-07    0.00000E+00    0.28160E-03    0.00000E+00    0.35950E-03    0.00000E+00    0.28648E-03    0.00000E+00    0.21812E-03    0.00000E+00    0.31687E-03    0.00000E+00    0.22361E-03    0.00000E+00    0.85562E-07    0.15392E-06    0.94676E-07    0.00000E+00    0.85562E-06    0.00000E+00    0.15392E-05    0.00000E+00    0.94676E-06    0.27464E-03    0.13081E-02    0.25306E-03    0.17545E-02    0.27186E-03    0.13761E-02    0.22395E-03    0.11249E-02    0.19376E-03    0.14566E-02    0.21992E-03    0.11691E-02
21500  0    0.44141E-07    0.10384E-06    0.49568E-07    0.93508E-08    0.34790E-06    0.67700E-08    0.97073E-06    0.91162E-08    0.40452E-06    0.17822E-03    0.83415E-03    0.19068E-03    0.13934E-02    0.17939E-03    0.89947E-03    0.10785E-03    0.47406E-03    0.11861E-03    0.93344E-03    0.10883E-03    0.51582E-03    0.16501E-07    0.20310E-07    0.16713E-07    0.16501E-07    0.00000E+00    0.20310E-07    0.00000E+00    0.16713E-07    0.00000E+00    0.18167E-03    0.00000E+00    0.20154E-03    0.00000E+00    0.18283E-03    0.00000E+00    0.10035E-03    0.00000E+00    0.12229E-03    0.00000E+00    0.10157E-03    0.00000E+00    0.80285E-07    0.14561E-06    0.88995E-07    0.00000E+00    0.80285E-06    0.00000E+00    0.14561E-05    0.00000E+00    0.88995E-06    0.17361E-03    0.12672E-02    0.18501E-03    0.17065E-02    0.17517E-03    0.13341E-02    0.11766E-03    0.10940E-02    0.11677E-03    0.14002E-02    0.11754E-03    0.11348E-02
21600  0    0.43857E-07    0.10329E-06    0.49259E-07    0.92986E-08    0.34558E-06    0.69764E-08    0.96311E-06    0.90875E-08    0.40172E-06    0.17723E-03    0.83136E-03    0.19171E-03    0.13879E-02    0.17860E-03    0.89635E-03    0.10713E-03    0.47235E-03    0.11809E-03    0.93026E-03    0.10813E-03    0.51398E-03    0.16409E-07    0.20929E-07    0.16660E-07    0.16409E-07    0.00000E+00    0.20929E-07    0.00000E+00    0.16660E-07    0.00000E+00    0.18116E-03    0.00000E+00    0.20459E-03    0.00000E+00    0.18254E-03    0.00000E+00    0.10090E-03    0.00000E+00    0.12378E-03    0.00000E+00    0.10217E-03    0.00000E+00    0.79749E-07    0.14447E-06    0.88378E-07    0.00000E+00    0.79749E-06    0.00000E+00    0.14447E-05    0.00000E+00    0.88378E-06    0.17196E-03    0.12629E-02    0.18493E-03    0.16998E-02    0.17375E-03    0.13295E-02    0.11528E-03    0.10900E-02    0.11525E-03    0.13954E-02    0.11527E-03    0.11308E-02
21700  0    0.43201E-07    0.10249E-06    0.48592E-07    0.90715E-08    0.34130E-06    0.67428E-08    0.95750E-06    0.88598E-08    0.39732E-06    0.17647E-03    0.82619E-03    0.18998E-03    0.13838E-02    0.17774E-03    0.89142E-03    0.10656E-03    0.47015E-03    0.11915E-03    0.92654E-03    0.10770E-03    0.51164E-03    0.16009E-07    0.20228E-07    0.16243E-07    0.16009E-07    0.00000E+00    0.20228E-07    0.00000E+00    0.16243E-07    0.00000E+00    0.17893E-03    0.00000E+00    0.20114E-03    0.00000E+00    0.18024E-03    0.00000E+00    0.97516E-04    0.00000E+00    0.12398E-03    0.00000E+00    0.98986E-04    0.00000E+00    0.78761E-07    0.14362E-06    0.87410E-07    0.00000E+00    0.78761E-06    0.00000E+00    0.14362E-05    0.00000E+00    0.87410E-06    0.17320E-03    0.12551E-02    0.18414E-03    0.16948E-02    0.17470E-03    0.13222E-02    0.11838E-03    0.10850E-02    0.11673E-03    0.13898E-02    0.11816E-03    0.11256E-02
21800  1    0.10225E-06    0.12139E-06    0.10399E-06    0.66366E-07    0.35885E-06    0.25952E-07    0.95435E-06    0.62692E-07    0.41299E-06    0.49297E-03    0.84718E-03    0.40995E-03    0.13816E-02    0.48600E-03    0.90883E-03    0.41999E-03    0.47998E-03    0.36846E-03    0.92989E-03    0.41530E-03    0.52088E-03    0.11712E-06    0.77857E-07    0.11494E-06    0.11712E-06    0.00000E+00    0.77857E-07    0.00000E+00    0.11494E-06    0.00000E+00    0.48398E-03    0.00000E+00    0.39461E-03    0.00000E+00    0.47945E-03    0.00000E+00    0.40612E-03    0.00000E+00    0.37168E-03    0.00000E+00    0.40421E-03    0.00000E+00    0.82812E-07    0.14315E-06    0.90858E-07    0.00000E+00    0.82812E-06    0.00000E+00    0.14315E-05    0.00000E+00    0.90858E-06    0.50448E-03    0.12870E-02    0.41740E-03    0.16921E-02    0.49376E-03    0.13480E-02    0.43812E-03    0.11076E-02    0.36685E-03    0.13948E-02    0.42862E-03    0.11459E-02
21900  0    0.48143E-07    0.10165E-06    0.53007E-07    0.14391E-07    0.33752E-06    0.10227E-07    0.91420E-06    0.14012E-07    0.38995E-06    0.21619E-03    0.82161E-03    0.23358E-03    0.13522E-02    0.21783E-03    0.88312E-03    0.15407E-03    0.46395E-03    0.15670E-03    0.90641E-03    0.15431E-03    0.50418E-03    0.25395E-07    0.30681E-07    0.25689E-07    0.25395E-07    0.00000E+00    0.30681E-07    0.00000E+00    0.25689E-07    0.00000E+00    0.22537E-03    0.00000E+00    0.24771E-03    0.00000E+00    0.22667E-03    0.00000E+00    0.16255E-03    0.00000E+00    0.17016E-03    0.00000E+00    0.16297E-03    0.00000E+00    0.77889E-07    0.13713E-06    0.85788E-07    0.00000E+00    0.77889E-06    0.00000E+00    0.13713E-05    0.00000E+00    0.85788E-06    0.20357E-03    0.12481E-02    0.22618E-03    0.16561E-02    0.20673E-03    0.13099E-02    0.14300E-03    0.10707E-02    0.14997E-03    0.13596E-02    0.14393E-03    0.11092E-02
22000  1    0.40818E-06    0.37181E-06    0.40487E-06    0.36243E-06    0.45748E-06    0.23294E-06    0.13886E-05    0.35066E-06    0.54213E-06    0.11446E-02    0.95653E-03    0.11833E-02    0.16665E-02    0.11481E-02    0.10413E-02    0.10394E-02    0.53970E-03    0.10948E-02    0.11793E-02    0.10444E-02    0.59785E-03    0.63958E-06    0.69883E-06    0.64287E-06    0.63958E-06    0.00000E+00    0.69883E-06    0.00000E+00    0.64287E-06    0.00000E+00    0.11310E-02    0.00000E+00    0.11822E-02    0.00000E+00    0.11339E-02    0.00000E+00    0.10273E-02    0.00000E+00    0.10859E-02    0.00000E+00    0.10305E-02    0.00000E+00    0.10557E-06    0.20829E-06    0.11927E-06    0.00000E+00    0.10557E-05    0.00000E+00    0.20829E-05    0.00000E+00    0.11927E-05    0.11621E-02    0.14531E-02    0.11838E-02    0.20411E-02    0.11650E-02    0.15445E-02    0.10552E-02    0.12455E-02    0.10992E-02    0.17690E-02    0.10611E-02    0.13153E-02
22100  0    0.41453E-07    0.98880E-07    0.46674E-07    0.86211E-08    0.32832E-06    0.63662E-08    0.92514E-06    0.84161E-08    0.38258E-06    0.17223E-03    0.81033E-03    0.18555E-03    0.13603E-02    0.17348E-03    0.87473E-03    0.10393E-03    0.46133E-03    0.11566E-03    0.90950E-03    0.10499E-03    0.50207E-03    0.15214E-07    0.19099E-07    0.15429E-07    0.15214E-07    0.00000E+00    0.19099E-07    0.00000E+00    0.15429E-07    0.00000E+00    0.17443E-03    0.00000E+00    0.19544E-03    0.00000E+00    0.17567E-03    0.00000E+00    0.95391E-04    0.00000E+00    0.11963E-03    0.00000E+00    0.96738E-04    0.00000E+00    0.75766E-07    0.13877E-06    0.84167E-07    0.00000E+00    0.75766E-06    0.00000E+00    0.13877E-05    0.00000E+00    0.84167E-06    0.16931E-03    0.12310E-02    0.18040E-03    0.16660E-02    0.17083E-03    0.12974E-02    0.11509E-03    0.10646E-02    0.11367E-03    0.13642E-02    0.11490E-03    0.11046E-02
22200  1    0.65765E-07    0.10731E-06    0.69542E-07    0.32525E-07    0.33240E-06    0.21051E-07    0.86254E-06    0.31482E-07    0.38060E-06    0.32872E-03    0.81535E-03    0.35044E-03    0.13134E-02    0.33075E-03    0.87246E-03    0.26133E-03    0.45682E-03    0.28232E-03    0.87628E-03    0.26324E-03    0.49495E-03    0.57397E-07    0.63154E-07    0.57717E-07    0.57397E-07    0.00000E+00    0.63154E-07    0.00000E+00    0.57717E-07    0.00000E+00    0.33881E-03    0.00000E+00    0.35540E-03    0.00000E+00    0.33976E-03    0.00000E+00    0.27505E-03    0.00000E+00    0.30789E-03    0.00000E+00    0.27687E-03    0.00000E+00    0.76708E-07    0.12938E-06    0.83731E-07    0.00000E+00    0.76708E-06    0.00000E+00    0.12938E-05    0.00000E+00    0.83731E-06    0.31503E-03    0.12386E-02    0.34793E-03    0.16086E-02    0.31961E-03    0.12941E-02    0.24339E-03    0.10542E-02    0.26954E-03    0.13144E-02    0.24688E-03    0.10889E-02
22300  2    0.43313E-07    0.10048E-06    0.48510E-07    0.10637E-07    0.32676E-06    0.79159E-08    0.92564E-06    0.10390E-07    0.38120E-06    0.19184E-03    0.80841E-03    0.20865E-03    0.13606E-02    0.19343E-03    0.87316E-03    0.13187E-03    0.46291E-03    0.15436E-03    0.90701E-03    0.13391E-03    0.50328E-03    0.18772E-07    0.23748E-07    0.19048E-07    0.18772E-07    0.00000E+00    0.23748E-07    0.00000E+00    0.19048E-07    0.00000E+00    0.19376E-03    0.00000E+00    0.21793E-03    0.00000E+00    0.19518E-03    0.00000E+00    0.12922E-03    0.00000E+00    0.16265E-03    0.00000E+00    0.13108E-03    0.00000E+00    0.75406E-07    0.13885E-06    0.83865E-07    0.00000E+00    0.75406E-06    0.00000E+00    0.13885E-05    0.00000E+00    0.83865E-06    0.18929E-03    0.12281E-02    0.20384E-03    0.16664E-02    0.19130E-03    0.12951E-02    0.13532E-03    0.10682E-02    0.15022E-03    0.13605E-02    0.13731E-03    0.11072E-02
22400  3    0.40091E-06    0.31702E-06    0.39329E-06    0.34833E-06    0.52587E-06    0.20698E-06    0.11005E-05    0.33548E-06    0.57811E-06    0.11316E-02    0.10255E-02    0.10348E-02    0.14836E-02    0.11231E-02    0.10753E-02    0.90971E-03    0.56546E-03    0.84966E-03    0.10117E-02    0.90425E-03    0.60603E-03    0.61469E-06    0.62093E-06    0.61504E-06    0.61469E-06    0.00000E+00    0.62093E-06    0.00000E+00    0.61504E-06    0.00000E+00    0.11088E-02    0.00000E+00    0.11144E-02    0.00000E+00    0.11091E-02    0.00000E+00    0.88311E-03    0.00000E+00    0.91130E-03    0.00000E+00    0.88467E-03    0.00000E+00    0.12136E-06    0.16507E-06    0.12718E-06    0.00000E+00    0.12136E-05    0.00000E+00    0.16507E-05    0.00000E+00    0.12718E-05    0.11607E-02    0.15579E-02    0.99263E-03    0.18170E-02    0.11397E-02    0.15949E-02    0.94450E-03    0.13049E-02    0.81883E-03    0.15176E-02    0.92775E-03    0.13333E-02
22500  4    0.18751E-06    0.22374E-06    0.19080E-06    0.15022E-06    0.37286E-06    0.11044E-06    0.11330E-05    0.14660E-06    0.44197E-06    0.73850E-03    0.86356E-03    0.78929E-03    0.15053E-02    0.74326E-03    0.94018E-03    0.64947E-03    0.49363E-03    0.70834E-03    0.10388E-02    0.65482E-03    0.54320E-03    0.26510E-06    0.33132E-06    0.26878E-06    0.26510E-06    0.00000E+00    0.33132E-06    0.00000E+00    0.26878E-06    0.00000E+00    0.72814E-03    0.00000E+00    0.81403E-03    0.00000E+00    0.73318E-03    0.00000E+00    0.64144E-03    0.00000E+00    0.70885E-03    0.00000E+00    0.64518E-03    0.00000E+00    0.86046E-07    0.16995E-06    0.97233E-07    0.00000E+00    0.86046E-06    0.00000E+00    0.16995E-05    0.00000E+00    0.97233E-06    0.75183E-03    0.13118E-02    0.77663E-03    0.18436E-02    0.75518E-03    0.13945E-02    0.65998E-03    0.11392E-02    0.70809E-03    0.15582E-02    0.66639E-03    0.11950E-02
22600  5    0.81005E-07    0.13470E-06    0.85886E-07    0.48137E-07    0.32868E-06    0.35497E-07    0.99200E-06    0.46988E-07    0.38898E-06    0.42101E-03    0.81077E-03    0.44880E-03    0.14085E-02    0.42361E-03    0.88202E-03    0.36013E-03    0.46685E-03    0.39737E-03    0.94778E-03    0.36352E-03    0.51057E-03    0.84947E-07    0.10649E-06    0.86144E-07    0.84947E-07    0.00000E+00    0.10649E-06    0.00000E+00    0.86144E-07    0.00000E+00    0.41218E-03    0.00000E+00    0.46150E-03    0.00000E+00    0.41508E-03    0.00000E+00    0.35342E-03    0.00000E+00    0.40975E-03    0.00000E+00    0.35655E-03    0.00000E+00    0.75848E-07    0.14880E-06    0.85575E-07    0.00000E+00    0.75848E-06    0.00000E+00    0.14880E-05    0.00000E+00    0.85575E-06    0.43228E-03    0.12317E-02    0.44231E-03    0.17251E-02    0.43363E-03    0.13082E-02    0.36890E-03    0.10773E-02    0.39119E-03    0.14217E-02    0.37187E-03    0.11232E-02
22700  6    0.64470E-07    0.10126E-06    0.67815E-07    0.33019E-07    0.31451E-06    0.11402E-07    0.89861E-06    0.31054E-07    0.36761E-06    0.35101E-03    0.79311E-03    0.28770E-03    0.13406E-02    0.34574E-03    0.85745E-03    0.27762E-03    0.45313E-03    0.24311E-03    0.89895E-03    0.27448E-03    0.49366E-03    0.58268E-07    0.34207E-07    0.56932E-07    0.58268E-07    0.00000E+00    0.34207E-07    0.00000E+00    0.56932E-07    0.00000E+00    0.34138E-03    0.00000E+00    0.26156E-03    0.00000E+00    0.33744E-03    0.00000E+00    0.26315E-03    0.00000E+00    0.23432E-03    0.00000E+00    0.26155E-03    0.00000E+00    0.72579E-07    0.13479E-06    0.80874E-07    0.00000E+00    0.72579E-06    0.00000E+00    0.13479E-05    0.00000E+00    0.80874E-06    0.36323E-03    0.12048E-02    0.29992E-03    0.16419E-02    0.35544E-03    0.12718E-02    0.29654E-03    0.10457E-02    0.24751E-03    0.13484E-02    0.29000E-03    0.10861E-02
22800  7    0.64356E-07    0.11841E-06    0.69270E-07    0.32870E-07    0.31486E-06    0.23468E-07    0.94938E-06    0.32015E-07    0.37254E-06    0.35065E-03    0.79355E-03    0.36860E-03    0.13780E-02    0.35232E-03    0.86318E-03    0.29936E-03    0.45726E-03    0.33171E-03    0.92046E-03    0.30230E-03    0.49937E-03    0.58006E-07    0.70405E-07    0.58695E-07    0.58006E-07    0.00000E+00    0.70405E-07    0.00000E+00    0.58695E-07    0.00000E+00    0.34061E-03    0.00000E+00    0.37525E-03    0.00000E+00    0.34262E-03    0.00000E+00    0.28802E-03    0.00000E+00    0.33713E-03    0.00000E+00    0.29075E-03    0.00000E+00    0.72660E-07    0.14241E-06    0.81960E-07    0.00000E+00    0.72660E-06    0.00000E+00    0.14241E-05    0.00000E+00    0.81960E-06    0.36337E-03    0.12055E-02    0.36524E-03    0.16876E-02    0.36362E-03    0.12803E-02    0.31418E-03    0.10552E-02    0.32901E-03    0.13807E-02    0.31616E-03    0.10986E-02
22900  0    0.38403E-07    0.93116E-07    0.43377E-07    0.80183E-08    0.30385E-06    0.59408E-08    0.87175E-06    0.78294E-08    0.35547E-06    0.16925E-03    0.77955E-03    0.18163E-03    0.13204E-02    0.17041E-03    0.84318E-03    0.10633E-03    0.44518E-03    0.12193E-03    0.88074E-03    0.10775E-03    0.48478E-03    0.14150E-07    0.17822E-07    0.14354E-07    0.14150E-07    0.00000E+00    0.17822E-07    0.00000E+00    0.14354E-07    0.00000E+00    0.16823E-03    0.00000E+00    0.18880E-03    0.00000E+00    0.16943E-03    0.00000E+00    0.94723E-04    0.00000E+00    0.12087E-03    0.00000E+00    0.96175E-04    0.00000E+00    0.70118E-07    0.13076E-06    0.78204E-07    0.00000E+00    0.70118E-06    0.00000E+00    0.13076E-05    0.00000E+00    0.78204E-06    0.17058E-03    0.11842E-02    0.17794E-03    0.16172E-02    0.17158E-03    0.12506E-02    0.12151E-03    0.10273E-02    0.12246E-03    0.13211E-02    0.12163E-03    0.10665E-02
23000  1    0.53711E-07    0.93992E-07    0.57373E-07    0.23270E-07    0.30441E-06    0.78800E-08    0.86112E-06    0.21871E-07    0.35502E-06    0.29035E-03    0.78027E-03    0.23925E-03    0.13123E-02    0.28608E-03    0.84264E-03    0.23027E-03    0.44708E-03    0.20203E-03    0.87138E-03    0.22771E-03    0.48566E-03    0.41064E-07    0.23640E-07    0.40096E-07    0.41064E-07    0.00000E+00    0.23640E-07    0.00000E+00    0.40096E-07    0.00000E+00    0.28658E-03    0.00000E+00    0.21744E-03    0.00000E+00    0.28318E-03    0.00000E+00    0.22269E-03    0.00000E+00    0.19998E-03    0.00000E+00    0.22143E-03    0.00000E+00    0.70248E-07    0.12917E-06    0.78104E-07    0.00000E+00    0.70248E-06    0.00000E+00    0.12917E-05    0.00000E+00    0.78104E-06    0.29520E-03    0.11853E-02    0.24944E-03    0.16073E-02    0.28952E-03    0.12498E-02    0.24019E-03    0.10317E-02    0.20306E-03    0.13071E-02    0.23524E-03    0.10684E-02
23100  2    0.39067E-07    0.93705E-07    0.44034E-07    0.91954E-08    0.29871E-06    0.69335E-08    0.86771E-06    0.89897E-08    0.35044E-06    0.18388E-03    0.77293E-03    0.19675E-03    0.13174E-02    0.18509E-03    0.83718E-03    0.12779E-03    0.44232E-03    0.15067E-03    0.87888E-03    0.12987E-03    0.48201E-03    0.16227E-07    0.20801E-07    0.16481E-07    0.16227E-07    0.00000E+00    0.20801E-07    0.00000E+00    0.16481E-07    0.00000E+00    0.18015E-03    0.00000E+00    0.20396E-03    0.00000E+00    0.18156E-03    0.00000E+00    0.11481E-03    0.00000E+00    0.15064E-03    0.00000E+00    0.11680E-03    0.00000E+00    0.68933E-07    0.13016E-06    0.77097E-07    0.00000E+00    0.68933E-06    0.00000E+00    0.13016E-05    0.00000E+00    0.77097E-06    0.18866E-03    0.11742E-02    0.19304E-03    0.16134E-02    0.18925E-03    0.12417E-02    0.14476E-03    0.10207E-02    0.15068E-03    0.13183E-02    0.14555E-03    0.10604E-02
23200  3    0.89352E-07    0.11433E-06    0.91623E-07    0.57978E-07    0.31374E-06    0.35623E-07    0.78710E-06    0.55946E-07    0.35677E-06    0.44109E-03    0.79214E-03    0.46179E-03    0.12547E-02    0.44301E-03    0.84472E-03    0.37647E-03    0.44079E-03    0.40106E-03    0.83637E-03    0.37871E-03    0.47675E-03    0.10231E-06    0.10687E-06    0.10257E-06    0.10231E-06    0.00000E+00    0.10687E-06    0.00000E+00    0.10257E-06    0.00000E+00    0.45236E-03    0.00000E+00    0.46232E-03    0.00000E+00    0.45292E-03    0.00000E+00    0.38967E-03    0.00000E+00    0.42113E-03    0.00000E+00    0.39142E-03    0.00000E+00    0.72401E-07    0.11807E-06    0.78490E-07    0.00000E+00    0.72401E-06    0.00000E+00    0.11807E-05    0.00000E+00    0.78490E-06    0.42590E-03    0.12033E-02    0.46153E-03    0.15367E-02    0.43082E-03    0.12529E-02    0.35921E-03    0.10172E-02    0.39102E-03    0.12546E-02    0.36345E-03    0.10488E-02
23300  0    0.37515E-07    0.91129E-07    0.42389E-07    0.81412E-08    0.29374E-06    0.71483E-08    0.83980E-06    0.80509E-08    0.34338E-06    0.16786E-03    0.76647E-03    0.18627E-03    0.12960E-02    0.16961E-03    0.82871E-03    0.11212E-03    0.43672E-03    0.12864E-03    0.86432E-03    0.11362E-03    0.47559E-03    0.14367E-07    0.21445E-07    0.14760E-07    0.14367E-07    0.00000E+00    0.21445E-07    0.00000E+00    0.14760E-07    0.00000E+00    0.16951E-03    0.00000E+00    0.20710E-03    0.00000E+00    0.17181E-03    0.00000E+00    0.10696E-03    0.00000E+00    0.14714E-03    0.00000E+00    0.10920E-03    0.00000E+00    0.67785E-07    0.12597E-06    0.75543E-07    0.00000E+00    0.67785E-06    0.00000E+00    0.12597E-05    0.00000E+00    0.75543E-06    0.16567E-03    0.11643E-02    0.17493E-03    0.15873E-02    0.16693E-03    0.12292E-02    0.11886E-03    0.10078E-02    0.11939E-03    0.12965E-02    0.11893E-03    0.10463E-02
23400  1    0.93681E-06    0.67429E-06    0.91295E-06    0.87824E-06    0.58572E-06    0.58373E-06    0.90556E-06    0.85147E-06    0.61480E-06    0.17502E-02    0.10823E-02    0.18470E-02    0.13458E-02    0.17593E-02    0.11089E-02    0.15657E-02    0.57873E-03    0.17156E-02    0.87026E-03    0.15793E-02    0.60523E-03    0.15498E-05    0.17512E-05    0.15610E-05    0.15498E-05    0.00000E+00    0.17512E-05    0.00000E+00    0.15610E-05    0.00000E+00    0.17606E-02    0.00000E+00    0.18715E-02    0.00000E+00    0.17669E-02    0.00000E+00    0.15850E-02    0.00000E+00    0.17813E-02    0.00000E+00    0.15959E-02    0.00000E+00    0.13517E-06    0.13583E-06    0.13526E-06    0.00000E+00    0.13517E-05    0.00000E+00    0.13583E-05    0.00000E+00    0.13526E-05    0.17366E-02    0.16442E-02    0.18346E-02    0.16482E-02    0.17500E-02    0.16447E-02    0.15405E-02    0.13355E-02    0.16827E-02    0.13054E-02    0.15595E-02    0.13315E-02
23500  0    0.35860E-07    0.87604E-07    0.40564E-07    0.72215E-08    0.28638E-06    0.52598E-08    0.82344E-06    0.70431E-08    0.33520E-06    0.15987E-03    0.75681E-03    0.17199E-03    0.12833E-02    0.16101E-03    0.81879E-03    0.97930E-04    0.43192E-03    0.11006E-03    0.85333E-03    0.99033E-04    0.47023E-03    0.12744E-07    0.15779E-07    0.12912E-07    0.12744E-07    0.00000E+00    0.15779E-07    0.00000E+00    0.12912E-07    0.00000E+00    0.15965E-03    0.00000E+00    0.17765E-03    0.00000E+00    0.16070E-03    0.00000E+00    0.88227E-04    0.00000E+00    0.11059E-03    0.00000E+00    0.89469E-04    0.00000E+00    0.66088E-07    0.12352E-06    0.73745E-07    0.00000E+00    0.66088E-06    0.00000E+00    0.12352E-05    0.00000E+00    0.73745E-06    0.16016E-03    0.11497E-02    0.16909E-03    0.15717E-02    0.16138E-03    0.12145E-02    0.11062E-03    0.99674E-03    0.10979E-03    0.12800E-02    0.11051E-03    0.10345E-02
23600  1    0.51616E-06    0.38758E-06    0.50447E-06    0.47144E-06    0.44723E-06    0.25613E-06    0.13145E-05    0.45186E-06    0.52608E-06    0.13444E-02    0.94576E-03    0.12372E-02    0.16214E-02    0.13350E-02    0.10257E-02    0.11364E-02    0.51528E-03    0.10660E-02    0.11374E-02    0.11300E-02    0.57183E-03    0.83195E-06    0.76839E-06    0.82842E-06    0.83195E-06    0.00000E+00    0.76839E-06    0.00000E+00    0.82842E-06    0.00000E+00    0.12899E-02    0.00000E+00    0.12397E-02    0.00000E+00    0.12872E-02    0.00000E+00    0.10707E-02    0.00000E+00    0.10794E-02    0.00000E+00    0.10712E-02    0.00000E+00    0.10321E-06    0.19718E-06    0.11574E-06    0.00000E+00    0.10321E-05    0.00000E+00    0.19718E-05    0.00000E+00    0.11574E-05    0.14125E-02    0.14367E-02    0.12360E-02    0.19858E-02    0.13903E-02    0.15214E-02    0.12223E-02    0.11891E-02    0.10593E-02    0.17061E-02    0.12005E-02    0.12580E-02
23700  0    0.35570E-07    0.84958E-07    0.40060E-07    0.74907E-08    0.28079E-06    0.51455E-08    0.79813E-06    0.72775E-08    0.32782E-06    0.15963E-03    0.74939E-03    0.17084E-03    0.12634E-02    0.16068E-03    0.80972E-03    0.98792E-04    0.42648E-03    0.10439E-03    0.83978E-03    0.99301E-04    0.46405E-03    0.13219E-07    0.15436E-07    0.13342E-07    0.13219E-07    0.00000E+00    0.15436E-07    0.00000E+00    0.13342E-07    0.00000E+00    0.16260E-03    0.00000E+00    0.17571E-03    0.00000E+00    0.16335E-03    0.00000E+00    0.95549E-04    0.00000E+00    0.10569E-03    0.00000E+00    0.96112E-04    0.00000E+00    0.64798E-07    0.11972E-06    0.72121E-07    0.00000E+00    0.64798E-06    0.00000E+00    0.11972E-05    0.00000E+00    0.72121E-06    0.15567E-03    0.11384E-02    0.16835E-03    0.15474E-02    0.15742E-03    0.12010E-02    0.10303E-03    0.98418E-03    0.10374E-03    0.12597E-02    0.10313E-03    0.10209E-02
23800  1    0.40660E-07    0.92563E-07    0.45378E-07    0.12685E-07    0.27975E-06    0.92216E-08    0.83341E-06    0.12370E-07    0.33008E-06    0.21877E-03    0.74800E-03    0.23164E-03    0.12911E-02    0.21997E-03    0.81250E-03    0.17162E-03    0.42981E-03    0.19990E-03    0.85873E-03    0.17419E-03    0.46880E-03    0.22385E-07    0.27665E-07    0.22679E-07    0.22385E-07    0.00000E+00    0.27665E-07    0.00000E+00    0.22679E-07    0.00000E+00    0.21159E-03    0.00000E+00    0.23522E-03    0.00000E+00    0.21297E-03    0.00000E+00    0.15882E-03    0.00000E+00    0.20096E-03    0.00000E+00    0.16116E-03    0.00000E+00    0.64557E-07    0.12501E-06    0.72618E-07    0.00000E+00    0.64557E-06    0.00000E+00    0.12501E-05    0.00000E+00    0.72618E-06    0.22781E-03    0.11363E-02    0.22983E-03    0.15812E-02    0.22808E-03    0.12051E-02    0.18836E-03    0.99187E-03    0.19938E-03    0.12881E-02    0.18983E-03    0.10314E-02
23900  0    0.34493E-07    0.83670E-07    0.38964E-07    0.70231E-08    0.27470E-06    0.48295E-08    0.78841E-06    0.68237E-08    0.32140E-06    0.15617E-03    0.74121E-03    0.16718E-03    0.12557E-02    0.15720E-03    0.80175E-03    0.95686E-04    0.42222E-03    0.10206E-03    0.83312E-03    0.96266E-04    0.45957E-03    0.12394E-07    0.14488E-07    0.12510E-07    0.12394E-07    0.00000E+00    0.14488E-07    0.00000E+00    0.12510E-07    0.00000E+00    0.15744E-03    0.00000E+00    0.17023E-03    0.00000E+00    0.15818E-03    0.00000E+00    0.90026E-04    0.00000E+00    0.10085E-03    0.00000E+00    0.90627E-04    0.00000E+00    0.63392E-07    0.11826E-06    0.70708E-07    0.00000E+00    0.63392E-06    0.00000E+00    0.11826E-05    0.00000E+00    0.70708E-06    0.15449E-03    0.11260E-02    0.16564E-03    0.15379E-02    0.15603E-03    0.11892E-02    0.10309E-03    0.97435E-03    0.10267E-03    0.12497E-02    0.10303E-03    0.10111E-02
24000  1    0.27682E-06    0.27642E-06    0.27678E-06    0.24021E-06    0.36606E-06    0.16673E-06    0.10969E-05    0.23353E-06    0.43251E-06    0.92834E-03    0.85565E-03    0.98791E-03    0.14812E-02    0.93391E-03    0.93006E-03    0.81759E-03    0.48539E-03    0.89273E-03    0.10303E-02    0.82442E-03    0.53493E-03    0.42390E-06    0.50018E-06    0.42814E-06    0.42390E-06    0.00000E+00    0.50018E-06    0.00000E+00    0.42814E-06    0.00000E+00    0.92076E-03    0.00000E+00    0.10002E-02    0.00000E+00    0.92535E-03    0.00000E+00    0.81503E-03    0.00000E+00    0.88975E-03    0.00000E+00    0.81918E-03    0.00000E+00    0.84476E-07    0.16454E-06    0.95151E-07    0.00000E+00    0.84476E-06    0.00000E+00    0.16454E-05    0.00000E+00    0.95151E-06    0.93815E-03    0.12998E-02    0.98172E-03    0.18140E-02    0.94408E-03    0.13795E-02    0.82093E-03    0.11201E-02    0.89422E-03    0.15455E-02    0.83070E-03    0.11768E-02
24100  0    0.33769E-07    0.82503E-07    0.38200E-07    0.67661E-08    0.27003E-06    0.48863E-08    0.77616E-06    0.65952E-08    0.31604E-06    0.15324E-03    0.73489E-03    0.16570E-03    0.12459E-02    0.15442E-03    0.79504E-03    0.93150E-04    0.41871E-03    0.10200E-03    0.82656E-03    0.93955E-04    0.45579E-03    0.11940E-07    0.14659E-07    0.12091E-07    0.11940E-07    0.00000E+00    0.14659E-07    0.00000E+00    0.12091E-07    0.00000E+00    0.15453E-03    0.00000E+00    0.17122E-03    0.00000E+00    0.15551E-03    0.00000E+00    0.87401E-04    0.00000E+00    0.10320E-03    0.00000E+00    0.88279E-04    0.00000E+00    0.62315E-07    0.11642E-06    0.69530E-07    0.00000E+00    0.62315E-06    0.00000E+00    0.11642E-05    0.00000E+00    0.69530E-06    0.15154E-03    0.11164E-02    0.16286E-03    0.15259E-02    0.15310E-03    0.11792E-02    0.10067E-03    0.96626E-03    0.10141E-03    0.12398E-02    0.10077E-03    0.10027E-02
24200  1    0.45627E-07    0.88964E-07    0.49566E-07    0.18148E-07    0.27479E-06    0.13415E-07    0.75548E-06    0.17718E-07    0.31849E-06    0.24730E-03    0.74133E-03    0.25636E-03    0.12292E-02    0.24814E-03    0.79811E-03    0.19291E-03    0.41806E-03    0.18540E-03    0.82568E-03    0.19223E-03    0.45511E-03    0.32026E-07    0.40246E-07    0.32483E-07    0.32026E-07    0.00000E+00    0.40246E-07    0.00000E+00    0.32483E-07    0.00000E+00    0.25308E-03    0.00000E+00    0.28371E-03    0.00000E+00    0.25488E-03    0.00000E+00    0.19832E-03    0.00000E+00    0.19982E-03    0.00000E+00    0.19840E-03    0.00000E+00    0.63412E-07    0.11332E-06    0.70067E-07    0.00000E+00    0.63412E-06    0.00000E+00    0.11332E-05    0.00000E+00    0.70067E-06    0.23954E-03    0.11262E-02    0.24153E-03    0.15055E-02    0.23980E-03    0.11838E-02    0.18583E-03    0.96474E-03    0.17819E-03    0.12385E-02    0.18481E-03    0.10012E-02
24300  2    0.60864E-07    0.90175E-07    0.63529E-07    0.33539E-07    0.27325E-06    0.19049E-07    0.71126E-06    0.32222E-07    0.31307E-06    0.33538E-03    0.73926E-03    0.34759E-03    0.11927E-02    0.33651E-03    0.79129E-03    0.26747E-03    0.41210E-03    0.28104E-03    0.78691E-03    0.26870E-03    0.44617E-03    0.59187E-07    0.57147E-07    0.59073E-07    0.59187E-07    0.00000E+00    0.57147E-07    0.00000E+00    0.59073E-07    0.00000E+00    0.34405E-03    0.00000E+00    0.33807E-03    0.00000E+00    0.34372E-03    0.00000E+00    0.27932E-03    0.00000E+00    0.29573E-03    0.00000E+00    0.28023E-03    0.00000E+00    0.63058E-07    0.10669E-06    0.68876E-07    0.00000E+00    0.63058E-06    0.00000E+00    0.10669E-05    0.00000E+00    0.68876E-06    0.32369E-03    0.11230E-02    0.35225E-03    0.14608E-02    0.32764E-03    0.11737E-02    0.25196E-03    0.95100E-03    0.27369E-03    0.11804E-02    0.25486E-03    0.98158E-03
24400  0    0.32611E-07    0.80451E-07    0.36960E-07    0.64297E-08    0.26182E-06    0.46026E-08    0.75849E-06    0.62636E-08    0.30697E-06    0.15056E-03    0.72362E-03    0.16202E-03    0.12317E-02    0.15164E-03    0.78354E-03    0.91233E-04    0.41265E-03    0.10080E-03    0.81594E-03    0.92103E-04    0.44931E-03    0.11347E-07    0.13808E-07    0.11483E-07    0.11347E-07    0.00000E+00    0.13808E-07    0.00000E+00    0.11483E-07    0.00000E+00    0.15064E-03    0.00000E+00    0.16618E-03    0.00000E+00    0.15155E-03    0.00000E+00    0.83275E-04    0.00000E+00    0.10060E-03    0.00000E+00    0.84238E-04    0.00000E+00    0.60419E-07    0.11377E-06    0.67533E-07    0.00000E+00    0.60419E-06    0.00000E+00    0.11377E-05    0.00000E+00    0.67533E-06    0.15046E-03    0.10993E-02    0.15990E-03    0.15085E-02    0.15175E-03    0.11622E-02    0.10164E-03    0.95226E-03    0.10091E-03    0.12239E-02    0.10154E-03    0.98848E-03
24500  1    0.36526E-07    0.84200E-07    0.40860E-07    0.10065E-07    0.26461E-06    0.88011E-08    0.75399E-06    0.99502E-08    0.30910E-06    0.18544E-03    0.72747E-03    0.20096E-03    0.12280E-02    0.18691E-03    0.78625E-03    0.13456E-03    0.41413E-03    0.14250E-03    0.81906E-03    0.13529E-03    0.45095E-03    0.17762E-07    0.26403E-07    0.18242E-07    0.17762E-07    0.00000E+00    0.26403E-07    0.00000E+00    0.18242E-07    0.00000E+00    0.18848E-03    0.00000E+00    0.22980E-03    0.00000E+00    0.19101E-03    0.00000E+00    0.13195E-03    0.00000E+00    0.17415E-03    0.00000E+00    0.13429E-03    0.00000E+00    0.61063E-07    0.11310E-06    0.68001E-07    0.00000E+00    0.61063E-06    0.00000E+00    0.11310E-05    0.00000E+00    0.68001E-06    0.18140E-03    0.11051E-02    0.18486E-03    0.15040E-02    0.18186E-03    0.11662E-02    0.13799E-03    0.95569E-03    0.12667E-03    0.12286E-02    0.13648E-03    0.99208E-03
24600  2    0.35236E-06    0.24158E-06    0.34229E-06    0.31228E-06    0.40083E-06    0.13987E-06    0.10170E-05    0.29661E-06    0.45684E-06    0.10860E-02    0.89535E-03    0.91572E-03    0.14262E-02    0.10716E-02    0.95587E-03    0.85795E-03    0.49229E-03    0.74767E-03    0.99552E-03    0.84793E-03    0.53804E-03    0.55108E-06    0.41962E-06    0.54378E-06    0.55108E-06    0.00000E+00    0.41962E-06    0.00000E+00    0.54378E-06    0.00000E+00    0.10498E-02    0.00000E+00    0.91611E-03    0.00000E+00    0.10429E-02    0.00000E+00    0.81432E-03    0.00000E+00    0.78063E-03    0.00000E+00    0.81244E-03    0.00000E+00    0.92499E-07    0.15255E-06    0.10051E-06    0.00000E+00    0.92499E-06    0.00000E+00    0.15255E-05    0.00000E+00    0.10051E-05    0.11315E-02    0.13601E-02    0.91553E-03    0.17467E-02    0.11052E-02    0.14178E-02    0.91502E-03    0.11361E-02    0.73119E-03    0.14933E-02    0.89051E-03    0.11837E-02
24700  3    0.13285E-06    0.15891E-06    0.13522E-06    0.10007E-06    0.32777E-06    0.70213E-07    0.88693E-06    0.97359E-07    0.37861E-06    0.59713E-03    0.80966E-03    0.62273E-03    0.13319E-02    0.59951E-03    0.87018E-03    0.52808E-03    0.45395E-03    0.54533E-03    0.91767E-03    0.52965E-03    0.49611E-03    0.17660E-06    0.21064E-06    0.17849E-06    0.17660E-06    0.00000E+00    0.21064E-06    0.00000E+00    0.17849E-06    0.00000E+00    0.59431E-03    0.00000E+00    0.64906E-03    0.00000E+00    0.59748E-03    0.00000E+00    0.53419E-03    0.00000E+00    0.58254E-03    0.00000E+00    0.53687E-03    0.00000E+00    0.75640E-07    0.13304E-06    0.83293E-07    0.00000E+00    0.75640E-06    0.00000E+00    0.13304E-05    0.00000E+00    0.83293E-06    0.60081E-03    0.12300E-02    0.60914E-03    0.16312E-02    0.60193E-03    0.12907E-02    0.52010E-03    0.10476E-02    0.52672E-03    0.13765E-02    0.52099E-03    0.10914E-02
24800  0    0.31474E-07    0.77929E-07    0.35697E-07    0.63739E-08    0.25100E-06    0.41787E-08    0.73750E-06    0.61744E-08    0.29523E-06    0.15298E-03    0.70852E-03    0.16054E-03    0.12145E-02    0.15369E-03    0.76841E-03    0.99371E-04    0.40462E-03    0.11008E-03    0.80310E-03    0.10034E-03    0.44084E-03    0.11248E-07    0.12536E-07    0.11320E-07    0.11248E-07    0.00000E+00    0.12536E-07    0.00000E+00    0.11320E-07    0.00000E+00    0.14999E-03    0.00000E+00    0.15834E-03    0.00000E+00    0.15046E-03    0.00000E+00    0.88474E-04    0.00000E+00    0.10121E-03    0.00000E+00    0.89182E-04    0.00000E+00    0.57923E-07    0.11063E-06    0.64950E-07    0.00000E+00    0.57923E-06    0.00000E+00    0.11063E-05    0.00000E+00    0.64950E-06    0.15682E-03    0.10763E-02    0.16163E-03    0.14875E-02    0.15747E-03    0.11397E-02    0.11362E-03    0.93373E-03    0.11451E-03    0.12047E-02    0.11374E-03    0.96986E-03
24900  0    0.32040E-07    0.76725E-07    0.36102E-07    0.71278E-08    0.24912E-06    0.47345E-08    0.71990E-06    0.69102E-08    0.29192E-06    0.15660E-03    0.70586E-03    0.16771E-03    0.11999E-02    0.15764E-03    0.76409E-03    0.10165E-03    0.40062E-03    0.10941E-03    0.79473E-03    0.10235E-03    0.43644E-03    0.12578E-07    0.14203E-07    0.12669E-07    0.12578E-07    0.00000E+00    0.14203E-07    0.00000E+00    0.12669E-07    0.00000E+00    0.15861E-03    0.00000E+00    0.16854E-03    0.00000E+00    0.15918E-03    0.00000E+00    0.99239E-04    0.00000E+00    0.10966E-03    0.00000E+00    0.99818E-04    0.00000E+00    0.57489E-07    0.10799E-06    0.64222E-07    0.00000E+00    0.57489E-06    0.00000E+00    0.10799E-05    0.00000E+00    0.64222E-06    0.15394E-03    0.10723E-02    0.16729E-03    0.14696E-02    0.15578E-03    0.11333E-02    0.10479E-03    0.92450E-03    0.10928E-03    0.11921E-02    0.10539E-03    0.96018E-03
25000  0    0.30752E-07    0.76243E-07    0.34887E-07    0.60112E-08    0.24741E-06    0.44611E-08    0.71782E-06    0.58703E-08    0.29017E-06    0.14432E-03    0.70343E-03    0.15674E-03    0.11982E-02    0.14549E-03    0.76180E-03    0.87678E-04    0.40108E-03    0.95589E-04    0.79381E-03    0.88397E-04    0.43678E-03    0.10608E-07    0.13383E-07    0.10762E-07    0.10608E-07    0.00000E+00    0.13383E-07    0.00000E+00    0.10762E-07    0.00000E+00    0.14566E-03    0.00000E+00    0.16361E-03    0.00000E+00    0.14671E-03    0.00000E+00    0.83414E-04    0.00000E+00    0.98443E-04    0.00000E+00    0.84249E-04    0.00000E+00    0.57094E-07    0.10767E-06    0.63838E-07    0.00000E+00    0.57094E-06    0.00000E+00    0.10767E-05    0.00000E+00    0.63838E-06    0.14255E-03    0.10686E-02    0.15320E-03    0.14675E-02    0.14402E-03    0.11299E-02    0.93254E-04    0.92557E-03    0.94162E-04    0.11907E-02    0.93375E-04    0.96093E-03
25100  1    0.78545E-07    0.98943E-07    0.80400E-07    0.52521E-07    0.26024E-06    0.32942E-07    0.66001E-06    0.50741E-07    0.29659E-06    0.42047E-03    0.72145E-03    0.44173E-03    0.11489E-02    0.42245E-03    0.77018E-03    0.35819E-03    0.40117E-03    0.38702E-03    0.75923E-03    0.36081E-03    0.43372E-03    0.92684E-07    0.98826E-07    0.93025E-07    0.92684E-07    0.00000E+00    0.98826E-07    0.00000E+00    0.93025E-07    0.00000E+00    0.43054E-03    0.00000E+00    0.44458E-03    0.00000E+00    0.43134E-03    0.00000E+00    0.37163E-03    0.00000E+00    0.41173E-03    0.00000E+00    0.37386E-03    0.00000E+00    0.60057E-07    0.99002E-07    0.65249E-07    0.00000E+00    0.60057E-06    0.00000E+00    0.99002E-06    0.00000E+00    0.65249E-06    0.40692E-03    0.10960E-02    0.44030E-03    0.14071E-02    0.41152E-03    0.11424E-02    0.34061E-03    0.92578E-03    0.37467E-03    0.11388E-02    0.34515E-03    0.95419E-03
25200  0    0.29921E-07    0.74874E-07    0.34007E-07    0.58017E-08    0.24119E-06    0.40801E-08    0.70794E-06    0.56452E-08    0.28362E-06    0.14428E-03    0.69453E-03    0.15504E-03    0.11899E-02    0.14529E-03    0.75315E-03    0.88044E-04    0.39630E-03    0.97627E-04    0.78556E-03    0.88915E-04    0.43169E-03    0.10238E-07    0.12240E-07    0.10349E-07    0.10238E-07    0.00000E+00    0.12240E-07    0.00000E+00    0.10349E-07    0.00000E+00    0.14310E-03    0.00000E+00    0.15646E-03    0.00000E+00    0.14387E-03    0.00000E+00    0.79630E-04    0.00000E+00    0.95124E-04    0.00000E+00    0.80491E-04    0.00000E+00    0.55659E-07    0.10619E-06    0.62396E-07    0.00000E+00    0.55659E-06    0.00000E+00    0.10619E-05    0.00000E+00    0.62396E-06    0.14581E-03    0.10551E-02    0.15432E-03    0.14573E-02    0.14698E-03    0.11171E-02    0.99048E-04    0.91455E-03    0.98878E-04    0.11783E-02    0.99025E-04    0.94972E-03
25300  1    0.45721E-07    0.80308E-07    0.48865E-07    0.21339E-07    0.24381E-06    0.14754E-07    0.65554E-06    0.20741E-07    0.28124E-06    0.26721E-03    0.69830E-03    0.28176E-03    0.11450E-02    0.26857E-03    0.74999E-03    0.20561E-03    0.39284E-03    0.21501E-03    0.75439E-03    0.20646E-03    0.42571E-03    0.37658E-07    0.44262E-07    0.38025E-07    0.37658E-07    0.00000E+00    0.44262E-07    0.00000E+00    0.38025E-07    0.00000E+00    0.27444E-03    0.00000E+00    0.29753E-03    0.00000E+00    0.27577E-03    0.00000E+00    0.21636E-03    0.00000E+00    0.25670E-03    0.00000E+00    0.21860E-03    0.00000E+00    0.56264E-07    0.98330E-07    0.61873E-07    0.00000E+00    0.56264E-06    0.00000E+00    0.98330E-06    0.00000E+00    0.61873E-06    0.25745E-03    0.10608E-02    0.27354E-03    0.14024E-02    0.25965E-03    0.11124E-02    0.19155E-03    0.90656E-03    0.19417E-03    0.11316E-02    0.19190E-03    0.93656E-03
25400  0    0.32288E-07    0.73718E-07    0.36054E-07    0.85120E-08    0.23776E-06    0.59537E-08    0.67764E-06    0.82794E-08    0.27775E-06    0.16823E-03    0.68957E-03    0.18144E-03    0.11642E-02    0.16947E-03    0.74531E-03    0.11564E-03    0.39061E-03    0.11954E-03    0.77090E-03    0.11599E-03    0.42518E-03    0.15021E-07    0.17861E-07    0.15179E-07    0.15021E-07    0.00000E+00    0.17861E-07    0.00000E+00    0.15179E-07    0.00000E+00    0.17333E-03    0.00000E+00    0.18900E-03    0.00000E+00    0.17424E-03    0.00000E+00    0.12140E-03    0.00000E+00    0.12430E-03    0.00000E+00    0.12156E-03    0.00000E+00    0.54867E-07    0.10165E-06    0.61104E-07    0.00000E+00    0.54867E-06    0.00000E+00    0.10165E-05    0.00000E+00    0.61104E-06    0.16132E-03    0.10475E-02    0.17753E-03    0.14258E-02    0.16357E-03    0.11055E-02    0.10810E-03    0.90140E-03    0.11715E-03    0.11564E-02    0.10931E-03    0.93540E-03
25500  0    0.29063E-07    0.73455E-07    0.33099E-07    0.56517E-08    0.23411E-06    0.41108E-08    0.69344E-06    0.55116E-08    0.27587E-06    0.14375E-03    0.68427E-03    0.15514E-03    0.11777E-02    0.14483E-03    0.74279E-03    0.89106E-04    0.39082E-03    0.10160E-03    0.77627E-03    0.90242E-04    0.42586E-03    0.99735E-08    0.12332E-07    0.10105E-07    0.99735E-08    0.00000E+00    0.12332E-07    0.00000E+00    0.10105E-07    0.00000E+00    0.14123E-03    0.00000E+00    0.15705E-03    0.00000E+00    0.14216E-03    0.00000E+00    0.79336E-04    0.00000E+00    0.98453E-04    0.00000E+00    0.80398E-04    0.00000E+00    0.54026E-07    0.10402E-06    0.60691E-07    0.00000E+00    0.54026E-06    0.00000E+00    0.10402E-05    0.00000E+00    0.60691E-06    0.14698E-03    0.10395E-02    0.15418E-03    0.14423E-02    0.14796E-03    0.11017E-02    0.10188E-03    0.90189E-03    0.10318E-03    0.11644E-02    0.10205E-03    0.93689E-03
25600  1    0.84390E-07    0.12542E-06    0.88120E-07    0.59414E-07    0.24976E-06    0.44928E-07    0.80491E-06    0.58097E-07    0.30023E-06    0.47194E-03    0.70677E-03    0.50273E-03    0.12688E-02    0.47483E-03    0.77489E-03    0.41528E-03    0.40687E-03    0.45074E-03    0.86348E-03    0.41850E-03    0.44838E-03    0.10485E-06    0.13478E-06    0.10651E-06    0.10485E-06    0.00000E+00    0.13478E-06    0.00000E+00    0.10651E-06    0.00000E+00    0.45793E-03    0.00000E+00    0.51920E-03    0.00000E+00    0.46154E-03    0.00000E+00    0.40187E-03    0.00000E+00    0.45582E-03    0.00000E+00    0.40486E-03    0.00000E+00    0.57637E-07    0.12074E-06    0.66051E-07    0.00000E+00    0.57637E-06    0.00000E+00    0.12074E-05    0.00000E+00    0.66051E-06    0.48967E-03    0.10737E-02    0.49429E-03    0.15539E-02    0.49029E-03    0.11494E-02    0.43282E-03    0.93894E-03    0.44820E-03    0.12952E-02    0.43487E-03    0.98644E-03
25700  0    0.31849E-07    0.73315E-07    0.35618E-07    0.88464E-08    0.23002E-06    0.45718E-08    0.68743E-06    0.84578E-08    0.27160E-06    0.18392E-03    0.67826E-03    0.18780E-03    0.11725E-02    0.18428E-03    0.73703E-03    0.14267E-03    0.38426E-03    0.15402E-03    0.77463E-03    0.14370E-03    0.41974E-03    0.15611E-07    0.13715E-07    0.15506E-07    0.15611E-07    0.00000E+00    0.13715E-07    0.00000E+00    0.15506E-07    0.00000E+00    0.17670E-03    0.00000E+00    0.16562E-03    0.00000E+00    0.17610E-03    0.00000E+00    0.12990E-03    0.00000E+00    0.13180E-03    0.00000E+00    0.13001E-03    0.00000E+00    0.53082E-07    0.10311E-06    0.59753E-07    0.00000E+00    0.53082E-06    0.00000E+00    0.10311E-05    0.00000E+00    0.59753E-06    0.19296E-03    0.10304E-02    0.19796E-03    0.14361E-02    0.19363E-03    0.10932E-02    0.15936E-03    0.88674E-03    0.16514E-03    0.11619E-02    0.16013E-03    0.92344E-03
25800  1    0.21131E-06    0.18467E-06    0.20889E-06    0.18259E-06    0.28724E-06    0.12357E-06    0.61101E-06    0.17722E-06    0.31667E-06    0.79572E-03    0.75794E-03    0.83918E-03    0.11055E-02    0.79977E-03    0.79583E-03    0.70836E-03    0.41528E-03    0.77428E-03    0.73988E-03    0.71435E-03    0.44479E-03    0.32221E-06    0.37072E-06    0.32491E-06    0.32221E-06    0.00000E+00    0.37072E-06    0.00000E+00    0.32491E-06    0.00000E+00    0.80276E-03    0.00000E+00    0.86107E-03    0.00000E+00    0.80611E-03    0.00000E+00    0.71827E-03    0.00000E+00    0.81985E-03    0.00000E+00    0.72391E-03    0.00000E+00    0.66285E-07    0.91652E-07    0.69667E-07    0.00000E+00    0.66285E-06    0.00000E+00    0.91652E-06    0.00000E+00    0.69667E-06    0.78643E-03    0.11514E-02    0.82802E-03    0.13539E-02    0.79210E-03    0.11804E-02    0.69540E-03    0.95834E-03    0.75150E-03    0.11098E-02    0.70288E-03    0.97854E-03
25900  0    0.27907E-07    0.70088E-07    0.31741E-07    0.54008E-08    0.22506E-06    0.38395E-08    0.66248E-06    0.52588E-08    0.26483E-06    0.13828E-03    0.67091E-03    0.14963E-03    0.11511E-02    0.13935E-03    0.72777E-03    0.84152E-04    0.38219E-03    0.91663E-04    0.75815E-03    0.84834E-04    0.41637E-03    0.95308E-08    0.11519E-07    0.96412E-08    0.95308E-08    0.00000E+00    0.11519E-07    0.00000E+00    0.96412E-08    0.00000E+00    0.13806E-03    0.00000E+00    0.15178E-03    0.00000E+00    0.13886E-03    0.00000E+00    0.78888E-04    0.00000E+00    0.90984E-04    0.00000E+00    0.79560E-04    0.00000E+00    0.51937E-07    0.99373E-07    0.58262E-07    0.00000E+00    0.51937E-06    0.00000E+00    0.99373E-06    0.00000E+00    0.58262E-06    0.13856E-03    0.10192E-02    0.14855E-03    0.14098E-02    0.13993E-03    0.10795E-02    0.91035E-04    0.88198E-03    0.92002E-04    0.11372E-02    0.91164E-04    0.91602E-03
26000  1    0.70683E-07    0.10305E-06    0.73625E-07    0.44510E-07    0.26173E-06    0.31458E-07    0.71591E-06    0.43323E-07    0.30302E-06    0.40133E-03    0.72350E-03    0.38914E-03    0.11966E-02    0.40024E-03    0.77848E-03    0.35158E-03    0.40787E-03    0.35728E-03    0.81074E-03    0.35209E-03    0.44450E-03    0.78547E-07    0.94375E-07    0.79426E-07    0.78547E-07    0.00000E+00    0.94375E-07    0.00000E+00    0.79426E-07    0.00000E+00    0.39635E-03    0.00000E+00    0.43445E-03    0.00000E+00    0.39856E-03    0.00000E+00    0.34402E-03    0.00000E+00    0.40742E-03    0.00000E+00    0.34754E-03    0.00000E+00    0.60399E-07    0.10739E-06    0.66664E-07    0.00000E+00    0.60399E-06    0.00000E+00    0.10739E-05    0.00000E+00    0.66664E-06    0.40775E-03    0.10991E-02    0.36437E-03    0.14655E-02    0.40224E-03    0.11547E-02    0.36146E-03    0.94125E-03    0.33220E-03    0.12161E-02    0.35756E-03    0.97790E-03
26100  0    0.27185E-07    0.68911E-07    0.30978E-07    0.51694E-08    0.22015E-06    0.36009E-08    0.65310E-06    0.50268E-08    0.25951E-06    0.13658E-03    0.66355E-03    0.14664E-03    0.11429E-02    0.13753E-03    0.72043E-03    0.83086E-04    0.37840E-03    0.92042E-04    0.75272E-03    0.83900E-04    0.41243E-03    0.91225E-08    0.10803E-07    0.92159E-08    0.91225E-08    0.00000E+00    0.10803E-07    0.00000E+00    0.92159E-08    0.00000E+00    0.13507E-03    0.00000E+00    0.14699E-03    0.00000E+00    0.13576E-03    0.00000E+00    0.75238E-04    0.00000E+00    0.88592E-04    0.00000E+00    0.75980E-04    0.00000E+00    0.50804E-07    0.97965E-07    0.57092E-07    0.00000E+00    0.50804E-06    0.00000E+00    0.97965E-06    0.00000E+00    0.57092E-06    0.13853E-03    0.10080E-02    0.14646E-03    0.13997E-02    0.13961E-03    0.10686E-02    0.93349E-04    0.87323E-03    0.93768E-04    0.11291E-02    0.93405E-04    0.90734E-03
26200  1    0.30011E-07    0.70976E-07    0.33735E-07    0.80458E-08    0.21965E-06    0.43740E-08    0.66602E-06    0.77120E-08    0.26023E-06    0.17344E-03    0.66280E-03    0.17539E-03    0.11541E-02    0.17362E-03    0.72143E-03    0.13083E-03    0.38128E-03    0.13985E-03    0.75721E-03    0.13165E-03    0.41546E-03    0.14199E-07    0.13122E-07    0.14139E-07    0.14199E-07    0.00000E+00    0.13122E-07    0.00000E+00    0.14139E-07    0.00000E+00    0.16851E-03    0.00000E+00    0.16200E-03    0.00000E+00    0.16816E-03    0.00000E+00    0.12400E-03    0.00000E+00    0.12749E-03    0.00000E+00    0.12419E-03    0.00000E+00    0.50688E-07    0.99902E-07    0.57250E-07    0.00000E+00    0.50688E-06    0.00000E+00    0.99902E-06    0.00000E+00    0.57250E-06    0.17967E-03    0.10069E-02    0.18172E-03    0.14135E-02    0.17995E-03    0.10700E-02    0.13977E-03    0.87988E-03    0.14603E-03    0.11358E-02    0.14060E-03    0.91401E-03
26300  0    0.26609E-07    0.67818E-07    0.30356E-07    0.50446E-08    0.21565E-06    0.35506E-08    0.64268E-06    0.49088E-08    0.25447E-06    0.13545E-03    0.65673E-03    0.14594E-03    0.11337E-02    0.13644E-03    0.71340E-03    0.82460E-04    0.37458E-03    0.91776E-04    0.74520E-03    0.83307E-04    0.40827E-03    0.89022E-08    0.10652E-07    0.89994E-08    0.89022E-08    0.00000E+00    0.10652E-07    0.00000E+00    0.89994E-08    0.00000E+00    0.13343E-03    0.00000E+00    0.14596E-03    0.00000E+00    0.13416E-03    0.00000E+00    0.74440E-04    0.00000E+00    0.88073E-04    0.00000E+00    0.75197E-04    0.00000E+00    0.49765E-07    0.96402E-07    0.55983E-07    0.00000E+00    0.49765E-06    0.00000E+00    0.96402E-06    0.00000E+00    0.55983E-06    0.13804E-03    0.99764E-03    0.14594E-03    0.13885E-02    0.13912E-03    0.10581E-02    0.92948E-04    0.86441E-03    0.93628E-04    0.11178E-02    0.93038E-04    0.89819E-03
26400  1    0.64862E-07    0.80424E-07    0.66277E-07    0.41889E-07    0.22973E-06    0.18049E-07    0.62375E-06    0.39722E-07    0.26555E-06    0.38860E-03    0.67783E-03    0.32938E-03    0.11169E-02    0.38360E-03    0.72876E-03    0.33584E-03    0.38412E-03    0.29539E-03    0.73501E-03    0.33216E-03    0.41602E-03    0.73922E-07    0.54147E-07    0.72824E-07    0.73922E-07    0.00000E+00    0.54147E-07    0.00000E+00    0.72824E-07    0.00000E+00    0.38451E-03    0.00000E+00    0.32908E-03    0.00000E+00    0.38164E-03    0.00000E+00    0.32809E-03    0.00000E+00    0.30451E-03    0.00000E+00    0.32678E-03    0.00000E+00    0.53013E-07    0.93563E-07    0.58420E-07    0.00000E+00    0.53013E-06    0.00000E+00    0.93563E-06    0.00000E+00    0.58420E-06    0.39390E-03    0.10297E-02    0.32954E-03    0.13679E-02    0.38594E-03    0.10809E-02    0.34597E-03    0.88643E-03    0.29084E-03    0.11025E-02    0.33862E-03    0.91525E-03
26500  2    0.13993E-06    0.16051E-06    0.14180E-06    0.11461E-06    0.25319E-06    0.78494E-07    0.82015E-06    0.11133E-06    0.30473E-06    0.64820E-03    0.71160E-03    0.68198E-03    0.12807E-02    0.65134E-03    0.78068E-03    0.57958E-03    0.40700E-03    0.62191E-03    0.88522E-03    0.58343E-03    0.45047E-03    0.20226E-06    0.23548E-06    0.20411E-06    0.20226E-06    0.00000E+00    0.23548E-06    0.00000E+00    0.20411E-06    0.00000E+00    0.63602E-03    0.00000E+00    0.68627E-03    0.00000E+00    0.63891E-03    0.00000E+00    0.56961E-03    0.00000E+00    0.61555E-03    0.00000E+00    0.57216E-03    0.00000E+00    0.58427E-07    0.12302E-06    0.67040E-07    0.00000E+00    0.58427E-06    0.00000E+00    0.12302E-05    0.00000E+00    0.67040E-06    0.66379E-03    0.10810E-02    0.67982E-03    0.15686E-02    0.66595E-03    0.11579E-02    0.59262E-03    0.93922E-03    0.62510E-03    0.13278E-02    0.59695E-03    0.99104E-03
26600  0    0.25802E-07    0.66096E-07    0.29466E-07    0.48728E-08    0.20930E-06    0.34453E-08    0.62651E-06    0.47430E-08    0.24722E-06    0.13330E-03    0.64699E-03    0.14359E-03    0.11194E-02    0.13427E-03    0.70317E-03    0.81198E-04    0.36891E-03    0.90774E-04    0.73523E-03    0.82068E-04    0.40221E-03    0.85991E-08    0.10336E-07    0.86956E-08    0.85991E-08    0.00000E+00    0.10336E-07    0.00000E+00    0.86956E-08    0.00000E+00    0.13114E-03    0.00000E+00    0.14378E-03    0.00000E+00    0.13188E-03    0.00000E+00    0.73128E-04    0.00000E+00    0.86932E-04    0.00000E+00    0.73895E-04    0.00000E+00    0.48299E-07    0.93976E-07    0.54389E-07    0.00000E+00    0.48299E-06    0.00000E+00    0.93976E-06    0.00000E+00    0.54389E-06    0.13606E-03    0.98284E-03    0.14350E-03    0.13710E-02    0.13708E-03    0.10430E-02    0.91750E-04    0.85133E-03    0.92695E-04    0.11028E-02    0.91876E-04    0.88486E-03
26700  1    0.16465E-06    0.17581E-06    0.16566E-06    0.13948E-06    0.25165E-06    0.93527E-07    0.82283E-06    0.13530E-06    0.30358E-06    0.71344E-03    0.70944E-03    0.74638E-03    0.12828E-02    0.71649E-03    0.77920E-03    0.64369E-03    0.40493E-03    0.68618E-03    0.88956E-03    0.64755E-03    0.44899E-03    0.24614E-06    0.28058E-06    0.24806E-06    0.24614E-06    0.00000E+00    0.28058E-06    0.00000E+00    0.24806E-06    0.00000E+00    0.70163E-03    0.00000E+00    0.74911E-03    0.00000E+00    0.70435E-03    0.00000E+00    0.63381E-03    0.00000E+00    0.68044E-03    0.00000E+00    0.63640E-03    0.00000E+00    0.58073E-07    0.12343E-06    0.66787E-07    0.00000E+00    0.58073E-06    0.00000E+00    0.12343E-05    0.00000E+00    0.66787E-06    0.72858E-03    0.10777E-02    0.74501E-03    0.15711E-02    0.73079E-03    0.11557E-02    0.65661E-03    0.93446E-03    0.68905E-03    0.13343E-02    0.66094E-03    0.98778E-03
26800  0    0.25244E-07    0.64883E-07    0.28848E-07    0.47460E-08    0.20498E-06    0.33392E-08    0.61544E-06    0.46181E-08    0.24230E-06    0.13194E-03    0.64029E-03    0.14217E-03    0.11095E-02    0.13290E-03    0.69613E-03    0.80740E-04    0.36500E-03    0.89730E-04    0.72752E-03    0.81557E-04    0.39796E-03    0.83752E-08    0.10018E-07    0.84665E-08    0.83752E-08    0.00000E+00    0.10018E-07    0.00000E+00    0.84665E-08    0.00000E+00    0.12942E-03    0.00000E+00    0.14155E-03    0.00000E+00    0.13013E-03    0.00000E+00    0.72610E-04    0.00000E+00    0.84911E-04    0.00000E+00    0.73293E-04    0.00000E+00    0.47304E-07    0.92316E-07    0.53306E-07    0.00000E+00    0.47304E-06    0.00000E+00    0.92316E-06    0.00000E+00    0.53306E-06    0.13515E-03    0.97267E-03    0.14248E-03    0.13588E-02    0.13615E-03    0.10325E-02    0.91373E-04    0.84231E-03    0.92139E-04    0.10913E-02    0.91475E-04    0.87551E-03
26900  1    0.29006E-07    0.65866E-07    0.32357E-07    0.81551E-08    0.20851E-06    0.52577E-08    0.60609E-06    0.78917E-08    0.24465E-06    0.16692E-03    0.64577E-03    0.17961E-03    0.11010E-02    0.16812E-03    0.69951E-03    0.12518E-03    0.36908E-03    0.13112E-03    0.72645E-03    0.12572E-03    0.40156E-03    0.14391E-07    0.15773E-07    0.14468E-07    0.14391E-07    0.00000E+00    0.15773E-07    0.00000E+00    0.14468E-07    0.00000E+00    0.16965E-03    0.00000E+00    0.17761E-03    0.00000E+00    0.17011E-03    0.00000E+00    0.12585E-03    0.00000E+00    0.11661E-03    0.00000E+00    0.12533E-03    0.00000E+00    0.48118E-07    0.90913E-07    0.53824E-07    0.00000E+00    0.48118E-06    0.00000E+00    0.90913E-06    0.00000E+00    0.53824E-06    0.16328E-03    0.98100E-03    0.18061E-03    0.13484E-02    0.16570E-03    0.10375E-02    0.12431E-03    0.85171E-03    0.13837E-03    0.10897E-02    0.12618E-03    0.88344E-03
27000  2    0.81979E-07    0.11288E-06    0.84788E-07    0.60172E-07    0.21807E-06    0.41299E-07    0.71578E-06    0.58456E-07    0.26332E-06    0.47266E-03    0.66041E-03    0.49675E-03    0.11965E-02    0.47490E-03    0.72570E-03    0.41973E-03    0.38081E-03    0.44705E-03    0.81154E-03    0.42221E-03    0.41997E-03    0.10619E-06    0.12390E-06    0.10717E-06    0.10619E-06    0.00000E+00    0.12390E-06    0.00000E+00    0.10717E-06    0.00000E+00    0.46084E-03    0.00000E+00    0.49779E-03    0.00000E+00    0.46297E-03    0.00000E+00    0.40918E-03    0.00000E+00    0.43709E-03    0.00000E+00    0.41073E-03    0.00000E+00    0.50325E-07    0.10737E-06    0.57930E-07    0.00000E+00    0.50325E-06    0.00000E+00    0.10737E-05    0.00000E+00    0.57930E-06    0.48770E-03    0.10032E-02    0.49623E-03    0.14654E-02    0.48884E-03    0.10764E-02    0.43352E-03    0.87879E-03    0.45204E-03    0.12173E-02    0.43598E-03    0.92392E-03
27100  0    0.24442E-07    0.63206E-07    0.27966E-07    0.45858E-08    0.19857E-06    0.31789E-08    0.60027E-06    0.44579E-08    0.23508E-06    0.13045E-03    0.63018E-03    0.14009E-03    0.10957E-02    0.13136E-03    0.68569E-03    0.80638E-04    0.35945E-03    0.89497E-04    0.71725E-03    0.81443E-04    0.39197E-03    0.80927E-08    0.95368E-08    0.81729E-08    0.80927E-08    0.00000E+00    0.95368E-08    0.00000E+00    0.81729E-08    0.00000E+00    0.12722E-03    0.00000E+00    0.13811E-03    0.00000E+00    0.12785E-03    0.00000E+00    0.72349E-04    0.00000E+00    0.83321E-04    0.00000E+00    0.72958E-04    0.00000E+00    0.45823E-07    0.90041E-07    0.51719E-07    0.00000E+00    0.45823E-06    0.00000E+00    0.90041E-06    0.00000E+00    0.51719E-06    0.13456E-03    0.95732E-03    0.14107E-03    0.13419E-02    0.13545E-03    0.10170E-02    0.91477E-04    0.82949E-03    0.92585E-04    0.10759E-02    0.91625E-04    0.86234E-03
27200  1    0.68069E-07    0.76886E-07    0.68871E-07    0.46459E-07    0.21610E-06    0.16482E-07    0.60404E-06    0.43734E-07    0.25137E-06    0.41828E-03    0.65742E-03    0.36963E-03    0.10991E-02    0.41410E-03    0.70904E-03    0.38096E-03    0.36691E-03    0.33193E-03    0.73883E-03    0.37650E-03    0.40072E-03    0.81987E-07    0.49445E-07    0.80179E-07    0.81987E-07    0.00000E+00    0.49445E-07    0.00000E+00    0.80179E-07    0.00000E+00    0.40494E-03    0.00000E+00    0.31447E-03    0.00000E+00    0.40045E-03    0.00000E+00    0.37129E-03    0.00000E+00    0.28146E-03    0.00000E+00    0.36630E-03    0.00000E+00    0.49870E-07    0.90606E-07    0.55301E-07    0.00000E+00    0.49870E-06    0.00000E+00    0.90606E-06    0.00000E+00    0.55301E-06    0.43512E-03    0.99870E-03    0.39433E-03    0.13462E-02    0.42991E-03    0.10517E-02    0.39360E-03    0.84672E-03    0.35716E-03    0.11082E-02    0.38874E-03    0.88159E-03
27300  2    0.14945E-05    0.11495E-05    0.14631E-05    0.14261E-05    0.68395E-06    0.97006E-06    0.17948E-05    0.13847E-05    0.78494E-06    0.22608E-02    0.11696E-02    0.23754E-02    0.18946E-02    0.22714E-02    0.12529E-02    0.20544E-02    0.64184E-03    0.22217E-02    0.13275E-02    0.20696E-02    0.70417E-03    0.25167E-05    0.29102E-05    0.25385E-05    0.25167E-05    0.00000E+00    0.29102E-05    0.00000E+00    0.25385E-05    0.00000E+00    0.22435E-02    0.00000E+00    0.24125E-02    0.00000E+00    0.22532E-02    0.00000E+00    0.20428E-02    0.00000E+00    0.22631E-02    0.00000E+00    0.20550E-02    0.00000E+00    0.15784E-06    0.26922E-06    0.17269E-06    0.00000E+00    0.15784E-05    0.00000E+00    0.26922E-05    0.00000E+00    0.17269E-05    0.22831E-02    0.17767E-02    0.23566E-02    0.23204E-02    0.22931E-02    0.18584E-02    0.20697E-02    0.14812E-02    0.22010E-02    0.19913E-02    0.20872E-02    0.15492E-02
27400  0    0.23649E-07    0.61483E-07    0.27088E-07    0.44011E-08    0.19248E-06    0.31221E-08    0.58361E-06    0.42848E-08    0.22804E-06    0.12763E-03    0.62045E-03    0.13775E-03    0.10804E-02    0.12858E-03    0.67533E-03    0.78074E-04    0.35366E-03    0.87605E-04    0.70703E-03    0.78941E-04    0.38578E-03    0.77666E-08    0.93662E-08    0.78554E-08    0.77666E-08    0.00000E+00    0.93662E-08    0.00000E+00    0.78554E-08    0.00000E+00    0.12463E-03    0.00000E+00    0.13687E-03    0.00000E+00    0.12534E-03    0.00000E+00    0.69969E-04    0.00000E+00    0.82602E-04    0.00000E+00    0.70671E-04    0.00000E+00    0.44418E-07    0.87541E-07    0.50168E-07    0.00000E+00    0.44418E-06    0.00000E+00    0.87541E-06    0.00000E+00    0.50168E-06    0.13144E-03    0.94253E-03    0.13819E-03    0.13232E-02    0.13236E-03    0.10017E-02    0.88674E-04    0.81614E-03    0.90107E-04    0.10605E-02    0.88865E-04    0.84872E-03
27500  0    0.25086E-07    0.59753E-07    0.28237E-07    0.61597E-08    0.18926E-06    0.26297E-08    0.57123E-06    0.58388E-08    0.22398E-06    0.15121E-03    0.61524E-03    0.14438E-03    0.10689E-02    0.15060E-03    0.66930E-03    0.11371E-03    0.34983E-03    0.10430E-03    0.69576E-03    0.11285E-03    0.38128E-03    0.10870E-07    0.78890E-08    0.10704E-07    0.10870E-07    0.00000E+00    0.78890E-08    0.00000E+00    0.10704E-07    0.00000E+00    0.14744E-03    0.00000E+00    0.12561E-03    0.00000E+00    0.14632E-03    0.00000E+00    0.10980E-03    0.00000E+00    0.84570E-04    0.00000E+00    0.10840E-03    0.00000E+00    0.43675E-07    0.85684E-07    0.49277E-07    0.00000E+00    0.43675E-06    0.00000E+00    0.85684E-06    0.00000E+00    0.49277E-06    0.15600E-03    0.93462E-03    0.15290E-03    0.13091E-02    0.15559E-03    0.99274E-03    0.11882E-03    0.80731E-03    0.11416E-03    0.10436E-02    0.11820E-03    0.83882E-03
27600  1    0.17878E-05    0.13858E-05    0.17513E-05    0.17147E-05    0.73103E-06    0.11899E-05    0.19591E-05    0.16670E-05    0.84268E-06    0.24884E-02    0.12092E-02    0.26074E-02    0.19794E-02    0.24995E-02    0.12982E-02    0.22795E-02    0.65359E-03    0.24466E-02    0.13795E-02    0.22947E-02    0.71958E-03    0.30260E-05    0.35698E-05    0.30562E-05    0.30260E-05    0.00000E+00    0.35698E-05    0.00000E+00    0.30562E-05    0.00000E+00    0.24601E-02    0.00000E+00    0.26720E-02    0.00000E+00    0.24723E-02    0.00000E+00    0.22524E-02    0.00000E+00    0.25134E-02    0.00000E+00    0.22669E-02    0.00000E+00    0.16870E-06    0.29386E-06    0.18539E-06    0.00000E+00    0.16870E-05    0.00000E+00    0.29386E-05    0.00000E+00    0.18539E-05    0.25251E-02    0.18368E-02    0.25745E-02    0.24243E-02    0.25317E-02    0.19256E-02    0.23148E-02    0.15083E-02    0.24133E-02    0.20692E-02    0.23279E-02    0.15831E-02
27700  0    0.22943E-07    0.59507E-07    0.26267E-07    0.42861E-08    0.18657E-06    0.30202E-08    0.56487E-06    0.41710E-08    0.22096E-06    0.12463E-03    0.61085E-03    0.13451E-03    0.10629E-02    0.12556E-03    0.66477E-03    0.75480E-04    0.34758E-03    0.82975E-04    0.69557E-03    0.76161E-04    0.37922E-03    0.75637E-08    0.90607E-08    0.76469E-08    0.75637E-08    0.00000E+00    0.90607E-08    0.00000E+00    0.76469E-08    0.00000E+00    0.12299E-03    0.00000E+00    0.13462E-03    0.00000E+00    0.12367E-03    0.00000E+00    0.69710E-04    0.00000E+00    0.80046E-04    0.00000E+00    0.70284E-04    0.00000E+00    0.43054E-07    0.84730E-07    0.48611E-07    0.00000E+00    0.43054E-06    0.00000E+00    0.84730E-06    0.00000E+00    0.48611E-06    0.12675E-03    0.92795E-03    0.13446E-03    0.13018E-02    0.12780E-03    0.98601E-03    0.83025E-04    0.80211E-03    0.84439E-04    0.10434E-02    0.83213E-04    0.83428E-03
27800  1    0.30551E-06    0.24083E-06    0.29963E-06    0.27774E-06    0.27762E-06    0.18721E-06    0.53617E-06    0.26951E-06    0.30112E-06    0.98481E-03    0.74514E-03    0.10332E-02    0.10355E-02    0.98930E-03    0.77604E-03    0.88593E-03    0.40439E-03    0.96053E-03    0.68582E-03    0.89271E-03    0.42998E-03    0.49014E-06    0.56163E-06    0.49411E-06    0.49014E-06    0.00000E+00    0.56163E-06    0.00000E+00    0.49411E-06    0.00000E+00    0.99009E-03    0.00000E+00    0.10598E-02    0.00000E+00    0.99409E-03    0.00000E+00    0.89304E-03    0.00000E+00    0.10102E-02    0.00000E+00    0.89955E-03    0.00000E+00    0.64065E-07    0.80426E-07    0.66247E-07    0.00000E+00    0.64065E-06    0.00000E+00    0.80426E-06    0.00000E+00    0.66247E-06    0.97786E-03    0.11319E-02    0.10196E-02    0.12683E-02    0.98353E-03    0.11511E-02    0.87663E-03    0.93321E-03    0.93567E-03    0.10287E-02    0.88450E-03    0.94595E-03
27900  0    0.22484E-07    0.59063E-07    0.25810E-07    0.42504E-08    0.18234E-06    0.29854E-08    0.56078E-06    0.41354E-08    0.21674E-06    0.12740E-03    0.60389E-03    0.13690E-03    0.10590E-02    0.12829E-03    0.65840E-03    0.80821E-04    0.34431E-03    0.92095E-04    0.69071E-03    0.81846E-04    0.37580E-03    0.75007E-08    0.89563E-08    0.75816E-08    0.75007E-08    0.00000E+00    0.89563E-08    0.00000E+00    0.75816E-08    0.00000E+00    0.12248E-03    0.00000E+00    0.13384E-03    0.00000E+00    0.12314E-03    0.00000E+00    0.70912E-04    0.00000E+00    0.83295E-04    0.00000E+00    0.71600E-04    0.00000E+00    0.42078E-07    0.84117E-07    0.47684E-07    0.00000E+00    0.42078E-06    0.00000E+00    0.84117E-06    0.00000E+00    0.47684E-06    0.13356E-03    0.91737E-03    0.13841E-03    0.12970E-02    0.13422E-03    0.97656E-03    0.93779E-04    0.79457E-03    0.96495E-04    0.10361E-02    0.94141E-04    0.82677E-03
28000  1    0.11085E-06    0.95475E-07    0.10945E-06    0.85109E-07    0.25737E-06    0.30938E-07    0.64537E-06    0.80184E-07    0.29264E-06    0.55350E-03    0.71745E-03    0.55491E-03    0.11361E-02    0.55363E-03    0.76504E-03    0.46884E-03    0.39347E-03    0.46734E-03    0.80655E-03    0.46870E-03    0.43102E-03    0.15019E-06    0.92815E-07    0.14700E-06    0.15019E-06    0.00000E+00    0.92815E-07    0.00000E+00    0.14700E-06    0.00000E+00    0.54807E-03    0.00000E+00    0.43085E-03    0.00000E+00    0.54223E-03    0.00000E+00    0.45834E-03    0.00000E+00    0.38033E-03    0.00000E+00    0.45400E-03    0.00000E+00    0.59393E-07    0.96805E-07    0.64381E-07    0.00000E+00    0.59393E-06    0.00000E+00    0.96805E-06    0.00000E+00    0.64381E-06    0.56052E-03    0.10899E-02    0.60751E-03    0.13914E-02    0.56701E-03    0.11347E-02    0.48257E-03    0.90801E-03    0.51085E-03    0.12098E-02    0.48634E-03    0.94825E-03
28100  2    0.70315E-06    0.51749E-06    0.68627E-06    0.66318E-06    0.39965E-06    0.45379E-06    0.63704E-06    0.64415E-06    0.42123E-06    0.15279E-02    0.89403E-03    0.16065E-02    0.11288E-02    0.15352E-02    0.91785E-03    0.13837E-02    0.48355E-03    0.15037E-02    0.72516E-03    0.13946E-02    0.50551E-03    0.11703E-05    0.13614E-05    0.11809E-05    0.11703E-05    0.00000E+00    0.13614E-05    0.00000E+00    0.11809E-05    0.00000E+00    0.15299E-02    0.00000E+00    0.16501E-02    0.00000E+00    0.15368E-02    0.00000E+00    0.13880E-02    0.00000E+00    0.15723E-02    0.00000E+00    0.13982E-02    0.00000E+00    0.92226E-07    0.95556E-07    0.92670E-07    0.00000E+00    0.92226E-06    0.00000E+00    0.95556E-06    0.00000E+00    0.92670E-06    0.15253E-02    0.13581E-02    0.15843E-02    0.13824E-02    0.15333E-02    0.13614E-02    0.13781E-02    0.11159E-02    0.14694E-02    0.10877E-02    0.13902E-02    0.11121E-02
28200  0    0.21662E-07    0.56879E-07    0.24863E-07    0.39988E-08    0.17663E-06    0.28130E-08    0.54066E-06    0.38910E-08    0.20972E-06    0.12138E-03    0.59436E-03    0.13116E-03    0.10399E-02    0.12230E-03    0.64765E-03    0.73502E-04    0.33813E-03    0.81477E-04    0.67851E-03    0.74227E-04    0.36907E-03    0.70566E-08    0.84389E-08    0.71334E-08    0.70566E-08    0.00000E+00    0.84389E-08    0.00000E+00    0.71334E-08    0.00000E+00    0.11880E-03    0.00000E+00    0.12991E-03    0.00000E+00    0.11944E-03    0.00000E+00    0.67089E-04    0.00000E+00    0.77240E-04    0.00000E+00    0.67653E-04    0.00000E+00    0.40761E-07    0.81099E-07    0.46139E-07    0.00000E+00    0.40761E-06    0.00000E+00    0.81099E-06    0.00000E+00    0.46139E-06    0.12467E-03    0.90289E-03    0.13178E-03    0.12736E-02    0.12564E-03    0.96062E-03    0.81887E-04    0.78030E-03    0.83596E-04    0.10178E-02    0.82115E-04    0.81196E-03
28300  1    0.32082E-05    0.21923E-05    0.31159E-05    0.30825E-05    0.12568E-05    0.20308E-05    0.16145E-05    0.29869E-05    0.12893E-05    0.32914E-02    0.15854E-02    0.34551E-02    0.17969E-02    0.33066E-02    0.16058E-02    0.29693E-02    0.85536E-03    0.32195E-02    0.12493E-02    0.29921E-02    0.89117E-03    0.54398E-05    0.60925E-05    0.54760E-05    0.54398E-05    0.00000E+00    0.60925E-05    0.00000E+00    0.54760E-05    0.00000E+00    0.32984E-02    0.00000E+00    0.34907E-02    0.00000E+00    0.33094E-02    0.00000E+00    0.29896E-02    0.00000E+00    0.33139E-02    0.00000E+00    0.30076E-02    0.00000E+00    0.29002E-06    0.24217E-06    0.28364E-06    0.00000E+00    0.29002E-05    0.00000E+00    0.24217E-05    0.00000E+00    0.28364E-05    0.32822E-02    0.24084E-02    0.34372E-02    0.22008E-02    0.33033E-02    0.23818E-02    0.29428E-02    0.19739E-02    0.31724E-02    0.18739E-02    0.29734E-02    0.19606E-02
28400  0    0.21180E-07    0.56315E-07    0.24374E-07    0.38975E-08    0.17282E-06    0.28418E-08    0.53473E-06    0.38015E-08    0.20572E-06    0.12169E-03    0.58792E-03    0.13227E-03    0.10341E-02    0.12269E-03    0.64144E-03    0.75188E-04    0.33504E-03    0.85846E-04    0.67339E-03    0.76157E-04    0.36579E-03    0.68779E-08    0.85255E-08    0.69694E-08    0.68779E-08    0.00000E+00    0.85255E-08    0.00000E+00    0.69694E-08    0.00000E+00    0.11728E-03    0.00000E+00    0.13058E-03    0.00000E+00    0.11806E-03    0.00000E+00    0.66931E-04    0.00000E+00    0.79685E-04    0.00000E+00    0.67640E-04    0.00000E+00    0.39883E-07    0.80209E-07    0.45259E-07    0.00000E+00    0.39883E-06    0.00000E+00    0.80209E-06    0.00000E+00    0.45259E-06    0.12723E-03    0.89311E-03    0.13311E-03    0.12666E-02    0.12803E-03    0.95141E-03    0.85986E-04    0.77316E-03    0.88927E-04    0.10101E-02    0.86378E-04    0.80475E-03
28500  0    0.22329E-07    0.54878E-07    0.25288E-07    0.52608E-08    0.17069E-06    0.22872E-08    0.52591E-06    0.49904E-08    0.20298E-06    0.14208E-03    0.58427E-03    0.13826E-03    0.10256E-02    0.14173E-03    0.63715E-03    0.10817E-03    0.33157E-03    0.10749E-03    0.66641E-03    0.10810E-03    0.36201E-03    0.92837E-08    0.68615E-08    0.91491E-08    0.92837E-08    0.00000E+00    0.68615E-08    0.00000E+00    0.91491E-08    0.00000E+00    0.13626E-03    0.00000E+00    0.11714E-03    0.00000E+00    0.13527E-03    0.00000E+00    0.10160E-03    0.00000E+00    0.88538E-04    0.00000E+00    0.10087E-03    0.00000E+00    0.39389E-07    0.78886E-07    0.44656E-07    0.00000E+00    0.39389E-06    0.00000E+00    0.78886E-06    0.00000E+00    0.44656E-06    0.14934E-03    0.88757E-03    0.14769E-03    0.12561E-02    0.14912E-03    0.94505E-03    0.11675E-03    0.76516E-03    0.11696E-03    0.99961E-03    0.11678E-03    0.79642E-03
28600  1    0.28488E-07    0.57112E-07    0.31090E-07    0.11171E-07    0.17317E-06    0.41591E-08    0.52952E-06    0.10534E-07    0.20556E-06    0.19599E-03    0.58850E-03    0.19692E-03    0.10291E-02    0.19608E-03    0.64119E-03    0.15430E-03    0.32784E-03    0.14825E-03    0.66481E-03    0.15375E-03    0.35847E-03    0.19714E-07    0.12477E-07    0.19312E-07    0.19714E-07    0.00000E+00    0.12477E-07    0.00000E+00    0.19312E-07    0.00000E+00    0.19857E-03    0.00000E+00    0.15797E-03    0.00000E+00    0.19653E-03    0.00000E+00    0.16021E-03    0.00000E+00    0.10805E-03    0.00000E+00    0.15731E-03    0.00000E+00    0.39962E-07    0.79429E-07    0.45224E-07    0.00000E+00    0.39962E-06    0.00000E+00    0.79429E-06    0.00000E+00    0.45224E-06    0.19258E-03    0.89400E-03    0.21374E-03    0.12604E-02    0.19553E-03    0.95104E-03    0.14657E-03    0.75655E-03    0.16835E-03    0.99722E-03    0.14947E-03    0.78864E-03
28700  0    0.20550E-07    0.54156E-07    0.23605E-07    0.38031E-08    0.16747E-06    0.26688E-08    0.51487E-06    0.37000E-08    0.19905E-06    0.11802E-03    0.57874E-03    0.12759E-03    0.10148E-02    0.11892E-03    0.63096E-03    0.71671E-04    0.32882E-03    0.78318E-04    0.66058E-03    0.72275E-04    0.35898E-03    0.67114E-08    0.80063E-08    0.67834E-08    0.67114E-08    0.00000E+00    0.80063E-08    0.00000E+00    0.67834E-08    0.00000E+00    0.11586E-03    0.00000E+00    0.12654E-03    0.00000E+00    0.11648E-03    0.00000E+00    0.66522E-04    0.00000E+00    0.75093E-04    0.00000E+00    0.66998E-04    0.00000E+00    0.38647E-07    0.77231E-07    0.43792E-07    0.00000E+00    0.38647E-06    0.00000E+00    0.77231E-06    0.00000E+00    0.43792E-06    0.12079E-03    0.87917E-03    0.12811E-03    0.12428E-02    0.12179E-03    0.93586E-03    0.78404E-04    0.75882E-03    0.79930E-04    0.99088E-03    0.78608E-04    0.78976E-03
28800  1    0.12155E-05    0.68836E-06    0.11675E-05    0.11295E-05    0.85991E-06    0.57809E-06    0.11027E-05    0.10794E-05    0.88198E-06    0.20312E-02    0.13114E-02    0.17621E-02    0.14850E-02    0.20083E-02    0.13281E-02    0.17770E-02    0.70382E-03    0.15918E-02    0.10731E-02    0.17602E-02    0.73739E-03    0.19932E-05    0.17343E-05    0.19788E-05    0.19932E-05    0.00000E+00    0.17343E-05    0.00000E+00    0.19788E-05    0.00000E+00    0.19966E-02    0.00000E+00    0.18624E-02    0.00000E+00    0.19894E-02    0.00000E+00    0.17202E-02    0.00000E+00    0.16846E-02    0.00000E+00    0.17182E-02    0.00000E+00    0.19844E-06    0.16540E-06    0.19404E-06    0.00000E+00    0.19844E-05    0.00000E+00    0.16540E-05    0.00000E+00    0.19404E-05    0.20757E-02    0.19922E-02    0.17097E-02    0.18188E-02    0.20307E-02    0.19700E-02    0.18514E-02    0.16242E-02    0.15454E-02    0.16097E-02    0.18106E-02    0.16223E-02
28900  0    0.20032E-07    0.53480E-07    0.23073E-07    0.36482E-08    0.16384E-06    0.25791E-08    0.50901E-06    0.35510E-08    0.19522E-06    0.11749E-03    0.57243E-03    0.12669E-03    0.10090E-02    0.11835E-03    0.62485E-03    0.72624E-04    0.32554E-03    0.82441E-04    0.65728E-03    0.73517E-04    0.35570E-03    0.64379E-08    0.77373E-08    0.65101E-08    0.64379E-08    0.00000E+00    0.77373E-08    0.00000E+00    0.65101E-08    0.00000E+00    0.11347E-03    0.00000E+00    0.12440E-03    0.00000E+00    0.11411E-03    0.00000E+00    0.64463E-04    0.00000E+00    0.75880E-04    0.00000E+00    0.65097E-04    0.00000E+00    0.37809E-07    0.76352E-07    0.42948E-07    0.00000E+00    0.37809E-06    0.00000E+00    0.76352E-06    0.00000E+00    0.42948E-06    0.12254E-03    0.86959E-03    0.12782E-03    0.12357E-02    0.12325E-03    0.92680E-03    0.83297E-04    0.75125E-03    0.85722E-04    0.98592E-03    0.83620E-04    0.78254E-03
29000  1    0.20211E-07    0.53897E-07    0.23273E-07    0.39956E-08    0.16215E-06    0.28500E-08    0.51047E-06    0.38914E-08    0.19382E-06    0.12491E-03    0.56948E-03    0.13446E-03    0.10104E-02    0.12581E-03    0.62260E-03    0.82765E-04    0.32499E-03    0.95697E-04    0.65556E-03    0.83941E-04    0.35504E-03    0.70510E-08    0.85501E-08    0.71343E-08    0.70510E-08    0.00000E+00    0.85501E-08    0.00000E+00    0.71343E-08    0.00000E+00    0.11875E-03    0.00000E+00    0.13077E-03    0.00000E+00    0.11945E-03    0.00000E+00    0.73058E-04    0.00000E+00    0.88074E-04    0.00000E+00    0.73892E-04    0.00000E+00    0.37420E-07    0.76571E-07    0.42640E-07    0.00000E+00    0.37420E-06    0.00000E+00    0.76571E-06    0.00000E+00    0.42640E-06    0.13253E-03    0.86510E-03    0.13627E-03    0.12375E-02    0.13303E-03    0.92347E-03    0.95459E-04    0.74997E-03    0.99508E-04    0.98333E-03    0.95999E-04    0.78109E-03
29100  0    0.19540E-07    0.52340E-07    0.22522E-07    0.35485E-08    0.15992E-06    0.24701E-08    0.49870E-06    0.34505E-08    0.19072E-06    0.11572E-03    0.56554E-03    0.12481E-03    0.99870E-03    0.11657E-03    0.61760E-03    0.70394E-04    0.32152E-03    0.79250E-04    0.64864E-03    0.71199E-04    0.35126E-03    0.62621E-08    0.74102E-08    0.63259E-08    0.62621E-08    0.00000E+00    0.74102E-08    0.00000E+00    0.63259E-08    0.00000E+00    0.11191E-03    0.00000E+00    0.12174E-03    0.00000E+00    0.11248E-03    0.00000E+00    0.63174E-04    0.00000E+00    0.73047E-04    0.00000E+00    0.63723E-04    0.00000E+00    0.36904E-07    0.74805E-07    0.41958E-07    0.00000E+00    0.36904E-06    0.00000E+00    0.74805E-06    0.00000E+00    0.41958E-06    0.12052E-03    0.85912E-03    0.12631E-03    0.12232E-02    0.12130E-03    0.91605E-03    0.79834E-04    0.74196E-03    0.82351E-04    0.97295E-03    0.80170E-04    0.77276E-03
29200  0    0.19645E-07    0.52150E-07    0.22600E-07    0.37869E-08    0.15858E-06    0.24493E-08    0.49701E-06    0.36653E-08    0.18934E-06    0.11927E-03    0.56316E-03    0.12674E-03    0.99700E-03    0.11997E-03    0.61537E-03    0.77142E-04    0.31982E-03    0.79839E-04    0.64469E-03    0.77388E-04    0.34935E-03    0.66828E-08    0.73479E-08    0.67198E-08    0.66828E-08    0.00000E+00    0.73479E-08    0.00000E+00    0.67198E-08    0.00000E+00    0.11561E-03    0.00000E+00    0.12123E-03    0.00000E+00    0.11593E-03    0.00000E+00    0.71024E-04    0.00000E+00    0.68402E-04    0.00000E+00    0.70878E-04    0.00000E+00    0.36594E-07    0.74551E-07    0.41655E-07    0.00000E+00    0.36594E-06    0.00000E+00    0.74551E-06    0.00000E+00    0.41655E-06    0.12390E-03    0.85550E-03    0.12942E-03    0.12211E-02    0.12465E-03    0.91275E-03    0.85144E-04    0.73805E-03    0.85558E-04    0.96704E-03    0.85199E-04    0.76858E-03
29300  1    0.28161E-06    0.22891E-06    0.27682E-06    0.24904E-06    0.32573E-06    0.15738E-06    0.71523E-06    0.24071E-06    0.36114E-06    0.93096E-03    0.80714E-03    0.80823E-03    0.11960E-02    0.92048E-03    0.84987E-03    0.73036E-03    0.44640E-03    0.65918E-03    0.77482E-03    0.72389E-03    0.47625E-03    0.43948E-06    0.47215E-06    0.44129E-06    0.43948E-06    0.00000E+00    0.47215E-06    0.00000E+00    0.44129E-06    0.00000E+00    0.93753E-03    0.00000E+00    0.97176E-03    0.00000E+00    0.93946E-03    0.00000E+00    0.72143E-03    0.00000E+00    0.85998E-03    0.00000E+00    0.72913E-03    0.00000E+00    0.75169E-07    0.10729E-06    0.79451E-07    0.00000E+00    0.75169E-06    0.00000E+00    0.10729E-05    0.00000E+00    0.79451E-06    0.92230E-03    0.12261E-02    0.71253E-03    0.14648E-02    0.89717E-03    0.12606E-02    0.74204E-03    0.10301E-02    0.55878E-03    0.11622E-02    0.71761E-03    0.10478E-02
29400  0    0.18919E-07    0.50820E-07    0.21819E-07    0.34038E-08    0.15515E-06    0.23610E-08    0.48459E-06    0.33090E-08    0.18510E-06    0.11309E-03    0.55705E-03    0.12192E-03    0.98447E-03    0.11392E-03    0.60845E-03    0.68241E-04    0.31664E-03    0.76480E-04    0.63903E-03    0.68990E-04    0.34595E-03    0.60067E-08    0.70830E-08    0.60665E-08    0.60067E-08    0.00000E+00    0.70830E-08    0.00000E+00    0.60665E-08    0.00000E+00    0.10961E-03    0.00000E+00    0.11902E-03    0.00000E+00    0.11015E-03    0.00000E+00    0.62165E-04    0.00000E+00    0.71152E-04    0.00000E+00    0.62664E-04    0.00000E+00    0.35805E-07    0.72689E-07    0.40723E-07    0.00000E+00    0.35805E-06    0.00000E+00    0.72689E-06    0.00000E+00    0.40723E-06    0.11749E-03    0.84623E-03    0.12334E-03    0.12057E-02    0.11829E-03    0.90247E-03    0.76186E-04    0.73070E-03    0.79144E-04    0.95854E-03    0.76580E-04    0.76108E-03
29500  1    0.11333E-05    0.82247E-06    0.11050E-05    0.10836E-05    0.49684E-06    0.74847E-06    0.74003E-06    0.10531E-05    0.51895E-06    0.19572E-02    0.99684E-03    0.20555E-02    0.12166E-02    0.19664E-02    0.10188E-02    0.17837E-02    0.54761E-03    0.19255E-02    0.81864E-03    0.17966E-02    0.57225E-03    0.19122E-05    0.22454E-05    0.19307E-05    0.19122E-05    0.00000E+00    0.22454E-05    0.00000E+00    0.19307E-05    0.00000E+00    0.19556E-02    0.00000E+00    0.21192E-02    0.00000E+00    0.19650E-02    0.00000E+00    0.17826E-02    0.00000E+00    0.20134E-02    0.00000E+00    0.17954E-02    0.00000E+00    0.11466E-06    0.11100E-06    0.11417E-06    0.00000E+00    0.11466E-05    0.00000E+00    0.11100E-05    0.00000E+00    0.11417E-05    0.19594E-02    0.15143E-02    0.20229E-02    0.14900E-02    0.19679E-02    0.15111E-02    0.17852E-02    0.12637E-02    0.18815E-02    0.12280E-02    0.17981E-02    0.12589E-02
29600  0    0.18525E-07    0.50211E-07    0.21405E-07    0.33729E-08    0.15152E-06    0.23896E-08    0.47821E-06    0.32835E-08    0.18122E-06    0.11438E-03    0.55049E-03    0.12373E-03    0.97797E-03    0.11526E-03    0.60202E-03    0.71296E-04    0.31276E-03    0.81692E-04    0.63315E-03    0.72241E-04    0.34189E-03    0.59522E-08    0.71688E-08    0.60198E-08    0.59522E-08    0.00000E+00    0.71688E-08    0.00000E+00    0.60198E-08    0.00000E+00    0.10911E-03    0.00000E+00    0.11974E-03    0.00000E+00    0.10973E-03    0.00000E+00    0.62601E-04    0.00000E+00    0.72646E-04    0.00000E+00    0.63159E-04    0.00000E+00    0.34966E-07    0.71732E-07    0.39868E-07    0.00000E+00    0.34966E-06    0.00000E+00    0.71732E-06    0.00000E+00    0.39868E-06    0.12093E-03    0.83625E-03    0.12568E-03    0.11978E-02    0.12157E-03    0.89295E-03    0.82667E-04    0.72176E-03    0.86215E-04    0.94972E-03    0.83140E-04    0.75216E-03
29700  1    0.86920E-06    0.56978E-06    0.84198E-06    0.79730E-06    0.71899E-06    0.45956E-06    0.11022E-05    0.76660E-06    0.75382E-06    0.17030E-02    0.11992E-02    0.15375E-02    0.14847E-02    0.16886E-02    0.12279E-02    0.15239E-02    0.66737E-03    0.14226E-02    0.98597E-03    0.15147E-02    0.69633E-03    0.14070E-05    0.13787E-05    0.14054E-05    0.14070E-05    0.00000E+00    0.13787E-05    0.00000E+00    0.14054E-05    0.00000E+00    0.16775E-02    0.00000E+00    0.16605E-02    0.00000E+00    0.16766E-02    0.00000E+00    0.14867E-02    0.00000E+00    0.15553E-02    0.00000E+00    0.14905E-02    0.00000E+00    0.16592E-06    0.16532E-06    0.16584E-06    0.00000E+00    0.16592E-05    0.00000E+00    0.16532E-05    0.00000E+00    0.16584E-05    0.17358E-02    0.18216E-02    0.14721E-02    0.18184E-02    0.17030E-02    0.18212E-02    0.15725E-02    0.15401E-02    0.13563E-02    0.14790E-02    0.15437E-02    0.15319E-02
29800  0    0.18070E-07    0.48868E-07    0.20869E-07    0.32452E-08    0.14824E-06    0.21839E-08    0.46684E-06    0.31487E-08    0.17721E-06    0.11111E-03    0.54451E-03    0.11886E-03    0.96627E-03    0.11183E-03    0.59533E-03    0.68142E-04    0.30908E-03    0.75912E-04    0.62618E-03    0.68848E-04    0.33791E-03    0.57269E-08    0.65516E-08    0.57727E-08    0.57269E-08    0.00000E+00    0.65516E-08    0.00000E+00    0.57727E-08    0.00000E+00    0.10702E-03    0.00000E+00    0.11447E-03    0.00000E+00    0.10745E-03    0.00000E+00    0.61004E-04    0.00000E+00    0.67548E-04    0.00000E+00    0.61367E-04    0.00000E+00    0.34210E-07    0.70025E-07    0.38986E-07    0.00000E+00    0.34210E-06    0.00000E+00    0.70025E-06    0.00000E+00    0.38986E-06    0.11623E-03    0.82717E-03    0.12100E-03    0.11834E-02    0.11688E-03    0.88301E-03    0.77476E-04    0.71327E-03    0.80094E-04    0.93927E-03    0.77825E-04    0.74340E-03
29900  1    0.23999E-07    0.52522E-07    0.26592E-07    0.89142E-08    0.15085E-06    0.73242E-08    0.45197E-06    0.87697E-08    0.17822E-06    0.17608E-03    0.54927E-03    0.18803E-03    0.95076E-03    0.17720E-03    0.59703E-03    0.13841E-03    0.31002E-03    0.13506E-03    0.61854E-03    0.13811E-03    0.33806E-03    0.15731E-07    0.21973E-07    0.16078E-07    0.15731E-07    0.00000E+00    0.21973E-07    0.00000E+00    0.16078E-07    0.00000E+00    0.17738E-03    0.00000E+00    0.20963E-03    0.00000E+00    0.17932E-03    0.00000E+00    0.14127E-03    0.00000E+00    0.15210E-03    0.00000E+00    0.14187E-03    0.00000E+00    0.34811E-07    0.67796E-07    0.39209E-07    0.00000E+00    0.34811E-06    0.00000E+00    0.67796E-06    0.00000E+00    0.39209E-06    0.17436E-03    0.83440E-03    0.17624E-03    0.11644E-02    0.17462E-03    0.88554E-03    0.13469E-03    0.71543E-03    0.12654E-03    0.92780E-03    0.13360E-03    0.74374E-03
30000  0    0.17642E-07    0.48043E-07    0.20405E-07    0.31604E-08    0.14481E-06    0.22144E-08    0.45829E-06    0.30744E-08    0.17331E-06    0.10980E-03    0.53817E-03    0.11866E-03    0.95738E-03    0.11063E-03    0.58874E-03    0.66650E-04    0.30536E-03    0.75343E-04    0.61898E-03    0.67440E-04    0.33387E-03    0.55771E-08    0.66431E-08    0.56363E-08    0.55771E-08    0.00000E+00    0.66431E-08    0.00000E+00    0.56363E-08    0.00000E+00    0.10561E-03    0.00000E+00    0.11527E-03    0.00000E+00    0.10617E-03    0.00000E+00    0.59865E-04    0.00000E+00    0.68968E-04    0.00000E+00    0.60370E-04    0.00000E+00    0.33418E-07    0.68743E-07    0.38128E-07    0.00000E+00    0.33418E-06    0.00000E+00    0.68743E-06    0.00000E+00    0.38128E-06    0.11504E-03    0.81754E-03    0.12032E-03    0.11725E-02    0.11576E-03    0.87325E-03    0.75524E-04    0.70468E-03    0.78530E-04    0.92847E-03    0.75925E-04    0.73452E-03
