# DNNF90 training history: one row per validation event
#  1:epoch  2:patience
#  3:cost_train    4:cost_val    5:cost_input   (per point;
#    the composite objective, Loss_term weights applied --
#    the same sum the optimizer descends)
#  6:cost_train_f  7:cost_train_df  8:cost_val_f  9:cost_val_df
# 10:cost_input_f 11:cost_input_df
# 12:rmse_train_f 13:rmse_train_df 14:rmse_val_f 15:rmse_val_df
# 16:rmse_input_f 17:rmse_input_df
# 18:mae_train_f  19:mae_train_df  20:mae_val_f  21:mae_val_df
# 22:mae_input_f  23:mae_input_df
# 24..: the same 21 metrics for each loss term in turn (2 terms: columns 24-44 are term 1, 45-65 term 2, ...)
1  0    0.28914E+00    0.87465E-01    0.27081E+00    0.28661E+00    0.25344E+04    0.85970E-01    0.14951E+04    0.26837E+00    0.24399E+04    0.10031E+01    0.71196E+02    0.89793E+00    0.54683E+02    0.99401E+00    0.69856E+02    0.80671E+00    0.20332E+02    0.70526E+00    0.25882E+02    0.79749E+00    0.20836E+02    0.50578E+00    0.25791E+00    0.49201E+00    0.50578E+00    0.00000E+00    0.25791E+00    0.00000E+00    0.49201E+00    0.00000E+00    0.10058E+01    0.00000E+00    0.71821E+00    0.00000E+00    0.99198E+00    0.00000E+00    0.78909E+00    0.00000E+00    0.54356E+00    0.00000E+00    0.77545E+00    0.00000E+00    0.58487E-02    0.22427E-02    0.53679E-02    0.00000E+00    0.58487E+04    0.00000E+00    0.22427E+04    0.00000E+00    0.53679E+04    0.99962E+00    0.10815E+03    0.97546E+00    0.66973E+02    0.99644E+00    0.10361E+03    0.82975E+00    0.46920E+02    0.78611E+00    0.38824E+02    0.82393E+00    0.45840E+02
100  0    0.64711E-01    0.26779E-01    0.61263E-01    0.64525E-01    0.18603E+03    0.26556E-01    0.22314E+03    0.61074E-01    0.18940E+03    0.44996E+00    0.19289E+02    0.39985E+00    0.21125E+02    0.44563E+00    0.19463E+02    0.39355E+00    0.77158E+01    0.34236E+00    0.10320E+02    0.38890E+00    0.79526E+01    0.11387E+00    0.79669E-01    0.11197E+00    0.11387E+00    0.00000E+00    0.79669E-01    0.00000E+00    0.11197E+00    0.00000E+00    0.47722E+00    0.00000E+00    0.39917E+00    0.00000E+00    0.47322E+00    0.00000E+00    0.42067E+00    0.00000E+00    0.34258E+00    0.00000E+00    0.41634E+00    0.00000E+00    0.42930E-03    0.33471E-03    0.41669E-03    0.00000E+00    0.42930E+03    0.00000E+00    0.33471E+03    0.00000E+00    0.41669E+03    0.41159E+00    0.29302E+02    0.40019E+00    0.25873E+02    0.41009E+00    0.28868E+02    0.35808E+00    0.17806E+02    0.34225E+00    0.15480E+02    0.35597E+00    0.17496E+02
200  0    0.15026E-01    0.11210E-01    0.14680E-01    0.14931E-01    0.95481E+02    0.10963E-01    0.24720E+03    0.14570E-01    0.10927E+03    0.22918E+00    0.13819E+02    0.21257E+00    0.22235E+02    0.22772E+00    0.14783E+02    0.19052E+00    0.59510E+01    0.18201E+00    0.12059E+02    0.18974E+00    0.65063E+01    0.26349E-01    0.32889E-01    0.26712E-01    0.26349E-01    0.00000E+00    0.32889E-01    0.00000E+00    0.26712E-01    0.00000E+00    0.22956E+00    0.00000E+00    0.25647E+00    0.00000E+00    0.23114E+00    0.00000E+00    0.19076E+00    0.00000E+00    0.22461E+00    0.00000E+00    0.19264E+00    0.00000E+00    0.22034E-03    0.37080E-03    0.24040E-03    0.00000E+00    0.22034E+03    0.00000E+00    0.37080E+03    0.00000E+00    0.24040E+03    0.22868E+00    0.20992E+02    0.18679E+00    0.27232E+02    0.22355E+00    0.21927E+02    0.19020E+00    0.13733E+02    0.16071E+00    0.18089E+02    0.18627E+00    0.14314E+02
300  0    0.10647E-01    0.10762E-01    0.10657E-01    0.10547E-01    0.99363E+02    0.10388E-01    0.37373E+03    0.10533E-01    0.12431E+03    0.20769E+00    0.14097E+02    0.20933E+00    0.27340E+02    0.20784E+00    0.15767E+02    0.16890E+00    0.58681E+01    0.17411E+00    0.13915E+02    0.16937E+00    0.65996E+01    0.18613E-01    0.31164E-01    0.19310E-01    0.18613E-01    0.00000E+00    0.31164E-01    0.00000E+00    0.19310E-01    0.00000E+00    0.19294E+00    0.00000E+00    0.24966E+00    0.00000E+00    0.19652E+00    0.00000E+00    0.15936E+00    0.00000E+00    0.21038E+00    0.00000E+00    0.16219E+00    0.00000E+00    0.22930E-03    0.56059E-03    0.27347E-03    0.00000E+00    0.22930E+03    0.00000E+00    0.56059E+03    0.00000E+00    0.27347E+03    0.22553E+00    0.21415E+02    0.18592E+00    0.33484E+02    0.22066E+00    0.23387E+02    0.18137E+00    0.13542E+02    0.15598E+00    0.20872E+02    0.17798E+00    0.14519E+02
400  0    0.79013E-02    0.96875E-02    0.80636E-02    0.78375E-02    0.63801E+02    0.95310E-02    0.15650E+03    0.79914E-02    0.72228E+02    0.19142E+00    0.11296E+02    0.20083E+00    0.17692E+02    0.19230E+00    0.12019E+02    0.15267E+00    0.48736E+01    0.16183E+00    0.93469E+01    0.15350E+00    0.52802E+01    0.13831E-01    0.28593E-01    0.14651E-01    0.13831E-01    0.00000E+00    0.28593E-01    0.00000E+00    0.14651E-01    0.00000E+00    0.16632E+00    0.00000E+00    0.23914E+00    0.00000E+00    0.17118E+00    0.00000E+00    0.13390E+00    0.00000E+00    0.19611E+00    0.00000E+00    0.13735E+00    0.00000E+00    0.14723E-03    0.23476E-03    0.15890E-03    0.00000E+00    0.14723E+03    0.00000E+00    0.23476E+03    0.00000E+00    0.15890E+03    0.21997E+00    0.17160E+02    0.17863E+00    0.21668E+02    0.21492E+00    0.17827E+02    0.17722E+00    0.11247E+02    0.14468E+00    0.14020E+02    0.17288E+00    0.11617E+02
500  0    0.64020E-02    0.89463E-02    0.66333E-02    0.63585E-02    0.43571E+02    0.88510E-02    0.95296E+02    0.65851E-02    0.48273E+02    0.18044E+00    0.93350E+01    0.19501E+00    0.13806E+02    0.18181E+00    0.98258E+01    0.14154E+00    0.41061E+01    0.15197E+00    0.85312E+01    0.14249E+00    0.45084E+01    0.11221E-01    0.26553E-01    0.12073E-01    0.11221E-01    0.00000E+00    0.26553E-01    0.00000E+00    0.12073E-01    0.00000E+00    0.14981E+00    0.00000E+00    0.23045E+00    0.00000E+00    0.15539E+00    0.00000E+00    0.11776E+00    0.00000E+00    0.18634E+00    0.00000E+00    0.12157E+00    0.00000E+00    0.10055E-03    0.14294E-03    0.10620E-03    0.00000E+00    0.10055E+03    0.00000E+00    0.14294E+03    0.00000E+00    0.10620E+03    0.21399E+00    0.14181E+02    0.17461E+00    0.16908E+02    0.20916E+00    0.14574E+02    0.17264E+00    0.94756E+01    0.13479E+00    0.12797E+02    0.16760E+00    0.99184E+01
600  0    0.54354E-02    0.81377E-02    0.56811E-02    0.54046E-02    0.30806E+02    0.80783E-02    0.59405E+02    0.56477E-02    0.33406E+02    0.17187E+00    0.78493E+01    0.18870E+00    0.10900E+02    0.17347E+00    0.81738E+01    0.13330E+00    0.36752E+01    0.14432E+00    0.66825E+01    0.13430E+00    0.39485E+01    0.95376E-02    0.24235E-01    0.10354E-01    0.95376E-02    0.00000E+00    0.24235E-01    0.00000E+00    0.10354E-01    0.00000E+00    0.13811E+00    0.00000E+00    0.22016E+00    0.00000E+00    0.14390E+00    0.00000E+00    0.10673E+00    0.00000E+00    0.18066E+00    0.00000E+00    0.11084E+00    0.00000E+00    0.71090E-04    0.89108E-04    0.73492E-04    0.00000E+00    0.71090E+02    0.00000E+00    0.89108E+02    0.00000E+00    0.73492E+02    0.20790E+00    0.11924E+02    0.17080E+00    0.13350E+02    0.20335E+00    0.12124E+02    0.16805E+00    0.84811E+01    0.12614E+00    0.10024E+02    0.16246E+00    0.86868E+01
700  0    0.47098E-02    0.73492E-02    0.49497E-02    0.46869E-02    0.22868E+02    0.73126E-02    0.36533E+02    0.49256E-02    0.24111E+02    0.16418E+00    0.67629E+01    0.18123E+00    0.85478E+01    0.16580E+00    0.69442E+01    0.12624E+00    0.31913E+01    0.13652E+00    0.50429E+01    0.12718E+00    0.33597E+01    0.82710E-02    0.21938E-01    0.90303E-02    0.82710E-02    0.00000E+00    0.21938E-01    0.00000E+00    0.90303E-02    0.00000E+00    0.12862E+00    0.00000E+00    0.20947E+00    0.00000E+00    0.13439E+00    0.00000E+00    0.98120E-01    0.00000E+00    0.17372E+00    0.00000E+00    0.10232E+00    0.00000E+00    0.52773E-04    0.54799E-04    0.53043E-04    0.00000E+00    0.52773E+02    0.00000E+00    0.54799E+02    0.00000E+00    0.53043E+02    0.20142E+00    0.10274E+02    0.16532E+00    0.10469E+02    0.19699E+00    0.10300E+02    0.16302E+00    0.73646E+01    0.11791E+00    0.75644E+01    0.15701E+00    0.73912E+01
800  0    0.41368E-02    0.66626E-02    0.43664E-02    0.41149E-02    0.21822E+02    0.66318E-02    0.30873E+02    0.43437E-02    0.22645E+02    0.15671E+00    0.66064E+01    0.17298E+00    0.78579E+01    0.15826E+00    0.67298E+01    0.11981E+00    0.29052E+01    0.12885E+00    0.44726E+01    0.12064E+00    0.30477E+01    0.72617E-02    0.19895E-01    0.79635E-02    0.72617E-02    0.00000E+00    0.19895E-01    0.00000E+00    0.79635E-02    0.00000E+00    0.12051E+00    0.00000E+00    0.19948E+00    0.00000E+00    0.12620E+00    0.00000E+00    0.90855E-01    0.00000E+00    0.16606E+00    0.00000E+00    0.95033E-01    0.00000E+00    0.50358E-04    0.46310E-04    0.49819E-04    0.00000E+00    0.50358E+02    0.00000E+00    0.46310E+02    0.00000E+00    0.49819E+02    0.19411E+00    0.10036E+02    0.15807E+00    0.96239E+01    0.18971E+00    0.99818E+01    0.15768E+00    0.67044E+01    0.11024E+00    0.67089E+01    0.15136E+00    0.67050E+01
900  0    0.36724E-02    0.60752E-02    0.38908E-02    0.36473E-02    0.25136E+02    0.60433E-02    0.31914E+02    0.38651E-02    0.25752E+02    0.14921E+00    0.70903E+01    0.16429E+00    0.79892E+01    0.15064E+00    0.71767E+01    0.11370E+00    0.30611E+01    0.12074E+00    0.46082E+01    0.11434E+00    0.32017E+01    0.64364E-02    0.18130E-01    0.70860E-02    0.64364E-02    0.00000E+00    0.18130E-01    0.00000E+00    0.70860E-02    0.00000E+00    0.11346E+00    0.00000E+00    0.19042E+00    0.00000E+00    0.11905E+00    0.00000E+00    0.84797E-01    0.00000E+00    0.15806E+00    0.00000E+00    0.88867E-01    0.00000E+00    0.58007E-04    0.47870E-04    0.56655E-04    0.00000E+00    0.58007E+02    0.00000E+00    0.47870E+02    0.00000E+00    0.56655E+02    0.18586E+00    0.10771E+02    0.14953E+00    0.97847E+01    0.18144E+00    0.10645E+02    0.15149E+00    0.70641E+01    0.10209E+00    0.69122E+01    0.14490E+00    0.70438E+01
1000  0    0.32810E-02    0.55480E-02    0.34871E-02    0.32513E-02    0.29708E+02    0.55149E-02    0.33111E+02    0.34571E-02    0.30017E+02    0.14149E+00    0.77082E+01    0.15524E+00    0.81377E+01    0.14279E+00    0.77482E+01    0.10781E+00    0.32296E+01    0.11237E+00    0.48653E+01    0.10823E+00    0.33783E+01    0.57376E-02    0.16545E-01    0.63380E-02    0.57376E-02    0.00000E+00    0.16545E-01    0.00000E+00    0.63380E-02    0.00000E+00    0.10712E+00    0.00000E+00    0.18190E+00    0.00000E+00    0.11259E+00    0.00000E+00    0.79455E-01    0.00000E+00    0.14993E+00    0.00000E+00    0.83370E-01    0.00000E+00    0.68557E-04    0.49667E-04    0.66038E-04    0.00000E+00    0.68557E+02    0.00000E+00    0.49667E+02    0.00000E+00    0.66038E+02    0.17661E+00    0.11710E+02    0.14002E+00    0.99666E+01    0.17218E+00    0.11492E+02    0.14489E+00    0.74529E+01    0.93598E-01    0.72980E+01    0.13805E+00    0.74323E+01
1100  0    0.29247E-02    0.50165E-02    0.31149E-02    0.28911E-02    0.33649E+02    0.49836E-02    0.32938E+02    0.30813E-02    0.33584E+02    0.13319E+00    0.82035E+01    0.14540E+00    0.81164E+01    0.13434E+00    0.81956E+01    0.10155E+00    0.33190E+01    0.10450E+00    0.48687E+01    0.10182E+00    0.34599E+01    0.51019E-02    0.14951E-01    0.56491E-02    0.51019E-02    0.00000E+00    0.14951E-01    0.00000E+00    0.56491E-02    0.00000E+00    0.10101E+00    0.00000E+00    0.17292E+00    0.00000E+00    0.10629E+00    0.00000E+00    0.74431E-01    0.00000E+00    0.14151E+00    0.00000E+00    0.78157E-01    0.00000E+00    0.77651E-04    0.49407E-04    0.73885E-04    0.00000E+00    0.77651E+02    0.00000E+00    0.49407E+02    0.00000E+00    0.73885E+02    0.16611E+00    0.12462E+02    0.12946E+00    0.99405E+01    0.16170E+00    0.12156E+02    0.13701E+00    0.76592E+01    0.85997E-01    0.73030E+01    0.13021E+00    0.76117E+01
1200  0    0.25542E-02    0.43739E-02    0.27196E-02    0.25183E-02    0.35854E+02    0.43432E-02    0.30719E+02    0.26842E-02    0.35387E+02    0.12345E+00    0.84680E+01    0.13351E+00    0.78383E+01    0.12439E+00    0.84127E+01    0.94537E-01    0.33709E+01    0.97155E-01    0.47314E+01    0.94775E-01    0.34945E+01    0.44441E-02    0.13030E-01    0.49211E-02    0.44441E-02    0.00000E+00    0.13030E-01    0.00000E+00    0.49211E-02    0.00000E+00    0.94277E-01    0.00000E+00    0.16143E+00    0.00000E+00    0.99207E-01    0.00000E+00    0.69318E-01    0.00000E+00    0.13189E+00    0.00000E+00    0.72795E-01    0.00000E+00    0.82740E-04    0.46079E-04    0.77852E-04    0.00000E+00    0.82740E+02    0.00000E+00    0.46079E+02    0.00000E+00    0.77852E+02    0.15344E+00    0.12864E+02    0.11708E+00    0.95999E+01    0.14910E+00    0.12478E+02    0.12752E+00    0.77789E+01    0.79787E-01    0.70971E+01    0.12115E+00    0.76880E+01
1300  0    0.21222E-02    0.35032E-02    0.22478E-02    0.20866E-02    0.35591E+02    0.34772E-02    0.25970E+02    0.22131E-02    0.34716E+02    0.11110E+00    0.84369E+01    0.11806E+00    0.72069E+01    0.11175E+00    0.83326E+01    0.85744E-01    0.34326E+01    0.88799E-01    0.43030E+01    0.86022E-01    0.35117E+01    0.36823E-02    0.10432E-01    0.40573E-02    0.36823E-02    0.00000E+00    0.10432E-01    0.00000E+00    0.40573E-02    0.00000E+00    0.85817E-01    0.00000E+00    0.14444E+00    0.00000E+00    0.90081E-01    0.00000E+00    0.63500E-01    0.00000E+00    0.11895E+00    0.00000E+00    0.66581E-01    0.00000E+00    0.82133E-04    0.38955E-04    0.76376E-04    0.00000E+00    0.82133E+02    0.00000E+00    0.38955E+02    0.00000E+00    0.76376E+02    0.13732E+00    0.12817E+02    0.10234E+00    0.88267E+01    0.13318E+00    0.12359E+02    0.11483E+00    0.79214E+01    0.73724E-01    0.64544E+01    0.10935E+00    0.77258E+01
1400  0    0.16572E-02    0.25171E-02    0.17354E-02    0.16252E-02    0.31999E+02    0.24972E-02    0.19831E+02    0.17045E-02    0.30893E+02    0.96377E-01    0.79999E+01    0.10009E+00    0.62978E+01    0.96720E-01    0.78604E+01    0.75315E-01    0.34099E+01    0.78003E-01    0.35978E+01    0.75559E-01    0.34269E+01    0.28681E-02    0.74917E-02    0.31249E-02    0.28681E-02    0.00000E+00    0.74917E-02    0.00000E+00    0.31249E-02    0.00000E+00    0.75737E-01    0.00000E+00    0.12241E+00    0.00000E+00    0.79056E-01    0.00000E+00    0.56932E-01    0.00000E+00    0.10184E+00    0.00000E+00    0.59427E-01    0.00000E+00    0.73844E-04    0.29747E-04    0.67964E-04    0.00000E+00    0.73844E+02    0.00000E+00    0.29747E+02    0.00000E+00    0.67964E+02    0.11804E+00    0.12153E+02    0.86804E-01    0.77132E+01    0.11437E+00    0.11659E+02    0.99354E-01    0.78689E+01    0.66083E-01    0.53967E+01    0.94918E-01    0.75393E+01
1500  0    0.12414E-02    0.16863E-02    0.12819E-02    0.12148E-02    0.26666E+02    0.16719E-02    0.14447E+02    0.12563E-02    0.25555E+02    0.81071E-01    0.73029E+01    0.82525E-01    0.53754E+01    0.81204E-01    0.71492E+01    0.63719E-01    0.32250E+01    0.66262E-01    0.30583E+01    0.63950E-01    0.32098E+01    0.21437E-02    0.50156E-02    0.23033E-02    0.21437E-02    0.00000E+00    0.50156E-02    0.00000E+00    0.23033E-02    0.00000E+00    0.65479E-01    0.00000E+00    0.10016E+00    0.00000E+00    0.67871E-01    0.00000E+00    0.49482E-01    0.00000E+00    0.83611E-01    0.00000E+00    0.51378E-01    0.00000E+00    0.61537E-04    0.21671E-04    0.56222E-04    0.00000E+00    0.61537E+02    0.00000E+00    0.21671E+02    0.00000E+00    0.56222E+02    0.97778E-01    0.11094E+02    0.72111E-01    0.65835E+01    0.94758E-01    0.10604E+02    0.82337E-01    0.74423E+01    0.57587E-01    0.45874E+01    0.79037E-01    0.70617E+01
1600  0    0.91280E-03    0.10897E-02    0.92888E-03    0.89132E-03    0.21477E+02    0.10785E-02    0.11255E+02    0.90833E-03    0.20548E+02    0.66820E-01    0.65539E+01    0.67082E-01    0.47445E+01    0.66844E-01    0.64106E+01    0.52416E-01    0.29556E+01    0.54800E-01    0.27872E+01    0.52633E-01    0.29403E+01    0.15729E-02    0.32354E-02    0.16653E-02    0.15729E-02    0.00000E+00    0.32354E-02    0.00000E+00    0.16653E-02    0.00000E+00    0.56088E-01    0.00000E+00    0.80441E-01    0.00000E+00    0.57711E-01    0.00000E+00    0.42330E-01    0.00000E+00    0.66759E-01    0.00000E+00    0.43687E-01    0.00000E+00    0.49562E-04    0.16883E-04    0.45205E-04    0.00000E+00    0.49562E+02    0.00000E+00    0.16883E+02    0.00000E+00    0.45205E+02    0.78676E-01    0.99561E+01    0.59285E-01    0.58108E+01    0.76375E-01    0.95084E+01    0.65607E-01    0.68207E+01    0.48820E-01    0.41808E+01    0.63369E-01    0.64687E+01
1700  0    0.66857E-03    0.69467E-03    0.67094E-03    0.65163E-03    0.16939E+02    0.68489E-03    0.97801E+01    0.65465E-03    0.16288E+02    0.54639E-01    0.58205E+01    0.54508E-01    0.44227E+01    0.54627E-01    0.57076E+01    0.42302E-01    0.26448E+01    0.44454E-01    0.25091E+01    0.42498E-01    0.26325E+01    0.11499E-02    0.20547E-02    0.12002E-02    0.11499E-02    0.00000E+00    0.20547E-02    0.00000E+00    0.12002E-02    0.00000E+00    0.47957E-01    0.00000E+00    0.64104E-01    0.00000E+00    0.48994E-01    0.00000E+00    0.35989E-01    0.00000E+00    0.52369E-01    0.00000E+00    0.36899E-01    0.00000E+00    0.39091E-04    0.14670E-04    0.35835E-04    0.00000E+00    0.39091E+02    0.00000E+00    0.14670E+02    0.00000E+00    0.35835E+02    0.62305E-01    0.88420E+01    0.49010E-01    0.54167E+01    0.60701E-01    0.84658E+01    0.50557E-01    0.61034E+01    0.40497E-01    0.37636E+01    0.49215E-01    0.57915E+01
1800  0    0.49148E-03    0.44636E-03    0.48738E-03    0.47829E-03    0.13190E+02    0.43768E-03    0.86818E+01    0.47460E-03    0.12780E+02    0.44962E-01    0.51361E+01    0.44960E-01    0.41670E+01    0.44962E-01    0.50557E+01    0.34432E-01    0.23160E+01    0.36053E-01    0.23152E+01    0.34580E-01    0.23159E+01    0.84404E-03    0.13130E-02    0.87009E-03    0.84404E-03    0.00000E+00    0.13130E-02    0.00000E+00    0.87009E-03    0.00000E+00    0.41086E-01    0.00000E+00    0.51245E-01    0.00000E+00    0.41716E-01    0.00000E+00    0.30881E-01    0.00000E+00    0.41621E-01    0.00000E+00    0.31477E-01    0.00000E+00    0.30438E-04    0.13023E-04    0.28116E-04    0.00000E+00    0.30438E+02    0.00000E+00    0.13023E+02    0.00000E+00    0.28116E+02    0.49576E-01    0.78024E+01    0.41462E-01    0.51035E+01    0.48573E-01    0.74988E+01    0.39077E-01    0.53446E+01    0.33269E-01    0.34728E+01    0.38302E-01    0.50950E+01
1900  0    0.36402E-03    0.29549E-03    0.35779E-03    0.35374E-03    0.10278E+02    0.28787E-03    0.76219E+01    0.34775E-03    0.10036E+02    0.37756E-01    0.45338E+01    0.38236E-01    0.39043E+01    0.37800E-01    0.44802E+01    0.28705E-01    0.20246E+01    0.30840E-01    0.21650E+01    0.28899E-01    0.20374E+01    0.62425E-03    0.86361E-03    0.63755E-03    0.62425E-03    0.00000E+00    0.86361E-03    0.00000E+00    0.63755E-03    0.00000E+00    0.35334E-01    0.00000E+00    0.41560E-01    0.00000E+00    0.35709E-01    0.00000E+00    0.26499E-01    0.00000E+00    0.33855E-01    0.00000E+00    0.26907E-01    0.00000E+00    0.23718E-04    0.11433E-04    0.22080E-04    0.00000E+00    0.23718E+02    0.00000E+00    0.11433E+02    0.00000E+00    0.22080E+02    0.40706E-01    0.68874E+01    0.36460E-01    0.47818E+01    0.40166E-01    0.66453E+01    0.31589E-01    0.46722E+01    0.29333E-01    0.32474E+01    0.31288E-01    0.44822E+01
2000  0    0.27267E-03    0.20547E-03    0.26656E-03    0.26453E-03    0.81355E+01    0.19882E-03    0.66503E+01    0.25856E-03    0.80005E+01    0.32654E-01    0.40337E+01    0.33814E-01    0.36470E+01    0.32761E-01    0.40001E+01    0.24748E-01    0.17897E+01    0.27525E-01    0.20034E+01    0.25000E-01    0.18091E+01    0.46682E-03    0.59646E-03    0.47403E-03    0.46682E-03    0.00000E+00    0.59646E-03    0.00000E+00    0.47403E-03    0.00000E+00    0.30556E-01    0.00000E+00    0.34539E-01    0.00000E+00    0.30790E-01    0.00000E+00    0.22882E-01    0.00000E+00    0.28054E-01    0.00000E+00    0.23170E-01    0.00000E+00    0.18774E-04    0.99754E-05    0.17601E-04    0.00000E+00    0.18774E+02    0.00000E+00    0.99754E+01    0.00000E+00    0.17601E+02    0.35210E-01    0.61277E+01    0.33446E-01    0.44666E+01    0.34980E-01    0.59331E+01    0.27187E-01    0.41300E+01    0.27260E-01    0.30051E+01    0.27197E-01    0.39800E+01
2100  0    0.20738E-03    0.15170E-03    0.20232E-03    0.20077E-03    0.66076E+01    0.14591E-03    0.57838E+01    0.19578E-03    0.65328E+01    0.29118E-01    0.36353E+01    0.30977E-01    0.34011E+01    0.29292E-01    0.36146E+01    0.21999E-01    0.16027E+01    0.25603E-01    0.18378E+01    0.22326E-01    0.16241E+01    0.35430E-03    0.43774E-03    0.35894E-03    0.35430E-03    0.00000E+00    0.43774E-03    0.00000E+00    0.35894E-03    0.00000E+00    0.26620E-01    0.00000E+00    0.29588E-01    0.00000E+00    0.26793E-01    0.00000E+00    0.20021E-01    0.00000E+00    0.23794E-01    0.00000E+00    0.20231E-01    0.00000E+00    0.15248E-04    0.86757E-05    0.14372E-04    0.00000E+00    0.15248E+02    0.00000E+00    0.86757E+01    0.00000E+00    0.14372E+02    0.32093E-01    0.55224E+01    0.31648E-01    0.41655E+01    0.32034E-01    0.53614E+01    0.24585E-01    0.36985E+01    0.26507E-01    0.27567E+01    0.24841E-01    0.35729E+01
2200  0    0.16062E-03    0.11890E-03    0.15683E-03    0.15510E-03    0.55245E+01    0.11388E-03    0.50259E+01    0.15135E-03    0.54791E+01    0.26612E-01    0.33240E+01    0.29058E-01    0.31705E+01    0.26844E-01    0.33103E+01    0.19810E-01    0.14656E+01    0.24178E-01    0.16677E+01    0.20207E-01    0.14840E+01    0.27371E-03    0.34163E-03    0.27748E-03    0.27371E-03    0.00000E+00    0.34163E-03    0.00000E+00    0.27748E-03    0.00000E+00    0.23397E-01    0.00000E+00    0.26139E-01    0.00000E+00    0.23558E-01    0.00000E+00    0.17652E-01    0.00000E+00    0.21808E-01    0.00000E+00    0.17883E-01    0.00000E+00    0.12749E-04    0.75389E-05    0.12054E-04    0.00000E+00    0.12749E+02    0.00000E+00    0.75389E+01    0.00000E+00    0.12054E+02    0.30307E-01    0.50495E+01    0.30413E-01    0.38830E+01    0.30321E-01    0.49100E+01    0.22631E-01    0.33821E+01    0.25362E-01    0.25016E+01    0.22995E-01    0.32647E+01
2300  0    0.12689E-03    0.98110E-04    0.12428E-03    0.12215E-03    0.47462E+01    0.93745E-04    0.43655E+01    0.11957E-03    0.47116E+01    0.24722E-01    0.30810E+01    0.27604E-01    0.29548E+01    0.24998E-01    0.30697E+01    0.18097E-01    0.13710E+01    0.22837E-01    0.15365E+01    0.18528E-01    0.13861E+01    0.21555E-03    0.28123E-03    0.21920E-03    0.21555E-03    0.00000E+00    0.28123E-03    0.00000E+00    0.21920E-03    0.00000E+00    0.20763E-01    0.00000E+00    0.23716E-01    0.00000E+00    0.20938E-01    0.00000E+00    0.15616E-01    0.00000E+00    0.20555E-01    0.00000E+00    0.15890E-01    0.00000E+00    0.10953E-04    0.65482E-05    0.10366E-04    0.00000E+00    0.10953E+02    0.00000E+00    0.65482E+01    0.00000E+00    0.10366E+02    0.29098E-01    0.46803E+01    0.29355E-01    0.36189E+01    0.29132E-01    0.45531E+01    0.21343E-01    0.31639E+01    0.23978E-01    0.23048E+01    0.21694E-01    0.30494E+01
2400  0    0.10228E-03    0.84206E-04    0.10064E-03    0.98112E-04    0.41709E+01    0.80406E-04    0.38001E+01    0.96503E-04    0.41372E+01    0.23184E-01    0.28882E+01    0.26362E-01    0.27569E+01    0.23491E-01    0.28765E+01    0.16654E-01    0.12990E+01    0.21662E-01    0.14700E+01    0.17110E-01    0.13145E+01    0.17314E-03    0.24122E-03    0.17692E-03    0.17314E-03    0.00000E+00    0.24122E-03    0.00000E+00    0.17692E-03    0.00000E+00    0.18609E-01    0.00000E+00    0.21964E-01    0.00000E+00    0.18811E-01    0.00000E+00    0.13948E-01    0.00000E+00    0.19507E-01    0.00000E+00    0.14257E-01    0.00000E+00    0.96252E-05    0.57002E-05    0.91018E-05    0.00000E+00    0.96252E+01    0.00000E+00    0.57002E+01    0.00000E+00    0.91018E+01    0.28064E-01    0.43875E+01    0.28306E-01    0.33764E+01    0.28096E-01    0.42666E+01    0.20193E-01    0.29977E+01    0.22740E-01    0.22050E+01    0.20533E-01    0.28920E+01
2500  0    0.84083E-04    0.74334E-04    0.83196E-04    0.80353E-04    0.37290E+01    0.71001E-04    0.33333E+01    0.79503E-04    0.36931E+01    0.21852E-01    0.27310E+01    0.25214E-01    0.25820E+01    0.22179E-01    0.27177E+01    0.15404E-01    0.12338E+01    0.20582E-01    0.13971E+01    0.15875E-01    0.12486E+01    0.14180E-03    0.21300E-03    0.14576E-03    0.14180E-03    0.00000E+00    0.21300E-03    0.00000E+00    0.14576E-03    0.00000E+00    0.16840E-01    0.00000E+00    0.20640E-01    0.00000E+00    0.17074E-01    0.00000E+00    0.12570E-01    0.00000E+00    0.18598E-01    0.00000E+00    0.12905E-01    0.00000E+00    0.86055E-05    0.50000E-05    0.81248E-05    0.00000E+00    0.86055E+01    0.00000E+00    0.50000E+01    0.00000E+00    0.81248E+01    0.27039E-01    0.41486E+01    0.27214E-01    0.31623E+01    0.27062E-01    0.40311E+01    0.19111E-01    0.28471E+01    0.21573E-01    0.20956E+01    0.19439E-01    0.27469E+01
2600  0    0.70426E-04    0.66908E-04    0.70106E-04    0.67050E-04    0.33761E+01    0.63944E-04    0.29631E+01    0.66768E-04    0.33385E+01    0.20655E-01    0.25985E+01    0.24113E-01    0.24344E+01    0.20993E-01    0.25840E+01    0.14337E-01    0.11725E+01    0.19488E-01    0.13625E+01    0.14805E-01    0.11898E+01    0.11832E-03    0.19183E-03    0.12241E-03    0.11832E-03    0.00000E+00    0.19183E-03    0.00000E+00    0.12241E-03    0.00000E+00    0.15383E-01    0.00000E+00    0.19587E-01    0.00000E+00    0.15647E-01    0.00000E+00    0.11427E-01    0.00000E+00    0.17788E-01    0.00000E+00    0.11781E-01    0.00000E+00    0.77910E-05    0.44447E-05    0.73448E-05    0.00000E+00    0.77910E+01    0.00000E+00    0.44447E+01    0.00000E+00    0.73448E+01    0.25982E-01    0.39474E+01    0.26084E-01    0.29815E+01    0.25995E-01    0.38327E+01    0.18142E-01    0.27057E+01    0.20337E-01    0.20437E+01    0.18435E-01    0.26175E+01
2700  0    0.60029E-04    0.61039E-04    0.60121E-04    0.56944E-04    0.30849E+01    0.58360E-04    0.26783E+01    0.57073E-04    0.30479E+01    0.19561E-01    0.24839E+01    0.23050E-01    0.23144E+01    0.19904E-01    0.24690E+01    0.13399E-01    0.11172E+01    0.18448E-01    0.13379E+01    0.13858E-01    0.11372E+01    0.10049E-03    0.17508E-03    0.10463E-03    0.10049E-03    0.00000E+00    0.17508E-03    0.00000E+00    0.10463E-03    0.00000E+00    0.14177E-01    0.00000E+00    0.18713E-01    0.00000E+00    0.14466E-01    0.00000E+00    0.10460E-01    0.00000E+00    0.17050E-01    0.00000E+00    0.10827E-01    0.00000E+00    0.71189E-05    0.40175E-05    0.67054E-05    0.00000E+00    0.71189E+01    0.00000E+00    0.40175E+01    0.00000E+00    0.67054E+01    0.24904E-01    0.37733E+01    0.24938E-01    0.28346E+01    0.24908E-01    0.36621E+01    0.17243E-01    0.25781E+01    0.19146E-01    0.20069E+01    0.17497E-01    0.25019E+01
2800  0    0.51999E-04    0.56221E-04    0.52382E-04    0.49159E-04    0.28392E+01    0.53759E-04    0.24618E+01    0.49578E-04    0.28049E+01    0.18560E-01    0.23829E+01    0.22029E-01    0.22189E+01    0.18901E-01    0.23685E+01    0.12563E-01    0.10722E+01    0.17454E-01    0.13151E+01    0.13008E-01    0.10942E+01    0.86752E-04    0.16128E-03    0.90892E-04    0.86752E-04    0.00000E+00    0.16128E-03    0.00000E+00    0.90892E-04    0.00000E+00    0.13172E-01    0.00000E+00    0.17960E-01    0.00000E+00    0.13483E-01    0.00000E+00    0.96705E-02    0.00000E+00    0.16369E-01    0.00000E+00    0.10043E-01    0.00000E+00    0.65519E-05    0.36927E-05    0.61707E-05    0.00000E+00    0.65519E+01    0.00000E+00    0.36927E+01    0.00000E+00    0.61707E+01    0.23833E-01    0.36199E+01    0.23804E-01    0.27176E+01    0.23829E-01    0.35130E+01    0.16346E-01    0.24742E+01    0.17997E-01    0.19726E+01    0.16566E-01    0.24073E+01
2900  0    0.45704E-04    0.52157E-04    0.46291E-04    0.43075E-04    0.26292E+01    0.49862E-04    0.22951E+01    0.43692E-04    0.25988E+01    0.17646E-01    0.22931E+01    0.21056E-01    0.21425E+01    0.17982E-01    0.22798E+01    0.11876E-01    0.10349E+01    0.16582E-01    0.12911E+01    0.12304E-01    0.10582E+01    0.76015E-04    0.14958E-03    0.80102E-04    0.76015E-04    0.00000E+00    0.14958E-03    0.00000E+00    0.80102E-04    0.00000E+00    0.12330E-01    0.00000E+00    0.17297E-01    0.00000E+00    0.12657E-01    0.00000E+00    0.90347E-02    0.00000E+00    0.15736E-01    0.00000E+00    0.94070E-02    0.00000E+00    0.60674E-05    0.34427E-05    0.57174E-05    0.00000E+00    0.60674E+01    0.00000E+00    0.34427E+01    0.00000E+00    0.57174E+01    0.22797E-01    0.34835E+01    0.22704E-01    0.26240E+01    0.22785E-01    0.33815E+01    0.15591E-01    0.23882E+01    0.17005E-01    0.19366E+01    0.15780E-01    0.23280E+01
3000  0    0.40694E-04    0.48666E-04    0.41419E-04    0.38245E-04    0.24484E+01    0.46504E-04    0.21622E+01    0.38996E-04    0.24224E+01    0.16816E-01    0.22129E+01    0.20141E-01    0.20795E+01    0.17145E-01    0.22011E+01    0.11323E-01    0.99935E+00    0.15761E-01    0.12659E+01    0.11727E-01    0.10236E+01    0.67492E-04    0.13951E-03    0.71493E-04    0.67492E-04    0.00000E+00    0.13951E-03    0.00000E+00    0.71493E-04    0.00000E+00    0.11618E-01    0.00000E+00    0.16704E-01    0.00000E+00    0.11958E-01    0.00000E+00    0.85071E-02    0.00000E+00    0.15146E-01    0.00000E+00    0.88760E-02    0.00000E+00    0.56503E-05    0.32433E-05    0.53293E-05    0.00000E+00    0.56503E+01    0.00000E+00    0.32433E+01    0.00000E+00    0.53293E+01    0.21818E-01    0.33616E+01    0.21657E-01    0.25469E+01    0.21796E-01    0.32648E+01    0.15006E-01    0.23062E+01    0.16069E-01    0.18988E+01    0.15148E-01    0.22519E+01
3100  0    0.36638E-04    0.45636E-04    0.37456E-04    0.34346E-04    0.22922E+01    0.43584E-04    0.20512E+01    0.35186E-04    0.22703E+01    0.16065E-01    0.21411E+01    0.19289E-01    0.20254E+01    0.16385E-01    0.21309E+01    0.10842E-01    0.96651E+00    0.14979E-01    0.12411E+01    0.11218E-01    0.99147E+00    0.60611E-04    0.13075E-03    0.64508E-04    0.60611E-04    0.00000E+00    0.13075E-03    0.00000E+00    0.64508E-04    0.00000E+00    0.11010E-01    0.00000E+00    0.16171E-01    0.00000E+00    0.11358E-01    0.00000E+00    0.80860E-02    0.00000E+00    0.14597E-01    0.00000E+00    0.84477E-02    0.00000E+00    0.52898E-05    0.30768E-05    0.49947E-05    0.00000E+00    0.52898E+01    0.00000E+00    0.30768E+01    0.00000E+00    0.49947E+01    0.20906E-01    0.32526E+01    0.20673E-01    0.24806E+01    0.20875E-01    0.31606E+01    0.14446E-01    0.22304E+01    0.15171E-01    0.18617E+01    0.14543E-01    0.21812E+01
3200  0    0.33297E-04    0.42991E-04    0.34178E-04    0.31140E-04    0.21568E+01    0.41037E-04    0.19542E+01    0.32040E-04    0.21384E+01    0.15388E-01    0.20769E+01    0.18502E-01    0.19770E+01    0.15697E-01    0.20680E+01    0.10397E-01    0.93578E+00    0.14245E-01    0.12140E+01    0.10747E-01    0.96107E+00    0.54954E-04    0.12311E-03    0.58740E-04    0.54954E-04    0.00000E+00    0.12311E-03    0.00000E+00    0.58740E-04    0.00000E+00    0.10484E-01    0.00000E+00    0.15691E-01    0.00000E+00    0.10839E-01    0.00000E+00    0.77029E-02    0.00000E+00    0.14084E-01    0.00000E+00    0.80574E-02    0.00000E+00    0.49772E-05    0.29314E-05    0.47045E-05    0.00000E+00    0.49772E+01    0.00000E+00    0.29314E+01    0.00000E+00    0.47045E+01    0.20068E-01    0.31551E+01    0.19757E-01    0.24213E+01    0.20027E-01    0.30674E+01    0.13921E-01    0.21595E+01    0.14325E-01    0.18210E+01    0.13975E-01    0.21144E+01
3300  0    0.30494E-04    0.40679E-04    0.31420E-04    0.28455E-04    0.20389E+01    0.38812E-04    0.18667E+01    0.29396E-04    0.20233E+01    0.14777E-01    0.20194E+01    0.17778E-01    0.19322E+01    0.15074E-01    0.20116E+01    0.99881E-02    0.90827E+00    0.13562E-01    0.11859E+01    0.10313E-01    0.93351E+00    0.50214E-04    0.11644E-03    0.53893E-04    0.50214E-04    0.00000E+00    0.11644E-03    0.00000E+00    0.53893E-04    0.00000E+00    0.10021E-01    0.00000E+00    0.15260E-01    0.00000E+00    0.10382E-01    0.00000E+00    0.73511E-02    0.00000E+00    0.13605E-01    0.00000E+00    0.76986E-02    0.00000E+00    0.47052E-05    0.28001E-05    0.44512E-05    0.00000E+00    0.47052E+01    0.00000E+00    0.28001E+01    0.00000E+00    0.44512E+01    0.19302E-01    0.30676E+01    0.18912E-01    0.23665E+01    0.19250E-01    0.29837E+01    0.13437E-01    0.20960E+01    0.13540E-01    0.17789E+01    0.13450E-01    0.20537E+01
3400  0    0.28100E-04    0.38659E-04    0.29060E-04    0.26164E-04    0.19357E+01    0.36873E-04    0.17864E+01    0.27138E-04    0.19221E+01    0.14223E-01    0.19676E+01    0.17116E-01    0.18902E+01    0.14510E-01    0.19607E+01    0.96328E-02    0.88254E+00    0.12932E-01    0.11554E+01    0.99327E-02    0.90734E+00    0.46172E-04    0.11062E-03    0.49752E-04    0.46172E-04    0.00000E+00    0.11062E-03    0.00000E+00    0.49752E-04    0.00000E+00    0.96096E-02    0.00000E+00    0.14874E-01    0.00000E+00    0.99752E-02    0.00000E+00    0.70368E-02    0.00000E+00    0.13159E-01    0.00000E+00    0.73769E-02    0.00000E+00    0.44670E-05    0.26795E-05    0.42287E-05    0.00000E+00    0.44670E+01    0.00000E+00    0.26795E+01    0.00000E+00    0.42287E+01    0.18603E-01    0.29890E+01    0.18133E-01    0.23150E+01    0.18541E-01    0.29082E+01    0.13027E-01    0.20366E+01    0.12818E-01    0.17331E+01    0.13000E-01    0.19962E+01
3500  0    0.26023E-04    0.36896E-04    0.27011E-04    0.24178E-04    0.18448E+01    0.35184E-04    0.17120E+01    0.25179E-04    0.18327E+01    0.13719E-01    0.19208E+01    0.16509E-01    0.18504E+01    0.13996E-01    0.19145E+01    0.93151E-02    0.85862E+00    0.12352E-01    0.11232E+01    0.95911E-02    0.88267E+00    0.42667E-04    0.10555E-03    0.46161E-04    0.42667E-04    0.00000E+00    0.10555E-03    0.00000E+00    0.46161E-04    0.00000E+00    0.92377E-02    0.00000E+00    0.14529E-01    0.00000E+00    0.96084E-02    0.00000E+00    0.67681E-02    0.00000E+00    0.12741E-01    0.00000E+00    0.70999E-02    0.00000E+00    0.42571E-05    0.25680E-05    0.40319E-05    0.00000E+00    0.42571E+01    0.00000E+00    0.25680E+01    0.00000E+00    0.40319E+01    0.17966E-01    0.29179E+01    0.17415E-01    0.22663E+01    0.17893E-01    0.28397E+01    0.12646E-01    0.19814E+01    0.12157E-01    0.16847E+01    0.12581E-01    0.19419E+01
3600  0    0.24196E-04    0.35357E-04    0.25211E-04    0.22432E-04    0.17639E+01    0.33714E-04    0.16434E+01    0.23458E-04    0.17529E+01    0.13259E-01    0.18782E+01    0.15954E-01    0.18130E+01    0.13526E-01    0.18724E+01    0.90219E-02    0.83778E+00    0.11818E-01    0.10992E+01    0.92761E-02    0.86154E+00    0.39586E-04    0.10114E-03    0.43006E-04    0.39586E-04    0.00000E+00    0.10114E-03    0.00000E+00    0.43006E-04    0.00000E+00    0.88979E-02    0.00000E+00    0.14223E-01    0.00000E+00    0.92742E-02    0.00000E+00    0.65164E-02    0.00000E+00    0.12349E-01    0.00000E+00    0.68404E-02    0.00000E+00    0.40705E-05    0.24652E-05    0.38565E-05    0.00000E+00    0.40705E+01    0.00000E+00    0.24652E+01    0.00000E+00    0.38565E+01    0.17382E-01    0.28533E+01    0.16753E-01    0.22204E+01    0.17300E-01    0.27772E+01    0.12298E-01    0.19333E+01    0.11553E-01    0.16487E+01    0.12199E-01    0.18954E+01
3700  0    0.22571E-04    0.34014E-04    0.23612E-04    0.20880E-04    0.16913E+01    0.32433E-04    0.15806E+01    0.21930E-04    0.16812E+01    0.12835E-01    0.18392E+01    0.15446E-01    0.17780E+01    0.13094E-01    0.18337E+01    0.87453E-02    0.81842E+00    0.11382E-01    0.10797E+01    0.89850E-02    0.84217E+00    0.36847E-04    0.97299E-04    0.40206E-04    0.36847E-04    0.00000E+00    0.97299E-04    0.00000E+00    0.40206E-04    0.00000E+00    0.85845E-02    0.00000E+00    0.13950E-01    0.00000E+00    0.89672E-02    0.00000E+00    0.62847E-02    0.00000E+00    0.11979E-01    0.00000E+00    0.66010E-02    0.00000E+00    0.39030E-05    0.23710E-05    0.36987E-05    0.00000E+00    0.39030E+01    0.00000E+00    0.23710E+01    0.00000E+00    0.36987E+01    0.16846E-01    0.27939E+01    0.16142E-01    0.21776E+01    0.16754E-01    0.27198E+01    0.11963E-01    0.18887E+01    0.11083E-01    0.16195E+01    0.11846E-01    0.18528E+01
3800  0    0.21114E-04    0.32838E-04    0.22180E-04    0.19489E-04    0.16254E+01    0.31314E-04    0.15237E+01    0.20564E-04    0.16162E+01    0.12443E-01    0.18030E+01    0.14978E-01    0.17457E+01    0.12695E-01    0.17979E+01    0.84904E-02    0.80064E+00    0.11000E-01    0.10634E+01    0.87185E-02    0.82453E+00    0.34392E-04    0.93942E-04    0.37700E-04    0.34392E-04    0.00000E+00    0.93942E-04    0.00000E+00    0.37700E-04    0.00000E+00    0.82936E-02    0.00000E+00    0.13707E-01    0.00000E+00    0.86834E-02    0.00000E+00    0.60705E-02    0.00000E+00    0.11631E-01    0.00000E+00    0.63794E-02    0.00000E+00    0.37509E-05    0.22856E-05    0.35556E-05    0.00000E+00    0.37509E+01    0.00000E+00    0.22856E+01    0.00000E+00    0.35556E+01    0.16351E-01    0.27390E+01    0.15574E-01    0.21380E+01    0.16250E-01    0.26667E+01    0.11655E-01    0.18476E+01    0.10685E-01    0.15951E+01    0.11526E-01    0.18140E+01
3900  0    0.19799E-04    0.31804E-04    0.20891E-04    0.18234E-04    0.15650E+01    0.30331E-04    0.14728E+01    0.19334E-04    0.15566E+01    0.12080E-01    0.17692E+01    0.14547E-01    0.17163E+01    0.12325E-01    0.17644E+01    0.82509E-02    0.78435E+00    0.10670E-01    0.10482E+01    0.84708E-02    0.80834E+00    0.32178E-04    0.90994E-04    0.35446E-04    0.32178E-04    0.00000E+00    0.90994E-04    0.00000E+00    0.35446E-04    0.00000E+00    0.80222E-02    0.00000E+00    0.13490E-01    0.00000E+00    0.84197E-02    0.00000E+00    0.58666E-02    0.00000E+00    0.11300E-01    0.00000E+00    0.61685E-02    0.00000E+00    0.36115E-05    0.22092E-05    0.34245E-05    0.00000E+00    0.36115E+01    0.00000E+00    0.22092E+01    0.00000E+00    0.34245E+01    0.15893E-01    0.26876E+01    0.15047E-01    0.21020E+01    0.15783E-01    0.26171E+01    0.11369E-01    0.18100E+01    0.10354E-01    0.15724E+01    0.11233E-01    0.17784E+01
4000  0    0.18607E-04    0.30890E-04    0.19724E-04    0.17098E-04    0.15089E+01    0.29463E-04    0.14279E+01    0.18222E-04    0.15016E+01    0.11741E-01    0.17372E+01    0.14148E-01    0.16899E+01    0.11980E-01    0.17330E+01    0.80180E-02    0.76846E+00    0.10368E-01    0.10403E+01    0.82316E-02    0.79317E+00    0.30173E-04    0.88388E-04    0.33408E-04    0.30173E-04    0.00000E+00    0.88388E-04    0.00000E+00    0.33408E-04    0.00000E+00    0.77683E-02    0.00000E+00    0.13296E-01    0.00000E+00    0.81740E-02    0.00000E+00    0.56729E-02    0.00000E+00    0.10986E-01    0.00000E+00    0.59680E-02    0.00000E+00    0.34822E-05    0.21418E-05    0.33035E-05    0.00000E+00    0.34822E+01    0.00000E+00    0.21418E+01    0.00000E+00    0.33035E+01    0.15467E-01    0.26390E+01    0.14556E-01    0.20697E+01    0.15349E-01    0.25704E+01    0.11085E-01    0.17734E+01    0.10059E-01    0.15604E+01    0.10948E-01    0.17450E+01
4100  0    0.17523E-04    0.30076E-04    0.18664E-04    0.16067E-04    0.14565E+01    0.28687E-04    0.13888E+01    0.17214E-04    0.14503E+01    0.11425E-01    0.17067E+01    0.13779E-01    0.16666E+01    0.11659E-01    0.17031E+01    0.77905E-02    0.75287E+00    0.10075E-01    0.10343E+01    0.79982E-02    0.77845E+00    0.28353E-04    0.86062E-04    0.31559E-04    0.28353E-04    0.00000E+00    0.86062E-04    0.00000E+00    0.31559E-04    0.00000E+00    0.75303E-02    0.00000E+00    0.13120E-01    0.00000E+00    0.79447E-02    0.00000E+00    0.54862E-02    0.00000E+00    0.10686E-01    0.00000E+00    0.57751E-02    0.00000E+00    0.33611E-05    0.20832E-05    0.31907E-05    0.00000E+00    0.33611E+01    0.00000E+00    0.20832E+01    0.00000E+00    0.31907E+01    0.15070E-01    0.25927E+01    0.14097E-01    0.20412E+01    0.14944E-01    0.25262E+01    0.10804E-01    0.17374E+01    0.97688E-02    0.15515E+01    0.10666E-01    0.17126E+01
4200  0    0.16535E-04    0.29343E-04    0.17699E-04    0.15128E-04    0.14069E+01    0.27987E-04    0.13554E+01    0.16297E-04    0.14022E+01    0.11130E-01    0.16774E+01    0.13436E-01    0.16464E+01    0.11359E-01    0.16746E+01    0.75743E-02    0.73746E+00    0.98187E-02    0.10295E+01    0.77783E-02    0.76402E+00    0.26696E-04    0.83961E-04    0.29878E-04    0.26696E-04    0.00000E+00    0.83961E-04    0.00000E+00    0.29878E-04    0.00000E+00    0.73070E-02    0.00000E+00    0.12959E-01    0.00000E+00    0.77302E-02    0.00000E+00    0.53160E-02    0.00000E+00    0.10401E-01    0.00000E+00    0.55985E-02    0.00000E+00    0.32466E-05    0.20331E-05    0.30848E-05    0.00000E+00    0.32466E+01    0.00000E+00    0.20331E+01    0.00000E+00    0.30848E+01    0.14698E-01    0.25482E+01    0.13669E-01    0.20165E+01    0.14565E-01    0.24839E+01    0.10527E-01    0.17018E+01    0.95275E-02    0.15443E+01    0.10394E-01    0.16808E+01
4300  0    0.15632E-04    0.28673E-04    0.16818E-04    0.14273E-04    0.13596E+01    0.27346E-04    0.13272E+01    0.15461E-04    0.13567E+01    0.10853E-01    0.16490E+01    0.13117E-01    0.16292E+01    0.11078E-01    0.16472E+01    0.73651E-02    0.72242E+00    0.95809E-02    0.10312E+01    0.75665E-02    0.75049E+00    0.25187E-04    0.82039E-04    0.28346E-04    0.25187E-04    0.00000E+00    0.82039E-04    0.00000E+00    0.28346E-04    0.00000E+00    0.70975E-02    0.00000E+00    0.12809E-01    0.00000E+00    0.75294E-02    0.00000E+00    0.51539E-02    0.00000E+00    0.10129E-01    0.00000E+00    0.54303E-02    0.00000E+00    0.31376E-05    0.19908E-05    0.29846E-05    0.00000E+00    0.31376E+01    0.00000E+00    0.19908E+01    0.00000E+00    0.29846E+01    0.14350E-01    0.25050E+01    0.13269E-01    0.19954E+01    0.14211E-01    0.24432E+01    0.10257E-01    0.16671E+01    0.93068E-02    0.15468E+01    0.10130E-01    0.16511E+01
4400  0    0.14807E-04    0.28054E-04    0.16011E-04    0.13493E-04    0.13142E+01    0.26750E-04    0.13037E+01    0.14698E-04    0.13133E+01    0.10592E-01    0.16213E+01    0.12819E-01    0.16147E+01    0.10814E-01    0.16207E+01    0.71668E-02    0.70870E+00    0.93513E-02    0.10324E+01    0.73654E-02    0.73813E+00    0.23810E-04    0.80250E-04    0.26946E-04    0.23810E-04    0.00000E+00    0.80250E-04    0.00000E+00    0.26946E-04    0.00000E+00    0.69008E-02    0.00000E+00    0.12669E-01    0.00000E+00    0.73411E-02    0.00000E+00    0.50010E-02    0.00000E+00    0.98692E-02    0.00000E+00    0.52715E-02    0.00000E+00    0.30328E-05    0.19555E-05    0.28892E-05    0.00000E+00    0.30328E+01    0.00000E+00    0.19555E+01    0.00000E+00    0.28892E+01    0.14023E-01    0.24629E+01    0.12894E-01    0.19776E+01    0.13878E-01    0.24038E+01    0.99989E-02    0.16355E+01    0.90923E-02    0.15487E+01    0.98780E-02    0.16239E+01
4500  0    0.14050E-04    0.27471E-04    0.15270E-04    0.12780E-04    0.12704E+01    0.26186E-04    0.12844E+01    0.13999E-04    0.12717E+01    0.10348E-01    0.15940E+01    0.12540E-01    0.16027E+01    0.10566E-01    0.15948E+01    0.69840E-02    0.69552E+00    0.91302E-02    0.10331E+01    0.71791E-02    0.72621E+00    0.22553E-04    0.78559E-04    0.25664E-04    0.22553E-04    0.00000E+00    0.78559E-04    0.00000E+00    0.25664E-04    0.00000E+00    0.67160E-02    0.00000E+00    0.12535E-01    0.00000E+00    0.71644E-02    0.00000E+00    0.48646E-02    0.00000E+00    0.96215E-02    0.00000E+00    0.51289E-02    0.00000E+00    0.29317E-05    0.19265E-05    0.27977E-05    0.00000E+00    0.29317E+01    0.00000E+00    0.19265E+01    0.00000E+00    0.27977E+01    0.13716E-01    0.24215E+01    0.12543E-01    0.19629E+01    0.13565E-01    0.23655E+01    0.97555E-02    0.16050E+01    0.88846E-02    0.15497E+01    0.96394E-02    0.15977E+01
4600  0    0.13355E-04    0.26912E-04    0.14588E-04    0.12128E-04    0.12279E+01    0.25644E-04    0.12685E+01    0.13356E-04    0.12316E+01    0.10118E-01    0.15671E+01    0.12278E-01    0.15928E+01    0.10333E-01    0.15695E+01    0.68169E-02    0.68387E+00    0.89246E-02    0.10332E+01    0.70085E-02    0.71562E+00    0.21402E-04    0.76932E-04    0.24487E-04    0.21402E-04    0.00000E+00    0.76932E-04    0.00000E+00    0.24487E-04    0.00000E+00    0.65424E-02    0.00000E+00    0.12404E-01    0.00000E+00    0.69981E-02    0.00000E+00    0.47359E-02    0.00000E+00    0.93853E-02    0.00000E+00    0.49942E-02    0.00000E+00    0.28337E-05    0.19028E-05    0.27096E-05    0.00000E+00    0.28337E+01    0.00000E+00    0.19028E+01    0.00000E+00    0.27096E+01    0.13426E-01    0.23806E+01    0.12214E-01    0.19508E+01    0.13271E-01    0.23279E+01    0.95382E-02    0.15782E+01    0.86942E-02    0.15498E+01    0.94256E-02    0.15744E+01
4700  0    0.12716E-04    0.26370E-04    0.13957E-04    0.11529E-04    0.11866E+01    0.25114E-04    0.12554E+01    0.12764E-04    0.11928E+01    0.99004E-02    0.15405E+01    0.12030E-01    0.15846E+01    0.10113E-01    0.15446E+01    0.66609E-02    0.67236E+00    0.87384E-02    0.10325E+01    0.68498E-02    0.70510E+00    0.20346E-04    0.75342E-04    0.23401E-04    0.20346E-04    0.00000E+00    0.75342E-04    0.00000E+00    0.23401E-04    0.00000E+00    0.63790E-02    0.00000E+00    0.12275E-01    0.00000E+00    0.68412E-02    0.00000E+00    0.46165E-02    0.00000E+00    0.91900E-02    0.00000E+00    0.48706E-02    0.00000E+00    0.27382E-05    0.18832E-05    0.26242E-05    0.00000E+00    0.27382E+01    0.00000E+00    0.18832E+01    0.00000E+00    0.26242E+01    0.13152E-01    0.23402E+01    0.11906E-01    0.19407E+01    0.12993E-01    0.22909E+01    0.93344E-02    0.15516E+01    0.85126E-02    0.15488E+01    0.92248E-02    0.15512E+01
4800  0    0.12125E-04    0.25834E-04    0.13371E-04    0.10979E-04    0.11462E+01    0.24590E-04    0.12445E+01    0.12216E-04    0.11551E+01    0.96950E-02    0.15141E+01    0.11796E-01    0.15776E+01    0.99044E-02    0.15200E+01    0.65101E-02    0.66094E+00    0.85660E-02    0.10311E+01    0.66970E-02    0.69459E+00    0.19374E-04    0.73769E-04    0.22396E-04    0.19374E-04    0.00000E+00    0.73769E-04    0.00000E+00    0.22396E-04    0.00000E+00    0.62248E-02    0.00000E+00    0.12147E-01    0.00000E+00    0.66927E-02    0.00000E+00    0.45023E-02    0.00000E+00    0.90229E-02    0.00000E+00    0.47534E-02    0.00000E+00    0.26451E-05    0.18667E-05    0.25413E-05    0.00000E+00    0.26451E+01    0.00000E+00    0.18667E+01    0.00000E+00    0.25413E+01    0.12893E-01    0.23000E+01    0.11617E-01    0.19322E+01    0.12730E-01    0.22545E+01    0.91357E-02    0.15252E+01    0.83376E-02    0.15467E+01    0.90293E-02    0.15281E+01
4900  0    0.11577E-04    0.25300E-04    0.12825E-04    0.10470E-04    0.11067E+01    0.24065E-04    0.12350E+01    0.11706E-04    0.11184E+01    0.95002E-02    0.14878E+01    0.11573E-01    0.15716E+01    0.97069E-02    0.14956E+01    0.63666E-02    0.65029E+00    0.83997E-02    0.10289E+01    0.65514E-02    0.68471E+00    0.18477E-04    0.72195E-04    0.21462E-04    0.18477E-04    0.00000E+00    0.72195E-04    0.00000E+00    0.21462E-04    0.00000E+00    0.60790E-02    0.00000E+00    0.12016E-01    0.00000E+00    0.65516E-02    0.00000E+00    0.43932E-02    0.00000E+00    0.88607E-02    0.00000E+00    0.46414E-02    0.00000E+00    0.25540E-05    0.18525E-05    0.24605E-05    0.00000E+00    0.25540E+01    0.00000E+00    0.18525E+01    0.00000E+00    0.24605E+01    0.12647E-01    0.22601E+01    0.11344E-01    0.19248E+01    0.12481E-01    0.22183E+01    0.89471E-02    0.15007E+01    0.81692E-02    0.15433E+01    0.88434E-02    0.15064E+01
5000  0    0.11067E-04    0.24763E-04    0.12312E-04    0.99988E-05    0.10682E+01    0.23537E-04    0.12263E+01    0.11230E-04    0.10825E+01    0.93149E-02    0.14616E+01    0.11359E-01    0.15661E+01    0.95189E-02    0.14714E+01    0.62329E-02    0.64047E+00    0.82390E-02    0.10257E+01    0.64153E-02    0.67549E+00    0.17645E-04    0.70610E-04    0.20587E-04    0.17645E-04    0.00000E+00    0.70610E-04    0.00000E+00    0.20587E-04    0.00000E+00    0.59405E-02    0.00000E+00    0.11884E-01    0.00000E+00    0.64168E-02    0.00000E+00    0.42904E-02    0.00000E+00    0.87029E-02    0.00000E+00    0.45355E-02    0.00000E+00    0.24650E-05    0.18394E-05    0.23816E-05    0.00000E+00    0.24650E+01    0.00000E+00    0.18394E+01    0.00000E+00    0.23816E+01    0.12413E-01    0.22203E+01    0.11088E-01    0.19180E+01    0.12245E-01    0.21825E+01    0.87731E-02    0.14780E+01    0.80070E-02    0.15386E+01    0.86709E-02    0.14861E+01
5100  0    0.10590E-04    0.24220E-04    0.11829E-04    0.95592E-05    0.10304E+01    0.23003E-04    0.12179E+01    0.10781E-04    0.10475E+01    0.91380E-02    0.14356E+01    0.11155E-01    0.15607E+01    0.93393E-02    0.14474E+01    0.61071E-02    0.63072E+00    0.80871E-02    0.10217E+01    0.62871E-02    0.66626E+00    0.16869E-04    0.69008E-04    0.19766E-04    0.16869E-04    0.00000E+00    0.69008E-04    0.00000E+00    0.19766E-04    0.00000E+00    0.58085E-02    0.00000E+00    0.11748E-01    0.00000E+00    0.62874E-02    0.00000E+00    0.41937E-02    0.00000E+00    0.85493E-02    0.00000E+00    0.44357E-02    0.00000E+00    0.23779E-05    0.18269E-05    0.23044E-05    0.00000E+00    0.23779E+01    0.00000E+00    0.18269E+01    0.00000E+00    0.23044E+01    0.12189E-01    0.21808E+01    0.10846E-01    0.19115E+01    0.12019E-01    0.21468E+01    0.86092E-02    0.14555E+01    0.78560E-02    0.15325E+01    0.85087E-02    0.14658E+01
5200  0    0.10141E-04    0.23671E-04    0.11371E-04    0.91472E-05    0.99354E+00    0.22462E-04    0.12094E+01    0.10358E-04    0.10132E+01    0.89685E-02    0.14096E+01    0.10958E-01    0.15552E+01    0.91673E-02    0.14235E+01    0.59863E-02    0.62096E+00    0.79406E-02    0.10167E+01    0.61640E-02    0.65694E+00    0.16142E-04    0.67385E-04    0.18989E-04    0.16142E-04    0.00000E+00    0.67385E-04    0.00000E+00    0.18989E-04    0.00000E+00    0.56819E-02    0.00000E+00    0.11609E-01    0.00000E+00    0.61626E-02    0.00000E+00    0.41018E-02    0.00000E+00    0.83993E-02    0.00000E+00    0.43405E-02    0.00000E+00    0.22928E-05    0.18140E-05    0.22289E-05    0.00000E+00    0.22928E+01    0.00000E+00    0.18140E+01    0.00000E+00    0.22289E+01    0.11975E-01    0.21414E+01    0.10618E-01    0.19048E+01    0.11803E-01    0.21114E+01    0.84508E-02    0.14330E+01    0.77113E-02    0.15251E+01    0.83522E-02    0.14453E+01
5300  0    0.97168E-05    0.23114E-04    0.10935E-04    0.87593E-05    0.95751E+00    0.21914E-04    0.12003E+01    0.99552E-05    0.97958E+00    0.88057E-02    0.13838E+01    0.10768E-01    0.15494E+01    0.90018E-02    0.13997E+01    0.58720E-02    0.61137E+00    0.77978E-02    0.10108E+01    0.60471E-02    0.64768E+00    0.15458E-04    0.65742E-04    0.18251E-04    0.15458E-04    0.00000E+00    0.65742E-04    0.00000E+00    0.18251E-04    0.00000E+00    0.55601E-02    0.00000E+00    0.11467E-01    0.00000E+00    0.60417E-02    0.00000E+00    0.40150E-02    0.00000E+00    0.82526E-02    0.00000E+00    0.42504E-02    0.00000E+00    0.22096E-05    0.18004E-05    0.21551E-05    0.00000E+00    0.22096E+01    0.00000E+00    0.18004E+01    0.00000E+00    0.21551E+01    0.11769E-01    0.21022E+01    0.10401E-01    0.18976E+01    0.11596E-01    0.20761E+01    0.83005E-02    0.14108E+01    0.75704E-02    0.15162E+01    0.82031E-02    0.14249E+01
5400  0    0.93144E-05    0.22551E-04    0.10518E-04    0.83921E-05    0.92235E+00    0.21361E-04    0.11903E+01    0.95711E-05    0.94671E+00    0.86487E-02    0.13582E+01    0.10584E-01    0.15429E+01    0.88422E-02    0.13760E+01    0.57634E-02    0.60177E+00    0.76581E-02    0.10039E+01    0.59357E-02    0.63833E+00    0.14810E-04    0.64083E-04    0.17547E-04    0.14810E-04    0.00000E+00    0.64083E-04    0.00000E+00    0.17547E-04    0.00000E+00    0.54423E-02    0.00000E+00    0.11321E-01    0.00000E+00    0.59240E-02    0.00000E+00    0.39321E-02    0.00000E+00    0.81087E-02    0.00000E+00    0.41641E-02    0.00000E+00    0.21285E-05    0.17855E-05    0.20828E-05    0.00000E+00    0.21285E+01    0.00000E+00    0.17855E+01    0.00000E+00    0.20828E+01    0.11571E-01    0.20632E+01    0.10196E-01    0.18897E+01    0.11397E-01    0.20410E+01    0.81582E-02    0.13887E+01    0.74328E-02    0.15059E+01    0.80615E-02    0.14043E+01
5500  0    0.89310E-05    0.21984E-04    0.10118E-04    0.80430E-05    0.88807E+00    0.20804E-04    0.11793E+01    0.92031E-05    0.91454E+00    0.84969E-02    0.13327E+01    0.10406E-01    0.15358E+01    0.86878E-02    0.13524E+01    0.56586E-02    0.59201E+00    0.75213E-02    0.99613E+00    0.58279E-02    0.62875E+00    0.14193E-04    0.62413E-04    0.16872E-04    0.14193E-04    0.00000E+00    0.62413E-04    0.00000E+00    0.16872E-04    0.00000E+00    0.53279E-02    0.00000E+00    0.11173E-01    0.00000E+00    0.58090E-02    0.00000E+00    0.38525E-02    0.00000E+00    0.79674E-02    0.00000E+00    0.40811E-02    0.00000E+00    0.20494E-05    0.17689E-05    0.20120E-05    0.00000E+00    0.20494E+01    0.00000E+00    0.17689E+01    0.00000E+00    0.20120E+01    0.11379E-01    0.20245E+01    0.10001E-01    0.18809E+01    0.11205E-01    0.20060E+01    0.80204E-02    0.13662E+01    0.72983E-02    0.14942E+01    0.79241E-02    0.13833E+01
5600  0    0.85645E-05    0.21412E-04    0.97325E-05    0.77098E-05    0.85468E+00    0.20245E-04    0.11670E+01    0.88494E-05    0.88307E+00    0.83498E-02    0.13074E+01    0.10233E-01    0.15277E+01    0.85381E-02    0.13290E+01    0.55558E-02    0.58246E+00    0.73871E-02    0.98745E+00    0.57223E-02    0.61928E+00    0.13606E-04    0.60736E-04    0.16224E-04    0.13606E-04    0.00000E+00    0.60736E-04    0.00000E+00    0.16224E-04    0.00000E+00    0.52164E-02    0.00000E+00    0.11021E-01    0.00000E+00    0.56963E-02    0.00000E+00    0.37730E-02    0.00000E+00    0.78282E-02    0.00000E+00    0.39983E-02    0.00000E+00    0.19723E-05    0.17505E-05    0.19428E-05    0.00000E+00    0.19723E+01    0.00000E+00    0.17505E+01    0.00000E+00    0.19428E+01    0.11194E-01    0.19861E+01    0.98146E-02    0.18711E+01    0.11020E-01    0.19712E+01    0.78872E-02    0.13441E+01    0.71665E-02    0.14812E+01    0.77911E-02    0.13624E+01
5700  0    0.82131E-05    0.20840E-04    0.93610E-05    0.73909E-05    0.82217E+00    0.19686E-04    0.11533E+01    0.85087E-05    0.85228E+00    0.82069E-02    0.12823E+01    0.10064E-01    0.15188E+01    0.83927E-02    0.13056E+01    0.54550E-02    0.57304E+00    0.72551E-02    0.97790E+00    0.56186E-02    0.60985E+00    0.13043E-04    0.59059E-04    0.15599E-04    0.13043E-04    0.00000E+00    0.59059E-04    0.00000E+00    0.15599E-04    0.00000E+00    0.51074E-02    0.00000E+00    0.10868E-01    0.00000E+00    0.55856E-02    0.00000E+00    0.36936E-02    0.00000E+00    0.76907E-02    0.00000E+00    0.39157E-02    0.00000E+00    0.18973E-05    0.17300E-05    0.18750E-05    0.00000E+00    0.18973E+01    0.00000E+00    0.17300E+01    0.00000E+00    0.18750E+01    0.11014E-01    0.19480E+01    0.96369E-02    0.18601E+01    0.10841E-01    0.19365E+01    0.77582E-02    0.13224E+01    0.70373E-02    0.14669E+01    0.76621E-02    0.13417E+01
5800  0    0.78755E-05    0.20267E-04    0.90020E-05    0.70849E-05    0.79055E+00    0.19129E-04    0.11382E+01    0.81798E-05    0.82215E+00    0.80679E-02    0.12574E+01    0.98997E-02    0.15088E+01    0.82513E-02    0.12823E+01    0.53577E-02    0.56343E+00    0.71251E-02    0.96753E+00    0.55184E-02    0.60017E+00    0.12503E-04    0.57386E-04    0.14996E-04    0.12503E-04    0.00000E+00    0.57386E-04    0.00000E+00    0.14996E-04    0.00000E+00    0.50006E-02    0.00000E+00    0.10713E-01    0.00000E+00    0.54766E-02    0.00000E+00    0.36154E-02    0.00000E+00    0.75548E-02    0.00000E+00    0.38343E-02    0.00000E+00    0.18243E-05    0.17073E-05    0.18087E-05    0.00000E+00    0.18243E+01    0.00000E+00    0.17073E+01    0.00000E+00    0.18087E+01    0.10840E-01    0.19102E+01    0.94668E-02    0.18479E+01    0.10667E-01    0.19020E+01    0.76361E-02    0.13002E+01    0.69102E-02    0.14513E+01    0.75393E-02    0.13204E+01
5900  0    0.75506E-05    0.19696E-04    0.86547E-05    0.67908E-05    0.75979E+00    0.18574E-04    0.11216E+01    0.78620E-05    0.79268E+00    0.79326E-02    0.12327E+01    0.97391E-02    0.14977E+01    0.81135E-02    0.12591E+01    0.52629E-02    0.55363E+00    0.69969E-02    0.95638E+00    0.54205E-02    0.59024E+00    0.11984E-04    0.55723E-04    0.14414E-04    0.11984E-04    0.00000E+00    0.55723E-04    0.00000E+00    0.14414E-04    0.00000E+00    0.48957E-02    0.00000E+00    0.10557E-01    0.00000E+00    0.53691E-02    0.00000E+00    0.35374E-02    0.00000E+00    0.74200E-02    0.00000E+00    0.37531E-02    0.00000E+00    0.17534E-05    0.16824E-05    0.17439E-05    0.00000E+00    0.17534E+01    0.00000E+00    0.16824E+01    0.00000E+00    0.17439E+01    0.10671E-01    0.18726E+01    0.93034E-02    0.18343E+01    0.10499E-01    0.18676E+01    0.75193E-02    0.12776E+01    0.67853E-02    0.14346E+01    0.74214E-02    0.12985E+01
6000  0    0.72376E-05    0.19128E-04    0.83186E-05    0.65078E-05    0.72987E+00    0.18025E-04    0.11035E+01    0.75548E-05    0.76384E+00    0.78007E-02    0.12082E+01    0.95819E-02    0.14856E+01    0.79791E-02    0.12360E+01    0.51709E-02    0.54366E+00    0.68703E-02    0.94450E+00    0.53254E-02    0.58010E+00    0.11484E-04    0.54074E-04    0.13850E-04    0.11484E-04    0.00000E+00    0.54074E-04    0.00000E+00    0.13850E-04    0.00000E+00    0.47926E-02    0.00000E+00    0.10399E-01    0.00000E+00    0.52632E-02    0.00000E+00    0.34610E-02    0.00000E+00    0.72862E-02    0.00000E+00    0.36735E-02    0.00000E+00    0.16843E-05    0.16553E-05    0.16804E-05    0.00000E+00    0.16843E+01    0.00000E+00    0.16553E+01    0.00000E+00    0.16804E+01    0.10507E-01    0.18354E+01    0.91459E-02    0.18195E+01    0.10336E-01    0.18333E+01    0.74069E-02    0.12546E+01    0.66623E-02    0.14167E+01    0.73076E-02    0.12762E+01
6100  0    0.69361E-05    0.18564E-04    0.79932E-05    0.62353E-05    0.70078E+00    0.17480E-04    0.10840E+01    0.72576E-05    0.73562E+00    0.76719E-02    0.11839E+01    0.94278E-02    0.14724E+01    0.78478E-02    0.12129E+01    0.50801E-02    0.53392E+00    0.67451E-02    0.93192E+00    0.52315E-02    0.57010E+00    0.11003E-04    0.52441E-04    0.13306E-04    0.11003E-04    0.00000E+00    0.52441E-04    0.00000E+00    0.13306E-04    0.00000E+00    0.46911E-02    0.00000E+00    0.10241E-01    0.00000E+00    0.51586E-02    0.00000E+00    0.33859E-02    0.00000E+00    0.71532E-02    0.00000E+00    0.35952E-02    0.00000E+00    0.16172E-05    0.16259E-05    0.16184E-05    0.00000E+00    0.16172E+01    0.00000E+00    0.16259E+01    0.00000E+00    0.16184E+01    0.10346E-01    0.17984E+01    0.89935E-02    0.18033E+01    0.10176E-01    0.17991E+01    0.72957E-02    0.12321E+01    0.65410E-02    0.13979E+01    0.71951E-02    0.12542E+01
6200  0    0.66454E-05    0.18006E-04    0.76781E-05    0.59729E-05    0.67249E+00    0.16943E-04    0.10630E+01    0.69701E-05    0.70799E+00    0.75461E-02    0.11597E+01    0.92762E-02    0.14581E+01    0.77194E-02    0.11899E+01    0.49900E-02    0.52430E+00    0.66212E-02    0.91871E+00    0.51383E-02    0.56015E+00    0.10540E-04    0.50828E-04    0.12779E-04    0.10540E-04    0.00000E+00    0.50828E-04    0.00000E+00    0.12779E-04    0.00000E+00    0.45914E-02    0.00000E+00    0.10082E-01    0.00000E+00    0.50554E-02    0.00000E+00    0.33108E-02    0.00000E+00    0.70207E-02    0.00000E+00    0.35169E-02    0.00000E+00    0.15519E-05    0.15945E-05    0.15576E-05    0.00000E+00    0.15519E+01    0.00000E+00    0.15945E+01    0.00000E+00    0.15576E+01    0.10190E-01    0.17618E+01    0.88456E-02    0.17858E+01    0.10021E-01    0.17650E+01    0.71859E-02    0.12099E+01    0.64215E-02    0.13781E+01    0.70840E-02    0.12323E+01
6300  0    0.63652E-05    0.17452E-04    0.73731E-05    0.57202E-05    0.64497E+00    0.16411E-04    0.10407E+01    0.66921E-05    0.68095E+00    0.74231E-02    0.11358E+01    0.91269E-02    0.14427E+01    0.75938E-02    0.11670E+01    0.49024E-02    0.51482E+00    0.64985E-02    0.90489E+00    0.50475E-02    0.55028E+00    0.10094E-04    0.49234E-04    0.12269E-04    0.10094E-04    0.00000E+00    0.49234E-04    0.00000E+00    0.12269E-04    0.00000E+00    0.44932E-02    0.00000E+00    0.99231E-02    0.00000E+00    0.49536E-02    0.00000E+00    0.32383E-02    0.00000E+00    0.68886E-02    0.00000E+00    0.34411E-02    0.00000E+00    0.14884E-05    0.15610E-05    0.14981E-05    0.00000E+00    0.14884E+01    0.00000E+00    0.15610E+01    0.00000E+00    0.14981E+01    0.10038E-01    0.17253E+01    0.87014E-02    0.17669E+01    0.98702E-02    0.17309E+01    0.70784E-02    0.11881E+01    0.63035E-02    0.13573E+01    0.69751E-02    0.12106E+01
6400  0    0.60952E-05    0.16904E-04    0.70778E-05    0.54770E-05    0.61820E+00    0.15887E-04    0.10171E+01    0.64234E-05    0.65447E+00    0.73027E-02    0.11119E+01    0.89793E-02    0.14263E+01    0.74707E-02    0.11441E+01    0.48152E-02    0.50522E+00    0.63769E-02    0.89053E+00    0.49571E-02    0.54025E+00    0.96653E-05    0.47662E-04    0.11776E-04    0.96653E-05    0.00000E+00    0.47662E-04    0.00000E+00    0.11776E-04    0.00000E+00    0.43966E-02    0.00000E+00    0.97634E-02    0.00000E+00    0.48531E-02    0.00000E+00    0.31662E-02    0.00000E+00    0.67568E-02    0.00000E+00    0.33657E-02    0.00000E+00    0.14266E-05    0.15257E-05    0.14398E-05    0.00000E+00    0.14266E+01    0.00000E+00    0.15257E+01    0.00000E+00    0.14398E+01    0.98889E-02    0.16892E+01    0.85604E-02    0.17468E+01    0.97223E-02    0.16970E+01    0.69715E-02    0.11659E+01    0.61870E-02    0.13358E+01    0.68669E-02    0.11885E+01
6500  0    0.58351E-05    0.16363E-04    0.67921E-05    0.52429E-05    0.59217E+00    0.15370E-04    0.99241E+00    0.61636E-05    0.62855E+00    0.71847E-02    0.10883E+01    0.88332E-02    0.14088E+01    0.73499E-02    0.11212E+01    0.47303E-02    0.49550E+00    0.62563E-02    0.87614E+00    0.48690E-02    0.53011E+00    0.92522E-05    0.46110E-04    0.11300E-04    0.92522E-05    0.00000E+00    0.46110E-04    0.00000E+00    0.11300E-04    0.00000E+00    0.43017E-02    0.00000E+00    0.96032E-02    0.00000E+00    0.47539E-02    0.00000E+00    0.30958E-02    0.00000E+00    0.66252E-02    0.00000E+00    0.32918E-02    0.00000E+00    0.13665E-05    0.14886E-05    0.13828E-05    0.00000E+00    0.13665E+01    0.00000E+00    0.14886E+01    0.00000E+00    0.13828E+01    0.97430E-02    0.16532E+01    0.84218E-02    0.17255E+01    0.95774E-02    0.16630E+01    0.68678E-02    0.11435E+01    0.60719E-02    0.13142E+01    0.67617E-02    0.11662E+01
6600  0    0.55845E-05    0.15826E-04    0.65156E-05    0.50177E-05    0.56685E+00    0.14860E-04    0.96664E+00    0.59124E-05    0.60319E+00    0.70689E-02    0.10648E+01    0.86880E-02    0.13904E+01    0.72311E-02    0.10984E+01    0.46477E-02    0.48571E+00    0.61367E-02    0.86199E+00    0.47830E-02    0.51992E+00    0.88547E-05    0.44579E-04    0.10839E-04    0.88547E-05    0.00000E+00    0.44579E-04    0.00000E+00    0.10839E-04    0.00000E+00    0.42083E-02    0.00000E+00    0.94424E-02    0.00000E+00    0.46561E-02    0.00000E+00    0.30278E-02    0.00000E+00    0.64936E-02    0.00000E+00    0.32204E-02    0.00000E+00    0.13081E-05    0.14500E-05    0.13270E-05    0.00000E+00    0.13081E+01    0.00000E+00    0.14500E+01    0.00000E+00    0.13270E+01    0.95998E-02    0.16175E+01    0.82852E-02    0.17029E+01    0.94351E-02    0.16291E+01    0.67659E-02    0.11209E+01    0.59582E-02    0.12930E+01    0.66582E-02    0.11438E+01
6700  0    0.53433E-05    0.15296E-04    0.62480E-05    0.48010E-05    0.54223E+00    0.14356E-04    0.93996E+00    0.56696E-05    0.57839E+00    0.69550E-02    0.10414E+01    0.85437E-02    0.13711E+01    0.71141E-02    0.10755E+01    0.45660E-02    0.47597E+00    0.60178E-02    0.84729E+00    0.46980E-02    0.50973E+00    0.84724E-05    0.43067E-04    0.10394E-04    0.84724E-05    0.00000E+00    0.43067E-04    0.00000E+00    0.10394E-04    0.00000E+00    0.41164E-02    0.00000E+00    0.92808E-02    0.00000E+00    0.45595E-02    0.00000E+00    0.29602E-02    0.00000E+00    0.63621E-02    0.00000E+00    0.31492E-02    0.00000E+00    0.12513E-05    0.14099E-05    0.12725E-05    0.00000E+00    0.12513E+01    0.00000E+00    0.14099E+01    0.00000E+00    0.12725E+01    0.94588E-02    0.15820E+01    0.81501E-02    0.16793E+01    0.92950E-02    0.15953E+01    0.66659E-02    0.10984E+01    0.58457E-02    0.12709E+01    0.65566E-02    0.11214E+01
6800  0    0.51110E-05    0.14770E-04    0.59890E-05    0.45927E-05    0.51831E+00    0.13857E-04    0.91250E+00    0.54349E-05    0.55414E+00    0.68428E-02    0.10181E+01    0.83997E-02    0.13509E+01    0.69987E-02    0.10528E+01    0.44887E-02    0.46614E+00    0.58997E-02    0.83209E+00    0.46170E-02    0.49941E+00    0.81047E-05    0.41572E-04    0.99640E-05    0.81047E-05    0.00000E+00    0.41572E-04    0.00000E+00    0.99640E-05    0.00000E+00    0.40261E-02    0.00000E+00    0.91183E-02    0.00000E+00    0.44641E-02    0.00000E+00    0.28956E-02    0.00000E+00    0.62306E-02    0.00000E+00    0.30808E-02    0.00000E+00    0.11961E-05    0.13687E-05    0.12191E-05    0.00000E+00    0.11961E+01    0.00000E+00    0.13687E+01    0.00000E+00    0.12191E+01    0.93198E-02    0.15467E+01    0.80162E-02    0.16545E+01    0.91567E-02    0.15615E+01    0.65721E-02    0.10757E+01    0.57343E-02    0.12481E+01    0.64604E-02    0.10987E+01
6900  0    0.48873E-05    0.14249E-04    0.57384E-05    0.43922E-05    0.49507E+00    0.13365E-04    0.88439E+00    0.52079E-05    0.53046E+00    0.67320E-02    0.99506E+00    0.82558E-02    0.13300E+01    0.68845E-02    0.10300E+01    0.44152E-02    0.45623E+00    0.57824E-02    0.81645E+00    0.45395E-02    0.48898E+00    0.77510E-05    0.40094E-04    0.95478E-05    0.77510E-05    0.00000E+00    0.40094E-04    0.00000E+00    0.95478E-05    0.00000E+00    0.39373E-02    0.00000E+00    0.89548E-02    0.00000E+00    0.43699E-02    0.00000E+00    0.28315E-02    0.00000E+00    0.60990E-02    0.00000E+00    0.30131E-02    0.00000E+00    0.11425E-05    0.13266E-05    0.11670E-05    0.00000E+00    0.11425E+01    0.00000E+00    0.13266E+01    0.00000E+00    0.11670E+01    0.91823E-02    0.15116E+01    0.78831E-02    0.16289E+01    0.90199E-02    0.15278E+01    0.64862E-02    0.10528E+01    0.56241E-02    0.12247E+01    0.63713E-02    0.10758E+01
7000  0    0.46719E-05    0.13733E-04    0.54956E-05    0.41994E-05    0.47252E+00    0.12877E-04    0.85578E+00    0.49883E-05    0.50736E+00    0.66225E-02    0.97213E+00    0.81119E-02    0.13083E+01    0.67715E-02    0.10073E+01    0.43427E-02    0.44627E+00    0.56656E-02    0.80308E+00    0.44629E-02    0.47870E+00    0.74107E-05    0.38630E-04    0.91451E-05    0.74107E-05    0.00000E+00    0.38630E-04    0.00000E+00    0.91451E-05    0.00000E+00    0.38499E-02    0.00000E+00    0.87898E-02    0.00000E+00    0.42767E-02    0.00000E+00    0.27691E-02    0.00000E+00    0.59673E-02    0.00000E+00    0.29468E-02    0.00000E+00    0.10904E-05    0.12837E-05    0.11162E-05    0.00000E+00    0.10904E+01    0.00000E+00    0.12837E+01    0.00000E+00    0.11162E+01    0.90459E-02    0.14768E+01    0.77507E-02    0.16023E+01    0.88841E-02    0.14941E+01    0.64004E-02    0.10298E+01    0.55148E-02    0.12046E+01    0.62823E-02    0.10531E+01
7100  0    0.44645E-05    0.13220E-04    0.52605E-05    0.40139E-05    0.45064E+00    0.12394E-04    0.82681E+00    0.47757E-05    0.48484E+00    0.65140E-02    0.94936E+00    0.79676E-02    0.12859E+01    0.66592E-02    0.98472E+00    0.42723E-02    0.43625E+00    0.55495E-02    0.79010E+00    0.43884E-02    0.46842E+00    0.70833E-05    0.37181E-04    0.87554E-05    0.70833E-05    0.00000E+00    0.37181E-04    0.00000E+00    0.87554E-05    0.00000E+00    0.37638E-02    0.00000E+00    0.86233E-02    0.00000E+00    0.41846E-02    0.00000E+00    0.27089E-02    0.00000E+00    0.58357E-02    0.00000E+00    0.28826E-02    0.00000E+00    0.10399E-05    0.12402E-05    0.10666E-05    0.00000E+00    0.10399E+01    0.00000E+00    0.12402E+01    0.00000E+00    0.10666E+01    0.89103E-02    0.14422E+01    0.76186E-02    0.15749E+01    0.87491E-02    0.14606E+01    0.63168E-02    0.10067E+01    0.54064E-02    0.11852E+01    0.61954E-02    0.10305E+01
7200  0    0.42647E-05    0.12712E-04    0.50327E-05    0.38352E-05    0.42944E+00    0.11915E-04    0.79762E+00    0.45697E-05    0.46291E+00    0.64062E-02    0.92676E+00    0.78229E-02    0.12630E+01    0.65477E-02    0.96220E+00    0.42016E-02    0.42620E+00    0.54338E-02    0.77674E+00    0.43136E-02    0.45807E+00    0.67681E-05    0.35744E-04    0.83779E-05    0.67681E-05    0.00000E+00    0.35744E-04    0.00000E+00    0.83779E-05    0.00000E+00    0.36792E-02    0.00000E+00    0.84551E-02    0.00000E+00    0.40934E-02    0.00000E+00    0.26491E-02    0.00000E+00    0.57039E-02    0.00000E+00    0.28188E-02    0.00000E+00    0.99102E-06    0.11964E-05    0.10184E-05    0.00000E+00    0.99102E+00    0.00000E+00    0.11964E+01    0.00000E+00    0.10184E+01    0.87753E-02    0.14078E+01    0.74869E-02    0.15469E+01    0.86146E-02    0.14272E+01    0.62318E-02    0.98355E+00    0.52987E-02    0.11651E+01    0.61074E-02    0.10078E+01
7300  0    0.40721E-05    0.12208E-04    0.48118E-05    0.36632E-05    0.40892E+00    0.11440E-04    0.76833E+00    0.43702E-05    0.44159E+00    0.62990E-02    0.90434E+00    0.76777E-02    0.12396E+01    0.64366E-02    0.93978E+00    0.41306E-02    0.41612E+00    0.53197E-02    0.76301E+00    0.42387E-02    0.44766E+00    0.64645E-05    0.34320E-04    0.80120E-05    0.64645E-05    0.00000E+00    0.34320E-04    0.00000E+00    0.80120E-05    0.00000E+00    0.35957E-02    0.00000E+00    0.82849E-02    0.00000E+00    0.40030E-02    0.00000E+00    0.25893E-02    0.00000E+00    0.55722E-02    0.00000E+00    0.27550E-02    0.00000E+00    0.94365E-06    0.11525E-05    0.97150E-06    0.00000E+00    0.94365E+00    0.00000E+00    0.11525E+01    0.00000E+00    0.97150E+00    0.86404E-02    0.13738E+01    0.73553E-02    0.15182E+01    0.84803E-02    0.13939E+01    0.61461E-02    0.96029E+00    0.51935E-02    0.11445E+01    0.60191E-02    0.98485E+00
7400  0    0.38866E-05    0.11708E-04    0.45976E-05    0.34975E-05    0.38906E+00    0.10969E-04    0.73906E+00    0.41767E-05    0.42088E+00    0.61923E-02    0.88212E+00    0.75318E-02    0.12158E+01    0.63258E-02    0.91748E+00    0.40595E-02    0.40602E+00    0.52145E-02    0.74896E+00    0.41645E-02    0.43720E+00    0.61721E-05    0.32907E-04    0.76574E-05    0.61721E-05    0.00000E+00    0.32907E-04    0.00000E+00    0.76574E-05    0.00000E+00    0.35134E-02    0.00000E+00    0.81126E-02    0.00000E+00    0.39134E-02    0.00000E+00    0.25303E-02    0.00000E+00    0.54405E-02    0.00000E+00    0.26919E-02    0.00000E+00    0.89784E-06    0.11086E-05    0.92594E-06    0.00000E+00    0.89784E+00    0.00000E+00    0.11086E+01    0.00000E+00    0.92594E+00    0.85056E-02    0.13400E+01    0.72239E-02    0.14890E+01    0.83461E-02    0.13608E+01    0.60592E-02    0.93697E+00    0.51015E-02    0.11234E+01    0.59315E-02    0.96184E+00
7500  0    0.37077E-05    0.11212E-04    0.43899E-05    0.33378E-05    0.36988E+00    0.10502E-04    0.70993E+00    0.39891E-05    0.40080E+00    0.60858E-02    0.86010E+00    0.73853E-02    0.11916E+01    0.62152E-02    0.89532E+00    0.39896E-02    0.39590E+00    0.51093E-02    0.73461E+00    0.40914E-02    0.42669E+00    0.58902E-05    0.31507E-04    0.73134E-05    0.58902E-05    0.00000E+00    0.31507E-04    0.00000E+00    0.73134E-05    0.00000E+00    0.34323E-02    0.00000E+00    0.79381E-02    0.00000E+00    0.38245E-02    0.00000E+00    0.24730E-02    0.00000E+00    0.53090E-02    0.00000E+00    0.26305E-02    0.00000E+00    0.85358E-06    0.10649E-05    0.88175E-06    0.00000E+00    0.85358E+00    0.00000E+00    0.10649E+01    0.00000E+00    0.88175E+00    0.83705E-02    0.13066E+01    0.70927E-02    0.14594E+01    0.82116E-02    0.13280E+01    0.59729E-02    0.91362E+00    0.50094E-02    0.11019E+01    0.58445E-02    0.93872E+00
7600  0    0.35352E-05    0.10721E-04    0.41884E-05    0.31838E-05    0.35137E+00    0.10040E-04    0.68105E+00    0.38071E-05    0.38134E+00    0.59795E-02    0.83830E+00    0.72380E-02    0.11671E+01    0.61047E-02    0.87332E+00    0.39208E-02    0.38577E+00    0.50041E-02    0.71999E+00    0.40193E-02    0.41615E+00    0.56185E-05    0.30120E-04    0.69797E-05    0.56185E-05    0.00000E+00    0.30120E-04    0.00000E+00    0.69797E-05    0.00000E+00    0.33522E-02    0.00000E+00    0.77614E-02    0.00000E+00    0.37362E-02    0.00000E+00    0.24166E-02    0.00000E+00    0.51775E-02    0.00000E+00    0.25700E-02    0.00000E+00    0.81085E-06    0.10216E-05    0.83895E-06    0.00000E+00    0.81085E+00    0.00000E+00    0.10216E+01    0.00000E+00    0.83895E+00    0.82351E-02    0.12735E+01    0.69616E-02    0.14294E+01    0.80769E-02    0.12953E+01    0.58879E-02    0.89024E+00    0.49174E-02    0.10800E+01    0.57585E-02    0.91554E+00
7700  0    0.33688E-05    0.10235E-04    0.39930E-05    0.30353E-05    0.33352E+00    0.95822E-05    0.65251E+00    0.36305E-05    0.36252E+00    0.58734E-02    0.81673E+00    0.70902E-02    0.11424E+01    0.59942E-02    0.85149E+00    0.38533E-02    0.37564E+00    0.48990E-02    0.70513E+00    0.39483E-02    0.40559E+00    0.53564E-05    0.28747E-04    0.66559E-05    0.53564E-05    0.00000E+00    0.28747E-04    0.00000E+00    0.66559E-05    0.00000E+00    0.32730E-02    0.00000E+00    0.75824E-02    0.00000E+00    0.36485E-02    0.00000E+00    0.23626E-02    0.00000E+00    0.50464E-02    0.00000E+00    0.25117E-02    0.00000E+00    0.76967E-06    0.97876E-06    0.79754E-06    0.00000E+00    0.76967E+00    0.00000E+00    0.97876E+00    0.00000E+00    0.79754E+00    0.80993E-02    0.12407E+01    0.68307E-02    0.13991E+01    0.79418E-02    0.12630E+01    0.58026E-02    0.86685E+00    0.48253E-02    0.10577E+01    0.56723E-02    0.89230E+00
7800  0    0.32084E-05    0.97542E-05    0.38035E-05    0.28921E-05    0.31633E+00    0.91298E-05    0.62439E+00    0.34591E-05    0.34434E+00    0.57672E-02    0.79540E+00    0.69417E-02    0.11175E+01    0.58837E-02    0.82987E+00    0.37871E-02    0.36555E+00    0.48028E-02    0.69006E+00    0.38794E-02    0.39505E+00    0.51037E-05    0.27389E-04    0.63418E-05    0.51037E-05    0.00000E+00    0.27389E-04    0.00000E+00    0.63418E-05    0.00000E+00    0.31949E-02    0.00000E+00    0.74013E-02    0.00000E+00    0.35614E-02    0.00000E+00    0.23100E-02    0.00000E+00    0.49155E-02    0.00000E+00    0.24548E-02    0.00000E+00    0.73000E-06    0.93658E-06    0.75755E-06    0.00000E+00    0.73000E+00    0.00000E+00    0.93658E+00    0.00000E+00    0.75755E+00    0.79629E-02    0.12083E+01    0.67002E-02    0.13686E+01    0.78064E-02    0.12309E+01    0.57186E-02    0.84358E+00    0.47464E-02    0.10351E+01    0.55890E-02    0.86911E+00
7900  0    0.30548E-05    0.92789E-05    0.36206E-05    0.27549E-05    0.29990E+00    0.86820E-05    0.59686E+00    0.32937E-05    0.32689E+00    0.56641E-02    0.77446E+00    0.67878E-02    0.10926E+01    0.57753E-02    0.80857E+00    0.37220E-02    0.35564E+00    0.47048E-02    0.67492E+00    0.38114E-02    0.38467E+00    0.48615E-05    0.26046E-04    0.60384E-05    0.48615E-05    0.00000E+00    0.26046E-04    0.00000E+00    0.60384E-05    0.00000E+00    0.31182E-02    0.00000E+00    0.72175E-02    0.00000E+00    0.34752E-02    0.00000E+00    0.22589E-02    0.00000E+00    0.47873E-02    0.00000E+00    0.23993E-02    0.00000E+00    0.69207E-06    0.89529E-06    0.71916E-06    0.00000E+00    0.69207E+00    0.00000E+00    0.89529E+00    0.00000E+00    0.71916E+00    0.78308E-02    0.11765E+01    0.65624E-02    0.13381E+01    0.76738E-02    0.11993E+01    0.56354E-02    0.82072E+00    0.46635E-02    0.10124E+01    0.55058E-02    0.84627E+00
8000  0    0.29083E-05    0.88273E-05    0.34464E-05    0.26238E-05    0.28451E+00    0.82568E-05    0.57053E+00    0.31358E-05    0.31051E+00    0.55603E-02    0.75433E+00    0.66467E-02    0.10682E+01    0.56677E-02    0.78805E+00    0.36569E-02    0.34610E+00    0.46150E-02    0.66005E+00    0.37440E-02    0.37464E+00    0.46302E-05    0.24770E-04    0.57491E-05    0.46302E-05    0.00000E+00    0.24770E-04    0.00000E+00    0.57491E-05    0.00000E+00    0.30431E-02    0.00000E+00    0.70385E-02    0.00000E+00    0.33909E-02    0.00000E+00    0.22075E-02    0.00000E+00    0.46595E-02    0.00000E+00    0.23437E-02    0.00000E+00    0.65655E-06    0.85579E-06    0.68312E-06    0.00000E+00    0.65655E+00    0.00000E+00    0.85579E+00    0.00000E+00    0.68312E+00    0.76965E-02    0.11459E+01    0.64418E-02    0.13083E+01    0.75413E-02    0.11689E+01    0.55524E-02    0.79870E+00    0.45928E-02    0.99007E+00    0.54245E-02    0.82422E+00
8100  0    0.27671E-05    0.83766E-05    0.32770E-05    0.24973E-05    0.26977E+00    0.78317E-05    0.54489E+00    0.29823E-05    0.29478E+00    0.54580E-02    0.73453E+00    0.65016E-02    0.10439E+01    0.55610E-02    0.76782E+00    0.35920E-02    0.33661E+00    0.45219E-02    0.64507E+00    0.36765E-02    0.36466E+00    0.44070E-05    0.23495E-04    0.54675E-05    0.44070E-05    0.00000E+00    0.23495E-04    0.00000E+00    0.54675E-05    0.00000E+00    0.29688E-02    0.00000E+00    0.68549E-02    0.00000E+00    0.33068E-02    0.00000E+00    0.21563E-02    0.00000E+00    0.45321E-02    0.00000E+00    0.22883E-02    0.00000E+00    0.62254E-06    0.81733E-06    0.64851E-06    0.00000E+00    0.62254E+00    0.00000E+00    0.81733E+00    0.00000E+00    0.64851E+00    0.75643E-02    0.11158E+01    0.63175E-02    0.12785E+01    0.74102E-02    0.11389E+01    0.54694E-02    0.77680E+00    0.45169E-02    0.96761E+00    0.53424E-02    0.80224E+00
8200  0    0.26309E-05    0.79337E-05    0.31130E-05    0.23753E-05    0.25562E+00    0.74139E-05    0.51987E+00    0.28334E-05    0.27964E+00    0.53555E-02    0.71501E+00    0.63564E-02    0.10197E+01    0.54541E-02    0.74785E+00    0.35264E-02    0.32714E+00    0.44285E-02    0.62998E+00    0.36084E-02    0.35468E+00    0.41918E-05    0.22242E-04    0.51945E-05    0.41918E-05    0.00000E+00    0.22242E-04    0.00000E+00    0.51945E-05    0.00000E+00    0.28954E-02    0.00000E+00    0.66696E-02    0.00000E+00    0.32232E-02    0.00000E+00    0.21054E-02    0.00000E+00    0.44052E-02    0.00000E+00    0.22332E-02    0.00000E+00    0.58989E-06    0.77981E-06    0.61521E-06    0.00000E+00    0.58989E+00    0.00000E+00    0.77981E+00    0.00000E+00    0.61521E+00    0.74314E-02    0.10862E+01    0.61940E-02    0.12488E+01    0.72786E-02    0.11092E+01    0.53846E-02    0.75495E+00    0.44401E-02    0.94498E+00    0.52587E-02    0.78029E+00
8300  0    0.24999E-05    0.75051E-05    0.29549E-05    0.22578E-05    0.24205E+00    0.70096E-05    0.49552E+00    0.26898E-05    0.26510E+00    0.52514E-02    0.69578E+00    0.62162E-02    0.99551E+00    0.53463E-02    0.72814E+00    0.34597E-02    0.31775E+00    0.43380E-02    0.61482E+00    0.35395E-02    0.34475E+00    0.39844E-05    0.21029E-04    0.49313E-05    0.39844E-05    0.00000E+00    0.21029E-04    0.00000E+00    0.49313E-05    0.00000E+00    0.28229E-02    0.00000E+00    0.64852E-02    0.00000E+00    0.31405E-02    0.00000E+00    0.20540E-02    0.00000E+00    0.42790E-02    0.00000E+00    0.21776E-02    0.00000E+00    0.55858E-06    0.74327E-06    0.58321E-06    0.00000E+00    0.55858E+00    0.00000E+00    0.74327E+00    0.00000E+00    0.58321E+00    0.72951E-02    0.10570E+01    0.60772E-02    0.12192E+01    0.71448E-02    0.10800E+01    0.52978E-02    0.73326E+00    0.43674E-02    0.92222E+00    0.51738E-02    0.75846E+00
8400  0    0.23759E-05    0.70884E-05    0.28043E-05    0.21464E-05    0.22950E+00    0.66160E-05    0.47246E+00    0.25527E-05    0.25158E+00    0.51528E-02    0.67749E+00    0.60689E-02    0.97207E+00    0.52427E-02    0.70934E+00    0.33939E-02    0.30886E+00    0.42418E-02    0.60008E+00    0.34710E-02    0.33534E+00    0.37877E-05    0.19848E-04    0.46800E-05    0.37877E-05    0.00000E+00    0.19848E-04    0.00000E+00    0.46800E-05    0.00000E+00    0.27524E-02    0.00000E+00    0.63005E-02    0.00000E+00    0.30594E-02    0.00000E+00    0.20036E-02    0.00000E+00    0.41566E-02    0.00000E+00    0.21232E-02    0.00000E+00    0.52960E-06    0.70869E-06    0.55348E-06    0.00000E+00    0.52960E+00    0.00000E+00    0.70869E+00    0.00000E+00    0.55348E+00    0.71670E-02    0.10292E+01    0.59498E-02    0.11905E+01    0.70169E-02    0.10521E+01    0.52120E-02    0.71276E+00    0.42844E-02    0.90012E+00    0.50883E-02    0.73774E+00
8500  0    0.22568E-05    0.66852E-05    0.26594E-05    0.20392E-05    0.21760E+00    0.62348E-05    0.45035E+00    0.24206E-05    0.23876E+00    0.50543E-02    0.65970E+00    0.59272E-02    0.94905E+00    0.51398E-02    0.69103E+00    0.33283E-02    0.30030E+00    0.41485E-02    0.58605E+00    0.34029E-02    0.32628E+00    0.35986E-05    0.18705E-04    0.44378E-05    0.35986E-05    0.00000E+00    0.18705E-04    0.00000E+00    0.44378E-05    0.00000E+00    0.26828E-02    0.00000E+00    0.61163E-02    0.00000E+00    0.29792E-02    0.00000E+00    0.19527E-02    0.00000E+00    0.40350E-02    0.00000E+00    0.20684E-02    0.00000E+00    0.50216E-06    0.67553E-06    0.52527E-06    0.00000E+00    0.50216E+00    0.00000E+00    0.67553E+00    0.00000E+00    0.52527E+00    0.70385E-02    0.10022E+01    0.58304E-02    0.11623E+01    0.68897E-02    0.10250E+01    0.51271E-02    0.69301E+00    0.42053E-02    0.87907E+00    0.50042E-02    0.71782E+00
8600  0    0.21421E-05    0.62960E-05    0.25198E-05    0.19359E-05    0.20620E+00    0.58671E-05    0.42893E+00    0.22933E-05    0.22645E+00    0.49553E-02    0.64218E+00    0.57881E-02    0.92621E+00    0.50367E-02    0.67297E+00    0.32624E-02    0.29186E+00    0.40563E-02    0.57324E+00    0.33346E-02    0.31744E+00    0.34164E-05    0.17601E-04    0.42044E-05    0.34164E-05    0.00000E+00    0.17601E-04    0.00000E+00    0.42044E-05    0.00000E+00    0.26139E-02    0.00000E+00    0.59332E-02    0.00000E+00    0.28998E-02    0.00000E+00    0.19017E-02    0.00000E+00    0.39145E-02    0.00000E+00    0.20135E-02    0.00000E+00    0.47584E-06    0.64340E-06    0.49818E-06    0.00000E+00    0.47584E+00    0.00000E+00    0.64340E+00    0.00000E+00    0.49818E+00    0.69088E-02    0.97554E+00    0.57142E-02    0.11344E+01    0.67617E-02    0.99818E+00    0.50418E-02    0.67351E+00    0.41272E-02    0.85986E+00    0.49199E-02    0.69836E+00
8700  0    0.20342E-05    0.59042E-05    0.23860E-05    0.18387E-05    0.19552E+00    0.54957E-05    0.40855E+00    0.21711E-05    0.21489E+00    0.48634E-02    0.62533E+00    0.56366E-02    0.90393E+00    0.49387E-02    0.65557E+00    0.31994E-02    0.28379E+00    0.39555E-02    0.56063E+00    0.32681E-02    0.30896E+00    0.32447E-05    0.16487E-04    0.39804E-05    0.32447E-05    0.00000E+00    0.16487E-04    0.00000E+00    0.39804E-05    0.00000E+00    0.25474E-02    0.00000E+00    0.57423E-02    0.00000E+00    0.28215E-02    0.00000E+00    0.18529E-02    0.00000E+00    0.37983E-02    0.00000E+00    0.19610E-02    0.00000E+00    0.45120E-06    0.61282E-06    0.47275E-06    0.00000E+00    0.45120E+00    0.00000E+00    0.61282E+00    0.00000E+00    0.47275E+00    0.67895E-02    0.94995E+00    0.55830E-02    0.11071E+01    0.66413E-02    0.97237E+00    0.49601E-02    0.65491E+00    0.40342E-02    0.84094E+00    0.48367E-02    0.67971E+00
8800  0    0.19299E-05    0.55693E-05    0.22608E-05    0.17443E-05    0.18565E+00    0.51799E-05    0.38935E+00    0.20566E-05    0.20417E+00    0.47620E-02    0.60934E+00    0.55149E-02    0.88244E+00    0.48353E-02    0.63901E+00    0.31334E-02    0.27617E+00    0.38723E-02    0.54829E+00    0.32006E-02    0.30091E+00    0.30781E-05    0.15540E-04    0.37704E-05    0.30781E-05    0.00000E+00    0.15540E-04    0.00000E+00    0.37704E-05    0.00000E+00    0.24812E-02    0.00000E+00    0.55749E-02    0.00000E+00    0.27461E-02    0.00000E+00    0.18036E-02    0.00000E+00    0.36810E-02    0.00000E+00    0.19079E-02    0.00000E+00    0.42842E-06    0.58403E-06    0.44917E-06    0.00000E+00    0.42842E+00    0.00000E+00    0.58403E+00    0.00000E+00    0.44917E+00    0.66543E-02    0.92565E+00    0.54847E-02    0.10808E+01    0.65105E-02    0.94780E+00    0.48723E-02    0.63731E+00    0.39680E-02    0.82244E+00    0.47517E-02    0.66200E+00
8900  0    0.18306E-05    0.52306E-05    0.21397E-05    0.16544E-05    0.17618E+00    0.48597E-05    0.37084E+00    0.19458E-05    0.19388E+00    0.46669E-02    0.59360E+00    0.53832E-02    0.86121E+00    0.47365E-02    0.62270E+00    0.30695E-02    0.26881E+00    0.37822E-02    0.53597E+00    0.31343E-02    0.29309E+00    0.29195E-05    0.14579E-04    0.35673E-05    0.29195E-05    0.00000E+00    0.14579E-04    0.00000E+00    0.35673E-05    0.00000E+00    0.24164E-02    0.00000E+00    0.53998E-02    0.00000E+00    0.26711E-02    0.00000E+00    0.17562E-02    0.00000E+00    0.35674E-02    0.00000E+00    0.18568E-02    0.00000E+00    0.40657E-06    0.55626E-06    0.42653E-06    0.00000E+00    0.40657E+00    0.00000E+00    0.55626E+00    0.00000E+00    0.42653E+00    0.65288E-02    0.90174E+00    0.53748E-02    0.10548E+01    0.63870E-02    0.92361E+00    0.47869E-02    0.62032E+00    0.38896E-02    0.80396E+00    0.46673E-02    0.64481E+00
9000  0    0.17375E-05    0.49002E-05    0.20251E-05    0.15700E-05    0.16750E+00    0.45467E-05    0.35354E+00    0.18407E-05    0.18441E+00    0.45761E-02    0.57879E+00    0.52475E-02    0.84088E+00    0.46412E-02    0.60731E+00    0.30079E-02    0.26197E+00    0.36888E-02    0.52405E+00    0.30698E-02    0.28579E+00    0.27707E-05    0.13640E-04    0.33745E-05    0.27707E-05    0.00000E+00    0.13640E-04    0.00000E+00    0.33745E-05    0.00000E+00    0.23540E-02    0.00000E+00    0.52230E-02    0.00000E+00    0.25979E-02    0.00000E+00    0.17109E-02    0.00000E+00    0.34570E-02    0.00000E+00    0.18079E-02    0.00000E+00    0.38653E-06    0.53030E-06    0.40570E-06    0.00000E+00    0.38653E+00    0.00000E+00    0.53030E+00    0.00000E+00    0.40570E+00    0.64092E-02    0.87924E+00    0.52597E-02    0.10299E+01    0.62682E-02    0.90078E+00    0.47039E-02    0.60454E+00    0.38047E-02    0.78607E+00    0.45840E-02    0.62874E+00
9100  0    0.16486E-05    0.46086E-05    0.19177E-05    0.14892E-05    0.15934E+00    0.42715E-05    0.33710E+00    0.17422E-05    0.17550E+00    0.44826E-02    0.56453E+00    0.51265E-02    0.82110E+00    0.45449E-02    0.59246E+00    0.29453E-02    0.25534E+00    0.36035E-02    0.51229E+00    0.30051E-02    0.27870E+00    0.26280E-05    0.12815E-04    0.31940E-05    0.26280E-05    0.00000E+00    0.12815E-04    0.00000E+00    0.31940E-05    0.00000E+00    0.22926E-02    0.00000E+00    0.50625E-02    0.00000E+00    0.25274E-02    0.00000E+00    0.16671E-02    0.00000E+00    0.33495E-02    0.00000E+00    0.17605E-02    0.00000E+00    0.36772E-06    0.50565E-06    0.38611E-06    0.00000E+00    0.36772E+00    0.00000E+00    0.50565E+00    0.00000E+00    0.38611E+00    0.62846E-02    0.85758E+00    0.51582E-02    0.10056E+01    0.61464E-02    0.87876E+00    0.46168E-02    0.58925E+00    0.37306E-02    0.76844E+00    0.44986E-02    0.61314E+00
9200  0    0.16026E-05    0.42008E-05    0.18388E-05    0.14509E-05    0.15165E+00    0.38793E-05    0.32152E+00    0.16717E-05    0.16709E+00    0.44395E-02    0.55073E+00    0.49502E-02    0.80189E+00    0.44883E-02    0.57809E+00    0.29229E-02    0.24891E+00    0.34782E-02    0.50086E+00    0.29734E-02    0.27182E+00    0.25604E-05    0.11638E-04    0.30647E-05    0.25604E-05    0.00000E+00    0.11638E-04    0.00000E+00    0.30647E-05    0.00000E+00    0.22629E-02    0.00000E+00    0.48245E-02    0.00000E+00    0.24758E-02    0.00000E+00    0.16630E-02    0.00000E+00    0.32461E-02    0.00000E+00    0.17509E-02    0.00000E+00    0.34997E-06    0.48227E-06    0.36761E-06    0.00000E+00    0.34997E+00    0.00000E+00    0.48227E+00    0.00000E+00    0.36761E+00    0.62278E-02    0.83662E+00    0.50119E-02    0.98211E+00    0.60797E-02    0.85745E+00    0.45704E-02    0.57441E+00    0.35942E-02    0.75129E+00    0.44403E-02    0.59799E+00
9300  0    0.14848E-05    0.40578E-05    0.17187E-05    0.13402E-05    0.14452E+00    0.37510E-05    0.30673E+00    0.15594E-05    0.15927E+00    0.43047E-02    0.53763E+00    0.48829E-02    0.78324E+00    0.43604E-02    0.56439E+00    0.28240E-02    0.24283E+00    0.34302E-02    0.48945E+00    0.28791E-02    0.26525E+00    0.23651E-05    0.11253E-04    0.28589E-05    0.23651E-05    0.00000E+00    0.11253E-04    0.00000E+00    0.28589E-05    0.00000E+00    0.21749E-02    0.00000E+00    0.47441E-02    0.00000E+00    0.23912E-02    0.00000E+00    0.15826E-02    0.00000E+00    0.31431E-02    0.00000E+00    0.16693E-02    0.00000E+00    0.33352E-06    0.46009E-06    0.35040E-06    0.00000E+00    0.33352E+00    0.00000E+00    0.46009E+00    0.00000E+00    0.35040E+00    0.60478E-02    0.81672E+00    0.49509E-02    0.95926E+00    0.59133E-02    0.83713E+00    0.44472E-02    0.56038E+00    0.35738E-02    0.73418E+00    0.43308E-02    0.58355E+00
9400  0    0.14089E-05    0.38074E-05    0.16269E-05    0.12711E-05    0.13774E+00    0.35147E-05    0.29265E+00    0.14751E-05    0.15182E+00    0.42187E-02    0.52486E+00    0.47662E-02    0.76505E+00    0.42714E-02    0.55104E+00    0.27651E-02    0.23676E+00    0.33459E-02    0.47831E+00    0.28179E-02    0.25872E+00    0.22432E-05    0.10544E-04    0.27044E-05    0.22432E-05    0.00000E+00    0.10544E-04    0.00000E+00    0.27044E-05    0.00000E+00    0.21181E-02    0.00000E+00    0.45922E-02    0.00000E+00    0.23257E-02    0.00000E+00    0.15426E-02    0.00000E+00    0.30450E-02    0.00000E+00    0.16261E-02    0.00000E+00    0.31786E-06    0.43897E-06    0.33401E-06    0.00000E+00    0.31786E+00    0.00000E+00    0.43897E+00    0.00000E+00    0.33401E+00    0.59333E-02    0.79732E+00    0.48509E-02    0.93699E+00    0.58007E-02    0.81732E+00    0.43636E-02    0.54637E+00    0.34963E-02    0.71746E+00    0.42480E-02    0.56918E+00
9500  0    0.13382E-05    0.35848E-05    0.15424E-05    0.12067E-05    0.13145E+00    0.33054E-05    0.27941E+00    0.13975E-05    0.14490E+00    0.41321E-02    0.51274E+00    0.46570E-02    0.74755E+00    0.41826E-02    0.53833E+00    0.27058E-02    0.23092E+00    0.32652E-02    0.46750E+00    0.27566E-02    0.25243E+00    0.21295E-05    0.99163E-05    0.25621E-05    0.21295E-05    0.00000E+00    0.99163E-05    0.00000E+00    0.25621E-05    0.00000E+00    0.20638E-02    0.00000E+00    0.44534E-02    0.00000E+00    0.22637E-02    0.00000E+00    0.15033E-02    0.00000E+00    0.29494E-02    0.00000E+00    0.15837E-02    0.00000E+00    0.30335E-06    0.41912E-06    0.31878E-06    0.00000E+00    0.30335E+00    0.00000E+00    0.41912E+00    0.00000E+00    0.31878E+00    0.58167E-02    0.77891E+00    0.47556E-02    0.91556E+00    0.56866E-02    0.79848E+00    0.42782E-02    0.53290E+00    0.34231E-02    0.70125E+00    0.41642E-02    0.55535E+00
9600  0    0.12709E-05    0.33574E-05    0.14606E-05    0.11453E-05    0.12559E+00    0.30905E-05    0.26693E+00    0.13221E-05    0.13844E+00    0.40529E-02    0.50118E+00    0.45422E-02    0.73065E+00    0.40998E-02    0.52619E+00    0.26511E-02    0.22526E+00    0.31874E-02    0.45697E+00    0.26999E-02    0.24633E+00    0.20211E-05    0.92714E-05    0.24239E-05    0.20211E-05    0.00000E+00    0.92714E-05    0.00000E+00    0.24239E-05    0.00000E+00    0.20105E-02    0.00000E+00    0.43061E-02    0.00000E+00    0.22018E-02    0.00000E+00    0.14664E-02    0.00000E+00    0.28583E-02    0.00000E+00    0.15438E-02    0.00000E+00    0.28982E-06    0.40039E-06    0.30456E-06    0.00000E+00    0.28982E+00    0.00000E+00    0.40039E+00    0.00000E+00    0.30456E+00    0.57115E-02    0.76134E+00    0.46558E-02    0.89486E+00    0.55823E-02    0.78046E+00    0.42004E-02    0.51984E+00    0.33520E-02    0.68545E+00    0.40872E-02    0.54192E+00
9700  1    0.14497E-05    0.37261E-05    0.16566E-05    0.13301E-05    0.11961E+00    0.34718E-05    0.25423E+00    0.15248E-05    0.13185E+00    0.40004E-02    0.48910E+00    0.47085E-02    0.71306E+00    0.40699E-02    0.51352E+00    0.26773E-02    0.21962E+00    0.34020E-02    0.44572E+00    0.27432E-02    0.24017E+00    0.23472E-05    0.10416E-04    0.27954E-05    0.23472E-05    0.00000E+00    0.10416E-04    0.00000E+00    0.27954E-05    0.00000E+00    0.21667E-02    0.00000E+00    0.45641E-02    0.00000E+00    0.23645E-02    0.00000E+00    0.15883E-02    0.00000E+00    0.32822E-02    0.00000E+00    0.16824E-02    0.00000E+00    0.27603E-06    0.38134E-06    0.29007E-06    0.00000E+00    0.27603E+00    0.00000E+00    0.38134E+00    0.00000E+00    0.29007E+00    0.55490E-02    0.74300E+00    0.47791E-02    0.87331E+00    0.54527E-02    0.76167E+00    0.41013E-02    0.50681E+00    0.34620E-02    0.66858E+00    0.40161E-02    0.52838E+00
9800  0    0.11476E-05    0.29693E-05    0.13132E-05    0.10329E-05    0.11476E+00    0.27256E-05    0.24367E+00    0.11868E-05    0.12648E+00    0.38944E-02    0.47909E+00    0.43335E-02    0.69810E+00    0.39363E-02    0.50296E+00    0.25408E-02    0.21468E+00    0.30574E-02    0.43648E+00    0.25878E-02    0.23484E+00    0.18227E-05    0.81768E-05    0.21757E-05    0.18227E-05    0.00000E+00    0.81768E-05    0.00000E+00    0.21757E-05    0.00000E+00    0.19093E-02    0.00000E+00    0.40440E-02    0.00000E+00    0.20860E-02    0.00000E+00    0.13935E-02    0.00000E+00    0.26840E-02    0.00000E+00    0.14652E-02    0.00000E+00    0.26484E-06    0.36551E-06    0.27826E-06    0.00000E+00    0.26484E+00    0.00000E+00    0.36551E+00    0.00000E+00    0.27826E+00    0.54983E-02    0.72779E+00    0.44712E-02    0.85500E+00    0.53727E-02    0.74601E+00    0.40411E-02    0.49541E+00    0.32441E-02    0.65473E+00    0.39348E-02    0.51665E+00
9900  0    0.10909E-05    0.27912E-05    0.12454E-05    0.98109E-06    0.10978E+00    0.25583E-05    0.23288E+00    0.11245E-05    0.12097E+00    0.38193E-02    0.46857E+00    0.42323E-02    0.68246E+00    0.38586E-02    0.49188E+00    0.24884E-02    0.20979E+00    0.29925E-02    0.42713E+00    0.25342E-02    0.22955E+00    0.17313E-05    0.76749E-05    0.20615E-05    0.17313E-05    0.00000E+00    0.76749E-05    0.00000E+00    0.20615E-05    0.00000E+00    0.18608E-02    0.00000E+00    0.39179E-02    0.00000E+00    0.20305E-02    0.00000E+00    0.13593E-02    0.00000E+00    0.26020E-02    0.00000E+00    0.14284E-02    0.00000E+00    0.25334E-06    0.34931E-06    0.26614E-06    0.00000E+00    0.25334E+00    0.00000E+00    0.34931E+00    0.00000E+00    0.26614E+00    0.53976E-02    0.71182E+00    0.43810E-02    0.83584E+00    0.52734E-02    0.72957E+00    0.39648E-02    0.48414E+00    0.31877E-02    0.64069E+00    0.38612E-02    0.50501E+00
10000  0    0.10430E-05    0.25626E-05    0.11812E-05    0.93794E-06    0.10506E+00    0.23400E-05    0.22262E+00    0.10654E-05    0.11575E+00    0.37581E-02    0.45839E+00    0.41371E-02    0.66727E+00    0.37941E-02    0.48114E+00    0.24515E-02    0.20523E+00    0.29355E-02    0.41830E+00    0.24955E-02    0.22460E+00    0.16552E-05    0.70200E-05    0.19532E-05    0.16552E-05    0.00000E+00    0.70200E-05    0.00000E+00    0.19532E-05    0.00000E+00    0.18194E-02    0.00000E+00    0.37470E-02    0.00000E+00    0.19765E-02    0.00000E+00    0.13365E-02    0.00000E+00    0.25151E-02    0.00000E+00    0.14020E-02    0.00000E+00    0.24245E-06    0.33394E-06    0.25465E-06    0.00000E+00    0.24245E+00    0.00000E+00    0.33394E+00    0.00000E+00    0.25465E+00    0.53163E-02    0.69635E+00    0.43190E-02    0.81723E+00    0.51944E-02    0.71365E+00    0.39096E-02    0.47360E+00    0.31457E-02    0.62744E+00    0.38078E-02    0.49411E+00
10100  0    0.98780E-06    0.24771E-05    0.11232E-05    0.88711E-06    0.10069E+00    0.22641E-05    0.21294E+00    0.10123E-05    0.11090E+00    0.36744E-02    0.44876E+00    0.40421E-02    0.65259E+00    0.37093E-02    0.47095E+00    0.23875E-02    0.20095E+00    0.28670E-02    0.40972E+00    0.24311E-02    0.21993E+00    0.15655E-05    0.67924E-05    0.18559E-05    0.15655E-05    0.00000E+00    0.67924E-05    0.00000E+00    0.18559E-05    0.00000E+00    0.17695E-02    0.00000E+00    0.36858E-02    0.00000E+00    0.19266E-02    0.00000E+00    0.12936E-02    0.00000E+00    0.24460E-02    0.00000E+00    0.13576E-02    0.00000E+00    0.23237E-06    0.31941E-06    0.24397E-06    0.00000E+00    0.23237E+00    0.00000E+00    0.31941E+00    0.00000E+00    0.24397E+00    0.52021E-02    0.68171E+00    0.42090E-02    0.79926E+00    0.50809E-02    0.69853E+00    0.38180E-02    0.46373E+00    0.30775E-02    0.61458E+00    0.37193E-02    0.48384E+00
10200  0    0.94001E-06    0.23362E-05    0.10669E-05    0.84359E-06    0.96421E-01    0.21327E-05    0.20356E+00    0.96078E-06    0.10616E+00    0.36046E-02    0.43914E+00    0.39529E-02    0.63806E+00    0.36377E-02    0.46078E+00    0.23395E-02    0.19671E+00    0.28115E-02    0.40189E+00    0.23824E-02    0.21536E+00    0.14887E-05    0.63980E-05    0.17614E-05    0.14887E-05    0.00000E+00    0.63980E-05    0.00000E+00    0.17614E-05    0.00000E+00    0.17255E-02    0.00000E+00    0.35771E-02    0.00000E+00    0.18769E-02    0.00000E+00    0.12623E-02    0.00000E+00    0.23724E-02    0.00000E+00    0.13240E-02    0.00000E+00    0.22251E-06    0.30534E-06    0.23355E-06    0.00000E+00    0.22251E+00    0.00000E+00    0.30534E+00    0.00000E+00    0.23355E+00    0.51079E-02    0.66710E+00    0.41280E-02    0.78146E+00    0.49884E-02    0.68345E+00    0.37481E-02    0.45394E+00    0.30310E-02    0.60284E+00    0.36525E-02    0.47380E+00
10300  0    0.89789E-06    0.22436E-05    0.10202E-05    0.80548E-06    0.92414E-01    0.20489E-05    0.19471E+00    0.91852E-06    0.10171E+00    0.35327E-02    0.42992E+00    0.38608E-02    0.62404E+00    0.35638E-02    0.45103E+00    0.22884E-02    0.19276E+00    0.27465E-02    0.39429E+00    0.23301E-02    0.21108E+00    0.14214E-05    0.61467E-05    0.16839E-05    0.14214E-05    0.00000E+00    0.61467E-05    0.00000E+00    0.16839E-05    0.00000E+00    0.16861E-02    0.00000E+00    0.35062E-02    0.00000E+00    0.18352E-02    0.00000E+00    0.12338E-02    0.00000E+00    0.23058E-02    0.00000E+00    0.12934E-02    0.00000E+00    0.21326E-06    0.29207E-06    0.22377E-06    0.00000E+00    0.21326E+00    0.00000E+00    0.29207E+00    0.00000E+00    0.22377E+00    0.50083E-02    0.65309E+00    0.40264E-02    0.76429E+00    0.48888E-02    0.66898E+00    0.36675E-02    0.44483E+00    0.29668E-02    0.59144E+00    0.35741E-02    0.46438E+00
10400  0    0.85360E-06    0.20845E-05    0.96550E-06    0.76496E-06    0.88633E-01    0.18983E-05    0.18628E+00    0.86799E-06    0.97510E-01    0.34725E-02    0.42103E+00    0.37839E-02    0.61037E+00    0.35019E-02    0.44161E+00    0.22485E-02    0.18900E+00    0.27050E-02    0.38677E+00    0.22900E-02    0.20698E+00    0.13499E-05    0.56948E-05    0.15913E-05    0.13499E-05    0.00000E+00    0.56948E-05    0.00000E+00    0.15913E-05    0.00000E+00    0.16431E-02    0.00000E+00    0.33748E-02    0.00000E+00    0.17840E-02    0.00000E+00    0.12044E-02    0.00000E+00    0.22332E-02    0.00000E+00    0.12615E-02    0.00000E+00    0.20454E-06    0.27941E-06    0.21452E-06    0.00000E+00    0.20454E+00    0.00000E+00    0.27941E+00    0.00000E+00    0.21452E+00    0.49290E-02    0.63959E+00    0.39726E-02    0.74755E+00    0.48125E-02    0.65501E+00    0.36138E-02    0.43615E+00    0.29409E-02    0.58016E+00    0.35241E-02    0.45535E+00
10500  0    0.81323E-06    0.19670E-05    0.91812E-06    0.72831E-06    0.84922E-01    0.17890E-05    0.17806E+00    0.82473E-06    0.93389E-01    0.34092E-02    0.41212E+00    0.37035E-02    0.59675E+00    0.34370E-02    0.43218E+00    0.22045E-02    0.18533E+00    0.26536E-02    0.37921E+00    0.22454E-02    0.20296E+00    0.12852E-05    0.53669E-05    0.15120E-05    0.12852E-05    0.00000E+00    0.53669E-05    0.00000E+00    0.15120E-05    0.00000E+00    0.16033E-02    0.00000E+00    0.32762E-02    0.00000E+00    0.17390E-02    0.00000E+00    0.11764E-02    0.00000E+00    0.21668E-02    0.00000E+00    0.12314E-02    0.00000E+00    0.19597E-06    0.26709E-06    0.20546E-06    0.00000E+00    0.19597E+00    0.00000E+00    0.26709E+00    0.00000E+00    0.20546E+00    0.48436E-02    0.62606E+00    0.38996E-02    0.73087E+00    0.47286E-02    0.64102E+00    0.35491E-02    0.42769E+00    0.28969E-02    0.56882E+00    0.34621E-02    0.44651E+00
10600  0    0.77628E-06    0.18603E-05    0.87483E-06    0.69475E-06    0.81526E-01    0.16899E-05    0.17044E+00    0.78522E-06    0.89609E-01    0.33494E-02    0.40380E+00    0.36260E-02    0.58385E+00    0.33755E-02    0.42334E+00    0.21628E-02    0.18196E+00    0.26030E-02    0.37200E+00    0.22028E-02    0.19923E+00    0.12260E-05    0.50697E-05    0.14396E-05    0.12260E-05    0.00000E+00    0.50697E-05    0.00000E+00    0.14396E-05    0.00000E+00    0.15659E-02    0.00000E+00    0.31843E-02    0.00000E+00    0.16968E-02    0.00000E+00    0.11499E-02    0.00000E+00    0.21030E-02    0.00000E+00    0.12028E-02    0.00000E+00    0.18814E-06    0.25566E-06    0.19714E-06    0.00000E+00    0.18814E+00    0.00000E+00    0.25566E+00    0.00000E+00    0.19714E+00    0.47626E-02    0.61341E+00    0.38278E-02    0.71506E+00    0.46488E-02    0.62792E+00    0.34873E-02    0.41990E+00    0.28530E-02    0.55801E+00    0.34028E-02    0.43831E+00
10700  0    0.74061E-06    0.17676E-05    0.83398E-06    0.66240E-06    0.78210E-01    0.16046E-05    0.16301E+00    0.74806E-06    0.85919E-01    0.32893E-02    0.39550E+00    0.35543E-02    0.57098E+00    0.33143E-02    0.41453E+00    0.21202E-02    0.17862E+00    0.25536E-02    0.36472E+00    0.21596E-02    0.19554E+00    0.11689E-05    0.48139E-05    0.13714E-05    0.11689E-05    0.00000E+00    0.48139E-05    0.00000E+00    0.13714E-05    0.00000E+00    0.15290E-02    0.00000E+00    0.31029E-02    0.00000E+00    0.16562E-02    0.00000E+00    0.11229E-02    0.00000E+00    0.20426E-02    0.00000E+00    0.11740E-02    0.00000E+00    0.18048E-06    0.24451E-06    0.18902E-06    0.00000E+00    0.18048E+00    0.00000E+00    0.24451E+00    0.00000E+00    0.18902E+00    0.46810E-02    0.60081E+00    0.37598E-02    0.69931E+00    0.45689E-02    0.61485E+00    0.34243E-02    0.41220E+00    0.28090E-02    0.54708E+00    0.33423E-02    0.43018E+00
10800  0    0.73380E-06    0.15757E-05    0.81034E-06    0.65872E-06    0.75083E-01    0.14197E-05    0.15604E+00    0.72790E-06    0.82443E-01    0.32663E-02    0.38751E+00    0.35069E-02    0.55865E+00    0.32889E-02    0.40606E+00    0.21185E-02    0.17538E+00    0.25354E-02    0.35770E+00    0.21564E-02    0.19195E+00    0.11624E-05    0.42591E-05    0.13345E-05    0.11624E-05    0.00000E+00    0.42591E-05    0.00000E+00    0.13345E-05    0.00000E+00    0.15248E-02    0.00000E+00    0.29186E-02    0.00000E+00    0.16337E-02    0.00000E+00    0.11290E-02    0.00000E+00    0.19696E-02    0.00000E+00    0.11757E-02    0.00000E+00    0.17327E-06    0.23407E-06    0.18137E-06    0.00000E+00    0.17327E+00    0.00000E+00    0.23407E+00    0.00000E+00    0.18137E+00    0.46454E-02    0.58867E+00    0.37668E-02    0.68420E+00    0.45381E-02    0.60229E+00    0.34126E-02    0.40472E+00    0.28183E-02    0.53656E+00    0.33333E-02    0.42229E+00
10900  1    0.67596E-06    0.15911E-05    0.75916E-06    0.60383E-06    0.72125E-01    0.14418E-05    0.14931E+00    0.68001E-06    0.79142E-01    0.31787E-02    0.37980E+00    0.34160E-02    0.54646E+00    0.32010E-02    0.39785E+00    0.20413E-02    0.17229E+00    0.24585E-02    0.35102E+00    0.20793E-02    0.18854E+00    0.10656E-05    0.43254E-05    0.12467E-05    0.10656E-05    0.00000E+00    0.43254E-05    0.00000E+00    0.12467E-05    0.00000E+00    0.14599E-02    0.00000E+00    0.29412E-02    0.00000E+00    0.15790E-02    0.00000E+00    0.10730E-02    0.00000E+00    0.19272E-02    0.00000E+00    0.11204E-02    0.00000E+00    0.16644E-06    0.22397E-06    0.17411E-06    0.00000E+00    0.16644E+00    0.00000E+00    0.22397E+00    0.00000E+00    0.17411E+00    0.45310E-02    0.57696E+00    0.36302E-02    0.66928E+00    0.44215E-02    0.59011E+00    0.33077E-02    0.39759E+00    0.27242E-02    0.52653E+00    0.32299E-02    0.41478E+00
11000  0    0.64587E-06    0.15117E-05    0.72458E-06    0.57663E-06    0.69247E-01    0.13689E-05    0.14283E+00    0.64865E-06    0.75937E-01    0.31253E-02    0.37215E+00    0.33522E-02    0.53448E+00    0.31466E-02    0.38971E+00    0.20032E-02    0.16930E+00    0.24130E-02    0.34486E+00    0.20405E-02    0.18526E+00    0.10176E-05    0.41066E-05    0.11892E-05    0.10176E-05    0.00000E+00    0.41066E-05    0.00000E+00    0.11892E-05    0.00000E+00    0.14266E-02    0.00000E+00    0.28659E-02    0.00000E+00    0.15422E-02    0.00000E+00    0.10490E-02    0.00000E+00    0.18727E-02    0.00000E+00    0.10948E-02    0.00000E+00    0.15980E-06    0.21425E-06    0.16706E-06    0.00000E+00    0.15980E+00    0.00000E+00    0.21425E+00    0.00000E+00    0.16706E+00    0.44587E-02    0.56533E+00    0.35707E-02    0.65460E+00    0.43507E-02    0.57803E+00    0.32511E-02    0.39069E+00    0.26831E-02    0.51730E+00    0.31753E-02    0.40757E+00
11100  0    0.62442E-06    0.14623E-05    0.70059E-06    0.55782E-06    0.66598E-01    0.13255E-05    0.13685E+00    0.62761E-06    0.72985E-01    0.30734E-02    0.36496E+00    0.32498E-02    0.52317E+00    0.30899E-02    0.38206E+00    0.19663E-02    0.16653E+00    0.23462E-02    0.33911E+00    0.20008E-02    0.18222E+00    0.98439E-06    0.39764E-05    0.11506E-05    0.98439E-06    0.00000E+00    0.39764E-05    0.00000E+00    0.11506E-05    0.00000E+00    0.14031E-02    0.00000E+00    0.28201E-02    0.00000E+00    0.15170E-02    0.00000E+00    0.10386E-02    0.00000E+00    0.18461E-02    0.00000E+00    0.10835E-02    0.00000E+00    0.15369E-06    0.20528E-06    0.16057E-06    0.00000E+00    0.15369E+00    0.00000E+00    0.20528E+00    0.00000E+00    0.16057E+00    0.43845E-02    0.55441E+00    0.34446E-02    0.64075E+00    0.42711E-02    0.56669E+00    0.31793E-02    0.38429E+00    0.25963E-02    0.50867E+00    0.31016E-02    0.40087E+00
11200  0    0.59166E-06    0.13686E-05    0.66230E-06    0.52765E-06    0.64012E-01    0.12377E-05    0.13099E+00    0.59220E-06    0.70101E-01    0.30271E-02    0.35780E+00    0.32324E-02    0.51183E+00    0.30464E-02    0.37443E+00    0.19332E-02    0.16369E+00    0.23272E-02    0.33309E+00    0.19690E-02    0.17909E+00    0.93115E-06    0.37130E-05    0.10857E-05    0.93115E-06    0.00000E+00    0.37130E-05    0.00000E+00    0.10857E-05    0.00000E+00    0.13647E-02    0.00000E+00    0.27251E-02    0.00000E+00    0.14736E-02    0.00000E+00    0.10041E-02    0.00000E+00    0.17730E-02    0.00000E+00    0.10468E-02    0.00000E+00    0.14772E-06    0.19648E-06    0.15422E-06    0.00000E+00    0.14772E+00    0.00000E+00    0.19648E+00    0.00000E+00    0.15422E+00    0.43257E-02    0.54354E+00    0.34583E-02    0.62687E+00    0.42203E-02    0.55538E+00    0.31481E-02    0.37774E+00    0.26043E-02    0.49963E+00    0.30756E-02    0.39399E+00
11300  0    0.56621E-06    0.13022E-05    0.63311E-06    0.50470E-06    0.61508E-01    0.11769E-05    0.12534E+00    0.56580E-06    0.67311E-01    0.29795E-02    0.35074E+00    0.31749E-02    0.50067E+00    0.29978E-02    0.36691E+00    0.18988E-02    0.16113E+00    0.22861E-02    0.32716E+00    0.19340E-02    0.17623E+00    0.89064E-06    0.35306E-05    0.10373E-05    0.89064E-06    0.00000E+00    0.35306E-05    0.00000E+00    0.10373E-05    0.00000E+00    0.13346E-02    0.00000E+00    0.26573E-02    0.00000E+00    0.14404E-02    0.00000E+00    0.98200E-03    0.00000E+00    0.17293E-02    0.00000E+00    0.10235E-02    0.00000E+00    0.14194E-06    0.18801E-06    0.14808E-06    0.00000E+00    0.14194E+00    0.00000E+00    0.18801E+00    0.00000E+00    0.14808E+00    0.42611E-02    0.53281E+00    0.34044E-02    0.61320E+00    0.41571E-02    0.54421E+00    0.30977E-02    0.37185E+00    0.25646E-02    0.49073E+00    0.30266E-02    0.38770E+00
11400  0    0.54395E-06    0.12293E-05    0.60626E-06    0.48472E-06    0.59233E-01    0.11092E-05    0.12017E+00    0.54149E-06    0.64773E-01    0.29371E-02    0.34419E+00    0.31270E-02    0.49025E+00    0.29549E-02    0.35993E+00    0.18698E-02    0.15897E+00    0.22485E-02    0.32158E+00    0.19042E-02    0.17375E+00    0.85539E-06    0.33275E-05    0.99273E-06    0.85539E-06    0.00000E+00    0.33275E-05    0.00000E+00    0.99273E-06    0.00000E+00    0.13080E-02    0.00000E+00    0.25797E-02    0.00000E+00    0.14091E-02    0.00000E+00    0.96224E-03    0.00000E+00    0.16753E-02    0.00000E+00    0.10019E-02    0.00000E+00    0.13669E-06    0.18026E-06    0.14250E-06    0.00000E+00    0.13669E+00    0.00000E+00    0.18026E+00    0.00000E+00    0.14250E+00    0.42036E-02    0.52286E+00    0.33674E-02    0.60043E+00    0.41020E-02    0.53386E+00    0.30565E-02    0.36686E+00    0.25351E-02    0.48237E+00    0.29870E-02    0.38226E+00
11500  0    0.52128E-06    0.11855E-05    0.58166E-06    0.46424E-06    0.57044E-01    0.10703E-05    0.11519E+00    0.51933E-06    0.62330E-01    0.28931E-02    0.33777E+00    0.30695E-02    0.47998E+00    0.29096E-02    0.35307E+00    0.18374E-02    0.15698E+00    0.22114E-02    0.31603E+00    0.18714E-02    0.17144E+00    0.81924E-06    0.32110E-05    0.95211E-06    0.81924E-06    0.00000E+00    0.32110E-05    0.00000E+00    0.95211E-06    0.00000E+00    0.12800E-02    0.00000E+00    0.25341E-02    0.00000E+00    0.13799E-02    0.00000E+00    0.94362E-03    0.00000E+00    0.16528E-02    0.00000E+00    0.98302E-03    0.00000E+00    0.13164E-06    0.17278E-06    0.13713E-06    0.00000E+00    0.13164E+00    0.00000E+00    0.17278E+00    0.00000E+00    0.13713E+00    0.41440E-02    0.51311E+00    0.33048E-02    0.58785E+00    0.40422E-02    0.52369E+00    0.30062E-02    0.36225E+00    0.24907E-02    0.47404E+00    0.29375E-02    0.37716E+00
11600  0    0.50870E-06    0.10569E-05    0.55853E-06    0.45368E-06    0.55021E-01    0.94624E-06    0.11063E+00    0.49846E-06    0.60076E-01    0.28665E-02    0.33173E+00    0.29843E-02    0.47039E+00    0.28774E-02    0.34663E+00    0.18156E-02    0.15511E+00    0.21400E-02    0.31079E+00    0.18451E-02    0.16927E+00    0.80061E-06    0.28387E-05    0.91383E-06    0.80061E-06    0.00000E+00    0.28387E-05    0.00000E+00    0.91383E-06    0.00000E+00    0.12654E-02    0.00000E+00    0.23827E-02    0.00000E+00    0.13519E-02    0.00000E+00    0.92998E-03    0.00000E+00    0.15401E-02    0.00000E+00    0.96388E-03    0.00000E+00    0.12697E-06    0.16595E-06    0.13217E-06    0.00000E+00    0.12697E+00    0.00000E+00    0.16595E+00    0.00000E+00    0.13217E+00    0.41071E-02    0.50393E+00    0.32435E-02    0.57610E+00    0.40027E-02    0.51414E+00    0.29737E-02    0.35796E+00    0.24400E-02    0.46618E+00    0.29026E-02    0.37239E+00
11700  0    0.48681E-06    0.10530E-05    0.53829E-06    0.43369E-06    0.53125E-01    0.94673E-06    0.10630E+00    0.48033E-06    0.57959E-01    0.28298E-02    0.32596E+00    0.29793E-02    0.46108E+00    0.28437E-02    0.34047E+00    0.17923E-02    0.15327E+00    0.21393E-02    0.30562E+00    0.18238E-02    0.16712E+00    0.76534E-06    0.28402E-05    0.88061E-06    0.76534E-06    0.00000E+00    0.28402E-05    0.00000E+00    0.88061E-06    0.00000E+00    0.12372E-02    0.00000E+00    0.23834E-02    0.00000E+00    0.13271E-02    0.00000E+00    0.91223E-03    0.00000E+00    0.15455E-02    0.00000E+00    0.94741E-03    0.00000E+00    0.12260E-06    0.15945E-06    0.12751E-06    0.00000E+00    0.12260E+00    0.00000E+00    0.15945E+00    0.00000E+00    0.12751E+00    0.40593E-02    0.49517E+00    0.32364E-02    0.56471E+00    0.39595E-02    0.50499E+00    0.29431E-02    0.35371E+00    0.24362E-02    0.45843E+00    0.28755E-02    0.36767E+00
11800  0    0.46394E-06    0.10386E-05    0.51618E-06    0.41260E-06    0.51341E-01    0.93635E-06    0.10222E+00    0.46021E-06    0.55966E-01    0.27845E-02    0.32044E+00    0.29328E-02    0.45214E+00    0.27983E-02    0.33456E+00    0.17586E-02    0.15151E+00    0.21077E-02    0.30062E+00    0.17903E-02    0.16507E+00    0.72812E-06    0.28090E-05    0.84372E-06    0.72812E-06    0.00000E+00    0.28090E-05    0.00000E+00    0.84372E-06    0.00000E+00    0.12067E-02    0.00000E+00    0.23703E-02    0.00000E+00    0.12990E-02    0.00000E+00    0.89108E-03    0.00000E+00    0.15439E-02    0.00000E+00    0.92735E-03    0.00000E+00    0.11848E-06    0.15332E-06    0.12312E-06    0.00000E+00    0.11848E+00    0.00000E+00    0.15332E+00    0.00000E+00    0.12312E+00    0.39985E-02    0.48678E+00    0.31770E-02    0.55376E+00    0.38990E-02    0.49624E+00    0.28930E-02    0.34965E+00    0.23896E-02    0.45093E+00    0.28259E-02    0.36315E+00
11900  0    0.55305E-06    0.87560E-06    0.58237E-06    0.50336E-06    0.49688E-01    0.77702E-06    0.98574E-01    0.52824E-06    0.54133E-01    0.28494E-02    0.31524E+00    0.29405E-02    0.44401E+00    0.28578E-02    0.32904E+00    0.18409E-02    0.14990E+00    0.21177E-02    0.29597E+00    0.18661E-02    0.16318E+00    0.88828E-06    0.23311E-05    0.96844E-06    0.88828E-06    0.00000E+00    0.23311E-05    0.00000E+00    0.96844E-06    0.00000E+00    0.13329E-02    0.00000E+00    0.21592E-02    0.00000E+00    0.13917E-02    0.00000E+00    0.98503E-03    0.00000E+00    0.14277E-02    0.00000E+00    0.10096E-02    0.00000E+00    0.11467E-06    0.14786E-06    0.11909E-06    0.00000E+00    0.11467E+00    0.00000E+00    0.14786E+00    0.00000E+00    0.11909E+00    0.40514E-02    0.47889E+00    0.32617E-02    0.54380E+00    0.39552E-02    0.48804E+00    0.29601E-02    0.34593E+00    0.24627E-02    0.44395E+00    0.28938E-02    0.35900E+00
12000  1    0.43154E-06    0.96709E-06    0.48023E-06    0.38346E-06    0.48080E-01    0.87230E-06    0.94793E-01    0.42790E-06    0.52327E-01    0.27201E-02    0.31010E+00    0.28629E-02    0.43541E+00    0.27334E-02    0.32350E+00    0.17121E-02    0.14818E+00    0.20550E-02    0.29105E+00    0.17433E-02    0.16117E+00    0.67669E-06    0.26169E-05    0.78448E-06    0.67669E-06    0.00000E+00    0.26169E-05    0.00000E+00    0.78448E-06    0.00000E+00    0.11634E-02    0.00000E+00    0.22877E-02    0.00000E+00    0.12526E-02    0.00000E+00    0.85953E-03    0.00000E+00    0.14937E-02    0.00000E+00    0.89477E-03    0.00000E+00    0.11095E-06    0.14219E-06    0.11512E-06    0.00000E+00    0.11095E+00    0.00000E+00    0.14219E+00    0.00000E+00    0.11512E+00    0.39122E-02    0.47107E+00    0.31108E-02    0.53327E+00    0.38151E-02    0.47983E+00    0.28271E-02    0.34196E+00    0.23356E-02    0.43657E+00    0.27615E-02    0.35458E+00
12100  2    0.42300E-06    0.97481E-06    0.47317E-06    0.37642E-06    0.46585E-01    0.88343E-06    0.91383E-01    0.42251E-06    0.50657E-01    0.26844E-02    0.30524E+00    0.28230E-02    0.42751E+00    0.26973E-02    0.31830E+00    0.16917E-02    0.14658E+00    0.20512E-02    0.28659E+00    0.17243E-02    0.15930E+00    0.66426E-06    0.26503E-05    0.77460E-06    0.66426E-06    0.00000E+00    0.26503E-05    0.00000E+00    0.77460E-06    0.00000E+00    0.11526E-02    0.00000E+00    0.23023E-02    0.00000E+00    0.12447E-02    0.00000E+00    0.85332E-03    0.00000E+00    0.15396E-02    0.00000E+00    0.89145E-03    0.00000E+00    0.10750E-06    0.13707E-06    0.11145E-06    0.00000E+00    0.10750E+00    0.00000E+00    0.13707E+00    0.00000E+00    0.11145E+00    0.38591E-02    0.46369E+00    0.30501E-02    0.52359E+00    0.37613E-02    0.47211E+00    0.27879E-02    0.33825E+00    0.23070E-02    0.42989E+00    0.27238E-02    0.35047E+00
12200  3    0.40721E-06    0.95683E-06    0.45718E-06    0.36198E-06    0.45231E-01    0.86855E-06    0.88274E-01    0.40803E-06    0.49144E-01    0.26614E-02    0.30077E+00    0.28281E-02    0.42018E+00    0.26770E-02    0.31351E+00    0.16749E-02    0.14509E+00    0.20563E-02    0.28243E+00    0.17095E-02    0.15758E+00    0.63879E-06    0.26057E-05    0.74806E-06    0.63879E-06    0.00000E+00    0.26057E-05    0.00000E+00    0.74806E-06    0.00000E+00    0.11303E-02    0.00000E+00    0.22828E-02    0.00000E+00    0.12232E-02    0.00000E+00    0.83948E-03    0.00000E+00    0.15149E-02    0.00000E+00    0.87701E-03    0.00000E+00    0.10438E-06    0.13241E-06    0.10812E-06    0.00000E+00    0.10438E+00    0.00000E+00    0.13241E+00    0.00000E+00    0.10812E+00    0.38308E-02    0.45690E+00    0.30645E-02    0.51461E+00    0.37377E-02    0.46501E+00    0.27673E-02    0.33483E+00    0.23269E-02    0.42365E+00    0.27086E-02    0.34667E+00
12300  0    0.39533E-06    0.81196E-06    0.43320E-06    0.35141E-06    0.43914E-01    0.72663E-06    0.85339E-01    0.38552E-06    0.47680E-01    0.26442E-02    0.29636E+00    0.27217E-02    0.41313E+00    0.26514E-02    0.30880E+00    0.16548E-02    0.14359E+00    0.19366E-02    0.27838E+00    0.16804E-02    0.15584E+00    0.62014E-06    0.21799E-05    0.70680E-06    0.62014E-06    0.00000E+00    0.21799E-05    0.00000E+00    0.70680E-06    0.00000E+00    0.11137E-02    0.00000E+00    0.20880E-02    0.00000E+00    0.11889E-02    0.00000E+00    0.82414E-03    0.00000E+00    0.13399E-02    0.00000E+00    0.85279E-03    0.00000E+00    0.10134E-06    0.12801E-06    0.10489E-06    0.00000E+00    0.10134E+00    0.00000E+00    0.12801E+00    0.00000E+00    0.10489E+00    0.38096E-02    0.45020E+00    0.29886E-02    0.50598E+00    0.37107E-02    0.45803E+00    0.27411E-02    0.33136E+00    0.22349E-02    0.41757E+00    0.26736E-02    0.34286E+00
12400  1    0.38082E-06    0.84617E-06    0.42312E-06    0.33809E-06    0.42726E-01    0.76358E-06    0.82595E-01    0.37677E-06    0.46350E-01    0.26087E-02    0.29232E+00    0.27026E-02    0.40644E+00    0.26174E-02    0.30447E+00    0.16310E-02    0.14220E+00    0.19618E-02    0.27450E+00    0.16610E-02    0.15423E+00    0.59663E-06    0.22907E-05    0.69075E-06    0.59663E-06    0.00000E+00    0.22907E-05    0.00000E+00    0.69075E-06    0.00000E+00    0.10924E-02    0.00000E+00    0.21404E-02    0.00000E+00    0.11754E-02    0.00000E+00    0.80939E-03    0.00000E+00    0.14281E-02    0.00000E+00    0.84377E-03    0.00000E+00    0.98597E-07    0.12389E-06    0.10197E-06    0.00000E+00    0.98597E-01    0.00000E+00    0.12389E+00    0.00000E+00    0.10197E+00    0.37609E-02    0.44407E+00    0.29437E-02    0.49778E+00    0.36625E-02    0.45160E+00    0.27053E-02    0.32816E+00    0.22286E-02    0.41174E+00    0.26418E-02    0.33930E+00
12500  0    0.51021E-06    0.71211E-06    0.52856E-06    0.46860E-06    0.41609E-01    0.63195E-06    0.80156E-01    0.48345E-06    0.45113E-01    0.27179E-02    0.28848E+00    0.28306E-02    0.40039E+00    0.27283E-02    0.30038E+00    0.17657E-02    0.14087E+00    0.20508E-02    0.27069E+00    0.17916E-02    0.15267E+00    0.82693E-06    0.18959E-05    0.88632E-06    0.82693E-06    0.00000E+00    0.18959E-05    0.00000E+00    0.88632E-06    0.00000E+00    0.12860E-02    0.00000E+00    0.19472E-02    0.00000E+00    0.13314E-02    0.00000E+00    0.95978E-03    0.00000E+00    0.12811E-02    0.00000E+00    0.97763E-03    0.00000E+00    0.96021E-07    0.12023E-06    0.99250E-07    0.00000E+00    0.96021E-01    0.00000E+00    0.12023E+00    0.00000E+00    0.99250E-01    0.38580E-02    0.43823E+00    0.31816E-02    0.49038E+00    0.37748E-02    0.44553E+00    0.28196E-02    0.32508E+00    0.24356E-02    0.40603E+00    0.27684E-02    0.33587E+00
12600  1    0.39770E-06    0.91411E-06    0.44465E-06    0.35721E-06    0.40498E-01    0.83664E-06    0.77463E-01    0.40079E-06    0.43859E-01    0.25751E-02    0.28460E+00    0.27914E-02    0.39361E+00    0.25955E-02    0.29617E+00    0.16295E-02    0.13940E+00    0.20937E-02    0.26667E+00    0.16717E-02    0.15097E+00    0.63036E-06    0.25099E-05    0.73478E-06    0.63036E-06    0.00000E+00    0.25099E-05    0.00000E+00    0.73478E-06    0.00000E+00    0.11228E-02    0.00000E+00    0.22405E-02    0.00000E+00    0.12123E-02    0.00000E+00    0.81983E-03    0.00000E+00    0.15550E-02    0.00000E+00    0.86067E-03    0.00000E+00    0.93458E-07    0.11620E-06    0.96489E-07    0.00000E+00    0.93458E-01    0.00000E+00    0.11620E+00    0.00000E+00    0.96489E-01    0.36951E-02    0.43234E+00    0.30295E-02    0.48207E+00    0.36135E-02    0.43929E+00    0.26883E-02    0.32168E+00    0.23631E-02    0.40001E+00    0.26449E-02    0.33213E+00
12700  2    0.35460E-06    0.74851E-06    0.39041E-06    0.31508E-06    0.39524E-01    0.67318E-06    0.75328E-01    0.34763E-06    0.42779E-01    0.25438E-02    0.28115E+00    0.26171E-02    0.38814E+00    0.25505E-02    0.29250E+00    0.15885E-02    0.13810E+00    0.19053E-02    0.26339E+00    0.16173E-02    0.14949E+00    0.55602E-06    0.20196E-05    0.63733E-06    0.55602E-06    0.00000E+00    0.20196E-05    0.00000E+00    0.63733E-06    0.00000E+00    0.10545E-02    0.00000E+00    0.20098E-02    0.00000E+00    0.11290E-02    0.00000E+00    0.78372E-03    0.00000E+00    0.13528E-02    0.00000E+00    0.81533E-03    0.00000E+00    0.91208E-07    0.11299E-06    0.94113E-07    0.00000E+00    0.91208E-01    0.00000E+00    0.11299E+00    0.00000E+00    0.94113E-01    0.36713E-02    0.42710E+00    0.28731E-02    0.47538E+00    0.35752E-02    0.43385E+00    0.26410E-02    0.31870E+00    0.21815E-02    0.39509E+00    0.25797E-02    0.32888E+00
12800  3    0.35782E-06    0.85164E-06    0.40271E-06    0.31918E-06    0.38638E-01    0.77842E-06    0.73221E-01    0.36093E-06    0.41782E-01    0.25325E-02    0.27798E+00    0.27563E-02    0.38268E+00    0.25537E-02    0.28907E+00    0.15913E-02    0.13684E+00    0.20366E-02    0.25992E+00    0.16318E-02    0.14803E+00    0.56326E-06    0.23353E-05    0.66170E-06    0.56326E-06    0.00000E+00    0.23353E-05    0.00000E+00    0.66170E-06    0.00000E+00    0.10614E-02    0.00000E+00    0.21611E-02    0.00000E+00    0.11504E-02    0.00000E+00    0.78497E-03    0.00000E+00    0.14511E-02    0.00000E+00    0.82198E-03    0.00000E+00    0.89164E-07    0.10983E-06    0.91920E-07    0.00000E+00    0.89164E-01    0.00000E+00    0.10983E+00    0.00000E+00    0.91920E-01    0.36507E-02    0.42229E+00    0.30101E-02    0.46868E+00    0.35720E-02    0.42876E+00    0.26457E-02    0.31579E+00    0.23294E-02    0.38988E+00    0.26035E-02    0.32567E+00
12900  4    0.35226E-06    0.76140E-06    0.38945E-06    0.31455E-06    0.37708E-01    0.69023E-06    0.71163E-01    0.34871E-06    0.40749E-01    0.25103E-02    0.27462E+00    0.26640E-02    0.37726E+00    0.25247E-02    0.28548E+00    0.15794E-02    0.13561E+00    0.19711E-02    0.25649E+00    0.16150E-02    0.14660E+00    0.55509E-06    0.20707E-05    0.63929E-06    0.55509E-06    0.00000E+00    0.20707E-05    0.00000E+00    0.63929E-06    0.00000E+00    0.10537E-02    0.00000E+00    0.20350E-02    0.00000E+00    0.11307E-02    0.00000E+00    0.78184E-03    0.00000E+00    0.13664E-02    0.00000E+00    0.81432E-03    0.00000E+00    0.87018E-07    0.10674E-06    0.89648E-07    0.00000E+00    0.87018E-01    0.00000E+00    0.10674E+00    0.00000E+00    0.89648E-01    0.36181E-02    0.41718E+00    0.29282E-02    0.46205E+00    0.35339E-02    0.42343E+00    0.26224E-02    0.31295E+00    0.22734E-02    0.38473E+00    0.25759E-02    0.32252E+00
13000  0    0.32574E-06    0.68724E-06    0.35860E-06    0.28881E-06    0.36927E-01    0.61781E-06    0.69429E-01    0.31872E-06    0.39881E-01    0.24847E-02    0.27176E+00    0.25322E-02    0.37264E+00    0.24891E-02    0.28242E+00    0.15391E-02    0.13456E+00    0.18465E-02    0.25365E+00    0.15670E-02    0.14538E+00    0.50967E-06    0.18534E-05    0.58432E-06    0.50967E-06    0.00000E+00    0.18534E-05    0.00000E+00    0.58432E-06    0.00000E+00    0.10096E-02    0.00000E+00    0.19253E-02    0.00000E+00    0.10810E-02    0.00000E+00    0.75070E-03    0.00000E+00    0.13065E-02    0.00000E+00    0.78158E-03    0.00000E+00    0.85215E-07    0.10414E-06    0.87739E-07    0.00000E+00    0.85215E-01    0.00000E+00    0.10414E+00    0.00000E+00    0.87739E-01    0.35937E-02    0.41283E+00    0.27865E-02    0.45638E+00    0.34968E-02    0.41890E+00    0.25701E-02    0.31052E+00    0.21164E-02    0.38048E+00    0.25096E-02    0.31984E+00
13100  0    0.32190E-06    0.64479E-06    0.35125E-06    0.28572E-06    0.36176E-01    0.57705E-06    0.67738E-01    0.31221E-06    0.39046E-01    0.24805E-02    0.26898E+00    0.25532E-02    0.36807E+00    0.24872E-02    0.27945E+00    0.15366E-02    0.13349E+00    0.18239E-02    0.25065E+00    0.15627E-02    0.14414E+00    0.50422E-06    0.17312E-05    0.57238E-06    0.50422E-06    0.00000E+00    0.17312E-05    0.00000E+00    0.57238E-06    0.00000E+00    0.10042E-02    0.00000E+00    0.18607E-02    0.00000E+00    0.10699E-02    0.00000E+00    0.74451E-03    0.00000E+00    0.11950E-02    0.00000E+00    0.76954E-03    0.00000E+00    0.83484E-07    0.10161E-06    0.85900E-07    0.00000E+00    0.83484E-01    0.00000E+00    0.10161E+00    0.00000E+00    0.85900E-01    0.35889E-02    0.40862E+00    0.28367E-02    0.45079E+00    0.34980E-02    0.41449E+00    0.25723E-02    0.30805E+00    0.21384E-02    0.37598E+00    0.25145E-02    0.31711E+00
13200  1    0.33064E-06    0.74596E-06    0.36840E-06    0.29518E-06    0.35468E-01    0.67990E-06    0.66064E-01    0.33015E-06    0.38249E-01    0.24677E-02    0.26634E+00    0.26392E-02    0.36349E+00    0.24838E-02    0.27658E+00    0.15432E-02    0.13238E+00    0.19343E-02    0.24766E+00    0.15787E-02    0.14286E+00    0.52090E-06    0.20397E-05    0.60528E-06    0.52090E-06    0.00000E+00    0.20397E-05    0.00000E+00    0.60528E-06    0.00000E+00    0.10207E-02    0.00000E+00    0.20198E-02    0.00000E+00    0.11003E-02    0.00000E+00    0.75749E-03    0.00000E+00    0.13528E-02    0.00000E+00    0.79056E-03    0.00000E+00    0.81848E-07    0.99096E-07    0.84148E-07    0.00000E+00    0.81848E-01    0.00000E+00    0.99096E-01    0.00000E+00    0.84148E-01    0.35623E-02    0.40459E+00    0.28998E-02    0.44519E+00    0.34813E-02    0.41024E+00    0.25706E-02    0.30548E+00    0.22250E-02    0.37148E+00    0.25246E-02    0.31428E+00
13300  0    0.30556E-06    0.62422E-06    0.33453E-06    0.27083E-06    0.34723E-01    0.55977E-06    0.64444E-01    0.29710E-06    0.37425E-01    0.24392E-02    0.26353E+00    0.25260E-02    0.35901E+00    0.24473E-02    0.27359E+00    0.15089E-02    0.13123E+00    0.18202E-02    0.24470E+00    0.15372E-02    0.14155E+00    0.47794E-06    0.16793E-05    0.54469E-06    0.47794E-06    0.00000E+00    0.16793E-05    0.00000E+00    0.54469E-06    0.00000E+00    0.97769E-03    0.00000E+00    0.18327E-02    0.00000E+00    0.10437E-02    0.00000E+00    0.72578E-03    0.00000E+00    0.11975E-02    0.00000E+00    0.75199E-03    0.00000E+00    0.80131E-07    0.96666E-07    0.82336E-07    0.00000E+00    0.80131E-01    0.00000E+00    0.96666E-01    0.00000E+00    0.82336E-01    0.35328E-02    0.40033E+00    0.28093E-02    0.43970E+00    0.34451E-02    0.40580E+00    0.25329E-02    0.30284E+00    0.21316E-02    0.36704E+00    0.24794E-02    0.31140E+00
13400  0    0.29782E-06    0.60723E-06    0.32595E-06    0.26375E-06    0.34069E-01    0.54427E-06    0.62959E-01    0.28925E-06    0.36695E-01    0.24177E-02    0.26103E+00    0.24775E-02    0.35485E+00    0.24232E-02    0.27091E+00    0.14921E-02    0.13018E+00    0.17964E-02    0.24198E+00    0.15198E-02    0.14035E+00    0.46545E-06    0.16328E-05    0.53030E-06    0.46545E-06    0.00000E+00    0.16328E-05    0.00000E+00    0.53030E-06    0.00000E+00    0.96483E-03    0.00000E+00    0.18071E-02    0.00000E+00    0.10299E-02    0.00000E+00    0.71757E-03    0.00000E+00    0.12094E-02    0.00000E+00    0.74490E-03    0.00000E+00    0.78621E-07    0.94439E-07    0.80730E-07    0.00000E+00    0.78621E-01    0.00000E+00    0.94439E-01    0.00000E+00    0.80730E-01    0.35031E-02    0.39654E+00    0.27521E-02    0.43460E+00    0.34125E-02    0.40182E+00    0.25050E-02    0.30042E+00    0.20898E-02    0.36297E+00    0.24496E-02    0.30876E+00
13500  1    0.39861E-06    0.83953E-06    0.43870E-06    0.36520E-06    0.33414E-01    0.77816E-06    0.61372E-01    0.40274E-06    0.35955E-01    0.24334E-02    0.25851E+00    0.25933E-02    0.35035E+00    0.24483E-02    0.26816E+00    0.15653E-02    0.12911E+00    0.20214E-02    0.23906E+00    0.16067E-02    0.13911E+00    0.64447E-06    0.23345E-05    0.73836E-06    0.64447E-06    0.00000E+00    0.23345E-05    0.00000E+00    0.73836E-06    0.00000E+00    0.11353E-02    0.00000E+00    0.21608E-02    0.00000E+00    0.12152E-02    0.00000E+00    0.84555E-03    0.00000E+00    0.16763E-02    0.00000E+00    0.89170E-03    0.00000E+00    0.77109E-07    0.92058E-07    0.79102E-07    0.00000E+00    0.77109E-01    0.00000E+00    0.92058E-01    0.00000E+00    0.79102E-01    0.34611E-02    0.39271E+00    0.27845E-02    0.42909E+00    0.33787E-02    0.39775E+00    0.25064E-02    0.29795E+00    0.21940E-02    0.35859E+00    0.24647E-02    0.30604E+00
13600  0    0.29706E-06    0.60403E-06    0.32497E-06    0.26426E-06    0.32807E-01    0.54391E-06    0.60113E-01    0.28968E-06    0.35289E-01    0.23799E-02    0.25615E+00    0.24255E-02    0.34673E+00    0.23841E-02    0.26567E+00    0.14728E-02    0.12817E+00    0.17972E-02    0.23659E+00    0.15023E-02    0.13803E+00    0.46633E-06    0.16317E-05    0.53108E-06    0.46633E-06    0.00000E+00    0.16317E-05    0.00000E+00    0.53108E-06    0.00000E+00    0.96575E-03    0.00000E+00    0.18065E-02    0.00000E+00    0.10306E-02    0.00000E+00    0.71484E-03    0.00000E+00    0.12693E-02    0.00000E+00    0.74565E-03    0.00000E+00    0.75709E-07    0.90169E-07    0.77637E-07    0.00000E+00    0.75709E-01    0.00000E+00    0.90169E-01    0.00000E+00    0.77637E-01    0.34425E-02    0.38912E+00    0.26819E-02    0.42466E+00    0.33511E-02    0.39405E+00    0.24640E-02    0.29578E+00    0.20612E-02    0.35489E+00    0.24103E-02    0.30366E+00
13700  0    0.28929E-06    0.60026E-06    0.31756E-06    0.25704E-06    0.32254E-01    0.54142E-06    0.58850E-01    0.28289E-06    0.34672E-01    0.23609E-02    0.25398E+00    0.24052E-02    0.34307E+00    0.23649E-02    0.26333E+00    0.14558E-02    0.12727E+00    0.17818E-02    0.23418E+00    0.14854E-02    0.13699E+00    0.45359E-06    0.16242E-05    0.51863E-06    0.45359E-06    0.00000E+00    0.16242E-05    0.00000E+00    0.51863E-06    0.00000E+00    0.95246E-03    0.00000E+00    0.18024E-02    0.00000E+00    0.10185E-02    0.00000E+00    0.70302E-03    0.00000E+00    0.12754E-02    0.00000E+00    0.73482E-03    0.00000E+00    0.74432E-07    0.88274E-07    0.76278E-07    0.00000E+00    0.74432E-01    0.00000E+00    0.88274E-01    0.00000E+00    0.76278E-01    0.34170E-02    0.38583E+00    0.26558E-02    0.42018E+00    0.33256E-02    0.39058E+00    0.24402E-02    0.29370E+00    0.20350E-02    0.35127E+00    0.23862E-02    0.30138E+00
13800  0    0.27999E-06    0.57531E-06    0.30684E-06    0.24827E-06    0.31719E-01    0.51766E-06    0.57655E-01    0.27276E-06    0.34077E-01    0.23561E-02    0.25187E+00    0.24618E-02    0.33957E+00    0.23659E-02    0.26106E+00    0.14533E-02    0.12632E+00    0.17840E-02    0.23172E+00    0.14834E-02    0.13591E+00    0.43812E-06    0.15530E-05    0.50006E-06    0.43812E-06    0.00000E+00    0.15530E-05    0.00000E+00    0.50006E-06    0.00000E+00    0.93608E-03    0.00000E+00    0.17624E-02    0.00000E+00    0.10001E-02    0.00000E+00    0.69329E-03    0.00000E+00    0.11648E-02    0.00000E+00    0.71948E-03    0.00000E+00    0.73198E-07    0.86482E-07    0.74969E-07    0.00000E+00    0.73198E-01    0.00000E+00    0.86482E-01    0.00000E+00    0.74969E-01    0.34153E-02    0.38262E+00    0.27454E-02    0.41589E+00    0.33338E-02    0.38722E+00    0.24472E-02    0.29152E+00    0.20936E-02    0.34758E+00    0.24001E-02    0.29899E+00
13900  0    0.28572E-06    0.50167E-06    0.30535E-06    0.25455E-06    0.31174E-01    0.44519E-06    0.56479E-01    0.27188E-06    0.33474E-01    0.23420E-02    0.24970E+00    0.22613E-02    0.33609E+00    0.23348E-02    0.25874E+00    0.14400E-02    0.12541E+00    0.16455E-02    0.22953E+00    0.14586E-02    0.13488E+00    0.44920E-06    0.13356E-05    0.49845E-06    0.44920E-06    0.00000E+00    0.13356E-05    0.00000E+00    0.49845E-06    0.00000E+00    0.94784E-03    0.00000E+00    0.16344E-02    0.00000E+00    0.99844E-03    0.00000E+00    0.71199E-03    0.00000E+00    0.11670E-02    0.00000E+00    0.73727E-03    0.00000E+00    0.71940E-07    0.84719E-07    0.73643E-07    0.00000E+00    0.71940E-01    0.00000E+00    0.84719E-01    0.00000E+00    0.73643E-01    0.33886E-02    0.37931E+00    0.25168E-02    0.41163E+00    0.32857E-02    0.38378E+00    0.23919E-02    0.28941E+00    0.18848E-02    0.34429E+00    0.23243E-02    0.29673E+00
14000  1    0.49877E-06    0.80314E-06    0.52644E-06    0.46813E-06    0.30639E-01    0.74798E-06    0.55155E-01    0.49357E-06    0.32867E-01    0.24210E-02    0.24754E+00    0.23936E-02    0.33213E+00    0.24186E-02    0.25639E+00    0.16263E-02    0.12443E+00    0.19218E-02    0.22702E+00    0.16531E-02    0.13376E+00    0.82611E-06    0.22439E-05    0.90488E-06    0.82611E-06    0.00000E+00    0.22439E-05    0.00000E+00    0.90488E-06    0.00000E+00    0.12854E-02    0.00000E+00    0.21185E-02    0.00000E+00    0.13453E-02    0.00000E+00    0.99245E-03    0.00000E+00    0.17938E-02    0.00000E+00    0.10370E-02    0.00000E+00    0.70705E-07    0.82733E-07    0.72308E-07    0.00000E+00    0.70705E-01    0.00000E+00    0.82733E-01    0.00000E+00    0.72308E-01    0.33713E-02    0.37604E+00    0.25199E-02    0.40678E+00    0.32706E-02    0.38029E+00    0.24551E-02    0.28716E+00    0.19857E-02    0.34052E+00    0.23925E-02    0.29427E+00
14100  2    0.29616E-06    0.58467E-06    0.32238E-06    0.26592E-06    0.30239E-01    0.53039E-06    0.54279E-01    0.28996E-06    0.32424E-01    0.23391E-02    0.24592E+00    0.24991E-02    0.32948E+00    0.23541E-02    0.25465E+00    0.14655E-02    0.12365E+00    0.18119E-02    0.22491E+00    0.14970E-02    0.13286E+00    0.46927E-06    0.15912E-05    0.53159E-06    0.46927E-06    0.00000E+00    0.15912E-05    0.00000E+00    0.53159E-06    0.00000E+00    0.96878E-03    0.00000E+00    0.17839E-02    0.00000E+00    0.10311E-02    0.00000E+00    0.72562E-03    0.00000E+00    0.12008E-02    0.00000E+00    0.75202E-03    0.00000E+00    0.69782E-07    0.81419E-07    0.71334E-07    0.00000E+00    0.69782E-01    0.00000E+00    0.81419E-01    0.00000E+00    0.71334E-01    0.33763E-02    0.37358E+00    0.27887E-02    0.40353E+00    0.33040E-02    0.37771E+00    0.24331E-02    0.28536E+00    0.21174E-02    0.33737E+00    0.23910E-02    0.29229E+00
14200  3    0.30784E-06    0.54199E-06    0.32913E-06    0.27820E-06    0.29647E-01    0.48901E-06    0.52989E-01    0.29736E-06    0.31769E-01    0.23086E-02    0.24350E+00    0.24130E-02    0.32554E+00    0.23183E-02    0.25207E+00    0.14730E-02    0.12257E+00    0.18246E-02    0.22226E+00    0.15050E-02    0.13163E+00    0.49094E-06    0.14670E-05    0.54516E-06    0.49094E-06    0.00000E+00    0.14670E-05    0.00000E+00    0.54516E-06    0.00000E+00    0.99090E-03    0.00000E+00    0.17129E-02    0.00000E+00    0.10442E-02    0.00000E+00    0.75759E-03    0.00000E+00    0.12328E-02    0.00000E+00    0.78400E-03    0.00000E+00    0.68416E-07    0.79484E-07    0.69892E-07    0.00000E+00    0.68416E-01    0.00000E+00    0.79484E-01    0.00000E+00    0.69892E-01    0.33189E-02    0.36991E+00    0.26958E-02    0.39871E+00    0.32427E-02    0.37388E+00    0.24086E-02    0.28285E+00    0.21205E-02    0.33339E+00    0.23702E-02    0.28959E+00
14300  0    0.69579E-06    0.38418E-06    0.66746E-06    0.66664E-06    0.29148E-01    0.33200E-06    0.52179E-01    0.63622E-06    0.31241E-01    0.26350E-02    0.24144E+00    0.20401E-02    0.32305E+00    0.25865E-02    0.24997E+00    0.18960E-02    0.12173E+00    0.16245E-02    0.22086E+00    0.18713E-02    0.13075E+00    0.11764E-05    0.99599E-06    0.11664E-05    0.11764E-05    0.00000E+00    0.99599E-06    0.00000E+00    0.11664E-05    0.00000E+00    0.15339E-02    0.00000E+00    0.14114E-02    0.00000E+00    0.15274E-02    0.00000E+00    0.13611E-02    0.00000E+00    0.12743E-02    0.00000E+00    0.13563E-02    0.00000E+00    0.67264E-07    0.78269E-07    0.68731E-07    0.00000E+00    0.67264E-01    0.00000E+00    0.78269E-01    0.00000E+00    0.68731E-01    0.35980E-02    0.36678E+00    0.22907E-02    0.39565E+00    0.34524E-02    0.37076E+00    0.25955E-02    0.28093E+00    0.17996E-02    0.33129E+00    0.24894E-02    0.28764E+00
14400  1    0.25154E-06    0.48572E-06    0.27283E-06    0.22270E-06    0.28833E-01    0.43458E-06    0.51133E-01    0.24197E-06    0.30860E-01    0.22515E-02    0.24014E+00    0.22912E-02    0.31979E+00    0.22551E-02    0.24843E+00    0.13795E-02    0.12097E+00    0.16788E-02    0.21871E+00    0.14067E-02    0.12985E+00    0.39301E-06    0.13038E-05    0.44360E-06    0.39301E-06    0.00000E+00    0.13038E-05    0.00000E+00    0.44360E-06    0.00000E+00    0.88657E-03    0.00000E+00    0.16148E-02    0.00000E+00    0.94192E-03    0.00000E+00    0.65516E-03    0.00000E+00    0.11346E-02    0.00000E+00    0.68180E-03    0.00000E+00    0.66537E-07    0.76699E-07    0.67892E-07    0.00000E+00    0.66537E-01    0.00000E+00    0.76699E-01    0.00000E+00    0.67892E-01    0.32666E-02    0.36479E+00    0.25633E-02    0.39166E+00    0.31818E-02    0.36849E+00    0.23267E-02    0.27915E+00    0.19510E-02    0.32806E+00    0.22766E-02    0.28567E+00
14500  2    0.41802E-06    0.80540E-06    0.45324E-06    0.38958E-06    0.28443E-01    0.75536E-06    0.50039E-01    0.42283E-06    0.30406E-01    0.23621E-02    0.23851E+00    0.27780E-02    0.31635E+00    0.24029E-02    0.24660E+00    0.15824E-02    0.12010E+00    0.21501E-02    0.21641E+00    0.16340E-02    0.12885E+00    0.68749E-06    0.22661E-05    0.77519E-06    0.68749E-06    0.00000E+00    0.22661E-05    0.00000E+00    0.77519E-06    0.00000E+00    0.11726E-02    0.00000E+00    0.21289E-02    0.00000E+00    0.12451E-02    0.00000E+00    0.90852E-03    0.00000E+00    0.15575E-02    0.00000E+00    0.94457E-03    0.00000E+00    0.65637E-07    0.75058E-07    0.66893E-07    0.00000E+00    0.65637E-01    0.00000E+00    0.75058E-01    0.00000E+00    0.66893E-01    0.33283E-02    0.36232E+00    0.30512E-02    0.38745E+00    0.32927E-02    0.36577E+00    0.24635E-02    0.27715E+00    0.24465E-02    0.32462E+00    0.24613E-02    0.28348E+00
14600  3    0.24991E-06    0.49487E-06    0.27218E-06    0.22188E-06    0.28032E-01    0.44560E-06    0.49271E-01    0.24222E-06    0.29962E-01    0.22236E-02    0.23678E+00    0.22919E-02    0.31391E+00    0.22299E-02    0.24480E+00    0.13643E-02    0.11933E+00    0.16868E-02    0.21497E+00    0.13936E-02    0.12803E+00    0.39155E-06    0.13368E-05    0.44406E-06    0.39155E-06    0.00000E+00    0.13368E-05    0.00000E+00    0.44406E-06    0.00000E+00    0.88493E-03    0.00000E+00    0.16351E-02    0.00000E+00    0.94241E-03    0.00000E+00    0.65165E-03    0.00000E+00    0.11513E-02    0.00000E+00    0.67941E-03    0.00000E+00    0.64688E-07    0.73906E-07    0.65917E-07    0.00000E+00    0.64688E-01    0.00000E+00    0.73906E-01    0.00000E+00    0.65917E-01    0.32228E-02    0.35969E+00    0.25578E-02    0.38446E+00    0.31423E-02    0.36309E+00    0.22962E-02    0.27538E+00    0.19545E-02    0.32246E+00    0.22506E-02    0.28166E+00
14700  4    0.24249E-06    0.44385E-06    0.26080E-06    0.21489E-06    0.27604E-01    0.39551E-06    0.48336E-01    0.23131E-06    0.29489E-01    0.22037E-02    0.23496E+00    0.22227E-02    0.31092E+00    0.22055E-02    0.24285E+00    0.13507E-02    0.11846E+00    0.16279E-02    0.21303E+00    0.13759E-02    0.12705E+00    0.37922E-06    0.11865E-05    0.42407E-06    0.37922E-06    0.00000E+00    0.11865E-05    0.00000E+00    0.42407E-06    0.00000E+00    0.87088E-03    0.00000E+00    0.15405E-02    0.00000E+00    0.92094E-03    0.00000E+00    0.64377E-03    0.00000E+00    0.11002E-02    0.00000E+00    0.66913E-03    0.00000E+00    0.63702E-07    0.72504E-07    0.64875E-07    0.00000E+00    0.63702E-01    0.00000E+00    0.72504E-01    0.00000E+00    0.64875E-01    0.31962E-02    0.35694E+00    0.24948E-02    0.38080E+00    0.31118E-02    0.36021E+00    0.22752E-02    0.27336E+00    0.18918E-02    0.31955E+00    0.22241E-02    0.27952E+00
14800  5    0.23622E-06    0.43919E-06    0.25467E-06    0.20897E-06    0.27251E-01    0.39169E-06    0.47508E-01    0.22558E-06    0.29093E-01    0.21921E-02    0.23346E+00    0.22458E-02    0.30825E+00    0.21970E-02    0.24122E+00    0.13413E-02    0.11769E+00    0.16329E-02    0.21133E+00    0.13678E-02    0.12621E+00    0.36877E-06    0.11751E-05    0.41356E-06    0.36877E-06    0.00000E+00    0.11751E-05    0.00000E+00    0.41356E-06    0.00000E+00    0.85880E-03    0.00000E+00    0.15330E-02    0.00000E+00    0.90946E-03    0.00000E+00    0.63386E-03    0.00000E+00    0.10670E-02    0.00000E+00    0.65792E-03    0.00000E+00    0.62887E-07    0.71262E-07    0.64004E-07    0.00000E+00    0.62887E-01    0.00000E+00    0.71262E-01    0.00000E+00    0.64004E-01    0.31819E-02    0.35465E+00    0.25279E-02    0.37752E+00    0.31027E-02    0.35778E+00    0.22664E-02    0.27160E+00    0.19158E-02    0.31699E+00    0.22197E-02    0.27765E+00
14900  6    0.23356E-06    0.41989E-06    0.25050E-06    0.20667E-06    0.26894E-01    0.37322E-06    0.46678E-01    0.22181E-06    0.28692E-01    0.21797E-02    0.23192E+00    0.22539E-02    0.30554E+00    0.21865E-02    0.23955E+00    0.13367E-02    0.11692E+00    0.16238E-02    0.20956E+00    0.13628E-02    0.12535E+00    0.36471E-06    0.11196E-05    0.40665E-06    0.36471E-06    0.00000E+00    0.11196E-05    0.00000E+00    0.40665E-06    0.00000E+00    0.85406E-03    0.00000E+00    0.14964E-02    0.00000E+00    0.90183E-03    0.00000E+00    0.62988E-03    0.00000E+00    0.10180E-02    0.00000E+00    0.65144E-03    0.00000E+00    0.62063E-07    0.70017E-07    0.63123E-07    0.00000E+00    0.62063E-01    0.00000E+00    0.70017E-01    0.00000E+00    0.63123E-01    0.31638E-02    0.35231E+00    0.25496E-02    0.37421E+00    0.30890E-02    0.35531E+00    0.22609E-02    0.26983E+00    0.19266E-02    0.31433E+00    0.22163E-02    0.27576E+00
15000  7    0.22981E-06    0.41680E-06    0.24681E-06    0.20328E-06    0.26534E-01    0.37096E-06    0.45843E-01    0.21852E-06    0.28289E-01    0.21576E-02    0.23036E+00    0.21986E-02    0.30280E+00    0.21614E-02    0.23786E+00    0.13191E-02    0.11613E+00    0.16029E-02    0.20783E+00    0.13449E-02    0.12447E+00    0.35873E-06    0.11129E-05    0.40063E-06    0.35873E-06    0.00000E+00    0.11129E-05    0.00000E+00    0.40063E-06    0.00000E+00    0.84703E-03    0.00000E+00    0.14919E-02    0.00000E+00    0.89513E-03    0.00000E+00    0.62357E-03    0.00000E+00    0.10568E-02    0.00000E+00    0.64764E-03    0.00000E+00    0.61231E-07    0.68764E-07    0.62236E-07    0.00000E+00    0.61231E-01    0.00000E+00    0.68764E-01    0.00000E+00    0.62236E-01    0.31313E-02    0.34995E+00    0.24774E-02    0.37085E+00    0.30522E-02    0.35280E+00    0.22287E-02    0.26799E+00    0.18759E-02    0.31175E+00    0.21817E-02    0.27383E+00
15100  8    0.22602E-06    0.39585E-06    0.24146E-06    0.19982E-06    0.26199E-01    0.35079E-06    0.45064E-01    0.21354E-06    0.27914E-01    0.21441E-02    0.22891E+00    0.21639E-02    0.30021E+00    0.21459E-02    0.23628E+00    0.13087E-02    0.11539E+00    0.15702E-02    0.20619E+00    0.13325E-02    0.12364E+00    0.35262E-06    0.10524E-05    0.39150E-06    0.35262E-06    0.00000E+00    0.10524E-05    0.00000E+00    0.39150E-06    0.00000E+00    0.83979E-03    0.00000E+00    0.14508E-02    0.00000E+00    0.88487E-03    0.00000E+00    0.62048E-03    0.00000E+00    0.10308E-02    0.00000E+00    0.64328E-03    0.00000E+00    0.60460E-07    0.67595E-07    0.61412E-07    0.00000E+00    0.60460E-01    0.00000E+00    0.67595E-01    0.00000E+00    0.61412E-01    0.31124E-02    0.34774E+00    0.24437E-02    0.36768E+00    0.30317E-02    0.35046E+00    0.22086E-02    0.26627E+00    0.18400E-02    0.30928E+00    0.21595E-02    0.27201E+00
15200  0    0.23542E-06    0.32639E-06    0.24369E-06    0.20955E-06    0.25866E-01    0.28205E-06    0.44339E-01    0.21614E-06    0.27545E-01    0.21521E-02    0.22745E+00    0.21148E-02    0.29779E+00    0.21487E-02    0.23471E+00    0.13180E-02    0.11464E+00    0.15031E-02    0.20459E+00    0.13349E-02    0.12282E+00    0.36979E-06    0.84615E-06    0.39626E-06    0.36979E-06    0.00000E+00    0.84615E-06    0.00000E+00    0.39626E-06    0.00000E+00    0.85999E-03    0.00000E+00    0.13009E-02    0.00000E+00    0.89023E-03    0.00000E+00    0.64585E-03    0.00000E+00    0.89738E-03    0.00000E+00    0.65982E-03    0.00000E+00    0.59691E-07    0.66509E-07    0.60600E-07    0.00000E+00    0.59691E-01    0.00000E+00    0.66509E-01    0.00000E+00    0.60600E-01    0.31178E-02    0.34552E+00    0.24213E-02    0.36472E+00    0.30342E-02    0.34814E+00    0.21971E-02    0.26455E+00    0.18059E-02    0.30689E+00    0.21449E-02    0.27020E+00
15300  1    0.22214E-06    0.36705E-06    0.23531E-06    0.19656E-06    0.25570E-01    0.32348E-06    0.43570E-01    0.20810E-06    0.27207E-01    0.21148E-02    0.22614E+00    0.20942E-02    0.29520E+00    0.21129E-02    0.23327E+00    0.12906E-02    0.11394E+00    0.15159E-02    0.20299E+00    0.13111E-02    0.12204E+00    0.34688E-06    0.97044E-06    0.38152E-06    0.34688E-06    0.00000E+00    0.97044E-06    0.00000E+00    0.38152E-06    0.00000E+00    0.83292E-03    0.00000E+00    0.13932E-02    0.00000E+00    0.87352E-03    0.00000E+00    0.62129E-03    0.00000E+00    0.10103E-02    0.00000E+00    0.64290E-03    0.00000E+00    0.59008E-07    0.65356E-07    0.59854E-07    0.00000E+00    0.59008E-01    0.00000E+00    0.65356E-01    0.00000E+00    0.59854E-01    0.30682E-02    0.34354E+00    0.23681E-02    0.36154E+00    0.29843E-02    0.34599E+00    0.21658E-02    0.26294E+00    0.17688E-02    0.30448E+00    0.21129E-02    0.26848E+00
15400  2    0.24527E-06    0.40245E-06    0.25956E-06    0.22003E-06    0.25240E-01    0.35969E-06    0.42767E-01    0.23273E-06    0.26833E-01    0.21027E-02    0.22468E+00    0.20623E-02    0.29246E+00    0.20991E-02    0.23166E+00    0.13060E-02    0.11317E+00    0.15322E-02    0.20123E+00    0.13266E-02    0.12117E+00    0.38830E-06    0.10791E-05    0.42667E-06    0.38830E-06    0.00000E+00    0.10791E-05    0.00000E+00    0.42667E-06    0.00000E+00    0.88124E-03    0.00000E+00    0.14691E-02    0.00000E+00    0.92377E-03    0.00000E+00    0.66180E-03    0.00000E+00    0.11121E-02    0.00000E+00    0.68682E-03    0.00000E+00    0.58245E-07    0.64150E-07    0.59032E-07    0.00000E+00    0.58245E-01    0.00000E+00    0.64150E-01    0.00000E+00    0.59032E-01    0.30312E-02    0.34131E+00    0.23023E-02    0.35819E+00    0.29444E-02    0.34361E+00    0.21484E-02    0.26116E+00    0.17423E-02    0.30185E+00    0.20943E-02    0.26658E+00
15500  3    0.22123E-06    0.40261E-06    0.23772E-06    0.19626E-06    0.24971E-01    0.36052E-06    0.42083E-01    0.21119E-06    0.26527E-01    0.20839E-02    0.22348E+00    0.21904E-02    0.29011E+00    0.20938E-02    0.23033E+00    0.12829E-02    0.11250E+00    0.16014E-02    0.19963E+00    0.13118E-02    0.12042E+00    0.34634E-06    0.10816E-05    0.38719E-06    0.34634E-06    0.00000E+00    0.10816E-05    0.00000E+00    0.38719E-06    0.00000E+00    0.83228E-03    0.00000E+00    0.14708E-02    0.00000E+00    0.87999E-03    0.00000E+00    0.60799E-03    0.00000E+00    0.10344E-02    0.00000E+00    0.63168E-03    0.00000E+00    0.57626E-07    0.63124E-07    0.58359E-07    0.00000E+00    0.57626E-01    0.00000E+00    0.63124E-01    0.00000E+00    0.58359E-01    0.30192E-02    0.33949E+00    0.24729E-02    0.35532E+00    0.29522E-02    0.34164E+00    0.21654E-02    0.25961E+00    0.18849E-02    0.29944E+00    0.21280E-02    0.26493E+00
15600  4    0.24355E-06    0.36982E-06    0.25503E-06    0.21890E-06    0.24646E-01    0.32846E-06    0.41357E-01    0.22886E-06    0.26165E-01    0.20785E-02    0.22202E+00    0.20699E-02    0.28760E+00    0.20778E-02    0.22876E+00    0.13097E-02    0.11176E+00    0.15263E-02    0.19799E+00    0.13293E-02    0.11960E+00    0.38630E-06    0.98538E-06    0.41958E-06    0.38630E-06    0.00000E+00    0.98538E-06    0.00000E+00    0.41958E-06    0.00000E+00    0.87897E-03    0.00000E+00    0.14038E-02    0.00000E+00    0.91606E-03    0.00000E+00    0.67358E-03    0.00000E+00    0.10566E-02    0.00000E+00    0.69486E-03    0.00000E+00    0.56876E-07    0.62035E-07    0.57564E-07    0.00000E+00    0.56876E-01    0.00000E+00    0.62035E-01    0.00000E+00    0.57564E-01    0.29933E-02    0.33727E+00    0.23327E-02    0.35224E+00    0.29139E-02    0.33930E+00    0.21414E-02    0.25792E+00    0.17611E-02    0.29698E+00    0.20907E-02    0.26313E+00
15700  0    0.22537E-06    0.28434E-06    0.23073E-06    0.20097E-06    0.24406E-01    0.24354E-06    0.40797E-01    0.20484E-06    0.25896E-01    0.20733E-02    0.22094E+00    0.19842E-02    0.28564E+00    0.20654E-02    0.22758E+00    0.12770E-02    0.11124E+00    0.14131E-02    0.19672E+00    0.12893E-02    0.11901E+00    0.35464E-06    0.73063E-06    0.37553E-06    0.35464E-06    0.00000E+00    0.73063E-06    0.00000E+00    0.37553E-06    0.00000E+00    0.84219E-03    0.00000E+00    0.12088E-02    0.00000E+00    0.86664E-03    0.00000E+00    0.64727E-03    0.00000E+00    0.89468E-03    0.00000E+00    0.66101E-03    0.00000E+00    0.56322E-07    0.61195E-07    0.56972E-07    0.00000E+00    0.56322E-01    0.00000E+00    0.61195E-01    0.00000E+00    0.56972E-01    0.29987E-02    0.33563E+00    0.22749E-02    0.34984E+00    0.29126E-02    0.33756E+00    0.21004E-02    0.25670E+00    0.16723E-02    0.29508E+00    0.20433E-02    0.26182E+00
15800  1    0.23625E-06    0.31032E-06    0.24298E-06    0.21201E-06    0.24234E-01    0.27006E-06    0.40257E-01    0.21729E-06    0.25691E-01    0.20842E-02    0.22016E+00    0.20338E-02    0.28375E+00    0.20797E-02    0.22668E+00    0.12777E-02    0.11078E+00    0.14443E-02    0.19558E+00    0.12928E-02    0.11849E+00    0.37414E-06    0.81018E-06    0.39837E-06    0.37414E-06    0.00000E+00    0.81018E-06    0.00000E+00    0.39837E-06    0.00000E+00    0.86503E-03    0.00000E+00    0.12729E-02    0.00000E+00    0.89260E-03    0.00000E+00    0.65318E-03    0.00000E+00    0.86936E-03    0.00000E+00    0.66519E-03    0.00000E+00    0.55925E-07    0.60386E-07    0.56520E-07    0.00000E+00    0.55925E-01    0.00000E+00    0.60386E-01    0.00000E+00    0.56520E-01    0.30077E-02    0.33444E+00    0.23226E-02    0.34752E+00    0.29256E-02    0.33621E+00    0.20943E-02    0.25565E+00    0.17318E-02    0.29337E+00    0.20460E-02    0.26068E+00
15900  2    0.25180E-06    0.43750E-06    0.26868E-06    0.22784E-06    0.23956E-01    0.39804E-06    0.39463E-01    0.24332E-06    0.25366E-01    0.20727E-02    0.21889E+00    0.22984E-02    0.28094E+00    0.20942E-02    0.22524E+00    0.13231E-02    0.11006E+00    0.16969E-02    0.19361E+00    0.13570E-02    0.11765E+00    0.40208E-06    0.11941E-05    0.44608E-06    0.40208E-06    0.00000E+00    0.11941E-05    0.00000E+00    0.44608E-06    0.00000E+00    0.89675E-03    0.00000E+00    0.15454E-02    0.00000E+00    0.94454E-03    0.00000E+00    0.67944E-03    0.00000E+00    0.10850E-02    0.00000E+00    0.70197E-03    0.00000E+00    0.55283E-07    0.59194E-07    0.55805E-07    0.00000E+00    0.55283E-01    0.00000E+00    0.59194E-01    0.00000E+00    0.55805E-01    0.29770E-02    0.33252E+00    0.25943E-02    0.34408E+00    0.29288E-02    0.33408E+00    0.21647E-02    0.25398E+00    0.20029E-02    0.29042E+00    0.21431E-02    0.25884E+00
16000  3    0.20182E-06    0.30645E-06    0.21133E-06    0.17811E-06    0.23714E-01    0.26754E-06    0.38915E-01    0.18624E-06    0.25096E-01    0.20163E-02    0.21778E+00    0.20124E-02    0.27898E+00    0.20159E-02    0.22403E+00    0.12244E-02    0.10953E+00    0.14347E-02    0.19241E+00    0.12436E-02    0.11706E+00    0.31431E-06    0.80262E-06    0.34143E-06    0.31431E-06    0.00000E+00    0.80262E-06    0.00000E+00    0.34143E-06    0.00000E+00    0.79285E-03    0.00000E+00    0.12670E-02    0.00000E+00    0.82636E-03    0.00000E+00    0.58753E-03    0.00000E+00    0.90532E-03    0.00000E+00    0.60518E-03    0.00000E+00    0.54724E-07    0.58372E-07    0.55210E-07    0.00000E+00    0.54724E-01    0.00000E+00    0.58372E-01    0.00000E+00    0.55210E-01    0.29257E-02    0.33083E+00    0.22960E-02    0.34168E+00    0.28498E-02    0.33230E+00    0.20573E-02    0.25276E+00    0.16994E-02    0.28861E+00    0.20096E-02    0.25754E+00
16100  4    0.21060E-06    0.34958E-06    0.22323E-06    0.18711E-06    0.23494E-01    0.31128E-06    0.38302E-01    0.19839E-06    0.24840E-01    0.20098E-02    0.21677E+00    0.20731E-02    0.27677E+00    0.20157E-02    0.22289E+00    0.12322E-02    0.10894E+00    0.14919E-02    0.19096E+00    0.12558E-02    0.11640E+00    0.33019E-06    0.93383E-06    0.36372E-06    0.33019E-06    0.00000E+00    0.93383E-06    0.00000E+00    0.36372E-06    0.00000E+00    0.81264E-03    0.00000E+00    0.13666E-02    0.00000E+00    0.85291E-03    0.00000E+00    0.59985E-03    0.00000E+00    0.97174E-03    0.00000E+00    0.62051E-03    0.00000E+00    0.54216E-07    0.57453E-07    0.54648E-07    0.00000E+00    0.54216E-01    0.00000E+00    0.57453E-01    0.00000E+00    0.54648E-01    0.29083E-02    0.32929E+00    0.23480E-02    0.33898E+00    0.28400E-02    0.33060E+00    0.20592E-02    0.25141E+00    0.17520E-02    0.28643E+00    0.20182E-02    0.25608E+00
16200  5    0.20242E-06    0.33003E-06    0.21402E-06    0.17916E-06    0.23257E-01    0.29235E-06    0.37683E-01    0.18945E-06    0.24568E-01    0.19787E-02    0.21567E+00    0.19866E-02    0.27453E+00    0.19794E-02    0.22167E+00    0.12082E-02    0.10839E+00    0.14446E-02    0.18948E+00    0.12297E-02    0.11576E+00    0.31617E-06    0.87704E-06    0.34733E-06    0.31617E-06    0.00000E+00    0.87704E-06    0.00000E+00    0.34733E-06    0.00000E+00    0.79520E-03    0.00000E+00    0.13244E-02    0.00000E+00    0.83346E-03    0.00000E+00    0.58486E-03    0.00000E+00    0.98273E-03    0.00000E+00    0.60697E-03    0.00000E+00    0.53670E-07    0.56525E-07    0.54050E-07    0.00000E+00    0.53670E-01    0.00000E+00    0.56525E-01    0.00000E+00    0.54050E-01    0.28650E-02    0.32763E+00    0.22456E-02    0.33623E+00    0.27904E-02    0.32879E+00    0.20233E-02    0.25013E+00    0.16755E-02    0.28423E+00    0.19769E-02    0.25467E+00
16300  6    0.19357E-06    0.30513E-06    0.20371E-06    0.17054E-06    0.23023E-01    0.26805E-06    0.37083E-01    0.17941E-06    0.24301E-01    0.19677E-02    0.21458E+00    0.20188E-02    0.27233E+00    0.19724E-02    0.22046E+00    0.11996E-02    0.10779E+00    0.14348E-02    0.18796E+00    0.12210E-02    0.11508E+00    0.30096E-06    0.80414E-06    0.32891E-06    0.30096E-06    0.00000E+00    0.80414E-06    0.00000E+00    0.32891E-06    0.00000E+00    0.77583E-03    0.00000E+00    0.12682E-02    0.00000E+00    0.81106E-03    0.00000E+00    0.56788E-03    0.00000E+00    0.88424E-03    0.00000E+00    0.58545E-03    0.00000E+00    0.53130E-07    0.55624E-07    0.53463E-07    0.00000E+00    0.53130E-01    0.00000E+00    0.55624E-01    0.00000E+00    0.53463E-01    0.28544E-02    0.32598E+00    0.23042E-02    0.33354E+00    0.27873E-02    0.32699E+00    0.20258E-02    0.24875E+00    0.17101E-02    0.28194E+00    0.19837E-02    0.25318E+00
16400  0    0.19204E-06    0.26627E-06    0.19879E-06    0.16921E-06    0.22832E-01    0.22970E-06    0.36571E-01    0.17471E-06    0.24081E-01    0.19582E-02    0.21369E+00    0.19179E-02    0.27045E+00    0.19546E-02    0.21946E+00    0.11888E-02    0.10732E+00    0.13622E-02    0.18674E+00    0.12046E-02    0.11454E+00    0.29861E-06    0.68910E-06    0.32030E-06    0.29861E-06    0.00000E+00    0.68910E-06    0.00000E+00    0.32030E-06    0.00000E+00    0.77280E-03    0.00000E+00    0.11740E-02    0.00000E+00    0.80038E-03    0.00000E+00    0.57648E-03    0.00000E+00    0.84588E-03    0.00000E+00    0.59144E-03    0.00000E+00    0.52690E-07    0.54857E-07    0.52979E-07    0.00000E+00    0.52690E-01    0.00000E+00    0.54857E-01    0.00000E+00    0.52979E-01    0.28405E-02    0.32462E+00    0.21974E-02    0.33123E+00    0.27634E-02    0.32551E+00    0.19896E-02    0.24765E+00    0.16204E-02    0.28010E+00    0.19404E-02    0.25198E+00
16500  1    0.19204E-06    0.28760E-06    0.20073E-06    0.16939E-06    0.22651E-01    0.25157E-06    0.36033E-01    0.17686E-06    0.23868E-01    0.19487E-02    0.21284E+00    0.19543E-02    0.26845E+00    0.19492E-02    0.21848E+00    0.11851E-02    0.10680E+00    0.13912E-02    0.18541E+00    0.12039E-02    0.11395E+00    0.29893E-06    0.75470E-06    0.32425E-06    0.29893E-06    0.00000E+00    0.75470E-06    0.00000E+00    0.32425E-06    0.00000E+00    0.77321E-03    0.00000E+00    0.12286E-02    0.00000E+00    0.80529E-03    0.00000E+00    0.57376E-03    0.00000E+00    0.88196E-03    0.00000E+00    0.59089E-03    0.00000E+00    0.52272E-07    0.54050E-07    0.52509E-07    0.00000E+00    0.52272E-01    0.00000E+00    0.54050E-01    0.00000E+00    0.52509E-01    0.28251E-02    0.32333E+00    0.22303E-02    0.32879E+00    0.27533E-02    0.32406E+00    0.19846E-02    0.24646E+00    0.16458E-02    0.27812E+00    0.19395E-02    0.25068E+00
16600  2    0.18787E-06    0.27755E-06    0.19602E-06    0.16542E-06    0.22453E-01    0.24208E-06    0.35479E-01    0.17239E-06    0.23637E-01    0.19258E-02    0.21191E+00    0.19009E-02    0.26638E+00    0.19235E-02    0.21743E+00    0.11710E-02    0.10631E+00    0.13620E-02    0.18402E+00    0.11884E-02    0.11338E+00    0.29191E-06    0.72623E-06    0.31604E-06    0.29191E-06    0.00000E+00    0.72623E-06    0.00000E+00    0.31604E-06    0.00000E+00    0.76408E-03    0.00000E+00    0.12052E-02    0.00000E+00    0.79504E-03    0.00000E+00    0.56785E-03    0.00000E+00    0.88365E-03    0.00000E+00    0.58539E-03    0.00000E+00    0.51814E-07    0.53218E-07    0.52001E-07    0.00000E+00    0.51814E-01    0.00000E+00    0.53218E-01    0.00000E+00    0.52001E-01    0.27919E-02    0.32191E+00    0.21665E-02    0.32625E+00    0.27168E-02    0.32249E+00    0.19597E-02    0.24533E+00    0.16012E-02    0.27604E+00    0.19119E-02    0.24943E+00
16700  3    0.18566E-06    0.29242E-06    0.19536E-06    0.16339E-06    0.22264E-01    0.25750E-06    0.34921E-01    0.17195E-06    0.23415E-01    0.19163E-02    0.21102E+00    0.19725E-02    0.26428E+00    0.19214E-02    0.21640E+00    0.11676E-02    0.10577E+00    0.13993E-02    0.18257E+00    0.11887E-02    0.11275E+00    0.28834E-06    0.77250E-06    0.31524E-06    0.28834E-06    0.00000E+00    0.77250E-06    0.00000E+00    0.31524E-06    0.00000E+00    0.75940E-03    0.00000E+00    0.12430E-02    0.00000E+00    0.79403E-03    0.00000E+00    0.55565E-03    0.00000E+00    0.87172E-03    0.00000E+00    0.57321E-03    0.00000E+00    0.51379E-07    0.52382E-07    0.51513E-07    0.00000E+00    0.51379E-01    0.00000E+00    0.52382E-01    0.00000E+00    0.51513E-01    0.27785E-02    0.32056E+00    0.22502E-02    0.32367E+00    0.27140E-02    0.32098E+00    0.19679E-02    0.24407E+00    0.16631E-02    0.27386E+00    0.19273E-02    0.24805E+00
16800  4    0.18141E-06    0.27264E-06    0.18971E-06    0.15932E-06    0.22097E-01    0.23821E-06    0.34437E-01    0.16649E-06    0.23219E-01    0.18967E-02    0.21023E+00    0.19042E-02    0.26244E+00    0.18974E-02    0.21550E+00    0.11518E-02    0.10533E+00    0.13527E-02    0.18132E+00    0.11700E-02    0.11224E+00    0.28115E-06    0.71462E-06    0.30523E-06    0.28115E-06    0.00000E+00    0.71462E-06    0.00000E+00    0.30523E-06    0.00000E+00    0.74986E-03    0.00000E+00    0.11955E-02    0.00000E+00    0.78132E-03    0.00000E+00    0.55108E-03    0.00000E+00    0.84956E-03    0.00000E+00    0.56766E-03    0.00000E+00    0.50994E-07    0.51655E-07    0.51082E-07    0.00000E+00    0.50994E-01    0.00000E+00    0.51655E-01    0.00000E+00    0.51082E-01    0.27508E-02    0.31936E+00    0.21736E-02    0.32142E+00    0.26810E-02    0.31963E+00    0.19373E-02    0.24308E+00    0.16042E-02    0.27198E+00    0.18929E-02    0.24693E+00
16900  5    0.25740E-06    0.40002E-06    0.27037E-06    0.23543E-06    0.21976E-01    0.36608E-06    0.33940E-01    0.24731E-06    0.23064E-01    0.19687E-02    0.20965E+00    0.21568E-02    0.26054E+00    0.19865E-02    0.21477E+00    0.12725E-02    0.10489E+00    0.15662E-02    0.18003E+00    0.12992E-02    0.11172E+00    0.41546E-06    0.10983E-05    0.45339E-06    0.41546E-06    0.00000E+00    0.10983E-05    0.00000E+00    0.45339E-06    0.00000E+00    0.91155E-03    0.00000E+00    0.14821E-02    0.00000E+00    0.95225E-03    0.00000E+00    0.69930E-03    0.00000E+00    0.10709E-02    0.00000E+00    0.71994E-03    0.00000E+00    0.50714E-07    0.50910E-07    0.50740E-07    0.00000E+00    0.50714E-01    0.00000E+00    0.50910E-01    0.00000E+00    0.50740E-01    0.28031E-02    0.31848E+00    0.24247E-02    0.31909E+00    0.27557E-02    0.31856E+00    0.20220E-02    0.24206E+00    0.18138E-02    0.27005E+00    0.19942E-02    0.24579E+00
17000  0    0.30430E-06    0.22419E-06    0.29702E-06    0.28252E-06    0.21780E-01    0.19061E-06    0.33580E-01    0.27416E-06    0.22852E-01    0.20339E-02    0.20871E+00    0.20687E-02    0.25915E+00    0.20371E-02    0.21379E+00    0.13077E-02    0.10443E+00    0.14944E-02    0.17897E+00    0.13247E-02    0.11121E+00    0.49856E-06    0.57182E-06    0.50263E-06    0.49856E-06    0.00000E+00    0.57182E-06    0.00000E+00    0.50263E-06    0.00000E+00    0.99856E-03    0.00000E+00    0.10694E-02    0.00000E+00    0.10026E-02    0.00000E+00    0.75086E-03    0.00000E+00    0.77161E-03    0.00000E+00    0.75201E-03    0.00000E+00    0.50261E-07    0.50370E-07    0.50275E-07    0.00000E+00    0.50261E-01    0.00000E+00    0.50370E-01    0.00000E+00    0.50275E-01    0.28710E-02    0.31705E+00    0.24182E-02    0.31740E+00    0.28148E-02    0.31710E+00    0.20359E-02    0.24099E+00    0.18558E-02    0.26845E+00    0.20119E-02    0.24465E+00
17100  1    0.17388E-06    0.24827E-06    0.18064E-06    0.15229E-06    0.21589E-01    0.21532E-06    0.32948E-01    0.15802E-06    0.22621E-01    0.18647E-02    0.20779E+00    0.18607E-02    0.25670E+00    0.18644E-02    0.21270E+00    0.11269E-02    0.10387E+00    0.13154E-02    0.17741E+00    0.11440E-02    0.11055E+00    0.26874E-06    0.64597E-06    0.28970E-06    0.26874E-06    0.00000E+00    0.64597E-06    0.00000E+00    0.28970E-06    0.00000E+00    0.73314E-03    0.00000E+00    0.11366E-02    0.00000E+00    0.76118E-03    0.00000E+00    0.54021E-03    0.00000E+00    0.78699E-03    0.00000E+00    0.55392E-03    0.00000E+00    0.49820E-07    0.49422E-07    0.49767E-07    0.00000E+00    0.49820E-01    0.00000E+00    0.49422E-01    0.00000E+00    0.49767E-01    0.27058E-02    0.31566E+00    0.21324E-02    0.31440E+00    0.26366E-02    0.31549E+00    0.18940E-02    0.23969E+00    0.15796E-02    0.26612E+00    0.18521E-02    0.24322E+00
17200  2    0.17192E-06    0.24874E-06    0.17891E-06    0.15048E-06    0.21446E-01    0.21626E-06    0.32480E-01    0.15646E-06    0.22449E-01    0.18533E-02    0.20710E+00    0.18558E-02    0.25487E+00    0.18535E-02    0.21189E+00    0.11192E-02    0.10343E+00    0.13098E-02    0.17617E+00    0.11365E-02    0.11005E+00    0.26555E-06    0.64877E-06    0.28684E-06    0.26555E-06    0.00000E+00    0.64877E-06    0.00000E+00    0.28684E-06    0.00000E+00    0.72876E-03    0.00000E+00    0.11391E-02    0.00000E+00    0.75741E-03    0.00000E+00    0.53569E-03    0.00000E+00    0.78268E-03    0.00000E+00    0.54941E-03    0.00000E+00    0.49491E-07    0.48720E-07    0.49388E-07    0.00000E+00    0.49491E-01    0.00000E+00    0.48720E-01    0.00000E+00    0.49388E-01    0.26892E-02    0.31461E+00    0.21254E-02    0.31215E+00    0.26210E-02    0.31429E+00    0.18822E-02    0.23869E+00    0.15733E-02    0.26425E+00    0.18410E-02    0.24210E+00
17300  3    0.17215E-06    0.22952E-06    0.17736E-06    0.15087E-06    0.21276E-01    0.19752E-06    0.32006E-01    0.15511E-06    0.22251E-01    0.18434E-02    0.20628E+00    0.18028E-02    0.25301E+00    0.18398E-02    0.21096E+00    0.11140E-02    0.10295E+00    0.12746E-02    0.17486E+00    0.11286E-02    0.10949E+00    0.26624E-06    0.59255E-06    0.28437E-06    0.26624E-06    0.00000E+00    0.59255E-06    0.00000E+00    0.28437E-06    0.00000E+00    0.72971E-03    0.00000E+00    0.10886E-02    0.00000E+00    0.75415E-03    0.00000E+00    0.54315E-03    0.00000E+00    0.74129E-03    0.00000E+00    0.55416E-03    0.00000E+00    0.49098E-07    0.48010E-07    0.48953E-07    0.00000E+00    0.49098E-01    0.00000E+00    0.48010E-01    0.00000E+00    0.48953E-01    0.26731E-02    0.31336E+00    0.20695E-02    0.30987E+00    0.26007E-02    0.31290E+00    0.18605E-02    0.23758E+00    0.15413E-02    0.26229E+00    0.18179E-02    0.24087E+00
17400  0    0.25654E-06    0.20837E-06    0.25216E-06    0.23547E-06    0.21064E-01    0.17680E-06    0.31567E-01    0.23014E-06    0.22019E-01    0.19167E-02    0.20525E+00    0.16661E-02    0.25126E+00    0.18953E-02    0.20985E+00    0.12434E-02    0.10240E+00    0.12514E-02    0.17364E+00    0.12441E-02    0.10888E+00    0.41554E-06    0.53039E-06    0.42192E-06    0.41554E-06    0.00000E+00    0.53039E-06    0.00000E+00    0.42192E-06    0.00000E+00    0.91164E-03    0.00000E+00    0.10299E-02    0.00000E+00    0.91861E-03    0.00000E+00    0.75762E-03    0.00000E+00    0.84985E-03    0.00000E+00    0.76275E-03    0.00000E+00    0.48610E-07    0.47351E-07    0.48442E-07    0.00000E+00    0.48610E-01    0.00000E+00    0.47351E-01    0.00000E+00    0.48442E-01    0.27187E-02    0.31180E+00    0.19061E-02    0.30774E+00    0.26249E-02    0.31126E+00    0.18786E-02    0.23632E+00    0.14522E-02    0.26046E+00    0.18217E-02    0.23954E+00
17500  1    0.16752E-06    0.22759E-06    0.17298E-06    0.14652E-06    0.21001E-01    0.19650E-06    0.31095E-01    0.15106E-06    0.21919E-01    0.18264E-02    0.20494E+00    0.18261E-02    0.24938E+00    0.18264E-02    0.20937E+00    0.11000E-02    0.10209E+00    0.12830E-02    0.17233E+00    0.11167E-02    0.10848E+00    0.25857E-06    0.58949E-06    0.27695E-06    0.25857E-06    0.00000E+00    0.58949E-06    0.00000E+00    0.27695E-06    0.00000E+00    0.71912E-03    0.00000E+00    0.10858E-02    0.00000E+00    0.74425E-03    0.00000E+00    0.53138E-03    0.00000E+00    0.71077E-03    0.00000E+00    0.54135E-03    0.00000E+00    0.48464E-07    0.46642E-07    0.48221E-07    0.00000E+00    0.48464E-01    0.00000E+00    0.46642E-01    0.00000E+00    0.48221E-01    0.26498E-02    0.31133E+00    0.21005E-02    0.30542E+00    0.25834E-02    0.31055E+00    0.18436E-02    0.23560E+00    0.15692E-02    0.25849E+00    0.18070E-02    0.23865E+00
17600  2    0.16462E-06    0.24377E-06    0.17181E-06    0.14374E-06    0.20880E-01    0.21311E-06    0.30664E-01    0.15004E-06    0.21769E-01    0.18074E-02    0.20435E+00    0.18186E-02    0.24764E+00    0.18084E-02    0.20866E+00    0.10880E-02    0.10181E+00    0.12797E-02    0.17111E+00    0.11054E-02    0.10811E+00    0.25366E-06    0.63932E-06    0.27508E-06    0.25366E-06    0.00000E+00    0.63932E-06    0.00000E+00    0.27508E-06    0.00000E+00    0.71226E-03    0.00000E+00    0.11308E-02    0.00000E+00    0.74173E-03    0.00000E+00    0.52352E-03    0.00000E+00    0.75446E-03    0.00000E+00    0.53635E-03    0.00000E+00    0.48184E-07    0.45995E-07    0.47892E-07    0.00000E+00    0.48184E-01    0.00000E+00    0.45995E-01    0.00000E+00    0.47892E-01    0.26220E-02    0.31043E+00    0.20789E-02    0.30330E+00    0.25562E-02    0.30949E+00    0.18261E-02    0.23494E+00    0.15423E-02    0.25667E+00    0.17882E-02    0.23784E+00
17700  3    0.16204E-06    0.23384E-06    0.16857E-06    0.14131E-06    0.20733E-01    0.20362E-06    0.30220E-01    0.14697E-06    0.21596E-01    0.17969E-02    0.20363E+00    0.17868E-02    0.24584E+00    0.17960E-02    0.20782E+00    0.10778E-02    0.10141E+00    0.12595E-02    0.16985E+00    0.10944E-02    0.10763E+00    0.24937E-06    0.61087E-06    0.26945E-06    0.24937E-06    0.00000E+00    0.61087E-06    0.00000E+00    0.26945E-06    0.00000E+00    0.70621E-03    0.00000E+00    0.11053E-02    0.00000E+00    0.73410E-03    0.00000E+00    0.51919E-03    0.00000E+00    0.73275E-03    0.00000E+00    0.53106E-03    0.00000E+00    0.47846E-07    0.45330E-07    0.47510E-07    0.00000E+00    0.47846E-01    0.00000E+00    0.45330E-01    0.00000E+00    0.47510E-01    0.26075E-02    0.30934E+00    0.20440E-02    0.30110E+00    0.25396E-02    0.30825E+00    0.18084E-02    0.23402E+00    0.15228E-02    0.25478E+00    0.17703E-02    0.23679E+00
17800  4    0.16076E-06    0.23306E-06    0.16734E-06    0.14016E-06    0.20600E-01    0.20326E-06    0.29800E-01    0.14590E-06    0.21436E-01    0.17837E-02    0.20298E+00    0.17705E-02    0.24413E+00    0.17825E-02    0.20706E+00    0.10701E-02    0.10109E+00    0.12436E-02    0.16861E+00    0.10859E-02    0.10723E+00    0.24735E-06    0.60978E-06    0.26748E-06    0.24735E-06    0.00000E+00    0.60978E-06    0.00000E+00    0.26748E-06    0.00000E+00    0.70335E-03    0.00000E+00    0.11043E-02    0.00000E+00    0.73142E-03    0.00000E+00    0.51660E-03    0.00000E+00    0.72068E-03    0.00000E+00    0.52794E-03    0.00000E+00    0.47538E-07    0.44699E-07    0.47159E-07    0.00000E+00    0.47538E-01    0.00000E+00    0.44699E-01    0.00000E+00    0.47159E-01    0.25875E-02    0.30834E+00    0.20229E-02    0.29900E+00    0.25195E-02    0.30711E+00    0.17940E-02    0.23329E+00    0.15050E-02    0.25291E+00    0.17555E-02    0.23590E+00
17900  5    0.15863E-06    0.23333E-06    0.16542E-06    0.13815E-06    0.20476E-01    0.20396E-06    0.29374E-01    0.14413E-06    0.21285E-01    0.17744E-02    0.20236E+00    0.17529E-02    0.24238E+00    0.17725E-02    0.20632E+00    0.10627E-02    0.10072E+00    0.12364E-02    0.16739E+00    0.10785E-02    0.10678E+00    0.24380E-06    0.61187E-06    0.26424E-06    0.24380E-06    0.00000E+00    0.61187E-06    0.00000E+00    0.26424E-06    0.00000E+00    0.69828E-03    0.00000E+00    0.11062E-02    0.00000E+00    0.72697E-03    0.00000E+00    0.51458E-03    0.00000E+00    0.72895E-03    0.00000E+00    0.52649E-03    0.00000E+00    0.47252E-07    0.44062E-07    0.46826E-07    0.00000E+00    0.47252E-01    0.00000E+00    0.44062E-01    0.00000E+00    0.46826E-01    0.25746E-02    0.30741E+00    0.19992E-02    0.29686E+00    0.25055E-02    0.30603E+00    0.17794E-02    0.23243E+00    0.14902E-02    0.25108E+00    0.17409E-02    0.23491E+00
18000  6    0.15856E-06    0.22501E-06    0.16460E-06    0.13819E-06    0.20371E-01    0.19602E-06    0.28991E-01    0.14345E-06    0.21155E-01    0.17746E-02    0.20185E+00    0.17783E-02    0.24080E+00    0.17749E-02    0.20569E+00    0.10626E-02    0.10042E+00    0.12476E-02    0.16622E+00    0.10794E-02    0.10641E+00    0.24386E-06    0.58806E-06    0.26299E-06    0.24386E-06    0.00000E+00    0.58806E-06    0.00000E+00    0.26299E-06    0.00000E+00    0.69838E-03    0.00000E+00    0.10845E-02    0.00000E+00    0.72524E-03    0.00000E+00    0.51658E-03    0.00000E+00    0.69362E-03    0.00000E+00    0.52642E-03    0.00000E+00    0.47010E-07    0.43487E-07    0.46541E-07    0.00000E+00    0.47010E-01    0.00000E+00    0.43487E-01    0.00000E+00    0.46541E-01    0.25748E-02    0.30663E+00    0.20385E-02    0.29491E+00    0.25099E-02    0.30509E+00    0.17767E-02    0.23175E+00    0.15246E-02    0.24933E+00    0.17431E-02    0.23409E+00
18100  7    0.62803E-06    0.34746E-06    0.60252E-06    0.60769E-06    0.20336E-01    0.31864E-06    0.28823E-01    0.58142E-06    0.21107E-01    0.22494E-02    0.20167E+00    0.23665E-02    0.24010E+00    0.22603E-02    0.20546E+00    0.16138E-02    0.10024E+00    0.18055E-02    0.16549E+00    0.16312E-02    0.10617E+00    0.10724E-05    0.95591E-06    0.10659E-05    0.10724E-05    0.00000E+00    0.95591E-06    0.00000E+00    0.10659E-05    0.00000E+00    0.14645E-02    0.00000E+00    0.13827E-02    0.00000E+00    0.14601E-02    0.00000E+00    0.11517E-02    0.00000E+00    0.11734E-02    0.00000E+00    0.11529E-02    0.00000E+00    0.46929E-07    0.43235E-07    0.46436E-07    0.00000E+00    0.46929E-01    0.00000E+00    0.43235E-01    0.00000E+00    0.46436E-01    0.29786E-02    0.30636E+00    0.27285E-02    0.29406E+00    0.29465E-02    0.30475E+00    0.22181E-02    0.23132E+00    0.21216E-02    0.24824E+00    0.22052E-02    0.23357E+00
18200  8    0.27948E-06    0.41346E-06    0.29166E-06    0.25930E-06    0.20174E-01    0.38533E-06    0.28128E-01    0.27076E-06    0.20898E-01    0.18770E-02    0.20087E+00    0.20878E-02    0.23718E+00    0.18971E-02    0.20444E+00    0.12508E-02    0.99751E-01    0.15041E-02    0.16362E+00    0.12739E-02    0.10556E+00    0.45759E-06    0.11560E-05    0.49639E-06    0.45759E-06    0.00000E+00    0.11560E-05    0.00000E+00    0.49639E-06    0.00000E+00    0.95665E-03    0.00000E+00    0.15205E-02    0.00000E+00    0.99639E-03    0.00000E+00    0.76226E-03    0.00000E+00    0.10537E-02    0.00000E+00    0.77845E-03    0.00000E+00    0.46556E-07    0.42193E-07    0.45975E-07    0.00000E+00    0.46556E-01    0.00000E+00    0.42193E-01    0.00000E+00    0.45975E-01    0.26331E-02    0.30514E+00    0.23200E-02    0.29049E+00    0.25936E-02    0.30323E+00    0.18898E-02    0.23020E+00    0.17293E-02    0.24543E+00    0.18684E-02    0.23223E+00
18300  9    0.15409E-06    0.23334E-06    0.16130E-06    0.13408E-06    0.20017E-01    0.20554E-06    0.27800E-01    0.14057E-06    0.20725E-01    0.17377E-02    0.20008E+00    0.16930E-02    0.23580E+00    0.17336E-02    0.20359E+00    0.10370E-02    0.99395E-01    0.12103E-02    0.16262E+00    0.10527E-02    0.10514E+00    0.23661E-06    0.61663E-06    0.25772E-06    0.23661E-06    0.00000E+00    0.61663E-06    0.00000E+00    0.25772E-06    0.00000E+00    0.68791E-03    0.00000E+00    0.11105E-02    0.00000E+00    0.71794E-03    0.00000E+00    0.51137E-03    0.00000E+00    0.76433E-03    0.00000E+00    0.52542E-03    0.00000E+00    0.46193E-07    0.41701E-07    0.45594E-07    0.00000E+00    0.46193E-01    0.00000E+00    0.41701E-01    0.00000E+00    0.45594E-01    0.25197E-02    0.30395E+00    0.19190E-02    0.28879E+00    0.24482E-02    0.30197E+00    0.17243E-02    0.22937E+00    0.14333E-02    0.24394E+00    0.16855E-02    0.23132E+00
18400  10    0.25541E-06    0.40740E-06    0.26922E-06    0.23563E-06    0.19780E-01    0.38018E-06    0.27220E-01    0.24877E-06    0.20457E-01    0.17728E-02    0.19890E+00    0.18013E-02    0.23332E+00    0.17754E-02    0.20227E+00    0.11760E-02    0.98781E-01    0.14129E-02    0.16082E+00    0.11976E-02    0.10442E+00    0.41581E-06    0.11405E-05    0.45607E-06    0.41581E-06    0.00000E+00    0.11405E-05    0.00000E+00    0.45607E-06    0.00000E+00    0.91193E-03    0.00000E+00    0.15103E-02    0.00000E+00    0.95506E-03    0.00000E+00    0.70116E-03    0.00000E+00    0.12392E-02    0.00000E+00    0.73106E-03    0.00000E+00    0.45647E-07    0.40830E-07    0.45005E-07    0.00000E+00    0.45647E-01    0.00000E+00    0.40830E-01    0.00000E+00    0.45005E-01    0.24830E-02    0.30215E+00    0.19305E-02    0.28576E+00    0.24167E-02    0.30002E+00    0.17970E-02    0.22796E+00    0.14998E-02    0.24122E+00    0.17574E-02    0.22972E+00
18500  11    0.14823E-06    0.22558E-06    0.15526E-06    0.12846E-06    0.19770E-01    0.19856E-06    0.27020E-01    0.13483E-06    0.20429E-01    0.17205E-02    0.19885E+00    0.16891E-02    0.23246E+00    0.17177E-02    0.20213E+00    0.10187E-02    0.98625E-01    0.12084E-02    0.16013E+00    0.10360E-02    0.10422E+00    0.22669E-06    0.59567E-06    0.24719E-06    0.22669E-06    0.00000E+00    0.59567E-06    0.00000E+00    0.24719E-06    0.00000E+00    0.67333E-03    0.00000E+00    0.10915E-02    0.00000E+00    0.70312E-03    0.00000E+00    0.49576E-03    0.00000E+00    0.74976E-03    0.00000E+00    0.50987E-03    0.00000E+00    0.45623E-07    0.40530E-07    0.44944E-07    0.00000E+00    0.45623E-01    0.00000E+00    0.40530E-01    0.00000E+00    0.44944E-01    0.24977E-02    0.30207E+00    0.19193E-02    0.28471E+00    0.24285E-02    0.29981E+00    0.17026E-02    0.22760E+00    0.14377E-02    0.24020E+00    0.16673E-02    0.22928E+00
18600  12    0.14683E-06    0.22325E-06    0.15378E-06    0.12715E-06    0.19676E-01    0.19656E-06    0.26693E-01    0.13346E-06    0.20314E-01    0.17143E-02    0.19837E+00    0.16762E-02    0.23105E+00    0.17109E-02    0.20156E+00    0.10133E-02    0.98343E-01    0.12030E-02    0.15907E+00    0.10305E-02    0.10386E+00    0.22439E-06    0.58968E-06    0.24468E-06    0.22439E-06    0.00000E+00    0.58968E-06    0.00000E+00    0.24468E-06    0.00000E+00    0.66991E-03    0.00000E+00    0.10860E-02    0.00000E+00    0.69955E-03    0.00000E+00    0.49512E-03    0.00000E+00    0.75106E-03    0.00000E+00    0.50934E-03    0.00000E+00    0.45407E-07    0.40039E-07    0.44691E-07    0.00000E+00    0.45407E-01    0.00000E+00    0.40039E-01    0.00000E+00    0.44691E-01    0.24890E-02    0.30135E+00    0.19039E-02    0.28298E+00    0.24191E-02    0.29897E+00    0.16908E-02    0.22695E+00    0.14289E-02    0.23861E+00    0.16559E-02    0.22850E+00
18700  13    0.16859E-06    0.20866E-06    0.17224E-06    0.14909E-06    0.19507E-01    0.18234E-06    0.26319E-01    0.15211E-06    0.20126E-01    0.17314E-02    0.19752E+00    0.16707E-02    0.22943E+00    0.17259E-02    0.20063E+00    0.10514E-02    0.97856E-01    0.12342E-02    0.15780E+00    0.10680E-02    0.10330E+00    0.26310E-06    0.54701E-06    0.27887E-06    0.26310E-06    0.00000E+00    0.54701E-06    0.00000E+00    0.27887E-06    0.00000E+00    0.72539E-03    0.00000E+00    0.10460E-02    0.00000E+00    0.74682E-03    0.00000E+00    0.55878E-03    0.00000E+00    0.78565E-03    0.00000E+00    0.57138E-03    0.00000E+00    0.45016E-07    0.39479E-07    0.44278E-07    0.00000E+00    0.45016E-01    0.00000E+00    0.39479E-01    0.00000E+00    0.44278E-01    0.24959E-02    0.30005E+00    0.19078E-02    0.28099E+00    0.24258E-02    0.29758E+00    0.16956E-02    0.22582E+00    0.14585E-02    0.23670E+00    0.16640E-02    0.22727E+00
18800  14    0.14822E-06    0.25411E-06    0.15785E-06    0.12878E-06    0.19444E-01    0.22817E-06    0.25940E-01    0.13781E-06    0.20035E-01    0.16877E-02    0.19720E+00    0.16565E-02    0.22777E+00    0.16849E-02    0.20017E+00    0.10027E-02    0.97580E-01    0.11924E-02    0.15675E+00    0.10199E-02    0.10296E+00    0.22725E-06    0.68450E-06    0.25265E-06    0.22725E-06    0.00000E+00    0.68450E-06    0.00000E+00    0.25265E-06    0.00000E+00    0.67417E-03    0.00000E+00    0.11700E-02    0.00000E+00    0.71085E-03    0.00000E+00    0.49553E-03    0.00000E+00    0.83450E-03    0.00000E+00    0.51437E-03    0.00000E+00    0.44871E-07    0.38910E-07    0.44077E-07    0.00000E+00    0.44871E-01    0.00000E+00    0.38910E-01    0.00000E+00    0.44077E-01    0.24452E-02    0.29957E+00    0.18524E-02    0.27896E+00    0.23747E-02    0.29691E+00    0.16659E-02    0.22518E+00    0.13713E-02    0.23512E+00    0.16266E-02    0.22651E+00
18900  15    0.14385E-06    0.24199E-06    0.15277E-06    0.12448E-06    0.19364E-01    0.21636E-06    0.25635E-01    0.13283E-06    0.19934E-01    0.16850E-02    0.19679E+00    0.16488E-02    0.22643E+00    0.16818E-02    0.19967E+00    0.99328E-03    0.97286E-01    0.11892E-02    0.15592E+00    0.10111E-02    0.10262E+00    0.21968E-06    0.64907E-06    0.24353E-06    0.21968E-06    0.00000E+00    0.64907E-06    0.00000E+00    0.24353E-06    0.00000E+00    0.66284E-03    0.00000E+00    0.11394E-02    0.00000E+00    0.69790E-03    0.00000E+00    0.48869E-03    0.00000E+00    0.80756E-03    0.00000E+00    0.50641E-03    0.00000E+00    0.44685E-07    0.38453E-07    0.43854E-07    0.00000E+00    0.44685E-01    0.00000E+00    0.38453E-01    0.00000E+00    0.43854E-01    0.24449E-02    0.29895E+00    0.18517E-02    0.27732E+00    0.23744E-02    0.29616E+00    0.16531E-02    0.22451E+00    0.13800E-02    0.23388E+00    0.16167E-02    0.22576E+00
19000  0    0.14460E-06    0.20584E-06    0.15017E-06    0.12535E-06    0.19251E-01    0.18053E-06    0.25307E-01    0.13037E-06    0.19802E-01    0.16946E-02    0.19622E+00    0.16286E-02    0.22498E+00    0.16887E-02    0.19901E+00    0.99538E-03    0.96900E-01    0.11753E-02    0.15502E+00    0.10117E-02    0.10218E+00    0.22121E-06    0.54159E-06    0.23900E-06    0.22121E-06    0.00000E+00    0.54159E-06    0.00000E+00    0.23900E-06    0.00000E+00    0.66514E-03    0.00000E+00    0.10408E-02    0.00000E+00    0.69138E-03    0.00000E+00    0.49703E-03    0.00000E+00    0.72227E-03    0.00000E+00    0.50954E-03    0.00000E+00    0.44426E-07    0.37960E-07    0.43564E-07    0.00000E+00    0.44426E-01    0.00000E+00    0.37960E-01    0.00000E+00    0.43564E-01    0.24593E-02    0.29808E+00    0.18538E-02    0.27554E+00    0.23875E-02    0.29517E+00    0.16471E-02    0.22361E+00    0.14018E-02    0.23252E+00    0.16144E-02    0.22480E+00
19100  1    0.13974E-06    0.22507E-06    0.14749E-06    0.12058E-06    0.19155E-01    0.20009E-06    0.24973E-01    0.12781E-06    0.19684E-01    0.16785E-02    0.19573E+00    0.16401E-02    0.22349E+00    0.16751E-02    0.19841E+00    0.98092E-03    0.96562E-01    0.11832E-02    0.15409E+00    0.99932E-03    0.10179E+00    0.21279E-06    0.60028E-06    0.23432E-06    0.21279E-06    0.00000E+00    0.60028E-06    0.00000E+00    0.23432E-06    0.00000E+00    0.65236E-03    0.00000E+00    0.10957E-02    0.00000E+00    0.68457E-03    0.00000E+00    0.48215E-03    0.00000E+00    0.76423E-03    0.00000E+00    0.49782E-03    0.00000E+00    0.44204E-07    0.37459E-07    0.43304E-07    0.00000E+00    0.44204E-01    0.00000E+00    0.37459E-01    0.00000E+00    0.43304E-01    0.24383E-02    0.29733E+00    0.18533E-02    0.27371E+00    0.23686E-02    0.29429E+00    0.16332E-02    0.22284E+00    0.13928E-02    0.23113E+00    0.16011E-02    0.22394E+00
19200  2    0.13810E-06    0.22944E-06    0.14641E-06    0.11905E-06    0.19055E-01    0.20478E-06    0.24657E-01    0.12684E-06    0.19564E-01    0.16675E-02    0.19522E+00    0.16190E-02    0.22207E+00    0.16631E-02    0.19781E+00    0.97322E-03    0.96234E-01    0.11734E-02    0.15320E+00    0.99142E-03    0.10141E+00    0.21009E-06    0.61435E-06    0.23255E-06    0.21009E-06    0.00000E+00    0.61435E-06    0.00000E+00    0.23255E-06    0.00000E+00    0.64821E-03    0.00000E+00    0.11085E-02    0.00000E+00    0.68198E-03    0.00000E+00    0.47872E-03    0.00000E+00    0.78516E-03    0.00000E+00    0.49574E-03    0.00000E+00    0.43973E-07    0.36985E-07    0.43041E-07    0.00000E+00    0.43973E-01    0.00000E+00    0.36985E-01    0.00000E+00    0.43041E-01    0.24222E-02    0.29656E+00    0.18213E-02    0.27197E+00    0.23510E-02    0.29340E+00    0.16199E-02    0.22208E+00    0.13675E-02    0.22981E+00    0.15862E-02    0.22311E+00
19300  3    0.13675E-06    0.22838E-06    0.14508E-06    0.11779E-06    0.18960E-01    0.20404E-06    0.24339E-01    0.12563E-06    0.19449E-01    0.16614E-02    0.19473E+00    0.16102E-02    0.22063E+00    0.16568E-02    0.19723E+00    0.96704E-03    0.95886E-01    0.11681E-02    0.15228E+00    0.98532E-03    0.10101E+00    0.20786E-06    0.61211E-06    0.23032E-06    0.20786E-06    0.00000E+00    0.61211E-06    0.00000E+00    0.23032E-06    0.00000E+00    0.64476E-03    0.00000E+00    0.11064E-02    0.00000E+00    0.67870E-03    0.00000E+00    0.47802E-03    0.00000E+00    0.78478E-03    0.00000E+00    0.49506E-03    0.00000E+00    0.43754E-07    0.36508E-07    0.42788E-07    0.00000E+00    0.43754E-01    0.00000E+00    0.36508E-01    0.00000E+00    0.42788E-01    0.24138E-02    0.29582E+00    0.18102E-02    0.27022E+00    0.23423E-02    0.29253E+00    0.16065E-02    0.22127E+00    0.13598E-02    0.22841E+00    0.15736E-02    0.22223E+00
19400  4    0.13540E-06    0.23694E-06    0.14463E-06    0.11654E-06    0.18867E-01    0.21289E-06    0.24052E-01    0.12530E-06    0.19338E-01    0.16509E-02    0.19425E+00    0.15975E-02    0.21933E+00    0.16461E-02    0.19666E+00    0.95984E-03    0.95590E-01    0.11654E-02    0.15144E+00    0.97853E-03    0.10067E+00    0.20565E-06    0.63867E-06    0.22971E-06    0.20565E-06    0.00000E+00    0.63867E-06    0.00000E+00    0.22971E-06    0.00000E+00    0.64133E-03    0.00000E+00    0.11302E-02    0.00000E+00    0.67780E-03    0.00000E+00    0.47432E-03    0.00000E+00    0.81031E-03    0.00000E+00    0.49299E-03    0.00000E+00    0.43539E-07    0.36078E-07    0.42544E-07    0.00000E+00    0.43539E-01    0.00000E+00    0.36078E-01    0.00000E+00    0.42544E-01    0.23982E-02    0.29509E+00    0.17859E-02    0.26862E+00    0.23259E-02    0.29170E+00    0.15948E-02    0.22059E+00    0.13429E-02    0.22716E+00    0.15612E-02    0.22147E+00
19500  5    0.16666E-06    0.31688E-06    0.18032E-06    0.14789E-06    0.18768E-01    0.29321E-06    0.23667E-01    0.16110E-06    0.19213E-01    0.16704E-02    0.19374E+00    0.17535E-02    0.21757E+00    0.16781E-02    0.19603E+00    0.10128E-02    0.95172E-01    0.12601E-02    0.15034E+00    0.10353E-02    0.10019E+00    0.26099E-06    0.87963E-06    0.29535E-06    0.26099E-06    0.00000E+00    0.87963E-06    0.00000E+00    0.29535E-06    0.00000E+00    0.72248E-03    0.00000E+00    0.13264E-02    0.00000E+00    0.76858E-03    0.00000E+00    0.53937E-03    0.00000E+00    0.93667E-03    0.00000E+00    0.56144E-03    0.00000E+00    0.43310E-07    0.35501E-07    0.42269E-07    0.00000E+00    0.43310E-01    0.00000E+00    0.35501E-01    0.00000E+00    0.42269E-01    0.23992E-02    0.29431E+00    0.19320E-02    0.26646E+00    0.23423E-02    0.29075E+00    0.16320E-02    0.21963E+00    0.14218E-02    0.22551E+00    0.16040E-02    0.22041E+00
19600  6    0.13258E-06    0.23775E-06    0.14214E-06    0.11392E-06    0.18660E-01    0.21431E-06    0.23435E-01    0.12305E-06    0.19094E-01    0.16390E-02    0.19318E+00    0.15889E-02    0.21649E+00    0.16345E-02    0.19542E+00    0.94774E-03    0.94821E-01    0.11618E-02    0.14955E+00    0.96720E-03    0.99797E-01    0.20104E-06    0.64293E-06    0.22559E-06    0.20104E-06    0.00000E+00    0.64293E-06    0.00000E+00    0.22559E-06    0.00000E+00    0.63409E-03    0.00000E+00    0.11340E-02    0.00000E+00    0.67170E-03    0.00000E+00    0.46770E-03    0.00000E+00    0.80937E-03    0.00000E+00    0.48668E-03    0.00000E+00    0.43061E-07    0.35152E-07    0.42007E-07    0.00000E+00    0.43061E-01    0.00000E+00    0.35152E-01    0.00000E+00    0.42007E-01    0.23819E-02    0.29347E+00    0.17732E-02    0.26515E+00    0.23100E-02    0.28985E+00    0.15755E-02    0.21882E+00    0.13381E-02    0.22433E+00    0.15438E-02    0.21955E+00
19700  7    0.13165E-06    0.23298E-06    0.14086E-06    0.11307E-06    0.18581E-01    0.20980E-06    0.23180E-01    0.12186E-06    0.18999E-01    0.16369E-02    0.19277E+00    0.15771E-02    0.21531E+00    0.16315E-02    0.19493E+00    0.94486E-03    0.94523E-01    0.11584E-02    0.14873E+00    0.96426E-03    0.99451E-01    0.19953E-06    0.62939E-06    0.22341E-06    0.19953E-06    0.00000E+00    0.62939E-06    0.00000E+00    0.22341E-06    0.00000E+00    0.63171E-03    0.00000E+00    0.11220E-02    0.00000E+00    0.66844E-03    0.00000E+00    0.46856E-03    0.00000E+00    0.80058E-03    0.00000E+00    0.48700E-03    0.00000E+00    0.42879E-07    0.34770E-07    0.41798E-07    0.00000E+00    0.42879E-01    0.00000E+00    0.34770E-01    0.00000E+00    0.41798E-01    0.23794E-02    0.29284E+00    0.17611E-02    0.26370E+00    0.23065E-02    0.28913E+00    0.15677E-02    0.21813E+00    0.13372E-02    0.22309E+00    0.15370E-02    0.21879E+00
19800  8    0.21019E-06    0.22088E-06    0.21116E-06    0.19169E-06    0.18493E-01    0.19796E-06    0.22916E-01    0.19226E-06    0.18895E-01    0.17431E-02    0.19232E+00    0.17709E-02    0.21409E+00    0.17456E-02    0.19440E+00    0.10728E-02    0.94142E-01    0.13006E-02    0.14782E+00    0.10935E-02    0.99022E-01    0.33828E-06    0.59389E-06    0.35248E-06    0.33828E-06    0.00000E+00    0.59389E-06    0.00000E+00    0.35248E-06    0.00000E+00    0.82254E-03    0.00000E+00    0.10899E-02    0.00000E+00    0.83962E-03    0.00000E+00    0.61533E-03    0.00000E+00    0.76293E-03    0.00000E+00    0.62353E-03    0.00000E+00    0.42675E-07    0.34375E-07    0.41569E-07    0.00000E+00    0.42675E-01    0.00000E+00    0.34375E-01    0.00000E+00    0.41569E-01    0.24752E-02    0.29215E+00    0.20274E-02    0.26220E+00    0.24203E-02    0.28834E+00    0.16710E-02    0.21725E+00    0.15694E-02    0.22172E+00    0.16575E-02    0.21785E+00
19900  9    0.23072E-06    0.31543E-06    0.23842E-06    0.21244E-06    0.18272E-01    0.29291E-06    0.22522E-01    0.21976E-06    0.18659E-01    0.16994E-02    0.19117E+00    0.16247E-02    0.21224E+00    0.16927E-02    0.19318E+00    0.10887E-02    0.93572E-01    0.12948E-02    0.14663E+00    0.11074E-02    0.98395E-01    0.37490E-06    0.87873E-06    0.40289E-06    0.37490E-06    0.00000E+00    0.87873E-06    0.00000E+00    0.40289E-06    0.00000E+00    0.86591E-03    0.00000E+00    0.13257E-02    0.00000E+00    0.89766E-03    0.00000E+00    0.68588E-03    0.00000E+00    0.10811E-02    0.00000E+00    0.70783E-03    0.00000E+00    0.42167E-07    0.33783E-07    0.41049E-07    0.00000E+00    0.42167E-01    0.00000E+00    0.33783E-01    0.00000E+00    0.41049E-01    0.23841E-02    0.29040E+00    0.17553E-02    0.25993E+00    0.23102E-02    0.28653E+00    0.16154E-02    0.21594E+00    0.14016E-02    0.21994E+00    0.15869E-02    0.21647E+00
20000  10    0.12811E-06    0.24488E-06    0.13873E-06    0.10982E-06    0.18298E-01    0.22255E-06    0.22334E-01    0.12006E-06    0.18665E-01    0.16171E-02    0.19130E+00    0.15745E-02    0.21135E+00    0.16133E-02    0.19321E+00    0.92714E-03    0.93393E-01    0.11568E-02    0.14595E+00    0.94802E-03    0.98171E-01    0.19379E-06    0.66764E-06    0.22012E-06    0.19379E-06    0.00000E+00    0.66764E-06    0.00000E+00    0.22012E-06    0.00000E+00    0.62256E-03    0.00000E+00    0.11555E-02    0.00000E+00    0.66350E-03    0.00000E+00    0.45908E-03    0.00000E+00    0.81980E-03    0.00000E+00    0.47912E-03    0.00000E+00    0.42226E-07    0.33501E-07    0.41063E-07    0.00000E+00    0.42226E-01    0.00000E+00    0.33501E-01    0.00000E+00    0.41063E-01    0.23511E-02    0.29061E+00    0.17467E-02    0.25885E+00    0.22798E-02    0.28658E+00    0.15392E-02    0.21552E+00    0.13253E-02    0.21892E+00    0.15107E-02    0.21598E+00
20100  11    0.12670E-06    0.24413E-06    0.13738E-06    0.10850E-06    0.18201E-01    0.22205E-06    0.22081E-01    0.11882E-06    0.18554E-01    0.16116E-02    0.19079E+00    0.15590E-02    0.21015E+00    0.16069E-02    0.19263E+00    0.92216E-03    0.93019E-01    0.11508E-02    0.14506E+00    0.94295E-03    0.97750E-01    0.19147E-06    0.66615E-06    0.21784E-06    0.19147E-06    0.00000E+00    0.66615E-06    0.00000E+00    0.21784E-06    0.00000E+00    0.61882E-03    0.00000E+00    0.11543E-02    0.00000E+00    0.66006E-03    0.00000E+00    0.45702E-03    0.00000E+00    0.82090E-03    0.00000E+00    0.47724E-03    0.00000E+00    0.42003E-07    0.33122E-07    0.40819E-07    0.00000E+00    0.42003E-01    0.00000E+00    0.33122E-01    0.00000E+00    0.40819E-01    0.23437E-02    0.28984E+00    0.17262E-02    0.25738E+00    0.22711E-02    0.28572E+00    0.15304E-02    0.21466E+00    0.13157E-02    0.21760E+00    0.15018E-02    0.21505E+00
20200  12    0.12573E-06    0.25628E-06    0.13760E-06    0.10765E-06    0.18083E-01    0.23449E-06    0.21790E-01    0.11918E-06    0.18420E-01    0.15985E-02    0.19018E+00    0.15451E-02    0.20876E+00    0.15937E-02    0.19194E+00    0.91387E-03    0.92558E-01    0.11458E-02    0.14405E+00    0.93495E-03    0.97239E-01    0.18996E-06    0.70347E-06    0.21849E-06    0.18996E-06    0.00000E+00    0.70347E-06    0.00000E+00    0.21849E-06    0.00000E+00    0.61638E-03    0.00000E+00    0.11861E-02    0.00000E+00    0.66105E-03    0.00000E+00    0.45344E-03    0.00000E+00    0.85447E-03    0.00000E+00    0.47572E-03    0.00000E+00    0.41731E-07    0.32685E-07    0.40525E-07    0.00000E+00    0.41731E-01    0.00000E+00    0.32685E-01    0.00000E+00    0.40525E-01    0.23237E-02    0.28890E+00    0.16964E-02    0.25568E+00    0.22502E-02    0.28469E+00    0.15160E-02    0.21359E+00    0.12915E-02    0.21608E+00    0.14860E-02    0.21393E+00
20300  13    0.12492E-06    0.24262E-06    0.13562E-06    0.10692E-06    0.18003E-01    0.22104E-06    0.21576E-01    0.11730E-06    0.18328E-01    0.16002E-02    0.18975E+00    0.15319E-02    0.20773E+00    0.15941E-02    0.19146E+00    0.91461E-03    0.92236E-01    0.11405E-02    0.14324E+00    0.93514E-03    0.96872E-01    0.18868E-06    0.66313E-06    0.21504E-06    0.18868E-06    0.00000E+00    0.66313E-06    0.00000E+00    0.21504E-06    0.00000E+00    0.61430E-03    0.00000E+00    0.11516E-02    0.00000E+00    0.65581E-03    0.00000E+00    0.45603E-03    0.00000E+00    0.82009E-03    0.00000E+00    0.47626E-03    0.00000E+00    0.41546E-07    0.32364E-07    0.40322E-07    0.00000E+00    0.41546E-01    0.00000E+00    0.32364E-01    0.00000E+00    0.40322E-01    0.23272E-02    0.28826E+00    0.16902E-02    0.25442E+00    0.22527E-02    0.28398E+00    0.15143E-02    0.21285E+00    0.13007E-02    0.21486E+00    0.14858E-02    0.21312E+00
20400  14    0.13381E-06    0.25358E-06    0.14470E-06    0.11591E-06    0.17896E-01    0.23225E-06    0.21331E-01    0.12649E-06    0.18209E-01    0.15954E-02    0.18919E+00    0.14541E-02    0.20655E+00    0.15830E-02    0.19083E+00    0.92383E-03    0.91849E-01    0.11151E-02    0.14234E+00    0.94122E-03    0.96439E-01    0.20455E-06    0.69675E-06    0.23189E-06    0.20455E-06    0.00000E+00    0.69675E-06    0.00000E+00    0.23189E-06    0.00000E+00    0.63961E-03    0.00000E+00    0.11805E-02    0.00000E+00    0.68102E-03    0.00000E+00    0.48514E-03    0.00000E+00    0.88368E-03    0.00000E+00    0.50729E-03    0.00000E+00    0.41300E-07    0.31996E-07    0.40059E-07    0.00000E+00    0.41300E-01    0.00000E+00    0.31996E-01    0.00000E+00    0.40059E-01    0.23105E-02    0.28740E+00    0.15732E-02    0.25297E+00    0.22264E-02    0.28305E+00    0.14975E-02    0.21196E+00    0.12308E-02    0.21350E+00    0.14619E-02    0.21217E+00
20500  15    0.12360E-06    0.26866E-06    0.13679E-06    0.10579E-06    0.17818E-01    0.24757E-06    0.21086E-01    0.11868E-06    0.18115E-01    0.15789E-02    0.18878E+00    0.15113E-02    0.20536E+00    0.15729E-02    0.19034E+00    0.89976E-03    0.91501E-01    0.11328E-02    0.14139E+00    0.92095E-03    0.96037E-01    0.18668E-06    0.74271E-06    0.21757E-06    0.18668E-06    0.00000E+00    0.74271E-06    0.00000E+00    0.21757E-06    0.00000E+00    0.61103E-03    0.00000E+00    0.12188E-02    0.00000E+00    0.65965E-03    0.00000E+00    0.45131E-03    0.00000E+00    0.88630E-03    0.00000E+00    0.47548E-03    0.00000E+00    0.41119E-07    0.31630E-07    0.39853E-07    0.00000E+00    0.41119E-01    0.00000E+00    0.31630E-01    0.00000E+00    0.39853E-01    0.22944E-02    0.28677E+00    0.16382E-02    0.25151E+00    0.22182E-02    0.28232E+00    0.14862E-02    0.21116E+00    0.12561E-02    0.21209E+00    0.14555E-02    0.21128E+00
20600  16    0.12733E-06    0.24348E-06    0.13789E-06    0.10959E-06    0.17737E-01    0.22262E-06    0.20868E-01    0.11986E-06    0.18022E-01    0.16005E-02    0.18835E+00    0.15593E-02    0.20430E+00    0.15968E-02    0.18985E+00    0.91381E-03    0.91115E-01    0.11483E-02    0.14050E+00    0.93512E-03    0.95604E-01    0.19339E-06    0.66785E-06    0.21975E-06    0.19339E-06    0.00000E+00    0.66785E-06    0.00000E+00    0.21975E-06    0.00000E+00    0.62192E-03    0.00000E+00    0.11557E-02    0.00000E+00    0.66295E-03    0.00000E+00    0.46660E-03    0.00000E+00    0.80807E-03    0.00000E+00    0.48557E-03    0.00000E+00    0.40932E-07    0.31303E-07    0.39648E-07    0.00000E+00    0.40932E-01    0.00000E+00    0.31303E-01    0.00000E+00    0.39648E-01    0.23250E-02    0.28612E+00    0.17260E-02    0.25021E+00    0.22543E-02    0.28160E+00    0.14986E-02    0.21027E+00    0.13184E-02    0.21075E+00    0.14746E-02    0.21033E+00
20700  17    0.13310E-06    0.24538E-06    0.14331E-06    0.11544E-06    0.17657E-01    0.22473E-06    0.20651E-01    0.12538E-06    0.17929E-01    0.16079E-02    0.18792E+00    0.15902E-02    0.20323E+00    0.16063E-02    0.18936E+00    0.92362E-03    0.90779E-01    0.11661E-02    0.13959E+00    0.94567E-03    0.95217E-01    0.20372E-06    0.67420E-06    0.22986E-06    0.20372E-06    0.00000E+00    0.67420E-06    0.00000E+00    0.22986E-06    0.00000E+00    0.63831E-03    0.00000E+00    0.11612E-02    0.00000E+00    0.67803E-03    0.00000E+00    0.47985E-03    0.00000E+00    0.79713E-03    0.00000E+00    0.49747E-03    0.00000E+00    0.40746E-07    0.30977E-07    0.39443E-07    0.00000E+00    0.40746E-01    0.00000E+00    0.30977E-01    0.00000E+00    0.39443E-01    0.23309E-02    0.28547E+00    0.17660E-02    0.24891E+00    0.22638E-02    0.28087E+00    0.15039E-02    0.20949E+00    0.13506E-02    0.20939E+00    0.14835E-02    0.20948E+00
20800  18    0.12720E-06    0.24826E-06    0.13821E-06    0.10968E-06    0.17519E-01    0.22783E-06    0.20429E-01    0.12042E-06    0.17784E-01    0.15789E-02    0.18719E+00    0.14438E-02    0.20214E+00    0.15671E-02    0.18859E+00    0.90864E-03    0.90354E-01    0.11091E-02    0.13870E+00    0.92686E-03    0.94749E-01    0.19356E-06    0.68349E-06    0.22078E-06    0.19356E-06    0.00000E+00    0.68349E-06    0.00000E+00    0.22078E-06    0.00000E+00    0.62218E-03    0.00000E+00    0.11692E-02    0.00000E+00    0.66449E-03    0.00000E+00    0.47557E-03    0.00000E+00    0.85560E-03    0.00000E+00    0.49668E-03    0.00000E+00    0.40430E-07    0.30644E-07    0.39125E-07    0.00000E+00    0.40430E-01    0.00000E+00    0.30644E-01    0.00000E+00    0.39125E-01    0.22905E-02    0.28436E+00    0.15631E-02    0.24756E+00    0.22074E-02    0.27973E+00    0.14750E-02    0.20851E+00    0.12358E-02    0.20805E+00    0.14431E-02    0.20845E+00
20900  19    0.12521E-06    0.28414E-06    0.13966E-06    0.10776E-06    0.17457E-01    0.26395E-06    0.20190E-01    0.12195E-06    0.17706E-01    0.15713E-02    0.18686E+00    0.15727E-02    0.20095E+00    0.15714E-02    0.18818E+00    0.89627E-03    0.90046E-01    0.11643E-02    0.13770E+00    0.92064E-03    0.94378E-01    0.19016E-06    0.79184E-06    0.22358E-06    0.19016E-06    0.00000E+00    0.79184E-06    0.00000E+00    0.22358E-06    0.00000E+00    0.61669E-03    0.00000E+00    0.12584E-02    0.00000E+00    0.66870E-03    0.00000E+00    0.45665E-03    0.00000E+00    0.89601E-03    0.00000E+00    0.48106E-03    0.00000E+00    0.40286E-07    0.30285E-07    0.38953E-07    0.00000E+00    0.40286E-01    0.00000E+00    0.30285E-01    0.00000E+00    0.38953E-01    0.22804E-02    0.28385E+00    0.17083E-02    0.24611E+00    0.22127E-02    0.27912E+00    0.14712E-02    0.20780E+00    0.12984E-02    0.20655E+00    0.14481E-02    0.20763E+00
21000  20    0.13209E-06    0.23828E-06    0.14175E-06    0.11470E-06    0.17397E-01    0.21824E-06    0.20041E-01    0.12411E-06    0.17637E-01    0.16006E-02    0.18653E+00    0.15439E-02    0.20020E+00    0.15955E-02    0.18782E+00    0.91482E-03    0.89732E-01    0.11338E-02    0.13691E+00    0.93473E-03    0.94021E-01    0.20241E-06    0.65471E-06    0.22754E-06    0.20241E-06    0.00000E+00    0.65471E-06    0.00000E+00    0.22754E-06    0.00000E+00    0.63625E-03    0.00000E+00    0.11443E-02    0.00000E+00    0.67459E-03    0.00000E+00    0.48279E-03    0.00000E+00    0.78294E-03    0.00000E+00    0.49947E-03    0.00000E+00    0.40147E-07    0.30061E-07    0.38802E-07    0.00000E+00    0.40147E-01    0.00000E+00    0.30061E-01    0.00000E+00    0.38802E-01    0.23201E-02    0.28336E+00    0.17090E-02    0.24520E+00    0.22482E-02    0.27858E+00    0.14798E-02    0.20707E+00    0.13092E-02    0.20537E+00    0.14570E-02    0.20685E+00
21100  21    0.11841E-06    0.29101E-06    0.13410E-06    0.10118E-06    0.17230E-01    0.27125E-06    0.19757E-01    0.11664E-06    0.17460E-01    0.15426E-02    0.18563E+00    0.14904E-02    0.19878E+00    0.15379E-02    0.18687E+00    0.87150E-03    0.89233E-01    0.11214E-02    0.13578E+00    0.89422E-03    0.93465E-01    0.17855E-06    0.81376E-06    0.21384E-06    0.17855E-06    0.00000E+00    0.81376E-06    0.00000E+00    0.21384E-06    0.00000E+00    0.59757E-03    0.00000E+00    0.12757E-02    0.00000E+00    0.65397E-03    0.00000E+00    0.44034E-03    0.00000E+00    0.92114E-03    0.00000E+00    0.46705E-03    0.00000E+00    0.39761E-07    0.29636E-07    0.38411E-07    0.00000E+00    0.39761E-01    0.00000E+00    0.29636E-01    0.00000E+00    0.38411E-01    0.22415E-02    0.28200E+00    0.15869E-02    0.24346E+00    0.21657E-02    0.27717E+00    0.14353E-02    0.20592E+00    0.12216E-02    0.20368E+00    0.14068E-02    0.20562E+00
21200  22    0.11757E-06    0.28433E-06    0.13273E-06    0.10044E-06    0.17131E-01    0.26475E-06    0.19577E-01    0.11537E-06    0.17353E-01    0.15397E-02    0.18510E+00    0.14570E-02    0.19788E+00    0.15323E-02    0.18630E+00    0.86867E-03    0.88895E-01    0.11065E-02    0.13490E+00    0.89029E-03    0.93078E-01    0.17724E-06    0.79425E-06    0.21152E-06    0.17724E-06    0.00000E+00    0.79425E-06    0.00000E+00    0.21152E-06    0.00000E+00    0.59538E-03    0.00000E+00    0.12604E-02    0.00000E+00    0.65041E-03    0.00000E+00    0.44170E-03    0.00000E+00    0.91201E-03    0.00000E+00    0.46783E-03    0.00000E+00    0.39533E-07    0.29366E-07    0.38178E-07    0.00000E+00    0.39533E-01    0.00000E+00    0.29366E-01    0.00000E+00    0.38178E-01    0.22377E-02    0.28119E+00    0.15460E-02    0.24235E+00    0.21583E-02    0.27632E+00    0.14270E-02    0.20514E+00    0.12038E-02    0.20236E+00    0.13972E-02    0.20477E+00
21300  23    0.14615E-06    0.35368E-06    0.16502E-06    0.12912E-06    0.17029E-01    0.33433E-06    0.19357E-01    0.14778E-06    0.17240E-01    0.15406E-02    0.18455E+00    0.14705E-02    0.19676E+00    0.15344E-02    0.18569E+00    0.89666E-03    0.88510E-01    0.11093E-02    0.13390E+00    0.91599E-03    0.92637E-01    0.22786E-06    0.10030E-05    0.27092E-06    0.22786E-06    0.00000E+00    0.10030E-05    0.00000E+00    0.27092E-06    0.00000E+00    0.67507E-03    0.00000E+00    0.14163E-02    0.00000E+00    0.73610E-03    0.00000E+00    0.50050E-03    0.00000E+00    0.10831E-02    0.00000E+00    0.53287E-03    0.00000E+00    0.39297E-07    0.29036E-07    0.37929E-07    0.00000E+00    0.39297E-01    0.00000E+00    0.29036E-01    0.00000E+00    0.37929E-01    0.22093E-02    0.28035E+00    0.14969E-02    0.24098E+00    0.21282E-02    0.27542E+00    0.14147E-02    0.20425E+00    0.11223E-02    0.20086E+00    0.13757E-02    0.20380E+00
21400  24    0.12113E-06    0.27952E-06    0.13553E-06    0.10416E-06    0.16971E-01    0.26031E-06    0.19210E-01    0.11835E-06    0.17175E-01    0.15523E-02    0.18423E+00    0.15407E-02    0.19601E+00    0.15513E-02    0.18533E+00    0.87765E-03    0.88253E-01    0.11465E-02    0.13306E+00    0.90209E-03    0.92327E-01    0.18381E-06    0.78092E-06    0.21698E-06    0.18381E-06    0.00000E+00    0.78092E-06    0.00000E+00    0.21698E-06    0.00000E+00    0.60631E-03    0.00000E+00    0.12497E-02    0.00000E+00    0.65876E-03    0.00000E+00    0.45347E-03    0.00000E+00    0.87950E-03    0.00000E+00    0.47713E-03    0.00000E+00    0.39164E-07    0.28815E-07    0.37784E-07    0.00000E+00    0.39164E-01    0.00000E+00    0.28815E-01    0.00000E+00    0.37784E-01    0.22539E-02    0.27987E+00    0.16673E-02    0.24006E+00    0.21848E-02    0.27490E+00    0.14324E-02    0.20366E+00    0.12799E-02    0.19959E+00    0.14120E-02    0.20312E+00
21500  25    0.12926E-06    0.30042E-06    0.14482E-06    0.11238E-06    0.16879E-01    0.28139E-06    0.19028E-01    0.12775E-06    0.17074E-01    0.15563E-02    0.18373E+00    0.15771E-02    0.19508E+00    0.15582E-02    0.18479E+00    0.89251E-03    0.87911E-01    0.11657E-02    0.13213E+00    0.91734E-03    0.91931E-01    0.19832E-06    0.84418E-06    0.23420E-06    0.19832E-06    0.00000E+00    0.84418E-06    0.00000E+00    0.23420E-06    0.00000E+00    0.62979E-03    0.00000E+00    0.12994E-02    0.00000E+00    0.68440E-03    0.00000E+00    0.47583E-03    0.00000E+00    0.91938E-03    0.00000E+00    0.50047E-03    0.00000E+00    0.38952E-07    0.28543E-07    0.37564E-07    0.00000E+00    0.38952E-01    0.00000E+00    0.28543E-01    0.00000E+00    0.37564E-01    0.22519E-02    0.27911E+00    0.16990E-02    0.23893E+00    0.21862E-02    0.27409E+00    0.14374E-02    0.20287E+00    0.12889E-02    0.19819E+00    0.14176E-02    0.20225E+00
21600  26    0.11444E-06    0.30933E-06    0.13216E-06    0.97669E-07    0.16771E-01    0.29048E-06    0.18856E-01    0.11520E-06    0.16960E-01    0.15193E-02    0.18314E+00    0.15010E-02    0.19420E+00    0.15176E-02    0.18417E+00    0.85152E-03    0.87550E-01    0.11273E-02    0.13121E+00    0.87659E-03    0.91519E-01    0.17236E-06    0.87143E-06    0.21119E-06    0.17236E-06    0.00000E+00    0.87143E-06    0.00000E+00    0.21119E-06    0.00000E+00    0.58712E-03    0.00000E+00    0.13202E-02    0.00000E+00    0.64991E-03    0.00000E+00    0.43111E-03    0.00000E+00    0.93202E-03    0.00000E+00    0.45894E-03    0.00000E+00    0.38701E-07    0.28284E-07    0.37312E-07    0.00000E+00    0.38701E-01    0.00000E+00    0.28284E-01    0.00000E+00    0.37312E-01    0.22081E-02    0.27821E+00    0.15837E-02    0.23784E+00    0.21355E-02    0.27317E+00    0.14013E-02    0.20204E+00    0.12249E-02    0.19681E+00    0.13778E-02    0.20134E+00
21700  27    0.17633E-06    0.41820E-06    0.19832E-06    0.15976E-06    0.16572E-01    0.39959E-06    0.18608E-01    0.18156E-06    0.16757E-01    0.15383E-02    0.18206E+00    0.14659E-02    0.19292E+00    0.15318E-02    0.18307E+00    0.93665E-03    0.86953E-01    0.11353E-02    0.13006E+00    0.95471E-03    0.90872E-01    0.28192E-06    0.11988E-05    0.33286E-06    0.28192E-06    0.00000E+00    0.11988E-05    0.00000E+00    0.33286E-06    0.00000E+00    0.75090E-03    0.00000E+00    0.15484E-02    0.00000E+00    0.81592E-03    0.00000E+00    0.57245E-03    0.00000E+00    0.12496E-02    0.00000E+00    0.61007E-03    0.00000E+00    0.38243E-07    0.27913E-07    0.36866E-07    0.00000E+00    0.38243E-01    0.00000E+00    0.27913E-01    0.00000E+00    0.36866E-01    0.21733E-02    0.27656E+00    0.14228E-02    0.23627E+00    0.20889E-02    0.27154E+00    0.14129E-02    0.20066E+00    0.10781E-02    0.19509E+00    0.13683E-02    0.19992E+00
21800  28    0.10939E-06    0.28459E-06    0.12532E-06    0.92829E-07    0.16558E-01    0.26605E-06    0.18545E-01    0.10858E-06    0.16739E-01    0.15142E-02    0.18198E+00    0.14529E-02    0.19259E+00    0.15087E-02    0.18297E+00    0.83932E-03    0.86814E-01    0.10990E-02    0.12940E+00    0.86293E-03    0.90685E-01    0.16382E-06    0.79814E-06    0.19906E-06    0.16382E-06    0.00000E+00    0.79814E-06    0.00000E+00    0.19906E-06    0.00000E+00    0.57239E-03    0.00000E+00    0.12634E-02    0.00000E+00    0.63096E-03    0.00000E+00    0.42290E-03    0.00000E+00    0.88867E-03    0.00000E+00    0.44877E-03    0.00000E+00    0.38212E-07    0.27818E-07    0.36826E-07    0.00000E+00    0.38212E-01    0.00000E+00    0.27818E-01    0.00000E+00    0.36826E-01    0.22051E-02    0.27645E+00    0.15389E-02    0.23587E+00    0.21284E-02    0.27139E+00    0.13839E-02    0.20034E+00    0.12042E-02    0.19409E+00    0.13599E-02    0.19951E+00
21900  29    0.10911E-06    0.28016E-06    0.12466E-06    0.92667E-07    0.16445E-01    0.26177E-06    0.18392E-01    0.10804E-06    0.16622E-01    0.15112E-02    0.18136E+00    0.14473E-02    0.19179E+00    0.15055E-02    0.18233E+00    0.83759E-03    0.86515E-01    0.10956E-02    0.12850E+00    0.86104E-03    0.90332E-01    0.16353E-06    0.78531E-06    0.19807E-06    0.16353E-06    0.00000E+00    0.78531E-06    0.00000E+00    0.19807E-06    0.00000E+00    0.57189E-03    0.00000E+00    0.12532E-02    0.00000E+00    0.62940E-03    0.00000E+00    0.42307E-03    0.00000E+00    0.87253E-03    0.00000E+00    0.44804E-03    0.00000E+00    0.37951E-07    0.27588E-07    0.36569E-07    0.00000E+00    0.37951E-01    0.00000E+00    0.27588E-01    0.00000E+00    0.36569E-01    0.22006E-02    0.27550E+00    0.15351E-02    0.23490E+00    0.21240E-02    0.27044E+00    0.13797E-02    0.19965E+00    0.12071E-02    0.19275E+00    0.13566E-02    0.19873E+00
22000  30    0.10796E-06    0.29903E-06    0.12533E-06    0.91599E-07    0.16359E-01    0.28078E-06    0.18253E-01    0.10880E-06    0.16532E-01    0.14983E-02    0.18088E+00    0.14393E-02    0.19107E+00    0.14931E-02    0.18183E+00    0.82889E-03    0.86278E-01    0.10916E-02    0.12763E+00    0.85277E-03    0.90037E-01    0.16164E-06    0.84234E-06    0.19946E-06    0.16164E-06    0.00000E+00    0.84234E-06    0.00000E+00    0.19946E-06    0.00000E+00    0.56859E-03    0.00000E+00    0.12980E-02    0.00000E+00    0.63160E-03    0.00000E+00    0.41950E-03    0.00000E+00    0.91952E-03    0.00000E+00    0.44728E-03    0.00000E+00    0.37753E-07    0.27380E-07    0.36370E-07    0.00000E+00    0.37753E-01    0.00000E+00    0.27380E-01    0.00000E+00    0.36370E-01    0.21813E-02    0.27478E+00    0.15050E-02    0.23401E+00    0.21037E-02    0.26970E+00    0.13643E-02    0.19910E+00    0.11776E-02    0.19144E+00    0.13394E-02    0.19808E+00
22100  31    0.11533E-06    0.28387E-06    0.13065E-06    0.99082E-07    0.16251E-01    0.26576E-06    0.18104E-01    0.11423E-06    0.16419E-01    0.15171E-02    0.18028E+00    0.14967E-02    0.19028E+00    0.15153E-02    0.18121E+00    0.84527E-03    0.85960E-01    0.11219E-02    0.12667E+00    0.87042E-03    0.89661E-01    0.17485E-06    0.79729E-06    0.20943E-06    0.17485E-06    0.00000E+00    0.79729E-06    0.00000E+00    0.20943E-06    0.00000E+00    0.59135E-03    0.00000E+00    0.12628E-02    0.00000E+00    0.64719E-03    0.00000E+00    0.43665E-03    0.00000E+00    0.85485E-03    0.00000E+00    0.45988E-03    0.00000E+00    0.37502E-07    0.27156E-07    0.36123E-07    0.00000E+00    0.37502E-01    0.00000E+00    0.27156E-01    0.00000E+00    0.36123E-01    0.22032E-02    0.27387E+00    0.16009E-02    0.23305E+00    0.21328E-02    0.26878E+00    0.13796E-02    0.19837E+00    0.12554E-02    0.19001E+00    0.13631E-02    0.19725E+00
22200  32    0.14585E-06    0.26486E-06    0.15667E-06    0.12965E-06    0.16202E-01    0.24683E-06    0.18027E-01    0.14030E-06    0.16368E-01    0.15771E-02    0.18001E+00    0.15650E-02    0.18988E+00    0.15760E-02    0.18093E+00    0.90762E-03    0.85764E-01    0.11443E-02    0.12591E+00    0.92913E-03    0.89413E-01    0.22880E-06    0.74049E-06    0.25722E-06    0.22880E-06    0.00000E+00    0.74049E-06    0.00000E+00    0.25722E-06    0.00000E+00    0.67646E-03    0.00000E+00    0.12170E-02    0.00000E+00    0.71725E-03    0.00000E+00    0.51279E-03    0.00000E+00    0.81927E-03    0.00000E+00    0.52982E-03    0.00000E+00    0.37389E-07    0.27041E-07    0.36009E-07    0.00000E+00    0.37389E-01    0.00000E+00    0.27041E-01    0.00000E+00    0.36009E-01    0.22674E-02    0.27345E+00    0.17127E-02    0.23255E+00    0.22015E-02    0.26836E+00    0.14239E-02    0.19792E+00    0.13068E-02    0.18887E+00    0.14083E-02    0.19671E+00
22300  33    0.10528E-06    0.29884E-06    0.12288E-06    0.89230E-07    0.16052E-01    0.28097E-06    0.17867E-01    0.10666E-06    0.16217E-01    0.14881E-02    0.17917E+00    0.14338E-02    0.18903E+00    0.14833E-02    0.18009E+00    0.81782E-03    0.85381E-01    0.10856E-02    0.12494E+00    0.84216E-03    0.88977E-01    0.15746E-06    0.84291E-06    0.19554E-06    0.15746E-06    0.00000E+00    0.84291E-06    0.00000E+00    0.19554E-06    0.00000E+00    0.56118E-03    0.00000E+00    0.12984E-02    0.00000E+00    0.62537E-03    0.00000E+00    0.41460E-03    0.00000E+00    0.90745E-03    0.00000E+00    0.44198E-03    0.00000E+00    0.37042E-07    0.26800E-07    0.35677E-07    0.00000E+00    0.37042E-01    0.00000E+00    0.26800E-01    0.00000E+00    0.35677E-01    0.21677E-02    0.27219E+00    0.14969E-02    0.23152E+00    0.20907E-02    0.26712E+00    0.13451E-02    0.19703E+00    0.11746E-02    0.18741E+00    0.13224E-02    0.19575E+00
22400  34    0.36000E-06    0.67328E-06    0.38848E-06    0.34422E-06    0.15779E-01    0.65569E-06    0.17593E-01    0.37254E-06    0.15944E-01    0.16570E-02    0.17765E+00    0.16396E-02    0.18758E+00    0.16554E-02    0.17857E+00    0.11659E-02    0.84721E-01    0.13646E-02    0.12363E+00    0.11839E-02    0.88258E-01    0.60746E-06    0.19671E-05    0.68299E-06    0.60746E-06    0.00000E+00    0.19671E-05    0.00000E+00    0.68299E-06    0.00000E+00    0.11022E-02    0.00000E+00    0.19835E-02    0.00000E+00    0.11688E-02    0.00000E+00    0.88271E-03    0.00000E+00    0.17320E-02    0.00000E+00    0.92989E-03    0.00000E+00    0.36413E-07    0.26390E-07    0.35077E-07    0.00000E+00    0.36413E-01    0.00000E+00    0.26390E-01    0.00000E+00    0.35077E-01    0.21789E-02    0.26986E+00    0.14372E-02    0.22974E+00    0.20952E-02    0.26487E+00    0.15362E-02    0.19551E+00    0.11810E-02    0.18544E+00    0.14888E-02    0.19417E+00
22500  35    0.10338E-06    0.30358E-06    0.12158E-06    0.87547E-07    0.15830E-01    0.28595E-06    0.17637E-01    0.10558E-06    0.15994E-01    0.14745E-02    0.17793E+00    0.14131E-02    0.18782E+00    0.14690E-02    0.17885E+00    0.80820E-03    0.84728E-01    0.10733E-02    0.12316E+00    0.83230E-03    0.88222E-01    0.15449E-06    0.85784E-06    0.19357E-06    0.15449E-06    0.00000E+00    0.85784E-06    0.00000E+00    0.19357E-06    0.00000E+00    0.55587E-03    0.00000E+00    0.13098E-02    0.00000E+00    0.62220E-03    0.00000E+00    0.41026E-03    0.00000E+00    0.91604E-03    0.00000E+00    0.43836E-03    0.00000E+00    0.36530E-07    0.26456E-07    0.35187E-07    0.00000E+00    0.36530E-01    0.00000E+00    0.26456E-01    0.00000E+00    0.35187E-01    0.21479E-02    0.27030E+00    0.14619E-02    0.23003E+00    0.20696E-02    0.26528E+00    0.13286E-02    0.19553E+00    0.11519E-02    0.18473E+00    0.13050E-02    0.19409E+00
22600  36    0.10293E-06    0.30308E-06    0.12113E-06    0.87179E-07    0.15751E-01    0.28553E-06    0.17556E-01    0.10521E-06    0.15915E-01    0.14730E-02    0.17749E+00    0.14174E-02    0.18738E+00    0.14681E-02    0.17841E+00    0.80658E-03    0.84497E-01    0.10738E-02    0.12240E+00    0.83087E-03    0.87943E-01    0.15385E-06    0.85658E-06    0.19289E-06    0.15385E-06    0.00000E+00    0.85658E-06    0.00000E+00    0.19289E-06    0.00000E+00    0.55470E-03    0.00000E+00    0.13089E-02    0.00000E+00    0.62111E-03    0.00000E+00    0.40967E-03    0.00000E+00    0.90399E-03    0.00000E+00    0.43713E-03    0.00000E+00    0.36348E-07    0.26333E-07    0.35013E-07    0.00000E+00    0.36348E-01    0.00000E+00    0.26333E-01    0.00000E+00    0.35013E-01    0.21459E-02    0.26962E+00    0.14687E-02    0.22949E+00    0.20685E-02    0.26462E+00    0.13256E-02    0.19499E+00    0.11586E-02    0.18360E+00    0.13033E-02    0.19347E+00
22700  37    0.10724E-06    0.30011E-06    0.12478E-06    0.91629E-07    0.15615E-01    0.28266E-06    0.17447E-01    0.10900E-06    0.15781E-01    0.14704E-02    0.17672E+00    0.13614E-02    0.18680E+00    0.14609E-02    0.17766E+00    0.81386E-03    0.84091E-01    0.10487E-02    0.12146E+00    0.83521E-03    0.87488E-01    0.16170E-06    0.84799E-06    0.19983E-06    0.16170E-06    0.00000E+00    0.84799E-06    0.00000E+00    0.19983E-06    0.00000E+00    0.56868E-03    0.00000E+00    0.13023E-02    0.00000E+00    0.63218E-03    0.00000E+00    0.42807E-03    0.00000E+00    0.92431E-03    0.00000E+00    0.45564E-03    0.00000E+00    0.36034E-07    0.26171E-07    0.34719E-07    0.00000E+00    0.36034E-01    0.00000E+00    0.26171E-01    0.00000E+00    0.34719E-01    0.21370E-02    0.26845E+00    0.13899E-02    0.22878E+00    0.20531E-02    0.26351E+00    0.13183E-02    0.19406E+00    0.11109E-02    0.18219E+00    0.12907E-02    0.19247E+00
22800  38    0.13642E-06    0.25382E-06    0.14710E-06    0.12082E-06    0.15603E-01    0.23635E-06    0.17469E-01    0.13132E-06    0.15772E-01    0.15271E-02    0.17665E+00    0.13279E-02    0.18692E+00    0.15101E-02    0.17761E+00    0.87904E-03    0.83956E-01    0.10431E-02    0.12108E+00    0.89395E-03    0.87331E-01    0.21321E-06    0.70904E-06    0.24076E-06    0.21321E-06    0.00000E+00    0.70904E-06    0.00000E+00    0.24076E-06    0.00000E+00    0.65301E-03    0.00000E+00    0.11908E-02    0.00000E+00    0.69392E-03    0.00000E+00    0.51402E-03    0.00000E+00    0.87888E-03    0.00000E+00    0.53429E-03    0.00000E+00    0.36007E-07    0.26204E-07    0.34699E-07    0.00000E+00    0.36007E-01    0.00000E+00    0.26204E-01    0.00000E+00    0.34699E-01    0.21963E-02    0.26835E+00    0.13914E-02    0.22893E+00    0.21069E-02    0.26344E+00    0.13564E-02    0.19375E+00    0.11252E-02    0.18162E+00    0.13255E-02    0.19213E+00
22900  39    0.14901E-06    0.41238E-06    0.17296E-06    0.13362E-06    0.15397E-01    0.39518E-06    0.17198E-01    0.15740E-06    0.15561E-01    0.14905E-02    0.17548E+00    0.15896E-02    0.18546E+00    0.14998E-02    0.17641E+00    0.88506E-03    0.83363E-01    0.11706E-02    0.11981E+00    0.91101E-03    0.86676E-01    0.23580E-06    0.11855E-05    0.28856E-06    0.23580E-06    0.00000E+00    0.11855E-05    0.00000E+00    0.28856E-06    0.00000E+00    0.68672E-03    0.00000E+00    0.15398E-02    0.00000E+00    0.75968E-03    0.00000E+00    0.52762E-03    0.00000E+00    0.11216E-02    0.00000E+00    0.56061E-03    0.00000E+00    0.35531E-07    0.25797E-07    0.34234E-07    0.00000E+00    0.35531E-01    0.00000E+00    0.25797E-01    0.00000E+00    0.34234E-01    0.21237E-02    0.26658E+00    0.16139E-02    0.22714E+00    0.20631E-02    0.26166E+00    0.13525E-02    0.19238E+00    0.11951E-02    0.17971E+00    0.13315E-02    0.19069E+00
23000  40    0.10518E-06    0.34922E-06    0.12736E-06    0.89878E-07    0.15299E-01    0.33203E-06    0.17186E-01    0.11189E-06    0.15471E-01    0.14372E-02    0.17493E+00    0.13869E-02    0.18540E+00    0.14327E-02    0.17590E+00    0.79325E-03    0.83079E-01    0.10568E-02    0.11949E+00    0.81720E-03    0.86389E-01    0.15861E-06    0.99610E-06    0.20514E-06    0.15861E-06    0.00000E+00    0.99610E-06    0.00000E+00    0.20514E-06    0.00000E+00    0.56322E-03    0.00000E+00    0.14115E-02    0.00000E+00    0.64052E-03    0.00000E+00    0.41638E-03    0.00000E+00    0.10069E-02    0.00000E+00    0.44919E-03    0.00000E+00    0.35306E-07    0.25779E-07    0.34036E-07    0.00000E+00    0.35306E-01    0.00000E+00    0.25779E-01    0.00000E+00    0.34036E-01    0.20861E-02    0.26573E+00    0.13744E-02    0.22706E+00    0.20058E-02    0.26091E+00    0.12861E-02    0.19172E+00    0.10817E-02    0.17924E+00    0.12588E-02    0.19006E+00
23100  41    0.14116E-06    0.35346E-06    0.16046E-06    0.12598E-06    0.15178E-01    0.33632E-06    0.17145E-01    0.14510E-06    0.15357E-01    0.14700E-02    0.17423E+00    0.13123E-02    0.18518E+00    0.14563E-02    0.17525E+00    0.84464E-03    0.82659E-01    0.10161E-02    0.11905E+00    0.86023E-03    0.85967E-01    0.22231E-06    0.10089E-05    0.26602E-06    0.22231E-06    0.00000E+00    0.10089E-05    0.00000E+00    0.26602E-06    0.00000E+00    0.66680E-03    0.00000E+00    0.14205E-02    0.00000E+00    0.72940E-03    0.00000E+00    0.50919E-03    0.00000E+00    0.10760E-02    0.00000E+00    0.54068E-03    0.00000E+00    0.35026E-07    0.25718E-07    0.33785E-07    0.00000E+00    0.35026E-01    0.00000E+00    0.25718E-01    0.00000E+00    0.33785E-01    0.20988E-02    0.26467E+00    0.12548E-02    0.22680E+00    0.20069E-02    0.25994E+00    0.12833E-02    0.19075E+00    0.98623E-03    0.17857E+00    0.12437E-02    0.18913E+00
23200  42    0.68116E-06    0.10071E-05    0.71079E-06    0.66629E-06    0.14868E-01    0.99021E-06    0.16881E-01    0.69574E-06    0.15051E-01    0.19062E-02    0.17244E+00    0.19108E-02    0.18374E+00    0.19066E-02    0.17350E+00    0.14724E-02    0.81878E-01    0.16218E-02    0.11871E+00    0.14859E-02    0.85227E-01    0.11758E-05    0.29706E-05    0.12755E-05    0.11758E-05    0.00000E+00    0.29706E-05    0.00000E+00    0.12755E-05    0.00000E+00    0.15335E-02    0.00000E+00    0.24375E-02    0.00000E+00    0.15972E-02    0.00000E+00    0.12462E-02    0.00000E+00    0.21870E-02    0.00000E+00    0.12984E-02    0.00000E+00    0.34311E-07    0.25321E-07    0.33112E-07    0.00000E+00    0.34311E-01    0.00000E+00    0.25321E-01    0.00000E+00    0.33112E-01    0.23043E-02    0.26196E+00    0.15831E-02    0.22504E+00    0.22217E-02    0.25734E+00    0.17681E-02    0.18895E+00    0.13393E-02    0.17807E+00    0.17109E-02    0.18750E+00
23300  43    0.97155E-07    0.31821E-06    0.11725E-06    0.82162E-07    0.14993E-01    0.30118E-06    0.17033E-01    0.10207E-06    0.15179E-01    0.14344E-02    0.17317E+00    0.13793E-02    0.18457E+00    0.14295E-02    0.17423E+00    0.77867E-03    0.82009E-01    0.10451E-02    0.11895E+00    0.80289E-03    0.85367E-01    0.14499E-06    0.90353E-06    0.18713E-06    0.14499E-06    0.00000E+00    0.90353E-06    0.00000E+00    0.18713E-06    0.00000E+00    0.53850E-03    0.00000E+00    0.13443E-02    0.00000E+00    0.61177E-03    0.00000E+00    0.39750E-03    0.00000E+00    0.92650E-03    0.00000E+00    0.42689E-03    0.00000E+00    0.34600E-07    0.25549E-07    0.33393E-07    0.00000E+00    0.34600E-01    0.00000E+00    0.25549E-01    0.00000E+00    0.33393E-01    0.20902E-02    0.26306E+00    0.13964E-02    0.22605E+00    0.20116E-02    0.25843E+00    0.12771E-02    0.18925E+00    0.11044E-02    0.17842E+00    0.12541E-02    0.18781E+00
23400  44    0.97037E-07    0.30876E-06    0.11628E-06    0.82173E-07    0.14864E-01    0.29178E-06    0.16980E-01    0.10123E-06    0.15056E-01    0.14310E-02    0.17242E+00    0.13628E-02    0.18428E+00    0.14249E-02    0.17353E+00    0.77662E-03    0.81602E-01    0.10335E-02    0.11905E+00    0.79997E-03    0.85007E-01    0.14501E-06    0.87534E-06    0.18559E-06    0.14501E-06    0.00000E+00    0.87534E-06    0.00000E+00    0.18559E-06    0.00000E+00    0.53854E-03    0.00000E+00    0.13231E-02    0.00000E+00    0.60924E-03    0.00000E+00    0.39839E-03    0.00000E+00    0.90960E-03    0.00000E+00    0.42679E-03    0.00000E+00    0.34301E-07    0.25469E-07    0.33123E-07    0.00000E+00    0.34301E-01    0.00000E+00    0.25469E-01    0.00000E+00    0.33123E-01    0.20847E-02    0.26192E+00    0.13822E-02    0.22570E+00    0.20053E-02    0.25738E+00    0.12712E-02    0.18831E+00    0.10954E-02    0.17858E+00    0.12478E-02    0.18701E+00
23500  45    0.14794E-06    0.44857E-06    0.17527E-06    0.13321E-06    0.14730E-01    0.43167E-06    0.16899E-01    0.16034E-06    0.14927E-01    0.14379E-02    0.17164E+00    0.13869E-02    0.18384E+00    0.14333E-02    0.17279E+00    0.86072E-03    0.81224E-01    0.10840E-02    0.11926E+00    0.88102E-03    0.84682E-01    0.23507E-06    0.12950E-05    0.29395E-06    0.23507E-06    0.00000E+00    0.12950E-05    0.00000E+00    0.29395E-06    0.00000E+00    0.68567E-03    0.00000E+00    0.16093E-02    0.00000E+00    0.76675E-03    0.00000E+00    0.53312E-03    0.00000E+00    0.12487E-02    0.00000E+00    0.57287E-03    0.00000E+00    0.33993E-07    0.25349E-07    0.32840E-07    0.00000E+00    0.33993E-01    0.00000E+00    0.25349E-01    0.00000E+00    0.32840E-01    0.20387E-02    0.26074E+00    0.12611E-02    0.22516E+00    0.19530E-02    0.25628E+00    0.12891E-02    0.18744E+00    0.10017E-02    0.17889E+00    0.12508E-02    0.18630E+00
23600  46    0.94974E-07    0.32404E-06    0.11580E-06    0.80300E-07    0.14674E-01    0.30712E-06    0.16916E-01    0.10092E-06    0.14878E-01    0.14182E-02    0.17131E+00    0.13668E-02    0.18394E+00    0.14136E-02    0.17250E+00    0.76799E-03    0.80959E-01    0.10346E-02    0.11939E+00    0.79223E-03    0.84452E-01    0.14171E-06    0.92136E-06    0.18502E-06    0.14171E-06    0.00000E+00    0.92136E-06    0.00000E+00    0.18502E-06    0.00000E+00    0.53236E-03    0.00000E+00    0.13575E-02    0.00000E+00    0.60831E-03    0.00000E+00    0.39263E-03    0.00000E+00    0.93359E-03    0.00000E+00    0.42268E-03    0.00000E+00    0.33863E-07    0.25374E-07    0.32731E-07    0.00000E+00    0.33863E-01    0.00000E+00    0.25374E-01    0.00000E+00    0.32731E-01    0.20666E-02    0.26024E+00    0.13715E-02    0.22527E+00    0.19880E-02    0.25586E+00    0.12589E-02    0.18683E+00    0.10850E-02    0.17908E+00    0.12357E-02    0.18580E+00
23700  47    0.12108E-06    0.29736E-06    0.13711E-06    0.10643E-06    0.14656E-01    0.28042E-06    0.16943E-01    0.12225E-06    0.14864E-01    0.14801E-02    0.17121E+00    0.14644E-02    0.18408E+00    0.14787E-02    0.17242E+00    0.83278E-03    0.80832E-01    0.10721E-02    0.11963E+00    0.85453E-03    0.84359E-01    0.18782E-06    0.84126E-06    0.22412E-06    0.18782E-06    0.00000E+00    0.84126E-06    0.00000E+00    0.22412E-06    0.00000E+00    0.61289E-03    0.00000E+00    0.12971E-02    0.00000E+00    0.66950E-03    0.00000E+00    0.46588E-03    0.00000E+00    0.86808E-03    0.00000E+00    0.48823E-03    0.00000E+00    0.33821E-07    0.25414E-07    0.32700E-07    0.00000E+00    0.33821E-01    0.00000E+00    0.25414E-01    0.00000E+00    0.32700E-01    0.21364E-02    0.26008E+00    0.15413E-02    0.22545E+00    0.20670E-02    0.25573E+00    0.13126E-02    0.18654E+00    0.11741E-02    0.17944E+00    0.12941E-02    0.18559E+00
23800  48    0.12295E-06    0.38685E-06    0.14694E-06    0.10852E-06    0.14432E-01    0.37006E-06    0.16795E-01    0.13229E-06    0.14647E-01    0.14221E-02    0.16990E+00    0.14821E-02    0.18328E+00    0.14277E-02    0.17116E+00    0.82807E-03    0.80222E-01    0.11261E-02    0.11936E+00    0.85517E-03    0.83780E-01    0.19150E-06    0.11102E-05    0.24254E-06    0.19150E-06    0.00000E+00    0.11102E-05    0.00000E+00    0.24254E-06    0.00000E+00    0.61887E-03    0.00000E+00    0.14901E-02    0.00000E+00    0.69648E-03    0.00000E+00    0.48439E-03    0.00000E+00    0.10329E-02    0.00000E+00    0.51486E-03    0.00000E+00    0.33305E-07    0.25193E-07    0.32223E-07    0.00000E+00    0.33305E-01    0.00000E+00    0.25193E-01    0.00000E+00    0.32223E-01    0.20411E-02    0.25809E+00    0.14780E-02    0.22447E+00    0.19753E-02    0.25386E+00    0.12775E-02    0.18513E+00    0.11728E-02    0.17904E+00    0.12635E-02    0.18432E+00
23900  49    0.92911E-07    0.32515E-06    0.11402E-06    0.78566E-07    0.14345E-01    0.30830E-06    0.16845E-01    0.99451E-07    0.14573E-01    0.14042E-02    0.16938E+00    0.13570E-02    0.18355E+00    0.14000E-02    0.17072E+00    0.75873E-03    0.79851E-01    0.10251E-02    0.11979E+00    0.78295E-03    0.83482E-01    0.13865E-06    0.92491E-06    0.18233E-06    0.13865E-06    0.00000E+00    0.92491E-06    0.00000E+00    0.18233E-06    0.00000E+00    0.52658E-03    0.00000E+00    0.13601E-02    0.00000E+00    0.60387E-03    0.00000E+00    0.38792E-03    0.00000E+00    0.92894E-03    0.00000E+00    0.41798E-03    0.00000E+00    0.33105E-07    0.25268E-07    0.32060E-07    0.00000E+00    0.33105E-01    0.00000E+00    0.25268E-01    0.00000E+00    0.32060E-01    0.20464E-02    0.25731E+00    0.13555E-02    0.22480E+00    0.19683E-02    0.25322E+00    0.12436E-02    0.18427E+00    0.10731E-02    0.17969E+00    0.12209E-02    0.18366E+00
24000  50    0.92365E-07    0.33958E-06    0.11484E-06    0.78107E-07    0.14258E-01    0.32274E-06    0.16838E-01    0.10035E-06    0.14493E-01    0.13936E-02    0.16887E+00    0.13557E-02    0.18351E+00    0.13902E-02    0.17025E+00    0.75416E-03    0.79559E-01    0.10236E-02    0.11997E+00    0.77866E-03    0.83233E-01    0.13784E-06    0.96822E-06    0.18397E-06    0.13784E-06    0.00000E+00    0.96822E-06    0.00000E+00    0.18397E-06    0.00000E+00    0.52504E-03    0.00000E+00    0.13916E-02    0.00000E+00    0.60658E-03    0.00000E+00    0.38657E-03    0.00000E+00    0.95416E-03    0.00000E+00    0.41811E-03    0.00000E+00    0.32904E-07    0.25258E-07    0.31885E-07    0.00000E+00    0.32904E-01    0.00000E+00    0.25258E-01    0.00000E+00    0.31885E-01    0.20301E-02    0.25653E+00    0.13375E-02    0.22476E+00    0.19520E-02    0.25253E+00    0.12349E-02    0.18360E+00    0.10583E-02    0.17996E+00    0.12113E-02    0.18311E+00
24100  51    0.91629E-07    0.32687E-06    0.11301E-06    0.77494E-07    0.14136E-01    0.31003E-06    0.16834E-01    0.98633E-07    0.14381E-01    0.13935E-02    0.16814E+00    0.13442E-02    0.18349E+00    0.13891E-02    0.16959E+00    0.75229E-03    0.79130E-01    0.10142E-02    0.12012E+00    0.77610E-03    0.82856E-01    0.13675E-06    0.93010E-06    0.18083E-06    0.13675E-06    0.00000E+00    0.93010E-06    0.00000E+00    0.18083E-06    0.00000E+00    0.52298E-03    0.00000E+00    0.13639E-02    0.00000E+00    0.60138E-03    0.00000E+00    0.38548E-03    0.00000E+00    0.92773E-03    0.00000E+00    0.41560E-03    0.00000E+00    0.32621E-07    0.25250E-07    0.31638E-07    0.00000E+00    0.32621E-01    0.00000E+00    0.25250E-01    0.00000E+00    0.31638E-01    0.20307E-02    0.25542E+00    0.13343E-02    0.22472E+00    0.19522E-02    0.25155E+00    0.12320E-02    0.18261E+00    0.10575E-02    0.18018E+00    0.12087E-02    0.18228E+00
24200  52    0.92657E-07    0.32246E-06    0.11355E-06    0.78606E-07    0.14051E-01    0.30562E-06    0.16843E-01    0.99243E-07    0.14305E-01    0.13963E-02    0.16764E+00    0.13608E-02    0.18354E+00    0.13931E-02    0.16915E+00    0.75397E-03    0.78839E-01    0.10196E-02    0.12026E+00    0.77811E-03    0.82604E-01    0.13872E-06    0.91685E-06    0.18195E-06    0.13872E-06    0.00000E+00    0.91685E-06    0.00000E+00    0.18195E-06    0.00000E+00    0.52672E-03    0.00000E+00    0.13541E-02    0.00000E+00    0.60323E-03    0.00000E+00    0.38768E-03    0.00000E+00    0.90237E-03    0.00000E+00    0.41628E-03    0.00000E+00    0.32426E-07    0.25264E-07    0.31471E-07    0.00000E+00    0.32426E-01    0.00000E+00    0.25264E-01    0.00000E+00    0.31471E-01    0.20338E-02    0.25466E+00    0.13640E-02    0.22478E+00    0.19578E-02    0.25088E+00    0.12329E-02    0.18194E+00    0.10781E-02    0.18039E+00    0.12123E-02    0.18173E+00
24300  53    0.10972E-06    0.36468E-06    0.13290E-06    0.95785E-07    0.13935E-01    0.34786E-06    0.16821E-01    0.11870E-06    0.14197E-01    0.13884E-02    0.16694E+00    0.13494E-02    0.18342E+00    0.13849E-02    0.16851E+00    0.77615E-03    0.78422E-01    0.10067E-02    0.12045E+00    0.79711E-03    0.82243E-01    0.16903E-06    0.10436E-05    0.21762E-06    0.16903E-06    0.00000E+00    0.10436E-05    0.00000E+00    0.21762E-06    0.00000E+00    0.58143E-03    0.00000E+00    0.14447E-02    0.00000E+00    0.65972E-03    0.00000E+00    0.43475E-03    0.00000E+00    0.10372E-02    0.00000E+00    0.46821E-03    0.00000E+00    0.32158E-07    0.25232E-07    0.31234E-07    0.00000E+00    0.32158E-01    0.00000E+00    0.25232E-01    0.00000E+00    0.31234E-01    0.20016E-02    0.25360E+00    0.12991E-02    0.22464E+00    0.19228E-02    0.24994E+00    0.12226E-02    0.18097E+00    0.99146E-03    0.18068E+00    0.11918E-02    0.18094E+00
24400  54    0.10665E-06    0.29733E-06    0.12398E-06    0.92777E-07    0.13871E-01    0.28045E-06    0.16882E-01    0.10984E-06    0.14144E-01    0.14261E-02    0.16656E+00    0.14000E-02    0.18375E+00    0.14237E-02    0.16819E+00    0.78410E-03    0.78165E-01    0.10298E-02    0.12062E+00    0.80643E-03    0.82025E-01    0.16372E-06    0.84134E-06    0.20137E-06    0.16372E-06    0.00000E+00    0.84134E-06    0.00000E+00    0.20137E-06    0.00000E+00    0.57223E-03    0.00000E+00    0.12972E-02    0.00000E+00    0.63462E-03    0.00000E+00    0.42528E-03    0.00000E+00    0.83442E-03    0.00000E+00    0.44801E-03    0.00000E+00    0.32009E-07    0.25323E-07    0.31117E-07    0.00000E+00    0.32009E-01    0.00000E+00    0.25323E-01    0.00000E+00    0.31117E-01    0.20652E-02    0.25302E+00    0.14487E-02    0.22505E+00    0.19940E-02    0.24947E+00    0.12533E-02    0.18038E+00    0.11274E-02    0.18093E+00    0.12365E-02    0.18045E+00
24500  55    0.30578E-06    0.69416E-06    0.34109E-06    0.29217E-06    0.13605E-01    0.67744E-06    0.16728E-01    0.32720E-06    0.13889E-01    0.15257E-02    0.16496E+00    0.15542E-02    0.18291E+00    0.15283E-02    0.16667E+00    0.10626E-02    0.77400E-01    0.12545E-02    0.12061E+00    0.10801E-02    0.81328E-01    0.51560E-06    0.20323E-05    0.59986E-06    0.51560E-06    0.00000E+00    0.20323E-05    0.00000E+00    0.59986E-06    0.00000E+00    0.10155E-02    0.00000E+00    0.20161E-02    0.00000E+00    0.10953E-02    0.00000E+00    0.81380E-03    0.00000E+00    0.17200E-02    0.00000E+00    0.86414E-03    0.00000E+00    0.31397E-07    0.25092E-07    0.30556E-07    0.00000E+00    0.31397E-01    0.00000E+00    0.25092E-01    0.00000E+00    0.30556E-01    0.20058E-02    0.25059E+00    0.12614E-02    0.22402E+00    0.19233E-02    0.24721E+00    0.13881E-02    0.17862E+00    0.10217E-02    0.18092E+00    0.13392E-02    0.17892E+00
24600  56    0.20143E-06    0.42175E-06    0.22146E-06    0.18777E-06    0.13664E-01    0.40491E-06    0.16841E-01    0.20751E-06    0.13953E-01    0.15239E-02    0.16531E+00    0.16541E-02    0.18353E+00    0.15362E-02    0.16705E+00    0.99026E-03    0.77404E-01    0.12248E-02    0.12075E+00    0.10116E-02    0.81345E-01    0.33136E-06    0.12147E-05    0.38043E-06    0.33136E-06    0.00000E+00    0.12147E-05    0.00000E+00    0.38043E-06    0.00000E+00    0.81407E-03    0.00000E+00    0.15587E-02    0.00000E+00    0.87228E-03    0.00000E+00    0.67830E-03    0.00000E+00    0.11186E-02    0.00000E+00    0.70276E-03    0.00000E+00    0.31532E-07    0.25262E-07    0.30696E-07    0.00000E+00    0.31532E-01    0.00000E+00    0.25262E-01    0.00000E+00    0.30696E-01    0.21195E-02    0.25113E+00    0.16998E-02    0.22477E+00    0.20685E-02    0.24777E+00    0.13982E-02    0.17862E+00    0.12779E-02    0.18113E+00    0.13822E-02    0.17896E+00
24700  57    0.11895E-06    0.29991E-06    0.13540E-06    0.10539E-06    0.13566E-01    0.28298E-06    0.16936E-01    0.12153E-06    0.13872E-01    0.14315E-02    0.16472E+00    0.14052E-02    0.18405E+00    0.14291E-02    0.16657E+00    0.80035E-03    0.77117E-01    0.10675E-02    0.12106E+00    0.82464E-03    0.81111E-01    0.18598E-06    0.84893E-06    0.22281E-06    0.18598E-06    0.00000E+00    0.84893E-06    0.00000E+00    0.22281E-06    0.00000E+00    0.60988E-03    0.00000E+00    0.13030E-02    0.00000E+00    0.66754E-03    0.00000E+00    0.45115E-03    0.00000E+00    0.85487E-03    0.00000E+00    0.47357E-03    0.00000E+00    0.31306E-07    0.25405E-07    0.30519E-07    0.00000E+00    0.31306E-01    0.00000E+00    0.25405E-01    0.00000E+00    0.30519E-01    0.20597E-02    0.25022E+00    0.14536E-02    0.22541E+00    0.19896E-02    0.24706E+00    0.12570E-02    0.17796E+00    0.11738E-02    0.18159E+00    0.12459E-02    0.17844E+00
24800  58    0.81282E-06    0.63028E-06    0.79622E-06    0.79925E-06    0.13568E-01    0.61335E-06    0.16931E-01    0.78235E-06    0.13874E-01    0.22113E-02    0.16473E+00    0.23955E-02    0.18402E+00    0.22286E-02    0.16658E+00    0.17563E-02    0.77013E-01    0.19542E-02    0.12093E+00    0.17743E-02    0.81005E-01    0.14104E-05    0.18400E-05    0.14343E-05    0.14104E-05    0.00000E+00    0.18400E-05    0.00000E+00    0.14343E-05    0.00000E+00    0.16795E-02    0.00000E+00    0.19184E-02    0.00000E+00    0.16937E-02    0.00000E+00    0.14412E-02    0.00000E+00    0.16703E-02    0.00000E+00    0.14539E-02    0.00000E+00    0.31312E-07    0.25397E-07    0.30523E-07    0.00000E+00    0.31312E-01    0.00000E+00    0.25397E-01    0.00000E+00    0.30523E-01    0.27559E-02    0.25025E+00    0.26015E-02    0.22538E+00    0.27358E-02    0.24708E+00    0.21683E-02    0.17772E+00    0.20961E-02    0.18140E+00    0.21587E-02    0.17821E+00
24900  59    0.14595E-06    0.49303E-06    0.17750E-06    0.13268E-06    0.13266E-01    0.47617E-06    0.16860E-01    0.16391E-06    0.13593E-01    0.13629E-02    0.16289E+00    0.13777E-02    0.18363E+00    0.13643E-02    0.16488E+00    0.81294E-03    0.76168E-01    0.10450E-02    0.12121E+00    0.83404E-03    0.80263E-01    0.23414E-06    0.14285E-05    0.30050E-06    0.23414E-06    0.00000E+00    0.14285E-05    0.00000E+00    0.30050E-06    0.00000E+00    0.68431E-03    0.00000E+00    0.16903E-02    0.00000E+00    0.77524E-03    0.00000E+00    0.51252E-03    0.00000E+00    0.13234E-02    0.00000E+00    0.55757E-03    0.00000E+00    0.30614E-07    0.25290E-07    0.29904E-07    0.00000E+00    0.30614E-01    0.00000E+00    0.25290E-01    0.00000E+00    0.29904E-01    0.19168E-02    0.24744E+00    0.11910E-02    0.22490E+00    0.18367E-02    0.24456E+00    0.12058E-02    0.17577E+00    0.90577E-03    0.18182E+00    0.11658E-02    0.17658E+00
25000  60    0.85662E-07    0.34174E-06    0.10894E-06    0.72417E-07    0.13245E-01    0.32477E-06    0.16967E-01    0.95359E-07    0.13583E-01    0.13441E-02    0.16276E+00    0.13178E-02    0.18421E+00    0.13417E-02    0.16482E+00    0.72456E-03    0.76086E-01    0.98685E-03    0.12145E+00    0.74840E-03    0.80211E-01    0.12779E-06    0.97432E-06    0.17482E-06    0.12779E-06    0.00000E+00    0.97432E-06    0.00000E+00    0.17482E-06    0.00000E+00    0.50556E-03    0.00000E+00    0.13959E-02    0.00000E+00    0.59131E-03    0.00000E+00    0.37146E-03    0.00000E+00    0.94558E-03    0.00000E+00    0.40335E-03    0.00000E+00    0.30565E-07    0.25451E-07    0.29883E-07    0.00000E+00    0.30565E-01    0.00000E+00    0.25451E-01    0.00000E+00    0.29883E-01    0.19583E-02    0.24725E+00    0.12769E-02    0.22561E+00    0.18817E-02    0.24447E+00    0.11863E-02    0.17558E+00    0.10075E-02    0.18218E+00    0.11625E-02    0.17646E+00
25100  61    0.85427E-07    0.35148E-06    0.10961E-06    0.72289E-07    0.13139E-01    0.33450E-06    0.16982E-01    0.96126E-07    0.13488E-01    0.13332E-02    0.16210E+00    0.13183E-02    0.18429E+00    0.13319E-02    0.16424E+00    0.72213E-03    0.75804E-01    0.98842E-03    0.12153E+00    0.74633E-03    0.79961E-01    0.12757E-06    0.10035E-05    0.17623E-06    0.12757E-06    0.00000E+00    0.10035E-05    0.00000E+00    0.17623E-06    0.00000E+00    0.50511E-03    0.00000E+00    0.14167E-02    0.00000E+00    0.59369E-03    0.00000E+00    0.37214E-03    0.00000E+00    0.95783E-03    0.00000E+00    0.40468E-03    0.00000E+00    0.30320E-07    0.25473E-07    0.29674E-07    0.00000E+00    0.30320E-01    0.00000E+00    0.25473E-01    0.00000E+00    0.29674E-01    0.19412E-02    0.24625E+00    0.12663E-02    0.22571E+00    0.18654E-02    0.24361E+00    0.11798E-02    0.17493E+00    0.10037E-02    0.18230E+00    0.11563E-02    0.17591E+00
25200  62    0.85508E-07    0.33178E-06    0.10790E-06    0.72442E-07    0.13067E-01    0.31475E-06    0.17032E-01    0.94469E-07    0.13427E-01    0.13402E-02    0.16166E+00    0.13032E-02    0.18457E+00    0.13369E-02    0.16387E+00    0.72292E-03    0.75632E-01    0.97233E-03    0.12170E+00    0.74560E-03    0.79820E-01    0.12784E-06    0.94425E-06    0.17319E-06    0.12784E-06    0.00000E+00    0.94425E-06    0.00000E+00    0.17319E-06    0.00000E+00    0.50564E-03    0.00000E+00    0.13742E-02    0.00000E+00    0.58855E-03    0.00000E+00    0.37085E-03    0.00000E+00    0.91646E-03    0.00000E+00    0.40117E-03    0.00000E+00    0.30154E-07    0.25548E-07    0.29540E-07    0.00000E+00    0.30154E-01    0.00000E+00    0.25548E-01    0.00000E+00    0.29540E-01    0.19520E-02    0.24558E+00    0.12662E-02    0.22605E+00    0.18751E-02    0.24306E+00    0.11833E-02    0.17454E+00    0.10003E-02    0.18255E+00    0.11589E-02    0.17560E+00
25300  63    0.92618E-07    0.31812E-06    0.11312E-06    0.79636E-07    0.12982E-01    0.30106E-06    0.17068E-01    0.99765E-07    0.13354E-01    0.13569E-02    0.16114E+00    0.13516E-02    0.18476E+00    0.13564E-02    0.16343E+00    0.73876E-03    0.75402E-01    0.10020E-02    0.12180E+00    0.76269E-03    0.79620E-01    0.14053E-06    0.90317E-06    0.18290E-06    0.14053E-06    0.00000E+00    0.90317E-06    0.00000E+00    0.18290E-06    0.00000E+00    0.53016E-03    0.00000E+00    0.13440E-02    0.00000E+00    0.60482E-03    0.00000E+00    0.39126E-03    0.00000E+00    0.86858E-03    0.00000E+00    0.41778E-03    0.00000E+00    0.29960E-07    0.25602E-07    0.29379E-07    0.00000E+00    0.29960E-01    0.00000E+00    0.25602E-01    0.00000E+00    0.29379E-01    0.19700E-02    0.24478E+00    0.13554E-02    0.22628E+00    0.18996E-02    0.24240E+00    0.11932E-02    0.17401E+00    0.10688E-02    0.18270E+00    0.11766E-02    0.17516E+00
25400  64    0.34305E-06    0.46774E-06    0.35439E-06    0.33022E-06    0.12832E-01    0.45063E-06    0.17115E-01    0.34117E-06    0.13221E-01    0.16534E-02    0.16020E+00    0.13860E-02    0.18502E+00    0.16309E-02    0.16261E+00    0.12251E-02    0.75011E-01    0.11388E-02    0.12211E+00    0.12172E-02    0.79293E-01    0.58275E-06    0.13519E-05    0.62548E-06    0.58275E-06    0.00000E+00    0.13519E-05    0.00000E+00    0.62548E-06    0.00000E+00    0.10796E-02    0.00000E+00    0.16443E-02    0.00000E+00    0.11185E-02    0.00000E+00    0.95548E-03    0.00000E+00    0.12489E-02    0.00000E+00    0.97178E-03    0.00000E+00    0.29611E-07    0.25673E-07    0.29086E-07    0.00000E+00    0.29611E-01    0.00000E+00    0.25673E-01    0.00000E+00    0.29086E-01    0.21873E-02    0.24336E+00    0.12368E-02    0.22660E+00    0.20858E-02    0.24119E+00    0.15777E-02    0.17310E+00    0.10838E-02    0.18317E+00    0.15118E-02    0.17444E+00
25500  65    0.93216E-07    0.39025E-06    0.12022E-06    0.80442E-07    0.12774E-01    0.37316E-06    0.17085E-01    0.10705E-06    0.13166E-01    0.13066E-02    0.15983E+00    0.12798E-02    0.18485E+00    0.13041E-02    0.16227E+00    0.72000E-03    0.74854E-01    0.96020E-03    0.12200E+00    0.74183E-03    0.79140E-01    0.14196E-06    0.11195E-05    0.19626E-06    0.14196E-06    0.00000E+00    0.11195E-05    0.00000E+00    0.19626E-06    0.00000E+00    0.53284E-03    0.00000E+00    0.14963E-02    0.00000E+00    0.62652E-03    0.00000E+00    0.39248E-03    0.00000E+00    0.10591E-02    0.00000E+00    0.42952E-03    0.00000E+00    0.29477E-07    0.25628E-07    0.28964E-07    0.00000E+00    0.29477E-01    0.00000E+00    0.25628E-01    0.00000E+00    0.28964E-01    0.18890E-02    0.24281E+00    0.11564E-02    0.22640E+00    0.18085E-02    0.24068E+00    0.11483E-02    0.17274E+00    0.91076E-03    0.18300E+00    0.11166E-02    0.17411E+00
25600  66    0.87159E-07    0.33932E-06    0.11008E-06    0.74454E-07    0.12705E-01    0.32217E-06    0.17148E-01    0.96974E-07    0.13109E-01    0.13166E-02    0.15940E+00    0.12489E-02    0.18519E+00    0.13106E-02    0.16192E+00    0.71759E-03    0.74708E-01    0.94307E-03    0.12215E+00    0.73808E-03    0.79021E-01    0.13139E-06    0.96651E-06    0.17779E-06    0.13139E-06    0.00000E+00    0.96651E-06    0.00000E+00    0.17779E-06    0.00000E+00    0.51262E-03    0.00000E+00    0.13903E-02    0.00000E+00    0.59630E-03    0.00000E+00    0.37957E-03    0.00000E+00    0.95804E-03    0.00000E+00    0.41171E-03    0.00000E+00    0.29319E-07    0.25722E-07    0.28839E-07    0.00000E+00    0.29319E-01    0.00000E+00    0.25722E-01    0.00000E+00    0.28839E-01    0.19123E-02    0.24215E+00    0.11718E-02    0.22681E+00    0.18309E-02    0.24016E+00    0.11596E-02    0.17240E+00    0.93558E-03    0.18322E+00    0.11297E-02    0.17385E+00
25700  67    0.82888E-07    0.35899E-06    0.10799E-06    0.70267E-07    0.12620E-01    0.34183E-06    0.17157E-01    0.94955E-07    0.13033E-01    0.12989E-02    0.15887E+00    0.12944E-02    0.18524E+00    0.12985E-02    0.16145E+00    0.70329E-03    0.74542E-01    0.96569E-03    0.12216E+00    0.72715E-03    0.78871E-01    0.12400E-06    0.10255E-05    0.17408E-06    0.12400E-06    0.00000E+00    0.10255E-05    0.00000E+00    0.17408E-06    0.00000E+00    0.49800E-03    0.00000E+00    0.14321E-02    0.00000E+00    0.59006E-03    0.00000E+00    0.36343E-03    0.00000E+00    0.97681E-03    0.00000E+00    0.39750E-03    0.00000E+00    0.29123E-07    0.25735E-07    0.28672E-07    0.00000E+00    0.29123E-01    0.00000E+00    0.25735E-01    0.00000E+00    0.28672E-01    0.18892E-02    0.24134E+00    0.12198E-02    0.22687E+00    0.18143E-02    0.23946E+00    0.11477E-02    0.17202E+00    0.96012E-03    0.18324E+00    0.11227E-02    0.17352E+00
25800  68    0.82950E-07    0.36343E-06    0.10845E-06    0.70428E-07    0.12522E-01    0.34625E-06    0.17176E-01    0.95503E-07    0.12945E-01    0.12889E-02    0.15825E+00    0.12766E-02    0.18535E+00    0.12878E-02    0.16090E+00    0.69969E-03    0.74319E-01    0.95460E-03    0.12221E+00    0.72286E-03    0.78673E-01    0.12428E-06    0.10387E-05    0.17509E-06    0.12428E-06    0.00000E+00    0.10387E-05    0.00000E+00    0.17509E-06    0.00000E+00    0.49857E-03    0.00000E+00    0.14414E-02    0.00000E+00    0.59176E-03    0.00000E+00    0.36465E-03    0.00000E+00    0.99051E-03    0.00000E+00    0.39942E-03    0.00000E+00    0.28897E-07    0.25765E-07    0.28479E-07    0.00000E+00    0.28897E-01    0.00000E+00    0.25765E-01    0.00000E+00    0.28479E-01    0.18732E-02    0.24040E+00    0.11857E-02    0.22700E+00    0.17968E-02    0.23866E+00    0.11378E-02    0.17151E+00    0.93665E-03    0.18332E+00    0.11110E-02    0.17308E+00
25900  69    0.80321E-07    0.34442E-06    0.10433E-06    0.67859E-07    0.12462E-01    0.32720E-06    0.17224E-01    0.91436E-07    0.12895E-01    0.12924E-02    0.15787E+00    0.12786E-02    0.18560E+00    0.12911E-02    0.16059E+00    0.69774E-03    0.74208E-01    0.95472E-03    0.12233E+00    0.72111E-03    0.78583E-01    0.11975E-06    0.98160E-06    0.16763E-06    0.11975E-06    0.00000E+00    0.98160E-06    0.00000E+00    0.16763E-06    0.00000E+00    0.48939E-03    0.00000E+00    0.14011E-02    0.00000E+00    0.57902E-03    0.00000E+00    0.35849E-03    0.00000E+00    0.94539E-03    0.00000E+00    0.39110E-03    0.00000E+00    0.28758E-07    0.25836E-07    0.28368E-07    0.00000E+00    0.28758E-01    0.00000E+00    0.25836E-01    0.00000E+00    0.28368E-01    0.18818E-02    0.23982E+00    0.12127E-02    0.22731E+00    0.18070E-02    0.23819E+00    0.11414E-02    0.17125E+00    0.95939E-03    0.18350E+00    0.11171E-02    0.17288E+00
26000  70    0.81695E-07    0.34643E-06    0.10576E-06    0.69326E-07    0.12369E-01    0.32920E-06    0.17226E-01    0.92951E-07    0.12810E-01    0.12881E-02    0.15728E+00    0.13024E-02    0.18561E+00    0.12894E-02    0.16006E+00    0.70312E-03    0.73996E-01    0.97361E-03    0.12242E+00    0.72771E-03    0.78398E-01    0.12234E-06    0.98760E-06    0.17041E-06    0.12234E-06    0.00000E+00    0.98760E-06    0.00000E+00    0.17041E-06    0.00000E+00    0.49465E-03    0.00000E+00    0.14054E-02    0.00000E+00    0.58380E-03    0.00000E+00    0.36736E-03    0.00000E+00    0.92985E-03    0.00000E+00    0.39861E-03    0.00000E+00    0.28543E-07    0.25839E-07    0.28183E-07    0.00000E+00    0.28543E-01    0.00000E+00    0.25839E-01    0.00000E+00    0.28183E-01    0.18732E-02    0.23893E+00    0.12477E-02    0.22733E+00    0.18023E-02    0.23741E+00    0.11422E-02    0.17076E+00    0.99549E-03    0.18363E+00    0.11226E-02    0.17248E+00
26100  71    0.12211E-05    0.13504E-05    0.12328E-05    0.12090E-05    0.12059E-01    0.13334E-05    0.17059E-01    0.12203E-05    0.12514E-01    0.23260E-02    0.15530E+00    0.22097E-02    0.18471E+00    0.23157E-02    0.15820E+00    0.18820E-02    0.73195E-01    0.17842E-02    0.12224E+00    0.18731E-02    0.77653E-01    0.21336E-05    0.40001E-05    0.22373E-05    0.21336E-05    0.00000E+00    0.40001E-05    0.00000E+00    0.22373E-05    0.00000E+00    0.20657E-02    0.00000E+00    0.28285E-02    0.00000E+00    0.21153E-02    0.00000E+00    0.16958E-02    0.00000E+00    0.23910E-02    0.00000E+00    0.17344E-02    0.00000E+00    0.27829E-07    0.25588E-07    0.27531E-07    0.00000E+00    0.27829E-01    0.00000E+00    0.25588E-01    0.00000E+00    0.27531E-01    0.26278E-02    0.23592E+00    0.18232E-02    0.22622E+00    0.25353E-02    0.23465E+00    0.21255E-02    0.16891E+00    0.14808E-02    0.18336E+00    0.20395E-02    0.17084E+00
26200  72    0.78772E-07    0.34308E-06    0.10280E-06    0.66531E-07    0.12241E-01    0.32579E-06    0.17286E-01    0.90100E-07    0.12700E-01    0.12761E-02    0.15647E+00    0.12671E-02    0.18594E+00    0.12753E-02    0.15937E+00    0.69003E-03    0.73736E-01    0.94820E-03    0.12275E+00    0.71350E-03    0.78192E-01    0.11741E-06    0.97738E-06    0.16518E-06    0.11741E-06    0.00000E+00    0.97738E-06    0.00000E+00    0.16518E-06    0.00000E+00    0.48458E-03    0.00000E+00    0.13981E-02    0.00000E+00    0.57478E-03    0.00000E+00    0.35484E-03    0.00000E+00    0.94072E-03    0.00000E+00    0.38739E-03    0.00000E+00    0.28248E-07    0.25929E-07    0.27939E-07    0.00000E+00    0.28248E-01    0.00000E+00    0.25929E-01    0.00000E+00    0.27939E-01    0.18577E-02    0.23769E+00    0.11963E-02    0.22773E+00    0.17838E-02    0.23639E+00    0.11284E-02    0.17016E+00    0.95194E-03    0.18412E+00    0.11048E-02    0.17202E+00
26300  73    0.81142E-07    0.36276E-06    0.10674E-06    0.68987E-07    0.12155E-01    0.34546E-06    0.17301E-01    0.94121E-07    0.12623E-01    0.12662E-02    0.15591E+00    0.12875E-02    0.18602E+00    0.12681E-02    0.15889E+00    0.69330E-03    0.73524E-01    0.95572E-03    0.12289E+00    0.71716E-03    0.78011E-01    0.12174E-06    0.10364E-05    0.17255E-06    0.12174E-06    0.00000E+00    0.10364E-05    0.00000E+00    0.17255E-06    0.00000E+00    0.49344E-03    0.00000E+00    0.14397E-02    0.00000E+00    0.58746E-03    0.00000E+00    0.36350E-03    0.00000E+00    0.97391E-03    0.00000E+00    0.39742E-03    0.00000E+00    0.28049E-07    0.25952E-07    0.27770E-07    0.00000E+00    0.28049E-01    0.00000E+00    0.25952E-01    0.00000E+00    0.27770E-01    0.18388E-02    0.23685E+00    0.12043E-02    0.22783E+00    0.17674E-02    0.23567E+00    0.11246E-02    0.16967E+00    0.94662E-03    0.18433E+00    0.11009E-02    0.17163E+00
26400  74    0.90654E-07    0.37630E-06    0.11662E-06    0.78610E-07    0.12043E-01    0.35901E-06    0.17288E-01    0.10410E-06    0.12520E-01    0.12613E-02    0.15520E+00    0.12243E-02    0.18594E+00    0.12579E-02    0.15824E+00    0.69892E-03    0.73237E-01    0.91372E-03    0.12294E+00    0.71845E-03    0.77756E-01    0.13872E-06    0.10770E-05    0.19085E-06    0.13872E-06    0.00000E+00    0.10770E-05    0.00000E+00    0.19085E-06    0.00000E+00    0.52673E-03    0.00000E+00    0.14677E-02    0.00000E+00    0.61782E-03    0.00000E+00    0.38655E-03    0.00000E+00    0.10383E-02    0.00000E+00    0.42276E-03    0.00000E+00    0.27792E-07    0.25931E-07    0.27544E-07    0.00000E+00    0.27792E-01    0.00000E+00    0.25931E-01    0.00000E+00    0.27544E-01    0.18189E-02    0.23576E+00    0.10822E-02    0.22773E+00    0.17388E-02    0.23471E+00    0.11074E-02    0.16901E+00    0.85145E-03    0.18442E+00    0.10733E-02    0.17106E+00
26500  75    0.77471E-07    0.33506E-06    0.10089E-06    0.65467E-07    0.12004E-01    0.31772E-06    0.17339E-01    0.88399E-07    0.12489E-01    0.12628E-02    0.15495E+00    0.12633E-02    0.18622E+00    0.12629E-02    0.15805E+00    0.68507E-03    0.73167E-01    0.94808E-03    0.12312E+00    0.70898E-03    0.77708E-01    0.11553E-06    0.95316E-06    0.16207E-06    0.11553E-06    0.00000E+00    0.95316E-06    0.00000E+00    0.16207E-06    0.00000E+00    0.48069E-03    0.00000E+00    0.13807E-02    0.00000E+00    0.56932E-03    0.00000E+00    0.35285E-03    0.00000E+00    0.92328E-03    0.00000E+00    0.38454E-03    0.00000E+00    0.27702E-07    0.26008E-07    0.27476E-07    0.00000E+00    0.27702E-01    0.00000E+00    0.26008E-01    0.00000E+00    0.27476E-01    0.18379E-02    0.23538E+00    0.12003E-02    0.22807E+00    0.17663E-02    0.23442E+00    0.11195E-02    0.16885E+00    0.96048E-03    0.18468E+00    0.10983E-02    0.17096E+00
26600  76    0.77362E-07    0.34513E-06    0.10170E-06    0.65426E-07    0.11936E-01    0.32778E-06    0.17351E-01    0.89276E-07    0.12428E-01    0.12517E-02    0.15451E+00    0.12427E-02    0.18628E+00    0.12508E-02    0.15766E+00    0.67944E-03    0.73014E-01    0.93429E-03    0.12321E+00    0.70260E-03    0.77577E-01    0.11546E-06    0.98335E-06    0.16367E-06    0.11546E-06    0.00000E+00    0.98335E-06    0.00000E+00    0.16367E-06    0.00000E+00    0.48053E-03    0.00000E+00    0.14024E-02    0.00000E+00    0.57214E-03    0.00000E+00    0.35150E-03    0.00000E+00    0.95188E-03    0.00000E+00    0.38485E-03    0.00000E+00    0.27545E-07    0.26026E-07    0.27343E-07    0.00000E+00    0.27545E-01    0.00000E+00    0.26026E-01    0.00000E+00    0.27343E-01    0.18203E-02    0.23471E+00    0.11545E-02    0.22815E+00    0.17462E-02    0.23385E+00    0.11083E-02    0.16849E+00    0.92550E-03    0.18482E+00    0.10839E-02    0.17067E+00
26700  77    0.30289E-06    0.39510E-06    0.31127E-06    0.29094E-06    0.11951E-01    0.37771E-06    0.17397E-01    0.29883E-06    0.12446E-01    0.16020E-02    0.15460E+00    0.17386E-02    0.18653E+00    0.16149E-02    0.15777E+00    0.11405E-02    0.73109E-01    0.13794E-02    0.12331E+00    0.11622E-02    0.77673E-01    0.51342E-06    0.11331E-05    0.54785E-06    0.51342E-06    0.00000E+00    0.11331E-05    0.00000E+00    0.54785E-06    0.00000E+00    0.10133E-02    0.00000E+00    0.15054E-02    0.00000E+00    0.10468E-02    0.00000E+00    0.84903E-03    0.00000E+00    0.11854E-02    0.00000E+00    0.86772E-03    0.00000E+00    0.27580E-07    0.26096E-07    0.27382E-07    0.00000E+00    0.27580E-01    0.00000E+00    0.26096E-01    0.00000E+00    0.27382E-01    0.21401E-02    0.23486E+00    0.18442E-02    0.22846E+00    0.21030E-02    0.23402E+00    0.15216E-02    0.16871E+00    0.14765E-02    0.18497E+00    0.15156E-02    0.17088E+00
26800  78    0.75813E-07    0.33427E-06    0.99309E-07    0.63995E-07    0.11817E-01    0.31689E-06    0.17384E-01    0.86986E-07    0.12323E-01    0.12452E-02    0.15374E+00    0.12451E-02    0.18646E+00    0.12452E-02    0.15699E+00    0.67570E-03    0.72747E-01    0.93649E-03    0.12342E+00    0.69941E-03    0.77354E-01    0.11293E-06    0.95067E-06    0.15947E-06    0.11293E-06    0.00000E+00    0.95067E-06    0.00000E+00    0.15947E-06    0.00000E+00    0.47525E-03    0.00000E+00    0.13789E-02    0.00000E+00    0.56475E-03    0.00000E+00    0.34760E-03    0.00000E+00    0.92379E-03    0.00000E+00    0.37961E-03    0.00000E+00    0.27271E-07    0.26076E-07    0.27112E-07    0.00000E+00    0.27271E-01    0.00000E+00    0.26076E-01    0.00000E+00    0.27112E-01    0.18119E-02    0.23354E+00    0.11724E-02    0.22837E+00    0.17403E-02    0.23286E+00    0.11047E-02    0.16788E+00    0.94284E-03    0.18513E+00    0.10832E-02    0.17018E+00
26900  79    0.75401E-07    0.33169E-06    0.98700E-07    0.63664E-07    0.11737E-01    0.31431E-06    0.17377E-01    0.86450E-07    0.12250E-01    0.12389E-02    0.15321E+00    0.12386E-02    0.18643E+00    0.12389E-02    0.15652E+00    0.67276E-03    0.72552E-01    0.93280E-03    0.12345E+00    0.69640E-03    0.77179E-01    0.11235E-06    0.94293E-06    0.15849E-06    0.11235E-06    0.00000E+00    0.94293E-06    0.00000E+00    0.15849E-06    0.00000E+00    0.47402E-03    0.00000E+00    0.13733E-02    0.00000E+00    0.56301E-03    0.00000E+00    0.34583E-03    0.00000E+00    0.91998E-03    0.00000E+00    0.37773E-03    0.00000E+00    0.27086E-07    0.26066E-07    0.26950E-07    0.00000E+00    0.27086E-01    0.00000E+00    0.26066E-01    0.00000E+00    0.26950E-01    0.18023E-02    0.23275E+00    0.11655E-02    0.22832E+00    0.17310E-02    0.23216E+00    0.11003E-02    0.16743E+00    0.93921E-03    0.18517E+00    0.10788E-02    0.16979E+00
27000  80    0.86022E-07    0.31321E-06    0.10668E-06    0.74326E-07    0.11696E-01    0.29580E-06    0.17410E-01    0.94460E-07    0.12215E-01    0.12624E-02    0.15294E+00    0.12126E-02    0.18660E+00    0.12579E-02    0.15630E+00    0.70318E-03    0.72470E-01    0.94121E-03    0.12357E+00    0.72482E-03    0.77115E-01    0.13116E-06    0.88740E-06    0.17318E-06    0.13116E-06    0.00000E+00    0.88740E-06    0.00000E+00    0.17318E-06    0.00000E+00    0.51218E-03    0.00000E+00    0.13322E-02    0.00000E+00    0.58852E-03    0.00000E+00    0.38038E-03    0.00000E+00    0.89860E-03    0.00000E+00    0.40917E-03    0.00000E+00    0.26990E-07    0.26115E-07    0.26874E-07    0.00000E+00    0.26990E-01    0.00000E+00    0.26115E-01    0.00000E+00    0.26874E-01    0.18260E-02    0.23234E+00    0.11481E-02    0.22854E+00    0.17509E-02    0.23183E+00    0.11253E-02    0.16724E+00    0.96251E-03    0.18536E+00    0.11036E-02    0.16965E+00
27100  81    0.74346E-07    0.33374E-06    0.97927E-07    0.62733E-07    0.11613E-01    0.31635E-06    0.17389E-01    0.85789E-07    0.12138E-01    0.12259E-02    0.15240E+00    0.12337E-02    0.18649E+00    0.12266E-02    0.15581E+00    0.66717E-03    0.72239E-01    0.92927E-03    0.12369E+00    0.69100E-03    0.76916E-01    0.11070E-06    0.94906E-06    0.15728E-06    0.11070E-06    0.00000E+00    0.94906E-06    0.00000E+00    0.15728E-06    0.00000E+00    0.47054E-03    0.00000E+00    0.13777E-02    0.00000E+00    0.56086E-03    0.00000E+00    0.34385E-03    0.00000E+00    0.92404E-03    0.00000E+00    0.37608E-03    0.00000E+00    0.26799E-07    0.26084E-07    0.26703E-07    0.00000E+00    0.26799E-01    0.00000E+00    0.26084E-01    0.00000E+00    0.26703E-01    0.17829E-02    0.23151E+00    0.11549E-02    0.22840E+00    0.17125E-02    0.23110E+00    0.10900E-02    0.16671E+00    0.93188E-03    0.18553E+00    0.10689E-02    0.16922E+00
27200  82    0.74809E-07    0.35118E-06    0.99934E-07    0.63273E-07    0.11536E-01    0.33382E-06    0.17364E-01    0.87868E-07    0.12066E-01    0.12114E-02    0.15189E+00    0.12369E-02    0.18636E+00    0.12137E-02    0.15534E+00    0.66401E-03    0.72035E-01    0.92854E-03    0.12378E+00    0.68806E-03    0.76739E-01    0.11166E-06    0.10014E-05    0.16109E-06    0.11166E-06    0.00000E+00    0.10014E-05    0.00000E+00    0.16109E-06    0.00000E+00    0.47257E-03    0.00000E+00    0.14152E-02    0.00000E+00    0.56761E-03    0.00000E+00    0.34546E-03    0.00000E+00    0.95841E-03    0.00000E+00    0.37951E-03    0.00000E+00    0.26621E-07    0.26046E-07    0.26544E-07    0.00000E+00    0.26621E-01    0.00000E+00    0.26046E-01    0.00000E+00    0.26544E-01    0.17591E-02    0.23074E+00    0.11373E-02    0.22824E+00    0.16894E-02    0.23041E+00    0.10806E-02    0.16623E+00    0.91361E-03    0.18567E+00    0.10583E-02    0.16883E+00
27300  83    0.74830E-07    0.33460E-06    0.98445E-07    0.63349E-07    0.11481E-01    0.31723E-06    0.17371E-01    0.86429E-07    0.12016E-01    0.12152E-02    0.15153E+00    0.12455E-02    0.18639E+00    0.12180E-02    0.15502E+00    0.66879E-03    0.71882E-01    0.93575E-03    0.12396E+00    0.69306E-03    0.76617E-01    0.11179E-06    0.95168E-06    0.15845E-06    0.11179E-06    0.00000E+00    0.95168E-06    0.00000E+00    0.15845E-06    0.00000E+00    0.47285E-03    0.00000E+00    0.13796E-02    0.00000E+00    0.56294E-03    0.00000E+00    0.35013E-03    0.00000E+00    0.92358E-03    0.00000E+00    0.38199E-03    0.00000E+00    0.26494E-07    0.26056E-07    0.26435E-07    0.00000E+00    0.26494E-01    0.00000E+00    0.26056E-01    0.00000E+00    0.26435E-01    0.17651E-02    0.23019E+00    0.11727E-02    0.22828E+00    0.16981E-02    0.22994E+00    0.10855E-02    0.16588E+00    0.94184E-03    0.18594E+00    0.10664E-02    0.16856E+00
27400  84    0.16826E-06    0.31679E-06    0.18176E-06    0.15677E-06    0.11490E-01    0.29937E-06    0.17416E-01    0.16973E-06    0.12029E-01    0.13966E-02    0.15159E+00    0.14677E-02    0.18663E+00    0.14033E-02    0.15511E+00    0.89561E-03    0.71938E-01    0.11125E-02    0.12409E+00    0.91532E-03    0.76679E-01    0.27665E-06    0.89811E-06    0.31118E-06    0.27665E-06    0.00000E+00    0.89811E-06    0.00000E+00    0.31118E-06    0.00000E+00    0.74385E-03    0.00000E+00    0.13402E-02    0.00000E+00    0.78890E-03    0.00000E+00    0.59119E-03    0.00000E+00    0.96087E-03    0.00000E+00    0.61173E-03    0.00000E+00    0.26516E-07    0.26124E-07    0.26464E-07    0.00000E+00    0.26516E-01    0.00000E+00    0.26124E-01    0.00000E+00    0.26464E-01    0.19437E-02    0.23029E+00    0.15275E-02    0.22858E+00    0.18935E-02    0.23006E+00    0.12937E-02    0.16601E+00    0.11882E-02    0.18613E+00    0.12796E-02    0.16869E+00
27500  85    0.72593E-07    0.33188E-06    0.96165E-07    0.61216E-07    0.11376E-01    0.31452E-06    0.17361E-01    0.84244E-07    0.11920E-01    0.12027E-02    0.15084E+00    0.12185E-02    0.18634E+00    0.12042E-02    0.15440E+00    0.65666E-03    0.71596E-01    0.91916E-03    0.12415E+00    0.68052E-03    0.76373E-01    0.10803E-06    0.94357E-06    0.15445E-06    0.10803E-06    0.00000E+00    0.94357E-06    0.00000E+00    0.15445E-06    0.00000E+00    0.46482E-03    0.00000E+00    0.13737E-02    0.00000E+00    0.55578E-03    0.00000E+00    0.33903E-03    0.00000E+00    0.92178E-03    0.00000E+00    0.37140E-03    0.00000E+00    0.26253E-07    0.26041E-07    0.26225E-07    0.00000E+00    0.26253E-01    0.00000E+00    0.26041E-01    0.00000E+00    0.26225E-01    0.17480E-02    0.22914E+00    0.11329E-02    0.22821E+00    0.16791E-02    0.22902E+00    0.10720E-02    0.16522E+00    0.91785E-03    0.18622E+00    0.10515E-02    0.16802E+00
27600  86    0.74799E-07    0.31326E-06    0.96477E-07    0.63495E-07    0.11304E-01    0.29592E-06    0.17349E-01    0.84624E-07    0.11853E-01    0.12059E-02    0.15036E+00    0.12018E-02    0.18627E+00    0.12055E-02    0.15397E+00    0.66092E-03    0.71375E-01    0.91451E-03    0.12432E+00    0.68397E-03    0.76188E-01    0.11205E-06    0.88775E-06    0.15514E-06    0.11205E-06    0.00000E+00    0.88775E-06    0.00000E+00    0.15514E-06    0.00000E+00    0.47339E-03    0.00000E+00    0.13325E-02    0.00000E+00    0.55703E-03    0.00000E+00    0.34224E-03    0.00000E+00    0.88956E-03    0.00000E+00    0.37265E-03    0.00000E+00    0.26086E-07    0.26023E-07    0.26078E-07    0.00000E+00    0.26086E-01    0.00000E+00    0.26023E-01    0.00000E+00    0.26078E-01    0.17501E-02    0.22841E+00    0.11308E-02    0.22814E+00    0.16807E-02    0.22838E+00    0.10776E-02    0.16471E+00    0.92699E-03    0.18648E+00    0.10576E-02    0.16761E+00
27700  87    0.31588E-06    0.30263E-06    0.31468E-06    0.30453E-06    0.11352E-01    0.28516E-06    0.17471E-01    0.30277E-06    0.11908E-01    0.16079E-02    0.15068E+00    0.16826E-02    0.18693E+00    0.16149E-02    0.15433E+00    0.11102E-02    0.71512E-01    0.13689E-02    0.12463E+00    0.11337E-02    0.76341E-01    0.53740E-06    0.85548E-06    0.55507E-06    0.53740E-06    0.00000E+00    0.85548E-06    0.00000E+00    0.55507E-06    0.00000E+00    0.10367E-02    0.00000E+00    0.13080E-02    0.00000E+00    0.10536E-02    0.00000E+00    0.81738E-03    0.00000E+00    0.11418E-02    0.00000E+00    0.83540E-03    0.00000E+00    0.26197E-07    0.26207E-07    0.26199E-07    0.00000E+00    0.26197E-01    0.00000E+00    0.26207E-01    0.00000E+00    0.26199E-01    0.21356E-02    0.22890E+00    0.18416E-02    0.22894E+00    0.20988E-02    0.22890E+00    0.14931E-02    0.16503E+00    0.14825E-02    0.18695E+00    0.14917E-02    0.16795E+00
27800  88    0.71294E-07    0.32618E-06    0.94465E-07    0.60107E-07    0.11187E-01    0.30886E-06    0.17317E-01    0.82721E-07    0.11744E-01    0.11852E-02    0.14958E+00    0.12060E-02    0.18610E+00    0.11871E-02    0.15326E+00    0.64883E-03    0.71002E-01    0.91225E-03    0.12443E+00    0.67278E-03    0.75859E-01    0.10607E-06    0.92658E-06    0.15165E-06    0.10607E-06    0.00000E+00    0.92658E-06    0.00000E+00    0.15165E-06    0.00000E+00    0.46059E-03    0.00000E+00    0.13613E-02    0.00000E+00    0.55074E-03    0.00000E+00    0.33547E-03    0.00000E+00    0.91422E-03    0.00000E+00    0.36763E-03    0.00000E+00    0.25816E-07    0.25976E-07    0.25838E-07    0.00000E+00    0.25816E-01    0.00000E+00    0.25976E-01    0.00000E+00    0.25838E-01    0.17217E-02    0.22723E+00    0.11203E-02    0.22793E+00    0.16542E-02    0.22732E+00    0.10586E-02    0.16385E+00    0.91126E-03    0.18665E+00    0.10390E-02    0.16689E+00
27900  89    0.72364E-07    0.33086E-06    0.95863E-07    0.61228E-07    0.11136E-01    0.31355E-06    0.17303E-01    0.84166E-07    0.11697E-01    0.11767E-02    0.14924E+00    0.11836E-02    0.18603E+00    0.11773E-02    0.15295E+00    0.64508E-03    0.70850E-01    0.89652E-03    0.12451E+00    0.66794E-03    0.75728E-01    0.10805E-06    0.94066E-06    0.15431E-06    0.10805E-06    0.00000E+00    0.94066E-06    0.00000E+00    0.15431E-06    0.00000E+00    0.46486E-03    0.00000E+00    0.13716E-02    0.00000E+00    0.55553E-03    0.00000E+00    0.33651E-03    0.00000E+00    0.93914E-03    0.00000E+00    0.36999E-03    0.00000E+00    0.25699E-07    0.25955E-07    0.25733E-07    0.00000E+00    0.25699E-01    0.00000E+00    0.25955E-01    0.00000E+00    0.25733E-01    0.17066E-02    0.22671E+00    0.10774E-02    0.22784E+00    0.16368E-02    0.22686E+00    0.10486E-02    0.16350E+00    0.87521E-03    0.18676E+00    0.10255E-02    0.16660E+00
28000  90    0.24963E-06    0.58715E-06    0.28031E-06    0.23860E-06    0.11025E-01    0.57000E-06    0.17150E-01    0.26873E-06    0.11582E-01    0.13213E-02    0.14849E+00    0.13750E-02    0.18520E+00    0.13263E-02    0.15220E+00    0.90363E-03    0.70521E-01    0.10138E-02    0.12417E+00    0.91365E-03    0.75397E-01    0.42106E-06    0.17100E-05    0.49267E-06    0.42106E-06    0.00000E+00    0.17100E-05    0.00000E+00    0.49267E-06    0.00000E+00    0.91767E-03    0.00000E+00    0.18493E-02    0.00000E+00    0.99264E-03    0.00000E+00    0.73509E-03    0.00000E+00    0.15417E-02    0.00000E+00    0.77990E-03    0.00000E+00    0.25443E-07    0.25725E-07    0.25481E-07    0.00000E+00    0.25443E-01    0.00000E+00    0.25725E-01    0.00000E+00    0.25481E-01    0.17110E-02    0.22558E+00    0.10612E-02    0.22683E+00    0.16393E-02    0.22575E+00    0.11240E-02    0.16274E+00    0.74989E-03    0.18625E+00    0.10741E-02    0.16587E+00
28100  91    0.71131E-07    0.32708E-06    0.94399E-07    0.60126E-07    0.11005E-01    0.30983E-06    0.17247E-01    0.82827E-07    0.11572E-01    0.11673E-02    0.14835E+00    0.11844E-02    0.18572E+00    0.11689E-02    0.15213E+00    0.64239E-03    0.70419E-01    0.90065E-03    0.12455E+00    0.66587E-03    0.75341E-01    0.10610E-06    0.92950E-06    0.15185E-06    0.10610E-06    0.00000E+00    0.92950E-06    0.00000E+00    0.15185E-06    0.00000E+00    0.46066E-03    0.00000E+00    0.13634E-02    0.00000E+00    0.55109E-03    0.00000E+00    0.33499E-03    0.00000E+00    0.92777E-03    0.00000E+00    0.36793E-03    0.00000E+00    0.25395E-07    0.25870E-07    0.25458E-07    0.00000E+00    0.25395E-01    0.00000E+00    0.25870E-01    0.00000E+00    0.25458E-01    0.16932E-02    0.22537E+00    0.10839E-02    0.22746E+00    0.16252E-02    0.22565E+00    0.10444E-02    0.16251E+00    0.88709E-03    0.18683E+00    0.10234E-02    0.16575E+00
28200  92    0.69673E-07    0.31935E-06    0.92370E-07    0.58721E-07    0.10952E-01    0.30213E-06    0.17220E-01    0.80849E-07    0.11521E-01    0.11621E-02    0.14800E+00    0.11898E-02    0.18558E+00    0.11647E-02    0.15180E+00    0.63881E-03    0.70252E-01    0.90256E-03    0.12458E+00    0.66279E-03    0.75191E-01    0.10363E-06    0.90639E-06    0.14822E-06    0.10363E-06    0.00000E+00    0.90639E-06    0.00000E+00    0.14822E-06    0.00000E+00    0.45525E-03    0.00000E+00    0.13464E-02    0.00000E+00    0.54447E-03    0.00000E+00    0.33135E-03    0.00000E+00    0.90570E-03    0.00000E+00    0.36325E-03    0.00000E+00    0.25273E-07    0.25830E-07    0.25347E-07    0.00000E+00    0.25273E-01    0.00000E+00    0.25830E-01    0.00000E+00    0.25347E-01    0.16869E-02    0.22482E+00    0.11033E-02    0.22729E+00    0.16213E-02    0.22515E+00    0.10409E-02    0.16212E+00    0.90099E-03    0.18687E+00    0.10222E-02    0.16542E+00
28300  93    0.72207E-07    0.34245E-06    0.96774E-07    0.61316E-07    0.10891E-01    0.32527E-06    0.17173E-01    0.85312E-07    0.11462E-01    0.11478E-02    0.14759E+00    0.11752E-02    0.18533E+00    0.11503E-02    0.15141E+00    0.63525E-03    0.70060E-01    0.88846E-03    0.12451E+00    0.65827E-03    0.75010E-01    0.10820E-06    0.97582E-06    0.15641E-06    0.10820E-06    0.00000E+00    0.97582E-06    0.00000E+00    0.15641E-06    0.00000E+00    0.46520E-03    0.00000E+00    0.13970E-02    0.00000E+00    0.55929E-03    0.00000E+00    0.33636E-03    0.00000E+00    0.96673E-03    0.00000E+00    0.37138E-03    0.00000E+00    0.25134E-07    0.25760E-07    0.25217E-07    0.00000E+00    0.25134E-01    0.00000E+00    0.25760E-01    0.00000E+00    0.25217E-01    0.16605E-02    0.22420E+00    0.10469E-02    0.22698E+00    0.15924E-02    0.22458E+00    0.10261E-02    0.16168E+00    0.84932E-03    0.18677E+00    0.10025E-02    0.16502E+00
28400  94    0.80375E-07    0.29397E-06    0.99793E-07    0.69521E-07    0.10854E-01    0.27678E-06    0.17188E-01    0.88362E-07    0.11430E-01    0.11832E-02    0.14734E+00    0.11540E-02    0.18541E+00    0.11806E-02    0.15120E+00    0.66800E-03    0.69934E-01    0.90216E-03    0.12465E+00    0.68929E-03    0.74908E-01    0.12268E-06    0.83034E-06    0.16200E-06    0.12268E-06    0.00000E+00    0.83034E-06    0.00000E+00    0.16200E-06    0.00000E+00    0.49535E-03    0.00000E+00    0.12887E-02    0.00000E+00    0.56921E-03    0.00000E+00    0.36562E-03    0.00000E+00    0.87198E-03    0.00000E+00    0.39375E-03    0.00000E+00    0.25048E-07    0.25783E-07    0.25146E-07    0.00000E+00    0.25048E-01    0.00000E+00    0.25783E-01    0.00000E+00    0.25146E-01    0.17059E-02    0.22382E+00    0.10804E-02    0.22708E+00    0.16363E-02    0.22426E+00    0.10634E-02    0.16139E+00    0.91725E-03    0.18698E+00    0.10439E-02    0.16480E+00
28500  95    0.77513E-07    0.35492E-06    0.10273E-06    0.66733E-07    0.10781E-01    0.33782E-06    0.17097E-01    0.91377E-07    0.11355E-01    0.11401E-02    0.14684E+00    0.12084E-02    0.18492E+00    0.11464E-02    0.15070E+00    0.64742E-03    0.69692E-01    0.90004E-03    0.12448E+00    0.67039E-03    0.74673E-01    0.11776E-06    0.10135E-05    0.16753E-06    0.11776E-06    0.00000E+00    0.10135E-05    0.00000E+00    0.16753E-06    0.00000E+00    0.48531E-03    0.00000E+00    0.14237E-02    0.00000E+00    0.57884E-03    0.00000E+00    0.35729E-03    0.00000E+00    0.97789E-03    0.00000E+00    0.39177E-03    0.00000E+00    0.24878E-07    0.25645E-07    0.24981E-07    0.00000E+00    0.24878E-01    0.00000E+00    0.25645E-01    0.00000E+00    0.24981E-01    0.16405E-02    0.22306E+00    0.10849E-02    0.22647E+00    0.15778E-02    0.22352E+00    0.10268E-02    0.16083E+00    0.86111E-03    0.18673E+00    0.10047E-02    0.16428E+00
28600  96    0.80883E-07    0.31815E-06    0.10245E-06    0.70147E-07    0.10736E-01    0.30105E-06    0.17092E-01    0.91138E-07    0.11314E-01    0.11623E-02    0.14653E+00    0.12552E-02    0.18489E+00    0.11710E-02    0.15042E+00    0.66768E-03    0.69536E-01    0.94589E-03    0.12462E+00    0.69297E-03    0.74544E-01    0.12379E-06    0.90316E-06    0.16709E-06    0.12379E-06    0.00000E+00    0.90316E-06    0.00000E+00    0.16709E-06    0.00000E+00    0.49757E-03    0.00000E+00    0.13440E-02    0.00000E+00    0.57808E-03    0.00000E+00    0.37314E-03    0.00000E+00    0.87957E-03    0.00000E+00    0.40127E-03    0.00000E+00    0.24775E-07    0.25638E-07    0.24890E-07    0.00000E+00    0.24775E-01    0.00000E+00    0.25638E-01    0.00000E+00    0.24890E-01    0.16714E-02    0.22260E+00    0.12084E-02    0.22644E+00    0.16174E-02    0.22312E+00    0.10529E-02    0.16047E+00    0.97905E-03    0.18693E+00    0.10430E-02    0.16400E+00
28700  97    0.69972E-07    0.31735E-06    0.92461E-07    0.59303E-07    0.10669E-01    0.30030E-06    0.17049E-01    0.81212E-07    0.11249E-01    0.11354E-02    0.14607E+00    0.11574E-02    0.18465E+00    0.11374E-02    0.14999E+00    0.63119E-03    0.69298E-01    0.88561E-03    0.12449E+00    0.65432E-03    0.74316E-01    0.10465E-06    0.90090E-06    0.14889E-06    0.10465E-06    0.00000E+00    0.90090E-06    0.00000E+00    0.14889E-06    0.00000E+00    0.45750E-03    0.00000E+00    0.13423E-02    0.00000E+00    0.54569E-03    0.00000E+00    0.33291E-03    0.00000E+00    0.91940E-03    0.00000E+00    0.36550E-03    0.00000E+00    0.24620E-07    0.25573E-07    0.24747E-07    0.00000E+00    0.24620E-01    0.00000E+00    0.25573E-01    0.00000E+00    0.24747E-01    0.16435E-02    0.22190E+00    0.10529E-02    0.22615E+00    0.15775E-02    0.22247E+00    0.10212E-02    0.15992E+00    0.86871E-03    0.18674E+00    0.10009E-02    0.16349E+00
28800  98    0.71923E-07    0.32693E-06    0.95105E-07    0.61305E-07    0.10618E-01    0.30992E-06    0.17009E-01    0.83906E-07    0.11199E-01    0.11267E-02    0.14573E+00    0.11438E-02    0.18444E+00    0.11283E-02    0.14966E+00    0.63089E-03    0.69209E-01    0.87495E-03    0.12445E+00    0.65307E-03    0.74230E-01    0.10818E-06    0.92975E-06    0.15383E-06    0.10818E-06    0.00000E+00    0.92975E-06    0.00000E+00    0.15383E-06    0.00000E+00    0.46515E-03    0.00000E+00    0.13636E-02    0.00000E+00    0.55467E-03    0.00000E+00    0.33982E-03    0.00000E+00    0.95007E-03    0.00000E+00    0.37372E-03    0.00000E+00    0.24504E-07    0.25514E-07    0.24638E-07    0.00000E+00    0.24504E-01    0.00000E+00    0.25514E-01    0.00000E+00    0.24638E-01    0.16269E-02    0.22138E+00    0.10162E-02    0.22589E+00    0.15594E-02    0.22198E+00    0.10115E-02    0.15971E+00    0.83739E-03    0.18668E+00    0.98830E-03    0.16331E+00
28900  99    0.70088E-07    0.33877E-06    0.94514E-07    0.59533E-07    0.10554E-01    0.32183E-06    0.16940E-01    0.83379E-07    0.11135E-01    0.11103E-02    0.14529E+00    0.11713E-02    0.18407E+00    0.11160E-02    0.14923E+00    0.62402E-03    0.69085E-01    0.88601E-03    0.12435E+00    0.64783E-03    0.74109E-01    0.10506E-06    0.96549E-06    0.15286E-06    0.10506E-06    0.00000E+00    0.96549E-06    0.00000E+00    0.15286E-06    0.00000E+00    0.45839E-03    0.00000E+00    0.13896E-02    0.00000E+00    0.55292E-03    0.00000E+00    0.33415E-03    0.00000E+00    0.95416E-03    0.00000E+00    0.36860E-03    0.00000E+00    0.24356E-07    0.25410E-07    0.24497E-07    0.00000E+00    0.24356E-01    0.00000E+00    0.25410E-01    0.00000E+00    0.24497E-01    0.16032E-02    0.22071E+00    0.10451E-02    0.22543E+00    0.15405E-02    0.22135E+00    0.10031E-02    0.15943E+00    0.85193E-03    0.18652E+00    0.98292E-03    0.16304E+00
29000  100    0.67833E-07    0.31644E-06    0.90433E-07    0.57319E-07    0.10513E-01    0.29952E-06    0.16920E-01    0.79338E-07    0.11096E-01    0.11120E-02    0.14501E+00    0.11435E-02    0.18395E+00    0.11149E-02    0.14897E+00    0.61617E-03    0.69032E-01    0.87014E-03    0.12433E+00    0.63926E-03    0.74059E-01    0.10115E-06    0.89856E-06    0.14545E-06    0.10115E-06    0.00000E+00    0.89856E-06    0.00000E+00    0.14545E-06    0.00000E+00    0.44978E-03    0.00000E+00    0.13406E-02    0.00000E+00    0.53936E-03    0.00000E+00    0.32374E-03    0.00000E+00    0.91993E-03    0.00000E+00    0.35686E-03    0.00000E+00    0.24261E-07    0.25379E-07    0.24410E-07    0.00000E+00    0.24261E-01    0.00000E+00    0.25379E-01    0.00000E+00    0.24410E-01    0.16091E-02    0.22028E+00    0.10310E-02    0.22530E+00    0.15446E-02    0.22095E+00    0.99858E-03    0.15930E+00    0.84525E-03    0.18650E+00    0.97814E-03    0.16293E+00
29100  101    0.32256E-06    0.68592E-06    0.35559E-06    0.31216E-06    0.10399E-01    0.66923E-06    0.16696E-01    0.34462E-06    0.10971E-01    0.13453E-02    0.14421E+00    0.14997E-02    0.18273E+00    0.13600E-02    0.14813E+00    0.96630E-03    0.68815E-01    0.11490E-02    0.12378E+00    0.98291E-03    0.73812E-01    0.55088E-06    0.20077E-05    0.63181E-06    0.55088E-06    0.00000E+00    0.20077E-05    0.00000E+00    0.63181E-06    0.00000E+00    0.10496E-02    0.00000E+00    0.20038E-02    0.00000E+00    0.11241E-02    0.00000E+00    0.84185E-03    0.00000E+00    0.16852E-02    0.00000E+00    0.88871E-03    0.00000E+00    0.23997E-07    0.25044E-07    0.24137E-07    0.00000E+00    0.23997E-01    0.00000E+00    0.25044E-01    0.00000E+00    0.24137E-01    0.16539E-02    0.21908E+00    0.11687E-02    0.22380E+00    0.15978E-02    0.21971E+00    0.11290E-02    0.15880E+00    0.88096E-03    0.18566E+00    0.10960E-02    0.16239E+00
29200  102    0.14932E-06    0.44322E-06    0.17604E-06    0.13895E-06    0.10366E-01    0.42648E-06    0.16742E-01    0.16509E-06    0.10945E-01    0.11679E-02    0.14398E+00    0.11806E-02    0.18299E+00    0.11690E-02    0.14796E+00    0.74997E-03    0.68725E-01    0.86734E-03    0.12392E+00    0.76064E-03    0.73743E-01    0.24521E-06    0.12794E-05    0.30267E-06    0.24521E-06    0.00000E+00    0.12794E-05    0.00000E+00    0.30267E-06    0.00000E+00    0.70030E-03    0.00000E+00    0.15996E-02    0.00000E+00    0.77803E-03    0.00000E+00    0.54761E-03    0.00000E+00    0.12800E-02    0.00000E+00    0.58830E-03    0.00000E+00    0.23921E-07    0.25113E-07    0.24080E-07    0.00000E+00    0.23921E-01    0.00000E+00    0.25113E-01    0.00000E+00    0.24080E-01    0.15831E-02    0.21873E+00    0.90072E-03    0.22411E+00    0.15100E-02    0.21945E+00    0.10146E-02    0.15860E+00    0.66100E-03    0.18588E+00    0.96745E-03    0.16223E+00
29300  103    0.65545E-07    0.30055E-06    0.86910E-07    0.55193E-07    0.10352E-01    0.28377E-06    0.16781E-01    0.75973E-07    0.10936E-01    0.11005E-02    0.14389E+00    0.11489E-02    0.18320E+00    0.11050E-02    0.14789E+00    0.61280E-03    0.68704E-01    0.87736E-03    0.12413E+00    0.63686E-03    0.73743E-01    0.97400E-07    0.85132E-06    0.13928E-06    0.97400E-07    0.00000E+00    0.85132E-06    0.00000E+00    0.13928E-06    0.00000E+00    0.44136E-03    0.00000E+00    0.13049E-02    0.00000E+00    0.52780E-03    0.00000E+00    0.31992E-03    0.00000E+00    0.87611E-03    0.00000E+00    0.35082E-03    0.00000E+00    0.23889E-07    0.25171E-07    0.24060E-07    0.00000E+00    0.23889E-01    0.00000E+00    0.25171E-01    0.00000E+00    0.24060E-01    0.15937E-02    0.21858E+00    0.10623E-02    0.22437E+00    0.15335E-02    0.21936E+00    0.99580E-03    0.15855E+00    0.87799E-03    0.18620E+00    0.98010E-03    0.16224E+00
29400  104    0.65523E-07    0.29695E-06    0.86562E-07    0.55210E-07    0.10313E-01    0.28021E-06    0.16740E-01    0.75664E-07    0.10897E-01    0.10981E-02    0.14362E+00    0.11498E-02    0.18297E+00    0.11029E-02    0.14763E+00    0.61340E-03    0.68643E-01    0.87768E-03    0.12405E+00    0.63743E-03    0.73680E-01    0.97430E-07    0.84062E-06    0.13872E-06    0.97430E-07    0.00000E+00    0.84062E-06    0.00000E+00    0.13872E-06    0.00000E+00    0.44143E-03    0.00000E+00    0.12966E-02    0.00000E+00    0.52672E-03    0.00000E+00    0.32131E-03    0.00000E+00    0.87074E-03    0.00000E+00    0.35183E-03    0.00000E+00    0.23800E-07    0.25110E-07    0.23974E-07    0.00000E+00    0.23800E-01    0.00000E+00    0.25110E-01    0.00000E+00    0.23974E-01    0.15900E-02    0.21817E+00    0.10689E-02    0.22410E+00    0.15308E-02    0.21897E+00    0.99538E-03    0.15841E+00    0.88115E-03    0.18608E+00    0.98015E-03    0.16210E+00
29500  105    0.91656E-07    0.31819E-06    0.11225E-06    0.81394E-07    0.10262E-01    0.30152E-06    0.16676E-01    0.10140E-06    0.10845E-01    0.11321E-02    0.14326E+00    0.12535E-02    0.18263E+00    0.11437E-02    0.14728E+00    0.68500E-03    0.68536E-01    0.94030E-03    0.12406E+00    0.70821E-03    0.73583E-01    0.14364E-06    0.90455E-06    0.18591E-06    0.14364E-06    0.00000E+00    0.90455E-06    0.00000E+00    0.18591E-06    0.00000E+00    0.53598E-03    0.00000E+00    0.13450E-02    0.00000E+00    0.60977E-03    0.00000E+00    0.41088E-03    0.00000E+00    0.90818E-03    0.00000E+00    0.43851E-03    0.00000E+00    0.23682E-07    0.25015E-07    0.23859E-07    0.00000E+00    0.23682E-01    0.00000E+00    0.25015E-01    0.00000E+00    0.23859E-01    0.16069E-02    0.21763E+00    0.12052E-02    0.22367E+00    0.15594E-02    0.21845E+00    0.10435E-02    0.15816E+00    0.95636E-03    0.18609E+00    0.10318E-02    0.16188E+00
29600  106    0.70952E-07    0.31704E-06    0.93324E-07    0.60760E-07    0.10192E-01    0.30043E-06    0.16610E-01    0.82548E-07    0.10776E-01    0.10835E-02    0.14277E+00    0.11093E-02    0.18226E+00    0.10858E-02    0.14680E+00    0.61626E-03    0.68367E-01    0.85295E-03    0.12376E+00    0.63777E-03    0.73403E-01    0.10722E-06    0.90130E-06    0.15134E-06    0.10722E-06    0.00000E+00    0.90130E-06    0.00000E+00    0.15134E-06    0.00000E+00    0.46308E-03    0.00000E+00    0.13426E-02    0.00000E+00    0.55016E-03    0.00000E+00    0.33725E-03    0.00000E+00    0.94416E-03    0.00000E+00    0.37097E-03    0.00000E+00    0.23520E-07    0.24915E-07    0.23706E-07    0.00000E+00    0.23520E-01    0.00000E+00    0.24915E-01    0.00000E+00    0.23706E-01    0.15584E-02    0.21689E+00    0.97192E-03    0.22323E+00    0.14936E-02    0.21774E+00    0.98110E-03    0.15777E+00    0.80735E-03    0.18565E+00    0.95794E-03    0.16149E+00
29700  107    0.95758E-07    0.27086E-06    0.11168E-06    0.85572E-07    0.10186E-01    0.25426E-06    0.16601E-01    0.10091E-06    0.10769E-01    0.11606E-02    0.14273E+00    0.12547E-02    0.18221E+00    0.11694E-02    0.14676E+00    0.69686E-03    0.68370E-01    0.94569E-03    0.12380E+00    0.71948E-03    0.73410E-01    0.15101E-06    0.76277E-06    0.18500E-06    0.15101E-06    0.00000E+00    0.76277E-06    0.00000E+00    0.18500E-06    0.00000E+00    0.54956E-03    0.00000E+00    0.12351E-02    0.00000E+00    0.60827E-03    0.00000E+00    0.41418E-03    0.00000E+00    0.80083E-03    0.00000E+00    0.43566E-03    0.00000E+00    0.23507E-07    0.24902E-07    0.23693E-07    0.00000E+00    0.23507E-01    0.00000E+00    0.24902E-01    0.00000E+00    0.23693E-01    0.16472E-02    0.21683E+00    0.12643E-02    0.22317E+00    0.16014E-02    0.21768E+00    0.10665E-02    0.15778E+00    0.10181E-02    0.18571E+00    0.10601E-02    0.16150E+00
29800  108    0.63806E-07    0.29806E-06    0.85101E-07    0.53689E-07    0.10116E-01    0.28153E-06    0.16532E-01    0.74402E-07    0.10700E-01    0.10704E-02    0.14224E+00    0.11272E-02    0.18184E+00    0.10757E-02    0.14628E+00    0.59955E-03    0.68219E-01    0.86288E-03    0.12367E+00    0.62348E-03    0.73260E-01    0.94746E-07    0.84459E-06    0.13640E-06    0.94746E-07    0.00000E+00    0.84459E-06    0.00000E+00    0.13640E-06    0.00000E+00    0.43531E-03    0.00000E+00    0.12997E-02    0.00000E+00    0.52231E-03    0.00000E+00    0.31486E-03    0.00000E+00    0.88040E-03    0.00000E+00    0.34628E-03    0.00000E+00    0.23345E-07    0.24798E-07    0.23539E-07    0.00000E+00    0.23345E-01    0.00000E+00    0.24798E-01    0.00000E+00    0.23539E-01    0.15480E-02    0.21608E+00    0.10302E-02    0.22270E+00    0.14894E-02    0.21697E+00    0.97183E-03    0.15743E+00    0.85412E-03    0.18551E+00    0.95614E-03    0.16117E+00
29900  109    0.63646E-07    0.29447E-06    0.84630E-07    0.53605E-07    0.10041E-01    0.27803E-06    0.16444E-01    0.74007E-07    0.10623E-01    0.10647E-02    0.14171E+00    0.11248E-02    0.18135E+00    0.10703E-02    0.14576E+00    0.59825E-03    0.68003E-01    0.86372E-03    0.12350E+00    0.62238E-03    0.73048E-01    0.94596E-07    0.83409E-06    0.13568E-06    0.94596E-07    0.00000E+00    0.83409E-06    0.00000E+00    0.13568E-06    0.00000E+00    0.43496E-03    0.00000E+00    0.12916E-02    0.00000E+00    0.52092E-03    0.00000E+00    0.31482E-03    0.00000E+00    0.87508E-03    0.00000E+00    0.34595E-03    0.00000E+00    0.23172E-07    0.24667E-07    0.23371E-07    0.00000E+00    0.23172E-01    0.00000E+00    0.24667E-01    0.00000E+00    0.23371E-01    0.15390E-02    0.21528E+00    0.10314E-02    0.22211E+00    0.14814E-02    0.21620E+00    0.96888E-03    0.15693E+00    0.85804E-03    0.18525E+00    0.95410E-03    0.16071E+00
30000  110    0.64370E-07    0.28075E-06    0.84040E-07    0.54362E-07    0.10008E-01    0.26433E-06    0.16414E-01    0.73450E-07    0.10590E-01    0.10696E-02    0.14148E+00    0.11138E-02    0.18118E+00    0.10737E-02    0.14554E+00    0.60018E-03    0.67944E-01    0.85639E-03    0.12343E+00    0.62348E-03    0.72988E-01    0.95932E-07    0.79300E-06    0.13466E-06    0.95932E-07    0.00000E+00    0.79300E-06    0.00000E+00    0.13466E-06    0.00000E+00    0.43802E-03    0.00000E+00    0.12594E-02    0.00000E+00    0.51896E-03    0.00000E+00    0.31371E-03    0.00000E+00    0.84835E-03    0.00000E+00    0.34341E-03    0.00000E+00    0.23095E-07    0.24621E-07    0.23299E-07    0.00000E+00    0.23095E-01    0.00000E+00    0.24621E-01    0.00000E+00    0.23299E-01    0.15457E-02    0.21492E+00    0.10333E-02    0.22190E+00    0.14876E-02    0.21586E+00    0.97480E-03    0.15679E+00    0.86042E-03    0.18515E+00    0.95955E-03    0.16057E+00
30100  111    0.57754E-06    0.44628E-06    0.56561E-06    0.56750E-06    0.10047E-01    0.42983E-06    0.16446E-01    0.55498E-06    0.10628E-01    0.18174E-02    0.14175E+00    0.19598E-02    0.18136E+00    0.18308E-02    0.14580E+00    0.14595E-02    0.68078E-01    0.16559E-02    0.12388E+00    0.14773E-02    0.73150E-01    0.10015E-05    0.12895E-05    0.10175E-05    0.10015E-05    0.00000E+00    0.12895E-05    0.00000E+00    0.10175E-05    0.00000E+00    0.14152E-02    0.00000E+00    0.16059E-02    0.00000E+00    0.14265E-02    0.00000E+00    0.11984E-02    0.00000E+00    0.13899E-02    0.00000E+00    0.12090E-02    0.00000E+00    0.23185E-07    0.24669E-07    0.23383E-07    0.00000E+00    0.23185E-01    0.00000E+00    0.24669E-01    0.00000E+00    0.23383E-01    0.22367E-02    0.21534E+00    0.21147E-02    0.22212E+00    0.22208E-02    0.21625E+00    0.18010E-02    0.15710E+00    0.17889E-02    0.18581E+00    0.17994E-02    0.16093E+00
30200  112    0.62484E-07    0.28715E-06    0.82908E-07    0.52581E-07    0.99030E-02    0.27086E-06    0.16283E-01    0.72425E-07    0.10483E-01    0.10497E-02    0.14073E+00    0.11142E-02    0.18046E+00    0.10557E-02    0.14480E+00    0.59156E-03    0.67671E-01    0.85469E-03    0.12317E+00    0.61548E-03    0.72717E-01    0.92789E-07    0.81259E-06    0.13278E-06    0.92789E-07    0.00000E+00    0.81259E-06    0.00000E+00    0.13278E-06    0.00000E+00    0.43079E-03    0.00000E+00    0.12748E-02    0.00000E+00    0.51532E-03    0.00000E+00    0.31140E-03    0.00000E+00    0.86025E-03    0.00000E+00    0.34189E-03    0.00000E+00    0.22853E-07    0.24424E-07    0.23062E-07    0.00000E+00    0.22853E-01    0.00000E+00    0.24424E-01    0.00000E+00    0.23062E-01    0.15165E-02    0.21379E+00    0.10245E-02    0.22102E+00    0.14606E-02    0.21477E+00    0.95792E-03    0.15616E+00    0.85192E-03    0.18476E+00    0.94379E-03    0.15998E+00
30300  113    0.64026E-07    0.27160E-06    0.82896E-07    0.54167E-07    0.98591E-02    0.25537E-06    0.16229E-01    0.72458E-07    0.10438E-01    0.10582E-02    0.14042E+00    0.11211E-02    0.18016E+00    0.10641E-02    0.14449E+00    0.59742E-03    0.67560E-01    0.85748E-03    0.12303E+00    0.62106E-03    0.72603E-01    0.95589E-07    0.76611E-06    0.13284E-06    0.95589E-07    0.00000E+00    0.76611E-06    0.00000E+00    0.13284E-06    0.00000E+00    0.43724E-03    0.00000E+00    0.12378E-02    0.00000E+00    0.51544E-03    0.00000E+00    0.31326E-03    0.00000E+00    0.81785E-03    0.00000E+00    0.34129E-03    0.00000E+00    0.22752E-07    0.24343E-07    0.22964E-07    0.00000E+00    0.22752E-01    0.00000E+00    0.24343E-01    0.00000E+00    0.22964E-01    0.15278E-02    0.21332E+00    0.10580E-02    0.22065E+00    0.14738E-02    0.21431E+00    0.96902E-03    0.15591E+00    0.87730E-03    0.18455E+00    0.95679E-03    0.15973E+00
30400  114    0.80288E-07    0.29998E-06    0.10026E-06    0.70507E-07    0.97813E-02    0.28383E-06    0.16147E-01    0.89900E-07    0.10360E-01    0.10627E-02    0.13987E+00    0.11935E-02    0.17971E+00    0.10752E-02    0.14394E+00    0.63701E-03    0.67309E-01    0.92776E-03    0.12291E+00    0.66344E-03    0.72363E-01    0.12442E-06    0.85150E-06    0.16482E-06    0.12442E-06    0.00000E+00    0.85150E-06    0.00000E+00    0.16482E-06    0.00000E+00    0.49885E-03    0.00000E+00    0.13050E-02    0.00000E+00    0.57414E-03    0.00000E+00    0.38158E-03    0.00000E+00    0.86297E-03    0.00000E+00    0.40832E-03    0.00000E+00    0.22572E-07    0.24221E-07    0.22792E-07    0.00000E+00    0.22572E-01    0.00000E+00    0.24221E-01    0.00000E+00    0.22792E-01    0.15102E-02    0.21247E+00    0.11337E-02    0.22010E+00    0.14656E-02    0.21350E+00    0.97104E-03    0.15533E+00    0.96016E-03    0.18436E+00    0.96959E-03    0.15920E+00
30500  115    0.63614E-07    0.26749E-06    0.82148E-07    0.53857E-07    0.97576E-02    0.25139E-06    0.16101E-01    0.71814E-07    0.10334E-01    0.10473E-02    0.13970E+00    0.11194E-02    0.17945E+00    0.10540E-02    0.14377E+00    0.59441E-03    0.67278E-01    0.85795E-03    0.12277E+00    0.61837E-03    0.72323E-01    0.95041E-07    0.75417E-06    0.13166E-06    0.95041E-07    0.00000E+00    0.75417E-06    0.00000E+00    0.13166E-06    0.00000E+00    0.43598E-03    0.00000E+00    0.12281E-02    0.00000E+00    0.51315E-03    0.00000E+00    0.31401E-03    0.00000E+00    0.81252E-03    0.00000E+00    0.34170E-03    0.00000E+00    0.22518E-07    0.24151E-07    0.22735E-07    0.00000E+00    0.22518E-01    0.00000E+00    0.24151E-01    0.00000E+00    0.22735E-01    0.15108E-02    0.21221E+00    0.10608E-02    0.21978E+00    0.14588E-02    0.21324E+00    0.96110E-03    0.15526E+00    0.88066E-03    0.18416E+00    0.95037E-03    0.15911E+00
30600  116    0.61379E-07    0.27817E-06    0.81087E-07    0.51666E-07    0.97127E-02    0.26214E-06    0.16031E-01    0.70800E-07    0.10287E-01    0.10310E-02    0.13938E+00    0.11030E-02    0.17906E+00    0.10378E-02    0.14344E+00    0.58419E-03    0.67166E-01    0.84676E-03    0.12258E+00    0.60806E-03    0.72204E-01    0.91176E-07    0.78641E-06    0.12980E-06    0.91176E-07    0.00000E+00    0.78641E-06    0.00000E+00    0.12980E-06    0.00000E+00    0.42703E-03    0.00000E+00    0.12541E-02    0.00000E+00    0.50951E-03    0.00000E+00    0.30785E-03    0.00000E+00    0.84259E-03    0.00000E+00    0.33755E-03    0.00000E+00    0.22414E-07    0.24047E-07    0.22632E-07    0.00000E+00    0.22414E-01    0.00000E+00    0.24047E-01    0.00000E+00    0.22632E-01    0.14881E-02    0.21173E+00    0.10191E-02    0.21930E+00    0.14345E-02    0.21275E+00    0.94556E-03    0.15500E+00    0.84884E-03    0.18387E+00    0.93267E-03    0.15885E+00
30700  117    0.68718E-07    0.26812E-06    0.86845E-07    0.59049E-07    0.96686E-02    0.25215E-06    0.15974E-01    0.76604E-07    0.10242E-01    0.10437E-02    0.13906E+00    0.10612E-02    0.17874E+00    0.10453E-02    0.14312E+00    0.60223E-03    0.67049E-01    0.82966E-03    0.12241E+00    0.62290E-03    0.72082E-01    0.10420E-06    0.75644E-06    0.14044E-06    0.10420E-06    0.00000E+00    0.75644E-06    0.00000E+00    0.14044E-06    0.00000E+00    0.45652E-03    0.00000E+00    0.12300E-02    0.00000E+00    0.52998E-03    0.00000E+00    0.32958E-03    0.00000E+00    0.85012E-03    0.00000E+00    0.35850E-03    0.00000E+00    0.22312E-07    0.23960E-07    0.22532E-07    0.00000E+00    0.22312E-01    0.00000E+00    0.23960E-01    0.00000E+00    0.22532E-01    0.14970E-02    0.21124E+00    0.96586E-03    0.21891E+00    0.14376E-02    0.21228E+00    0.95876E-03    0.15473E+00    0.81943E-03    0.18361E+00    0.94018E-03    0.15858E+00
30800  118    0.88750E-07    0.23200E-06    0.10177E-06    0.79110E-07    0.96391E-02    0.21605E-06    0.15950E-01    0.91559E-07    0.10213E-01    0.11061E-02    0.13885E+00    0.11637E-02    0.17861E+00    0.11115E-02    0.14292E+00    0.65564E-03    0.66946E-01    0.93406E-03    0.12236E+00    0.68095E-03    0.71983E-01    0.13961E-06    0.64814E-06    0.16786E-06    0.13961E-06    0.00000E+00    0.64814E-06    0.00000E+00    0.16786E-06    0.00000E+00    0.52841E-03    0.00000E+00    0.11385E-02    0.00000E+00    0.57941E-03    0.00000E+00    0.38093E-03    0.00000E+00    0.79766E-03    0.00000E+00    0.40408E-03    0.00000E+00    0.22244E-07    0.23926E-07    0.22468E-07    0.00000E+00    0.22244E-01    0.00000E+00    0.23926E-01    0.00000E+00    0.22468E-01    0.15679E-02    0.21092E+00    0.11761E-02    0.21875E+00    0.15215E-02    0.21198E+00    0.10149E-02    0.15449E+00    0.10023E-02    0.18353E+00    0.10132E-02    0.15836E+00
30900  119    0.61137E-06    0.44172E-06    0.59594E-06    0.60171E-06    0.96542E-02    0.42579E-06    0.15937E-01    0.58572E-06    0.10225E-01    0.18296E-02    0.13895E+00    0.19747E-02    0.17853E+00    0.18433E-02    0.14301E+00    0.14793E-02    0.66992E-01    0.16772E-02    0.12267E+00    0.14973E-02    0.72054E-01    0.10618E-05    0.12774E-05    0.10738E-05    0.10618E-05    0.00000E+00    0.12774E-05    0.00000E+00    0.10738E-05    0.00000E+00    0.14573E-02    0.00000E+00    0.15984E-02    0.00000E+00    0.14655E-02    0.00000E+00    0.12236E-02    0.00000E+00    0.13935E-02    0.00000E+00    0.12330E-02    0.00000E+00    0.22279E-07    0.23905E-07    0.22496E-07    0.00000E+00    0.22279E-01    0.00000E+00    0.23905E-01    0.00000E+00    0.22496E-01    0.22244E-02    0.21109E+00    0.21381E-02    0.21865E+00    0.22131E-02    0.21211E+00    0.18137E-02    0.15460E+00    0.18191E-02    0.18401E+00    0.18144E-02    0.15852E+00
31000  120    0.21493E-06    0.53809E-06    0.24431E-06    0.20549E-06    0.94434E-02    0.52248E-06    0.15609E-01    0.23431E-06    0.10004E-01    0.11618E-02    0.13743E+00    0.12465E-02    0.17669E+00    0.11697E-02    0.14145E+00    0.84629E-03    0.66380E-01    0.97510E-03    0.12140E+00    0.85800E-03    0.71382E-01    0.36263E-06    0.15674E-05    0.42956E-06    0.36263E-06    0.00000E+00    0.15674E-05    0.00000E+00    0.42956E-06    0.00000E+00    0.85162E-03    0.00000E+00    0.17706E-02    0.00000E+00    0.92689E-03    0.00000E+00    0.68577E-03    0.00000E+00    0.15069E-02    0.00000E+00    0.73138E-03    0.00000E+00    0.21793E-07    0.23414E-07    0.22009E-07    0.00000E+00    0.21793E-01    0.00000E+00    0.23414E-01    0.00000E+00    0.22009E-01    0.14718E-02    0.20877E+00    0.87368E-03    0.21640E+00    0.14069E-02    0.20980E+00    0.10562E-02    0.15319E+00    0.70921E-03    0.18209E+00    0.10099E-02    0.15704E+00
31100  121    0.89231E-07    0.27452E-06    0.10608E-06    0.79744E-07    0.94868E-02    0.25883E-06    0.15693E-01    0.96024E-07    0.10051E-01    0.10673E-02    0.13774E+00    0.11836E-02    0.17716E+00    0.10784E-02    0.14178E+00    0.66793E-03    0.66509E-01    0.89547E-03    0.12179E+00    0.68861E-03    0.71535E-01    0.14072E-06    0.77648E-06    0.17604E-06    0.14072E-06    0.00000E+00    0.77648E-06    0.00000E+00    0.17604E-06    0.00000E+00    0.53052E-03    0.00000E+00    0.12462E-02    0.00000E+00    0.59337E-03    0.00000E+00    0.41221E-03    0.00000E+00    0.84775E-03    0.00000E+00    0.43641E-03    0.00000E+00    0.21893E-07    0.23540E-07    0.22112E-07    0.00000E+00    0.21893E-01    0.00000E+00    0.23540E-01    0.00000E+00    0.22112E-01    0.15035E-02    0.20925E+00    0.11511E-02    0.21698E+00    0.14615E-02    0.21030E+00    0.10023E-02    0.15348E+00    0.91934E-03    0.18269E+00    0.99126E-03    0.15738E+00
31200  122    0.21748E-06    0.23131E-06    0.21874E-06    0.20800E-06    0.94833E-02    0.21557E-06    0.15748E-01    0.20869E-06    0.10053E-01    0.13220E-02    0.13772E+00    0.14437E-02    0.17747E+00    0.13335E-02    0.14179E+00    0.91585E-03    0.66471E-01    0.11703E-02    0.12200E+00    0.93898E-03    0.71519E-01    0.36706E-06    0.64670E-06    0.38259E-06    0.36706E-06    0.00000E+00    0.64670E-06    0.00000E+00    0.38259E-06    0.00000E+00    0.85681E-03    0.00000E+00    0.11373E-02    0.00000E+00    0.87475E-03    0.00000E+00    0.67492E-03    0.00000E+00    0.93619E-03    0.00000E+00    0.68943E-03    0.00000E+00    0.21885E-07    0.23621E-07    0.22116E-07    0.00000E+00    0.21885E-01    0.00000E+00    0.23621E-01    0.00000E+00    0.22116E-01    0.17530E-02    0.20921E+00    0.15747E-02    0.21735E+00    0.17303E-02    0.21031E+00    0.12309E-02    0.15339E+00    0.12873E-02    0.18301E+00    0.12384E-02    0.15734E+00
31300  123    0.59737E-07    0.26807E-06    0.78677E-07    0.50361E-07    0.93765E-02    0.25253E-06    0.15542E-01    0.68740E-07    0.99371E-02    0.99387E-03    0.13694E+00    0.10815E-02    0.17631E+00    0.10022E-02    0.14098E+00    0.57087E-03    0.66184E-01    0.83218E-03    0.12134E+00    0.59463E-03    0.71198E-01    0.88872E-07    0.75758E-06    0.12602E-06    0.88872E-07    0.00000E+00    0.75758E-06    0.00000E+00    0.12602E-06    0.00000E+00    0.42160E-03    0.00000E+00    0.12309E-02    0.00000E+00    0.50204E-03    0.00000E+00    0.30470E-03    0.00000E+00    0.82943E-03    0.00000E+00    0.33385E-03    0.00000E+00    0.21638E-07    0.23314E-07    0.21862E-07    0.00000E+00    0.21638E-01    0.00000E+00    0.23314E-01    0.00000E+00    0.21862E-01    0.14308E-02    0.20803E+00    0.99839E-03    0.21593E+00    0.13809E-02    0.20910E+00    0.91894E-03    0.15273E+00    0.83355E-03    0.18201E+00    0.90756E-03    0.15664E+00
31400  124    0.66821E-07    0.24453E-06    0.82976E-07    0.57491E-07    0.93305E-02    0.22904E-06    0.15487E-01    0.73086E-07    0.98902E-02    0.10177E-02    0.13661E+00    0.11151E-02    0.17600E+00    0.10270E-02    0.14064E+00    0.59024E-03    0.66045E-01    0.85061E-03    0.12123E+00    0.61391E-03    0.71062E-01    0.10145E-06    0.68713E-06    0.13399E-06    0.10145E-06    0.00000E+00    0.68713E-06    0.00000E+00    0.13399E-06    0.00000E+00    0.45045E-03    0.00000E+00    0.11723E-02    0.00000E+00    0.51767E-03    0.00000E+00    0.32111E-03    0.00000E+00    0.75652E-03    0.00000E+00    0.34530E-03    0.00000E+00    0.21532E-07    0.23231E-07    0.21759E-07    0.00000E+00    0.21532E-01    0.00000E+00    0.23231E-01    0.00000E+00    0.21759E-01    0.14577E-02    0.20752E+00    0.10853E-02    0.21555E+00    0.14138E-02    0.20861E+00    0.94218E-03    0.15241E+00    0.89766E-03    0.18184E+00    0.93625E-03    0.15634E+00
31500  125    0.58761E-07    0.26194E-06    0.77232E-07    0.49481E-07    0.92803E-02    0.24654E-06    0.15399E-01    0.67396E-07    0.98366E-02    0.98400E-03    0.13624E+00    0.10699E-02    0.17549E+00    0.99212E-03    0.14026E+00    0.56462E-03    0.65911E-01    0.82409E-03    0.12095E+00    0.58821E-03    0.70914E-01    0.87319E-07    0.73962E-06    0.12356E-06    0.87319E-07    0.00000E+00    0.73962E-06    0.00000E+00    0.12356E-06    0.00000E+00    0.41790E-03    0.00000E+00    0.12162E-02    0.00000E+00    0.49711E-03    0.00000E+00    0.29971E-03    0.00000E+00    0.81847E-03    0.00000E+00    0.32853E-03    0.00000E+00    0.21416E-07    0.23099E-07    0.21640E-07    0.00000E+00    0.21416E-01    0.00000E+00    0.23099E-01    0.00000E+00    0.21640E-01    0.14164E-02    0.20696E+00    0.98870E-03    0.21494E+00    0.13671E-02    0.20804E+00    0.91105E-03    0.15210E+00    0.82690E-03    0.18143E+00    0.89983E-03    0.15601E+00
31600  126    0.58578E-07    0.27218E-06    0.77996E-07    0.49350E-07    0.92280E-02    0.25687E-06    0.15315E-01    0.68215E-07    0.97813E-02    0.96983E-03    0.13585E+00    0.10591E-02    0.17501E+00    0.97828E-03    0.13987E+00    0.55897E-03    0.65761E-01    0.81694E-03    0.12072E+00    0.58242E-03    0.70757E-01    0.87088E-07    0.77061E-06    0.12506E-06    0.87088E-07    0.00000E+00    0.77061E-06    0.00000E+00    0.12506E-06    0.00000E+00    0.41734E-03    0.00000E+00    0.12415E-02    0.00000E+00    0.50012E-03    0.00000E+00    0.30016E-03    0.00000E+00    0.84977E-03    0.00000E+00    0.33069E-03    0.00000E+00    0.21295E-07    0.22972E-07    0.21519E-07    0.00000E+00    0.21295E-01    0.00000E+00    0.22972E-01    0.00000E+00    0.21519E-01    0.13938E-02    0.20638E+00    0.95500E-03    0.21434E+00    0.13436E-02    0.20746E+00    0.89741E-03    0.15176E+00    0.80053E-03    0.18108E+00    0.88449E-03    0.15567E+00
31700  127    0.60672E-07    0.24779E-06    0.77683E-07    0.51487E-07    0.91856E-02    0.23253E-06    0.15257E-01    0.67945E-07    0.97375E-02    0.98688E-03    0.13554E+00    0.10643E-02    0.17468E+00    0.99416E-03    0.13955E+00    0.56921E-03    0.65631E-01    0.82298E-03    0.12054E+00    0.59228E-03    0.70622E-01    0.90859E-07    0.69760E-06    0.12457E-06    0.90859E-07    0.00000E+00    0.69760E-06    0.00000E+00    0.12457E-06    0.00000E+00    0.42628E-03    0.00000E+00    0.11812E-02    0.00000E+00    0.49913E-03    0.00000E+00    0.30390E-03    0.00000E+00    0.78963E-03    0.00000E+00    0.33088E-03    0.00000E+00    0.21198E-07    0.22885E-07    0.21423E-07    0.00000E+00    0.21198E-01    0.00000E+00    0.22885E-01    0.00000E+00    0.21423E-01    0.14177E-02    0.20590E+00    0.10007E-02    0.21394E+00    0.13695E-02    0.20699E+00    0.91615E-03    0.15146E+00    0.83966E-03    0.18080E+00    0.90595E-03    0.15537E+00
31800  128    0.62383E-07    0.26351E-06    0.80667E-07    0.53251E-07    0.91315E-02    0.24834E-06    0.15165E-01    0.70987E-07    0.96800E-02    0.97262E-03    0.13514E+00    0.10926E-02    0.17415E+00    0.98414E-03    0.13914E+00    0.57335E-03    0.65475E-01    0.83811E-03    0.12034E+00    0.59742E-03    0.70462E-01    0.93972E-07    0.74503E-06    0.13014E-06    0.93972E-07    0.00000E+00    0.74503E-06    0.00000E+00    0.13014E-06    0.00000E+00    0.43353E-03    0.00000E+00    0.12207E-02    0.00000E+00    0.51018E-03    0.00000E+00    0.31869E-03    0.00000E+00    0.80638E-03    0.00000E+00    0.34578E-03    0.00000E+00    0.21073E-07    0.22747E-07    0.21296E-07    0.00000E+00    0.21073E-01    0.00000E+00    0.22747E-01    0.00000E+00    0.21296E-01    0.13919E-02    0.20529E+00    0.10226E-02    0.21330E+00    0.13485E-02    0.20638E+00    0.90638E-03    0.15110E+00    0.85397E-03    0.18050E+00    0.89939E-03    0.15502E+00
31900  129    0.60219E-07    0.27414E-06    0.79666E-07    0.51125E-07    0.90932E-02    0.25906E-06    0.15077E-01    0.70029E-07    0.96371E-02    0.95515E-03    0.13486E+00    0.10429E-02    0.17365E+00    0.96345E-03    0.13883E+00    0.55875E-03    0.65372E-01    0.80234E-03    0.12000E+00    0.58089E-03    0.70338E-01    0.90221E-07    0.77719E-06    0.12839E-06    0.90221E-07    0.00000E+00    0.77719E-06    0.00000E+00    0.12839E-06    0.00000E+00    0.42479E-03    0.00000E+00    0.12467E-02    0.00000E+00    0.50673E-03    0.00000E+00    0.30812E-03    0.00000E+00    0.86678E-03    0.00000E+00    0.33915E-03    0.00000E+00    0.20984E-07    0.22615E-07    0.21202E-07    0.00000E+00    0.20984E-01    0.00000E+00    0.22615E-01    0.00000E+00    0.21202E-01    0.13672E-02    0.20486E+00    0.92419E-03    0.21267E+00    0.13168E-02    0.20592E+00    0.88650E-03    0.15086E+00    0.77012E-03    0.18001E+00    0.87098E-03    0.15474E+00
32000  130    0.19664E-06    0.24975E-06    0.20147E-06    0.18758E-06    0.90646E-02    0.23463E-06    0.15115E-01    0.19186E-06    0.96147E-02    0.12462E-02    0.13464E+00    0.12427E-02    0.17387E+00    0.12459E-02    0.13867E+00    0.89457E-03    0.65236E-01    0.10333E-02    0.12005E+00    0.90718E-03    0.70219E-01    0.33102E-06    0.70389E-06    0.35174E-06    0.33102E-06    0.00000E+00    0.70389E-06    0.00000E+00    0.35174E-06    0.00000E+00    0.81366E-03    0.00000E+00    0.11865E-02    0.00000E+00    0.83873E-03    0.00000E+00    0.69360E-03    0.00000E+00    0.95599E-03    0.00000E+00    0.70817E-03    0.00000E+00    0.20918E-07    0.22673E-07    0.21152E-07    0.00000E+00    0.20918E-01    0.00000E+00    0.22673E-01    0.00000E+00    0.21152E-01    0.16488E-02    0.20454E+00    0.12699E-02    0.21294E+00    0.16034E-02    0.20568E+00    0.11574E-02    0.15054E+00    0.10719E-02    0.18008E+00    0.11460E-02    0.15448E+00
32100  131    0.65902E-07    0.22176E-06    0.80072E-07    0.56888E-07    0.90144E-02    0.20679E-06    0.14972E-01    0.70516E-07    0.95560E-02    0.99327E-03    0.13427E+00    0.10636E-02    0.17304E+00    0.99987E-03    0.13825E+00    0.58302E-03    0.65116E-01    0.83853E-03    0.11970E+00    0.60625E-03    0.70079E-01    0.10039E-06    0.62038E-06    0.12928E-06    0.10039E-06    0.00000E+00    0.62038E-06    0.00000E+00    0.12928E-06    0.00000E+00    0.44809E-03    0.00000E+00    0.11139E-02    0.00000E+00    0.50849E-03    0.00000E+00    0.31961E-03    0.00000E+00    0.76290E-03    0.00000E+00    0.34424E-03    0.00000E+00    0.20803E-07    0.22458E-07    0.21023E-07    0.00000E+00    0.20803E-01    0.00000E+00    0.22458E-01    0.00000E+00    0.21023E-01    0.14192E-02    0.20397E+00    0.10375E-02    0.21193E+00    0.13745E-02    0.20505E+00    0.92749E-03    0.15027E+00    0.87634E-03    0.17956E+00    0.92067E-03    0.15417E+00
32200  132    0.39285E-06    0.30650E-06    0.38500E-06    0.38382E-06    0.90345E-02    0.29150E-06    0.14998E-01    0.37543E-06    0.95767E-02    0.15346E-02    0.13442E+00    0.16792E-02    0.17319E+00    0.15483E-02    0.13840E+00    0.11816E-02    0.65189E-01    0.14186E-02    0.12003E+00    0.12031E-02    0.70175E-01    0.67733E-06    0.87451E-06    0.68828E-06    0.67733E-06    0.00000E+00    0.87451E-06    0.00000E+00    0.68828E-06    0.00000E+00    0.11639E-02    0.00000E+00    0.13225E-02    0.00000E+00    0.11733E-02    0.00000E+00    0.93794E-03    0.00000E+00    0.11618E-02    0.00000E+00    0.95037E-03    0.00000E+00    0.20849E-07    0.22497E-07    0.21069E-07    0.00000E+00    0.20849E-01    0.00000E+00    0.22497E-01    0.00000E+00    0.21069E-01    0.19139E-02    0.20420E+00    0.18317E-02    0.21212E+00    0.19031E-02    0.20527E+00    0.15002E-02    0.15044E+00    0.15470E-02    0.18005E+00    0.15064E-02    0.15438E+00
32300  133    0.56182E-07    0.25507E-06    0.74263E-07    0.47262E-07    0.89194E-02    0.24027E-06    0.14809E-01    0.64808E-07    0.94549E-02    0.93725E-03    0.13356E+00    0.10333E-02    0.17210E+00    0.94639E-03    0.13751E+00    0.54435E-03    0.64836E-01    0.79992E-03    0.11927E+00    0.56758E-03    0.69784E-01    0.83404E-07    0.72080E-06    0.11881E-06    0.83404E-07    0.00000E+00    0.72080E-06    0.00000E+00    0.11881E-06    0.00000E+00    0.40842E-03    0.00000E+00    0.12007E-02    0.00000E+00    0.48747E-03    0.00000E+00    0.29198E-03    0.00000E+00    0.82149E-03    0.00000E+00    0.32140E-03    0.00000E+00    0.20583E-07    0.22214E-07    0.20801E-07    0.00000E+00    0.20583E-01    0.00000E+00    0.22214E-01    0.00000E+00    0.20801E-01    0.13450E-02    0.20290E+00    0.93851E-03    0.21078E+00    0.12982E-02    0.20396E+00    0.87437E-03    0.14962E+00    0.78913E-03    0.17890E+00    0.86301E-03    0.15353E+00
32400  134    0.56063E-07    0.25625E-06    0.74261E-07    0.47203E-07    0.88596E-02    0.24154E-06    0.14706E-01    0.64870E-07    0.93911E-02    0.93042E-03    0.13311E+00    0.10253E-02    0.17150E+00    0.93944E-03    0.13705E+00    0.54128E-03    0.64636E-01    0.79339E-03    0.11896E+00    0.56420E-03    0.69575E-01    0.83300E-07    0.72462E-06    0.11893E-06    0.83300E-07    0.00000E+00    0.72462E-06    0.00000E+00    0.11893E-06    0.00000E+00    0.40817E-03    0.00000E+00    0.12038E-02    0.00000E+00    0.48771E-03    0.00000E+00    0.29106E-03    0.00000E+00    0.82750E-03    0.00000E+00    0.32086E-03    0.00000E+00    0.20445E-07    0.22060E-07    0.20660E-07    0.00000E+00    0.20445E-01    0.00000E+00    0.22060E-01    0.00000E+00    0.20660E-01    0.13341E-02    0.20221E+00    0.92310E-03    0.21005E+00    0.12869E-02    0.20328E+00    0.86849E-03    0.14916E+00    0.77633E-03    0.17845E+00    0.85620E-03    0.15306E+00
32500  135    0.57703E-07    0.26087E-06    0.76173E-07    0.48882E-07    0.88207E-02    0.24625E-06    0.14624E-01    0.66825E-07    0.93483E-02    0.92553E-03    0.13282E+00    0.10159E-02    0.17102E+00    0.93411E-03    0.13674E+00    0.54348E-03    0.64517E-01    0.78409E-03    0.11867E+00    0.56535E-03    0.69440E-01    0.86263E-07    0.73874E-06    0.12251E-06    0.86263E-07    0.00000E+00    0.73874E-06    0.00000E+00    0.12251E-06    0.00000E+00    0.41536E-03    0.00000E+00    0.12155E-02    0.00000E+00    0.49500E-03    0.00000E+00    0.29854E-03    0.00000E+00    0.84645E-03    0.00000E+00    0.32898E-03    0.00000E+00    0.20355E-07    0.21936E-07    0.20566E-07    0.00000E+00    0.20355E-01    0.00000E+00    0.21936E-01    0.00000E+00    0.20566E-01    0.13233E-02    0.20177E+00    0.89956E-03    0.20946E+00    0.12750E-02    0.20281E+00    0.86379E-03    0.14888E+00    0.75292E-03    0.17801E+00    0.84900E-03    0.15277E+00
32600  136    0.78435E-07    0.21672E-06    0.91006E-07    0.69649E-07    0.87858E-02    0.20210E-06    0.14617E-01    0.81690E-07    0.93159E-02    0.99821E-03    0.13256E+00    0.10713E-02    0.17098E+00    0.10051E-02    0.13650E+00    0.61556E-03    0.64388E-01    0.87587E-03    0.11870E+00    0.63922E-03    0.69326E-01    0.12291E-06    0.60630E-06    0.14976E-06    0.12291E-06    0.00000E+00    0.60630E-06    0.00000E+00    0.14976E-06    0.00000E+00    0.49580E-03    0.00000E+00    0.11012E-02    0.00000E+00    0.54729E-03    0.00000E+00    0.37026E-03    0.00000E+00    0.80554E-03    0.00000E+00    0.39444E-03    0.00000E+00    0.20275E-07    0.21925E-07    0.20495E-07    0.00000E+00    0.20275E-01    0.00000E+00    0.21925E-01    0.00000E+00    0.20495E-01    0.14064E-02    0.20137E+00    0.10561E-02    0.20941E+00    0.13649E-02    0.20246E+00    0.93633E-03    0.14859E+00    0.91104E-03    0.17805E+00    0.93296E-03    0.15252E+00
32700  137    0.58977E-07    0.26589E-06    0.77787E-07    0.50256E-07    0.87212E-02    0.25144E-06    0.14459E-01    0.68545E-07    0.92428E-02    0.91358E-03    0.13207E+00    0.99561E-03    0.17005E+00    0.92134E-03    0.13596E+00    0.53822E-03    0.64188E-01    0.77099E-03    0.11818E+00    0.55938E-03    0.69096E-01    0.88686E-07    0.75431E-06    0.12567E-06    0.88686E-07    0.00000E+00    0.75431E-06    0.00000E+00    0.12567E-06    0.00000E+00    0.42116E-03    0.00000E+00    0.12283E-02    0.00000E+00    0.50133E-03    0.00000E+00    0.29956E-03    0.00000E+00    0.86911E-03    0.00000E+00    0.33120E-03    0.00000E+00    0.20126E-07    0.21688E-07    0.20334E-07    0.00000E+00    0.20126E-01    0.00000E+00    0.21688E-01    0.00000E+00    0.20334E-01    0.13016E-02    0.20063E+00    0.85589E-03    0.20827E+00    0.12514E-02    0.20166E+00    0.85031E-03    0.14813E+00    0.72193E-03    0.17726E+00    0.83319E-03    0.15201E+00
32800  138    0.80770E-07    0.26830E-06    0.97817E-07    0.72092E-07    0.86778E-02    0.25390E-06    0.14398E-01    0.88620E-07    0.91977E-02    0.95628E-03    0.13174E+00    0.11189E-02    0.16969E+00    0.97219E-03    0.13563E+00    0.61147E-03    0.64050E-01    0.85392E-03    0.11813E+00    0.63351E-03    0.68966E-01    0.12722E-06    0.76170E-06    0.16247E-06    0.12722E-06    0.00000E+00    0.76170E-06    0.00000E+00    0.16247E-06    0.00000E+00    0.50442E-03    0.00000E+00    0.12343E-02    0.00000E+00    0.57003E-03    0.00000E+00    0.38509E-03    0.00000E+00    0.83514E-03    0.00000E+00    0.41009E-03    0.00000E+00    0.20026E-07    0.21596E-07    0.20235E-07    0.00000E+00    0.20026E-01    0.00000E+00    0.21596E-01    0.00000E+00    0.20235E-01    0.13333E-02    0.20013E+00    0.10565E-02    0.20783E+00    0.12998E-02    0.20117E+00    0.90752E-03    0.14781E+00    0.86330E-03    0.17719E+00    0.90162E-03    0.15172E+00
32900  139    0.55529E-07    0.23677E-06    0.72005E-07    0.46895E-07    0.86345E-02    0.22244E-06    0.14327E-01    0.62853E-07    0.91520E-02    0.91551E-03    0.13141E+00    0.10232E-02    0.16927E+00    0.92582E-03    0.13529E+00    0.53718E-03    0.63886E-01    0.79067E-03    0.11783E+00    0.56022E-03    0.68790E-01    0.82755E-07    0.66732E-06    0.11523E-06    0.82755E-07    0.00000E+00    0.66732E-06    0.00000E+00    0.11523E-06    0.00000E+00    0.40683E-03    0.00000E+00    0.11553E-02    0.00000E+00    0.48006E-03    0.00000E+00    0.28959E-03    0.00000E+00    0.77796E-03    0.00000E+00    0.31672E-03    0.00000E+00    0.19926E-07    0.21490E-07    0.20134E-07    0.00000E+00    0.19926E-01    0.00000E+00    0.21490E-01    0.00000E+00    0.20134E-01    0.13106E-02    0.19963E+00    0.95026E-03    0.20732E+00    0.12685E-02    0.20067E+00    0.86094E-03    0.14743E+00    0.79702E-03    0.17674E+00    0.85242E-03    0.15134E+00
33000  140    0.61392E-07    0.22454E-06    0.76223E-07    0.52800E-07    0.85913E-02    0.21027E-06    0.14266E-01    0.67116E-07    0.91071E-02    0.93308E-03    0.13108E+00    0.10515E-02    0.16891E+00    0.94446E-03    0.13496E+00    0.55397E-03    0.63741E-01    0.81725E-03    0.11762E+00    0.57790E-03    0.68639E-01    0.93177E-07    0.63082E-06    0.12305E-06    0.93177E-07    0.00000E+00    0.63082E-06    0.00000E+00    0.12305E-06    0.00000E+00    0.43169E-03    0.00000E+00    0.11232E-02    0.00000E+00    0.49608E-03    0.00000E+00    0.30622E-03    0.00000E+00    0.75504E-03    0.00000E+00    0.33115E-03    0.00000E+00    0.19826E-07    0.21399E-07    0.20036E-07    0.00000E+00    0.19826E-01    0.00000E+00    0.21399E-01    0.00000E+00    0.20036E-01    0.13287E-02    0.19913E+00    0.10138E-02    0.20688E+00    0.12912E-02    0.20018E+00    0.87795E-03    0.14709E+00    0.84835E-03    0.17643E+00    0.87401E-03    0.15101E+00
33100  141    0.17870E-06    0.31841E-06    0.19140E-06    0.17014E-06    0.85635E-02    0.30426E-06    0.14146E-01    0.18233E-06    0.90710E-02    0.11261E-02    0.13087E+00    0.12887E-02    0.16820E+00    0.11419E-02    0.13469E+00    0.85567E-03    0.63675E-01    0.10144E-02    0.11737E+00    0.87010E-03    0.68556E-01    0.30024E-06    0.91279E-06    0.33427E-06    0.30024E-06    0.00000E+00    0.91279E-06    0.00000E+00    0.33427E-06    0.00000E+00    0.77491E-03    0.00000E+00    0.13511E-02    0.00000E+00    0.81764E-03    0.00000E+00    0.67789E-03    0.00000E+00    0.10060E-02    0.00000E+00    0.69612E-03    0.00000E+00    0.19762E-07    0.21219E-07    0.19956E-07    0.00000E+00    0.19762E-01    0.00000E+00    0.21219E-01    0.00000E+00    0.19956E-01    0.14633E-02    0.19881E+00    0.12563E-02    0.20600E+00    0.14374E-02    0.19978E+00    0.10882E-02    0.14694E+00    0.10186E-02    0.17605E+00    0.10789E-02    0.15082E+00
33200  142    0.55098E-07    0.22944E-06    0.70948E-07    0.46603E-07    0.84955E-02    0.21536E-06    0.14084E-01    0.61944E-07    0.90035E-02    0.90280E-03    0.13035E+00    0.10159E-02    0.16783E+00    0.91366E-03    0.13419E+00    0.53249E-03    0.63411E-01    0.78483E-03    0.11708E+00    0.55543E-03    0.68290E-01    0.82241E-07    0.64608E-06    0.11356E-06    0.82241E-07    0.00000E+00    0.64608E-06    0.00000E+00    0.11356E-06    0.00000E+00    0.40556E-03    0.00000E+00    0.11367E-02    0.00000E+00    0.47658E-03    0.00000E+00    0.28773E-03    0.00000E+00    0.76114E-03    0.00000E+00    0.31403E-03    0.00000E+00    0.19605E-07    0.21126E-07    0.19808E-07    0.00000E+00    0.19605E-01    0.00000E+00    0.21126E-01    0.00000E+00    0.19808E-01    0.12907E-02    0.19801E+00    0.94977E-03    0.20555E+00    0.12506E-02    0.19904E+00    0.85255E-03    0.14633E+00    0.79668E-03    0.17562E+00    0.84510E-03    0.15024E+00
33300  143    0.53604E-07    0.24250E-06    0.70776E-07    0.45148E-07    0.84554E-02    0.22850E-06    0.14004E-01    0.61817E-07    0.89598E-02    0.88574E-03    0.13004E+00    0.99135E-03    0.16736E+00    0.89586E-03    0.13386E+00    0.52289E-03    0.63279E-01    0.76960E-03    0.11680E+00    0.54532E-03    0.68145E-01    0.79673E-07    0.68550E-06    0.11333E-06    0.79673E-07    0.00000E+00    0.68550E-06    0.00000E+00    0.11333E-06    0.00000E+00    0.39918E-03    0.00000E+00    0.11709E-02    0.00000E+00    0.47609E-03    0.00000E+00    0.28346E-03    0.00000E+00    0.81026E-03    0.00000E+00    0.31273E-03    0.00000E+00    0.19512E-07    0.21006E-07    0.19712E-07    0.00000E+00    0.19512E-01    0.00000E+00    0.21006E-01    0.00000E+00    0.19712E-01    0.12657E-02    0.19755E+00    0.88806E-03    0.20497E+00    0.12221E-02    0.19855E+00    0.83599E-03    0.14603E+00    0.74927E-03    0.17521E+00    0.82443E-03    0.14992E+00
33400  144    0.56126E-07    0.25741E-06    0.74424E-07    0.47726E-07    0.84001E-02    0.24351E-06    0.13899E-01    0.65524E-07    0.89000E-02    0.87404E-03    0.12962E+00    0.98159E-03    0.16673E+00    0.88436E-03    0.13342E+00    0.52322E-03    0.63089E-01    0.76001E-03    0.11648E+00    0.54474E-03    0.67943E-01    0.84222E-07    0.73053E-06    0.12013E-06    0.84222E-07    0.00000E+00    0.73053E-06    0.00000E+00    0.12013E-06    0.00000E+00    0.41042E-03    0.00000E+00    0.12087E-02    0.00000E+00    0.49016E-03    0.00000E+00    0.29496E-03    0.00000E+00    0.85070E-03    0.00000E+00    0.32584E-03    0.00000E+00    0.19385E-07    0.20849E-07    0.19580E-07    0.00000E+00    0.19385E-01    0.00000E+00    0.20849E-01    0.00000E+00    0.19580E-01    0.12420E-02    0.19690E+00    0.84542E-03    0.20420E+00    0.11968E-02    0.19789E+00    0.82170E-03    0.14559E+00    0.71466E-03    0.17472E+00    0.80743E-03    0.14947E+00
33500  145    0.52968E-07    0.23681E-06    0.69681E-07    0.44608E-07    0.83601E-02    0.22297E-06    0.13840E-01    0.60823E-07    0.88583E-02    0.87781E-03    0.12931E+00    0.98833E-03    0.16637E+00    0.88843E-03    0.13310E+00    0.51971E-03    0.62938E-01    0.76790E-03    0.11628E+00    0.54227E-03    0.67787E-01    0.78720E-07    0.66892E-06    0.11151E-06    0.78720E-07    0.00000E+00    0.66892E-06    0.00000E+00    0.11151E-06    0.00000E+00    0.39679E-03    0.00000E+00    0.11566E-02    0.00000E+00    0.47225E-03    0.00000E+00    0.28131E-03    0.00000E+00    0.79822E-03    0.00000E+00    0.31002E-03    0.00000E+00    0.19293E-07    0.20760E-07    0.19488E-07    0.00000E+00    0.19293E-01    0.00000E+00    0.20760E-01    0.00000E+00    0.19488E-01    0.12539E-02    0.19643E+00    0.89235E-03    0.20376E+00    0.12120E-02    0.19742E+00    0.83146E-03    0.14524E+00    0.75273E-03    0.17441E+00    0.82096E-03    0.14913E+00
33600  146    0.69470E-07    0.21094E-06    0.82331E-07    0.61123E-07    0.83472E-02    0.19713E-06    0.13806E-01    0.73487E-07    0.88435E-02    0.93034E-03    0.12921E+00    0.10619E-02    0.16617E+00    0.94306E-03    0.13299E+00    0.57473E-03    0.62898E-01    0.80791E-03    0.11618E+00    0.59593E-03    0.67743E-01    0.10786E-06    0.59140E-06    0.13473E-06    0.10786E-06    0.00000E+00    0.59140E-06    0.00000E+00    0.13473E-06    0.00000E+00    0.46446E-03    0.00000E+00    0.10876E-02    0.00000E+00    0.51909E-03    0.00000E+00    0.33669E-03    0.00000E+00    0.71008E-03    0.00000E+00    0.35743E-03    0.00000E+00    0.19263E-07    0.20710E-07    0.19456E-07    0.00000E+00    0.19263E-01    0.00000E+00    0.20710E-01    0.00000E+00    0.19456E-01    0.13097E-02    0.19628E+00    0.10489E-02    0.20352E+00    0.12780E-02    0.19726E+00    0.88602E-03    0.14515E+00    0.85682E-03    0.17428E+00    0.88212E-03    0.14903E+00
33700  147    0.64132E-07    0.21801E-06    0.78122E-07    0.55862E-07    0.82707E-02    0.20430E-06    0.13715E-01    0.69356E-07    0.87656E-02    0.90821E-03    0.12861E+00    0.10305E-02    0.16562E+00    0.92000E-03    0.13241E+00    0.55569E-03    0.62620E-01    0.82189E-03    0.11589E+00    0.57989E-03    0.67463E-01    0.98580E-07    0.61290E-06    0.12715E-06    0.98580E-07    0.00000E+00    0.61290E-06    0.00000E+00    0.12715E-06    0.00000E+00    0.44403E-03    0.00000E+00    0.11072E-02    0.00000E+00    0.50429E-03    0.00000E+00    0.32250E-03    0.00000E+00    0.78754E-03    0.00000E+00    0.34834E-03    0.00000E+00    0.19086E-07    0.20573E-07    0.19284E-07    0.00000E+00    0.19086E-01    0.00000E+00    0.20573E-01    0.00000E+00    0.19284E-01    0.12828E-02    0.19538E+00    0.99001E-03    0.20285E+00    0.12478E-02    0.19639E+00    0.86063E-03    0.14451E+00    0.83907E-03    0.17384E+00    0.85776E-03    0.14842E+00
33800  148    0.61026E-07    0.23906E-06    0.77211E-07    0.52801E-07    0.82250E-02    0.22546E-06    0.13600E-01    0.68497E-07    0.87136E-02    0.88463E-03    0.12826E+00    0.96840E-03    0.16492E+00    0.89257E-03    0.13201E+00    0.54531E-03    0.62460E-01    0.75933E-03    0.11543E+00    0.56477E-03    0.67276E-01    0.93177E-07    0.67639E-06    0.12558E-06    0.93177E-07    0.00000E+00    0.67639E-06    0.00000E+00    0.12558E-06    0.00000E+00    0.43169E-03    0.00000E+00    0.11631E-02    0.00000E+00    0.50115E-03    0.00000E+00    0.31559E-03    0.00000E+00    0.82613E-03    0.00000E+00    0.34395E-03    0.00000E+00    0.18981E-07    0.20399E-07    0.19170E-07    0.00000E+00    0.18981E-01    0.00000E+00    0.20399E-01    0.00000E+00    0.19170E-01    0.12499E-02    0.19484E+00    0.85458E-03    0.20199E+00    0.12047E-02    0.19581E+00    0.84572E-03    0.14414E+00    0.72594E-03    0.17315E+00    0.82975E-03    0.14801E+00
33900  149    0.32756E-06    0.30212E-06    0.32525E-06    0.31933E-06    0.82380E-02    0.28853E-06    0.13587E-01    0.31653E-06    0.87243E-02    0.13735E-02    0.12836E+00    0.15262E-02    0.16485E+00    0.13881E-02    0.13209E+00    0.11033E-02    0.62494E-01    0.12956E-02    0.11562E+00    0.11207E-02    0.67324E-01    0.56352E-06    0.86560E-06    0.58030E-06    0.56352E-06    0.00000E+00    0.86560E-06    0.00000E+00    0.58030E-06    0.00000E+00    0.10616E-02    0.00000E+00    0.13158E-02    0.00000E+00    0.10773E-02    0.00000E+00    0.90409E-03    0.00000E+00    0.10851E-02    0.00000E+00    0.91415E-03    0.00000E+00    0.19011E-07    0.20381E-07    0.19193E-07    0.00000E+00    0.19011E-01    0.00000E+00    0.20381E-01    0.00000E+00    0.19193E-01    0.16969E-02    0.19499E+00    0.16212E-02    0.20189E+00    0.16870E-02    0.19593E+00    0.13637E-02    0.14422E+00    0.14008E-02    0.17343E+00    0.13687E-02    0.14811E+00
34000  150    0.52269E-07    0.21846E-06    0.67377E-07    0.44123E-07    0.81461E-02    0.20501E-06    0.13451E-01    0.58748E-07    0.86284E-02    0.86292E-03    0.12764E+00    0.97730E-03    0.16402E+00    0.87393E-03    0.13136E+00    0.51433E-03    0.62165E-01    0.75750E-03    0.11500E+00    0.53643E-03    0.66968E-01    0.77863E-07    0.61502E-06    0.10771E-06    0.77863E-07    0.00000E+00    0.61502E-06    0.00000E+00    0.10771E-06    0.00000E+00    0.39462E-03    0.00000E+00    0.11091E-02    0.00000E+00    0.46412E-03    0.00000E+00    0.27877E-03    0.00000E+00    0.75423E-03    0.00000E+00    0.30519E-03    0.00000E+00    0.18799E-07    0.20177E-07    0.18982E-07    0.00000E+00    0.18799E-01    0.00000E+00    0.20177E-01    0.00000E+00    0.18982E-01    0.12307E-02    0.19390E+00    0.90424E-03    0.20088E+00    0.11924E-02    0.19485E+00    0.82236E-03    0.14346E+00    0.75914E-03    0.17250E+00    0.81393E-03    0.14733E+00
34100  151    0.51732E-07    0.22273E-06    0.67277E-07    0.43632E-07    0.80996E-02    0.20937E-06    0.13364E-01    0.58699E-07    0.85782E-02    0.85496E-03    0.12728E+00    0.96779E-03    0.16349E+00    0.86583E-03    0.13098E+00    0.51065E-03    0.61998E-01    0.75274E-03    0.11469E+00    0.53266E-03    0.66788E-01    0.76998E-07    0.62810E-06    0.10761E-06    0.76998E-07    0.00000E+00    0.62810E-06    0.00000E+00    0.10761E-06    0.00000E+00    0.39242E-03    0.00000E+00    0.11208E-02    0.00000E+00    0.46393E-03    0.00000E+00    0.27735E-03    0.00000E+00    0.77218E-03    0.00000E+00    0.30484E-03    0.00000E+00    0.18691E-07    0.20046E-07    0.18872E-07    0.00000E+00    0.18691E-01    0.00000E+00    0.20046E-01    0.00000E+00    0.18872E-01    0.12188E-02    0.19335E+00    0.88138E-03    0.20023E+00    0.11794E-02    0.19428E+00    0.81574E-03    0.14307E+00    0.74302E-03    0.17203E+00    0.80605E-03    0.14693E+00
34200  152    0.74169E-07    0.23842E-06    0.89101E-07    0.66123E-07    0.80460E-02    0.22513E-06    0.13292E-01    0.80578E-07    0.85229E-02    0.88682E-03    0.12685E+00    0.10686E-02    0.16304E+00    0.90486E-03    0.13056E+00    0.57406E-03    0.61819E-01    0.82651E-03    0.11453E+00    0.59701E-03    0.66611E-01    0.11669E-06    0.67539E-06    0.14773E-06    0.11669E-06    0.00000E+00    0.67539E-06    0.00000E+00    0.14773E-06    0.00000E+00    0.48309E-03    0.00000E+00    0.11622E-02    0.00000E+00    0.54356E-03    0.00000E+00    0.36196E-03    0.00000E+00    0.77151E-03    0.00000E+00    0.38472E-03    0.00000E+00    0.18568E-07    0.19937E-07    0.18750E-07    0.00000E+00    0.18568E-01    0.00000E+00    0.19937E-01    0.00000E+00    0.18750E-01    0.12287E-02    0.19271E+00    0.10186E-02    0.19969E+00    0.12028E-02    0.19365E+00    0.85142E-03    0.14266E+00    0.85402E-03    0.17180E+00    0.85176E-03    0.14654E+00
34300  153    0.50946E-07    0.22192E-06    0.66488E-07    0.42937E-07    0.80087E-02    0.20872E-06    0.13198E-01    0.58008E-07    0.84805E-02    0.84191E-03    0.12656E+00    0.95881E-03    0.16247E+00    0.85320E-03    0.13023E+00    0.50462E-03    0.61665E-01    0.74558E-03    0.11414E+00    0.52652E-03    0.66435E-01    0.75771E-07    0.62615E-06    0.10635E-06    0.75771E-07    0.00000E+00    0.62615E-06    0.00000E+00    0.10635E-06    0.00000E+00    0.38928E-03    0.00000E+00    0.11191E-02    0.00000E+00    0.46119E-03    0.00000E+00    0.27487E-03    0.00000E+00    0.77319E-03    0.00000E+00    0.30255E-03    0.00000E+00    0.18482E-07    0.19798E-07    0.18657E-07    0.00000E+00    0.18482E-01    0.00000E+00    0.19798E-01    0.00000E+00    0.18657E-01    0.11990E-02    0.19226E+00    0.86765E-03    0.19899E+00    0.11603E-02    0.19317E+00    0.80506E-03    0.14230E+00    0.73177E-03    0.17120E+00    0.79529E-03    0.14616E+00
34400  154    0.51575E-07    0.21268E-06    0.66221E-07    0.43602E-07    0.79734E-02    0.19955E-06    0.13132E-01    0.57779E-07    0.84423E-02    0.84678E-03    0.12628E+00    0.96044E-03    0.16206E+00    0.85774E-03    0.12994E+00    0.50843E-03    0.61546E-01    0.74636E-03    0.11388E+00    0.53006E-03    0.66304E-01    0.76945E-07    0.59864E-06    0.10593E-06    0.76945E-07    0.00000E+00    0.59864E-06    0.00000E+00    0.10593E-06    0.00000E+00    0.39229E-03    0.00000E+00    0.10942E-02    0.00000E+00    0.46028E-03    0.00000E+00    0.27682E-03    0.00000E+00    0.74848E-03    0.00000E+00    0.30302E-03    0.00000E+00    0.18400E-07    0.19698E-07    0.18573E-07    0.00000E+00    0.18400E-01    0.00000E+00    0.19698E-01    0.00000E+00    0.18573E-01    0.12056E-02    0.19183E+00    0.88602E-03    0.19849E+00    0.11681E-02    0.19273E+00    0.81130E-03    0.14203E+00    0.74530E-03    0.17082E+00    0.80250E-03    0.14587E+00
34500  155    0.50725E-07    0.22211E-06    0.66305E-07    0.42796E-07    0.79283E-02    0.20906E-06    0.13045E-01    0.57912E-07    0.83934E-02    0.83365E-03    0.12592E+00    0.94862E-03    0.16152E+00    0.84475E-03    0.12956E+00    0.50099E-03    0.61374E-01    0.73922E-03    0.11359E+00    0.52265E-03    0.66120E-01    0.75523E-07    0.62719E-06    0.10617E-06    0.75523E-07    0.00000E+00    0.62719E-06    0.00000E+00    0.10617E-06    0.00000E+00    0.38865E-03    0.00000E+00    0.11200E-02    0.00000E+00    0.46081E-03    0.00000E+00    0.27371E-03    0.00000E+00    0.78016E-03    0.00000E+00    0.30185E-03    0.00000E+00    0.18296E-07    0.19567E-07    0.18466E-07    0.00000E+00    0.18296E-01    0.00000E+00    0.19567E-01    0.00000E+00    0.18466E-01    0.11859E-02    0.19129E+00    0.85007E-03    0.19783E+00    0.11468E-02    0.19217E+00    0.79820E-03    0.14163E+00    0.71875E-03    0.17038E+00    0.78761E-03    0.14546E+00
34600  156    0.50427E-07    0.22369E-06    0.66178E-07    0.42549E-07    0.78789E-02    0.21073E-06    0.12955E-01    0.57838E-07    0.83404E-02    0.82412E-03    0.12553E+00    0.94608E-03    0.16097E+00    0.83594E-03    0.12915E+00    0.49849E-03    0.61194E-01    0.73676E-03    0.11328E+00    0.52015E-03    0.65929E-01    0.75086E-07    0.63219E-06    0.10604E-06    0.75086E-07    0.00000E+00    0.63219E-06    0.00000E+00    0.10604E-06    0.00000E+00    0.38752E-03    0.00000E+00    0.11244E-02    0.00000E+00    0.46051E-03    0.00000E+00    0.27548E-03    0.00000E+00    0.78314E-03    0.00000E+00    0.30368E-03    0.00000E+00    0.18182E-07    0.19433E-07    0.18349E-07    0.00000E+00    0.18182E-01    0.00000E+00    0.19433E-01    0.00000E+00    0.18349E-01    0.11709E-02    0.19069E+00    0.84285E-03    0.19714E+00    0.11326E-02    0.19157E+00    0.79013E-03    0.14122E+00    0.71358E-03    0.16992E+00    0.77992E-03    0.14504E+00
34700  157    0.57770E-07    0.21128E-06    0.71725E-07    0.49926E-07    0.78441E-02    0.19838E-06    0.12899E-01    0.63422E-07    0.83037E-02    0.84715E-03    0.12525E+00    0.10026E-02    0.16062E+00    0.86244E-03    0.12887E+00    0.52559E-03    0.61065E-01    0.76999E-03    0.11307E+00    0.54781E-03    0.65793E-01    0.88104E-07    0.59514E-06    0.11627E-06    0.88104E-07    0.00000E+00    0.59514E-06    0.00000E+00    0.11627E-06    0.00000E+00    0.41977E-03    0.00000E+00    0.10910E-02    0.00000E+00    0.48223E-03    0.00000E+00    0.30418E-03    0.00000E+00    0.71263E-03    0.00000E+00    0.32687E-03    0.00000E+00    0.18102E-07    0.19349E-07    0.18268E-07    0.00000E+00    0.18102E-01    0.00000E+00    0.19349E-01    0.00000E+00    0.18268E-01    0.11940E-02    0.19027E+00    0.95532E-03    0.19672E+00    0.11650E-02    0.19114E+00    0.81513E-03    0.14092E+00    0.79867E-03    0.16961E+00    0.81294E-03    0.14475E+00
34800  158    0.49773E-07    0.21684E-06    0.64961E-07    0.41967E-07    0.78062E-02    0.20403E-06    0.12816E-01    0.56700E-07    0.82617E-02    0.81978E-03    0.12495E+00    0.94137E-03    0.16010E+00    0.83157E-03    0.12854E+00    0.49547E-03    0.60923E-01    0.73196E-03    0.11278E+00    0.51697E-03    0.65637E-01    0.74059E-07    0.61208E-06    0.10395E-06    0.74059E-07    0.00000E+00    0.61208E-06    0.00000E+00    0.10395E-06    0.00000E+00    0.38486E-03    0.00000E+00    0.11064E-02    0.00000E+00    0.45596E-03    0.00000E+00    0.27190E-03    0.00000E+00    0.76694E-03    0.00000E+00    0.29940E-03    0.00000E+00    0.18014E-07    0.19224E-07    0.18176E-07    0.00000E+00    0.18014E-01    0.00000E+00    0.19224E-01    0.00000E+00    0.18176E-01    0.11650E-02    0.18981E+00    0.84687E-03    0.19608E+00    0.11278E-02    0.19066E+00    0.78785E-03    0.14059E+00    0.71447E-03    0.16917E+00    0.77806E-03    0.14440E+00
34900  159    0.51523E-07    0.20984E-06    0.65915E-07    0.43766E-07    0.77564E-02    0.19711E-06    0.12727E-01    0.57707E-07    0.82083E-02    0.82292E-03    0.12455E+00    0.92002E-03    0.15954E+00    0.83221E-03    0.12813E+00    0.49979E-03    0.60737E-01    0.72087E-03    0.11245E+00    0.51988E-03    0.65438E-01    0.77235E-07    0.59133E-06    0.10580E-06    0.77235E-07    0.00000E+00    0.59133E-06    0.00000E+00    0.10580E-06    0.00000E+00    0.39303E-03    0.00000E+00    0.10875E-02    0.00000E+00    0.45999E-03    0.00000E+00    0.27600E-03    0.00000E+00    0.76482E-03    0.00000E+00    0.30316E-03    0.00000E+00    0.17899E-07    0.19091E-07    0.18058E-07    0.00000E+00    0.17899E-01    0.00000E+00    0.19091E-01    0.00000E+00    0.18058E-01    0.11665E-02    0.18921E+00    0.82360E-03    0.19540E+00    0.11268E-02    0.19004E+00    0.79242E-03    0.14016E+00    0.69890E-03    0.16867E+00    0.77995E-03    0.14396E+00
35000  160    0.92092E-07    0.20611E-06    0.10246E-06    0.84361E-07    0.77303E-02    0.19344E-06    0.12665E-01    0.94278E-07    0.81789E-02    0.92133E-03    0.12434E+00    0.10820E-02    0.15915E+00    0.93708E-03    0.12790E+00    0.62567E-03    0.60636E-01    0.85204E-03    0.11225E+00    0.64625E-03    0.65327E-01    0.14887E-06    0.58033E-06    0.17284E-06    0.14887E-06    0.00000E+00    0.58033E-06    0.00000E+00    0.17284E-06    0.00000E+00    0.54566E-03    0.00000E+00    0.10773E-02    0.00000E+00    0.58795E-03    0.00000E+00    0.42048E-03    0.00000E+00    0.73019E-03    0.00000E+00    0.43768E-03    0.00000E+00    0.17839E-07    0.18997E-07    0.17994E-07    0.00000E+00    0.17839E-01    0.00000E+00    0.18997E-01    0.00000E+00    0.17994E-01    0.12528E-02    0.18889E+00    0.10844E-02    0.19492E+00    0.12317E-02    0.18970E+00    0.89401E-03    0.13993E+00    0.91297E-03    0.16837E+00    0.89654E-03    0.14372E+00
35100  161    0.49068E-07    0.21168E-06    0.63852E-07    0.41391E-07    0.76773E-02    0.19911E-06    0.12578E-01    0.55729E-07    0.81228E-02    0.80737E-03    0.12391E+00    0.93072E-03    0.15861E+00    0.81935E-03    0.12746E+00    0.49009E-03    0.60430E-01    0.72414E-03    0.11191E+00    0.51137E-03    0.65110E-01    0.73043E-07    0.59732E-06    0.10217E-06    0.73043E-07    0.00000E+00    0.59732E-06    0.00000E+00    0.10217E-06    0.00000E+00    0.38221E-03    0.00000E+00    0.10930E-02    0.00000E+00    0.45204E-03    0.00000E+00    0.26964E-03    0.00000E+00    0.75867E-03    0.00000E+00    0.29681E-03    0.00000E+00    0.17717E-07    0.18867E-07    0.17870E-07    0.00000E+00    0.17717E-01    0.00000E+00    0.18867E-01    0.00000E+00    0.17870E-01    0.11460E-02    0.18824E+00    0.83788E-03    0.19425E+00    0.11098E-02    0.18905E+00    0.77837E-03    0.13945E+00    0.70688E-03    0.16787E+00    0.76884E-03    0.14324E+00
35200  0    0.52196E-07    0.19929E-06    0.65568E-07    0.44544E-07    0.76512E-02    0.18676E-06    0.12535E-01    0.57473E-07    0.80952E-02    0.81821E-03    0.12370E+00    0.95505E-03    0.15834E+00    0.83158E-03    0.12724E+00    0.50061E-03    0.60335E-01    0.73703E-03    0.11175E+00    0.52211E-03    0.65008E-01    0.78608E-07    0.56028E-06    0.10537E-06    0.78608E-07    0.00000E+00    0.56028E-06    0.00000E+00    0.10537E-06    0.00000E+00    0.39650E-03    0.00000E+00    0.10586E-02    0.00000E+00    0.45906E-03    0.00000E+00    0.28066E-03    0.00000E+00    0.70987E-03    0.00000E+00    0.30451E-03    0.00000E+00    0.17657E-07    0.18803E-07    0.17809E-07    0.00000E+00    0.17657E-01    0.00000E+00    0.18803E-01    0.00000E+00    0.17809E-01    0.11573E-02    0.18792E+00    0.89883E-03    0.19392E+00    0.11263E-02    0.18873E+00    0.78824E-03    0.13923E+00    0.75061E-03    0.16762E+00    0.78322E-03    0.14302E+00
35300  1    0.62811E-06    0.86264E-06    0.64943E-06    0.62059E-06    0.75127E-02    0.85045E-06    0.12199E-01    0.64149E-06    0.79388E-02    0.15245E-02    0.12258E+00    0.18123E-02    0.15620E+00    0.15529E-02    0.12601E+00    0.12509E-02    0.59826E-01    0.14886E-02    0.11066E+00    0.12725E-02    0.64447E-01    0.10952E-05    0.25513E-05    0.11761E-05    0.10952E-05    0.00000E+00    0.25513E-05    0.00000E+00    0.11761E-05    0.00000E+00    0.14800E-02    0.00000E+00    0.22589E-02    0.00000E+00    0.15337E-02    0.00000E+00    0.12552E-02    0.00000E+00    0.19880E-02    0.00000E+00    0.12959E-02    0.00000E+00    0.17337E-07    0.18298E-07    0.17465E-07    0.00000E+00    0.17337E-01    0.00000E+00    0.18298E-01    0.00000E+00    0.17465E-01    0.15809E-02    0.18621E+00    0.15412E-02    0.19130E+00    0.15756E-02    0.18690E+00    0.12452E-02    0.13806E+00    0.12389E-02    0.16598E+00    0.12444E-02    0.14178E+00
35400  2    0.48411E-07    0.20656E-06    0.62788E-07    0.40865E-07    0.75457E-02    0.19423E-06    0.12335E-01    0.54807E-07    0.79811E-02    0.79462E-03    0.12285E+00    0.92206E-03    0.15707E+00    0.80704E-03    0.12634E+00    0.48510E-03    0.59924E-01    0.71707E-03    0.11101E+00    0.50619E-03    0.64569E-01    0.72115E-07    0.58269E-06    0.10048E-06    0.72115E-07    0.00000E+00    0.58269E-06    0.00000E+00    0.10048E-06    0.00000E+00    0.37978E-03    0.00000E+00    0.10795E-02    0.00000E+00    0.44829E-03    0.00000E+00    0.26825E-03    0.00000E+00    0.74802E-03    0.00000E+00    0.29491E-03    0.00000E+00    0.17413E-07    0.18503E-07    0.17558E-07    0.00000E+00    0.17413E-01    0.00000E+00    0.18503E-01    0.00000E+00    0.17558E-01    0.11263E-02    0.18662E+00    0.83222E-03    0.19237E+00    0.10917E-02    0.18739E+00    0.76866E-03    0.13829E+00    0.70159E-03    0.16652E+00    0.75972E-03    0.14205E+00
35500  3    0.48676E-07    0.20062E-06    0.62490E-07    0.41163E-07    0.75136E-02    0.18835E-06    0.12277E-01    0.54543E-07    0.79467E-02    0.79534E-03    0.12259E+00    0.92623E-03    0.15670E+00    0.80811E-03    0.12607E+00    0.48557E-03    0.59799E-01    0.71784E-03    0.11078E+00    0.50669E-03    0.64434E-01    0.72640E-07    0.56504E-06    0.99996E-07    0.72640E-07    0.00000E+00    0.56504E-06    0.00000E+00    0.99996E-07    0.00000E+00    0.38116E-03    0.00000E+00    0.10631E-02    0.00000E+00    0.44720E-03    0.00000E+00    0.26812E-03    0.00000E+00    0.72732E-03    0.00000E+00    0.29363E-03    0.00000E+00    0.17339E-07    0.18415E-07    0.17483E-07    0.00000E+00    0.17339E-01    0.00000E+00    0.18415E-01    0.00000E+00    0.17483E-01    0.11268E-02    0.18622E+00    0.84960E-03    0.19191E+00    0.10939E-02    0.18699E+00    0.76994E-03    0.13800E+00    0.71309E-03    0.16617E+00    0.76236E-03    0.14175E+00
35600  4    0.72378E-06    0.50818E-06    0.70418E-06    0.71628E-06    0.74998E-02    0.49597E-06    0.12211E-01    0.69625E-06    0.79281E-02    0.18030E-02    0.12247E+00    0.19416E-02    0.15628E+00    0.18161E-02    0.12592E+00    0.15956E-02    0.59741E-01    0.16507E-02    0.11078E+00    0.16006E-02    0.64381E-01    0.12640E-05    0.14879E-05    0.12765E-05    0.12640E-05    0.00000E+00    0.14879E-05    0.00000E+00    0.12765E-05    0.00000E+00    0.15900E-02    0.00000E+00    0.17251E-02    0.00000E+00    0.15978E-02    0.00000E+00    0.14258E-02    0.00000E+00    0.14576E-02    0.00000E+00    0.14276E-02    0.00000E+00    0.17307E-07    0.18317E-07    0.17442E-07    0.00000E+00    0.17307E-01    0.00000E+00    0.18317E-01    0.00000E+00    0.17442E-01    0.20485E-02    0.18605E+00    0.20412E-02    0.19140E+00    0.20475E-02    0.18677E+00    0.18176E-02    0.13786E+00    0.17473E-02    0.16617E+00    0.18082E-02    0.14164E+00
35700  5    0.44117E-06    0.26162E-06    0.42484E-06    0.43366E-06    0.75011E-02    0.24932E-06    0.12296E-01    0.41691E-06    0.79370E-02    0.14953E-02    0.12248E+00    0.16911E-02    0.15682E+00    0.15141E-02    0.12599E+00    0.11751E-02    0.59723E-01    0.14241E-02    0.11092E+00    0.11977E-02    0.64378E-01    0.76529E-06    0.74797E-06    0.76433E-06    0.76529E-06    0.00000E+00    0.74797E-06    0.00000E+00    0.76433E-06    0.00000E+00    0.12372E-02    0.00000E+00    0.12231E-02    0.00000E+00    0.12364E-02    0.00000E+00    0.10102E-02    0.00000E+00    0.11381E-02    0.00000E+00    0.10173E-02    0.00000E+00    0.17310E-07    0.18445E-07    0.17461E-07    0.00000E+00    0.17310E-01    0.00000E+00    0.18445E-01    0.00000E+00    0.17461E-01    0.17772E-02    0.18607E+00    0.18819E-02    0.19207E+00    0.17915E-02    0.18688E+00    0.13908E-02    0.13782E+00    0.15671E-02    0.16638E+00    0.14143E-02    0.14163E+00
35800  6    0.47485E-07    0.20148E-06    0.61485E-07    0.40100E-07    0.73849E-02    0.18945E-06    0.12033E-01    0.53678E-07    0.78074E-02    0.77855E-03    0.12153E+00    0.90726E-03    0.15513E+00    0.79112E-03    0.12496E+00    0.47770E-03    0.59287E-01    0.70596E-03    0.10984E+00    0.49845E-03    0.63883E-01    0.70765E-07    0.56835E-06    0.98409E-07    0.70765E-07    0.00000E+00    0.56835E-06    0.00000E+00    0.98409E-07    0.00000E+00    0.37621E-03    0.00000E+00    0.10662E-02    0.00000E+00    0.44364E-03    0.00000E+00    0.26509E-03    0.00000E+00    0.74180E-03    0.00000E+00    0.29157E-03    0.00000E+00    0.17042E-07    0.18050E-07    0.17176E-07    0.00000E+00    0.17042E-01    0.00000E+00    0.18050E-01    0.00000E+00    0.17176E-01    0.11017E-02    0.18462E+00    0.81630E-03    0.19000E+00    0.10680E-02    0.18534E+00    0.75574E-03    0.13682E+00    0.68804E-03    0.16477E+00    0.74671E-03    0.14054E+00
35900  7    0.50337E-07    0.22273E-06    0.66009E-07    0.42997E-07    0.73406E-02    0.21077E-06    0.11954E-01    0.58249E-07    0.77600E-02    0.76800E-03    0.12117E+00    0.89425E-03    0.15462E+00    0.78033E-03    0.12458E+00    0.47902E-03    0.59118E-01    0.69517E-03    0.10951E+00    0.49867E-03    0.63700E-01    0.75877E-07    0.63232E-06    0.10679E-06    0.75877E-07    0.00000E+00    0.63232E-06    0.00000E+00    0.10679E-06    0.00000E+00    0.38956E-03    0.00000E+00    0.11246E-02    0.00000E+00    0.46215E-03    0.00000E+00    0.27721E-03    0.00000E+00    0.80817E-03    0.00000E+00    0.30670E-03    0.00000E+00    0.16940E-07    0.17931E-07    0.17072E-07    0.00000E+00    0.16940E-01    0.00000E+00    0.17931E-01    0.00000E+00    0.17072E-01    0.10783E-02    0.18406E+00    0.75314E-03    0.18937E+00    0.10408E-02    0.18478E+00    0.74292E-03    0.13643E+00    0.63867E-03    0.16427E+00    0.72902E-03    0.14014E+00
36000  0    0.97548E-07    0.18929E-06    0.10589E-06    0.90227E-07    0.73206E-02    0.17735E-06    0.11938E-01    0.98148E-07    0.77404E-02    0.91811E-03    0.12100E+00    0.99000E-03    0.15452E+00    0.92487E-03    0.12442E+00    0.65417E-03    0.59050E-01    0.81138E-03    0.10943E+00    0.66846E-03    0.63630E-01    0.15922E-06    0.53206E-06    0.17994E-06    0.15922E-06    0.00000E+00    0.53206E-06    0.00000E+00    0.17994E-06    0.00000E+00    0.56431E-03    0.00000E+00    0.10316E-02    0.00000E+00    0.59990E-03    0.00000E+00    0.46756E-03    0.00000E+00    0.82479E-03    0.00000E+00    0.48740E-03    0.00000E+00    0.16894E-07    0.17908E-07    0.17029E-07    0.00000E+00    0.16894E-01    0.00000E+00    0.17908E-01    0.00000E+00    0.17029E-01    0.12364E-02    0.18381E+00    0.96856E-03    0.18925E+00    0.12042E-02    0.18455E+00    0.89820E-03    0.13627E+00    0.80468E-03    0.16415E+00    0.88573E-03    0.13999E+00
36100  0    0.98320E-07    0.15407E-06    0.10339E-06    0.91024E-07    0.72968E-02    0.14220E-06    0.11864E-01    0.95676E-07    0.77120E-02    0.92827E-03    0.12080E+00    0.10715E-02    0.15404E+00    0.94219E-03    0.12419E+00    0.62271E-03    0.58952E-01    0.82726E-03    0.10913E+00    0.64131E-03    0.63514E-01    0.16063E-06    0.42661E-06    0.17541E-06    0.16063E-06    0.00000E+00    0.42661E-06    0.00000E+00    0.17541E-06    0.00000E+00    0.56680E-03    0.00000E+00    0.92370E-03    0.00000E+00    0.59229E-03    0.00000E+00    0.41551E-03    0.00000E+00    0.65453E-03    0.00000E+00    0.42878E-03    0.00000E+00    0.16839E-07    0.17796E-07    0.16966E-07    0.00000E+00    0.16839E-01    0.00000E+00    0.17796E-01    0.00000E+00    0.16966E-01    0.12524E-02    0.18351E+00    0.11382E-02    0.18866E+00    0.12377E-02    0.18421E+00    0.89368E-03    0.13604E+00    0.91362E-03    0.16370E+00    0.89634E-03    0.13973E+00
36200  1    0.46613E-07    0.19610E-06    0.60202E-07    0.39389E-07    0.72241E-02    0.18437E-06    0.11732E-01    0.52569E-07    0.76339E-02    0.76292E-03    0.12020E+00    0.89341E-03    0.15318E+00    0.77569E-03    0.12356E+00    0.47059E-03    0.58668E-01    0.69517E-03    0.10865E+00    0.49101E-03    0.63211E-01    0.69509E-07    0.55310E-06    0.96376E-07    0.69509E-07    0.00000E+00    0.55310E-06    0.00000E+00    0.96376E-07    0.00000E+00    0.37285E-03    0.00000E+00    0.10518E-02    0.00000E+00    0.43903E-03    0.00000E+00    0.26228E-03    0.00000E+00    0.73331E-03    0.00000E+00    0.28845E-03    0.00000E+00    0.16671E-07    0.17598E-07    0.16795E-07    0.00000E+00    0.16671E-01    0.00000E+00    0.17598E-01    0.00000E+00    0.16795E-01    0.10777E-02    0.18260E+00    0.80260E-03    0.18760E+00    0.10452E-02    0.18327E+00    0.74300E-03    0.13539E+00    0.67610E-03    0.16297E+00    0.73408E-03    0.13907E+00
36300  2    0.55198E-07    0.20844E-06    0.69129E-07    0.48021E-07    0.71766E-02    0.19679E-06    0.11654E-01    0.61545E-07    0.75837E-02    0.76750E-03    0.11980E+00    0.93827E-03    0.15267E+00    0.78456E-03    0.12316E+00    0.49856E-03    0.58493E-01    0.72914E-03    0.10837E+00    0.51952E-03    0.63027E-01    0.84743E-07    0.59036E-06    0.11283E-06    0.84743E-07    0.00000E+00    0.59036E-06    0.00000E+00    0.11283E-06    0.00000E+00    0.41169E-03    0.00000E+00    0.10866E-02    0.00000E+00    0.47504E-03    0.00000E+00    0.30790E-03    0.00000E+00    0.73401E-03    0.00000E+00    0.33157E-03    0.00000E+00    0.16561E-07    0.17482E-07    0.16684E-07    0.00000E+00    0.16561E-01    0.00000E+00    0.17482E-01    0.00000E+00    0.16684E-01    0.10666E-02    0.18200E+00    0.85450E-03    0.18698E+00    0.10409E-02    0.18267E+00    0.74789E-03    0.13498E+00    0.72670E-03    0.16256E+00    0.74507E-03    0.13866E+00
36400  3    0.46301E-07    0.18894E-06    0.59268E-07    0.39157E-07    0.71436E-02    0.17736E-06    0.11583E-01    0.51721E-07    0.75472E-02    0.75809E-03    0.11953E+00    0.88986E-03    0.15220E+00    0.77100E-03    0.12286E+00    0.46824E-03    0.58346E-01    0.69150E-03    0.10805E+00    0.48853E-03    0.62864E-01    0.69101E-07    0.53208E-06    0.94822E-07    0.69101E-07    0.00000E+00    0.53208E-06    0.00000E+00    0.94822E-07    0.00000E+00    0.37175E-03    0.00000E+00    0.10316E-02    0.00000E+00    0.43548E-03    0.00000E+00    0.26073E-03    0.00000E+00    0.71477E-03    0.00000E+00    0.28595E-03    0.00000E+00    0.16485E-07    0.17374E-07    0.16604E-07    0.00000E+00    0.16485E-01    0.00000E+00    0.17374E-01    0.00000E+00    0.16604E-01    0.10703E-02    0.18158E+00    0.80975E-03    0.18641E+00    0.10393E-02    0.18223E+00    0.73960E-03    0.13464E+00    0.67986E-03    0.16207E+00    0.73163E-03    0.13830E+00
36500  4    0.46207E-07    0.19025E-06    0.59302E-07    0.39108E-07    0.70986E-02    0.17875E-06    0.11502E-01    0.51803E-07    0.74988E-02    0.75443E-03    0.11915E+00    0.88590E-03    0.15167E+00    0.76731E-03    0.12247E+00    0.46689E-03    0.58171E-01    0.68913E-03    0.10770E+00    0.48710E-03    0.62674E-01    0.69015E-07    0.53624E-06    0.94972E-07    0.69015E-07    0.00000E+00    0.53624E-06    0.00000E+00    0.94972E-07    0.00000E+00    0.37152E-03    0.00000E+00    0.10356E-02    0.00000E+00    0.43583E-03    0.00000E+00    0.26014E-03    0.00000E+00    0.72209E-03    0.00000E+00    0.28581E-03    0.00000E+00    0.16381E-07    0.17252E-07    0.16497E-07    0.00000E+00    0.16381E-01    0.00000E+00    0.17252E-01    0.00000E+00    0.16497E-01    0.10644E-02    0.18100E+00    0.80061E-03    0.18576E+00    0.10331E-02    0.18165E+00    0.73726E-03    0.13424E+00    0.67266E-03    0.16155E+00    0.72864E-03    0.13788E+00
36600  5    0.19796E-06    0.35873E-06    0.21258E-06    0.19094E-06    0.70272E-02    0.34741E-06    0.11324E-01    0.20516E-06    0.74177E-02    0.10087E-02    0.11855E+00    0.10071E-02    0.15049E+00    0.10086E-02    0.12180E+00    0.78495E-03    0.57870E-01    0.80796E-03    0.10685E+00    0.78704E-03    0.62323E-01    0.33695E-06    0.10422E-05    0.37613E-06    0.33695E-06    0.00000E+00    0.10422E-05    0.00000E+00    0.37613E-06    0.00000E+00    0.82091E-03    0.00000E+00    0.14438E-02    0.00000E+00    0.86733E-03    0.00000E+00    0.66333E-03    0.00000E+00    0.12304E-02    0.00000E+00    0.69483E-03    0.00000E+00    0.16217E-07    0.16985E-07    0.16319E-07    0.00000E+00    0.16217E-01    0.00000E+00    0.16985E-01    0.00000E+00    0.16319E-01    0.12111E-02    0.18009E+00    0.69224E-03    0.18431E+00    0.11555E-02    0.18066E+00    0.94399E-03    0.13355E+00    0.59673E-03    0.16028E+00    0.89769E-03    0.13711E+00
36700  6    0.45542E-07    0.18989E-06    0.58664E-07    0.38523E-07    0.70187E-02    0.17854E-06    0.11350E-01    0.51252E-07    0.74125E-02    0.74291E-03    0.11848E+00    0.87705E-03    0.15067E+00    0.75609E-03    0.12176E+00    0.46185E-03    0.57846E-01    0.68204E-03    0.10708E+00    0.48187E-03    0.62322E-01    0.67982E-07    0.53561E-06    0.93961E-07    0.67982E-07    0.00000E+00    0.53561E-06    0.00000E+00    0.93961E-07    0.00000E+00    0.36873E-03    0.00000E+00    0.10350E-02    0.00000E+00    0.43350E-03    0.00000E+00    0.25948E-03    0.00000E+00    0.72340E-03    0.00000E+00    0.28525E-03    0.00000E+00    0.16197E-07    0.17025E-07    0.16307E-07    0.00000E+00    0.16197E-01    0.00000E+00    0.17025E-01    0.00000E+00    0.16307E-01    0.10468E-02    0.17998E+00    0.78627E-03    0.18453E+00    0.10160E-02    0.18060E+00    0.72650E-03    0.13349E+00    0.66136E-03    0.16061E+00    0.71781E-03    0.13711E+00
36800  7    0.49511E-07    0.21375E-06    0.64442E-07    0.42541E-07    0.69696E-02    0.20249E-06    0.11257E-01    0.57083E-07    0.73594E-02    0.73163E-03    0.11806E+00    0.86283E-03    0.15005E+00    0.74452E-03    0.12132E+00    0.46618E-03    0.57653E-01    0.67180E-03    0.10667E+00    0.48487E-03    0.62109E-01    0.75073E-07    0.60748E-06    0.10465E-06    0.75073E-07    0.00000E+00    0.60748E-06    0.00000E+00    0.10465E-06    0.00000E+00    0.38749E-03    0.00000E+00    0.11023E-02    0.00000E+00    0.45750E-03    0.00000E+00    0.28050E-03    0.00000E+00    0.80296E-03    0.00000E+00    0.30952E-03    0.00000E+00    0.16084E-07    0.16886E-07    0.16191E-07    0.00000E+00    0.16084E-01    0.00000E+00    0.16886E-01    0.00000E+00    0.16191E-01    0.10193E-02    0.17935E+00    0.71360E-03    0.18377E+00    0.98402E-03    0.17995E+00    0.70900E-03    0.13305E+00    0.60622E-03    0.16000E+00    0.69529E-03    0.13664E+00
36900  8    0.45896E-07    0.18729E-06    0.58751E-07    0.38950E-07    0.69465E-02    0.17608E-06    0.11210E-01    0.51417E-07    0.73341E-02    0.73731E-03    0.11787E+00    0.87693E-03    0.14973E+00    0.75107E-03    0.12111E+00    0.46286E-03    0.57557E-01    0.68006E-03    0.10648E+00    0.48261E-03    0.62005E-01    0.68735E-07    0.52825E-06    0.94264E-07    0.68735E-07    0.00000E+00    0.52825E-06    0.00000E+00    0.94264E-07    0.00000E+00    0.37077E-03    0.00000E+00    0.10279E-02    0.00000E+00    0.43420E-03    0.00000E+00    0.26427E-03    0.00000E+00    0.70965E-03    0.00000E+00    0.28901E-03    0.00000E+00    0.16030E-07    0.16815E-07    0.16135E-07    0.00000E+00    0.16030E-01    0.00000E+00    0.16815E-01    0.00000E+00    0.16135E-01    0.10367E-02    0.17906E+00    0.79072E-03    0.18339E+00    0.10074E-02    0.17964E+00    0.72256E-03    0.13282E+00    0.66527E-03    0.15972E+00    0.71493E-03    0.13641E+00
37000  9    0.45012E-07    0.18358E-06    0.57609E-07    0.38114E-07    0.68986E-02    0.17245E-06    0.11128E-01    0.50326E-07    0.72831E-02    0.73408E-03    0.11746E+00    0.86608E-03    0.14919E+00    0.74705E-03    0.12069E+00    0.45741E-03    0.57362E-01    0.67389E-03    0.10613E+00    0.47709E-03    0.61796E-01    0.67259E-07    0.51736E-06    0.92265E-07    0.67259E-07    0.00000E+00    0.51736E-06    0.00000E+00    0.92265E-07    0.00000E+00    0.36677E-03    0.00000E+00    0.10172E-02    0.00000E+00    0.42957E-03    0.00000E+00    0.25650E-03    0.00000E+00    0.71219E-03    0.00000E+00    0.28182E-03    0.00000E+00    0.15920E-07    0.16692E-07    0.16023E-07    0.00000E+00    0.15920E-01    0.00000E+00    0.16692E-01    0.00000E+00    0.16023E-01    0.10333E-02    0.17844E+00    0.77960E-03    0.18271E+00    0.10032E-02    0.17901E+00    0.72013E-03    0.13237E+00    0.65474E-03    0.15919E+00    0.71142E-03    0.13595E+00
37100  10    0.47306E-07    0.18243E-06    0.59590E-07    0.40441E-07    0.68649E-02    0.17137E-06    0.11067E-01    0.52343E-07    0.72469E-02    0.73488E-03    0.11717E+00    0.88072E-03    0.14877E+00    0.74931E-03    0.12039E+00    0.46630E-03    0.57219E-01    0.68055E-03    0.10586E+00    0.48578E-03    0.61641E-01    0.71366E-07    0.51410E-06    0.95962E-07    0.71366E-07    0.00000E+00    0.51410E-06    0.00000E+00    0.95962E-07    0.00000E+00    0.37780E-03    0.00000E+00    0.10140E-02    0.00000E+00    0.43809E-03    0.00000E+00    0.27111E-03    0.00000E+00    0.69010E-03    0.00000E+00    0.29438E-03    0.00000E+00    0.15842E-07    0.16600E-07    0.15943E-07    0.00000E+00    0.15842E-01    0.00000E+00    0.16600E-01    0.00000E+00    0.15943E-01    0.10294E-02    0.17800E+00    0.80586E-03    0.18221E+00    0.10025E-02    0.17857E+00    0.72155E-03    0.13204E+00    0.67577E-03    0.15879E+00    0.71545E-03    0.13561E+00
37200  11    0.27908E-06    0.23760E-06    0.27531E-06    0.27222E-06    0.68633E-02    0.22655E-06    0.11052E-01    0.26806E-06    0.72442E-02    0.12161E-02    0.11716E+00    0.13642E-02    0.14868E+00    0.12303E-02    0.12037E+00    0.99015E-03    0.57210E-01    0.11742E-02    0.10588E+00    0.10069E-02    0.61634E-01    0.48038E-06    0.67965E-06    0.49145E-06    0.48038E-06    0.00000E+00    0.67965E-06    0.00000E+00    0.49145E-06    0.00000E+00    0.98019E-03    0.00000E+00    0.11659E-02    0.00000E+00    0.99142E-03    0.00000E+00    0.82396E-03    0.00000E+00    0.95412E-03    0.00000E+00    0.83119E-03    0.00000E+00    0.15838E-07    0.16578E-07    0.15937E-07    0.00000E+00    0.15838E-01    0.00000E+00    0.16578E-01    0.00000E+00    0.15937E-01    0.14684E-02    0.17798E+00    0.14533E-02    0.18209E+00    0.14664E-02    0.17853E+00    0.12075E-02    0.13202E+00    0.12842E-02    0.15882E+00    0.12177E-02    0.13560E+00
37300  12    0.44310E-07    0.18102E-06    0.56738E-07    0.37522E-07    0.67882E-02    0.17010E-06    0.10920E-01    0.49575E-07    0.71638E-02    0.72192E-03    0.11652E+00    0.85841E-03    0.14779E+00    0.73538E-03    0.11970E+00    0.45214E-03    0.56896E-01    0.66671E-03    0.10521E+00    0.47164E-03    0.61289E-01    0.66215E-07    0.51030E-06    0.90887E-07    0.66215E-07    0.00000E+00    0.51030E-06    0.00000E+00    0.90887E-07    0.00000E+00    0.36391E-03    0.00000E+00    0.10103E-02    0.00000E+00    0.42635E-03    0.00000E+00    0.25551E-03    0.00000E+00    0.70644E-03    0.00000E+00    0.28056E-03    0.00000E+00    0.15665E-07    0.16380E-07    0.15760E-07    0.00000E+00    0.15665E-01    0.00000E+00    0.16380E-01    0.00000E+00    0.15760E-01    0.10147E-02    0.17700E+00    0.77136E-03    0.18100E+00    0.98569E-03    0.17754E+00    0.70926E-03    0.13130E+00    0.64684E-03    0.15782E+00    0.70093E-03    0.13484E+00
37400  13    0.44988E-07    0.17276E-06    0.56603E-07    0.38245E-07    0.67431E-02    0.16191E-06    0.10847E-01    0.49487E-07    0.71162E-02    0.72729E-03    0.11613E+00    0.86937E-03    0.14729E+00    0.74133E-03    0.11930E+00    0.45488E-03    0.56716E-01    0.67090E-03    0.10487E+00    0.47452E-03    0.61094E-01    0.67491E-07    0.48573E-06    0.90726E-07    0.67491E-07    0.00000E+00    0.48573E-06    0.00000E+00    0.90726E-07    0.00000E+00    0.36740E-03    0.00000E+00    0.98562E-03    0.00000E+00    0.42597E-03    0.00000E+00    0.25609E-03    0.00000E+00    0.67629E-03    0.00000E+00    0.27943E-03    0.00000E+00    0.15561E-07    0.16271E-07    0.15656E-07    0.00000E+00    0.15561E-01    0.00000E+00    0.16271E-01    0.00000E+00    0.15656E-01    0.10218E-02    0.17641E+00    0.80497E-03    0.18039E+00    0.99565E-03    0.17695E+00    0.71483E-03    0.13088E+00    0.66821E-03    0.15731E+00    0.70861E-03    0.13441E+00
37500  14    0.43919E-07    0.18046E-06    0.56332E-07    0.37212E-07    0.67077E-02    0.16968E-06    0.10771E-01    0.49255E-07    0.70772E-02    0.71506E-03    0.11583E+00    0.85143E-03    0.14677E+00    0.72852E-03    0.11897E+00    0.44885E-03    0.56562E-01    0.66094E-03    0.10454E+00    0.46813E-03    0.60924E-01    0.65667E-07    0.50905E-06    0.90300E-07    0.65667E-07    0.00000E+00    0.50905E-06    0.00000E+00    0.90300E-07    0.00000E+00    0.36240E-03    0.00000E+00    0.10090E-02    0.00000E+00    0.42497E-03    0.00000E+00    0.25415E-03    0.00000E+00    0.70779E-03    0.00000E+00    0.27935E-03    0.00000E+00    0.15479E-07    0.16157E-07    0.15570E-07    0.00000E+00    0.15479E-01    0.00000E+00    0.16157E-01    0.00000E+00    0.15570E-01    0.10041E-02    0.17595E+00    0.76049E-03    0.17976E+00    0.97514E-03    0.17646E+00    0.70346E-03    0.13053E+00    0.63752E-03    0.15682E+00    0.69467E-03    0.13403E+00
37600  15    0.44180E-07    0.18442E-06    0.56930E-07    0.37514E-07    0.66664E-02    0.17373E-06    0.10696E-01    0.49897E-07    0.70327E-02    0.70624E-03    0.11547E+00    0.84207E-03    0.14626E+00    0.71965E-03    0.11860E+00    0.44743E-03    0.56388E-01    0.65369E-03    0.10420E+00    0.46618E-03    0.60735E-01    0.66201E-07    0.52118E-06    0.91478E-07    0.66201E-07    0.00000E+00    0.52118E-06    0.00000E+00    0.91478E-07    0.00000E+00    0.36387E-03    0.00000E+00    0.10210E-02    0.00000E+00    0.42773E-03    0.00000E+00    0.25848E-03    0.00000E+00    0.72138E-03    0.00000E+00    0.28419E-03    0.00000E+00    0.15384E-07    0.16043E-07    0.15472E-07    0.00000E+00    0.15384E-01    0.00000E+00    0.16043E-01    0.00000E+00    0.15472E-01    0.98888E-03    0.17541E+00    0.73651E-03    0.17913E+00    0.95907E-03    0.17591E+00    0.69452E-03    0.13013E+00    0.61984E-03    0.15631E+00    0.68456E-03    0.13362E+00
37700  16    0.20158E-06    0.42453E-06    0.22185E-06    0.19501E-06    0.65656E-02    0.41401E-06    0.10513E-01    0.21492E-06    0.69244E-02    0.97549E-03    0.11459E+00    0.10865E-02    0.14500E+00    0.98610E-03    0.11768E+00    0.77638E-03    0.55965E-01    0.87053E-03    0.10333E+00    0.78494E-03    0.60271E-01    0.34414E-06    0.12420E-05    0.39402E-06    0.34414E-06    0.00000E+00    0.12420E-05    0.00000E+00    0.39402E-06    0.00000E+00    0.82963E-03    0.00000E+00    0.15761E-02    0.00000E+00    0.88772E-03    0.00000E+00    0.67368E-03    0.00000E+00    0.13637E-02    0.00000E+00    0.71202E-03    0.00000E+00    0.15151E-07    0.15769E-07    0.15234E-07    0.00000E+00    0.15151E-01    0.00000E+00    0.15769E-01    0.00000E+00    0.15234E-01    0.11384E-02    0.17408E+00    0.72713E-03    0.17759E+00    0.10925E-02    0.17455E+00    0.91068E-03    0.12915E+00    0.62395E-03    0.15500E+00    0.87245E-03    0.13260E+00
37800  17    0.43323E-07    0.17527E-06    0.55319E-07    0.36720E-07    0.66039E-02    0.16469E-06    0.10580E-01    0.48353E-07    0.69653E-02    0.70546E-03    0.11493E+00    0.84335E-03    0.14546E+00    0.71908E-03    0.11803E+00    0.44449E-03    0.56118E-01    0.65371E-03    0.10366E+00    0.46351E-03    0.60440E-01    0.64799E-07    0.49408E-06    0.88648E-07    0.64799E-07    0.00000E+00    0.49408E-06    0.00000E+00    0.88648E-07    0.00000E+00    0.36000E-03    0.00000E+00    0.99406E-03    0.00000E+00    0.42107E-03    0.00000E+00    0.25256E-03    0.00000E+00    0.69558E-03    0.00000E+00    0.27717E-03    0.00000E+00    0.15240E-07    0.15870E-07    0.15324E-07    0.00000E+00    0.15240E-01    0.00000E+00    0.15870E-01    0.00000E+00    0.15324E-01    0.98944E-03    0.17458E+00    0.75682E-03    0.17815E+00    0.96168E-03    0.17506E+00    0.69548E-03    0.12950E+00    0.63278E-03    0.15548E+00    0.68712E-03    0.13297E+00
37900  18    0.44972E-07    0.18989E-06    0.58146E-07    0.38425E-07    0.65473E-02    0.17941E-06    0.10479E-01    0.51241E-07    0.69047E-02    0.69562E-03    0.11443E+00    0.82983E-03    0.14477E+00    0.70887E-03    0.11751E+00    0.44451E-03    0.55882E-01    0.64373E-03    0.10321E+00    0.46262E-03    0.60184E-01    0.67808E-07    0.53822E-06    0.93943E-07    0.67808E-07    0.00000E+00    0.53822E-06    0.00000E+00    0.93943E-07    0.00000E+00    0.36826E-03    0.00000E+00    0.10375E-02    0.00000E+00    0.43346E-03    0.00000E+00    0.26003E-03    0.00000E+00    0.74701E-03    0.00000E+00    0.28709E-03    0.00000E+00    0.15109E-07    0.15718E-07    0.15190E-07    0.00000E+00    0.15109E-01    0.00000E+00    0.15718E-01    0.00000E+00    0.15190E-01    0.96919E-03    0.17383E+00    0.70335E-03    0.17730E+00    0.93810E-03    0.17430E+00    0.68574E-03    0.12896E+00    0.59209E-03    0.15481E+00    0.67326E-03    0.13240E+00
38000  19    0.43684E-07    0.16531E-06    0.54741E-07    0.37162E-07    0.65217E-02    0.15488E-06    0.10432E-01    0.47863E-07    0.68772E-02    0.70535E-03    0.11421E+00    0.84709E-03    0.14445E+00    0.71939E-03    0.11728E+00    0.44485E-03    0.55763E-01    0.65257E-03    0.10297E+00    0.46373E-03    0.60054E-01    0.65580E-07    0.46463E-06    0.87749E-07    0.65580E-07    0.00000E+00    0.46463E-06    0.00000E+00    0.87749E-07    0.00000E+00    0.36216E-03    0.00000E+00    0.96398E-03    0.00000E+00    0.41893E-03    0.00000E+00    0.25300E-03    0.00000E+00    0.66218E-03    0.00000E+00    0.27574E-03    0.00000E+00    0.15050E-07    0.15649E-07    0.15130E-07    0.00000E+00    0.15050E-01    0.00000E+00    0.15649E-01    0.00000E+00    0.15130E-01    0.98824E-03    0.17349E+00    0.78212E-03    0.17691E+00    0.96331E-03    0.17395E+00    0.69572E-03    0.12868E+00    0.64777E-03    0.15445E+00    0.68933E-03    0.13212E+00
38100  20    0.43672E-07    0.18332E-06    0.56367E-07    0.37190E-07    0.64824E-02    0.17296E-06    0.10360E-01    0.49533E-07    0.68349E-02    0.68982E-03    0.11386E+00    0.82504E-03    0.14394E+00    0.70319E-03    0.11692E+00    0.44013E-03    0.55590E-01    0.64015E-03    0.10261E+00    0.45832E-03    0.59865E-01    0.65629E-07    0.51888E-06    0.90810E-07    0.65629E-07    0.00000E+00    0.51888E-06    0.00000E+00    0.90810E-07    0.00000E+00    0.36230E-03    0.00000E+00    0.10187E-02    0.00000E+00    0.42617E-03    0.00000E+00    0.25576E-03    0.00000E+00    0.72874E-03    0.00000E+00    0.28204E-03    0.00000E+00    0.14959E-07    0.15539E-07    0.15037E-07    0.00000E+00    0.14959E-01    0.00000E+00    0.15539E-01    0.00000E+00    0.15037E-01    0.96253E-03    0.17297E+00    0.70864E-03    0.17629E+00    0.93268E-03    0.17342E+00    0.68123E-03    0.12828E+00    0.59586E-03    0.15392E+00    0.66985E-03    0.13170E+00
38200  21    0.11568E-06    0.30956E-06    0.13331E-06    0.10927E-06    0.64109E-02    0.29936E-06    0.10206E-01    0.12655E-06    0.67559E-02    0.80272E-03    0.11323E+00    0.91004E-03    0.14287E+00    0.81307E-03    0.11624E+00    0.60140E-03    0.55285E-01    0.70972E-03    0.10191E+00    0.61125E-03    0.59523E-01    0.19283E-06    0.89807E-06    0.23201E-06    0.19283E-06    0.00000E+00    0.89807E-06    0.00000E+00    0.23201E-06    0.00000E+00    0.62102E-03    0.00000E+00    0.13402E-02    0.00000E+00    0.68119E-03    0.00000E+00    0.48949E-03    0.00000E+00    0.11433E-02    0.00000E+00    0.52581E-03    0.00000E+00    0.14794E-07    0.15308E-07    0.14863E-07    0.00000E+00    0.14794E-01    0.00000E+00    0.15308E-01    0.00000E+00    0.14863E-01    0.99130E-03    0.17201E+00    0.58667E-03    0.17498E+00    0.94738E-03    0.17241E+00    0.74774E-03    0.12758E+00    0.49293E-03    0.15286E+00    0.71376E-03    0.13095E+00
38300  22    0.37602E-06    0.21844E-06    0.36169E-06    0.36953E-06    0.64854E-02    0.20807E-06    0.10373E-01    0.35485E-06    0.68387E-02    0.13651E-02    0.11389E+00    0.15329E-02    0.14403E+00    0.13812E-02    0.11695E+00    0.10838E-02    0.55623E-01    0.13016E-02    0.10264E+00    0.11036E-02    0.59898E-01    0.65211E-06    0.62422E-06    0.65056E-06    0.65211E-06    0.00000E+00    0.62422E-06    0.00000E+00    0.65056E-06    0.00000E+00    0.11420E-02    0.00000E+00    0.11173E-02    0.00000E+00    0.11407E-02    0.00000E+00    0.91131E-03    0.00000E+00    0.10492E-02    0.00000E+00    0.91897E-03    0.00000E+00    0.14966E-07    0.15559E-07    0.15045E-07    0.00000E+00    0.14966E-01    0.00000E+00    0.15559E-01    0.00000E+00    0.15045E-01    0.16108E-02    0.17301E+00    0.17031E-02    0.17640E+00    0.16234E-02    0.17347E+00    0.13093E-02    0.12836E+00    0.14278E-02    0.15397E+00    0.13251E-02    0.13178E+00
38400  23    0.42298E-07    0.17162E-06    0.54055E-07    0.35919E-07    0.63792E-02    0.16146E-06    0.10169E-01    0.47331E-07    0.67237E-02    0.68265E-03    0.11295E+00    0.82380E-03    0.14261E+00    0.69666E-03    0.11596E+00    0.43595E-03    0.55145E-01    0.63720E-03    0.10168E+00    0.45424E-03    0.59375E-01    0.63386E-07    0.48437E-06    0.86774E-07    0.63386E-07    0.00000E+00    0.48437E-06    0.00000E+00    0.86774E-07    0.00000E+00    0.35605E-03    0.00000E+00    0.98424E-03    0.00000E+00    0.41659E-03    0.00000E+00    0.25160E-03    0.00000E+00    0.69155E-03    0.00000E+00    0.27604E-03    0.00000E+00    0.14721E-07    0.15253E-07    0.14792E-07    0.00000E+00    0.14721E-01    0.00000E+00    0.15253E-01    0.00000E+00    0.14792E-01    0.95374E-03    0.17159E+00    0.73049E-03    0.17466E+00    0.92709E-03    0.17200E+00    0.67701E-03    0.12726E+00    0.61003E-03    0.15252E+00    0.66808E-03    0.13062E+00
38500  24    0.31202E-06    0.19129E-06    0.30105E-06    0.30562E-06    0.64035E-02    0.18107E-06    0.10220E-01    0.29430E-06    0.67504E-02    0.12653E-02    0.11317E+00    0.14353E-02    0.14297E+00    0.12817E-02    0.11619E+00    0.99169E-03    0.55284E-01    0.12094E-02    0.10189E+00    0.10115E-02    0.59521E-01    0.53933E-06    0.54320E-06    0.53954E-06    0.53933E-06    0.00000E+00    0.54320E-06    0.00000E+00    0.53954E-06    0.00000E+00    0.10386E-02    0.00000E+00    0.10423E-02    0.00000E+00    0.10388E-02    0.00000E+00    0.82484E-03    0.00000E+00    0.97159E-03    0.00000E+00    0.83299E-03    0.00000E+00    0.14777E-07    0.15330E-07    0.14851E-07    0.00000E+00    0.14777E-01    0.00000E+00    0.15330E-01    0.00000E+00    0.14851E-01    0.15114E-02    0.17191E+00    0.15959E-02    0.17510E+00    0.15229E-02    0.17234E+00    0.12099E-02    0.12758E+00    0.13283E-02    0.15283E+00    0.12257E-02    0.13095E+00
38600  25    0.43824E-07    0.18030E-06    0.56231E-07    0.37531E-07    0.62929E-02    0.17028E-06    0.10012E-01    0.49600E-07    0.66310E-02    0.67649E-03    0.11219E+00    0.80759E-03    0.14151E+00    0.68943E-03    0.11516E+00    0.43551E-03    0.54769E-01    0.62504E-03    0.10090E+00    0.45274E-03    0.58963E-01    0.66232E-07    0.51085E-06    0.90933E-07    0.66232E-07    0.00000E+00    0.51085E-06    0.00000E+00    0.90933E-07    0.00000E+00    0.36396E-03    0.00000E+00    0.10108E-02    0.00000E+00    0.42646E-03    0.00000E+00    0.25574E-03    0.00000E+00    0.73037E-03    0.00000E+00    0.28211E-03    0.00000E+00    0.14522E-07    0.15018E-07    0.14588E-07    0.00000E+00    0.14522E-01    0.00000E+00    0.15018E-01    0.00000E+00    0.14588E-01    0.93960E-03    0.17042E+00    0.68370E-03    0.17331E+00    0.90965E-03    0.17081E+00    0.67059E-03    0.12639E+00    0.57237E-03    0.15135E+00    0.65750E-03    0.12972E+00
38700  26    0.41801E-07    0.17066E-06    0.53515E-07    0.35529E-07    0.62721E-02    0.16068E-06    0.99788E-02    0.46906E-07    0.66091E-02    0.67257E-03    0.11200E+00    0.81100E-03    0.14127E+00    0.68631E-03    0.11497E+00    0.43084E-03    0.54685E-01    0.62757E-03    0.10071E+00    0.44872E-03    0.58869E-01    0.62698E-07    0.48204E-06    0.85994E-07    0.62698E-07    0.00000E+00    0.48204E-06    0.00000E+00    0.85994E-07    0.00000E+00    0.35411E-03    0.00000E+00    0.98187E-03    0.00000E+00    0.41472E-03    0.00000E+00    0.24874E-03    0.00000E+00    0.69695E-03    0.00000E+00    0.27364E-03    0.00000E+00    0.14474E-07    0.14968E-07    0.14540E-07    0.00000E+00    0.14474E-01    0.00000E+00    0.14968E-01    0.00000E+00    0.14540E-01    0.93803E-03    0.17014E+00    0.71031E-03    0.17302E+00    0.91096E-03    0.17053E+00    0.66897E-03    0.12620E+00    0.59288E-03    0.15107E+00    0.65882E-03    0.12951E+00
38800  27    0.42696E-07    0.16175E-06    0.53519E-07    0.36469E-07    0.62266E-02    0.15185E-06    0.99008E-02    0.46958E-07    0.65607E-02    0.68135E-03    0.11159E+00    0.81904E-03    0.14072E+00    0.69500E-03    0.11455E+00    0.43621E-03    0.54504E-01    0.63434E-03    0.10035E+00    0.45422E-03    0.58672E-01    0.64357E-07    0.45554E-06    0.86090E-07    0.64357E-07    0.00000E+00    0.45554E-06    0.00000E+00    0.86090E-07    0.00000E+00    0.35877E-03    0.00000E+00    0.95451E-03    0.00000E+00    0.41495E-03    0.00000E+00    0.25110E-03    0.00000E+00    0.67235E-03    0.00000E+00    0.27451E-03    0.00000E+00    0.14369E-07    0.14851E-07    0.14433E-07    0.00000E+00    0.14369E-01    0.00000E+00    0.14851E-01    0.00000E+00    0.14433E-01    0.95027E-03    0.16952E+00    0.74210E-03    0.17234E+00    0.92522E-03    0.16990E+00    0.67828E-03    0.12578E+00    0.61534E-03    0.15052E+00    0.66988E-03    0.12908E+00
38900  0    0.42158E-07    0.15203E-06    0.52146E-07    0.35962E-07    0.61955E-02    0.14218E-06    0.98409E-02    0.45619E-07    0.65269E-02    0.67973E-03    0.11132E+00    0.80610E-03    0.14029E+00    0.69218E-03    0.11425E+00    0.43339E-03    0.54361E-01    0.62156E-03    0.99991E-01    0.45050E-03    0.58509E-01    0.63463E-07    0.42655E-06    0.83634E-07    0.63463E-07    0.00000E+00    0.42655E-06    0.00000E+00    0.83634E-07    0.00000E+00    0.35627E-03    0.00000E+00    0.92364E-03    0.00000E+00    0.40899E-03    0.00000E+00    0.24950E-03    0.00000E+00    0.64147E-03    0.00000E+00    0.27128E-03    0.00000E+00    0.14297E-07    0.14761E-07    0.14359E-07    0.00000E+00    0.14297E-01    0.00000E+00    0.14761E-01    0.00000E+00    0.14359E-01    0.94882E-03    0.16910E+00    0.74037E-03    0.17182E+00    0.92375E-03    0.16947E+00    0.67386E-03    0.12545E+00    0.61161E-03    0.14999E+00    0.66556E-03    0.12872E+00
39000  1    0.46960E-07    0.16899E-06    0.58053E-07    0.40803E-07    0.61573E-02    0.15922E-06    0.97702E-02    0.51568E-07    0.64857E-02    0.68771E-03    0.11097E+00    0.80520E-03    0.13979E+00    0.69921E-03    0.11389E+00    0.45165E-03    0.54187E-01    0.62202E-03    0.99636E-01    0.46714E-03    0.58319E-01    0.72005E-07    0.47765E-06    0.94540E-07    0.72005E-07    0.00000E+00    0.47765E-06    0.00000E+00    0.94540E-07    0.00000E+00    0.37949E-03    0.00000E+00    0.97740E-03    0.00000E+00    0.43483E-03    0.00000E+00    0.27034E-03    0.00000E+00    0.70591E-03    0.00000E+00    0.29454E-03    0.00000E+00    0.14209E-07    0.14655E-07    0.14269E-07    0.00000E+00    0.14209E-01    0.00000E+00    0.14655E-01    0.00000E+00    0.14269E-01    0.95032E-03    0.16858E+00    0.70347E-03    0.17120E+00    0.92124E-03    0.16893E+00    0.68875E-03    0.12505E+00    0.58007E-03    0.14945E+00    0.67426E-03    0.12830E+00
39100  2    0.41011E-07    0.16347E-06    0.52144E-07    0.34894E-07    0.61171E-02    0.15377E-06    0.96948E-02    0.45701E-07    0.64423E-02    0.66093E-03    0.11061E+00    0.79619E-03    0.13925E+00    0.67435E-03    0.11351E+00    0.42594E-03    0.54015E-01    0.61554E-03    0.99264E-01    0.44318E-03    0.58129E-01    0.61578E-07    0.46132E-06    0.83786E-07    0.61578E-07    0.00000E+00    0.46132E-06    0.00000E+00    0.83786E-07    0.00000E+00    0.35093E-03    0.00000E+00    0.96054E-03    0.00000E+00    0.40935E-03    0.00000E+00    0.24691E-03    0.00000E+00    0.68168E-03    0.00000E+00    0.27107E-03    0.00000E+00    0.14116E-07    0.14542E-07    0.14173E-07    0.00000E+00    0.14116E-01    0.00000E+00    0.14542E-01    0.00000E+00    0.14173E-01    0.92033E-03    0.16803E+00    0.69968E-03    0.17054E+00    0.89407E-03    0.16836E+00    0.66006E-03    0.12465E+00    0.58247E-03    0.14890E+00    0.64971E-03    0.12788E+00
39200  3    0.41335E-07    0.15982E-06    0.52107E-07    0.35249E-07    0.60860E-02    0.15018E-06    0.96442E-02    0.45697E-07    0.64095E-02    0.65974E-03    0.11033E+00    0.80272E-03    0.13888E+00    0.67399E-03    0.11322E+00    0.42793E-03    0.53879E-01    0.62234E-03    0.98982E-01    0.44560E-03    0.57980E-01    0.62204E-07    0.45054E-06    0.83778E-07    0.62204E-07    0.00000E+00    0.45054E-06    0.00000E+00    0.83778E-07    0.00000E+00    0.35272E-03    0.00000E+00    0.94925E-03    0.00000E+00    0.40934E-03    0.00000E+00    0.25080E-03    0.00000E+00    0.66197E-03    0.00000E+00    0.27365E-03    0.00000E+00    0.14045E-07    0.14466E-07    0.14101E-07    0.00000E+00    0.14045E-01    0.00000E+00    0.14466E-01    0.00000E+00    0.14101E-01    0.91746E-03    0.16760E+00    0.71834E-03    0.17010E+00    0.89348E-03    0.16793E+00    0.65955E-03    0.12434E+00    0.60253E-03    0.14847E+00    0.65195E-03    0.12756E+00
39300  0    0.12513E-06    0.14365E-06    0.12681E-06    0.11903E-06    0.60948E-02    0.13402E-06    0.96349E-02    0.12039E-06    0.64167E-02    0.91272E-03    0.11041E+00    0.95370E-03    0.13882E+00    0.91652E-03    0.11328E+00    0.69371E-03    0.53938E-01    0.78300E-03    0.98780E-01    0.70182E-03    0.58015E-01    0.21005E-06    0.40206E-06    0.22072E-06    0.21005E-06    0.00000E+00    0.40206E-06    0.00000E+00    0.22072E-06    0.00000E+00    0.64816E-03    0.00000E+00    0.89672E-03    0.00000E+00    0.66441E-03    0.00000E+00    0.53703E-03    0.00000E+00    0.74918E-03    0.00000E+00    0.54882E-03    0.00000E+00    0.14065E-07    0.14452E-07    0.14117E-07    0.00000E+00    0.14065E-01    0.00000E+00    0.14452E-01    0.00000E+00    0.14117E-01    0.11718E-02    0.16772E+00    0.98095E-03    0.17001E+00    0.11482E-02    0.16803E+00    0.89859E-03    0.12447E+00    0.79990E-03    0.14817E+00    0.88543E-03    0.12763E+00
39400  0    0.44120E-07    0.13774E-06    0.52631E-07    0.38089E-07    0.60303E-02    0.12820E-06    0.95428E-02    0.46281E-07    0.63496E-02    0.68160E-03    0.10982E+00    0.82277E-03    0.13815E+00    0.69562E-03    0.11269E+00    0.43373E-03    0.53646E-01    0.63413E-03    0.98412E-01    0.45195E-03    0.57716E-01    0.67217E-07    0.38460E-06    0.84849E-07    0.67217E-07    0.00000E+00    0.38460E-06    0.00000E+00    0.84849E-07    0.00000E+00    0.36665E-03    0.00000E+00    0.87704E-03    0.00000E+00    0.41194E-03    0.00000E+00    0.25109E-03    0.00000E+00    0.60786E-03    0.00000E+00    0.27091E-03    0.00000E+00    0.13916E-07    0.14314E-07    0.13969E-07    0.00000E+00    0.13916E-01    0.00000E+00    0.14314E-01    0.00000E+00    0.13969E-01    0.94673E-03    0.16683E+00    0.79424E-03    0.16920E+00    0.92785E-03    0.16715E+00    0.67257E-03    0.12380E+00    0.64726E-03    0.14762E+00    0.66919E-03    0.12697E+00
39500  1    0.40250E-07    0.15339E-06    0.50535E-07    0.34270E-07    0.59803E-02    0.14393E-06    0.94570E-02    0.44239E-07    0.62964E-02    0.65581E-03    0.10936E+00    0.79498E-03    0.13753E+00    0.66965E-03    0.11222E+00    0.42207E-03    0.53435E-01    0.61144E-03    0.97964E-01    0.43929E-03    0.57483E-01    0.60476E-07    0.43179E-06    0.81105E-07    0.60476E-07    0.00000E+00    0.43179E-06    0.00000E+00    0.81105E-07    0.00000E+00    0.34778E-03    0.00000E+00    0.92929E-03    0.00000E+00    0.40275E-03    0.00000E+00    0.24290E-03    0.00000E+00    0.65224E-03    0.00000E+00    0.26564E-03    0.00000E+00    0.13801E-07    0.14185E-07    0.13852E-07    0.00000E+00    0.13801E-01    0.00000E+00    0.14185E-01    0.00000E+00    0.13852E-01    0.91341E-03    0.16614E+00    0.71846E-03    0.16844E+00    0.88989E-03    0.16645E+00    0.65637E-03    0.12331E+00    0.59104E-03    0.14695E+00    0.64766E-03    0.12646E+00
39600  2    0.58492E-07    0.16484E-06    0.68160E-07    0.52557E-07    0.59354E-02    0.15543E-06    0.94094E-02    0.61909E-07    0.62512E-02    0.68705E-03    0.10895E+00    0.87616E-03    0.13718E+00    0.70633E-03    0.11181E+00    0.47806E-03    0.53262E-01    0.69481E-03    0.97743E-01    0.49776E-03    0.57306E-01    0.92747E-07    0.46630E-06    0.11350E-06    0.92747E-07    0.00000E+00    0.46630E-06    0.00000E+00    0.11350E-06    0.00000E+00    0.43069E-03    0.00000E+00    0.96571E-03    0.00000E+00    0.47644E-03    0.00000E+00    0.31959E-03    0.00000E+00    0.64757E-03    0.00000E+00    0.33781E-03    0.00000E+00    0.13697E-07    0.14114E-07    0.13753E-07    0.00000E+00    0.13697E-01    0.00000E+00    0.14114E-01    0.00000E+00    0.13753E-01    0.92018E-03    0.16551E+00    0.82776E-03    0.16801E+00    0.90840E-03    0.16585E+00    0.68529E-03    0.12291E+00    0.71843E-03    0.14662E+00    0.68970E-03    0.12607E+00
39700  3    0.39746E-07    0.15347E-06    0.50084E-07    0.33835E-07    0.59117E-02    0.14413E-06    0.93332E-02    0.43862E-07    0.62228E-02    0.64630E-03    0.10874E+00    0.78546E-03    0.13662E+00    0.66016E-03    0.11156E+00    0.41850E-03    0.53151E-01    0.60571E-03    0.97281E-01    0.43552E-03    0.57162E-01    0.59708E-07    0.43240E-06    0.80413E-07    0.59708E-07    0.00000E+00    0.43240E-06    0.00000E+00    0.80413E-07    0.00000E+00    0.34557E-03    0.00000E+00    0.92994E-03    0.00000E+00    0.40103E-03    0.00000E+00    0.24208E-03    0.00000E+00    0.65582E-03    0.00000E+00    0.26506E-03    0.00000E+00    0.13642E-07    0.14000E-07    0.13690E-07    0.00000E+00    0.13642E-01    0.00000E+00    0.14000E-01    0.00000E+00    0.13690E-01    0.89876E-03    0.16518E+00    0.70215E-03    0.16733E+00    0.87510E-03    0.16547E+00    0.64921E-03    0.12266E+00    0.58065E-03    0.14592E+00    0.64007E-03    0.12576E+00
39800  4    0.41682E-07    0.13876E-06    0.50508E-07    0.35798E-07    0.58844E-02    0.12947E-06    0.92966E-02    0.44313E-07    0.61946E-02    0.66257E-03    0.10848E+00    0.80087E-03    0.13636E+00    0.67631E-03    0.11131E+00    0.42527E-03    0.53040E-01    0.61812E-03    0.97038E-01    0.44281E-03    0.57039E-01    0.63173E-07    0.38840E-06    0.81241E-07    0.63173E-07    0.00000E+00    0.38840E-06    0.00000E+00    0.81241E-07    0.00000E+00    0.35545E-03    0.00000E+00    0.88136E-03    0.00000E+00    0.40309E-03    0.00000E+00    0.24548E-03    0.00000E+00    0.61717E-03    0.00000E+00    0.26613E-03    0.00000E+00    0.13579E-07    0.13945E-07    0.13628E-07    0.00000E+00    0.13579E-01    0.00000E+00    0.13945E-01    0.00000E+00    0.13628E-01    0.92079E-03    0.16480E+00    0.75742E-03    0.16700E+00    0.90072E-03    0.16509E+00    0.66040E-03    0.12240E+00    0.61859E-03    0.14556E+00    0.65482E-03    0.12549E+00
39900  5    0.39412E-07    0.15172E-06    0.49622E-07    0.33559E-07    0.58527E-02    0.14249E-06    0.92292E-02    0.43462E-07    0.61596E-02    0.64166E-03    0.10819E+00    0.78062E-03    0.13586E+00    0.65551E-03    0.11099E+00    0.41626E-03    0.52910E-01    0.60170E-03    0.96675E-01    0.43312E-03    0.56889E-01    0.59222E-07    0.42747E-06    0.79680E-07    0.59222E-07    0.00000E+00    0.42747E-06    0.00000E+00    0.79680E-07    0.00000E+00    0.34416E-03    0.00000E+00    0.92463E-03    0.00000E+00    0.39920E-03    0.00000E+00    0.24105E-03    0.00000E+00    0.65172E-03    0.00000E+00    0.26387E-03    0.00000E+00    0.13506E-07    0.13844E-07    0.13551E-07    0.00000E+00    0.13506E-01    0.00000E+00    0.13844E-01    0.00000E+00    0.13551E-01    0.89176E-03    0.16435E+00    0.69756E-03    0.16640E+00    0.86838E-03    0.16463E+00    0.64538E-03    0.12210E+00    0.57669E-03    0.14501E+00    0.63622E-03    0.12515E+00
40000  6    0.42149E-07    0.14963E-06    0.51920E-07    0.36334E-07    0.58148E-02    0.14047E-06    0.91586E-02    0.45801E-07    0.61188E-02    0.65150E-03    0.10784E+00    0.76303E-03    0.13534E+00    0.66241E-03    0.11062E+00    0.42692E-03    0.52752E-01    0.58673E-03    0.96270E-01    0.44145E-03    0.56708E-01    0.64119E-07    0.42140E-06    0.83969E-07    0.64119E-07    0.00000E+00    0.42140E-06    0.00000E+00    0.83969E-07    0.00000E+00    0.35810E-03    0.00000E+00    0.91805E-03    0.00000E+00    0.40980E-03    0.00000E+00    0.25093E-03    0.00000E+00    0.66132E-03    0.00000E+00    0.27373E-03    0.00000E+00    0.13419E-07    0.13738E-07    0.13461E-07    0.00000E+00    0.13419E-01    0.00000E+00    0.13738E-01    0.00000E+00    0.13461E-01    0.90100E-03    0.16382E+00    0.67225E-03    0.16576E+00    0.87397E-03    0.16408E+00    0.65706E-03    0.12174E+00    0.54943E-03    0.14440E+00    0.64271E-03    0.12476E+00
40100  7    0.56642E-07    0.18948E-06    0.68718E-07    0.50871E-07    0.57712E-02    0.18042E-06    0.90626E-02    0.62648E-07    0.60704E-02    0.64946E-03    0.10744E+00    0.77053E-03    0.13463E+00    0.66139E-03    0.11019E+00    0.46215E-03    0.52559E-01    0.60593E-03    0.95714E-01    0.47522E-03    0.56482E-01    0.89772E-07    0.54125E-06    0.11485E-06    0.89772E-07    0.00000E+00    0.54125E-06    0.00000E+00    0.11485E-06    0.00000E+00    0.42373E-03    0.00000E+00    0.10404E-02    0.00000E+00    0.47928E-03    0.00000E+00    0.32639E-03    0.00000E+00    0.80306E-03    0.00000E+00    0.35287E-03    0.00000E+00    0.13318E-07    0.13594E-07    0.13355E-07    0.00000E+00    0.13318E-01    0.00000E+00    0.13594E-01    0.00000E+00    0.13355E-01    0.85942E-03    0.16321E+00    0.59103E-03    0.16489E+00    0.82867E-03    0.16343E+00    0.63969E-03    0.12129E+00    0.50737E-03    0.14357E+00    0.62205E-03    0.12426E+00
40200  8    0.38915E-07    0.14943E-06    0.48962E-07    0.33162E-07    0.57538E-02    0.14038E-06    0.90569E-02    0.42908E-07    0.60541E-02    0.63298E-03    0.10727E+00    0.77100E-03    0.13459E+00    0.64674E-03    0.11004E+00    0.41284E-03    0.52492E-01    0.59460E-03    0.95664E-01    0.42937E-03    0.56417E-01    0.58521E-07    0.42113E-06    0.78665E-07    0.58521E-07    0.00000E+00    0.42113E-06    0.00000E+00    0.78665E-07    0.00000E+00    0.34211E-03    0.00000E+00    0.91774E-03    0.00000E+00    0.39665E-03    0.00000E+00    0.23966E-03    0.00000E+00    0.64920E-03    0.00000E+00    0.26241E-03    0.00000E+00    0.13278E-07    0.13585E-07    0.13319E-07    0.00000E+00    0.13278E-01    0.00000E+00    0.13585E-01    0.00000E+00    0.13319E-01    0.87838E-03    0.16296E+00    0.68595E-03    0.16484E+00    0.85523E-03    0.16321E+00    0.63932E-03    0.12114E+00    0.56730E-03    0.14350E+00    0.62971E-03    0.12412E+00
40300  9    0.64690E-07    0.18968E-06    0.76053E-07    0.58977E-07    0.57134E-02    0.18070E-06    0.89859E-02    0.70042E-07    0.60109E-02    0.66651E-03    0.10690E+00    0.83991E-03    0.13406E+00    0.68409E-03    0.10964E+00    0.49005E-03    0.52329E-01    0.67847E-03    0.95225E-01    0.50718E-03    0.56229E-01    0.10408E-06    0.54209E-06    0.12841E-06    0.10408E-06    0.00000E+00    0.54209E-06    0.00000E+00    0.12841E-06    0.00000E+00    0.45624E-03    0.00000E+00    0.10412E-02    0.00000E+00    0.50678E-03    0.00000E+00    0.36018E-03    0.00000E+00    0.76788E-03    0.00000E+00    0.38283E-03    0.00000E+00    0.13185E-07    0.13479E-07    0.13224E-07    0.00000E+00    0.13185E-01    0.00000E+00    0.13479E-01    0.00000E+00    0.13224E-01    0.86773E-03    0.16239E+00    0.71840E-03    0.16419E+00    0.84933E-03    0.16263E+00    0.65987E-03    0.12076E+00    0.63377E-03    0.14284E+00    0.65639E-03    0.12370E+00
40400  10    0.38565E-07    0.14618E-06    0.48348E-07    0.32867E-07    0.56977E-02    0.13722E-06    0.89581E-02    0.42354E-07    0.59941E-02    0.62836E-03    0.10675E+00    0.76555E-03    0.13385E+00    0.64205E-03    0.10949E+00    0.41084E-03    0.52278E-01    0.59049E-03    0.95046E-01    0.42717E-03    0.56166E-01    0.58001E-07    0.41165E-06    0.77649E-07    0.58001E-07    0.00000E+00    0.41165E-06    0.00000E+00    0.77649E-07    0.00000E+00    0.34059E-03    0.00000E+00    0.90736E-03    0.00000E+00    0.39408E-03    0.00000E+00    0.23847E-03    0.00000E+00    0.64161E-03    0.00000E+00    0.26086E-03    0.00000E+00    0.13149E-07    0.13437E-07    0.13187E-07    0.00000E+00    0.13149E-01    0.00000E+00    0.13437E-01    0.00000E+00    0.13187E-01    0.87147E-03    0.16216E+00    0.68371E-03    0.16393E+00    0.84884E-03    0.16240E+00    0.63624E-03    0.12064E+00    0.56493E-03    0.14257E+00    0.62674E-03    0.12357E+00
40500  11    0.40001E-07    0.15519E-06    0.50473E-07    0.34353E-07    0.56479E-02    0.14632E-06    0.88717E-02    0.44532E-07    0.59410E-02    0.62164E-03    0.10628E+00    0.74806E-03    0.13320E+00    0.63418E-03    0.10900E+00    0.41424E-03    0.52079E-01    0.57899E-03    0.94565E-01    0.42922E-03    0.55942E-01    0.60624E-07    0.43896E-06    0.81642E-07    0.60624E-07    0.00000E+00    0.43896E-06    0.00000E+00    0.81642E-07    0.00000E+00    0.34821E-03    0.00000E+00    0.93697E-03    0.00000E+00    0.40408E-03    0.00000E+00    0.24948E-03    0.00000E+00    0.67682E-03    0.00000E+00    0.27322E-03    0.00000E+00    0.13034E-07    0.13308E-07    0.13070E-07    0.00000E+00    0.13034E-01    0.00000E+00    0.13308E-01    0.00000E+00    0.13070E-01    0.85629E-03    0.16145E+00    0.63280E-03    0.16314E+00    0.82997E-03    0.16168E+00    0.62970E-03    0.12018E+00    0.53007E-03    0.14185E+00    0.61642E-03    0.12307E+00
40600  0    0.42112E-07    0.13432E-06    0.50495E-07    0.36487E-07    0.56249E-02    0.12549E-06    0.88316E-02    0.44578E-07    0.59164E-02    0.63935E-03    0.10606E+00    0.78452E-03    0.13290E+00    0.65388E-03    0.10878E+00    0.42009E-03    0.51997E-01    0.60659E-03    0.94301E-01    0.43704E-03    0.55842E-01    0.64389E-07    0.37647E-06    0.81727E-07    0.64389E-07    0.00000E+00    0.37647E-06    0.00000E+00    0.81727E-07    0.00000E+00    0.35886E-03    0.00000E+00    0.86772E-03    0.00000E+00    0.40429E-03    0.00000E+00    0.25094E-03    0.00000E+00    0.58334E-03    0.00000E+00    0.26941E-03    0.00000E+00    0.12980E-07    0.13247E-07    0.13016E-07    0.00000E+00    0.12980E-01    0.00000E+00    0.13247E-01    0.00000E+00    0.13016E-01    0.88029E-03    0.16112E+00    0.73942E-03    0.16277E+00    0.86283E-03    0.16134E+00    0.64128E-03    0.11999E+00    0.61821E-03    0.14145E+00    0.63820E-03    0.12285E+00
40700  1    0.38146E-07    0.14457E-06    0.47820E-07    0.32549E-07    0.55962E-02    0.13578E-06    0.87867E-02    0.41934E-07    0.58863E-02    0.62084E-03    0.10579E+00    0.75733E-03    0.13256E+00    0.63446E-03    0.10850E+00    0.40774E-03    0.51890E-01    0.58334E-03    0.94002E-01    0.42370E-03    0.55718E-01    0.57440E-07    0.40734E-06    0.76879E-07    0.57440E-07    0.00000E+00    0.40734E-06    0.00000E+00    0.76879E-07    0.00000E+00    0.33894E-03    0.00000E+00    0.90260E-03    0.00000E+00    0.39212E-03    0.00000E+00    0.23713E-03    0.00000E+00    0.64055E-03    0.00000E+00    0.25954E-03    0.00000E+00    0.12914E-07    0.13180E-07    0.12950E-07    0.00000E+00    0.12914E-01    0.00000E+00    0.13180E-01    0.00000E+00    0.12950E-01    0.85980E-03    0.16071E+00    0.67303E-03    0.16236E+00    0.83731E-03    0.16093E+00    0.63083E-03    0.11975E+00    0.55474E-03    0.14100E+00    0.62069E-03    0.12258E+00
40800  2    0.41457E-07    0.16477E-06    0.52668E-07    0.35900E-07    0.55573E-02    0.15606E-06    0.87133E-02    0.46823E-07    0.58442E-02    0.61332E-03    0.10543E+00    0.74805E-03    0.13201E+00    0.62677E-03    0.10811E+00    0.41495E-03    0.51732E-01    0.57926E-03    0.93561E-01    0.42988E-03    0.55534E-01    0.63353E-07    0.46817E-06    0.85843E-07    0.63353E-07    0.00000E+00    0.46817E-06    0.00000E+00    0.85843E-07    0.00000E+00    0.35596E-03    0.00000E+00    0.96765E-03    0.00000E+00    0.41435E-03    0.00000E+00    0.25507E-03    0.00000E+00    0.72144E-03    0.00000E+00    0.28098E-03    0.00000E+00    0.12825E-07    0.13070E-07    0.12857E-07    0.00000E+00    0.12825E-01    0.00000E+00    0.13070E-01    0.00000E+00    0.12857E-01    0.83808E-03    0.16015E+00    0.60926E-03    0.16168E+00    0.81131E-03    0.16036E+00    0.62401E-03    0.11938E+00    0.50817E-03    0.14034E+00    0.60857E-03    0.12218E+00
40900  3    0.37779E-07    0.14250E-06    0.47299E-07    0.32253E-07    0.55260E-02    0.13383E-06    0.86684E-02    0.41487E-07    0.58117E-02    0.61657E-03    0.10513E+00    0.75410E-03    0.13167E+00    0.63032E-03    0.10781E+00    0.40554E-03    0.51615E-01    0.58085E-03    0.93278E-01    0.42148E-03    0.55402E-01    0.56917E-07    0.40149E-06    0.76060E-07    0.56917E-07    0.00000E+00    0.40149E-06    0.00000E+00    0.76060E-07    0.00000E+00    0.33739E-03    0.00000E+00    0.89609E-03    0.00000E+00    0.39003E-03    0.00000E+00    0.23616E-03    0.00000E+00    0.63409E-03    0.00000E+00    0.25827E-03    0.00000E+00    0.12752E-07    0.13003E-07    0.12786E-07    0.00000E+00    0.12752E-01    0.00000E+00    0.13003E-01    0.00000E+00    0.12786E-01    0.85348E-03    0.15970E+00    0.67194E-03    0.16126E+00    0.83157E-03    0.15991E+00    0.62703E-03    0.11911E+00    0.55424E-03    0.13992E+00    0.61733E-03    0.12189E+00
41000  0    0.67211E-07    0.99430E-07    0.70140E-07    0.61670E-07    0.55406E-02    0.90749E-07    0.86807E-02    0.64314E-07    0.58261E-02    0.73409E-03    0.10527E+00    0.84946E-03    0.13176E+00    0.74531E-03    0.10795E+00    0.50117E-03    0.51703E-01    0.67181E-03    0.93239E-01    0.51668E-03    0.55479E-01    0.10883E-06    0.27225E-06    0.11791E-06    0.10883E-06    0.00000E+00    0.27225E-06    0.00000E+00    0.11791E-06    0.00000E+00    0.46654E-03    0.00000E+00    0.73790E-03    0.00000E+00    0.48561E-03    0.00000E+00    0.33850E-03    0.00000E+00    0.54773E-03    0.00000E+00    0.35012E-03    0.00000E+00    0.12786E-07    0.13021E-07    0.12817E-07    0.00000E+00    0.12786E-01    0.00000E+00    0.13021E-01    0.00000E+00    0.12817E-01    0.97926E-03    0.15991E+00    0.90007E-03    0.16138E+00    0.96907E-03    0.16011E+00    0.71389E-03    0.11931E+00    0.73385E-03    0.13986E+00    0.71655E-03    0.12205E+00
41100  1    0.37418E-07    0.13909E-06    0.46661E-07    0.31948E-07    0.54695E-02    0.13052E-06    0.85681E-02    0.40909E-07    0.57512E-02    0.61166E-03    0.10459E+00    0.74873E-03    0.13091E+00    0.62536E-03    0.10725E+00    0.40347E-03    0.51393E-01    0.57739E-03    0.92626E-01    0.41928E-03    0.55141E-01    0.56379E-07    0.39156E-06    0.75001E-07    0.56379E-07    0.00000E+00    0.39156E-06    0.00000E+00    0.75001E-07    0.00000E+00    0.33580E-03    0.00000E+00    0.88494E-03    0.00000E+00    0.38730E-03    0.00000E+00    0.23513E-03    0.00000E+00    0.62535E-03    0.00000E+00    0.25681E-03    0.00000E+00    0.12622E-07    0.12852E-07    0.12653E-07    0.00000E+00    0.12622E-01    0.00000E+00    0.12852E-01    0.00000E+00    0.12653E-01    0.84612E-03    0.15888E+00    0.67032E-03    0.16033E+00    0.82484E-03    0.15908E+00    0.62359E-03    0.11860E+00    0.55341E-03    0.13894E+00    0.61424E-03    0.12131E+00
41200  2    0.76478E-07    0.22936E-06    0.90377E-07    0.71061E-07    0.54167E-02    0.22088E-06    0.84860E-02    0.84681E-07    0.56957E-02    0.67890E-03    0.10408E+00    0.79584E-03    0.13028E+00    0.69035E-03    0.10673E+00    0.50468E-03    0.51160E-01    0.61175E-03    0.92085E-01    0.51442E-03    0.54881E-01    0.12540E-06    0.66264E-06    0.15525E-06    0.12540E-06    0.00000E+00    0.66264E-06    0.00000E+00    0.15525E-06    0.00000E+00    0.50080E-03    0.00000E+00    0.11512E-02    0.00000E+00    0.55722E-03    0.00000E+00    0.38321E-03    0.00000E+00    0.95627E-03    0.00000E+00    0.41505E-03    0.00000E+00    0.12500E-07    0.12729E-07    0.12531E-07    0.00000E+00    0.12500E-01    0.00000E+00    0.12729E-01    0.00000E+00    0.12531E-01    0.85769E-03    0.15811E+00    0.53610E-03    0.15956E+00    0.82212E-03    0.15831E+00    0.66352E-03    0.11806E+00    0.43949E-03    0.13813E+00    0.63365E-03    0.12074E+00
41300  3    0.37115E-07    0.13736E-06    0.46228E-07    0.31689E-07    0.54261E-02    0.12886E-06    0.84968E-02    0.40523E-07    0.57052E-02    0.60731E-03    0.10417E+00    0.74406E-03    0.13036E+00    0.62099E-03    0.10682E+00    0.40135E-03    0.51231E-01    0.57373E-03    0.92101E-01    0.41702E-03    0.54946E-01    0.55922E-07    0.38658E-06    0.74292E-07    0.55922E-07    0.00000E+00    0.38658E-06    0.00000E+00    0.74292E-07    0.00000E+00    0.33443E-03    0.00000E+00    0.87930E-03    0.00000E+00    0.38547E-03    0.00000E+00    0.23414E-03    0.00000E+00    0.62087E-03    0.00000E+00    0.25563E-03    0.00000E+00    0.12522E-07    0.12745E-07    0.12551E-07    0.00000E+00    0.12522E-01    0.00000E+00    0.12745E-01    0.00000E+00    0.12551E-01    0.83957E-03    0.15825E+00    0.66622E-03    0.15966E+00    0.81858E-03    0.15844E+00    0.62000E-03    0.11822E+00    0.55016E-03    0.13815E+00    0.61069E-03    0.12088E+00
41400  4    0.46406E-07    0.13384E-06    0.54354E-07    0.41020E-07    0.53859E-02    0.12541E-06    0.84262E-02    0.48692E-07    0.56623E-02    0.65208E-03    0.10379E+00    0.77746E-03    0.12982E+00    0.66446E-03    0.10642E+00    0.44619E-03    0.51056E-01    0.61111E-03    0.91712E-01    0.46118E-03    0.54752E-01    0.72388E-07    0.37623E-06    0.89269E-07    0.72388E-07    0.00000E+00    0.37623E-06    0.00000E+00    0.89269E-07    0.00000E+00    0.38050E-03    0.00000E+00    0.86745E-03    0.00000E+00    0.42254E-03    0.00000E+00    0.27877E-03    0.00000E+00    0.66245E-03    0.00000E+00    0.30009E-03    0.00000E+00    0.12429E-07    0.12639E-07    0.12457E-07    0.00000E+00    0.12429E-01    0.00000E+00    0.12639E-01    0.00000E+00    0.12457E-01    0.88990E-03    0.15766E+00    0.72831E-03    0.15899E+00    0.87009E-03    0.15784E+00    0.66512E-03    0.11782E+00    0.58545E-03    0.13757E+00    0.65450E-03    0.12045E+00
41500  5    0.43703E-07    0.16275E-06    0.54526E-07    0.38365E-07    0.53384E-02    0.15440E-06    0.83529E-02    0.48913E-07    0.56124E-02    0.61221E-03    0.10333E+00    0.73620E-03    0.12925E+00    0.62450E-03    0.10595E+00    0.41761E-03    0.50846E-01    0.56301E-03    0.91197E-01    0.43083E-03    0.54515E-01    0.67703E-07    0.46319E-06    0.89674E-07    0.67703E-07    0.00000E+00    0.46319E-06    0.00000E+00    0.89674E-07    0.00000E+00    0.36797E-03    0.00000E+00    0.96249E-03    0.00000E+00    0.42350E-03    0.00000E+00    0.25968E-03    0.00000E+00    0.72567E-03    0.00000E+00    0.28557E-03    0.00000E+00    0.12319E-07    0.12529E-07    0.12347E-07    0.00000E+00    0.12319E-01    0.00000E+00    0.12529E-01    0.00000E+00    0.12347E-01    0.82938E-03    0.15697E+00    0.59144E-03    0.15830E+00    0.80174E-03    0.15715E+00    0.62414E-03    0.11734E+00    0.48168E-03    0.13680E+00    0.60515E-03    0.11993E+00
41600  6    0.36632E-07    0.13493E-06    0.45568E-07    0.31307E-07    0.53253E-02    0.12660E-06    0.83226E-02    0.39970E-07    0.55978E-02    0.60042E-03    0.10320E+00    0.73552E-03    0.12902E+00    0.61393E-03    0.10581E+00    0.39850E-03    0.50799E-01    0.56677E-03    0.90961E-01    0.41380E-03    0.54450E-01    0.55247E-07    0.37981E-06    0.73278E-07    0.55247E-07    0.00000E+00    0.37981E-06    0.00000E+00    0.73278E-07    0.00000E+00    0.33241E-03    0.00000E+00    0.87156E-03    0.00000E+00    0.38283E-03    0.00000E+00    0.23276E-03    0.00000E+00    0.61718E-03    0.00000E+00    0.25412E-03    0.00000E+00    0.12289E-07    0.12484E-07    0.12315E-07    0.00000E+00    0.12289E-01    0.00000E+00    0.12484E-01    0.00000E+00    0.12315E-01    0.82912E-03    0.15678E+00    0.65703E-03    0.15801E+00    0.80829E-03    0.15694E+00    0.61524E-03    0.11723E+00    0.54157E-03    0.13644E+00    0.60542E-03    0.11979E+00
41700  7    0.37483E-07    0.14371E-06    0.47140E-07    0.32184E-07    0.52998E-02    0.13542E-06    0.82905E-02    0.41568E-07    0.55717E-02    0.59560E-03    0.10295E+00    0.72726E-03    0.12877E+00    0.60874E-03    0.10556E+00    0.39981E-03    0.50696E-01    0.55849E-03    0.90696E-01    0.41424E-03    0.54333E-01    0.56795E-07    0.40625E-06    0.76209E-07    0.56795E-07    0.00000E+00    0.40625E-06    0.00000E+00    0.76209E-07    0.00000E+00    0.33703E-03    0.00000E+00    0.90139E-03    0.00000E+00    0.39041E-03    0.00000E+00    0.23760E-03    0.00000E+00    0.65005E-03    0.00000E+00    0.26051E-03    0.00000E+00    0.12230E-07    0.12436E-07    0.12258E-07    0.00000E+00    0.12230E-01    0.00000E+00    0.12436E-01    0.00000E+00    0.12258E-01    0.81858E-03    0.15640E+00    0.62218E-03    0.15771E+00    0.79520E-03    0.15657E+00    0.61195E-03    0.11699E+00    0.51270E-03    0.13604E+00    0.59871E-03    0.11953E+00
41800  8    0.16382E-06    0.26351E-06    0.17289E-06    0.15858E-06    0.52434E-02    0.25532E-06    0.81973E-02    0.16737E-06    0.55119E-02    0.84371E-03    0.10240E+00    0.10037E-02    0.12804E+00    0.85949E-03    0.10499E+00    0.69226E-03    0.50466E-01    0.80281E-03    0.90184E-01    0.70231E-03    0.54077E-01    0.27985E-06    0.76595E-06    0.30685E-06    0.27985E-06    0.00000E+00    0.76595E-06    0.00000E+00    0.30685E-06    0.00000E+00    0.74813E-03    0.00000E+00    0.12377E-02    0.00000E+00    0.78339E-03    0.00000E+00    0.63563E-03    0.00000E+00    0.10017E-02    0.00000E+00    0.65596E-03    0.00000E+00    0.12100E-07    0.12296E-07    0.12126E-07    0.00000E+00    0.12100E-01    0.00000E+00    0.12296E-01    0.00000E+00    0.12126E-01    0.95437E-03    0.15556E+00    0.86322E-03    0.15682E+00    0.94273E-03    0.15573E+00    0.76631E-03    0.11646E+00    0.70338E-03    0.13528E+00    0.75792E-03    0.11897E+00
41900  9    0.11798E-06    0.11360E-06    0.11758E-06    0.11270E-06    0.52815E-02    0.10539E-06    0.82160E-02    0.11203E-06    0.55483E-02    0.83738E-03    0.10278E+00    0.92647E-03    0.12819E+00    0.84587E-03    0.10534E+00    0.63854E-03    0.50626E-01    0.76252E-03    0.90073E-01    0.64981E-03    0.54212E-01    0.19888E-06    0.31616E-06    0.20540E-06    0.19888E-06    0.00000E+00    0.31616E-06    0.00000E+00    0.20540E-06    0.00000E+00    0.63068E-03    0.00000E+00    0.79518E-03    0.00000E+00    0.64093E-03    0.00000E+00    0.48822E-03    0.00000E+00    0.61860E-03    0.00000E+00    0.49546E-03    0.00000E+00    0.12188E-07    0.12324E-07    0.12206E-07    0.00000E+00    0.12188E-01    0.00000E+00    0.12324E-01    0.00000E+00    0.12206E-01    0.10479E-02    0.15613E+00    0.98557E-03    0.15700E+00    0.10398E-02    0.15624E+00    0.83512E-03    0.11683E+00    0.83447E-03    0.13511E+00    0.83504E-03    0.11927E+00
42000  10    0.36047E-07    0.13196E-06    0.44766E-07    0.30832E-07    0.52145E-02    0.12382E-06    0.81419E-02    0.39286E-07    0.54806E-02    0.59155E-03    0.10212E+00    0.72545E-03    0.12761E+00    0.60495E-03    0.10470E+00    0.39461E-03    0.50328E-01    0.55878E-03    0.89668E-01    0.40954E-03    0.53904E-01    0.54410E-07    0.37146E-06    0.72024E-07    0.54410E-07    0.00000E+00    0.37146E-06    0.00000E+00    0.72024E-07    0.00000E+00    0.32988E-03    0.00000E+00    0.86193E-03    0.00000E+00    0.37954E-03    0.00000E+00    0.23100E-03    0.00000E+00    0.61129E-03    0.00000E+00    0.25213E-03    0.00000E+00    0.12033E-07    0.12213E-07    0.12057E-07    0.00000E+00    0.12033E-01    0.00000E+00    0.12213E-01    0.00000E+00    0.12057E-01    0.81562E-03    0.15513E+00    0.64649E-03    0.15629E+00    0.79515E-03    0.15529E+00    0.60856E-03    0.11614E+00    0.53252E-03    0.13450E+00    0.59843E-03    0.11859E+00
42100  11    0.21555E-06    0.31751E-06    0.22482E-06    0.21039E-06    0.51592E-02    0.30949E-06    0.80188E-02    0.21940E-06    0.54192E-02    0.99746E-03    0.10158E+00    0.10101E-02    0.12664E+00    0.99862E-03    0.10411E+00    0.81135E-03    0.50046E-01    0.81389E-03    0.88808E-01    0.81158E-03    0.53570E-01    0.37128E-06    0.92847E-06    0.40223E-06    0.37128E-06    0.00000E+00    0.92847E-06    0.00000E+00    0.40223E-06    0.00000E+00    0.86172E-03    0.00000E+00    0.13627E-02    0.00000E+00    0.89692E-03    0.00000E+00    0.69215E-03    0.00000E+00    0.11375E-02    0.00000E+00    0.71690E-03    0.00000E+00    0.11906E-07    0.12028E-07    0.11922E-07    0.00000E+00    0.11906E-01    0.00000E+00    0.12028E-01    0.00000E+00    0.11922E-01    0.11511E-02    0.15431E+00    0.77591E-03    0.15510E+00    0.11084E-02    0.15442E+00    0.96723E-03    0.11549E+00    0.65206E-03    0.13321E+00    0.92520E-03    0.11785E+00
42200  12    0.35723E-07    0.12823E-06    0.44133E-07    0.30558E-07    0.51654E-02    0.12017E-06    0.80590E-02    0.38705E-07    0.54285E-02    0.58828E-03    0.10164E+00    0.72185E-03    0.12696E+00    0.60165E-03    0.10420E+00    0.39282E-03    0.50108E-01    0.55590E-03    0.89033E-01    0.40765E-03    0.53647E-01    0.53926E-07    0.36052E-06    0.70959E-07    0.53926E-07    0.00000E+00    0.36052E-06    0.00000E+00    0.70959E-07    0.00000E+00    0.32841E-03    0.00000E+00    0.84914E-03    0.00000E+00    0.37672E-03    0.00000E+00    0.22965E-03    0.00000E+00    0.60038E-03    0.00000E+00    0.25024E-03    0.00000E+00    0.11920E-07    0.12089E-07    0.11943E-07    0.00000E+00    0.11920E-01    0.00000E+00    0.12089E-01    0.00000E+00    0.11943E-01    0.81092E-03    0.15440E+00    0.64890E-03    0.15549E+00    0.79123E-03    0.15455E+00    0.60620E-03    0.11563E+00    0.53366E-03    0.13355E+00    0.59653E-03    0.11802E+00
42300  13    0.38780E-07    0.13654E-06    0.47667E-07    0.33658E-07    0.51213E-02    0.12855E-06    0.79867E-02    0.42285E-07    0.53818E-02    0.58259E-03    0.10121E+00    0.71179E-03    0.12639E+00    0.59550E-03    0.10375E+00    0.40355E-03    0.49912E-01    0.56122E-03    0.88571E-01    0.41788E-03    0.53426E-01    0.59397E-07    0.38566E-06    0.77523E-07    0.59397E-07    0.00000E+00    0.38566E-06    0.00000E+00    0.77523E-07    0.00000E+00    0.34467E-03    0.00000E+00    0.87825E-03    0.00000E+00    0.39376E-03    0.00000E+00    0.25429E-03    0.00000E+00    0.62949E-03    0.00000E+00    0.27513E-03    0.00000E+00    0.11818E-07    0.11980E-07    0.11840E-07    0.00000E+00    0.11818E-01    0.00000E+00    0.11980E-01    0.00000E+00    0.11840E-01    0.79241E-03    0.15374E+00    0.61180E-03    0.15479E+00    0.77078E-03    0.15388E+00    0.59873E-03    0.11518E+00    0.52708E-03    0.13286E+00    0.58918E-03    0.11754E+00
42400  14    0.35550E-07    0.12510E-06    0.43691E-07    0.30450E-07    0.50999E-02    0.11715E-06    0.79499E-02    0.38332E-07    0.53590E-02    0.58519E-03    0.10099E+00    0.72006E-03    0.12609E+00    0.59871E-03    0.10353E+00    0.39105E-03    0.49810E-01    0.55490E-03    0.88270E-01    0.40594E-03    0.53307E-01    0.53735E-07    0.35145E-06    0.70275E-07    0.53735E-07    0.00000E+00    0.35145E-06    0.00000E+00    0.70275E-07    0.00000E+00    0.32783E-03    0.00000E+00    0.83839E-03    0.00000E+00    0.37490E-03    0.00000E+00    0.22910E-03    0.00000E+00    0.58820E-03    0.00000E+00    0.24905E-03    0.00000E+00    0.11769E-07    0.11925E-07    0.11790E-07    0.00000E+00    0.11769E-01    0.00000E+00    0.11925E-01    0.00000E+00    0.11790E-01    0.80606E-03    0.15342E+00    0.65291E-03    0.15443E+00    0.78736E-03    0.15356E+00    0.60283E-03    0.11495E+00    0.53825E-03    0.13241E+00    0.59422E-03    0.11727E+00
42500  15    0.35395E-07    0.12376E-06    0.43428E-07    0.30314E-07    0.50804E-02    0.11584E-06    0.79238E-02    0.38089E-07    0.53389E-02    0.58330E-03    0.10080E+00    0.71758E-03    0.12589E+00    0.59675E-03    0.10333E+00    0.39007E-03    0.49725E-01    0.55260E-03    0.88029E-01    0.40485E-03    0.53208E-01    0.53495E-07    0.34751E-06    0.69830E-07    0.53495E-07    0.00000E+00    0.34751E-06    0.00000E+00    0.69830E-07    0.00000E+00    0.32709E-03    0.00000E+00    0.83368E-03    0.00000E+00    0.37371E-03    0.00000E+00    0.22833E-03    0.00000E+00    0.58513E-03    0.00000E+00    0.24815E-03    0.00000E+00    0.11724E-07    0.11886E-07    0.11746E-07    0.00000E+00    0.11724E-01    0.00000E+00    0.11886E-01    0.00000E+00    0.11746E-01    0.80327E-03    0.15313E+00    0.65182E-03    0.15418E+00    0.78477E-03    0.15327E+00    0.60159E-03    0.11475E+00    0.53634E-03    0.13204E+00    0.59289E-03    0.11706E+00
42600  16    0.44944E-07    0.16468E-06    0.55830E-07    0.39905E-07    0.50393E-02    0.15683E-06    0.78499E-02    0.50535E-07    0.52948E-02    0.58345E-03    0.10039E+00    0.71260E-03    0.12530E+00    0.59635E-03    0.10291E+00    0.41167E-03    0.49527E-01    0.56142E-03    0.87519E-01    0.42528E-03    0.52981E-01    0.70421E-07    0.47049E-06    0.92647E-07    0.70421E-07    0.00000E+00    0.47049E-06    0.00000E+00    0.92647E-07    0.00000E+00    0.37529E-03    0.00000E+00    0.97004E-03    0.00000E+00    0.43046E-03    0.00000E+00    0.27141E-03    0.00000E+00    0.76279E-03    0.00000E+00    0.29871E-03    0.00000E+00    0.11629E-07    0.11775E-07    0.11648E-07    0.00000E+00    0.11629E-01    0.00000E+00    0.11775E-01    0.00000E+00    0.11648E-01    0.77550E-03    0.15251E+00    0.53964E-03    0.15346E+00    0.74836E-03    0.15263E+00    0.59507E-03    0.11429E+00    0.46074E-03    0.13128E+00    0.57716E-03    0.11656E+00
42700  17    0.35027E-07    0.12522E-06    0.43227E-07    0.30010E-07    0.50169E-02    0.11740E-06    0.78185E-02    0.37955E-07    0.52716E-02    0.57754E-03    0.10017E+00    0.71035E-03    0.12505E+00    0.59085E-03    0.10268E+00    0.38801E-03    0.49432E-01    0.54720E-03    0.87272E-01    0.40248E-03    0.52872E-01    0.52959E-07    0.35221E-06    0.69585E-07    0.52959E-07    0.00000E+00    0.35221E-06    0.00000E+00    0.69585E-07    0.00000E+00    0.32545E-03    0.00000E+00    0.83930E-03    0.00000E+00    0.37305E-03    0.00000E+00    0.22801E-03    0.00000E+00    0.59302E-03    0.00000E+00    0.24829E-03    0.00000E+00    0.11577E-07    0.11728E-07    0.11597E-07    0.00000E+00    0.11577E-01    0.00000E+00    0.11728E-01    0.00000E+00    0.11597E-01    0.79450E-03    0.15217E+00    0.63615E-03    0.15315E+00    0.77525E-03    0.15230E+00    0.59724E-03    0.11407E+00    0.52429E-03    0.13091E+00    0.58751E-03    0.11632E+00
42800  18    0.36205E-07    0.12384E-06    0.44172E-07    0.31212E-07    0.49934E-02    0.11606E-06    0.77836E-02    0.38925E-07    0.52471E-02    0.57525E-03    0.99934E-01    0.70988E-03    0.12477E+00    0.58877E-03    0.10244E+00    0.39152E-03    0.49322E-01    0.55333E-03    0.86968E-01    0.40623E-03    0.52744E-01    0.55080E-07    0.34817E-06    0.71363E-07    0.55080E-07    0.00000E+00    0.34817E-06    0.00000E+00    0.71363E-07    0.00000E+00    0.33190E-03    0.00000E+00    0.83447E-03    0.00000E+00    0.37779E-03    0.00000E+00    0.23715E-03    0.00000E+00    0.58138E-03    0.00000E+00    0.25628E-03    0.00000E+00    0.11523E-07    0.11675E-07    0.11544E-07    0.00000E+00    0.11523E-01    0.00000E+00    0.11675E-01    0.00000E+00    0.11544E-01    0.78715E-03    0.15181E+00    0.63854E-03    0.15281E+00    0.76899E-03    0.15194E+00    0.59337E-03    0.11382E+00    0.53930E-03    0.13045E+00    0.58616E-03    0.11604E+00
42900  19    0.27283E-06    0.39362E-06    0.28381E-06    0.26790E-06    0.49239E-02    0.38597E-06    0.76472E-02    0.27864E-06    0.51715E-02    0.10811E-02    0.99236E-01    0.11216E-02    0.12367E+00    0.10849E-02    0.10170E+00    0.88092E-03    0.48970E-01    0.90725E-03    0.86078E-01    0.88331E-03    0.52344E-01    0.47277E-06    0.11579E-05    0.51083E-06    0.47277E-06    0.00000E+00    0.11579E-05    0.00000E+00    0.51083E-06    0.00000E+00    0.97239E-03    0.00000E+00    0.15218E-02    0.00000E+00    0.10108E-02    0.00000E+00    0.78324E-03    0.00000E+00    0.13065E-02    0.00000E+00    0.81231E-03    0.00000E+00    0.11363E-07    0.11471E-07    0.11377E-07    0.00000E+00    0.11363E-01    0.00000E+00    0.11471E-01    0.00000E+00    0.11377E-01    0.12086E-02    0.15075E+00    0.85384E-03    0.15146E+00    0.11676E-02    0.15085E+00    0.10086E-02    0.11301E+00    0.70760E-03    0.12912E+00    0.96851E-03    0.11516E+00
43000  20    0.34595E-07    0.12375E-06    0.42700E-07    0.29639E-07    0.49551E-02    0.11603E-06    0.77220E-02    0.37493E-07    0.52066E-02    0.57182E-03    0.99550E-01    0.70290E-03    0.12427E+00    0.58495E-03    0.10205E+00    0.38529E-03    0.49142E-01    0.54001E-03    0.86419E-01    0.39936E-03    0.52531E-01    0.52305E-07    0.34808E-06    0.68737E-07    0.52305E-07    0.00000E+00    0.34808E-06    0.00000E+00    0.68737E-07    0.00000E+00    0.32343E-03    0.00000E+00    0.83436E-03    0.00000E+00    0.37077E-03    0.00000E+00    0.22661E-03    0.00000E+00    0.59204E-03    0.00000E+00    0.24691E-03    0.00000E+00    0.11435E-07    0.11583E-07    0.11455E-07    0.00000E+00    0.11435E-01    0.00000E+00    0.11583E-01    0.00000E+00    0.11455E-01    0.78598E-03    0.15123E+00    0.62691E-03    0.15220E+00    0.76668E-03    0.15136E+00    0.59280E-03    0.11341E+00    0.51400E-03    0.12963E+00    0.58229E-03    0.11557E+00
43100  21    0.35119E-07    0.11516E-06    0.42396E-07    0.30194E-07    0.49254E-02    0.10750E-06    0.76584E-02    0.37222E-07    0.51738E-02    0.57573E-03    0.99251E-01    0.69131E-03    0.12376E+00    0.58718E-03    0.10172E+00    0.38818E-03    0.49002E-01    0.53183E-03    0.86002E-01    0.40124E-03    0.52366E-01    0.53284E-07    0.32249E-06    0.68240E-07    0.53284E-07    0.00000E+00    0.32249E-06    0.00000E+00    0.68240E-07    0.00000E+00    0.32645E-03    0.00000E+00    0.80311E-03    0.00000E+00    0.36943E-03    0.00000E+00    0.23039E-03    0.00000E+00    0.56555E-03    0.00000E+00    0.24901E-03    0.00000E+00    0.11366E-07    0.11488E-07    0.11382E-07    0.00000E+00    0.11366E-01    0.00000E+00    0.11488E-01    0.00000E+00    0.11382E-01    0.79093E-03    0.15077E+00    0.62799E-03    0.15158E+00    0.77120E-03    0.15088E+00    0.59452E-03    0.11308E+00    0.51497E-03    0.12900E+00    0.58391E-03    0.11521E+00
43200  22    0.38153E-07    0.13913E-06    0.47333E-07    0.33269E-07    0.48837E-02    0.13153E-06    0.76076E-02    0.42202E-07    0.51313E-02    0.57342E-03    0.98830E-01    0.69214E-03    0.12335E+00    0.58521E-03    0.10130E+00    0.39445E-03    0.48792E-01    0.53144E-03    0.85577E-01    0.40690E-03    0.52136E-01    0.58710E-07    0.39458E-06    0.77370E-07    0.58710E-07    0.00000E+00    0.39458E-06    0.00000E+00    0.77370E-07    0.00000E+00    0.34267E-03    0.00000E+00    0.88835E-03    0.00000E+00    0.39337E-03    0.00000E+00    0.24158E-03    0.00000E+00    0.66484E-03    0.00000E+00    0.26509E-03    0.00000E+00    0.11270E-07    0.11411E-07    0.11289E-07    0.00000E+00    0.11270E-01    0.00000E+00    0.11411E-01    0.00000E+00    0.11289E-01    0.77797E-03    0.15013E+00    0.56922E-03    0.15107E+00    0.75349E-03    0.15026E+00    0.59436E-03    0.11260E+00    0.46474E-03    0.12837E+00    0.57708E-03    0.11470E+00
43300  23    0.34137E-07    0.11924E-06    0.41874E-07    0.29265E-07    0.48724E-02    0.11165E-06    0.75844E-02    0.36755E-07    0.51189E-02    0.56768E-03    0.98716E-01    0.69775E-03    0.12316E+00    0.58071E-03    0.10118E+00    0.38272E-03    0.48740E-01    0.53557E-03    0.85345E-01    0.39662E-03    0.52067E-01    0.51644E-07    0.33496E-06    0.67383E-07    0.51644E-07    0.00000E+00    0.33496E-06    0.00000E+00    0.67383E-07    0.00000E+00    0.32138E-03    0.00000E+00    0.81849E-03    0.00000E+00    0.36711E-03    0.00000E+00    0.22473E-03    0.00000E+00    0.57849E-03    0.00000E+00    0.24438E-03    0.00000E+00    0.11244E-07    0.11377E-07    0.11262E-07    0.00000E+00    0.11244E-01    0.00000E+00    0.11377E-01    0.00000E+00    0.11262E-01    0.78014E-03    0.14996E+00    0.62874E-03    0.15084E+00    0.76170E-03    0.15008E+00    0.58932E-03    0.11248E+00    0.51411E-03    0.12802E+00    0.57930E-03    0.11455E+00
43400  24    0.41819E-07    0.11378E-06    0.48361E-07    0.36963E-07    0.48552E-02    0.10621E-06    0.75767E-02    0.43258E-07    0.51026E-02    0.58645E-03    0.98541E-01    0.73731E-03    0.12310E+00    0.60173E-03    0.10102E+00    0.40767E-03    0.48662E-01    0.57459E-03    0.85179E-01    0.42284E-03    0.51981E-01    0.65230E-07    0.31862E-06    0.79307E-07    0.65230E-07    0.00000E+00    0.31862E-06    0.00000E+00    0.79307E-07    0.00000E+00    0.36119E-03    0.00000E+00    0.79827E-03    0.00000E+00    0.39826E-03    0.00000E+00    0.25849E-03    0.00000E+00    0.52449E-03    0.00000E+00    0.27327E-03    0.00000E+00    0.11204E-07    0.11365E-07    0.11226E-07    0.00000E+00    0.11204E-01    0.00000E+00    0.11365E-01    0.00000E+00    0.11226E-01    0.78934E-03    0.14969E+00    0.70485E-03    0.15076E+00    0.77860E-03    0.14984E+00    0.60275E-03    0.11230E+00    0.59964E-03    0.12777E+00    0.60233E-03    0.11436E+00
43500  25    0.59337E-06    0.73086E-06    0.60587E-06    0.58865E-06    0.47260E-02    0.72349E-06    0.73673E-02    0.60090E-06    0.49661E-02    0.14083E-02    0.97221E-01    0.16225E-02    0.12139E+00    0.14291E-02    0.99661E-01    0.11878E-02    0.48021E-01    0.13945E-02    0.83968E-01    0.12066E-02    0.51289E-01    0.10388E-05    0.21705E-05    0.11017E-05    0.10388E-05    0.00000E+00    0.21705E-05    0.00000E+00    0.11017E-05    0.00000E+00    0.14414E-02    0.00000E+00    0.20835E-02    0.00000E+00    0.14844E-02    0.00000E+00    0.12345E-02    0.00000E+00    0.19141E-02    0.00000E+00    0.12723E-02    0.00000E+00    0.10906E-07    0.11051E-07    0.10925E-07    0.00000E+00    0.10906E-01    0.00000E+00    0.11051E-01    0.00000E+00    0.10925E-01    0.13639E-02    0.14769E+00    0.13335E-02    0.14867E+00    0.13599E-02    0.14782E+00    0.11268E-02    0.11082E+00    0.11346E-02    0.12595E+00    0.11278E-02    0.11284E+00
43600  26    0.33749E-07    0.11760E-06    0.41372E-07    0.28954E-07    0.47957E-02    0.11014E-06    0.74611E-02    0.36334E-07    0.50380E-02    0.56307E-03    0.97936E-01    0.69107E-03    0.12216E+00    0.57588E-03    0.10038E+00    0.38040E-03    0.48359E-01    0.52906E-03    0.84331E-01    0.39391E-03    0.51629E-01    0.51095E-07    0.33042E-06    0.66613E-07    0.51095E-07    0.00000E+00    0.33042E-06    0.00000E+00    0.66613E-07    0.00000E+00    0.31967E-03    0.00000E+00    0.81292E-03    0.00000E+00    0.36500E-03    0.00000E+00    0.22339E-03    0.00000E+00    0.57653E-03    0.00000E+00    0.24301E-03    0.00000E+00    0.11067E-07    0.11192E-07    0.11084E-07    0.00000E+00    0.11067E-01    0.00000E+00    0.11192E-01    0.00000E+00    0.11084E-01    0.77332E-03    0.14877E+00    0.62124E-03    0.14961E+00    0.75481E-03    0.14889E+00    0.58572E-03    0.11160E+00    0.50532E-03    0.12650E+00    0.57500E-03    0.11358E+00
43700  27    0.34293E-07    0.10952E-06    0.41132E-07    0.29518E-07    0.47755E-02    0.10208E-06    0.74396E-02    0.36115E-07    0.50176E-02    0.56772E-03    0.97729E-01    0.69968E-03    0.12198E+00    0.58096E-03    0.10018E+00    0.38051E-03    0.48263E-01    0.53834E-03    0.84090E-01    0.39485E-03    0.51520E-01    0.52090E-07    0.30625E-06    0.66210E-07    0.52090E-07    0.00000E+00    0.30625E-06    0.00000E+00    0.66210E-07    0.00000E+00    0.32277E-03    0.00000E+00    0.78262E-03    0.00000E+00    0.36390E-03    0.00000E+00    0.22305E-03    0.00000E+00    0.55035E-03    0.00000E+00    0.24123E-03    0.00000E+00    0.11020E-07    0.11159E-07    0.11039E-07    0.00000E+00    0.11020E-01    0.00000E+00    0.11159E-01    0.00000E+00    0.11039E-01    0.77946E-03    0.14846E+00    0.65428E-03    0.14939E+00    0.76396E-03    0.14859E+00    0.58641E-03    0.11138E+00    0.53234E-03    0.12613E+00    0.57920E-03    0.11334E+00
43800  28    0.72252E-07    0.17676E-06    0.81753E-07    0.67512E-07    0.47398E-02    0.16939E-06    0.73694E-02    0.76774E-07    0.49789E-02    0.61993E-03    0.97363E-01    0.74013E-03    0.12140E+00    0.63180E-03    0.99788E-01    0.48220E-03    0.48086E-01    0.58964E-03    0.83889E-01    0.49197E-03    0.51340E-01    0.11914E-06    0.50818E-06    0.14075E-06    0.11914E-06    0.00000E+00    0.50818E-06    0.00000E+00    0.14075E-06    0.00000E+00    0.48814E-03    0.00000E+00    0.10081E-02    0.00000E+00    0.53057E-03    0.00000E+00    0.39517E-03    0.00000E+00    0.80593E-03    0.00000E+00    0.41799E-03    0.00000E+00    0.10938E-07    0.11054E-07    0.10954E-07    0.00000E+00    0.10938E-01    0.00000E+00    0.11054E-01    0.00000E+00    0.10954E-01    0.75847E-03    0.14791E+00    0.55993E-03    0.14869E+00    0.73511E-03    0.14801E+00    0.59600E-03    0.11097E+00    0.48149E-03    0.12583E+00    0.58074E-03    0.11295E+00
43900  0    0.84213E-07    0.99170E-07    0.85572E-07    0.79481E-07    0.47312E-02    0.91790E-07    0.73804E-02    0.80600E-07    0.49720E-02    0.71968E-03    0.97275E-01    0.87397E-03    0.12149E+00    0.73505E-03    0.99720E-01    0.53167E-03    0.48028E-01    0.69911E-03    0.83867E-01    0.54689E-03    0.51286E-01    0.14026E-06    0.27537E-06    0.14777E-06    0.14026E-06    0.00000E+00    0.27537E-06    0.00000E+00    0.14777E-06    0.00000E+00    0.52964E-03    0.00000E+00    0.74212E-03    0.00000E+00    0.54363E-03    0.00000E+00    0.39365E-03    0.00000E+00    0.52505E-03    0.00000E+00    0.40095E-03    0.00000E+00    0.10918E-07    0.11071E-07    0.10938E-07    0.00000E+00    0.10918E-01    0.00000E+00    0.11071E-01    0.00000E+00    0.10938E-01    0.91018E-03    0.14777E+00    0.93293E-03    0.14880E+00    0.91324E-03    0.14791E+00    0.71215E-03    0.11083E+00    0.78615E-03    0.12580E+00    0.72202E-03    0.11283E+00
44000  1    0.33187E-07    0.11439E-06    0.40570E-07    0.28485E-07    0.47024E-02    0.10708E-06    0.73161E-02    0.35630E-07    0.49400E-02    0.55581E-03    0.96978E-01    0.68228E-03    0.12096E+00    0.56847E-03    0.99398E-01    0.37672E-03    0.47884E-01    0.52190E-03    0.83613E-01    0.38992E-03    0.51132E-01    0.50268E-07    0.32123E-06    0.65321E-07    0.50268E-07    0.00000E+00    0.32123E-06    0.00000E+00    0.65321E-07    0.00000E+00    0.31707E-03    0.00000E+00    0.80154E-03    0.00000E+00    0.36145E-03    0.00000E+00    0.22184E-03    0.00000E+00    0.56793E-03    0.00000E+00    0.24106E-03    0.00000E+00    0.10852E-07    0.10974E-07    0.10868E-07    0.00000E+00    0.10852E-01    0.00000E+00    0.10974E-01    0.00000E+00    0.10868E-01    0.76252E-03    0.14732E+00    0.61402E-03    0.14815E+00    0.74443E-03    0.14743E+00    0.57926E-03    0.11050E+00    0.49888E-03    0.12542E+00    0.56854E-03    0.11249E+00
44100  2    0.34681E-07    0.11305E-06    0.41805E-07    0.29998E-07    0.46826E-02    0.10575E-06    0.72964E-02    0.36884E-07    0.49203E-02    0.55365E-03    0.96774E-01    0.69167E-03    0.12080E+00    0.56759E-03    0.99199E-01    0.38007E-03    0.47783E-01    0.53832E-03    0.83578E-01    0.39446E-03    0.51037E-01    0.52937E-07    0.31725E-06    0.67622E-07    0.52937E-07    0.00000E+00    0.31725E-06    0.00000E+00    0.67622E-07    0.00000E+00    0.32538E-03    0.00000E+00    0.79656E-03    0.00000E+00    0.36775E-03    0.00000E+00    0.23009E-03    0.00000E+00    0.55062E-03    0.00000E+00    0.24790E-03    0.00000E+00    0.10806E-07    0.10945E-07    0.10825E-07    0.00000E+00    0.10806E-01    0.00000E+00    0.10945E-01    0.00000E+00    0.10825E-01    0.75427E-03    0.14701E+00    0.63274E-03    0.14795E+00    0.73922E-03    0.14714E+00    0.57620E-03    0.11027E+00    0.53216E-03    0.12537E+00    0.57033E-03    0.11228E+00
44200  3    0.10119E-06    0.14227E-06    0.10492E-06    0.96521E-07    0.46640E-02    0.13505E-06    0.72239E-02    0.10002E-06    0.48967E-02    0.76790E-03    0.96582E-01    0.75590E-03    0.12020E+00    0.76681E-03    0.98962E-01    0.59367E-03    0.47673E-01    0.59152E-03    0.83119E-01    0.59348E-03    0.50895E-01    0.17033E-06    0.40514E-06    0.18338E-06    0.17033E-06    0.00000E+00    0.40514E-06    0.00000E+00    0.18338E-06    0.00000E+00    0.58366E-03    0.00000E+00    0.90015E-03    0.00000E+00    0.60560E-03    0.00000E+00    0.45677E-03    0.00000E+00    0.68113E-03    0.00000E+00    0.46923E-03    0.00000E+00    0.10763E-07    0.10836E-07    0.10773E-07    0.00000E+00    0.10763E-01    0.00000E+00    0.10836E-01    0.00000E+00    0.10773E-01    0.95670E-03    0.14672E+00    0.67227E-03    0.14721E+00    0.92385E-03    0.14678E+00    0.77270E-03    0.11001E+00    0.54671E-03    0.12468E+00    0.74256E-03    0.11197E+00
44300  4    0.32789E-07    0.11139E-06    0.39935E-07    0.28163E-07    0.46253E-02    0.10420E-06    0.71960E-02    0.35076E-07    0.48590E-02    0.55141E-03    0.96180E-01    0.67687E-03    0.11997E+00    0.56397E-03    0.98580E-01    0.37418E-03    0.47482E-01    0.51712E-03    0.83130E-01    0.38717E-03    0.50723E-01    0.49700E-07    0.31259E-06    0.64305E-07    0.49700E-07    0.00000E+00    0.31259E-06    0.00000E+00    0.64305E-07    0.00000E+00    0.31528E-03    0.00000E+00    0.79069E-03    0.00000E+00    0.35862E-03    0.00000E+00    0.22041E-03    0.00000E+00    0.55892E-03    0.00000E+00    0.23921E-03    0.00000E+00    0.10674E-07    0.10794E-07    0.10690E-07    0.00000E+00    0.10674E-01    0.00000E+00    0.10794E-01    0.00000E+00    0.10690E-01    0.75609E-03    0.14611E+00    0.61207E-03    0.14693E+00    0.73851E-03    0.14622E+00    0.57526E-03    0.10957E+00    0.49622E-03    0.12470E+00    0.56472E-03    0.11159E+00
44400  5    0.37531E-07    0.10991E-06    0.44111E-07    0.32917E-07    0.46143E-02    0.10272E-06    0.71857E-02    0.39263E-07    0.48481E-02    0.58018E-03    0.96066E-01    0.68903E-03    0.11988E+00    0.59091E-03    0.98469E-01    0.39877E-03    0.47421E-01    0.53656E-03    0.83092E-01    0.41130E-03    0.50664E-01    0.58089E-07    0.30816E-06    0.71982E-07    0.58089E-07    0.00000E+00    0.30816E-06    0.00000E+00    0.71982E-07    0.00000E+00    0.34085E-03    0.00000E+00    0.78506E-03    0.00000E+00    0.37943E-03    0.00000E+00    0.24211E-03    0.00000E+00    0.58536E-03    0.00000E+00    0.26118E-03    0.00000E+00    0.10648E-07    0.10778E-07    0.10666E-07    0.00000E+00    0.10648E-01    0.00000E+00    0.10778E-01    0.00000E+00    0.10666E-01    0.79049E-03    0.14593E+00    0.63559E-03    0.14682E+00    0.77164E-03    0.14605E+00    0.60364E-03    0.10943E+00    0.51216E-03    0.12464E+00    0.59144E-03    0.11146E+00
44500  6    0.32531E-07    0.10999E-06    0.39573E-07    0.27937E-07    0.45941E-02    0.10284E-06    0.71501E-02    0.34746E-07    0.48265E-02    0.54815E-03    0.95855E-01    0.67317E-03    0.11958E+00    0.56067E-03    0.98249E-01    0.37239E-03    0.47310E-01    0.51393E-03    0.82978E-01    0.38526E-03    0.50553E-01    0.49300E-07    0.30852E-06    0.63702E-07    0.49300E-07    0.00000E+00    0.30852E-06    0.00000E+00    0.63702E-07    0.00000E+00    0.31401E-03    0.00000E+00    0.78552E-03    0.00000E+00    0.35694E-03    0.00000E+00    0.21954E-03    0.00000E+00    0.55522E-03    0.00000E+00    0.23819E-03    0.00000E+00    0.10602E-07    0.10725E-07    0.10618E-07    0.00000E+00    0.10602E-01    0.00000E+00    0.10725E-01    0.00000E+00    0.10618E-01    0.75130E-03    0.14561E+00    0.60927E-03    0.14646E+00    0.73396E-03    0.14573E+00    0.57226E-03    0.10918E+00    0.49328E-03    0.12447E+00    0.56173E-03    0.11122E+00
44600  7    0.58261E-07    0.11685E-06    0.63588E-07    0.53712E-07    0.45492E-02    0.10975E-06    0.71002E-02    0.58807E-07    0.47811E-02    0.64667E-03    0.95385E-01    0.81456E-03    0.11917E+00    0.66369E-03    0.97786E-01    0.46806E-03    0.47094E-01    0.65688E-03    0.82667E-01    0.48522E-03    0.50328E-01    0.94786E-07    0.32925E-06    0.10781E-06    0.94786E-07    0.00000E+00    0.32925E-06    0.00000E+00    0.10781E-06    0.00000E+00    0.43540E-03    0.00000E+00    0.81148E-03    0.00000E+00    0.46435E-03    0.00000E+00    0.34000E-03    0.00000E+00    0.64557E-03    0.00000E+00    0.35697E-03    0.00000E+00    0.10498E-07    0.10650E-07    0.10518E-07    0.00000E+00    0.10498E-01    0.00000E+00    0.10650E-01    0.00000E+00    0.10518E-01    0.84684E-03    0.14490E+00    0.81610E-03    0.14595E+00    0.84280E-03    0.14504E+00    0.63551E-03    0.10868E+00    0.66253E-03    0.12400E+00    0.63912E-03    0.11072E+00
44700  8    0.38302E-07    0.12739E-06    0.46400E-07    0.33776E-07    0.45262E-02    0.12035E-06    0.70399E-02    0.41645E-07    0.47547E-02    0.56460E-03    0.95144E-01    0.67131E-03    0.11866E+00    0.57512E-03    0.97516E-01    0.39145E-03    0.46946E-01    0.50704E-03    0.82454E-01    0.40196E-03    0.50174E-01    0.59604E-07    0.36104E-06    0.76350E-07    0.59604E-07    0.00000E+00    0.36104E-06    0.00000E+00    0.76350E-07    0.00000E+00    0.34526E-03    0.00000E+00    0.84975E-03    0.00000E+00    0.39077E-03    0.00000E+00    0.24217E-03    0.00000E+00    0.63679E-03    0.00000E+00    0.26410E-03    0.00000E+00    0.10445E-07    0.10560E-07    0.10460E-07    0.00000E+00    0.10445E-01    0.00000E+00    0.10560E-01    0.00000E+00    0.10460E-01    0.76141E-03    0.14453E+00    0.56120E-03    0.14533E+00    0.73786E-03    0.14464E+00    0.58666E-03    0.10834E+00    0.44217E-03    0.12368E+00    0.56740E-03    0.11038E+00
44800  9    0.32171E-07    0.10687E-06    0.38962E-07    0.27650E-07    0.45203E-02    0.99832E-07    0.70391E-02    0.34212E-07    0.47492E-02    0.54422E-03    0.95082E-01    0.66886E-03    0.11865E+00    0.55671E-03    0.97460E-01    0.36978E-03    0.46912E-01    0.51073E-03    0.82504E-01    0.38259E-03    0.50148E-01    0.48795E-07    0.29950E-06    0.62723E-07    0.48795E-07    0.00000E+00    0.29950E-06    0.00000E+00    0.62723E-07    0.00000E+00    0.31239E-03    0.00000E+00    0.77395E-03    0.00000E+00    0.35418E-03    0.00000E+00    0.21791E-03    0.00000E+00    0.54656E-03    0.00000E+00    0.23616E-03    0.00000E+00    0.10431E-07    0.10559E-07    0.10448E-07    0.00000E+00    0.10431E-01    0.00000E+00    0.10559E-01    0.00000E+00    0.10448E-01    0.74557E-03    0.14444E+00    0.60956E-03    0.14532E+00    0.72890E-03    0.14456E+00    0.56838E-03    0.10826E+00    0.49281E-03    0.12376E+00    0.55831E-03    0.11033E+00
44900  10    0.77291E-07    0.18207E-06    0.86816E-07    0.72807E-07    0.44839E-02    0.17510E-06    0.69693E-02    0.82106E-07    0.47098E-02    0.67371E-03    0.94698E-01    0.74572E-03    0.11806E+00    0.68057E-03    0.97055E-01    0.51037E-03    0.46701E-01    0.57043E-03    0.82138E-01    0.51583E-03    0.49923E-01    0.12848E-06    0.52531E-06    0.15053E-06    0.12848E-06    0.00000E+00    0.52531E-06    0.00000E+00    0.15053E-06    0.00000E+00    0.50692E-03    0.00000E+00    0.10250E-02    0.00000E+00    0.54869E-03    0.00000E+00    0.38788E-03    0.00000E+00    0.83653E-03    0.00000E+00    0.41281E-03    0.00000E+00    0.10347E-07    0.10454E-07    0.10362E-07    0.00000E+00    0.10347E-01    0.00000E+00    0.10454E-01    0.00000E+00    0.10362E-01    0.84344E-03    0.14386E+00    0.55574E-03    0.14460E+00    0.81100E-03    0.14396E+00    0.67054E-03    0.10777E+00    0.43739E-03    0.12321E+00    0.63945E-03    0.10983E+00
45000  11    0.31955E-07    0.10795E-06    0.38863E-07    0.27464E-07    0.44903E-02    0.10095E-06    0.69964E-02    0.34145E-07    0.47182E-02    0.54056E-03    0.94767E-01    0.66259E-03    0.11829E+00    0.55277E-03    0.97141E-01    0.36852E-03    0.46740E-01    0.50475E-03    0.82342E-01    0.38091E-03    0.49977E-01    0.48466E-07    0.30285E-06    0.62599E-07    0.48466E-07    0.00000E+00    0.30285E-06    0.00000E+00    0.62599E-07    0.00000E+00    0.31134E-03    0.00000E+00    0.77827E-03    0.00000E+00    0.35383E-03    0.00000E+00    0.21807E-03    0.00000E+00    0.55225E-03    0.00000E+00    0.23664E-03    0.00000E+00    0.10362E-07    0.10495E-07    0.10380E-07    0.00000E+00    0.10362E-01    0.00000E+00    0.10495E-01    0.00000E+00    0.10380E-01    0.73998E-03    0.14396E+00    0.59640E-03    0.14488E+00    0.72248E-03    0.14408E+00    0.56527E-03    0.10786E+00    0.48099E-03    0.12351E+00    0.55403E-03    0.10995E+00
45100  12    0.40318E-07    0.13540E-06    0.48962E-07    0.35871E-07    0.44462E-02    0.12848E-06    0.69211E-02    0.44290E-07    0.46712E-02    0.53832E-03    0.94299E-01    0.65993E-03    0.11765E+00    0.55049E-03    0.96656E-01    0.39000E-03    0.46512E-01    0.52843E-03    0.81988E-01    0.40259E-03    0.49737E-01    0.63303E-07    0.38544E-06    0.81199E-07    0.63303E-07    0.00000E+00    0.38544E-06    0.00000E+00    0.81199E-07    0.00000E+00    0.35582E-03    0.00000E+00    0.87799E-03    0.00000E+00    0.40299E-03    0.00000E+00    0.26370E-03    0.00000E+00    0.68406E-03    0.00000E+00    0.28705E-03    0.00000E+00    0.10260E-07    0.10382E-07    0.10277E-07    0.00000E+00    0.10260E-01    0.00000E+00    0.10382E-01    0.00000E+00    0.10277E-01    0.70935E-03    0.14325E+00    0.51752E-03    0.14409E+00    0.68687E-03    0.14336E+00    0.55516E-03    0.10734E+00    0.45061E-03    0.12298E+00    0.54122E-03    0.10942E+00
45200  13    0.21258E-06    0.33227E-06    0.22346E-06    0.20819E-06    0.43931E-02    0.32544E-06    0.68240E-02    0.21885E-06    0.46141E-02    0.95569E-03    0.93735E-01    0.10082E-02    0.11682E+00    0.96058E-03    0.96063E-01    0.77356E-03    0.46188E-01    0.81161E-03    0.81492E-01    0.77702E-03    0.49398E-01    0.36740E-06    0.97633E-06    0.40123E-06    0.36740E-06    0.00000E+00    0.97633E-06    0.00000E+00    0.40123E-06    0.00000E+00    0.85720E-03    0.00000E+00    0.13974E-02    0.00000E+00    0.89580E-03    0.00000E+00    0.69089E-03    0.00000E+00    0.12198E-02    0.00000E+00    0.72027E-03    0.00000E+00    0.10138E-07    0.10236E-07    0.10151E-07    0.00000E+00    0.10138E-01    0.00000E+00    0.10236E-01    0.00000E+00    0.10151E-01    0.10709E-02    0.14239E+00    0.74051E-03    0.14308E+00    0.10330E-02    0.14248E+00    0.88167E-03    0.10659E+00    0.60752E-03    0.12224E+00    0.84512E-03    0.10867E+00
45300  14    0.31531E-07    0.10419E-06    0.38136E-07    0.27112E-07    0.44185E-02    0.97313E-07    0.68809E-02    0.33494E-07    0.46424E-02    0.53686E-03    0.94005E-01    0.65866E-03    0.11731E+00    0.54905E-03    0.96357E-01    0.36600E-03    0.46328E-01    0.50325E-03    0.81778E-01    0.37848E-03    0.49551E-01    0.47845E-07    0.29194E-06    0.61405E-07    0.47845E-07    0.00000E+00    0.29194E-06    0.00000E+00    0.61405E-07    0.00000E+00    0.30934E-03    0.00000E+00    0.76412E-03    0.00000E+00    0.35044E-03    0.00000E+00    0.21617E-03    0.00000E+00    0.54018E-03    0.00000E+00    0.23417E-03    0.00000E+00    0.10197E-07    0.10321E-07    0.10213E-07    0.00000E+00    0.10197E-01    0.00000E+00    0.10321E-01    0.00000E+00    0.10213E-01    0.73485E-03    0.14280E+00    0.59901E-03    0.14368E+00    0.71822E-03    0.14292E+00    0.56194E-03    0.10691E+00    0.48479E-03    0.12267E+00    0.55165E-03    0.10901E+00
45400  0    0.86890E-07    0.85222E-07    0.86738E-07    0.82469E-07    0.44211E-02    0.78321E-07    0.69016E-02    0.82092E-07    0.46466E-02    0.71807E-03    0.94033E-01    0.85803E-03    0.11749E+00    0.73190E-03    0.96401E-01    0.53459E-03    0.46327E-01    0.68523E-03    0.81890E-01    0.54828E-03    0.49560E-01    0.14553E-06    0.23496E-06    0.15050E-06    0.14553E-06    0.00000E+00    0.23496E-06    0.00000E+00    0.15050E-06    0.00000E+00    0.53950E-03    0.00000E+00    0.68551E-03    0.00000E+00    0.54864E-03    0.00000E+00    0.40319E-03    0.00000E+00    0.50998E-03    0.00000E+00    0.40913E-03    0.00000E+00    0.10202E-07    0.10352E-07    0.10222E-07    0.00000E+00    0.10202E-01    0.00000E+00    0.10352E-01    0.00000E+00    0.10222E-01    0.89959E-03    0.14285E+00    0.93239E-03    0.14389E+00    0.90403E-03    0.14299E+00    0.70641E-03    0.10691E+00    0.77286E-03    0.12283E+00    0.71527E-03    0.10903E+00
45500  1    0.31721E-07    0.99335E-07    0.37868E-07    0.27331E-07    0.43906E-02    0.92495E-07    0.68402E-02    0.33255E-07    0.46132E-02    0.54220E-03    0.93708E-01    0.66005E-03    0.11696E+00    0.55395E-03    0.96055E-01    0.36673E-03    0.46155E-01    0.51053E-03    0.81586E-01    0.37980E-03    0.49376E-01    0.48231E-07    0.27749E-06    0.60967E-07    0.48231E-07    0.00000E+00    0.27749E-06    0.00000E+00    0.60967E-07    0.00000E+00    0.31058E-03    0.00000E+00    0.74496E-03    0.00000E+00    0.34919E-03    0.00000E+00    0.21506E-03    0.00000E+00    0.53655E-03    0.00000E+00    0.23292E-03    0.00000E+00    0.10132E-07    0.10260E-07    0.10149E-07    0.00000E+00    0.10132E-01    0.00000E+00    0.10260E-01    0.00000E+00    0.10149E-01    0.74315E-03    0.14235E+00    0.61319E-03    0.14325E+00    0.72717E-03    0.14247E+00    0.56506E-03    0.10651E+00    0.49752E-03    0.12238E+00    0.55606E-03    0.10863E+00
45600  2    0.31287E-07    0.10313E-06    0.37818E-07    0.26935E-07    0.43513E-02    0.96354E-07    0.67731E-02    0.33246E-07    0.45715E-02    0.53459E-03    0.93288E-01    0.65079E-03    0.11639E+00    0.54618E-03    0.95619E-01    0.36480E-03    0.45935E-01    0.49666E-03    0.81221E-01    0.37679E-03    0.49143E-01    0.47533E-07    0.28906E-06    0.60951E-07    0.47533E-07    0.00000E+00    0.28906E-06    0.00000E+00    0.60951E-07    0.00000E+00    0.30833E-03    0.00000E+00    0.76034E-03    0.00000E+00    0.34915E-03    0.00000E+00    0.21570E-03    0.00000E+00    0.54137E-03    0.00000E+00    0.23379E-03    0.00000E+00    0.10042E-07    0.10160E-07    0.10057E-07    0.00000E+00    0.10042E-01    0.00000E+00    0.10160E-01    0.00000E+00    0.10057E-01    0.73157E-03    0.14171E+00    0.58842E-03    0.14255E+00    0.71415E-03    0.14183E+00    0.55977E-03    0.10600E+00    0.47431E-03    0.12183E+00    0.54838E-03    0.10811E+00
45700  3    0.31266E-07    0.98747E-07    0.37401E-07    0.26931E-07    0.43354E-02    0.91988E-07    0.67583E-02    0.32845E-07    0.45557E-02    0.53273E-03    0.93117E-01    0.65515E-03    0.11626E+00    0.54499E-03    0.95453E-01    0.36286E-03    0.45839E-01    0.50321E-03    0.81172E-01    0.37562E-03    0.49051E-01    0.47525E-07    0.27597E-06    0.60216E-07    0.47525E-07    0.00000E+00    0.27597E-06    0.00000E+00    0.60216E-07    0.00000E+00    0.30830E-03    0.00000E+00    0.74292E-03    0.00000E+00    0.34703E-03    0.00000E+00    0.21425E-03    0.00000E+00    0.52278E-03    0.00000E+00    0.23140E-03    0.00000E+00    0.10005E-07    0.10137E-07    0.10022E-07    0.00000E+00    0.10005E-01    0.00000E+00    0.10137E-01    0.00000E+00    0.10022E-01    0.72844E-03    0.14146E+00    0.60652E-03    0.14239E+00    0.71339E-03    0.14158E+00    0.55718E-03    0.10578E+00    0.49343E-03    0.12176E+00    0.54868E-03    0.10791E+00
45800  4    0.11026E-05    0.10093E-05    0.10941E-05    0.10984E-05    0.42358E-02    0.10028E-05    0.65673E-02    0.10897E-05    0.44477E-02    0.20763E-02    0.92041E-01    0.20996E-02    0.11461E+00    0.20784E-02    0.94316E-01    0.17036E-02    0.45287E-01    0.16975E-02    0.80341E-01    0.17031E-02    0.48473E-01    0.19383E-05    0.30083E-05    0.19978E-05    0.19383E-05    0.00000E+00    0.30083E-05    0.00000E+00    0.19978E-05    0.00000E+00    0.19689E-02    0.00000E+00    0.24529E-02    0.00000E+00    0.19989E-02    0.00000E+00    0.16171E-02    0.00000E+00    0.20538E-02    0.00000E+00    0.16414E-02    0.00000E+00    0.97749E-08    0.98509E-08    0.97850E-08    0.00000E+00    0.97749E-02    0.00000E+00    0.98509E-02    0.00000E+00    0.97850E-02    0.22088E-02    0.13982E+00    0.18984E-02    0.14036E+00    0.21700E-02    0.13989E+00    0.18168E-02    0.10451E+00    0.15193E-02    0.12051E+00    0.17771E-02    0.10664E+00
45900  5    0.30827E-07    0.10113E-06    0.37218E-07    0.26520E-07    0.43067E-02    0.94414E-07    0.67168E-02    0.32692E-07    0.45258E-02    0.52889E-03    0.92808E-01    0.64717E-03    0.11590E+00    0.54071E-03    0.95140E-01    0.36147E-03    0.45658E-01    0.49495E-03    0.80969E-01    0.37361E-03    0.48868E-01    0.46800E-07    0.28324E-06    0.59936E-07    0.46800E-07    0.00000E+00    0.28324E-06    0.00000E+00    0.59936E-07    0.00000E+00    0.30594E-03    0.00000E+00    0.75265E-03    0.00000E+00    0.34623E-03    0.00000E+00    0.21410E-03    0.00000E+00    0.53366E-03    0.00000E+00    0.23185E-03    0.00000E+00    0.99385E-08    0.10075E-07    0.99567E-08    0.00000E+00    0.99385E-02    0.00000E+00    0.10075E-01    0.00000E+00    0.99567E-02    0.72326E-03    0.14099E+00    0.58736E-03    0.14195E+00    0.70666E-03    0.14112E+00    0.55419E-03    0.10537E+00    0.47559E-03    0.12145E+00    0.54371E-03    0.10751E+00
46000  6    0.31688E-07    0.10012E-06    0.37909E-07    0.27414E-07    0.42737E-02    0.93464E-07    0.66571E-02    0.33419E-07    0.44904E-02    0.52454E-03    0.92452E-01    0.63808E-03    0.11539E+00    0.53586E-03    0.94767E-01    0.36496E-03    0.45473E-01    0.49081E-03    0.80641E-01    0.37640E-03    0.48670E-01    0.48378E-07    0.28039E-06    0.61268E-07    0.48378E-07    0.00000E+00    0.28039E-06    0.00000E+00    0.61268E-07    0.00000E+00    0.31106E-03    0.00000E+00    0.74885E-03    0.00000E+00    0.35005E-03    0.00000E+00    0.22289E-03    0.00000E+00    0.52784E-03    0.00000E+00    0.23983E-03    0.00000E+00    0.98624E-08    0.99857E-08    0.98789E-08    0.00000E+00    0.98624E-02    0.00000E+00    0.99857E-02    0.00000E+00    0.98789E-02    0.71304E-03    0.14045E+00    0.57474E-03    0.14132E+00    0.69619E-03    0.14056E+00    0.55074E-03    0.10494E+00    0.47230E-03    0.12096E+00    0.54028E-03    0.10707E+00
46100  7    0.33816E-07    0.11223E-06    0.40944E-07    0.29567E-07    0.42489E-02    0.10560E-06    0.66274E-02    0.36479E-07    0.44651E-02    0.53814E-03    0.92183E-01    0.64576E-03    0.11513E+00    0.54880E-03    0.94500E-01    0.37110E-03    0.45315E-01    0.49217E-03    0.80479E-01    0.38210E-03    0.48512E-01    0.52178E-07    0.31680E-06    0.66879E-07    0.52178E-07    0.00000E+00    0.31680E-06    0.00000E+00    0.66879E-07    0.00000E+00    0.32304E-03    0.00000E+00    0.79598E-03    0.00000E+00    0.36573E-03    0.00000E+00    0.22540E-03    0.00000E+00    0.58718E-03    0.00000E+00    0.24549E-03    0.00000E+00    0.98051E-08    0.99411E-08    0.98232E-08    0.00000E+00    0.98051E-02    0.00000E+00    0.99411E-02    0.00000E+00    0.98232E-02    0.72927E-03    0.14004E+00    0.55562E-03    0.14100E+00    0.70858E-03    0.14017E+00    0.56163E-03    0.10457E+00    0.44466E-03    0.12072E+00    0.54603E-03    0.10673E+00
46200  8    0.31378E-07    0.10535E-06    0.38103E-07    0.27142E-07    0.42358E-02    0.98750E-07    0.66027E-02    0.33652E-07    0.44510E-02    0.52717E-03    0.92041E-01    0.63800E-03    0.11491E+00    0.53819E-03    0.94350E-01    0.36258E-03    0.45221E-01    0.48661E-03    0.80348E-01    0.37385E-03    0.48414E-01    0.47898E-07    0.29625E-06    0.61695E-07    0.47898E-07    0.00000E+00    0.29625E-06    0.00000E+00    0.61695E-07    0.00000E+00    0.30951E-03    0.00000E+00    0.76974E-03    0.00000E+00    0.35127E-03    0.00000E+00    0.21785E-03    0.00000E+00    0.55906E-03    0.00000E+00    0.23680E-03    0.00000E+00    0.97750E-08    0.99040E-08    0.97922E-08    0.00000E+00    0.97750E-02    0.00000E+00    0.99040E-02    0.00000E+00    0.97922E-02    0.71837E-03    0.13982E+00    0.56063E-03    0.14074E+00    0.69940E-03    0.13994E+00    0.55185E-03    0.10436E+00    0.45038E-03    0.12052E+00    0.53832E-03    0.10651E+00
46300  9    0.30409E-07    0.99716E-07    0.36710E-07    0.26183E-07    0.42259E-02    0.93119E-07    0.65971E-02    0.32269E-07    0.44414E-02    0.52354E-03    0.91933E-01    0.63954E-03    0.11487E+00    0.53512E-03    0.94249E-01    0.35867E-03    0.45165E-01    0.48856E-03    0.80343E-01    0.37048E-03    0.48363E-01    0.46206E-07    0.27936E-06    0.59159E-07    0.46206E-07    0.00000E+00    0.27936E-06    0.00000E+00    0.59159E-07    0.00000E+00    0.30399E-03    0.00000E+00    0.74747E-03    0.00000E+00    0.34397E-03    0.00000E+00    0.21322E-03    0.00000E+00    0.53027E-03    0.00000E+00    0.23084E-03    0.00000E+00    0.97520E-08    0.98956E-08    0.97712E-08    0.00000E+00    0.97520E-02    0.00000E+00    0.98956E-02    0.00000E+00    0.97712E-02    0.71531E-03    0.13966E+00    0.57807E-03    0.14068E+00    0.69857E-03    0.13979E+00    0.54887E-03    0.10423E+00    0.46770E-03    0.12051E+00    0.53805E-03    0.10640E+00
46400  10    0.37690E-07    0.93506E-07    0.42764E-07    0.33485E-07    0.42047E-02    0.86954E-07    0.65521E-02    0.38346E-07    0.44181E-02    0.57216E-03    0.91702E-01    0.68429E-03    0.11447E+00    0.58324E-03    0.94001E-01    0.40053E-03    0.45038E-01    0.54578E-03    0.80068E-01    0.41374E-03    0.48223E-01    0.59091E-07    0.26086E-06    0.70300E-07    0.59091E-07    0.00000E+00    0.26086E-06    0.00000E+00    0.70300E-07    0.00000E+00    0.34378E-03    0.00000E+00    0.72231E-03    0.00000E+00    0.37497E-03    0.00000E+00    0.25099E-03    0.00000E+00    0.56015E-03    0.00000E+00    0.26816E-03    0.00000E+00    0.97031E-08    0.98282E-08    0.97198E-08    0.00000E+00    0.97031E-02    0.00000E+00    0.98282E-02    0.00000E+00    0.97198E-02    0.77518E-03    0.13931E+00    0.66447E-03    0.14020E+00    0.76135E-03    0.13943E+00    0.59609E-03    0.10393E+00    0.53860E-03    0.12010E+00    0.58843E-03    0.10609E+00
46500  11    0.39155E-07    0.10971E-06    0.45569E-07    0.34980E-07    0.41747E-02    0.10319E-06    0.65171E-02    0.41181E-07    0.43876E-02    0.56854E-03    0.91375E-01    0.67517E-03    0.11417E+00    0.57905E-03    0.93676E-01    0.40146E-03    0.44861E-01    0.52332E-03    0.79866E-01    0.41254E-03    0.48044E-01    0.61730E-07    0.30958E-06    0.75499E-07    0.61730E-07    0.00000E+00    0.30958E-06    0.00000E+00    0.75499E-07    0.00000E+00    0.35137E-03    0.00000E+00    0.78686E-03    0.00000E+00    0.38858E-03    0.00000E+00    0.25468E-03    0.00000E+00    0.59195E-03    0.00000E+00    0.27342E-03    0.00000E+00    0.96339E-08    0.97756E-08    0.96528E-08    0.00000E+00    0.96339E-02    0.00000E+00    0.97756E-02    0.00000E+00    0.96528E-02    0.76452E-03    0.13881E+00    0.61172E-03    0.13983E+00    0.74596E-03    0.13894E+00    0.59341E-03    0.10353E+00    0.48900E-03    0.11980E+00    0.57948E-03    0.10570E+00
46600  12    0.29995E-07    0.95813E-07    0.35978E-07    0.25830E-07    0.41647E-02    0.89313E-07    0.64997E-02    0.31601E-07    0.43769E-02    0.52139E-03    0.91265E-01    0.63620E-03    0.11401E+00    0.53285E-03    0.93562E-01    0.35642E-03    0.44808E-01    0.48813E-03    0.79782E-01    0.36839E-03    0.47988E-01    0.45582E-07    0.26794E-06    0.57935E-07    0.45582E-07    0.00000E+00    0.26794E-06    0.00000E+00    0.57935E-07    0.00000E+00    0.30193E-03    0.00000E+00    0.73204E-03    0.00000E+00    0.34040E-03    0.00000E+00    0.21101E-03    0.00000E+00    0.52017E-03    0.00000E+00    0.22818E-03    0.00000E+00    0.96108E-08    0.97495E-08    0.96293E-08    0.00000E+00    0.96108E-02    0.00000E+00    0.97495E-02    0.00000E+00    0.96293E-02    0.71283E-03    0.13864E+00    0.58240E-03    0.13964E+00    0.69685E-03    0.13878E+00    0.54657E-03    0.10340E+00    0.47211E-03    0.11967E+00    0.53664E-03    0.10557E+00
46700  13    0.30216E-07    0.92132E-07    0.35844E-07    0.26068E-07    0.41476E-02    0.85659E-07    0.64732E-02    0.31485E-07    0.43590E-02    0.52632E-03    0.91078E-01    0.63720E-03    0.11378E+00    0.53735E-03    0.93371E-01    0.35712E-03    0.44711E-01    0.49316E-03    0.79632E-01    0.36948E-03    0.47886E-01    0.46002E-07    0.25698E-06    0.57723E-07    0.46002E-07    0.00000E+00    0.25698E-06    0.00000E+00    0.57723E-07    0.00000E+00    0.30332E-03    0.00000E+00    0.71691E-03    0.00000E+00    0.33977E-03    0.00000E+00    0.20988E-03    0.00000E+00    0.51634E-03    0.00000E+00    0.22691E-03    0.00000E+00    0.95714E-08    0.97098E-08    0.95899E-08    0.00000E+00    0.95714E-02    0.00000E+00    0.97098E-02    0.00000E+00    0.95899E-02    0.72038E-03    0.13836E+00    0.59334E-03    0.13935E+00    0.70476E-03    0.13849E+00    0.54965E-03    0.10318E+00    0.48157E-03    0.11945E+00    0.54057E-03    0.10535E+00
46800  14    0.66881E-07    0.99177E-07    0.69817E-07    0.62759E-07    0.41218E-02    0.92735E-07    0.64416E-02    0.65484E-07    0.43327E-02    0.61836E-03    0.90794E-01    0.71493E-03    0.11350E+00    0.62776E-03    0.93088E-01    0.49179E-03    0.44569E-01    0.58236E-03    0.79421E-01    0.50002E-03    0.47738E-01    0.11075E-06    0.27821E-06    0.12005E-06    0.11075E-06    0.00000E+00    0.27821E-06    0.00000E+00    0.12005E-06    0.00000E+00    0.47064E-03    0.00000E+00    0.74593E-03    0.00000E+00    0.49001E-03    0.00000E+00    0.38509E-03    0.00000E+00    0.52684E-03    0.00000E+00    0.39297E-03    0.00000E+00    0.95119E-08    0.96625E-08    0.95320E-08    0.00000E+00    0.95119E-02    0.00000E+00    0.96625E-02    0.00000E+00    0.95320E-02    0.76990E-03    0.13793E+00    0.69892E-03    0.13901E+00    0.76082E-03    0.13807E+00    0.63131E-03    0.10285E+00    0.61012E-03    0.11913E+00    0.62849E-03    0.10502E+00
46900  15    0.29652E-07    0.93994E-07    0.35502E-07    0.25547E-07    0.41054E-02    0.87583E-07    0.64108E-02    0.31187E-07    0.43150E-02    0.51712E-03    0.90613E-01    0.63103E-03    0.11323E+00    0.52849E-03    0.92897E-01    0.35418E-03    0.44486E-01    0.48420E-03    0.79267E-01    0.36600E-03    0.47648E-01    0.45083E-07    0.26275E-06    0.57176E-07    0.45083E-07    0.00000E+00    0.26275E-06    0.00000E+00    0.57176E-07    0.00000E+00    0.30028E-03    0.00000E+00    0.72491E-03    0.00000E+00    0.33816E-03    0.00000E+00    0.21024E-03    0.00000E+00    0.51332E-03    0.00000E+00    0.22707E-03    0.00000E+00    0.94740E-08    0.96162E-08    0.94929E-08    0.00000E+00    0.94740E-02    0.00000E+00    0.96162E-02    0.00000E+00    0.94929E-02    0.70653E-03    0.13765E+00    0.57840E-03    0.13868E+00    0.69082E-03    0.13779E+00    0.54242E-03    0.10266E+00    0.46965E-03    0.11890E+00    0.53271E-03    0.10482E+00
47000  16    0.30293E-07    0.98773E-07    0.36518E-07    0.26209E-07    0.40843E-02    0.92388E-07    0.63854E-02    0.32225E-07    0.42935E-02    0.51015E-03    0.90380E-01    0.62770E-03    0.11301E+00    0.52193E-03    0.92666E-01    0.35589E-03    0.44375E-01    0.48520E-03    0.79131E-01    0.36764E-03    0.47535E-01    0.46251E-07    0.27716E-06    0.59079E-07    0.46251E-07    0.00000E+00    0.27716E-06    0.00000E+00    0.59079E-07    0.00000E+00    0.30414E-03    0.00000E+00    0.74453E-03    0.00000E+00    0.34374E-03    0.00000E+00    0.21640E-03    0.00000E+00    0.53206E-03    0.00000E+00    0.23394E-03    0.00000E+00    0.94253E-08    0.95780E-08    0.94456E-08    0.00000E+00    0.94253E-02    0.00000E+00    0.95780E-02    0.00000E+00    0.94456E-02    0.69254E-03    0.13730E+00    0.56023E-03    0.13841E+00    0.67640E-03    0.13745E+00    0.53829E-03    0.10240E+00    0.46176E-03    0.11870E+00    0.52809E-03    0.10458E+00
47100  17    0.29421E-07    0.92485E-07    0.35154E-07    0.25348E-07    0.40735E-02    0.86122E-07    0.63625E-02    0.30872E-07    0.42816E-02    0.51538E-03    0.90261E-01    0.62810E-03    0.11280E+00    0.52663E-03    0.92537E-01    0.35285E-03    0.44303E-01    0.48244E-03    0.78970E-01    0.36463E-03    0.47454E-01    0.44731E-07    0.25837E-06    0.56600E-07    0.44731E-07    0.00000E+00    0.25837E-06    0.00000E+00    0.56600E-07    0.00000E+00    0.29910E-03    0.00000E+00    0.71884E-03    0.00000E+00    0.33645E-03    0.00000E+00    0.20926E-03    0.00000E+00    0.51018E-03    0.00000E+00    0.22598E-03    0.00000E+00    0.94004E-08    0.95437E-08    0.94195E-08    0.00000E+00    0.94004E-02    0.00000E+00    0.95437E-02    0.00000E+00    0.94195E-02    0.70426E-03    0.13712E+00    0.57740E-03    0.13816E+00    0.68869E-03    0.13726E+00    0.54062E-03    0.10224E+00    0.46857E-03    0.11845E+00    0.53101E-03    0.10440E+00
47200  18    0.29546E-07    0.96232E-07    0.35608E-07    0.25502E-07    0.40441E-02    0.89909E-07    0.63234E-02    0.31357E-07    0.42513E-02    0.51292E-03    0.89935E-01    0.62383E-03    0.11246E+00    0.52397E-03    0.92210E-01    0.35282E-03    0.44154E-01    0.47624E-03    0.78752E-01    0.36404E-03    0.47299E-01    0.45003E-07    0.26973E-06    0.57488E-07    0.45003E-07    0.00000E+00    0.26973E-06    0.00000E+00    0.57488E-07    0.00000E+00    0.30001E-03    0.00000E+00    0.73447E-03    0.00000E+00    0.33908E-03    0.00000E+00    0.21126E-03    0.00000E+00    0.52396E-03    0.00000E+00    0.22864E-03    0.00000E+00    0.93326E-08    0.94851E-08    0.93529E-08    0.00000E+00    0.93326E-02    0.00000E+00    0.94851E-02    0.00000E+00    0.93529E-02    0.69958E-03    0.13662E+00    0.56038E-03    0.13773E+00    0.68266E-03    0.13677E+00    0.53793E-03    0.10189E+00    0.45238E-03    0.11813E+00    0.52652E-03    0.10406E+00
47300  19    0.28446E-06    0.29503E-06    0.28542E-06    0.28044E-06    0.40158E-02    0.28878E-06    0.62583E-02    0.28120E-06    0.42196E-02    0.11563E-02    0.89619E-01    0.11739E-02    0.11188E+00    0.11579E-02    0.91865E-01    0.10054E-02    0.43994E-01    0.10012E-02    0.78377E-01    0.10050E-02    0.47120E-01    0.49490E-06    0.86633E-06    0.51553E-06    0.49490E-06    0.00000E+00    0.86633E-06    0.00000E+00    0.51553E-06    0.00000E+00    0.99489E-03    0.00000E+00    0.13163E-02    0.00000E+00    0.10154E-02    0.00000E+00    0.86668E-03    0.00000E+00    0.98259E-03    0.00000E+00    0.87312E-03    0.00000E+00    0.92671E-08    0.93875E-08    0.92832E-08    0.00000E+00    0.92671E-02    0.00000E+00    0.93875E-02    0.00000E+00    0.92832E-02    0.13383E-02    0.13614E+00    0.10958E-02    0.13702E+00    0.13086E-02    0.13626E+00    0.11867E-02    0.10152E+00    0.10106E-02    0.11756E+00    0.11632E-02    0.10366E+00
47400  20    0.29152E-07    0.91464E-07    0.34817E-07    0.25135E-07    0.40170E-02    0.85184E-07    0.62801E-02    0.30594E-07    0.42227E-02    0.51352E-03    0.89632E-01    0.62454E-03    0.11207E+00    0.52458E-03    0.91899E-01    0.35111E-03    0.43988E-01    0.47968E-03    0.78462E-01    0.36280E-03    0.47122E-01    0.44356E-07    0.25555E-06    0.56089E-07    0.44356E-07    0.00000E+00    0.25555E-06    0.00000E+00    0.56089E-07    0.00000E+00    0.29784E-03    0.00000E+00    0.71492E-03    0.00000E+00    0.33493E-03    0.00000E+00    0.20802E-03    0.00000E+00    0.50989E-03    0.00000E+00    0.22479E-03    0.00000E+00    0.92700E-08    0.94202E-08    0.92900E-08    0.00000E+00    0.92700E-02    0.00000E+00    0.94202E-02    0.00000E+00    0.92900E-02    0.70181E-03    0.13616E+00    0.57404E-03    0.13726E+00    0.68615E-03    0.13631E+00    0.53823E-03    0.10151E+00    0.46458E-03    0.11769E+00    0.52841E-03    0.10367E+00
47500  21    0.30327E-07    0.85885E-07    0.35378E-07    0.26330E-07    0.39965E-02    0.79626E-07    0.62590E-02    0.31176E-07    0.42021E-02    0.51452E-03    0.89403E-01    0.63583E-03    0.11188E+00    0.52670E-03    0.91675E-01    0.35373E-03    0.43877E-01    0.49389E-03    0.78313E-01    0.36648E-03    0.47007E-01    0.46466E-07    0.23888E-06    0.57155E-07    0.46466E-07    0.00000E+00    0.23888E-06    0.00000E+00    0.57155E-07    0.00000E+00    0.30485E-03    0.00000E+00    0.69120E-03    0.00000E+00    0.33810E-03    0.00000E+00    0.21051E-03    0.00000E+00    0.48129E-03    0.00000E+00    0.22555E-03    0.00000E+00    0.92226E-08    0.93885E-08    0.92447E-08    0.00000E+00    0.92226E-02    0.00000E+00    0.93885E-02    0.00000E+00    0.92447E-02    0.69956E-03    0.13581E+00    0.60625E-03    0.13703E+00    0.68785E-03    0.13598E+00    0.54103E-03    0.10125E+00    0.50018E-03    0.11747E+00    0.53558E-03    0.10342E+00
47600  22    0.30636E-07    0.90069E-07    0.36039E-07    0.26649E-07    0.39866E-02    0.83828E-07    0.62406E-02    0.31847E-07    0.41916E-02    0.50714E-03    0.89293E-01    0.61976E-03    0.11172E+00    0.51839E-03    0.91559E-01    0.35617E-03    0.43826E-01    0.48163E-03    0.78219E-01    0.36757E-03    0.46953E-01    0.47028E-07    0.25148E-06    0.58387E-07    0.47028E-07    0.00000E+00    0.25148E-06    0.00000E+00    0.58387E-07    0.00000E+00    0.30669E-03    0.00000E+00    0.70920E-03    0.00000E+00    0.34172E-03    0.00000E+00    0.21913E-03    0.00000E+00    0.49353E-03    0.00000E+00    0.23437E-03    0.00000E+00    0.91999E-08    0.93610E-08    0.92214E-08    0.00000E+00    0.91999E-02    0.00000E+00    0.93610E-02    0.00000E+00    0.92214E-02    0.68594E-03    0.13565E+00    0.56980E-03    0.13683E+00    0.67162E-03    0.13580E+00    0.53538E-03    0.10114E+00    0.47569E-03    0.11733E+00    0.52742E-03    0.10330E+00
47700  0    0.69509E-07    0.69640E-07    0.69521E-07    0.65530E-07    0.39791E-02    0.63410E-07    0.62294E-02    0.65338E-07    0.41837E-02    0.65536E-03    0.89209E-01    0.80095E-03    0.11162E+00    0.66991E-03    0.91473E-01    0.47836E-03    0.43768E-01    0.64317E-03    0.78048E-01    0.49334E-03    0.46884E-01    0.11564E-06    0.19023E-06    0.11979E-06    0.11564E-06    0.00000E+00    0.19023E-06    0.00000E+00    0.11979E-06    0.00000E+00    0.48092E-03    0.00000E+00    0.61682E-03    0.00000E+00    0.48946E-03    0.00000E+00    0.35451E-03    0.00000E+00    0.44452E-03    0.00000E+00    0.35951E-03    0.00000E+00    0.91825E-08    0.93441E-08    0.92041E-08    0.00000E+00    0.91825E-02    0.00000E+00    0.93441E-02    0.00000E+00    0.92041E-02    0.82988E-03    0.13552E+00    0.87867E-03    0.13670E+00    0.83655E-03    0.13568E+00    0.64031E-03    0.10100E+00    0.74250E-03    0.11707E+00    0.65393E-03    0.10315E+00
47800  1    0.28777E-07    0.86152E-07    0.33993E-07    0.24825E-07    0.39513E-02    0.79967E-07    0.61855E-02    0.29838E-07    0.41544E-02    0.50866E-03    0.88896E-01    0.62062E-03    0.11122E+00    0.51984E-03    0.91152E-01    0.34821E-03    0.43617E-01    0.47930E-03    0.77839E-01    0.36013E-03    0.46728E-01    0.43810E-07    0.23990E-06    0.54704E-07    0.43810E-07    0.00000E+00    0.23990E-06    0.00000E+00    0.54704E-07    0.00000E+00    0.29601E-03    0.00000E+00    0.69268E-03    0.00000E+00    0.33077E-03    0.00000E+00    0.20585E-03    0.00000E+00    0.49007E-03    0.00000E+00    0.22164E-03    0.00000E+00    0.91183E-08    0.92782E-08    0.91396E-08    0.00000E+00    0.91183E-02    0.00000E+00    0.92782E-02    0.00000E+00    0.91396E-02    0.69463E-03    0.13504E+00    0.58125E-03    0.13622E+00    0.68060E-03    0.13520E+00    0.53438E-03    0.10065E+00    0.47392E-03    0.11676E+00    0.52632E-03    0.10280E+00
47900  2    0.30610E-07    0.94425E-07    0.36411E-07    0.26672E-07    0.39378E-02    0.88257E-07    0.61677E-02    0.32271E-07    0.41405E-02    0.51931E-03    0.88745E-01    0.61898E-03    0.11106E+00    0.52915E-03    0.91000E-01    0.35659E-03    0.43552E-01    0.47567E-03    0.77730E-01    0.36741E-03    0.46659E-01    0.47068E-07    0.26477E-06    0.59163E-07    0.47068E-07    0.00000E+00    0.26477E-06    0.00000E+00    0.59163E-07    0.00000E+00    0.30682E-03    0.00000E+00    0.72770E-03    0.00000E+00    0.34399E-03    0.00000E+00    0.21377E-03    0.00000E+00    0.52992E-03    0.00000E+00    0.23134E-03    0.00000E+00    0.90873E-08    0.92515E-08    0.91092E-08    0.00000E+00    0.90873E-02    0.00000E+00    0.92515E-02    0.00000E+00    0.91092E-02    0.70657E-03    0.13481E+00    0.55671E-03    0.13603E+00    0.68848E-03    0.13498E+00    0.54335E-03    0.10050E+00    0.44855E-03    0.11659E+00    0.53071E-03    0.10265E+00
48000  3    0.28825E-07    0.89876E-07    0.34375E-07    0.24913E-07    0.39115E-02    0.83750E-07    0.61260E-02    0.30262E-07    0.41128E-02    0.50202E-03    0.88447E-01    0.61510E-03    0.11069E+00    0.51333E-03    0.90695E-01    0.34759E-03    0.43389E-01    0.47406E-03    0.77451E-01    0.35908E-03    0.46486E-01    0.43965E-07    0.25125E-06    0.55481E-07    0.43965E-07    0.00000E+00    0.25125E-06    0.00000E+00    0.55481E-07    0.00000E+00    0.29653E-03    0.00000E+00    0.70887E-03    0.00000E+00    0.33311E-03    0.00000E+00    0.20879E-03    0.00000E+00    0.49952E-03    0.00000E+00    0.22494E-03    0.00000E+00    0.90265E-08    0.91890E-08    0.90481E-08    0.00000E+00    0.90265E-02    0.00000E+00    0.91890E-02    0.00000E+00    0.90481E-02    0.68310E-03    0.13436E+00    0.56238E-03    0.13557E+00    0.66826E-03    0.13452E+00    0.52909E-03    0.10013E+00    0.46133E-03    0.11618E+00    0.52006E-03    0.10227E+00
48100  4    0.28827E-07    0.84327E-07    0.33873E-07    0.24928E-07    0.38993E-02    0.78214E-07    0.61127E-02    0.29772E-07    0.41005E-02    0.50419E-03    0.88310E-01    0.61561E-03    0.11057E+00    0.51531E-03    0.90559E-01    0.34711E-03    0.43334E-01    0.47508E-03    0.77344E-01    0.35875E-03    0.46426E-01    0.43991E-07    0.23464E-06    0.54583E-07    0.43991E-07    0.00000E+00    0.23464E-06    0.00000E+00    0.54583E-07    0.00000E+00    0.29662E-03    0.00000E+00    0.68504E-03    0.00000E+00    0.33040E-03    0.00000E+00    0.20673E-03    0.00000E+00    0.47908E-03    0.00000E+00    0.22186E-03    0.00000E+00    0.89984E-08    0.91691E-08    0.90211E-08    0.00000E+00    0.89984E-02    0.00000E+00    0.91691E-02    0.00000E+00    0.90211E-02    0.68671E-03    0.13415E+00    0.57777E-03    0.13542E+00    0.67320E-03    0.13432E+00    0.53070E-03    0.10000E+00    0.47309E-03    0.11602E+00    0.52302E-03    0.10214E+00
48200  5    0.31555E-06    0.16168E-06    0.30156E-06    0.31164E-06    0.39134E-02    0.15554E-06    0.61400E-02    0.29745E-06    0.41159E-02    0.11567E-02    0.88470E-01    0.13631E-02    0.11082E+00    0.11770E-02    0.90729E-01    0.92729E-03    0.43402E-01    0.11520E-02    0.77310E-01    0.94772E-03    0.46484E-01    0.54995E-06    0.46661E-06    0.54532E-06    0.54995E-06    0.00000E+00    0.46661E-06    0.00000E+00    0.54532E-06    0.00000E+00    0.10488E-02    0.00000E+00    0.96603E-03    0.00000E+00    0.10443E-02    0.00000E+00    0.86244E-03    0.00000E+00    0.83643E-03    0.00000E+00    0.86099E-03    0.00000E+00    0.90310E-08    0.92100E-08    0.90549E-08    0.00000E+00    0.90310E-02    0.00000E+00    0.92100E-02    0.00000E+00    0.90549E-02    0.12843E-02    0.13440E+00    0.15233E-02    0.13572E+00    0.13187E-02    0.13457E+00    0.10121E-02    0.10016E+00    0.13098E-02    0.11596E+00    0.10518E-02    0.10227E+00
48300  6    0.23701E-06    0.32024E-06    0.24458E-06    0.23318E-06    0.38280E-02    0.31425E-06    0.59884E-02    0.24055E-06    0.40244E-02    0.10062E-02    0.87499E-01    0.10364E-02    0.10944E+00    0.10089E-02    0.89715E-01    0.81484E-03    0.42942E-01    0.82827E-03    0.76633E-01    0.81606E-03    0.46004E-01    0.41150E-06    0.94276E-06    0.44102E-06    0.41150E-06    0.00000E+00    0.94276E-06    0.00000E+00    0.44102E-06    0.00000E+00    0.90720E-03    0.00000E+00    0.13731E-02    0.00000E+00    0.93917E-03    0.00000E+00    0.73386E-03    0.00000E+00    0.11904E-02    0.00000E+00    0.75923E-03    0.00000E+00    0.88338E-08    0.89826E-08    0.88537E-08    0.00000E+00    0.88338E-02    0.00000E+00    0.89826E-02    0.00000E+00    0.88537E-02    0.11225E-02    0.13292E+00    0.81752E-03    0.13403E+00    0.10868E-02    0.13307E+00    0.92074E-03    0.99096E-01    0.64720E-03    0.11495E+00    0.88427E-03    0.10121E+00
48400  7    0.28053E-07    0.83940E-07    0.33133E-07    0.24203E-07    0.38501E-02    0.77903E-07    0.60373E-02    0.29084E-07    0.40490E-02    0.50201E-03    0.87751E-01    0.61020E-03    0.10988E+00    0.51279E-03    0.89989E-01    0.34441E-03    0.43057E-01    0.47047E-03    0.76813E-01    0.35587E-03    0.46125E-01    0.42710E-07    0.23371E-06    0.53321E-07    0.42710E-07    0.00000E+00    0.23371E-06    0.00000E+00    0.53321E-07    0.00000E+00    0.29227E-03    0.00000E+00    0.68368E-03    0.00000E+00    0.32656E-03    0.00000E+00    0.20398E-03    0.00000E+00    0.48441E-03    0.00000E+00    0.21956E-03    0.00000E+00    0.88849E-08    0.90559E-08    0.89077E-08    0.00000E+00    0.88849E-02    0.00000E+00    0.90559E-02    0.00000E+00    0.89077E-02    0.68548E-03    0.13330E+00    0.56992E-03    0.13458E+00    0.67122E-03    0.13347E+00    0.52805E-03    0.99362E-01    0.46349E-03    0.11522E+00    0.51945E-03    0.10148E+00
48500  8    0.30675E-07    0.95595E-07    0.36577E-07    0.26839E-07    0.38361E-02    0.89575E-07    0.60199E-02    0.32542E-07    0.40347E-02    0.51311E-03    0.87592E-01    0.60911E-03    0.10973E+00    0.52256E-03    0.89829E-01    0.35334E-03    0.42994E-01    0.46929E-03    0.76700E-01    0.36388E-03    0.46058E-01    0.47363E-07    0.26872E-06    0.59661E-07    0.47363E-07    0.00000E+00    0.26872E-06    0.00000E+00    0.59661E-07    0.00000E+00    0.30778E-03    0.00000E+00    0.73311E-03    0.00000E+00    0.34543E-03    0.00000E+00    0.21464E-03    0.00000E+00    0.54249E-03    0.00000E+00    0.23285E-03    0.00000E+00    0.88527E-08    0.90298E-08    0.88763E-08    0.00000E+00    0.88527E-02    0.00000E+00    0.90298E-02    0.00000E+00    0.88763E-02    0.69548E-03    0.13306E+00    0.53647E-03    0.13439E+00    0.67644E-03    0.13324E+00    0.53472E-03    0.99217E-01    0.43269E-03    0.11505E+00    0.52112E-03    0.10133E+00
48600  9    0.29493E-07    0.86657E-07    0.34690E-07    0.25681E-07    0.38122E-02    0.80675E-07    0.59817E-02    0.30681E-07    0.40094E-02    0.49597E-03    0.87318E-01    0.60846E-03    0.10938E+00    0.50723E-03    0.89548E-01    0.34844E-03    0.42837E-01    0.47553E-03    0.76430E-01    0.35999E-03    0.45891E-01    0.45320E-07    0.24202E-06    0.56248E-07    0.45320E-07    0.00000E+00    0.24202E-06    0.00000E+00    0.56248E-07    0.00000E+00    0.30106E-03    0.00000E+00    0.69574E-03    0.00000E+00    0.33540E-03    0.00000E+00    0.21382E-03    0.00000E+00    0.48819E-03    0.00000E+00    0.22907E-03    0.00000E+00    0.87974E-08    0.89725E-08    0.88208E-08    0.00000E+00    0.87974E-02    0.00000E+00    0.89725E-02    0.00000E+00    0.88208E-02    0.67017E-03    0.13265E+00    0.55974E-03    0.13396E+00    0.65652E-03    0.13282E+00    0.52447E-03    0.98854E-01    0.46920E-03    0.11464E+00    0.51710E-03    0.10096E+00
48700  10    0.28870E-07    0.76105E-07    0.33164E-07    0.25067E-07    0.38029E-02    0.70135E-07    0.59703E-02    0.29164E-07    0.39999E-02    0.51033E-03    0.87211E-01    0.62500E-03    0.10927E+00    0.52180E-03    0.89442E-01    0.34680E-03    0.42798E-01    0.49122E-03    0.76314E-01    0.35993E-03    0.45845E-01    0.44236E-07    0.21040E-06    0.53467E-07    0.44236E-07    0.00000E+00    0.21040E-06    0.00000E+00    0.53467E-07    0.00000E+00    0.29744E-03    0.00000E+00    0.64870E-03    0.00000E+00    0.32701E-03    0.00000E+00    0.20357E-03    0.00000E+00    0.46432E-03    0.00000E+00    0.21806E-03    0.00000E+00    0.87759E-08    0.89554E-08    0.87998E-08    0.00000E+00    0.87759E-02    0.00000E+00    0.89554E-02    0.00000E+00    0.87998E-02    0.69664E-03    0.13248E+00    0.61281E-03    0.13383E+00    0.68606E-03    0.13266E+00    0.53410E-03    0.98764E-01    0.50467E-03    0.11447E+00    0.53017E-03    0.10086E+00
48800  11    0.87457E-07    0.92947E-07    0.87957E-07    0.83649E-07    0.38089E-02    0.87001E-07    0.59463E-02    0.83953E-07    0.40032E-02    0.73112E-03    0.87280E-01    0.75174E-03    0.10905E+00    0.73302E-03    0.89478E-01    0.56875E-03    0.42772E-01    0.61352E-03    0.76165E-01    0.57282E-03    0.45807E-01    0.14762E-06    0.26100E-06    0.15391E-06    0.14762E-06    0.00000E+00    0.26100E-06    0.00000E+00    0.15391E-06    0.00000E+00    0.54335E-03    0.00000E+00    0.72250E-03    0.00000E+00    0.55482E-03    0.00000E+00    0.43816E-03    0.00000E+00    0.57777E-03    0.00000E+00    0.44592E-03    0.00000E+00    0.87897E-08    0.89194E-08    0.88070E-08    0.00000E+00    0.87897E-02    0.00000E+00    0.89194E-02    0.00000E+00    0.88070E-02    0.92058E-03    0.13259E+00    0.76594E-03    0.13356E+00    0.90150E-03    0.13272E+00    0.73952E-03    0.98704E-01    0.63139E-03    0.11425E+00    0.72511E-03    0.10078E+00
48900  12    0.38188E-07    0.11452E-06    0.45128E-07    0.34436E-07    0.37518E-02    0.10863E-06    0.58955E-02    0.41181E-07    0.39467E-02    0.50519E-03    0.86623E-01    0.59674E-03    0.10859E+00    0.51419E-03    0.88844E-01    0.36981E-03    0.42481E-01    0.47302E-03    0.75806E-01    0.37919E-03    0.45511E-01    0.60770E-07    0.32588E-06    0.75499E-07    0.60770E-07    0.00000E+00    0.32588E-06    0.00000E+00    0.75499E-07    0.00000E+00    0.34863E-03    0.00000E+00    0.80732E-03    0.00000E+00    0.38858E-03    0.00000E+00    0.25924E-03    0.00000E+00    0.65409E-03    0.00000E+00    0.28117E-03    0.00000E+00    0.86580E-08    0.88433E-08    0.86827E-08    0.00000E+00    0.86580E-02    0.00000E+00    0.88433E-02    0.00000E+00    0.86827E-02    0.65577E-03    0.13159E+00    0.45636E-03    0.13299E+00    0.63282E-03    0.13178E+00    0.51440E-03    0.98033E-01    0.38248E-03    0.11371E+00    0.49681E-03    0.10012E+00
49000  13    0.27416E-07    0.80467E-07    0.32239E-07    0.23661E-07    0.37549E-02    0.74571E-07    0.58955E-02    0.28289E-07    0.39495E-02    0.49749E-03    0.86659E-01    0.60288E-03    0.10859E+00    0.50797E-03    0.88876E-01    0.34080E-03    0.42517E-01    0.46496E-03    0.75757E-01    0.35209E-03    0.45539E-01    0.41755E-07    0.22371E-06    0.51863E-07    0.41755E-07    0.00000E+00    0.22371E-06    0.00000E+00    0.51863E-07    0.00000E+00    0.28898E-03    0.00000E+00    0.66890E-03    0.00000E+00    0.32207E-03    0.00000E+00    0.20125E-03    0.00000E+00    0.47522E-03    0.00000E+00    0.21647E-03    0.00000E+00    0.86652E-08    0.88432E-08    0.86889E-08    0.00000E+00    0.86652E-02    0.00000E+00    0.88432E-02    0.00000E+00    0.86889E-02    0.67966E-03    0.13164E+00    0.56699E-03    0.13299E+00    0.66574E-03    0.13183E+00    0.52328E-03    0.98117E-01    0.45983E-03    0.11364E+00    0.51482E-03    0.10019E+00
49100  14    0.28174E-07    0.86080E-07    0.33438E-07    0.24429E-07    0.37450E-02    0.80195E-07    0.58852E-02    0.29499E-07    0.39395E-02    0.50124E-03    0.86544E-01    0.59925E-03    0.10849E+00    0.51092E-03    0.88764E-01    0.34340E-03    0.42477E-01    0.46195E-03    0.75691E-01    0.35418E-03    0.45496E-01    0.43110E-07    0.24058E-06    0.54081E-07    0.43110E-07    0.00000E+00    0.24058E-06    0.00000E+00    0.54081E-07    0.00000E+00    0.29363E-03    0.00000E+00    0.69366E-03    0.00000E+00    0.32888E-03    0.00000E+00    0.20501E-03    0.00000E+00    0.50365E-03    0.00000E+00    0.22160E-03    0.00000E+00    0.86422E-08    0.88278E-08    0.86670E-08    0.00000E+00    0.86422E-02    0.00000E+00    0.88278E-02    0.00000E+00    0.86670E-02    0.68339E-03    0.13147E+00    0.54595E-03    0.13287E+00    0.66671E-03    0.13166E+00    0.52438E-03    0.98023E-01    0.44110E-03    0.11354E+00    0.51327E-03    0.10009E+00
49200  15    0.32824E-07    0.10306E-06    0.39209E-07    0.29117E-07    0.37069E-02    0.97234E-07    0.58266E-02    0.35310E-07    0.38996E-02    0.51438E-03    0.86104E-01    0.62125E-03    0.10795E+00    0.52499E-03    0.88313E-01    0.35859E-03    0.42244E-01    0.48184E-03    0.75284E-01    0.36979E-03    0.45248E-01    0.51383E-07    0.29170E-06    0.64735E-07    0.51383E-07    0.00000E+00    0.29170E-06    0.00000E+00    0.64735E-07    0.00000E+00    0.32057E-03    0.00000E+00    0.76381E-03    0.00000E+00    0.35982E-03    0.00000E+00    0.22446E-03    0.00000E+00    0.57137E-03    0.00000E+00    0.24373E-03    0.00000E+00    0.85544E-08    0.87399E-08    0.85791E-08    0.00000E+00    0.85544E-02    0.00000E+00    0.87399E-02    0.00000E+00    0.85791E-02    0.69007E-03    0.13080E+00    0.53593E-03    0.13221E+00    0.67156E-03    0.13099E+00    0.53398E-03    0.97486E-01    0.43708E-03    0.11293E+00    0.52106E-03    0.99545E-01
49300  0    0.43378E-07    0.63143E-07    0.45175E-07    0.39664E-07    0.37140E-02    0.57305E-07    0.58375E-02    0.41268E-07    0.39070E-02    0.55827E-03    0.86186E-01    0.68297E-03    0.10805E+00    0.57073E-03    0.88397E-01    0.39610E-03    0.42269E-01    0.53645E-03    0.75252E-01    0.40886E-03    0.45267E-01    0.69996E-07    0.17192E-06    0.75658E-07    0.69996E-07    0.00000E+00    0.17192E-06    0.00000E+00    0.75658E-07    0.00000E+00    0.37415E-03    0.00000E+00    0.58637E-03    0.00000E+00    0.38899E-03    0.00000E+00    0.26100E-03    0.00000E+00    0.39284E-03    0.00000E+00    0.26833E-03    0.00000E+00    0.85708E-08    0.87562E-08    0.85955E-08    0.00000E+00    0.85708E-02    0.00000E+00    0.87562E-02    0.00000E+00    0.85955E-02    0.73222E-03    0.13093E+00    0.72646E-03    0.13233E+00    0.73146E-03    0.13111E+00    0.57276E-03    0.97543E-01    0.60825E-03    0.11288E+00    0.57749E-03    0.99588E-01
49400  1    0.27099E-07    0.81743E-07    0.32067E-07    0.23405E-07    0.36945E-02    0.75933E-07    0.58098E-02    0.28180E-07    0.38868E-02    0.49281E-03    0.85959E-01    0.59382E-03    0.10779E+00    0.50283E-03    0.88168E-01    0.33838E-03    0.42175E-01    0.45545E-03    0.75105E-01    0.34902E-03    0.45169E-01    0.41303E-07    0.22780E-06    0.51663E-07    0.41303E-07    0.00000E+00    0.22780E-06    0.00000E+00    0.51663E-07    0.00000E+00    0.28741E-03    0.00000E+00    0.67498E-03    0.00000E+00    0.32145E-03    0.00000E+00    0.20158E-03    0.00000E+00    0.48302E-03    0.00000E+00    0.21721E-03    0.00000E+00    0.85258E-08    0.87147E-08    0.85510E-08    0.00000E+00    0.85258E-02    0.00000E+00    0.87147E-02    0.00000E+00    0.85510E-02    0.67263E-03    0.13058E+00    0.54875E-03    0.13202E+00    0.65746E-03    0.13077E+00    0.51728E-03    0.97327E-01    0.44166E-03    0.11266E+00    0.50720E-03    0.99371E-01
49500  0    0.42873E-07    0.59852E-07    0.44416E-07    0.39183E-07    0.36893E-02    0.54061E-07    0.57912E-02    0.40536E-07    0.38804E-02    0.57446E-03    0.85899E-01    0.69965E-03    0.10762E+00    0.58694E-03    0.88096E-01    0.40380E-03    0.42110E-01    0.56488E-03    0.74907E-01    0.41844E-03    0.45092E-01    0.69147E-07    0.16218E-06    0.74316E-07    0.69147E-07    0.00000E+00    0.16218E-06    0.00000E+00    0.74316E-07    0.00000E+00    0.37188E-03    0.00000E+00    0.56953E-03    0.00000E+00    0.38553E-03    0.00000E+00    0.27068E-03    0.00000E+00    0.43648E-03    0.00000E+00    0.27989E-03    0.00000E+00    0.85139E-08    0.86869E-08    0.85369E-08    0.00000E+00    0.85139E-02    0.00000E+00    0.86869E-02    0.00000E+00    0.85369E-02    0.76204E-03    0.13049E+00    0.75636E-03    0.13181E+00    0.76128E-03    0.13067E+00    0.57788E-03    0.97178E-01    0.62908E-03    0.11236E+00    0.58471E-03    0.99202E-01
49600  1    0.99366E-07    0.66207E-07    0.96352E-07    0.95687E-07    0.36790E-02    0.60420E-07    0.57871E-02    0.92481E-07    0.38706E-02    0.72764E-03    0.85778E-01    0.86040E-03    0.10758E+00    0.74069E-03    0.87984E-01    0.55184E-03    0.42070E-01    0.71125E-03    0.74783E-01    0.56633E-03    0.45044E-01    0.16886E-06    0.18126E-06    0.16955E-06    0.16886E-06    0.00000E+00    0.18126E-06    0.00000E+00    0.16955E-06    0.00000E+00    0.58114E-03    0.00000E+00    0.60210E-03    0.00000E+00    0.58232E-03    0.00000E+00    0.44293E-03    0.00000E+00    0.50395E-03    0.00000E+00    0.44632E-03    0.00000E+00    0.84899E-08    0.86807E-08    0.85154E-08    0.00000E+00    0.84899E-02    0.00000E+00    0.86807E-02    0.00000E+00    0.85154E-02    0.88329E-03    0.13031E+00    0.96393E-03    0.13176E+00    0.89446E-03    0.13050E+00    0.69427E-03    0.97084E-01    0.81490E-03    0.11217E+00    0.71035E-03    0.99096E-01
49700  2    0.26709E-07    0.77350E-07    0.31313E-07    0.23060E-07    0.36485E-02    0.71611E-07    0.57391E-02    0.27474E-07    0.38386E-02    0.49181E-03    0.85423E-01    0.59348E-03    0.10714E+00    0.50190E-03    0.87619E-01    0.33647E-03    0.41929E-01    0.45682E-03    0.74517E-01    0.34741E-03    0.44891E-01    0.40695E-07    0.21483E-06    0.50369E-07    0.40695E-07    0.00000E+00    0.21483E-06    0.00000E+00    0.50369E-07    0.00000E+00    0.28529E-03    0.00000E+00    0.65549E-03    0.00000E+00    0.31739E-03    0.00000E+00    0.19855E-03    0.00000E+00    0.46676E-03    0.00000E+00    0.21345E-03    0.00000E+00    0.84196E-08    0.86087E-08    0.84448E-08    0.00000E+00    0.84196E-02    0.00000E+00    0.86087E-02    0.00000E+00    0.84448E-02    0.67212E-03    0.12977E+00    0.55991E-03    0.13122E+00    0.65826E-03    0.12996E+00    0.51684E-03    0.96759E-01    0.45185E-03    0.11178E+00    0.50817E-03    0.98761E-01
49800  3    0.27419E-07    0.75654E-07    0.31804E-07    0.23798E-07    0.36210E-02    0.69958E-07    0.56964E-02    0.27994E-07    0.38096E-02    0.49562E-03    0.85100E-01    0.61116E-03    0.10674E+00    0.50722E-03    0.87289E-01    0.33907E-03    0.41756E-01    0.47520E-03    0.74206E-01    0.35144E-03    0.44706E-01    0.41996E-07    0.20987E-06    0.51323E-07    0.41996E-07    0.00000E+00    0.20987E-06    0.00000E+00    0.51323E-07    0.00000E+00    0.28981E-03    0.00000E+00    0.64788E-03    0.00000E+00    0.32038E-03    0.00000E+00    0.19924E-03    0.00000E+00    0.45965E-03    0.00000E+00    0.21371E-03    0.00000E+00    0.83561E-08    0.85446E-08    0.83812E-08    0.00000E+00    0.83561E-02    0.00000E+00    0.85446E-02    0.00000E+00    0.83812E-02    0.67604E-03    0.12928E+00    0.59194E-03    0.13073E+00    0.66544E-03    0.12947E+00    0.52192E-03    0.96361E-01    0.48297E-03    0.11131E+00    0.51672E-03    0.98354E-01
49900  4    0.48124E-07    0.62297E-07    0.49412E-07    0.44505E-07    0.36192E-02    0.56596E-07    0.57005E-02    0.45604E-07    0.38084E-02    0.56448E-03    0.85078E-01    0.67583E-03    0.10678E+00    0.57550E-03    0.87274E-01    0.41008E-03    0.41755E-01    0.53361E-03    0.74169E-01    0.42131E-03    0.44702E-01    0.78538E-07    0.16979E-06    0.83607E-07    0.78538E-07    0.00000E+00    0.16979E-06    0.00000E+00    0.83607E-07    0.00000E+00    0.39633E-03    0.00000E+00    0.58273E-03    0.00000E+00    0.40892E-03    0.00000E+00    0.28214E-03    0.00000E+00    0.39421E-03    0.00000E+00    0.28837E-03    0.00000E+00    0.83519E-08    0.85508E-08    0.83785E-08    0.00000E+00    0.83519E-02    0.00000E+00    0.85508E-02    0.00000E+00    0.83785E-02    0.72796E-03    0.12924E+00    0.71786E-03    0.13077E+00    0.72662E-03    0.12945E+00    0.57739E-03    0.96358E-01    0.60331E-03    0.11125E+00    0.58084E-03    0.98344E-01
50000  5    0.26450E-07    0.74829E-07    0.30848E-07    0.22847E-07    0.36032E-02    0.69159E-07    0.56701E-02    0.27057E-07    0.37911E-02    0.48905E-03    0.84890E-01    0.59043E-03    0.10649E+00    0.49911E-03    0.87075E-01    0.33475E-03    0.41684E-01    0.45517E-03    0.73949E-01    0.34570E-03    0.44617E-01    0.40318E-07    0.20748E-06    0.49604E-07    0.40318E-07    0.00000E+00    0.20748E-06    0.00000E+00    0.49604E-07    0.00000E+00    0.28396E-03    0.00000E+00    0.64417E-03    0.00000E+00    0.31497E-03    0.00000E+00    0.19722E-03    0.00000E+00    0.45713E-03    0.00000E+00    0.21166E-03    0.00000E+00    0.83150E-08    0.85052E-08    0.83403E-08    0.00000E+00    0.83150E-02    0.00000E+00    0.85052E-02    0.00000E+00    0.83403E-02    0.66819E-03    0.12896E+00    0.56163E-03    0.13042E+00    0.65498E-03    0.12915E+00    0.51459E-03    0.96193E-01    0.45419E-03    0.11092E+00    0.50654E-03    0.98157E-01
50100  6    0.26381E-07    0.77536E-07    0.31031E-07    0.22787E-07    0.35941E-02    0.71873E-07    0.56631E-02    0.27249E-07    0.37822E-02    0.48755E-03    0.84783E-01    0.58675E-03    0.10642E+00    0.49739E-03    0.86973E-01    0.33406E-03    0.41667E-01    0.45213E-03    0.73912E-01    0.34480E-03    0.44599E-01    0.40212E-07    0.21562E-06    0.49957E-07    0.40212E-07    0.00000E+00    0.21562E-06    0.00000E+00    0.49957E-07    0.00000E+00    0.28359E-03    0.00000E+00    0.65669E-03    0.00000E+00    0.31609E-03    0.00000E+00    0.19822E-03    0.00000E+00    0.46963E-03    0.00000E+00    0.21330E-03    0.00000E+00    0.82940E-08    0.84946E-08    0.83207E-08    0.00000E+00    0.82940E-02    0.00000E+00    0.84946E-02    0.00000E+00    0.83207E-02    0.66587E-03    0.12879E+00    0.54844E-03    0.13034E+00    0.65144E-03    0.12900E+00    0.51170E-03    0.96156E-01    0.44338E-03    0.11087E+00    0.50259E-03    0.98117E-01
50200  7    0.51609E-07    0.87827E-07    0.54901E-07    0.48037E-07    0.35718E-02    0.82198E-07    0.56285E-02    0.51142E-07    0.37588E-02    0.53994E-03    0.84520E-01    0.61322E-03    0.10610E+00    0.54701E-03    0.86704E-01    0.42938E-03    0.41517E-01    0.49578E-03    0.73662E-01    0.43542E-03    0.44439E-01    0.84771E-07    0.24659E-06    0.93761E-07    0.84771E-07    0.00000E+00    0.24659E-06    0.00000E+00    0.93761E-07    0.00000E+00    0.41175E-03    0.00000E+00    0.70227E-03    0.00000E+00    0.43304E-03    0.00000E+00    0.33767E-03    0.00000E+00    0.52721E-03    0.00000E+00    0.34820E-03    0.00000E+00    0.82426E-08    0.84428E-08    0.82693E-08    0.00000E+00    0.82426E-02    0.00000E+00    0.84428E-02    0.00000E+00    0.82693E-02    0.67161E-03    0.12839E+00    0.56344E-03    0.12994E+00    0.65822E-03    0.12860E+00    0.54931E-03    0.95808E-01    0.48006E-03    0.11049E+00    0.54007E-03    0.97766E-01
50300  8    0.26279E-06    0.12367E-06    0.25014E-06    0.25919E-06    0.35980E-02    0.11800E-06    0.56638E-02    0.24635E-06    0.37858E-02    0.10746E-02    0.84829E-01    0.11865E-02    0.10643E+00    0.10853E-02    0.87015E-01    0.86122E-03    0.41615E-01    0.10192E-02    0.73691E-01    0.87558E-03    0.44531E-01    0.45739E-06    0.35401E-06    0.45165E-06    0.45739E-06    0.00000E+00    0.35401E-06    0.00000E+00    0.45165E-06    0.00000E+00    0.95644E-03    0.00000E+00    0.84143E-03    0.00000E+00    0.95042E-03    0.00000E+00    0.75428E-03    0.00000E+00    0.76798E-03    0.00000E+00    0.75504E-03    0.00000E+00    0.83030E-08    0.84957E-08    0.83287E-08    0.00000E+00    0.83030E-02    0.00000E+00    0.84957E-02    0.00000E+00    0.83287E-02    0.12119E-02    0.12886E+00    0.13258E-02    0.13035E+00    0.12277E-02    0.12906E+00    0.10011E-02    0.96035E-01    0.11448E-02    0.11054E+00    0.10202E-02    0.97969E-01
50400  9    0.26059E-07    0.73142E-07    0.30339E-07    0.22513E-07    0.35463E-02    0.67556E-07    0.55862E-02    0.26608E-07    0.37317E-02    0.48587E-03    0.84217E-01    0.58519E-03    0.10570E+00    0.49572E-03    0.86391E-01    0.33239E-03    0.41383E-01    0.45198E-03    0.73248E-01    0.34326E-03    0.44280E-01    0.39729E-07    0.20267E-06    0.48781E-07    0.39729E-07    0.00000E+00    0.20267E-06    0.00000E+00    0.48781E-07    0.00000E+00    0.28188E-03    0.00000E+00    0.63666E-03    0.00000E+00    0.31235E-03    0.00000E+00    0.19575E-03    0.00000E+00    0.45194E-03    0.00000E+00    0.20999E-03    0.00000E+00    0.81837E-08    0.83793E-08    0.82098E-08    0.00000E+00    0.81837E-02    0.00000E+00    0.83793E-02    0.00000E+00    0.82098E-02    0.66398E-03    0.12794E+00    0.55767E-03    0.12946E+00    0.65081E-03    0.12814E+00    0.51106E-03    0.95500E-01    0.45201E-03    0.10987E+00    0.50319E-03    0.97416E-01
50500  10    0.34242E-07    0.96237E-07    0.39878E-07    0.30710E-07    0.35319E-02    0.90669E-07    0.55675E-02    0.36161E-07    0.37169E-02    0.51912E-03    0.84046E-01    0.59739E-03    0.10552E+00    0.52672E-03    0.86220E-01    0.36392E-03    0.41322E-01    0.47443E-03    0.73119E-01    0.37397E-03    0.44213E-01    0.54195E-07    0.27201E-06    0.66295E-07    0.54195E-07    0.00000E+00    0.27201E-06    0.00000E+00    0.66295E-07    0.00000E+00    0.32923E-03    0.00000E+00    0.73758E-03    0.00000E+00    0.36413E-03    0.00000E+00    0.22961E-03    0.00000E+00    0.56850E-03    0.00000E+00    0.24844E-03    0.00000E+00    0.81505E-08    0.83512E-08    0.81773E-08    0.00000E+00    0.81505E-02    0.00000E+00    0.83512E-02    0.00000E+00    0.81773E-02    0.69293E-03    0.12768E+00    0.51313E-03    0.12924E+00    0.67174E-03    0.12789E+00    0.53956E-03    0.95359E-01    0.42740E-03    0.10968E+00    0.52461E-03    0.97268E-01
50600  11    0.52481E-07    0.70246E-07    0.54096E-07    0.48964E-07    0.35176E-02    0.64700E-07    0.55460E-02    0.50394E-07    0.37020E-02    0.58436E-03    0.83876E-01    0.74287E-03    0.10532E+00    0.60051E-03    0.86046E-01    0.42586E-03    0.41237E-01    0.59944E-03    0.72894E-01    0.44164E-03    0.44115E-01    0.86407E-07    0.19410E-06    0.92390E-07    0.86407E-07    0.00000E+00    0.19410E-06    0.00000E+00    0.92390E-07    0.00000E+00    0.41571E-03    0.00000E+00    0.62306E-03    0.00000E+00    0.42986E-03    0.00000E+00    0.31231E-03    0.00000E+00    0.46374E-03    0.00000E+00    0.32072E-03    0.00000E+00    0.81175E-08    0.83190E-08    0.81444E-08    0.00000E+00    0.81175E-02    0.00000E+00    0.83190E-02    0.00000E+00    0.81444E-02    0.74970E-03    0.12742E+00    0.79605E-03    0.12899E+00    0.75604E-03    0.12763E+00    0.57435E-03    0.95161E-01    0.66729E-03    0.10934E+00    0.58674E-03    0.97052E-01
50700  0    0.49634E-07    0.57335E-07    0.50334E-07    0.46125E-07    0.35087E-02    0.51805E-07    0.55307E-02    0.46641E-07    0.36925E-02    0.57386E-03    0.83770E-01    0.70502E-03    0.10517E+00    0.58700E-03    0.85936E-01    0.41576E-03    0.41165E-01    0.55992E-03    0.72700E-01    0.42887E-03    0.44032E-01    0.81397E-07    0.15541E-06    0.85509E-07    0.81397E-07    0.00000E+00    0.15541E-06    0.00000E+00    0.85509E-07    0.00000E+00    0.40348E-03    0.00000E+00    0.55752E-03    0.00000E+00    0.41354E-03    0.00000E+00    0.29211E-03    0.00000E+00    0.37955E-03    0.00000E+00    0.29697E-03    0.00000E+00    0.80970E-08    0.82960E-08    0.81236E-08    0.00000E+00    0.80970E-02    0.00000E+00    0.82960E-02    0.00000E+00    0.81236E-02    0.73965E-03    0.12726E+00    0.76822E-03    0.12881E+00    0.74352E-03    0.12746E+00    0.57746E-03    0.94996E-01    0.65010E-03    0.10905E+00    0.58715E-03    0.96870E-01
50800  1    0.25780E-07    0.74693E-07    0.30227E-07    0.22291E-07    0.34899E-02    0.69190E-07    0.55033E-02    0.26554E-07    0.36729E-02    0.48253E-03    0.83545E-01    0.57734E-03    0.10491E+00    0.49191E-03    0.85708E-01    0.33088E-03    0.41084E-01    0.44907E-03    0.72556E-01    0.34162E-03    0.43945E-01    0.39336E-07    0.20757E-06    0.48683E-07    0.39336E-07    0.00000E+00    0.20757E-06    0.00000E+00    0.48683E-07    0.00000E+00    0.28049E-03    0.00000E+00    0.64431E-03    0.00000E+00    0.31203E-03    0.00000E+00    0.19607E-03    0.00000E+00    0.46424E-03    0.00000E+00    0.21097E-03    0.00000E+00    0.80535E-08    0.82549E-08    0.80804E-08    0.00000E+00    0.80535E-02    0.00000E+00    0.82549E-02    0.00000E+00    0.80804E-02    0.65912E-03    0.12691E+00    0.54075E-03    0.12849E+00    0.64460E-03    0.12712E+00    0.50717E-03    0.94809E-01    0.44148E-03    0.10883E+00    0.49841E-03    0.96679E-01
50900  2    0.28136E-06    0.12731E-06    0.26735E-06    0.27782E-06    0.35436E-02    0.12177E-06    0.55329E-02    0.26363E-06    0.37245E-02    0.11363E-02    0.84186E-01    0.12481E-02    0.10519E+00    0.11469E-02    0.86307E-01    0.91794E-03    0.41291E-01    0.98160E-03    0.72620E-01    0.92373E-03    0.44139E-01    0.49026E-06    0.36532E-06    0.48332E-06    0.49026E-06    0.00000E+00    0.36532E-06    0.00000E+00    0.48332E-06    0.00000E+00    0.99022E-03    0.00000E+00    0.85477E-03    0.00000E+00    0.98318E-03    0.00000E+00    0.82556E-03    0.00000E+00    0.70076E-03    0.00000E+00    0.81862E-03    0.00000E+00    0.81776E-08    0.82994E-08    0.81938E-08    0.00000E+00    0.81776E-02    0.00000E+00    0.82994E-02    0.00000E+00    0.81938E-02    0.13028E-02    0.12789E+00    0.14040E-02    0.12884E+00    0.13168E-02    0.12801E+00    0.10388E-02    0.95287E-01    0.11220E-02    0.10893E+00    0.10499E-02    0.97106E-01
51000  3    0.66604E-07    0.14664E-06    0.73880E-07    0.63163E-07    0.34401E-02    0.14122E-06    0.54234E-02    0.70260E-07    0.36204E-02    0.60231E-03    0.82947E-01    0.65809E-03    0.10415E+00    0.60759E-03    0.85093E-01    0.46096E-03    0.40753E-01    0.52634E-03    0.71924E-01    0.46691E-03    0.43586E-01    0.11146E-06    0.42366E-06    0.12881E-06    0.11146E-06    0.00000E+00    0.42366E-06    0.00000E+00    0.12881E-06    0.00000E+00    0.47215E-03    0.00000E+00    0.92050E-03    0.00000E+00    0.50756E-03    0.00000E+00    0.36640E-03    0.00000E+00    0.79266E-03    0.00000E+00    0.39008E-03    0.00000E+00    0.79388E-08    0.81351E-08    0.79650E-08    0.00000E+00    0.79388E-02    0.00000E+00    0.81351E-02    0.00000E+00    0.79650E-02    0.73868E-03    0.12601E+00    0.47535E-03    0.12756E+00    0.70924E-03    0.12621E+00    0.58462E-03    0.94044E-01    0.39318E-03    0.10789E+00    0.55910E-03    0.95890E-01
51100  4    0.26147E-07    0.65298E-07    0.29706E-07    0.22698E-07    0.34491E-02    0.59860E-07    0.54383E-02    0.26076E-07    0.36300E-02    0.48419E-03    0.83056E-01    0.58491E-03    0.10429E+00    0.49420E-03    0.85205E-01    0.33059E-03    0.40835E-01    0.45498E-03    0.71934E-01    0.34189E-03    0.43663E-01    0.40055E-07    0.17958E-06    0.47806E-07    0.40055E-07    0.00000E+00    0.17958E-06    0.00000E+00    0.47806E-07    0.00000E+00    0.28304E-03    0.00000E+00    0.59930E-03    0.00000E+00    0.30921E-03    0.00000E+00    0.19324E-03    0.00000E+00    0.42318E-03    0.00000E+00    0.20601E-03    0.00000E+00    0.79595E-08    0.81574E-08    0.79859E-08    0.00000E+00    0.79595E-02    0.00000E+00    0.81574E-02    0.00000E+00    0.79859E-02    0.66050E-03    0.12617E+00    0.57758E-03    0.12773E+00    0.65006E-03    0.12638E+00    0.51020E-03    0.94236E-01    0.47087E-03    0.10790E+00    0.50495E-03    0.96058E-01
51200  5    0.25580E-07    0.74681E-07    0.30043E-07    0.22144E-07    0.34355E-02    0.69260E-07    0.54206E-02    0.26427E-07    0.36160E-02    0.47782E-03    0.82892E-01    0.57013E-03    0.10412E+00    0.48693E-03    0.85041E-01    0.32930E-03    0.40777E-01    0.44589E-03    0.71803E-01    0.33990E-03    0.43597E-01    0.39078E-07    0.20778E-06    0.48450E-07    0.39078E-07    0.00000E+00    0.20778E-06    0.00000E+00    0.48450E-07    0.00000E+00    0.27956E-03    0.00000E+00    0.64464E-03    0.00000E+00    0.31129E-03    0.00000E+00    0.19674E-03    0.00000E+00    0.46807E-03    0.00000E+00    0.21182E-03    0.00000E+00    0.79282E-08    0.81309E-08    0.79552E-08    0.00000E+00    0.79282E-02    0.00000E+00    0.81309E-02    0.00000E+00    0.79552E-02    0.65166E-03    0.12592E+00    0.52895E-03    0.12752E+00    0.63667E-03    0.12614E+00    0.50265E-03    0.94100E-01    0.43480E-03    0.10771E+00    0.49360E-03    0.95914E-01
51300  6    0.58516E-07    0.81912E-07    0.60643E-07    0.55092E-07    0.34237E-02    0.76533E-07    0.53788E-02    0.57042E-07    0.36015E-02    0.64055E-03    0.82749E-01    0.73110E-03    0.10372E+00    0.64931E-03    0.84870E-01    0.49562E-03    0.40656E-01    0.59165E-03    0.71507E-01    0.50435E-03    0.43460E-01    0.97222E-07    0.22960E-06    0.10458E-06    0.97222E-07    0.00000E+00    0.22960E-06    0.00000E+00    0.10458E-06    0.00000E+00    0.44096E-03    0.00000E+00    0.67764E-03    0.00000E+00    0.45733E-03    0.00000E+00    0.37241E-03    0.00000E+00    0.54681E-03    0.00000E+00    0.38210E-03    0.00000E+00    0.79009E-08    0.80681E-08    0.79232E-08    0.00000E+00    0.79009E-02    0.00000E+00    0.80681E-02    0.00000E+00    0.79232E-02    0.83222E-03    0.12571E+00    0.75641E-03    0.12703E+00    0.82252E-03    0.12588E+00    0.65673E-03    0.93821E-01    0.61407E-03    0.10726E+00    0.65104E-03    0.95613E-01
51400  7    0.25129E-07    0.69963E-07    0.29205E-07    0.21735E-07    0.33947E-02    0.64612E-07    0.53517E-02    0.25632E-07    0.35726E-02    0.47865E-03    0.82398E-01    0.57193E-03    0.10346E+00    0.48787E-03    0.84530E-01    0.32784E-03    0.40495E-01    0.44627E-03    0.71202E-01    0.33861E-03    0.43286E-01    0.38355E-07    0.19383E-06    0.46993E-07    0.38355E-07    0.00000E+00    0.19383E-06    0.00000E+00    0.46993E-07    0.00000E+00    0.27697E-03    0.00000E+00    0.62263E-03    0.00000E+00    0.30657E-03    0.00000E+00    0.19260E-03    0.00000E+00    0.44750E-03    0.00000E+00    0.20676E-03    0.00000E+00    0.78340E-08    0.80276E-08    0.78598E-08    0.00000E+00    0.78340E-02    0.00000E+00    0.80276E-02    0.00000E+00    0.78598E-02    0.65452E-03    0.12517E+00    0.54480E-03    0.12671E+00    0.64098E-03    0.12538E+00    0.50469E-03    0.93449E-01    0.44565E-03    0.10680E+00    0.49682E-03    0.95230E-01
51500  8    0.25432E-07    0.73653E-07    0.29815E-07    0.22048E-07    0.33833E-02    0.68316E-07    0.53371E-02    0.26255E-07    0.35609E-02    0.47846E-03    0.82259E-01    0.56921E-03    0.10332E+00    0.48741E-03    0.84391E-01    0.32875E-03    0.40456E-01    0.44773E-03    0.71088E-01    0.33957E-03    0.43240E-01    0.38909E-07    0.20495E-06    0.48133E-07    0.38909E-07    0.00000E+00    0.20495E-06    0.00000E+00    0.48133E-07    0.00000E+00    0.27896E-03    0.00000E+00    0.64023E-03    0.00000E+00    0.31027E-03    0.00000E+00    0.19487E-03    0.00000E+00    0.46697E-03    0.00000E+00    0.20998E-03    0.00000E+00    0.78076E-08    0.80057E-08    0.78340E-08    0.00000E+00    0.78076E-02    0.00000E+00    0.80057E-02    0.00000E+00    0.78340E-02    0.65309E-03    0.12496E+00    0.53014E-03    0.12654E+00    0.63807E-03    0.12517E+00    0.50383E-03    0.93359E-01    0.43812E-03    0.10663E+00    0.49507E-03    0.95129E-01
51600  9    0.10464E-05    0.95073E-06    0.10377E-05    0.10431E-05    0.33113E-02    0.94551E-06    0.52170E-02    0.10343E-05    0.34845E-02    0.20234E-02    0.81379E-01    0.20706E-02    0.10215E+00    0.20277E-02    0.83481E-01    0.16501E-02    0.40043E-01    0.17050E-02    0.70330E-01    0.16551E-02    0.42797E-01    0.18408E-05    0.28365E-05    0.18961E-05    0.18408E-05    0.00000E+00    0.28365E-05    0.00000E+00    0.18961E-05    0.00000E+00    0.19188E-02    0.00000E+00    0.23818E-02    0.00000E+00    0.19474E-02    0.00000E+00    0.15757E-02    0.00000E+00    0.20111E-02    0.00000E+00    0.15999E-02    0.00000E+00    0.76414E-08    0.78254E-08    0.76659E-08    0.00000E+00    0.76414E-02    0.00000E+00    0.78254E-02    0.00000E+00    0.76659E-02    0.21526E-02    0.12362E+00    0.18959E-02    0.12510E+00    0.21201E-02    0.12382E+00    0.17473E-02    0.92408E-01    0.15519E-02    0.10550E+00    0.17212E-02    0.94153E-01
51700  10    0.24863E-07    0.67827E-07    0.28768E-07    0.21493E-07    0.33692E-02    0.62511E-07    0.53162E-02    0.25222E-07    0.35462E-02    0.47707E-03    0.82087E-01    0.57069E-03    0.10311E+00    0.48633E-03    0.84216E-01    0.32615E-03    0.40391E-01    0.44626E-03    0.70870E-01    0.33707E-03    0.43162E-01    0.37929E-07    0.18753E-06    0.46241E-07    0.37929E-07    0.00000E+00    0.18753E-06    0.00000E+00    0.46241E-07    0.00000E+00    0.27543E-03    0.00000E+00    0.61243E-03    0.00000E+00    0.30411E-03    0.00000E+00    0.19069E-03    0.00000E+00    0.43796E-03    0.00000E+00    0.20443E-03    0.00000E+00    0.77750E-08    0.79742E-08    0.78015E-08    0.00000E+00    0.77750E-02    0.00000E+00    0.79742E-02    0.00000E+00    0.78015E-02    0.65270E-03    0.12470E+00    0.54863E-03    0.12629E+00    0.63981E-03    0.12491E+00    0.50328E-03    0.93211E-01    0.45041E-03    0.10631E+00    0.49623E-03    0.94957E-01
51800  11    0.74533E-07    0.89473E-07    0.75892E-07    0.71186E-07    0.33469E-02    0.84184E-07    0.52889E-02    0.72368E-07    0.35235E-02    0.59828E-03    0.81816E-01    0.66153E-03    0.10285E+00    0.60430E-03    0.83946E-01    0.49690E-03    0.40232E-01    0.54024E-03    0.70646E-01    0.50084E-03    0.42997E-01    0.12562E-06    0.25255E-06    0.13267E-06    0.12562E-06    0.00000E+00    0.25255E-06    0.00000E+00    0.13267E-06    0.00000E+00    0.50124E-03    0.00000E+00    0.71071E-03    0.00000E+00    0.51512E-03    0.00000E+00    0.42674E-03    0.00000E+00    0.53953E-03    0.00000E+00    0.43301E-03    0.00000E+00    0.77237E-08    0.79333E-08    0.77516E-08    0.00000E+00    0.77237E-02    0.00000E+00    0.79333E-02    0.00000E+00    0.77516E-02    0.70531E-03    0.12429E+00    0.63552E-03    0.12596E+00    0.69641E-03    0.12451E+00    0.58865E-03    0.92843E-01    0.54060E-03    0.10597E+00    0.58224E-03    0.94593E-01
51900  12    0.50425E-07    0.11886E-06    0.56646E-07    0.47104E-07    0.33208E-02    0.11362E-06    0.52385E-02    0.53151E-07    0.34951E-02    0.56365E-03    0.81496E-01    0.62236E-03    0.10236E+00    0.56923E-03    0.83608E-01    0.41789E-03    0.40071E-01    0.50268E-03    0.70242E-01    0.42559E-03    0.42814E-01    0.83124E-07    0.34087E-06    0.97444E-07    0.83124E-07    0.00000E+00    0.34087E-06    0.00000E+00    0.97444E-07    0.00000E+00    0.40774E-03    0.00000E+00    0.82567E-03    0.00000E+00    0.44146E-03    0.00000E+00    0.30539E-03    0.00000E+00    0.68419E-03    0.00000E+00    0.32644E-03    0.00000E+00    0.76634E-08    0.78577E-08    0.76893E-08    0.00000E+00    0.76634E-02    0.00000E+00    0.78577E-02    0.00000E+00    0.76893E-02    0.71815E-03    0.12380E+00    0.49004E-03    0.12536E+00    0.69209E-03    0.12401E+00    0.56499E-03    0.92471E-01    0.41193E-03    0.10536E+00    0.54458E-03    0.94190E-01
52000  13    0.65467E-06    0.31492E-06    0.62379E-06    0.65130E-06    0.33767E-02    0.30959E-06    0.53293E-02    0.62023E-06    0.35542E-02    0.16173E-02    0.82179E-01    0.17585E-02    0.10324E+00    0.16307E-02    0.84311E-01    0.13339E-02    0.40400E-01    0.15046E-02    0.70614E-01    0.13495E-02    0.43147E-01    0.11493E-05    0.92878E-06    0.11371E-05    0.11493E-05    0.00000E+00    0.92878E-06    0.00000E+00    0.11371E-05    0.00000E+00    0.15161E-02    0.00000E+00    0.13629E-02    0.00000E+00    0.15080E-02    0.00000E+00    0.12349E-02    0.00000E+00    0.11538E-02    0.00000E+00    0.12304E-02    0.00000E+00    0.77923E-08    0.79940E-08    0.78192E-08    0.00000E+00    0.77923E-02    0.00000E+00    0.79940E-02    0.00000E+00    0.78192E-02    0.17408E-02    0.12484E+00    0.19260E-02    0.12644E+00    0.17666E-02    0.12505E+00    0.14635E-02    0.93231E-01    0.16799E-02    0.10592E+00    0.14923E-02    0.94923E-01
52100  14    0.24530E-07    0.67126E-07    0.28403E-07    0.21214E-07    0.33159E-02    0.61894E-07    0.52317E-02    0.24913E-07    0.34900E-02    0.47418E-03    0.81436E-01    0.56538E-03    0.10229E+00    0.48319E-03    0.83547E-01    0.32433E-03    0.40085E-01    0.44424E-03    0.70081E-01    0.33523E-03    0.42812E-01    0.37437E-07    0.18568E-06    0.45673E-07    0.37437E-07    0.00000E+00    0.18568E-06    0.00000E+00    0.45673E-07    0.00000E+00    0.27363E-03    0.00000E+00    0.60940E-03    0.00000E+00    0.30223E-03    0.00000E+00    0.18960E-03    0.00000E+00    0.43924E-03    0.00000E+00    0.20347E-03    0.00000E+00    0.76520E-08    0.78476E-08    0.76781E-08    0.00000E+00    0.76520E-02    0.00000E+00    0.78476E-02    0.00000E+00    0.76781E-02    0.64883E-03    0.12371E+00    0.54204E-03    0.12528E+00    0.63562E-03    0.12392E+00    0.50051E-03    0.92505E-01    0.44674E-03    0.10512E+00    0.49334E-03    0.94187E-01
52200  15    0.27001E-07    0.74324E-07    0.31303E-07    0.23707E-07    0.32948E-02    0.69132E-07    0.51925E-02    0.27836E-07    0.34674E-02    0.48564E-03    0.81177E-01    0.55942E-03    0.10191E+00    0.49280E-03    0.83275E-01    0.33580E-03    0.39920E-01    0.44632E-03    0.69759E-01    0.34585E-03    0.42633E-01    0.41835E-07    0.20739E-06    0.51033E-07    0.41835E-07    0.00000E+00    0.20739E-06    0.00000E+00    0.51033E-07    0.00000E+00    0.28926E-03    0.00000E+00    0.64404E-03    0.00000E+00    0.31948E-03    0.00000E+00    0.20252E-03    0.00000E+00    0.48544E-03    0.00000E+00    0.21823E-03    0.00000E+00    0.76035E-08    0.77888E-08    0.76282E-08    0.00000E+00    0.76035E-02    0.00000E+00    0.77888E-02    0.00000E+00    0.76282E-02    0.65943E-03    0.12332E+00    0.51188E-03    0.12481E+00    0.64172E-03    0.12352E+00    0.51010E-03    0.92124E-01    0.42676E-03    0.10464E+00    0.49899E-03    0.93793E-01
52300  16    0.25127E-07    0.59680E-07    0.28269E-07    0.21841E-07    0.32859E-02    0.54497E-07    0.51827E-02    0.24810E-07    0.34584E-02    0.47611E-03    0.81067E-01    0.57267E-03    0.10181E+00    0.48568E-03    0.83167E-01    0.32497E-03    0.39895E-01    0.44972E-03    0.69612E-01    0.33631E-03    0.42596E-01    0.38544E-07    0.16349E-06    0.45485E-07    0.38544E-07    0.00000E+00    0.16349E-06    0.00000E+00    0.45485E-07    0.00000E+00    0.27765E-03    0.00000E+00    0.57183E-03    0.00000E+00    0.30161E-03    0.00000E+00    0.18876E-03    0.00000E+00    0.40392E-03    0.00000E+00    0.20071E-03    0.00000E+00    0.75829E-08    0.77741E-08    0.76084E-08    0.00000E+00    0.75829E-02    0.00000E+00    0.77741E-02    0.00000E+00    0.76084E-02    0.64985E-03    0.12315E+00    0.57309E-03    0.12469E+00    0.64015E-03    0.12336E+00    0.50310E-03    0.92065E-01    0.47262E-03    0.10442E+00    0.49904E-03    0.93712E-01
52400  17    0.24468E-07    0.68097E-07    0.28434E-07    0.21194E-07    0.32733E-02    0.62931E-07    0.51654E-02    0.24989E-07    0.34453E-02    0.46802E-03    0.80911E-01    0.55584E-03    0.10164E+00    0.47668E-03    0.83010E-01    0.32318E-03    0.39845E-01    0.43793E-03    0.69466E-01    0.33361E-03    0.42538E-01    0.37402E-07    0.18879E-06    0.45812E-07    0.37402E-07    0.00000E+00    0.18879E-06    0.00000E+00    0.45812E-07    0.00000E+00    0.27350E-03    0.00000E+00    0.61448E-03    0.00000E+00    0.30270E-03    0.00000E+00    0.19239E-03    0.00000E+00    0.44625E-03    0.00000E+00    0.20650E-03    0.00000E+00    0.75538E-08    0.77481E-08    0.75797E-08    0.00000E+00    0.75538E-02    0.00000E+00    0.77481E-02    0.00000E+00    0.75797E-02    0.63849E-03    0.12291E+00    0.52407E-03    0.12448E+00    0.62445E-03    0.12312E+00    0.49421E-03    0.91949E-01    0.43377E-03    0.10420E+00    0.48615E-03    0.93583E-01
52500  18    0.31004E-07    0.88066E-07    0.36192E-07    0.27755E-07    0.32494E-02    0.82940E-07    0.51258E-02    0.32772E-07    0.34199E-02    0.48349E-03    0.80615E-01    0.55508E-03    0.10125E+00    0.49043E-03    0.82704E-01    0.34304E-03    0.39674E-01    0.45422E-03    0.69145E-01    0.35315E-03    0.42353E-01    0.48979E-07    0.24882E-06    0.60082E-07    0.48979E-07    0.00000E+00    0.24882E-06    0.00000E+00    0.60082E-07    0.00000E+00    0.31298E-03    0.00000E+00    0.70544E-03    0.00000E+00    0.34665E-03    0.00000E+00    0.22437E-03    0.00000E+00    0.56883E-03    0.00000E+00    0.24351E-03    0.00000E+00    0.74985E-08    0.76886E-08    0.75239E-08    0.00000E+00    0.74985E-02    0.00000E+00    0.76886E-02    0.00000E+00    0.75239E-02    0.64137E-03    0.12246E+00    0.46191E-03    0.12401E+00    0.62045E-03    0.12267E+00    0.49822E-03    0.91556E-01    0.39691E-03    0.10372E+00    0.48471E-03    0.93177E-01
52600  19    0.27796E-07    0.78563E-07    0.32411E-07    0.24554E-07    0.32422E-02    0.73450E-07    0.51130E-02    0.28999E-07    0.34122E-02    0.48552E-03    0.80525E-01    0.56287E-03    0.10112E+00    0.49305E-03    0.82610E-01    0.33621E-03    0.39655E-01    0.45144E-03    0.68988E-01    0.34669E-03    0.42321E-01    0.43330E-07    0.22035E-06    0.53165E-07    0.43330E-07    0.00000E+00    0.22035E-06    0.00000E+00    0.53165E-07    0.00000E+00    0.29438E-03    0.00000E+00    0.66385E-03    0.00000E+00    0.32608E-03    0.00000E+00    0.20464E-03    0.00000E+00    0.50786E-03    0.00000E+00    0.22149E-03    0.00000E+00    0.74819E-08    0.76694E-08    0.75069E-08    0.00000E+00    0.74819E-02    0.00000E+00    0.76694E-02    0.00000E+00    0.75069E-02    0.65625E-03    0.12233E+00    0.50486E-03    0.12385E+00    0.63815E-03    0.12253E+00    0.50826E-03    0.91511E-01    0.42323E-03    0.10348E+00    0.49692E-03    0.93107E-01
52700  20    0.25753E-07    0.62375E-07    0.29082E-07    0.22514E-07    0.32395E-02    0.57269E-07    0.51064E-02    0.25673E-07    0.34092E-02    0.48960E-03    0.80493E-01    0.58117E-03    0.10106E+00    0.49862E-03    0.82574E-01    0.33562E-03    0.39653E-01    0.46772E-03    0.68890E-01    0.34763E-03    0.42311E-01    0.39730E-07    0.17181E-06    0.47067E-07    0.39730E-07    0.00000E+00    0.17181E-06    0.00000E+00    0.47067E-07    0.00000E+00    0.28189E-03    0.00000E+00    0.58618E-03    0.00000E+00    0.30681E-03    0.00000E+00    0.19615E-03    0.00000E+00    0.43251E-03    0.00000E+00    0.20928E-03    0.00000E+00    0.74759E-08    0.76596E-08    0.75003E-08    0.00000E+00    0.74759E-02    0.00000E+00    0.76596E-02    0.00000E+00    0.75003E-02    0.67027E-03    0.12228E+00    0.57865E-03    0.12377E+00    0.65879E-03    0.12248E+00    0.51799E-03    0.91507E-01    0.48533E-03    0.10333E+00    0.51364E-03    0.93084E-01
52800  21    0.57852E-07    0.12364E-06    0.63832E-07    0.54645E-07    0.32068E-02    0.11858E-06    0.50567E-02    0.60457E-07    0.33750E-02    0.58273E-03    0.80085E-01    0.63031E-03    0.10057E+00    0.58721E-03    0.82158E-01    0.43903E-03    0.39446E-01    0.51259E-03    0.68503E-01    0.44572E-03    0.42087E-01    0.96432E-07    0.35574E-06    0.11084E-06    0.96432E-07    0.00000E+00    0.35574E-06    0.00000E+00    0.11084E-06    0.00000E+00    0.43916E-03    0.00000E+00    0.84349E-03    0.00000E+00    0.47082E-03    0.00000E+00    0.33604E-03    0.00000E+00    0.71537E-03    0.00000E+00    0.35711E-03    0.00000E+00    0.74003E-08    0.75850E-08    0.74250E-08    0.00000E+00    0.74003E-02    0.00000E+00    0.75850E-02    0.00000E+00    0.74250E-02    0.72898E-03    0.12166E+00    0.49009E-03    0.12317E+00    0.70184E-03    0.12186E+00    0.57372E-03    0.91028E-01    0.41120E-03    0.10275E+00    0.55205E-03    0.92592E-01
52900  22    0.28143E-06    0.32406E-06    0.28530E-06    0.27824E-06    0.31818E-02    0.31905E-06    0.50122E-02    0.28195E-06    0.33482E-02    0.11055E-02    0.79772E-01    0.11277E-02    0.10012E+00    0.11076E-02    0.81831E-01    0.89284E-03    0.39312E-01    0.89365E-03    0.68170E-01    0.89291E-03    0.41935E-01    0.49102E-06    0.95715E-06    0.51691E-06    0.49102E-06    0.00000E+00    0.95715E-06    0.00000E+00    0.51691E-06    0.00000E+00    0.99098E-03    0.00000E+00    0.13836E-02    0.00000E+00    0.10168E-02    0.00000E+00    0.80094E-03    0.00000E+00    0.11514E-02    0.00000E+00    0.82041E-03    0.00000E+00    0.73426E-08    0.75183E-08    0.73660E-08    0.00000E+00    0.73426E-02    0.00000E+00    0.75183E-02    0.00000E+00    0.73660E-02    0.12395E-02    0.12118E+00    0.97493E-03    0.12262E+00    0.12075E-02    0.12138E+00    0.10130E-02    0.90719E-01    0.76476E-03    0.10225E+00    0.97991E-03    0.92257E-01
53000  23    0.43572E-07    0.90361E-07    0.47826E-07    0.40383E-07    0.31894E-02    0.85319E-07    0.50426E-02    0.44468E-07    0.33579E-02    0.49504E-03    0.79867E-01    0.56651E-03    0.10043E+00    0.50196E-03    0.81950E-01    0.38574E-03    0.39404E-01    0.46074E-03    0.68290E-01    0.39256E-03    0.42030E-01    0.71264E-07    0.25596E-06    0.81525E-07    0.71264E-07    0.00000E+00    0.25596E-06    0.00000E+00    0.81525E-07    0.00000E+00    0.37753E-03    0.00000E+00    0.71548E-03    0.00000E+00    0.40379E-03    0.00000E+00    0.30257E-03    0.00000E+00    0.57217E-03    0.00000E+00    0.31755E-03    0.00000E+00    0.73602E-08    0.75639E-08    0.73873E-08    0.00000E+00    0.73602E-02    0.00000E+00    0.75639E-02    0.00000E+00    0.73873E-02    0.61576E-03    0.12133E+00    0.47482E-03    0.12300E+00    0.59889E-03    0.12155E+00    0.49449E-03    0.90933E-01    0.40503E-03    0.10243E+00    0.48257E-03    0.92467E-01
53100  24    0.32313E-06    0.37646E-06    0.32798E-06    0.31999E-06    0.31416E-02    0.37151E-06    0.49502E-02    0.32467E-06    0.33060E-02    0.11687E-02    0.79267E-01    0.12051E-02    0.99500E-01    0.11721E-02    0.81315E-01    0.93731E-03    0.39037E-01    0.95747E-03    0.67650E-01    0.93914E-03    0.41638E-01    0.56469E-06    0.11145E-05    0.59524E-06    0.56469E-06    0.00000E+00    0.11145E-05    0.00000E+00    0.59524E-06    0.00000E+00    0.10627E-02    0.00000E+00    0.14930E-02    0.00000E+00    0.10911E-02    0.00000E+00    0.85686E-03    0.00000E+00    0.12604E-02    0.00000E+00    0.87928E-03    0.00000E+00    0.72499E-08    0.74253E-08    0.72733E-08    0.00000E+00    0.72499E-02    0.00000E+00    0.74253E-02    0.00000E+00    0.72733E-02    0.12942E-02    0.12041E+00    0.10315E-02    0.12186E+00    0.12624E-02    0.12061E+00    0.10425E-02    0.90086E-01    0.80603E-03    0.10148E+00    0.10110E-02    0.91604E-01
53200  25    0.23581E-07    0.60300E-07    0.26919E-07    0.20412E-07    0.31696E-02    0.55304E-07    0.49958E-02    0.23584E-07    0.33356E-02    0.46627E-03    0.79619E-01    0.55536E-03    0.99958E-01    0.47506E-03    0.81678E-01    0.31886E-03    0.39252E-01    0.43830E-03    0.67871E-01    0.32972E-03    0.41854E-01    0.36020E-07    0.16591E-06    0.43237E-07    0.36020E-07    0.00000E+00    0.16591E-06    0.00000E+00    0.43237E-07    0.00000E+00    0.26840E-03    0.00000E+00    0.57604E-03    0.00000E+00    0.29406E-03    0.00000E+00    0.18476E-03    0.00000E+00    0.41198E-03    0.00000E+00    0.19738E-03    0.00000E+00    0.73145E-08    0.74937E-08    0.73384E-08    0.00000E+00    0.73145E-02    0.00000E+00    0.74937E-02    0.00000E+00    0.73384E-02    0.63836E-03    0.12095E+00    0.54472E-03    0.12242E+00    0.62668E-03    0.12115E+00    0.49423E-03    0.90582E-01    0.45145E-03    0.10181E+00    0.48853E-03    0.92079E-01
53300  0    0.24429E-07    0.54791E-07    0.27189E-07    0.21266E-07    0.31622E-02    0.49807E-07    0.49846E-02    0.23861E-07    0.33279E-02    0.47152E-03    0.79526E-01    0.56416E-03    0.99846E-01    0.48068E-03    0.81582E-01    0.32128E-03    0.39220E-01    0.44733E-03    0.67764E-01    0.33274E-03    0.41815E-01    0.37529E-07    0.14942E-06    0.43745E-07    0.37529E-07    0.00000E+00    0.14942E-06    0.00000E+00    0.43745E-07    0.00000E+00    0.27397E-03    0.00000E+00    0.54666E-03    0.00000E+00    0.29579E-03    0.00000E+00    0.18578E-03    0.00000E+00    0.38877E-03    0.00000E+00    0.19706E-03    0.00000E+00    0.72973E-08    0.74770E-08    0.73213E-08    0.00000E+00    0.72973E-02    0.00000E+00    0.74770E-02    0.00000E+00    0.73213E-02    0.64414E-03    0.12081E+00    0.57271E-03    0.12229E+00    0.63508E-03    0.12101E+00    0.49847E-03    0.90508E-01    0.47661E-03    0.10165E+00    0.49556E-03    0.91993E-01
53400  1    0.30635E-06    0.16288E-06    0.29330E-06    0.30315E-06    0.31973E-02    0.15788E-06    0.49913E-02    0.28994E-06    0.33604E-02    0.11825E-02    0.79966E-01    0.12936E-02    0.99913E-01    0.11930E-02    0.81980E-01    0.99911E-03    0.39356E-01    0.11055E-02    0.67745E-01    0.10088E-02    0.41937E-01    0.53497E-06    0.47365E-06    0.53156E-06    0.53497E-06    0.00000E+00    0.47365E-06    0.00000E+00    0.53156E-06    0.00000E+00    0.10344E-02    0.00000E+00    0.97330E-03    0.00000E+00    0.10311E-02    0.00000E+00    0.89660E-03    0.00000E+00    0.90541E-03    0.00000E+00    0.89709E-03    0.00000E+00    0.73783E-08    0.74869E-08    0.73928E-08    0.00000E+00    0.73783E-02    0.00000E+00    0.74869E-02    0.00000E+00    0.73928E-02    0.13518E-02    0.12148E+00    0.14270E-02    0.12237E+00    0.13621E-02    0.12160E+00    0.11332E-02    0.90822E-01    0.12056E-02    0.10162E+00    0.11428E-02    0.92261E-01
53500  2    0.10182E-06    0.16293E-06    0.10738E-06    0.98706E-07    0.31167E-02    0.15802E-06    0.49073E-02    0.10410E-06    0.32795E-02    0.68809E-03    0.78952E-01    0.70410E-03    0.99068E-01    0.68956E-03    0.80988E-01    0.54482E-03    0.38888E-01    0.56108E-03    0.67124E-01    0.54630E-03    0.41455E-01    0.17419E-06    0.47406E-06    0.19085E-06    0.17419E-06    0.00000E+00    0.47406E-06    0.00000E+00    0.19085E-06    0.00000E+00    0.59023E-03    0.00000E+00    0.97371E-03    0.00000E+00    0.61781E-03    0.00000E+00    0.47819E-03    0.00000E+00    0.87173E-03    0.00000E+00    0.50006E-03    0.00000E+00    0.71924E-08    0.73609E-08    0.72149E-08    0.00000E+00    0.71924E-02    0.00000E+00    0.73609E-02    0.00000E+00    0.72149E-02    0.79815E-03    0.11994E+00    0.51920E-03    0.12133E+00    0.76684E-03    0.12012E+00    0.63196E-03    0.89741E-01    0.40575E-03    0.10069E+00    0.60179E-03    0.91200E-01
53600  3    0.23243E-07    0.60057E-07    0.26590E-07    0.20121E-07    0.31225E-02    0.55139E-07    0.49185E-02    0.23304E-07    0.32858E-02    0.46415E-03    0.79026E-01    0.54972E-03    0.99181E-01    0.47257E-03    0.81066E-01    0.31725E-03    0.38993E-01    0.43592E-03    0.67137E-01    0.32803E-03    0.41551E-01    0.35507E-07    0.16542E-06    0.42724E-07    0.35507E-07    0.00000E+00    0.16542E-06    0.00000E+00    0.42724E-07    0.00000E+00    0.26648E-03    0.00000E+00    0.57518E-03    0.00000E+00    0.29232E-03    0.00000E+00    0.18381E-03    0.00000E+00    0.41626E-03    0.00000E+00    0.19673E-03    0.00000E+00    0.72059E-08    0.73777E-08    0.72288E-08    0.00000E+00    0.72059E-02    0.00000E+00    0.73777E-02    0.00000E+00    0.72288E-02    0.63584E-03    0.12005E+00    0.53653E-03    0.12147E+00    0.62351E-03    0.12024E+00    0.49173E-03    0.89983E-01    0.44575E-03    0.10071E+00    0.48560E-03    0.91413E-01
53700  0    0.73383E-07    0.51303E-07    0.71375E-07    0.70243E-07    0.31400E-02    0.46383E-07    0.49205E-02    0.68074E-07    0.33018E-02    0.67095E-03    0.79246E-01    0.78660E-03    0.99202E-01    0.68227E-03    0.81263E-01    0.50174E-03    0.39007E-01    0.61374E-03    0.67081E-01    0.51192E-03    0.41559E-01    0.12396E-06    0.13915E-06    0.12480E-06    0.12396E-06    0.00000E+00    0.13915E-06    0.00000E+00    0.12480E-06    0.00000E+00    0.49791E-03    0.00000E+00    0.52754E-03    0.00000E+00    0.49960E-03    0.00000E+00    0.39804E-03    0.00000E+00    0.41497E-03    0.00000E+00    0.39898E-03    0.00000E+00    0.72461E-08    0.73807E-08    0.72640E-08    0.00000E+00    0.72461E-02    0.00000E+00    0.73807E-02    0.00000E+00    0.72640E-02    0.84537E-03    0.12038E+00    0.88823E-03    0.12150E+00    0.85121E-03    0.12053E+00    0.63735E-03    0.90017E-01    0.71312E-03    0.10062E+00    0.64745E-03    0.91431E-01
53800  1    0.23069E-07    0.58170E-07    0.26260E-07    0.19965E-07    0.31040E-02    0.53283E-07    0.48869E-02    0.22994E-07    0.32660E-02    0.46244E-03    0.78790E-01    0.54859E-03    0.98863E-01    0.47092E-03    0.80821E-01    0.31605E-03    0.38882E-01    0.43470E-03    0.66786E-01    0.32684E-03    0.41419E-01    0.35232E-07    0.15985E-06    0.42155E-07    0.35232E-07    0.00000E+00    0.15985E-06    0.00000E+00    0.42155E-07    0.00000E+00    0.26545E-03    0.00000E+00    0.56542E-03    0.00000E+00    0.29036E-03    0.00000E+00    0.18245E-03    0.00000E+00    0.40698E-03    0.00000E+00    0.19493E-03    0.00000E+00    0.71630E-08    0.73304E-08    0.71853E-08    0.00000E+00    0.71630E-02    0.00000E+00    0.73304E-02    0.00000E+00    0.71853E-02    0.63352E-03    0.11969E+00    0.53998E-03    0.12108E+00    0.62186E-03    0.11988E+00    0.49076E-03    0.89728E-01    0.44857E-03    0.10018E+00    0.48513E-03    0.91122E-01
53900  2    0.25566E-07    0.65660E-07    0.29211E-07    0.22491E-07    0.30750E-02    0.60821E-07    0.48387E-02    0.25976E-07    0.32354E-02    0.48414E-03    0.78422E-01    0.57400E-03    0.98373E-01    0.49299E-03    0.80441E-01    0.33264E-03    0.38689E-01    0.46167E-03    0.66411E-01    0.34437E-03    0.41210E-01    0.39691E-07    0.18246E-06    0.47623E-07    0.39691E-07    0.00000E+00    0.18246E-06    0.00000E+00    0.47623E-07    0.00000E+00    0.28175E-03    0.00000E+00    0.60409E-03    0.00000E+00    0.30862E-03    0.00000E+00    0.19507E-03    0.00000E+00    0.44236E-03    0.00000E+00    0.20880E-03    0.00000E+00    0.70962E-08    0.72580E-08    0.71178E-08    0.00000E+00    0.70962E-02    0.00000E+00    0.72580E-02    0.00000E+00    0.71178E-02    0.66113E-03    0.11913E+00    0.55834E-03    0.12048E+00    0.64837E-03    0.11931E+00    0.51253E-03    0.89283E-01    0.47133E-03    0.99617E-01    0.50704E-03    0.90661E-01
54000  3    0.22913E-07    0.58311E-07    0.26131E-07    0.19841E-07    0.30722E-02    0.53478E-07    0.48334E-02    0.22899E-07    0.32323E-02    0.46157E-03    0.78386E-01    0.54595E-03    0.98319E-01    0.46987E-03    0.80403E-01    0.31535E-03    0.38683E-01    0.43374E-03    0.66291E-01    0.32612E-03    0.41193E-01    0.35014E-07    0.16043E-06    0.41981E-07    0.35014E-07    0.00000E+00    0.16043E-06    0.00000E+00    0.41981E-07    0.00000E+00    0.26463E-03    0.00000E+00    0.56645E-03    0.00000E+00    0.28976E-03    0.00000E+00    0.18222E-03    0.00000E+00    0.41095E-03    0.00000E+00    0.19493E-03    0.00000E+00    0.70897E-08    0.72500E-08    0.71111E-08    0.00000E+00    0.70897E-02    0.00000E+00    0.72500E-02    0.00000E+00    0.71111E-02    0.63252E-03    0.11908E+00    0.53540E-03    0.12042E+00    0.62045E-03    0.11926E+00    0.48945E-03    0.89268E-01    0.44513E-03    0.99437E-01    0.48354E-03    0.90624E-01
54100  4    0.23999E-07    0.63687E-07    0.27607E-07    0.20933E-07    0.30654E-02    0.58864E-07    0.48228E-02    0.24382E-07    0.32251E-02    0.46906E-03    0.78299E-01    0.54807E-03    0.98212E-01    0.47678E-03    0.80313E-01    0.32053E-03    0.38677E-01    0.44078E-03    0.66203E-01    0.33146E-03    0.41179E-01    0.36941E-07    0.17659E-06    0.44700E-07    0.36941E-07    0.00000E+00    0.17659E-06    0.00000E+00    0.44700E-07    0.00000E+00    0.27181E-03    0.00000E+00    0.59429E-03    0.00000E+00    0.29900E-03    0.00000E+00    0.18699E-03    0.00000E+00    0.44174E-03    0.00000E+00    0.20115E-03    0.00000E+00    0.70739E-08    0.72342E-08    0.70953E-08    0.00000E+00    0.70739E-02    0.00000E+00    0.72342E-02    0.00000E+00    0.70953E-02    0.64118E-03    0.11894E+00    0.52342E-03    0.12028E+00    0.62676E-03    0.11912E+00    0.49515E-03    0.89255E-01    0.44030E-03    0.99304E-01    0.48784E-03    0.90595E-01
54200  5    0.26920E-06    0.32117E-06    0.27393E-06    0.26619E-06    0.30072E-02    0.31640E-06    0.47690E-02    0.27076E-06    0.31673E-02    0.96563E-03    0.77552E-01    0.10486E-02    0.97662E-01    0.97346E-03    0.79591E-01    0.81455E-03    0.38370E-01    0.93080E-03    0.65806E-01    0.82512E-03    0.40864E-01    0.46976E-06    0.94919E-06    0.49639E-06    0.46976E-06    0.00000E+00    0.94919E-06    0.00000E+00    0.49639E-06    0.00000E+00    0.96928E-03    0.00000E+00    0.13778E-02    0.00000E+00    0.99638E-03    0.00000E+00    0.83185E-03    0.00000E+00    0.12697E-02    0.00000E+00    0.85618E-03    0.00000E+00    0.69396E-08    0.71535E-08    0.69681E-08    0.00000E+00    0.69396E-02    0.00000E+00    0.71535E-02    0.00000E+00    0.69681E-02    0.96082E-03    0.11781E+00    0.83668E-03    0.11961E+00    0.94521E-03    0.11805E+00    0.79193E-03    0.88547E-01    0.76135E-03    0.98708E-01    0.78785E-03    0.89902E-01
54300  6    0.22714E-07    0.55174E-07    0.25665E-07    0.19680E-07    0.30344E-02    0.50405E-07    0.47691E-02    0.22473E-07    0.31921E-02    0.45915E-03    0.77902E-01    0.54345E-03    0.97663E-01    0.46744E-03    0.79901E-01    0.31367E-03    0.38448E-01    0.43147E-03    0.65669E-01    0.32438E-03    0.40923E-01    0.34729E-07    0.15121E-06    0.41200E-07    0.34729E-07    0.00000E+00    0.15121E-06    0.00000E+00    0.41200E-07    0.00000E+00    0.26355E-03    0.00000E+00    0.54993E-03    0.00000E+00    0.28706E-03    0.00000E+00    0.18059E-03    0.00000E+00    0.39537E-03    0.00000E+00    0.19253E-03    0.00000E+00    0.70024E-08    0.71536E-08    0.70226E-08    0.00000E+00    0.70024E-02    0.00000E+00    0.71536E-02    0.00000E+00    0.70226E-02    0.62903E-03    0.11834E+00    0.54017E-03    0.11961E+00    0.61792E-03    0.11851E+00    0.48769E-03    0.88727E-01    0.44953E-03    0.98503E-01    0.48260E-03    0.90031E-01
54400  7    0.23050E-07    0.61020E-07    0.26501E-07    0.20023E-07    0.30270E-02    0.56261E-07    0.47590E-02    0.23317E-07    0.31844E-02    0.46101E-03    0.77807E-01    0.54193E-03    0.97561E-01    0.46894E-03    0.79805E-01    0.31495E-03    0.38448E-01    0.43402E-03    0.65600E-01    0.32578E-03    0.40916E-01    0.35334E-07    0.16878E-06    0.42748E-07    0.35334E-07    0.00000E+00    0.16878E-06    0.00000E+00    0.42748E-07    0.00000E+00    0.26583E-03    0.00000E+00    0.58100E-03    0.00000E+00    0.29240E-03    0.00000E+00    0.18314E-03    0.00000E+00    0.42852E-03    0.00000E+00    0.19678E-03    0.00000E+00    0.69854E-08    0.71385E-08    0.70058E-08    0.00000E+00    0.69854E-02    0.00000E+00    0.71385E-02    0.00000E+00    0.70058E-02    0.63090E-03    0.11820E+00    0.52129E-03    0.11949E+00    0.61741E-03    0.11837E+00    0.48732E-03    0.88726E-01    0.43676E-03    0.98400E-01    0.48058E-03    0.90016E-01
54500  8    0.22513E-07    0.55440E-07    0.25506E-07    0.19492E-07    0.30212E-02    0.50694E-07    0.47467E-02    0.22328E-07    0.31781E-02    0.45833E-03    0.77733E-01    0.54169E-03    0.97434E-01    0.46653E-03    0.79725E-01    0.31282E-03    0.38395E-01    0.43095E-03    0.65431E-01    0.32356E-03    0.40853E-01    0.34397E-07    0.15208E-06    0.40935E-07    0.34397E-07    0.00000E+00    0.15208E-06    0.00000E+00    0.40935E-07    0.00000E+00    0.26229E-03    0.00000E+00    0.55151E-03    0.00000E+00    0.28613E-03    0.00000E+00    0.17990E-03    0.00000E+00    0.39958E-03    0.00000E+00    0.19210E-03    0.00000E+00    0.69720E-08    0.71200E-08    0.69918E-08    0.00000E+00    0.69720E-02    0.00000E+00    0.71200E-02    0.00000E+00    0.69918E-02    0.62834E-03    0.11808E+00    0.53671E-03    0.11933E+00    0.61691E-03    0.11825E+00    0.48663E-03    0.88603E-01    0.44663E-03    0.98147E-01    0.48130E-03    0.89876E-01
54600  9    0.23788E-07    0.52408E-07    0.26389E-07    0.20792E-07    0.29952E-02    0.47711E-07    0.46979E-02    0.23240E-07    0.31499E-02    0.46426E-03    0.77397E-01    0.52299E-03    0.96932E-01    0.46990E-03    0.79372E-01    0.31924E-03    0.38168E-01    0.42122E-03    0.65070E-01    0.32851E-03    0.40613E-01    0.36692E-07    0.14313E-06    0.42606E-07    0.36692E-07    0.00000E+00    0.14313E-06    0.00000E+00    0.42606E-07    0.00000E+00    0.27090E-03    0.00000E+00    0.53504E-03    0.00000E+00    0.29191E-03    0.00000E+00    0.19057E-03    0.00000E+00    0.39930E-03    0.00000E+00    0.20217E-03    0.00000E+00    0.69119E-08    0.70468E-08    0.69299E-08    0.00000E+00    0.69119E-02    0.00000E+00    0.70468E-02    0.00000E+00    0.69299E-02    0.63358E-03    0.11757E+00    0.51687E-03    0.11872E+00    0.61929E-03    0.11773E+00    0.48750E-03    0.88080E-01    0.43219E-03    0.97605E-01    0.48012E-03    0.89350E-01
54700  10    0.22378E-07    0.55655E-07    0.25403E-07    0.19393E-07    0.29857E-02    0.50968E-07    0.46865E-02    0.22263E-07    0.31403E-02    0.45688E-03    0.77275E-01    0.53895E-03    0.96814E-01    0.46494E-03    0.79251E-01    0.31183E-03    0.38163E-01    0.42936E-03    0.65048E-01    0.32251E-03    0.40607E-01    0.34222E-07    0.15290E-06    0.40816E-07    0.34222E-07    0.00000E+00    0.15290E-06    0.00000E+00    0.40816E-07    0.00000E+00    0.26162E-03    0.00000E+00    0.55300E-03    0.00000E+00    0.28571E-03    0.00000E+00    0.17965E-03    0.00000E+00    0.40184E-03    0.00000E+00    0.19200E-03    0.00000E+00    0.68901E-08    0.70297E-08    0.69087E-08    0.00000E+00    0.68901E-02    0.00000E+00    0.70297E-02    0.00000E+00    0.69087E-02    0.62626E-03    0.11739E+00    0.53178E-03    0.11857E+00    0.61450E-03    0.11755E+00    0.48467E-03    0.88068E-01    0.44312E-03    0.97571E-01    0.47913E-03    0.89335E-01
54800  11    0.56482E-06    0.26336E-06    0.53741E-06    0.56180E-06    0.30146E-02    0.25863E-06    0.47326E-02    0.53424E-06    0.31708E-02    0.15017E-02    0.77648E-01    0.16057E-02    0.97289E-01    0.15115E-02    0.79634E-01    0.12438E-02    0.38325E-01    0.13690E-02    0.65341E-01    0.12552E-02    0.40781E-01    0.99141E-06    0.77589E-06    0.97944E-06    0.99141E-06    0.00000E+00    0.77589E-06    0.00000E+00    0.97944E-06    0.00000E+00    0.14081E-02    0.00000E+00    0.12457E-02    0.00000E+00    0.13996E-02    0.00000E+00    0.11456E-02    0.00000E+00    0.10568E-02    0.00000E+00    0.11407E-02    0.00000E+00    0.69567E-08    0.70989E-08    0.69757E-08    0.00000E+00    0.69567E-02    0.00000E+00    0.70989E-02    0.00000E+00    0.69757E-02    0.16159E-02    0.11796E+00    0.17583E-02    0.11915E+00    0.16356E-02    0.11812E+00    0.13722E-02    0.88443E-01    0.15251E-02    0.98011E-01    0.13926E-02    0.89719E-01
54900  12    0.22247E-07    0.53079E-07    0.25050E-07    0.19273E-07    0.29739E-02    0.48414E-07    0.46656E-02    0.21922E-07    0.31277E-02    0.45597E-03    0.77122E-01    0.53920E-03    0.96598E-01    0.46415E-03    0.79091E-01    0.31082E-03    0.38111E-01    0.42947E-03    0.64982E-01    0.32161E-03    0.40554E-01    0.34012E-07    0.14524E-06    0.40191E-07    0.34012E-07    0.00000E+00    0.14524E-06    0.00000E+00    0.40191E-07    0.00000E+00    0.26081E-03    0.00000E+00    0.53896E-03    0.00000E+00    0.28352E-03    0.00000E+00    0.17803E-03    0.00000E+00    0.38810E-03    0.00000E+00    0.18970E-03    0.00000E+00    0.68629E-08    0.69984E-08    0.68810E-08    0.00000E+00    0.68629E-02    0.00000E+00    0.69984E-02    0.00000E+00    0.68810E-02    0.62517E-03    0.11716E+00    0.53932E-03    0.11831E+00    0.61441E-03    0.11731E+00    0.48448E-03    0.87948E-01    0.45016E-03    0.97473E-01    0.47990E-03    0.89218E-01
55000  13    0.40915E-07    0.54437E-07    0.42144E-07    0.37958E-07    0.29566E-02    0.49798E-07    0.46392E-02    0.39035E-07    0.31095E-02    0.49715E-03    0.76897E-01    0.56462E-03    0.96324E-01    0.50365E-03    0.78861E-01    0.37891E-03    0.37977E-01    0.45016E-03    0.64864E-01    0.38539E-03    0.40421E-01    0.66985E-07    0.14939E-06    0.71564E-07    0.66985E-07    0.00000E+00    0.14939E-06    0.00000E+00    0.71564E-07    0.00000E+00    0.36602E-03    0.00000E+00    0.54662E-03    0.00000E+00    0.37832E-03    0.00000E+00    0.28093E-03    0.00000E+00    0.36642E-03    0.00000E+00    0.28568E-03    0.00000E+00    0.68229E-08    0.69587E-08    0.68410E-08    0.00000E+00    0.68229E-02    0.00000E+00    0.69587E-02    0.00000E+00    0.68410E-02    0.62862E-03    0.11681E+00    0.57341E-03    0.11797E+00    0.62154E-03    0.11697E+00    0.50703E-03    0.87639E-01    0.49203E-03    0.97296E-01    0.50503E-03    0.88927E-01
55100  14    0.93635E-07    0.15034E-06    0.98790E-07    0.90709E-07    0.29261E-02    0.14575E-06    0.45828E-02    0.95713E-07    0.30767E-02    0.69634E-03    0.76500E-01    0.72850E-03    0.95737E-01    0.69933E-03    0.78444E-01    0.54046E-03    0.37749E-01    0.58283E-03    0.64427E-01    0.54431E-03    0.40175E-01    0.16007E-06    0.43726E-06    0.17547E-06    0.16007E-06    0.00000E+00    0.43726E-06    0.00000E+00    0.17547E-06    0.00000E+00    0.56582E-03    0.00000E+00    0.93516E-03    0.00000E+00    0.59241E-03    0.00000E+00    0.44658E-03    0.00000E+00    0.79205E-03    0.00000E+00    0.46578E-03    0.00000E+00    0.67525E-08    0.68741E-08    0.67687E-08    0.00000E+00    0.67525E-02    0.00000E+00    0.68741E-02    0.00000E+00    0.67687E-02    0.83686E-03    0.11621E+00    0.59900E-03    0.11725E+00    0.80919E-03    0.11635E+00    0.66322E-03    0.87114E-01    0.47822E-03    0.96640E-01    0.63855E-03    0.88384E-01
55200  0    0.69080E-07    0.43493E-07    0.66754E-07    0.66139E-07    0.29402E-02    0.38887E-07    0.46064E-02    0.63662E-07    0.30917E-02    0.61061E-03    0.76684E-01    0.70490E-03    0.95983E-01    0.61978E-03    0.78634E-01    0.46433E-03    0.37867E-01    0.57267E-03    0.64646E-01    0.47418E-03    0.40302E-01    0.11672E-06    0.11666E-06    0.11671E-06    0.11672E-06    0.00000E+00    0.11666E-06    0.00000E+00    0.11671E-06    0.00000E+00    0.48315E-03    0.00000E+00    0.48303E-03    0.00000E+00    0.48314E-03    0.00000E+00    0.36332E-03    0.00000E+00    0.37775E-03    0.00000E+00    0.36412E-03    0.00000E+00    0.67851E-08    0.69096E-08    0.68017E-08    0.00000E+00    0.67851E-02    0.00000E+00    0.69096E-02    0.00000E+00    0.68017E-02    0.74509E-03    0.11649E+00    0.79288E-03    0.11756E+00    0.75164E-03    0.11663E+00    0.59643E-03    0.87386E-01    0.67013E-03    0.96969E-01    0.60625E-03    0.88663E-01
55300  1    0.71385E-06    0.65123E-06    0.70816E-06    0.71097E-06    0.28855E-02    0.64671E-06    0.45146E-02    0.70513E-06    0.30336E-02    0.17039E-02    0.75967E-01    0.17337E-02    0.95022E-01    0.17066E-02    0.77892E-01    0.13918E-02    0.37518E-01    0.14014E-02    0.64004E-01    0.13927E-02    0.39926E-01    0.12546E-05    0.19401E-05    0.12927E-05    0.12546E-05    0.00000E+00    0.19401E-05    0.00000E+00    0.12927E-05    0.00000E+00    0.15841E-02    0.00000E+00    0.19698E-02    0.00000E+00    0.16079E-02    0.00000E+00    0.12970E-02    0.00000E+00    0.16380E-02    0.00000E+00    0.13159E-02    0.00000E+00    0.66589E-08    0.67718E-08    0.66739E-08    0.00000E+00    0.66589E-02    0.00000E+00    0.67718E-02    0.00000E+00    0.66739E-02    0.18489E-02    0.11540E+00    0.16026E-02    0.11638E+00    0.18180E-02    0.11553E+00    0.15158E-02    0.86580E-01    0.12830E-02    0.96007E-01    0.14848E-02    0.87836E-01
55400  2    0.25278E-07    0.61145E-07    0.28538E-07    0.22364E-07    0.29138E-02    0.56579E-07    0.45658E-02    0.25474E-07    0.30640E-02    0.44692E-03    0.76338E-01    0.51708E-03    0.95559E-01    0.45375E-03    0.78281E-01    0.31909E-03    0.37739E-01    0.42791E-03    0.64487E-01    0.32899E-03    0.40171E-01    0.39466E-07    0.16974E-06    0.46703E-07    0.39466E-07    0.00000E+00    0.16974E-06    0.00000E+00    0.46703E-07    0.00000E+00    0.28095E-03    0.00000E+00    0.58264E-03    0.00000E+00    0.30562E-03    0.00000E+00    0.20211E-03    0.00000E+00    0.44567E-03    0.00000E+00    0.21564E-03    0.00000E+00    0.67241E-08    0.68487E-08    0.67407E-08    0.00000E+00    0.67241E-02    0.00000E+00    0.68487E-02    0.00000E+00    0.67407E-02    0.59810E-03    0.11597E+00    0.48096E-03    0.11704E+00    0.58384E-03    0.11611E+00    0.47207E-03    0.87090E-01    0.41903E-03    0.96730E-01    0.46500E-03    0.88375E-01
55500  3    0.15786E-06    0.70440E-07    0.14991E-06    0.15494E-06    0.29158E-02    0.65882E-07    0.45579E-02    0.14685E-06    0.30651E-02    0.84123E-03    0.76365E-01    0.93942E-03    0.95477E-01    0.85062E-03    0.78295E-01    0.66543E-03    0.37686E-01    0.79950E-03    0.64350E-01    0.67762E-03    0.40110E-01    0.27343E-06    0.19765E-06    0.26922E-06    0.27343E-06    0.00000E+00    0.19765E-06    0.00000E+00    0.26922E-06    0.00000E+00    0.73950E-03    0.00000E+00    0.62872E-03    0.00000E+00    0.73379E-03    0.00000E+00    0.58100E-03    0.00000E+00    0.57126E-03    0.00000E+00    0.58046E-03    0.00000E+00    0.67287E-08    0.68369E-08    0.67431E-08    0.00000E+00    0.67287E-02    0.00000E+00    0.68369E-02    0.00000E+00    0.67431E-02    0.95809E-03    0.11601E+00    0.10612E-02    0.11693E+00    0.97247E-03    0.11613E+00    0.77584E-03    0.86967E-01    0.91362E-03    0.96526E-01    0.79421E-03    0.88242E-01
55600  4    0.21848E-07    0.48984E-07    0.24315E-07    0.18957E-07    0.28910E-02    0.44465E-07    0.45186E-02    0.21276E-07    0.30390E-02    0.45166E-03    0.76040E-01    0.53360E-03    0.95065E-01    0.45971E-03    0.77961E-01    0.30757E-03    0.37562E-01    0.42561E-03    0.64145E-01    0.31830E-03    0.39978E-01    0.33454E-07    0.13339E-06    0.39006E-07    0.33454E-07    0.00000E+00    0.13339E-06    0.00000E+00    0.39006E-07    0.00000E+00    0.25867E-03    0.00000E+00    0.51652E-03    0.00000E+00    0.27931E-03    0.00000E+00    0.17549E-03    0.00000E+00    0.37019E-03    0.00000E+00    0.18631E-03    0.00000E+00    0.66715E-08    0.67780E-08    0.66857E-08    0.00000E+00    0.66715E-02    0.00000E+00    0.67780E-02    0.00000E+00    0.66857E-02    0.61908E-03    0.11551E+00    0.54194E-03    0.11643E+00    0.60936E-03    0.11564E+00    0.48029E-03    0.86681E-01    0.45331E-03    0.96217E-01    0.47669E-03    0.87953E-01
55700  5    0.21833E-07    0.54312E-07    0.24786E-07    0.18952E-07    0.28811E-02    0.49809E-07    0.45033E-02    0.21757E-07    0.30286E-02    0.45049E-03    0.75909E-01    0.52689E-03    0.94903E-01    0.45796E-03    0.77828E-01    0.30729E-03    0.37526E-01    0.42266E-03    0.64098E-01    0.31777E-03    0.39942E-01    0.33444E-07    0.14943E-06    0.39888E-07    0.33444E-07    0.00000E+00    0.14943E-06    0.00000E+00    0.39888E-07    0.00000E+00    0.25863E-03    0.00000E+00    0.54667E-03    0.00000E+00    0.28245E-03    0.00000E+00    0.17793E-03    0.00000E+00    0.40412E-03    0.00000E+00    0.19050E-03    0.00000E+00    0.66487E-08    0.67549E-08    0.66628E-08    0.00000E+00    0.66487E-02    0.00000E+00    0.67549E-02    0.00000E+00    0.66628E-02    0.61713E-03    0.11531E+00    0.51671E-03    0.11623E+00    0.60471E-03    0.11544E+00    0.47644E-03    0.86599E-01    0.43193E-03    0.96147E-01    0.47050E-03    0.87872E-01
55800  6    0.22412E-07    0.53458E-07    0.25234E-07    0.19551E-07    0.28614E-02    0.48989E-07    0.44682E-02    0.22227E-07    0.30075E-02    0.44448E-03    0.75649E-01    0.51988E-03    0.94533E-01    0.45186E-03    0.77556E-01    0.30831E-03    0.37350E-01    0.42057E-03    0.63837E-01    0.31851E-03    0.39758E-01    0.34501E-07    0.14697E-06    0.40749E-07    0.34501E-07    0.00000E+00    0.14697E-06    0.00000E+00    0.40749E-07    0.00000E+00    0.26268E-03    0.00000E+00    0.54216E-03    0.00000E+00    0.28548E-03    0.00000E+00    0.18226E-03    0.00000E+00    0.39474E-03    0.00000E+00    0.19407E-03    0.00000E+00    0.66032E-08    0.67023E-08    0.66164E-08    0.00000E+00    0.66032E-02    0.00000E+00    0.67023E-02    0.00000E+00    0.66164E-02    0.60472E-03    0.11492E+00    0.50837E-03    0.11578E+00    0.59278E-03    0.11503E+00    0.47314E-03    0.86193E-01    0.43348E-03    0.95755E-01    0.46785E-03    0.87468E-01
55900  7    0.24871E-07    0.55651E-07    0.27669E-07    0.22024E-07    0.28471E-02    0.51201E-07    0.44502E-02    0.24676E-07    0.29928E-02    0.44471E-03    0.75459E-01    0.52130E-03    0.94342E-01    0.45221E-03    0.77367E-01    0.31769E-03    0.37306E-01    0.42818E-03    0.63817E-01    0.32773E-03    0.39716E-01    0.38865E-07    0.15360E-06    0.45239E-07    0.38865E-07    0.00000E+00    0.15360E-06    0.00000E+00    0.45239E-07    0.00000E+00    0.27880E-03    0.00000E+00    0.55426E-03    0.00000E+00    0.30080E-03    0.00000E+00    0.19990E-03    0.00000E+00    0.40352E-03    0.00000E+00    0.21122E-03    0.00000E+00    0.65701E-08    0.66752E-08    0.65841E-08    0.00000E+00    0.65701E-02    0.00000E+00    0.66752E-02    0.00000E+00    0.65841E-02    0.59560E-03    0.11463E+00    0.50401E-03    0.11554E+00    0.58422E-03    0.11475E+00    0.47171E-03    0.86090E-01    0.44051E-03    0.95726E-01    0.46755E-03    0.87375E-01
56000  8    0.21406E-07    0.49908E-07    0.23997E-07    0.18558E-07    0.28484E-02    0.45466E-07    0.44427E-02    0.21004E-07    0.29933E-02    0.44929E-03    0.75477E-01    0.52775E-03    0.94263E-01    0.45698E-03    0.77373E-01    0.30548E-03    0.37289E-01    0.42208E-03    0.63715E-01    0.31608E-03    0.39692E-01    0.32749E-07    0.13640E-06    0.38507E-07    0.32749E-07    0.00000E+00    0.13640E-06    0.00000E+00    0.38507E-07    0.00000E+00    0.25592E-03    0.00000E+00    0.52230E-03    0.00000E+00    0.27751E-03    0.00000E+00    0.17409E-03    0.00000E+00    0.38109E-03    0.00000E+00    0.18559E-03    0.00000E+00    0.65732E-08    0.66641E-08    0.65853E-08    0.00000E+00    0.65732E-02    0.00000E+00    0.66641E-02    0.00000E+00    0.65853E-02    0.61659E-03    0.11466E+00    0.53046E-03    0.11545E+00    0.60581E-03    0.11476E+00    0.47729E-03    0.86052E-01    0.44257E-03    0.95573E-01    0.47266E-03    0.87322E-01
56100  9    0.55672E-07    0.59682E-07    0.56036E-07    0.52822E-07    0.28493E-02    0.55264E-07    0.44188E-02    0.53044E-07    0.29920E-02    0.60812E-03    0.75490E-01    0.62777E-03    0.94008E-01    0.60993E-03    0.77356E-01    0.46588E-03    0.37209E-01    0.50053E-03    0.63384E-01    0.46903E-03    0.39588E-01    0.93216E-07    0.16579E-06    0.97248E-07    0.93216E-07    0.00000E+00    0.16579E-06    0.00000E+00    0.97248E-07    0.00000E+00    0.43178E-03    0.00000E+00    0.57583E-03    0.00000E+00    0.44102E-03    0.00000E+00    0.34055E-03    0.00000E+00    0.43073E-03    0.00000E+00    0.34556E-03    0.00000E+00    0.65754E-08    0.66281E-08    0.65824E-08    0.00000E+00    0.65754E-02    0.00000E+00    0.66281E-02    0.00000E+00    0.65824E-02    0.78078E-03    0.11468E+00    0.65220E-03    0.11514E+00    0.76488E-03    0.11474E+00    0.62976E-03    0.85866E-01    0.53543E-03    0.95076E-01    0.61718E-03    0.87094E-01
56200  10    0.21259E-07    0.48883E-07    0.23771E-07    0.18434E-07    0.28251E-02    0.44483E-07    0.44001E-02    0.20802E-07    0.29683E-02    0.44846E-03    0.75168E-01    0.52615E-03    0.93809E-01    0.45607E-03    0.77049E-01    0.30469E-03    0.37106E-01    0.42085E-03    0.63438E-01    0.31525E-03    0.39500E-01    0.32531E-07    0.13345E-06    0.38138E-07    0.32531E-07    0.00000E+00    0.13345E-06    0.00000E+00    0.38138E-07    0.00000E+00    0.25507E-03    0.00000E+00    0.51662E-03    0.00000E+00    0.27618E-03    0.00000E+00    0.17311E-03    0.00000E+00    0.37720E-03    0.00000E+00    0.18445E-03    0.00000E+00    0.65195E-08    0.66001E-08    0.65303E-08    0.00000E+00    0.65195E-02    0.00000E+00    0.66001E-02    0.00000E+00    0.65303E-02    0.61566E-03    0.11419E+00    0.53084E-03    0.11489E+00    0.60504E-03    0.11428E+00    0.47674E-03    0.85629E-01    0.44268E-03    0.95157E-01    0.47220E-03    0.86899E-01
56300  11    0.27669E-07    0.51235E-07    0.29811E-07    0.24865E-07    0.28033E-02    0.46864E-07    0.43706E-02    0.26865E-07    0.29458E-02    0.44916E-03    0.74877E-01    0.50953E-03    0.93495E-01    0.45498E-03    0.76756E-01    0.32886E-03    0.37000E-01    0.41840E-03    0.63326E-01    0.33700E-03    0.39394E-01    0.43880E-07    0.14059E-06    0.49253E-07    0.43880E-07    0.00000E+00    0.14059E-06    0.00000E+00    0.49253E-07    0.00000E+00    0.29624E-03    0.00000E+00    0.53027E-03    0.00000E+00    0.31386E-03    0.00000E+00    0.21969E-03    0.00000E+00    0.38431E-03    0.00000E+00    0.22883E-03    0.00000E+00    0.64691E-08    0.65559E-08    0.64807E-08    0.00000E+00    0.64691E-02    0.00000E+00    0.65559E-02    0.00000E+00    0.64807E-02    0.59229E-03    0.11375E+00    0.49883E-03    0.11451E+00    0.58070E-03    0.11385E+00    0.47162E-03    0.85385E-01    0.43544E-03    0.94988E-01    0.46679E-03    0.86666E-01
56400  12    0.21129E-07    0.48520E-07    0.23619E-07    0.18325E-07    0.28040E-02    0.44157E-07    0.43627E-02    0.20673E-07    0.29457E-02    0.44688E-03    0.74886E-01    0.52402E-03    0.93409E-01    0.45444E-03    0.76755E-01    0.30372E-03    0.36992E-01    0.41946E-03    0.63234E-01    0.31425E-03    0.39378E-01    0.32338E-07    0.13247E-06    0.37901E-07    0.32338E-07    0.00000E+00    0.13247E-06    0.00000E+00    0.37901E-07    0.00000E+00    0.25431E-03    0.00000E+00    0.51473E-03    0.00000E+00    0.27532E-03    0.00000E+00    0.17259E-03    0.00000E+00    0.37633E-03    0.00000E+00    0.18391E-03    0.00000E+00    0.64707E-08    0.65440E-08    0.64805E-08    0.00000E+00    0.64707E-02    0.00000E+00    0.65440E-02    0.00000E+00    0.64805E-02    0.61342E-03    0.11376E+00    0.52861E-03    0.11440E+00    0.60280E-03    0.11385E+00    0.47521E-03    0.85367E-01    0.44103E-03    0.94850E-01    0.47065E-03    0.86631E-01
56500  13    0.39559E-07    0.49623E-07    0.40474E-07    0.36750E-07    0.28093E-02    0.45273E-07    0.43501E-02    0.37525E-07    0.29493E-02    0.55204E-03    0.74957E-01    0.61739E-03    0.93275E-01    0.55830E-03    0.76803E-01    0.41064E-03    0.36971E-01    0.49911E-03    0.63055E-01    0.41869E-03    0.39342E-01    0.64853E-07    0.13582E-06    0.68795E-07    0.64853E-07    0.00000E+00    0.13582E-06    0.00000E+00    0.68795E-07    0.00000E+00    0.36015E-03    0.00000E+00    0.52119E-03    0.00000E+00    0.37093E-03    0.00000E+00    0.28676E-03    0.00000E+00    0.41148E-03    0.00000E+00    0.29369E-03    0.00000E+00    0.64829E-08    0.65251E-08    0.64886E-08    0.00000E+00    0.64829E-02    0.00000E+00    0.65251E-02    0.00000E+00    0.64886E-02    0.73052E-03    0.11387E+00    0.66025E-03    0.11424E+00    0.72154E-03    0.11392E+00    0.57265E-03    0.85318E-01    0.54292E-03    0.94583E-01    0.56868E-03    0.86553E-01
56600  14    0.20987E-07    0.47259E-07    0.23375E-07    0.18200E-07    0.27873E-02    0.42929E-07    0.43308E-02    0.20448E-07    0.29276E-02    0.44605E-03    0.74663E-01    0.52257E-03    0.93067E-01    0.45354E-03    0.76520E-01    0.30286E-03    0.36875E-01    0.41840E-03    0.63048E-01    0.31336E-03    0.39255E-01    0.32117E-07    0.12879E-06    0.37488E-07    0.32117E-07    0.00000E+00    0.12879E-06    0.00000E+00    0.37488E-07    0.00000E+00    0.25345E-03    0.00000E+00    0.50751E-03    0.00000E+00    0.27382E-03    0.00000E+00    0.17149E-03    0.00000E+00    0.37112E-03    0.00000E+00    0.18258E-03    0.00000E+00    0.64322E-08    0.64962E-08    0.64408E-08    0.00000E+00    0.64322E-02    0.00000E+00    0.64962E-02    0.00000E+00    0.64408E-02    0.61248E-03    0.11342E+00    0.52993E-03    0.11398E+00    0.60213E-03    0.11350E+00    0.47466E-03    0.85096E-01    0.44204E-03    0.94573E-01    0.47031E-03    0.86360E-01
56700  15    0.40026E-07    0.76403E-07    0.43333E-07    0.37274E-07    0.27519E-02    0.72120E-07    0.42832E-02    0.40442E-07    0.28911E-02    0.47642E-03    0.74188E-01    0.51197E-03    0.92555E-01    0.47976E-03    0.76041E-01    0.36706E-03    0.36657E-01    0.42485E-03    0.62797E-01    0.37231E-03    0.39033E-01    0.65778E-07    0.21636E-06    0.74143E-07    0.65778E-07    0.00000E+00    0.21636E-06    0.00000E+00    0.74143E-07    0.00000E+00    0.36271E-03    0.00000E+00    0.65781E-03    0.00000E+00    0.38508E-03    0.00000E+00    0.28977E-03    0.00000E+00    0.55403E-03    0.00000E+00    0.30446E-03    0.00000E+00    0.63505E-08    0.64248E-08    0.63604E-08    0.00000E+00    0.63505E-02    0.00000E+00    0.64248E-02    0.00000E+00    0.63604E-02    0.59308E-03    0.11270E+00    0.42050E-03    0.11336E+00    0.57308E-03    0.11279E+00    0.46812E-03    0.84593E-01    0.36027E-03    0.94196E-01    0.45374E-03    0.85874E-01
56800  16    0.20859E-07    0.46775E-07    0.23215E-07    0.18099E-07    0.27598E-02    0.42493E-07    0.42819E-02    0.20317E-07    0.28982E-02    0.44428E-03    0.74294E-01    0.52027E-03    0.92541E-01    0.45171E-03    0.76134E-01    0.30184E-03    0.36696E-01    0.41650E-03    0.62731E-01    0.31227E-03    0.39063E-01    0.31940E-07    0.12748E-06    0.37247E-07    0.31940E-07    0.00000E+00    0.12748E-06    0.00000E+00    0.37247E-07    0.00000E+00    0.25274E-03    0.00000E+00    0.50493E-03    0.00000E+00    0.27294E-03    0.00000E+00    0.17098E-03    0.00000E+00    0.36940E-03    0.00000E+00    0.18200E-03    0.00000E+00    0.63687E-08    0.64229E-08    0.63760E-08    0.00000E+00    0.63687E-02    0.00000E+00    0.64229E-02    0.00000E+00    0.63760E-02    0.60988E-03    0.11286E+00    0.52778E-03    0.11334E+00    0.59959E-03    0.11292E+00    0.47298E-03    0.84684E-01    0.44005E-03    0.94097E-01    0.46859E-03    0.85939E-01
56900  17    0.21033E-07    0.48045E-07    0.23488E-07    0.18284E-07    0.27493E-02    0.43782E-07    0.42634E-02    0.20602E-07    0.28869E-02    0.44005E-03    0.74152E-01    0.51066E-03    0.92340E-01    0.44693E-03    0.75986E-01    0.30200E-03    0.36631E-01    0.40994E-03    0.62641E-01    0.31181E-03    0.38995E-01    0.32265E-07    0.13134E-06    0.37770E-07    0.32265E-07    0.00000E+00    0.13134E-06    0.00000E+00    0.37770E-07    0.00000E+00    0.25403E-03    0.00000E+00    0.51253E-03    0.00000E+00    0.27484E-03    0.00000E+00    0.17473E-03    0.00000E+00    0.37852E-03    0.00000E+00    0.18605E-03    0.00000E+00    0.63444E-08    0.63951E-08    0.63512E-08    0.00000E+00    0.63444E-02    0.00000E+00    0.63951E-02    0.00000E+00    0.63512E-02    0.60207E-03    0.11265E+00    0.50972E-03    0.11309E+00    0.59060E-03    0.11270E+00    0.46843E-03    0.84532E-01    0.42566E-03    0.93961E-01    0.46273E-03    0.85790E-01
57000  18    0.16029E-06    0.70881E-07    0.15216E-06    0.15753E-06    0.27647E-02    0.66604E-07    0.42771E-02    0.14926E-06    0.29022E-02    0.84466E-03    0.74360E-01    0.97073E-03    0.92489E-01    0.85689E-03    0.76187E-01    0.66331E-03    0.36706E-01    0.80847E-03    0.62696E-01    0.67651E-03    0.39069E-01    0.27799E-06    0.19981E-06    0.27364E-06    0.27799E-06    0.00000E+00    0.19981E-06    0.00000E+00    0.27364E-06    0.00000E+00    0.74563E-03    0.00000E+00    0.63216E-03    0.00000E+00    0.73979E-03    0.00000E+00    0.58862E-03    0.00000E+00    0.55652E-03    0.00000E+00    0.58684E-03    0.00000E+00    0.63802E-08    0.64156E-08    0.63849E-08    0.00000E+00    0.63802E-02    0.00000E+00    0.64156E-02    0.00000E+00    0.63849E-02    0.95885E-03    0.11296E+00    0.11017E-02    0.11328E+00    0.97910E-03    0.11300E+00    0.76099E-03    0.84706E-01    0.93444E-03    0.94044E-01    0.78412E-03    0.85951E-01
57100  19    0.20730E-07    0.47537E-07    0.23167E-07    0.17998E-07    0.27319E-02    0.43307E-07    0.42307E-02    0.20299E-07    0.28682E-02    0.44313E-03    0.73918E-01    0.51643E-03    0.91986E-01    0.45028E-03    0.75739E-01    0.30088E-03    0.36527E-01    0.41521E-03    0.62441E-01    0.31128E-03    0.38883E-01    0.31761E-07    0.12992E-06    0.37214E-07    0.31761E-07    0.00000E+00    0.12992E-06    0.00000E+00    0.37214E-07    0.00000E+00    0.25204E-03    0.00000E+00    0.50975E-03    0.00000E+00    0.27282E-03    0.00000E+00    0.17096E-03    0.00000E+00    0.37706E-03    0.00000E+00    0.18241E-03    0.00000E+00    0.63044E-08    0.63460E-08    0.63100E-08    0.00000E+00    0.63044E-02    0.00000E+00    0.63460E-02    0.00000E+00    0.63100E-02    0.60834E-03    0.11229E+00    0.51974E-03    0.11266E+00    0.59728E-03    0.11234E+00    0.47079E-03    0.84294E-01    0.43428E-03    0.93662E-01    0.46592E-03    0.85543E-01
57200  0    0.38376E-07    0.31548E-07    0.37756E-07    0.35641E-07    0.27355E-02    0.27333E-07    0.42154E-02    0.34886E-07    0.28700E-02    0.53688E-03    0.73966E-01    0.61496E-03    0.91819E-01    0.54444E-03    0.75763E-01    0.38952E-03    0.36479E-01    0.48857E-03    0.62216E-01    0.39852E-03    0.38819E-01    0.62896E-07    0.81998E-07    0.63957E-07    0.62896E-07    0.00000E+00    0.81998E-07    0.00000E+00    0.63957E-07    0.00000E+00    0.35467E-03    0.00000E+00    0.40496E-03    0.00000E+00    0.35765E-03    0.00000E+00    0.27299E-03    0.00000E+00    0.32394E-03    0.00000E+00    0.27582E-03    0.00000E+00    0.63126E-08    0.63231E-08    0.63140E-08    0.00000E+00    0.63126E-02    0.00000E+00    0.63231E-02    0.00000E+00    0.63140E-02    0.70758E-03    0.11236E+00    0.69662E-03    0.11245E+00    0.70613E-03    0.11237E+00    0.54189E-03    0.84183E-01    0.57088E-03    0.93324E-01    0.54575E-03    0.85402E-01
57300  1    0.40979E-07    0.84564E-07    0.44942E-07    0.38280E-07    0.26993E-02    0.80391E-07    0.41725E-02    0.42108E-07    0.28333E-02    0.52152E-03    0.73476E-01    0.56127E-03    0.91351E-01    0.52526E-03    0.75276E-01    0.38053E-03    0.36258E-01    0.45913E-03    0.62155E-01    0.38767E-03    0.38612E-01    0.67553E-07    0.24117E-06    0.77199E-07    0.67553E-07    0.00000E+00    0.24117E-06    0.00000E+00    0.77199E-07    0.00000E+00    0.36757E-03    0.00000E+00    0.69451E-03    0.00000E+00    0.39293E-03    0.00000E+00    0.27401E-03    0.00000E+00    0.58316E-03    0.00000E+00    0.29119E-03    0.00000E+00    0.62293E-08    0.62588E-08    0.62332E-08    0.00000E+00    0.62293E-02    0.00000E+00    0.62588E-02    0.00000E+00    0.62332E-02    0.67155E-03    0.11162E+00    0.48101E-03    0.11188E+00    0.64938E-03    0.11165E+00    0.51981E-03    0.83672E-01    0.39711E-03    0.93232E-01    0.50345E-03    0.84947E-01
57400  2    0.20487E-07    0.45668E-07    0.22776E-07    0.17784E-07    0.27026E-02    0.41494E-07    0.41742E-02    0.19940E-07    0.28364E-02    0.44154E-03    0.73520E-01    0.51451E-03    0.91369E-01    0.44866E-03    0.75317E-01    0.29944E-03    0.36307E-01    0.41357E-03    0.62225E-01    0.30981E-03    0.38663E-01    0.31384E-07    0.12448E-06    0.36556E-07    0.31384E-07    0.00000E+00    0.12448E-06    0.00000E+00    0.36556E-07    0.00000E+00    0.25054E-03    0.00000E+00    0.49896E-03    0.00000E+00    0.27039E-03    0.00000E+00    0.16919E-03    0.00000E+00    0.36932E-03    0.00000E+00    0.18031E-03    0.00000E+00    0.62367E-08    0.62613E-08    0.62400E-08    0.00000E+00    0.62367E-02    0.00000E+00    0.62613E-02    0.00000E+00    0.62400E-02    0.60648E-03    0.11168E+00    0.52211E-03    0.11190E+00    0.59592E-03    0.11171E+00    0.46976E-03    0.83786E-01    0.43569E-03    0.93338E-01    0.46522E-03    0.85059E-01
57500  3    0.21137E-07    0.40001E-07    0.22852E-07    0.18440E-07    0.26967E-02    0.35837E-07    0.41638E-02    0.20022E-07    0.28301E-02    0.44256E-03    0.73440E-01    0.52174E-03    0.91255E-01    0.45033E-03    0.75234E-01    0.30094E-03    0.36304E-01    0.41686E-03    0.62167E-01    0.31147E-03    0.38655E-01    0.32542E-07    0.10751E-06    0.36707E-07    0.32542E-07    0.00000E+00    0.10751E-06    0.00000E+00    0.36707E-07    0.00000E+00    0.25511E-03    0.00000E+00    0.46370E-03    0.00000E+00    0.27095E-03    0.00000E+00    0.17069E-03    0.00000E+00    0.32765E-03    0.00000E+00    0.17941E-03    0.00000E+00    0.62232E-08    0.62457E-08    0.62262E-08    0.00000E+00    0.62232E-02    0.00000E+00    0.62457E-02    0.00000E+00    0.62262E-02    0.60570E-03    0.11156E+00    0.54846E-03    0.11176E+00    0.59838E-03    0.11159E+00    0.47126E-03    0.83778E-01    0.46146E-03    0.93250E-01    0.46995E-03    0.85041E-01
57600  4    0.37835E-07    0.46875E-07    0.38657E-07    0.35148E-07    0.26872E-02    0.42744E-07    0.41313E-02    0.35839E-07    0.28185E-02    0.54496E-03    0.73310E-01    0.63087E-03    0.90899E-01    0.55333E-03    0.75080E-01    0.40821E-03    0.36174E-01    0.51030E-03    0.62022E-01    0.41749E-03    0.38524E-01    0.62026E-07    0.12823E-06    0.65704E-07    0.62026E-07    0.00000E+00    0.12823E-06    0.00000E+00    0.65704E-07    0.00000E+00    0.35221E-03    0.00000E+00    0.50642E-03    0.00000E+00    0.36250E-03    0.00000E+00    0.28691E-03    0.00000E+00    0.40523E-03    0.00000E+00    0.29348E-03    0.00000E+00    0.62012E-08    0.61969E-08    0.62006E-08    0.00000E+00    0.62012E-02    0.00000E+00    0.61969E-02    0.00000E+00    0.62006E-02    0.72328E-03    0.11137E+00    0.68467E-03    0.11133E+00    0.71825E-03    0.11136E+00    0.56684E-03    0.83478E-01    0.56284E-03    0.93034E-01    0.56630E-03    0.84752E-01
57700  5    0.30202E-07    0.67254E-07    0.33571E-07    0.27539E-07    0.26636E-02    0.63151E-07    0.41035E-02    0.30776E-07    0.27945E-02    0.49129E-03    0.72988E-01    0.54957E-03    0.90592E-01    0.49687E-03    0.74759E-01    0.34175E-03    0.36045E-01    0.44564E-03    0.61977E-01    0.35120E-03    0.38402E-01    0.48598E-07    0.18945E-06    0.56423E-07    0.48598E-07    0.00000E+00    0.18945E-06    0.00000E+00    0.56423E-07    0.00000E+00    0.31176E-03    0.00000E+00    0.61555E-03    0.00000E+00    0.33593E-03    0.00000E+00    0.21593E-03    0.00000E+00    0.47944E-03    0.00000E+00    0.23057E-03    0.00000E+00    0.61467E-08    0.61552E-08    0.61479E-08    0.00000E+00    0.61467E-02    0.00000E+00    0.61552E-02    0.00000E+00    0.61479E-02    0.65567E-03    0.11088E+00    0.51341E-03    0.11095E+00    0.63853E-03    0.11089E+00    0.50629E-03    0.83180E-01    0.42874E-03    0.92966E-01    0.49595E-03    0.84485E-01
57800  6    0.24819E-07    0.57950E-07    0.27830E-07    0.22158E-07    0.26605E-02    0.53854E-07    0.40958E-02    0.25039E-07    0.27910E-02    0.46341E-03    0.72945E-01    0.52318E-03    0.90507E-01    0.46916E-03    0.74712E-01    0.31776E-03    0.36027E-01    0.42591E-03    0.62028E-01    0.32759E-03    0.38391E-01    0.39102E-07    0.16156E-06    0.45906E-07    0.39102E-07    0.00000E+00    0.16156E-06    0.00000E+00    0.45906E-07    0.00000E+00    0.27965E-03    0.00000E+00    0.56844E-03    0.00000E+00    0.30300E-03    0.00000E+00    0.19228E-03    0.00000E+00    0.44254E-03    0.00000E+00    0.20619E-03    0.00000E+00    0.61396E-08    0.61437E-08    0.61401E-08    0.00000E+00    0.61396E-02    0.00000E+00    0.61437E-02    0.00000E+00    0.61401E-02    0.62713E-03    0.11081E+00    0.49902E-03    0.11085E+00    0.61160E-03    0.11082E+00    0.48184E-03    0.83140E-01    0.41760E-03    0.93042E-01    0.47328E-03    0.84460E-01
57900  7    0.20312E-07    0.40864E-07    0.22180E-07    0.17654E-07    0.26577E-02    0.36773E-07    0.40901E-02    0.19392E-07    0.27879E-02    0.43805E-03    0.72907E-01    0.51312E-03    0.90444E-01    0.44540E-03    0.74672E-01    0.29727E-03    0.36044E-01    0.41142E-03    0.61974E-01    0.30764E-03    0.38401E-01    0.31154E-07    0.11032E-06    0.35552E-07    0.31154E-07    0.00000E+00    0.11032E-06    0.00000E+00    0.35552E-07    0.00000E+00    0.24961E-03    0.00000E+00    0.46972E-03    0.00000E+00    0.26665E-03    0.00000E+00    0.16710E-03    0.00000E+00    0.34019E-03    0.00000E+00    0.17671E-03    0.00000E+00    0.61332E-08    0.61352E-08    0.61335E-08    0.00000E+00    0.61332E-02    0.00000E+00    0.61352E-02    0.00000E+00    0.61335E-02    0.60112E-03    0.11075E+00    0.53350E-03    0.11077E+00    0.59255E-03    0.11076E+00    0.46749E-03    0.83178E-01    0.44703E-03    0.92961E-01    0.46476E-03    0.84482E-01
58000  8    0.26733E-07    0.41504E-07    0.28076E-07    0.24094E-07    0.26399E-02    0.37455E-07    0.40485E-02    0.25308E-07    0.27679E-02    0.49013E-03    0.72662E-01    0.57173E-03    0.89983E-01    0.49810E-03    0.74403E-01    0.34641E-03    0.35850E-01    0.46413E-03    0.61773E-01    0.35711E-03    0.38207E-01    0.42518E-07    0.11237E-06    0.46398E-07    0.42518E-07    0.00000E+00    0.11237E-06    0.00000E+00    0.46398E-07    0.00000E+00    0.29161E-03    0.00000E+00    0.47406E-03    0.00000E+00    0.30463E-03    0.00000E+00    0.21983E-03    0.00000E+00    0.36685E-03    0.00000E+00    0.22800E-03    0.00000E+00    0.60920E-08    0.60728E-08    0.60894E-08    0.00000E+00    0.60920E-02    0.00000E+00    0.60728E-02    0.00000E+00    0.60894E-02    0.66572E-03    0.11038E+00    0.61478E-03    0.11021E+00    0.65915E-03    0.11036E+00    0.51192E-03    0.82731E-01    0.51277E-03    0.92660E-01    0.51204E-03    0.84055E-01
58100  9    0.23259E-07    0.53914E-07    0.26046E-07    0.20635E-07    0.26232E-02    0.49886E-07    0.40279E-02    0.23295E-07    0.27509E-02    0.45426E-03    0.72432E-01    0.51255E-03    0.89754E-01    0.45986E-03    0.74174E-01    0.31001E-03    0.35777E-01    0.41627E-03    0.61747E-01    0.31967E-03    0.38138E-01    0.36416E-07    0.14966E-06    0.42707E-07    0.36416E-07    0.00000E+00    0.14966E-06    0.00000E+00    0.42707E-07    0.00000E+00    0.26987E-03    0.00000E+00    0.54710E-03    0.00000E+00    0.29226E-03    0.00000E+00    0.18526E-03    0.00000E+00    0.42393E-03    0.00000E+00    0.19852E-03    0.00000E+00    0.60536E-08    0.60418E-08    0.60520E-08    0.00000E+00    0.60536E-02    0.00000E+00    0.60418E-02    0.00000E+00    0.60520E-02    0.61721E-03    0.11003E+00    0.49437E-03    0.10993E+00    0.60228E-03    0.11002E+00    0.47316E-03    0.82563E-01    0.41244E-03    0.92621E-01    0.46506E-03    0.83904E-01
58200  10    0.23352E-06    0.10044E-06    0.22143E-06    0.23088E-06    0.26415E-02    0.96390E-07    0.40500E-02    0.21866E-06    0.27695E-02    0.98655E-03    0.72684E-01    0.10944E-02    0.90000E-01    0.99684E-03    0.74425E-01    0.79100E-03    0.35901E-01    0.93321E-03    0.61751E-01    0.80393E-03    0.38251E-01    0.40744E-06    0.28917E-06    0.40087E-06    0.40744E-06    0.00000E+00    0.28917E-06    0.00000E+00    0.40087E-06    0.00000E+00    0.90271E-03    0.00000E+00    0.76049E-03    0.00000E+00    0.89540E-03    0.00000E+00    0.72130E-03    0.00000E+00    0.66869E-03    0.00000E+00    0.71838E-03    0.00000E+00    0.60958E-08    0.60750E-08    0.60930E-08    0.00000E+00    0.60958E-02    0.00000E+00    0.60750E-02    0.00000E+00    0.60930E-02    0.10865E-02    0.11042E+00    0.12278E-02    0.11023E+00    0.11064E-02    0.11039E+00    0.88213E-03    0.82848E-01    0.10655E-02    0.92627E-01    0.90658E-03    0.84152E-01
58300  11    0.19906E-07    0.41337E-07    0.21854E-07    0.17291E-07    0.26153E-02    0.37327E-07    0.40101E-02    0.19112E-07    0.27421E-02    0.43659E-03    0.72323E-01    0.50891E-03    0.89555E-01    0.44365E-03    0.74056E-01    0.29517E-03    0.35753E-01    0.40840E-03    0.61716E-01    0.30547E-03    0.38113E-01    0.30513E-07    0.11198E-06    0.35039E-07    0.30513E-07    0.00000E+00    0.11198E-06    0.00000E+00    0.35039E-07    0.00000E+00    0.24703E-03    0.00000E+00    0.47325E-03    0.00000E+00    0.26472E-03    0.00000E+00    0.16491E-03    0.00000E+00    0.34829E-03    0.00000E+00    0.17510E-03    0.00000E+00    0.60354E-08    0.60151E-08    0.60327E-08    0.00000E+00    0.60354E-02    0.00000E+00    0.60151E-02    0.00000E+00    0.60327E-02    0.60006E-03    0.10987E+00    0.52584E-03    0.10968E+00    0.59070E-03    0.10984E+00    0.46552E-03    0.82507E-01    0.43846E-03    0.92574E-01    0.46191E-03    0.83849E-01
58400  12    0.74266E-07    0.41915E-07    0.71325E-07    0.71640E-07    0.26254E-02    0.37921E-07    0.39937E-02    0.68575E-07    0.27498E-02    0.66758E-03    0.72462E-01    0.73767E-03    0.89372E-01    0.67425E-03    0.74159E-01    0.53018E-03    0.35742E-01    0.57909E-03    0.61543E-01    0.53463E-03    0.38087E-01    0.12642E-06    0.11376E-06    0.12572E-06    0.12642E-06    0.00000E+00    0.11376E-06    0.00000E+00    0.12572E-06    0.00000E+00    0.50284E-03    0.00000E+00    0.47700E-03    0.00000E+00    0.50144E-03    0.00000E+00    0.41743E-03    0.00000E+00    0.40120E-03    0.00000E+00    0.41653E-03    0.00000E+00    0.60585E-08    0.59906E-08    0.60495E-08    0.00000E+00    0.60585E-02    0.00000E+00    0.59906E-02    0.00000E+00    0.60495E-02    0.83534E-03    0.11008E+00    0.83813E-03    0.10946E+00    0.83571E-03    0.11000E+00    0.67763E-03    0.82481E-01    0.66804E-03    0.92315E-01    0.67635E-03    0.83792E-01
58500  13    0.19895E-07    0.39339E-07    0.21662E-07    0.17305E-07    0.25892E-02    0.35378E-07    0.39614E-02    0.18948E-07    0.27140E-02    0.43543E-03    0.71961E-01    0.50988E-03    0.89010E-01    0.44272E-03    0.73674E-01    0.29499E-03    0.35542E-01    0.40911E-03    0.61553E-01    0.30537E-03    0.37907E-01    0.30539E-07    0.10613E-06    0.34739E-07    0.30539E-07    0.00000E+00    0.10613E-06    0.00000E+00    0.34739E-07    0.00000E+00    0.24714E-03    0.00000E+00    0.46072E-03    0.00000E+00    0.26359E-03    0.00000E+00    0.16491E-03    0.00000E+00    0.33544E-03    0.00000E+00    0.17439E-03    0.00000E+00    0.59751E-08    0.59421E-08    0.59707E-08    0.00000E+00    0.59751E-02    0.00000E+00    0.59421E-02    0.00000E+00    0.59707E-02    0.59805E-03    0.10932E+00    0.53276E-03    0.10901E+00    0.58976E-03    0.10928E+00    0.46509E-03    0.82020E-01    0.44595E-03    0.92330E-01    0.46254E-03    0.83395E-01
58600  14    0.21234E-07    0.34819E-07    0.22469E-07    0.18650E-07    0.25844E-02    0.30868E-07    0.39510E-02    0.19761E-07    0.27087E-02    0.43828E-03    0.71895E-01    0.51546E-03    0.88893E-01    0.44585E-03    0.73602E-01    0.29861E-03    0.35531E-01    0.41161E-03    0.61523E-01    0.30888E-03    0.37894E-01    0.32912E-07    0.92605E-07    0.36228E-07    0.32912E-07    0.00000E+00    0.92605E-07    0.00000E+00    0.36228E-07    0.00000E+00    0.25656E-03    0.00000E+00    0.43036E-03    0.00000E+00    0.26918E-03    0.00000E+00    0.17052E-03    0.00000E+00    0.30301E-03    0.00000E+00    0.17788E-03    0.00000E+00    0.59641E-08    0.59265E-08    0.59591E-08    0.00000E+00    0.59641E-02    0.00000E+00    0.59265E-02    0.00000E+00    0.59591E-02    0.59766E-03    0.10922E+00    0.55313E-03    0.10887E+00    0.59192E-03    0.10917E+00    0.46612E-03    0.81994E-01    0.46592E-03    0.92285E-01    0.46609E-03    0.83366E-01
58700  15    0.20981E-07    0.47779E-07    0.23417E-07    0.18406E-07    0.25743E-02    0.43846E-07    0.39336E-02    0.20719E-07    0.26979E-02    0.44281E-03    0.71754E-01    0.50780E-03    0.88698E-01    0.44910E-03    0.73456E-01    0.29933E-03    0.35482E-01    0.41018E-03    0.61467E-01    0.30941E-03    0.37844E-01    0.32482E-07    0.13154E-06    0.37985E-07    0.32482E-07    0.00000E+00    0.13154E-06    0.00000E+00    0.37985E-07    0.00000E+00    0.25488E-03    0.00000E+00    0.51291E-03    0.00000E+00    0.27563E-03    0.00000E+00    0.17225E-03    0.00000E+00    0.39060E-03    0.00000E+00    0.18438E-03    0.00000E+00    0.59408E-08    0.59005E-08    0.59354E-08    0.00000E+00    0.59408E-02    0.00000E+00    0.59005E-02    0.00000E+00    0.59354E-02    0.60625E-03    0.10900E+00    0.50522E-03    0.10863E+00    0.59377E-03    0.10895E+00    0.46552E-03    0.81881E-01    0.41997E-03    0.92200E-01    0.45944E-03    0.83257E-01
58800  16    0.19761E-07    0.39784E-07    0.21581E-07    0.17197E-07    0.25638E-02    0.35874E-07    0.39103E-02    0.18895E-07    0.26862E-02    0.43838E-03    0.71608E-01    0.51100E-03    0.88434E-01    0.44547E-03    0.73297E-01    0.29552E-03    0.35372E-01    0.41076E-03    0.61379E-01    0.30600E-03    0.37736E-01    0.30347E-07    0.10762E-06    0.34640E-07    0.30347E-07    0.00000E+00    0.10762E-06    0.00000E+00    0.34640E-07    0.00000E+00    0.24636E-03    0.00000E+00    0.46394E-03    0.00000E+00    0.26321E-03    0.00000E+00    0.16479E-03    0.00000E+00    0.34144E-03    0.00000E+00    0.17460E-03    0.00000E+00    0.59165E-08    0.58655E-08    0.59097E-08    0.00000E+00    0.59165E-02    0.00000E+00    0.58655E-02    0.00000E+00    0.59097E-02    0.60342E-03    0.10878E+00    0.53297E-03    0.10831E+00    0.59451E-03    0.10872E+00    0.46648E-03    0.81627E-01    0.44542E-03    0.92068E-01    0.46367E-03    0.83020E-01
58900  17    0.20740E-07    0.36344E-07    0.22159E-07    0.18187E-07    0.25532E-02    0.32449E-07    0.38945E-02    0.19484E-07    0.26751E-02    0.43165E-03    0.71459E-01    0.50583E-03    0.88256E-01    0.43891E-03    0.73146E-01    0.29507E-03    0.35329E-01    0.40593E-03    0.61306E-01    0.30515E-03    0.37690E-01    0.32095E-07    0.97347E-07    0.35720E-07    0.32095E-07    0.00000E+00    0.97347E-07    0.00000E+00    0.35720E-07    0.00000E+00    0.25336E-03    0.00000E+00    0.44124E-03    0.00000E+00    0.26728E-03    0.00000E+00    0.16906E-03    0.00000E+00    0.31218E-03    0.00000E+00    0.17701E-03    0.00000E+00    0.58920E-08    0.58418E-08    0.58853E-08    0.00000E+00    0.58920E-02    0.00000E+00    0.58418E-02    0.00000E+00    0.58853E-02    0.58825E-03    0.10855E+00    0.53521E-03    0.10809E+00    0.58145E-03    0.10849E+00    0.45985E-03    0.81527E-01    0.45281E-03    0.91959E-01    0.45891E-03    0.82918E-01
59000  18    0.55033E-07    0.32336E-07    0.52969E-07    0.52479E-07    0.25536E-02    0.28443E-07    0.38928E-02    0.50294E-07    0.26753E-02    0.54708E-03    0.71465E-01    0.61593E-03    0.88235E-01    0.55369E-03    0.73148E-01    0.41616E-03    0.35322E-01    0.49101E-03    0.61332E-01    0.42297E-03    0.37687E-01    0.92610E-07    0.85329E-07    0.92206E-07    0.92610E-07    0.00000E+00    0.85329E-07    0.00000E+00    0.92206E-07    0.00000E+00    0.43037E-03    0.00000E+00    0.41311E-03    0.00000E+00    0.42943E-03    0.00000E+00    0.32110E-03    0.00000E+00    0.30782E-03    0.00000E+00    0.32036E-03    0.00000E+00    0.58929E-08    0.58391E-08    0.58858E-08    0.00000E+00    0.58929E-02    0.00000E+00    0.58391E-02    0.00000E+00    0.58858E-02    0.66967E-03    0.10856E+00    0.69550E-03    0.10807E+00    0.67317E-03    0.10850E+00    0.54047E-03    0.81513E-01    0.58260E-03    0.91999E-01    0.54609E-03    0.82911E-01
59100  19    0.19493E-07    0.38046E-07    0.21180E-07    0.16948E-07    0.25448E-02    0.34172E-07    0.38739E-02    0.18514E-07    0.26656E-02    0.43004E-03    0.71342E-01    0.50042E-03    0.88021E-01    0.43691E-03    0.73016E-01    0.29122E-03    0.35287E-01    0.40150E-03    0.61299E-01    0.30124E-03    0.37652E-01    0.29908E-07    0.10252E-06    0.33942E-07    0.29908E-07    0.00000E+00    0.10252E-06    0.00000E+00    0.33942E-07    0.00000E+00    0.24457E-03    0.00000E+00    0.45280E-03    0.00000E+00    0.26055E-03    0.00000E+00    0.16273E-03    0.00000E+00    0.33259E-03    0.00000E+00    0.17217E-03    0.00000E+00    0.58727E-08    0.58108E-08    0.58644E-08    0.00000E+00    0.58727E-02    0.00000E+00    0.58108E-02    0.00000E+00    0.58644E-02    0.59038E-03    0.10838E+00    0.52261E-03    0.10780E+00    0.58180E-03    0.10830E+00    0.45923E-03    0.81432E-01    0.43596E-03    0.91948E-01    0.45613E-03    0.82834E-01
59200  20    0.21306E-07    0.45354E-07    0.23492E-07    0.18783E-07    0.25226E-02    0.41515E-07    0.38385E-02    0.20850E-07    0.26423E-02    0.42768E-03    0.71030E-01    0.47894E-03    0.87618E-01    0.43259E-03    0.72695E-01    0.29849E-03    0.35107E-01    0.39504E-03    0.61124E-01    0.30726E-03    0.37472E-01    0.33147E-07    0.12455E-06    0.38224E-07    0.33147E-07    0.00000E+00    0.12455E-06    0.00000E+00    0.38224E-07    0.00000E+00    0.25747E-03    0.00000E+00    0.49909E-03    0.00000E+00    0.27649E-03    0.00000E+00    0.18199E-03    0.00000E+00    0.39214E-03    0.00000E+00    0.19366E-03    0.00000E+00    0.58215E-08    0.57577E-08    0.58130E-08    0.00000E+00    0.58215E-02    0.00000E+00    0.57577E-02    0.00000E+00    0.58130E-02    0.57915E-03    0.10790E+00    0.46855E-03    0.10731E+00    0.56565E-03    0.10782E+00    0.45083E-03    0.81015E-01    0.39650E-03    0.91687E-01    0.44359E-03    0.82438E-01
59300  0    0.55354E-07    0.31088E-07    0.53148E-07    0.52831E-07    0.25227E-02    0.27256E-07    0.38324E-02    0.50506E-07    0.26417E-02    0.55197E-03    0.71031E-01    0.63802E-03    0.87548E-01    0.56034E-03    0.72688E-01    0.41687E-03    0.35105E-01    0.51146E-03    0.61004E-01    0.42547E-03    0.37459E-01    0.93231E-07    0.81767E-07    0.92594E-07    0.93231E-07    0.00000E+00    0.81767E-07    0.00000E+00    0.92594E-07    0.00000E+00    0.43181E-03    0.00000E+00    0.40439E-03    0.00000E+00    0.43034E-03    0.00000E+00    0.32333E-03    0.00000E+00    0.30666E-03    0.00000E+00    0.32240E-03    0.00000E+00    0.58216E-08    0.57485E-08    0.58118E-08    0.00000E+00    0.58216E-02    0.00000E+00    0.57485E-02    0.00000E+00    0.58118E-02    0.67767E-03    0.10790E+00    0.72721E-03    0.10722E+00    0.68449E-03    0.10781E+00    0.53919E-03    0.81010E-01    0.61386E-03    0.91505E-01    0.54914E-03    0.82410E-01
59400  1    0.50780E-07    0.51043E-07    0.50804E-07    0.48257E-07    0.25236E-02    0.47225E-07    0.38182E-02    0.48163E-07    0.26413E-02    0.59227E-03    0.71044E-01    0.68064E-03    0.87386E-01    0.60084E-03    0.72681E-01    0.46815E-03    0.35135E-01    0.55947E-03    0.61020E-01    0.47645E-03    0.37488E-01    0.85159E-07    0.14167E-06    0.88298E-07    0.85159E-07    0.00000E+00    0.14167E-06    0.00000E+00    0.88298E-07    0.00000E+00    0.41270E-03    0.00000E+00    0.53230E-03    0.00000E+00    0.42023E-03    0.00000E+00    0.35259E-03    0.00000E+00    0.45020E-03    0.00000E+00    0.35801E-03    0.00000E+00    0.58237E-08    0.57273E-08    0.58108E-08    0.00000E+00    0.58237E-02    0.00000E+00    0.57273E-02    0.00000E+00    0.58108E-02    0.76602E-03    0.10792E+00    0.74379E-03    0.10703E+00    0.76309E-03    0.10780E+00    0.61926E-03    0.81080E-01    0.61410E-03    0.91530E-01    0.61858E-03    0.82474E-01
59500  2    0.72817E-07    0.45859E-07    0.70366E-07    0.70313E-07    0.25043E-02    0.42070E-07    0.37898E-02    0.67745E-07    0.26211E-02    0.61946E-03    0.70771E-01    0.77132E-03    0.87061E-01    0.63477E-03    0.72404E-01    0.47714E-03    0.34969E-01    0.62798E-03    0.60816E-01    0.49085E-03    0.37319E-01    0.12408E-06    0.12621E-06    0.12420E-06    0.12408E-06    0.00000E+00    0.12621E-06    0.00000E+00    0.12420E-06    0.00000E+00    0.49816E-03    0.00000E+00    0.50241E-03    0.00000E+00    0.49840E-03    0.00000E+00    0.39639E-03    0.00000E+00    0.40367E-03    0.00000E+00    0.39679E-03    0.00000E+00    0.57791E-08    0.56847E-08    0.57665E-08    0.00000E+00    0.57791E-02    0.00000E+00    0.56847E-02    0.00000E+00    0.57665E-02    0.74901E-03    0.10751E+00    0.87532E-03    0.10663E+00    0.76706E-03    0.10739E+00    0.58274E-03    0.80698E-01    0.74013E-03    0.91224E-01    0.60372E-03    0.82101E-01
59600  3    0.19156E-07    0.38672E-07    0.20930E-07    0.16663E-07    0.24922E-02    0.34896E-07    0.37759E-02    0.18321E-07    0.26089E-02    0.42875E-03    0.70600E-01    0.49510E-03    0.86901E-01    0.43520E-03    0.72235E-01    0.28890E-03    0.34932E-01    0.39801E-03    0.60871E-01    0.29882E-03    0.37290E-01    0.29406E-07    0.10469E-06    0.33588E-07    0.29406E-07    0.00000E+00    0.10469E-06    0.00000E+00    0.33588E-07    0.00000E+00    0.24251E-03    0.00000E+00    0.45757E-03    0.00000E+00    0.25918E-03    0.00000E+00    0.16091E-03    0.00000E+00    0.34235E-03    0.00000E+00    0.17099E-03    0.00000E+00    0.57513E-08    0.56639E-08    0.57396E-08    0.00000E+00    0.57513E-02    0.00000E+00    0.56639E-02    0.00000E+00    0.57396E-02    0.58932E-03    0.10725E+00    0.51283E-03    0.10643E+00    0.57971E-03    0.10714E+00    0.45626E-03    0.80612E-01    0.42584E-03    0.91307E-01    0.45220E-03    0.82038E-01
59700  4    0.21724E-07    0.34536E-07    0.22889E-07    0.19237E-07    0.24867E-02    0.30771E-07    0.37652E-02    0.20286E-07    0.26029E-02    0.42575E-03    0.70522E-01    0.48676E-03    0.86778E-01    0.43166E-03    0.72151E-01    0.29851E-03    0.34890E-01    0.39468E-03    0.60878E-01    0.30725E-03    0.37253E-01    0.33948E-07    0.92313E-07    0.37191E-07    0.33948E-07    0.00000E+00    0.92313E-07    0.00000E+00    0.37191E-07    0.00000E+00    0.26057E-03    0.00000E+00    0.42968E-03    0.00000E+00    0.27273E-03    0.00000E+00    0.18051E-03    0.00000E+00    0.30705E-03    0.00000E+00    0.18754E-03    0.00000E+00    0.57385E-08    0.56478E-08    0.57264E-08    0.00000E+00    0.57385E-02    0.00000E+00    0.56478E-02    0.00000E+00    0.57264E-02    0.57404E-03    0.10713E+00    0.51293E-03    0.10628E+00    0.56627E-03    0.10702E+00    0.45282E-03    0.80516E-01    0.43849E-03    0.91317E-01    0.45091E-03    0.81956E-01
59800  5    0.19149E-07    0.35853E-07    0.20667E-07    0.16678E-07    0.24710E-02    0.32117E-07    0.37357E-02    0.18081E-07    0.25860E-02    0.42553E-03    0.70300E-01    0.48739E-03    0.86438E-01    0.43152E-03    0.71917E-01    0.28835E-03    0.34756E-01    0.39082E-03    0.60731E-01    0.29766E-03    0.37117E-01    0.29431E-07    0.96352E-07    0.33149E-07    0.29431E-07    0.00000E+00    0.96352E-07    0.00000E+00    0.33149E-07    0.00000E+00    0.24262E-03    0.00000E+00    0.43898E-03    0.00000E+00    0.25749E-03    0.00000E+00    0.16208E-03    0.00000E+00    0.32802E-03    0.00000E+00    0.17130E-03    0.00000E+00    0.57024E-08    0.56036E-08    0.56892E-08    0.00000E+00    0.57024E-02    0.00000E+00    0.56036E-02    0.00000E+00    0.56892E-02    0.58385E-03    0.10679E+00    0.50987E-03    0.10586E+00    0.57454E-03    0.10667E+00    0.45347E-03    0.80205E-01    0.42222E-03    0.91096E-01    0.44930E-03    0.81657E-01
59900  6    0.42127E-06    0.19728E-06    0.40091E-06    0.41878E-06    0.24915E-02    0.19353E-06    0.37528E-02    0.39831E-06    0.26061E-02    0.12923E-02    0.70590E-01    0.14101E-02    0.86635E-01    0.13035E-02    0.72196E-01    0.10498E-02    0.34892E-01    0.12016E-02    0.60578E-01    0.10636E-02    0.37227E-01    0.73903E-06    0.58059E-06    0.73023E-06    0.73903E-06    0.00000E+00    0.58059E-06    0.00000E+00    0.73023E-06    0.00000E+00    0.12158E-02    0.00000E+00    0.10776E-02    0.00000E+00    0.12085E-02    0.00000E+00    0.98010E-03    0.00000E+00    0.91103E-03    0.00000E+00    0.97626E-03    0.00000E+00    0.57495E-08    0.56292E-08    0.57335E-08    0.00000E+00    0.57495E-02    0.00000E+00    0.56292E-02    0.00000E+00    0.57335E-02    0.13861E-02    0.10723E+00    0.15498E-02    0.10611E+00    0.14090E-02    0.10708E+00    0.11409E-02    0.80520E-01    0.13469E-02    0.90867E-01    0.11684E-02    0.81899E-01
60000  7    0.18918E-07    0.35940E-07    0.20466E-07    0.16459E-07    0.24595E-02    0.32228E-07    0.37118E-02    0.17892E-07    0.25734E-02    0.42625E-03    0.70136E-01    0.49309E-03    0.86160E-01    0.43275E-03    0.71741E-01    0.28726E-03    0.34714E-01    0.39565E-03    0.60650E-01    0.29711E-03    0.37072E-01    0.29045E-07    0.96685E-07    0.32802E-07    0.29045E-07    0.00000E+00    0.96685E-07    0.00000E+00    0.32802E-07    0.00000E+00    0.24102E-03    0.00000E+00    0.43974E-03    0.00000E+00    0.25613E-03    0.00000E+00    0.15930E-03    0.00000E+00    0.32704E-03    0.00000E+00    0.16862E-03    0.00000E+00    0.56759E-08    0.55676E-08    0.56614E-08    0.00000E+00    0.56759E-02    0.00000E+00    0.55676E-02    0.00000E+00    0.56614E-02    0.58593E-03    0.10654E+00    0.51770E-03    0.10552E+00    0.57730E-03    0.10641E+00    0.45459E-03    0.80109E-01    0.42996E-03    0.90975E-01    0.45131E-03    0.81558E-01
