# DNNF90 training history: one row per validation event
#  1:epoch  2:patience
#  3:cost_train    4:cost_val    5:cost_input   (per point;
#    the composite objective, Loss_term weights applied --
#    the same sum the optimizer descends)
#  6:cost_train_f  7:cost_train_df  8:cost_val_f  9:cost_val_df
# 10:cost_input_f 11:cost_input_df
# 12:rmse_train_f 13:rmse_train_df 14:rmse_val_f 15:rmse_val_df
# 16:rmse_input_f 17:rmse_input_df
# 18:mae_train_f  19:mae_train_df  20:mae_val_f  21:mae_val_df
# 22:mae_input_f  23:mae_input_df
# 24..: the same 21 metrics for each loss term in turn (2 terms: columns 24-44 are term 1, 45-65 term 2, ...)
1  0    0.23422E+00    0.70589E-01    0.21934E+00    0.22992E+00    0.42930E+01    0.68657E-01    0.19321E+01    0.21526E+00    0.40784E+01    0.86459E+00    0.29302E+01    0.69807E+00    0.19657E+01    0.85080E+00    0.28560E+01    0.68372E+00    0.11968E+01    0.52888E+00    0.11900E+01    0.66964E+00    0.11962E+01    0.40575E+00    0.20597E+00    0.39465E+00    0.40575E+00    0.00000E+00    0.20597E+00    0.00000E+00    0.39465E+00    0.00000E+00    0.90083E+00    0.00000E+00    0.64183E+00    0.00000E+00    0.88842E+00    0.00000E+00    0.69299E+00    0.00000E+00    0.45096E+00    0.00000E+00    0.67954E+00    0.00000E+00    0.99069E-02    0.28981E-02    0.89724E-02    0.00000E+00    0.99069E+01    0.00000E+00    0.28981E+01    0.00000E+00    0.89724E+01    0.81478E+00    0.44513E+01    0.72456E+00    0.24075E+01    0.80334E+00    0.42361E+01    0.67160E+00    0.27619E+01    0.56784E+00    0.17850E+01    0.65776E+00    0.26317E+01
100  0    0.47933E-01    0.18131E-01    0.45224E-01    0.47426E-01    0.50705E+00    0.17334E-01    0.79655E+00    0.44690E-01    0.53337E+00    0.37089E+00    0.10070E+01    0.29045E+00    0.12622E+01    0.36431E+00    0.10328E+01    0.30029E+00    0.48861E+00    0.22699E+00    0.78833E+00    0.29363E+00    0.51586E+00    0.83693E-01    0.52003E-01    0.81932E-01    0.83693E-01    0.00000E+00    0.52003E-01    0.00000E+00    0.81932E-01    0.00000E+00    0.40913E+00    0.00000E+00    0.32250E+00    0.00000E+00    0.40480E+00    0.00000E+00    0.33384E+00    0.00000E+00    0.26545E+00    0.00000E+00    0.33004E+00    0.00000E+00    0.11701E-02    0.11948E-02    0.11734E-02    0.00000E+00    0.11701E+01    0.00000E+00    0.11948E+01    0.00000E+00    0.11734E+01    0.31392E+00    0.15298E+01    0.27301E+00    0.15458E+01    0.30878E+00    0.15319E+01    0.25642E+00    0.11276E+01    0.20776E+00    0.11825E+01    0.24993E+00    0.11349E+01
200  0    0.26315E-01    0.15537E-01    0.25335E-01    0.25948E-01    0.36690E+00    0.14628E-01    0.90882E+00    0.24919E-01    0.41616E+00    0.30448E+00    0.85662E+00    0.28057E+00    0.13482E+01    0.30239E+00    0.91232E+00    0.26718E+00    0.40681E+00    0.24565E+00    0.81253E+00    0.26523E+00    0.44370E+00    0.45791E-01    0.43883E-01    0.45685E-01    0.45791E-01    0.00000E+00    0.43883E-01    0.00000E+00    0.45685E-01    0.00000E+00    0.30263E+00    0.00000E+00    0.29625E+00    0.00000E+00    0.30228E+00    0.00000E+00    0.26412E+00    0.00000E+00    0.24784E+00    0.00000E+00    0.26321E+00    0.00000E+00    0.84669E-03    0.13632E-02    0.91556E-03    0.00000E+00    0.84669E+00    0.00000E+00    0.13632E+01    0.00000E+00    0.91556E+00    0.30689E+00    0.13013E+01    0.27238E+00    0.16512E+01    0.30252E+00    0.13532E+01    0.27119E+00    0.93880E+00    0.24456E+00    0.12188E+01    0.26764E+00    0.97613E+00
300  0    0.21905E-01    0.14587E-01    0.21240E-01    0.21679E-01    0.22574E+00    0.13886E-01    0.70189E+00    0.20971E-01    0.26903E+00    0.28435E+00    0.67193E+00    0.26985E+00    0.11848E+01    0.28306E+00    0.73352E+00    0.24882E+00    0.32489E+00    0.23273E+00    0.66414E+00    0.24735E+00    0.35573E+00    0.38258E-01    0.41657E-01    0.38446E-01    0.38258E-01    0.00000E+00    0.41657E-01    0.00000E+00    0.38446E-01    0.00000E+00    0.27661E+00    0.00000E+00    0.28864E+00    0.00000E+00    0.27730E+00    0.00000E+00    0.23890E+00    0.00000E+00    0.23898E+00    0.00000E+00    0.23891E+00    0.00000E+00    0.52094E-03    0.10528E-02    0.59186E-03    0.00000E+00    0.52094E+00    0.00000E+00    0.10528E+01    0.00000E+00    0.59186E+00    0.29417E+00    0.10207E+01    0.25994E+00    0.14511E+01    0.28984E+00    0.10880E+01    0.26178E+00    0.74974E+00    0.22961E+00    0.99621E+00    0.25749E+00    0.78260E+00
400  0    0.17670E-01    0.11905E-01    0.17146E-01    0.17464E-01    0.20583E+00    0.11614E-01    0.29108E+00    0.16932E-01    0.21358E+00    0.25767E+00    0.64161E+00    0.24707E+00    0.76300E+00    0.25672E+00    0.65358E+00    0.22234E+00    0.32671E+00    0.20983E+00    0.46827E+00    0.22120E+00    0.33958E+00    0.30819E-01    0.34843E-01    0.31043E-01    0.30819E-01    0.00000E+00    0.34843E-01    0.00000E+00    0.31043E-01    0.00000E+00    0.24827E+00    0.00000E+00    0.26398E+00    0.00000E+00    0.24917E+00    0.00000E+00    0.21114E+00    0.00000E+00    0.22648E+00    0.00000E+00    0.21199E+00    0.00000E+00    0.47500E-03    0.43662E-03    0.46988E-03    0.00000E+00    0.47500E+00    0.00000E+00    0.43662E+00    0.00000E+00    0.46988E+00    0.26946E+00    0.97468E+00    0.23816E+00    0.93448E+00    0.26550E+00    0.96941E+00    0.23699E+00    0.75395E+00    0.20150E+00    0.70241E+00    0.23226E+00    0.74708E+00
500  0    0.13744E-01    0.97176E-02    0.13378E-01    0.13396E-01    0.34755E+00    0.93871E-02    0.33049E+00    0.13032E-01    0.34600E+00    0.23213E+00    0.83373E+00    0.22483E+00    0.81301E+00    0.23147E+00    0.83186E+00    0.19408E+00    0.39903E+00    0.18761E+00    0.57410E+00    0.19350E+00    0.41495E+00    0.23641E-01    0.28161E-01    0.23892E-01    0.23641E-01    0.00000E+00    0.28161E-01    0.00000E+00    0.23892E-01    0.00000E+00    0.21744E+00    0.00000E+00    0.23732E+00    0.00000E+00    0.21859E+00    0.00000E+00    0.17998E+00    0.00000E+00    0.20850E+00    0.00000E+00    0.18156E+00    0.00000E+00    0.80204E-03    0.49574E-03    0.76120E-03    0.00000E+00    0.80204E+00    0.00000E+00    0.49574E+00    0.00000E+00    0.76120E+00    0.25003E+00    0.12665E+01    0.21831E+00    0.99573E+00    0.24604E+00    0.12339E+01    0.21253E+00    0.92084E+00    0.17716E+00    0.86114E+00    0.20782E+00    0.91288E+00
600  0    0.10718E-01    0.80301E-02    0.10473E-01    0.10305E-01    0.41290E+00    0.74211E-02    0.60905E+00    0.10043E-01    0.43073E+00    0.21091E+00    0.90874E+00    0.20551E+00    0.11037E+01    0.21043E+00    0.92815E+00    0.16947E+00    0.44123E+00    0.16578E+00    0.65312E+00    0.16914E+00    0.46050E+00    0.18185E-01    0.22263E-01    0.18412E-01    0.18185E-01    0.00000E+00    0.22263E-01    0.00000E+00    0.18412E-01    0.00000E+00    0.19071E+00    0.00000E+00    0.21101E+00    0.00000E+00    0.19189E+00    0.00000E+00    0.15231E+00    0.00000E+00    0.18240E+00    0.00000E+00    0.15398E+00    0.00000E+00    0.95285E-03    0.91358E-03    0.94761E-03    0.00000E+00    0.95285E+00    0.00000E+00    0.91358E+00    0.00000E+00    0.94761E+00    0.23473E+00    0.13805E+01    0.20270E+00    0.13517E+01    0.23071E+00    0.13767E+01    0.19192E+00    0.10182E+01    0.15747E+00    0.97968E+00    0.18732E+00    0.10131E+01
700  0    0.85029E-02    0.66664E-02    0.83359E-02    0.80900E-02    0.41282E+00    0.57962E-02    0.87025E+00    0.78815E-02    0.45440E+00    0.19345E+00    0.90865E+00    0.19065E+00    0.13193E+01    0.19319E+00    0.95331E+00    0.14881E+00    0.44006E+00    0.14516E+00    0.82664E+00    0.14848E+00    0.47520E+00    0.14277E-01    0.17389E-01    0.14449E-01    0.14277E-01    0.00000E+00    0.17389E-01    0.00000E+00    0.14449E-01    0.00000E+00    0.16898E+00    0.00000E+00    0.18649E+00    0.00000E+00    0.17000E+00    0.00000E+00    0.12895E+00    0.00000E+00    0.15509E+00    0.00000E+00    0.13040E+00    0.00000E+00    0.95266E-03    0.13054E-02    0.99969E-03    0.00000E+00    0.95266E+00    0.00000E+00    0.13054E+01    0.00000E+00    0.99969E+00    0.22140E+00    0.13803E+01    0.19269E+00    0.16158E+01    0.21779E+00    0.14140E+01    0.17478E+00    0.10155E+01    0.14019E+00    0.12400E+01    0.17017E+00    0.10454E+01
800  0    0.70645E-02    0.56505E-02    0.69359E-02    0.66414E-02    0.42305E+00    0.48148E-02    0.83568E+00    0.64754E-02    0.46056E+00    0.18047E+00    0.91984E+00    0.18240E+00    0.12928E+01    0.18065E+00    0.95975E+00    0.13387E+00    0.44971E+00    0.12990E+00    0.86464E+00    0.13350E+00    0.48743E+00    0.11720E-01    0.14444E-01    0.11872E-01    0.11720E-01    0.00000E+00    0.14444E-01    0.00000E+00    0.11872E-01    0.00000E+00    0.15310E+00    0.00000E+00    0.16997E+00    0.00000E+00    0.15409E+00    0.00000E+00    0.11227E+00    0.00000E+00    0.13626E+00    0.00000E+00    0.11360E+00    0.00000E+00    0.97627E-03    0.12535E-02    0.10132E-02    0.00000E+00    0.97627E+00    0.00000E+00    0.12535E+01    0.00000E+00    0.10132E+01    0.21097E+00    0.13973E+01    0.18831E+00    0.15834E+01    0.20809E+00    0.14235E+01    0.16210E+00    0.10378E+01    0.12672E+00    0.12970E+01    0.15739E+00    0.10723E+01
900  0    0.60288E-02    0.50082E-02    0.59360E-02    0.56387E-02    0.39007E+00    0.42606E-02    0.74760E+00    0.55134E-02    0.42258E+00    0.16981E+00    0.88326E+00    0.17769E+00    0.12228E+01    0.17054E+00    0.91932E+00    0.12314E+00    0.43617E+00    0.11824E+00    0.83914E+00    0.12269E+00    0.47280E+00    0.99507E-02    0.12782E-01    0.10108E-01    0.99507E-02    0.00000E+00    0.12782E-01    0.00000E+00    0.10108E-01    0.00000E+00    0.14107E+00    0.00000E+00    0.15989E+00    0.00000E+00    0.14218E+00    0.00000E+00    0.10081E+00    0.00000E+00    0.12166E+00    0.00000E+00    0.10197E+00    0.00000E+00    0.90017E-03    0.11214E-02    0.92967E-03    0.00000E+00    0.90017E+00    0.00000E+00    0.11214E+01    0.00000E+00    0.92967E+00    0.20128E+00    0.13418E+01    0.18596E+00    0.14976E+01    0.19931E+00    0.13636E+01    0.15233E+00    0.10065E+01    0.11653E+00    0.12587E+01    0.14756E+00    0.10402E+01
1000  0    0.50344E-02    0.43167E-02    0.49691E-02    0.46951E-02    0.33928E+00    0.36894E-02    0.62725E+00    0.46037E-02    0.36546E+00    0.15803E+00    0.82375E+00    0.17231E+00    0.11200E+01    0.15938E+00    0.85494E+00    0.11358E+00    0.41255E+00    0.11224E+00    0.80064E+00    0.11346E+00    0.44783E+00    0.82855E-02    0.11068E-01    0.84401E-02    0.82855E-02    0.00000E+00    0.11068E-01    0.00000E+00    0.84401E-02    0.00000E+00    0.12873E+00    0.00000E+00    0.14878E+00    0.00000E+00    0.12992E+00    0.00000E+00    0.90931E-01    0.00000E+00    0.10847E+00    0.00000E+00    0.91905E-01    0.00000E+00    0.78296E-03    0.94088E-03    0.80401E-03    0.00000E+00    0.78296E+00    0.00000E+00    0.94088E+00    0.00000E+00    0.80401E+00    0.18963E+00    0.12514E+01    0.18295E+00    0.13718E+01    0.18875E+00    0.12681E+01    0.14320E+00    0.95204E+00    0.11412E+00    0.12010E+01    0.13932E+00    0.98523E+00
1100  0    0.38610E-02    0.32951E-02    0.38096E-02    0.35745E-02    0.28655E+00    0.28522E-02    0.44289E+00    0.35088E-02    0.30077E+00    0.14211E+00    0.75704E+00    0.16185E+00    0.94116E+00    0.14401E+00    0.77559E+00    0.10272E+00    0.38150E+00    0.10576E+00    0.66375E+00    0.10299E+00    0.40716E+00    0.63079E-02    0.85567E-02    0.64328E-02    0.63079E-02    0.00000E+00    0.85567E-02    0.00000E+00    0.64328E-02    0.00000E+00    0.11232E+00    0.00000E+00    0.13082E+00    0.00000E+00    0.11343E+00    0.00000E+00    0.80654E-01    0.00000E+00    0.95714E-01    0.00000E+00    0.81491E-01    0.00000E+00    0.66128E-03    0.66434E-03    0.66169E-03    0.00000E+00    0.66128E+00    0.00000E+00    0.66434E+00    0.00000E+00    0.66169E+00    0.17351E+00    0.11500E+01    0.17532E+00    0.11527E+01    0.17375E+00    0.11504E+01    0.13157E+00    0.88038E+00    0.11078E+00    0.99562E+00    0.12880E+00    0.89574E+00
1200  0    0.27616E-02    0.23230E-02    0.27217E-02    0.25026E-02    0.25901E+00    0.20067E-02    0.31624E+00    0.24575E-02    0.26421E+00    0.12407E+00    0.71973E+00    0.14558E+00    0.79529E+00    0.12618E+00    0.72692E+00    0.89856E-01    0.35879E+00    0.96728E-01    0.53323E+00    0.90481E-01    0.37465E+00    0.44164E-02    0.60202E-02    0.45055E-02    0.44164E-02    0.00000E+00    0.60202E-02    0.00000E+00    0.45055E-02    0.00000E+00    0.93983E-01    0.00000E+00    0.10973E+00    0.00000E+00    0.94926E-01    0.00000E+00    0.69627E-01    0.00000E+00    0.80878E-01    0.00000E+00    0.70252E-01    0.00000E+00    0.59771E-03    0.47436E-03    0.58126E-03    0.00000E+00    0.59771E+00    0.00000E+00    0.47436E+00    0.00000E+00    0.58126E+00    0.15484E+00    0.10934E+01    0.16053E+00    0.97402E+00    0.15561E+00    0.10782E+01    0.11631E+00    0.82798E+00    0.10465E+00    0.79985E+00    0.11475E+00    0.82423E+00
1300  0    0.19960E-02    0.17235E-02    0.19712E-02    0.17656E-02    0.23035E+00    0.14722E-02    0.25129E+00    0.17390E-02    0.23225E+00    0.10843E+00    0.67874E+00    0.12801E+00    0.70893E+00    0.11035E+00    0.68154E+00    0.77567E-01    0.33868E+00    0.87685E-01    0.50880E+00    0.78487E-01    0.35415E+00    0.31158E-02    0.44166E-02    0.31881E-02    0.31158E-02    0.00000E+00    0.44166E-02    0.00000E+00    0.31881E-02    0.00000E+00    0.78941E-01    0.00000E+00    0.93985E-01    0.00000E+00    0.79851E-01    0.00000E+00    0.59356E-01    0.00000E+00    0.70087E-01    0.00000E+00    0.59953E-01    0.00000E+00    0.53157E-03    0.37693E-03    0.51095E-03    0.00000E+00    0.53157E+00    0.00000E+00    0.37693E+00    0.00000E+00    0.51095E+00    0.13777E+00    0.10311E+01    0.14200E+00    0.86826E+00    0.13835E+00    0.10109E+01    0.10138E+00    0.78158E+00    0.96485E-01    0.76320E+00    0.10073E+00    0.77913E+00
1400  0    0.14688E-02    0.13765E-02    0.14604E-02    0.12785E-02    0.19023E+00    0.11416E-02    0.23486E+00    0.12661E-02    0.19429E+00    0.95235E-01    0.61682E+00    0.11198E+00    0.68536E+00    0.96877E-01    0.62336E+00    0.67602E-01    0.31031E+00    0.78010E-01    0.49888E+00    0.68549E-01    0.32746E+00    0.22562E-02    0.34249E-02    0.23212E-02    0.22562E-02    0.00000E+00    0.34249E-02    0.00000E+00    0.23212E-02    0.00000E+00    0.67175E-01    0.00000E+00    0.82764E-01    0.00000E+00    0.68135E-01    0.00000E+00    0.51063E-01    0.00000E+00    0.62240E-01    0.00000E+00    0.51684E-01    0.00000E+00    0.43900E-03    0.35229E-03    0.42744E-03    0.00000E+00    0.43900E+00    0.00000E+00    0.35229E+00    0.00000E+00    0.42744E+00    0.12259E+00    0.93701E+00    0.12404E+00    0.83939E+00    0.12279E+00    0.92459E+00    0.89231E-01    0.71611E+00    0.85894E-01    0.74833E+00    0.88786E-01    0.72041E+00
1500  0    0.10979E-02    0.11179E-02    0.10998E-02    0.94734E-03    0.15061E+00    0.89315E-03    0.22477E+00    0.94241E-03    0.15735E+00    0.83572E-01    0.54883E+00    0.97819E-01    0.67047E+00    0.84966E-01    0.56098E+00    0.59196E-01    0.27474E+00    0.68950E-01    0.48812E+00    0.60083E-01    0.29413E+00    0.16718E-02    0.26794E-02    0.17278E-02    0.16718E-02    0.00000E+00    0.26794E-02    0.00000E+00    0.17278E-02    0.00000E+00    0.57823E-01    0.00000E+00    0.73204E-01    0.00000E+00    0.58784E-01    0.00000E+00    0.44429E-01    0.00000E+00    0.56025E-01    0.00000E+00    0.45073E-01    0.00000E+00    0.34755E-03    0.33715E-03    0.34616E-03    0.00000E+00    0.34755E+00    0.00000E+00    0.33715E+00    0.00000E+00    0.34616E+00    0.10838E+00    0.83373E+00    0.10804E+00    0.82116E+00    0.10833E+00    0.83206E+00    0.78506E-01    0.63400E+00    0.75413E-01    0.73218E+00    0.78094E-01    0.64709E+00
1600  0    0.83018E-03    0.90619E-03    0.83709E-03    0.71350E-03    0.11668E+00    0.69937E-03    0.20681E+00    0.71221E-03    0.12488E+00    0.73020E-01    0.48308E+00    0.85272E-01    0.64313E+00    0.74217E-01    0.49975E+00    0.51711E-01    0.24088E+00    0.60695E-01    0.45919E+00    0.52527E-01    0.26072E+00    0.12591E-02    0.20981E-02    0.13057E-02    0.12591E-02    0.00000E+00    0.20981E-02    0.00000E+00    0.13057E-02    0.00000E+00    0.50182E-01    0.00000E+00    0.64778E-01    0.00000E+00    0.51102E-01    0.00000E+00    0.38754E-01    0.00000E+00    0.50619E-01    0.00000E+00    0.39413E-01    0.00000E+00    0.26927E-03    0.31022E-03    0.27473E-03    0.00000E+00    0.26927E+00    0.00000E+00    0.31022E+00    0.00000E+00    0.27473E+00    0.94928E-01    0.73385E+00    0.93855E-01    0.78768E+00    0.94786E-01    0.74125E+00    0.68654E-01    0.55587E+00    0.65733E-01    0.68879E+00    0.68265E-01    0.57359E+00
1700  0    0.63090E-03    0.73560E-03    0.64042E-03    0.54103E-03    0.89868E-01    0.55397E-03    0.18163E+00    0.54221E-03    0.98210E-01    0.63471E-01    0.42395E+00    0.74332E-01    0.60270E+00    0.64534E-01    0.44319E+00    0.45068E-01    0.21070E+00    0.53394E-01    0.41986E+00    0.45825E-01    0.22972E+00    0.95476E-03    0.16619E-02    0.99405E-03    0.95476E-03    0.00000E+00    0.16619E-02    0.00000E+00    0.99405E-03    0.00000E+00    0.43698E-01    0.00000E+00    0.57653E-01    0.00000E+00    0.44588E-01    0.00000E+00    0.33915E-01    0.00000E+00    0.45806E-01    0.00000E+00    0.34576E-01    0.00000E+00    0.20739E-03    0.27244E-03    0.21606E-03    0.00000E+00    0.20739E+00    0.00000E+00    0.27244E+00    0.00000E+00    0.21606E+00    0.82460E-01    0.64403E+00    0.81400E-01    0.73816E+00    0.82320E-01    0.65736E+00    0.59652E-01    0.48624E+00    0.57188E-01    0.62979E+00    0.59323E-01    0.50538E+00
1800  0    0.48026E-03    0.59732E-03    0.49090E-03    0.41046E-03    0.69807E-01    0.44408E-03    0.15324E+00    0.41351E-03    0.77392E-01    0.54942E-01    0.37365E+00    0.64975E-01    0.55361E+00    0.55928E-01    0.39342E+00    0.39171E-01    0.18486E+00    0.46952E-01    0.37697E+00    0.39879E-01    0.20232E+00    0.72433E-03    0.13322E-02    0.75810E-03    0.72433E-03    0.00000E+00    0.13322E-02    0.00000E+00    0.75810E-03    0.00000E+00    0.38061E-01    0.00000E+00    0.51618E-01    0.00000E+00    0.38939E-01    0.00000E+00    0.29638E-01    0.00000E+00    0.41422E-01    0.00000E+00    0.30293E-01    0.00000E+00    0.16109E-03    0.22986E-03    0.17026E-03    0.00000E+00    0.16109E+00    0.00000E+00    0.22986E+00    0.00000E+00    0.17026E+00    0.71215E-01    0.56761E+00    0.70714E-01    0.67803E+00    0.71148E-01    0.58354E+00    0.51639E-01    0.42660E+00    0.49717E-01    0.56545E+00    0.51382E-01    0.44511E+00
1900  0    0.36621E-03    0.48359E-03    0.37688E-03    0.31105E-03    0.55159E-01    0.35836E-03    0.12522E+00    0.31535E-03    0.61529E-01    0.47449E-01    0.33214E+00    0.57056E-01    0.50045E+00    0.48401E-01    0.35079E+00    0.34035E-01    0.16489E+00    0.41330E-01    0.33809E+00    0.34698E-01    0.18063E+00    0.54891E-03    0.10751E-02    0.57814E-03    0.54891E-03    0.00000E+00    0.10751E-02    0.00000E+00    0.57814E-03    0.00000E+00    0.33133E-01    0.00000E+00    0.46370E-01    0.00000E+00    0.34004E-01    0.00000E+00    0.25938E-01    0.00000E+00    0.37344E-01    0.00000E+00    0.26571E-01    0.00000E+00    0.12729E-03    0.18784E-03    0.13536E-03    0.00000E+00    0.12729E+00    0.00000E+00    0.18784E+00    0.00000E+00    0.13536E+00    0.61318E-01    0.50456E+00    0.61709E-01    0.61292E+00    0.61370E-01    0.52031E+00    0.44624E-01    0.38051E+00    0.43323E-01    0.50713E+00    0.44451E-01    0.39740E+00
2000  0    0.28026E-03    0.39039E-03    0.29027E-03    0.23581E-03    0.44457E-01    0.29027E-03    0.10011E+00    0.24076E-03    0.49517E-01    0.40985E-01    0.29819E+00    0.50410E-01    0.44747E+00    0.41930E-01    0.31470E+00    0.29574E-01    0.14840E+00    0.36473E-01    0.30208E+00    0.30201E-01    0.16237E+00    0.41613E-03    0.87081E-03    0.44139E-03    0.41613E-03    0.00000E+00    0.87081E-03    0.00000E+00    0.44139E-03    0.00000E+00    0.28849E-01    0.00000E+00    0.41733E-01    0.00000E+00    0.29712E-01    0.00000E+00    0.22658E-01    0.00000E+00    0.33538E-01    0.00000E+00    0.23263E-01    0.00000E+00    0.10259E-03    0.15017E-03    0.10894E-03    0.00000E+00    0.10259E+00    0.00000E+00    0.15017E+00    0.00000E+00    0.10894E+00    0.52803E-01    0.45298E+00    0.54230E-01    0.54804E+00    0.52995E-01    0.46677E+00    0.38617E-01    0.34247E+00    0.37941E-01    0.45312E+00    0.38527E-01    0.35722E+00
2100  0    0.21592E-03    0.31532E-03    0.22496E-03    0.17936E-03    0.36560E-01    0.23605E-03    0.79268E-01    0.18451E-03    0.40443E-01    0.35517E-01    0.27041E+00    0.44882E-01    0.39817E+00    0.36468E-01    0.28440E+00    0.25815E-01    0.13487E+00    0.32656E-01    0.26819E+00    0.26437E-01    0.14699E+00    0.31652E-03    0.70814E-03    0.33827E-03    0.31652E-03    0.00000E+00    0.70814E-03    0.00000E+00    0.33827E-03    0.00000E+00    0.25160E-01    0.00000E+00    0.37634E-01    0.00000E+00    0.26011E-01    0.00000E+00    0.19845E-01    0.00000E+00    0.30012E-01    0.00000E+00    0.20410E-01    0.00000E+00    0.84369E-04    0.11890E-03    0.88974E-04    0.00000E+00    0.84369E-01    0.00000E+00    0.11890E+00    0.00000E+00    0.88974E-01    0.45643E-01    0.41078E+00    0.48098E-01    0.48765E+00    0.45978E-01    0.42184E+00    0.33622E-01    0.31123E+00    0.33978E-01    0.40228E+00    0.33669E-01    0.32337E+00
2200  0    0.16798E-03    0.25604E-03    0.17599E-03    0.13731E-03    0.30673E-01    0.19309E-03    0.62952E-01    0.14238E-03    0.33608E-01    0.30972E-01    0.24768E+00    0.40315E-01    0.35483E+00    0.31935E-01    0.25926E+00    0.22716E-01    0.12401E+00    0.29419E-01    0.23733E+00    0.23325E-01    0.13432E+00    0.24231E-03    0.57926E-03    0.26103E-03    0.24231E-03    0.00000E+00    0.57926E-03    0.00000E+00    0.26103E-03    0.00000E+00    0.22014E-01    0.00000E+00    0.34037E-01    0.00000E+00    0.22849E-01    0.00000E+00    0.17447E-01    0.00000E+00    0.26788E-01    0.00000E+00    0.17966E-01    0.00000E+00    0.70784E-04    0.94428E-04    0.73937E-04    0.00000E+00    0.70784E-01    0.00000E+00    0.94428E-01    0.00000E+00    0.73937E-01    0.39749E-01    0.37626E+00    0.43113E-01    0.43458E+00    0.40213E-01    0.38454E+00    0.29606E-01    0.28619E+00    0.30735E-01    0.35600E+00    0.29756E-01    0.29550E+00
2300  0    0.13235E-03    0.20995E-03    0.13940E-03    0.10610E-03    0.26244E-01    0.15924E-03    0.50712E-01    0.11093E-03    0.28469E-01    0.27246E-01    0.22910E+00    0.36551E-01    0.31847E+00    0.28219E-01    0.23862E+00    0.20142E-01    0.11620E+00    0.26644E-01    0.20986E+00    0.20733E-01    0.12471E+00    0.18724E-03    0.47771E-03    0.20338E-03    0.18724E-03    0.00000E+00    0.47771E-03    0.00000E+00    0.20338E-03    0.00000E+00    0.19352E-01    0.00000E+00    0.30910E-01    0.00000E+00    0.20168E-01    0.00000E+00    0.15394E-01    0.00000E+00    0.23876E-01    0.00000E+00    0.15865E-01    0.00000E+00    0.60564E-04    0.76068E-04    0.62631E-04    0.00000E+00    0.60564E-01    0.00000E+00    0.76068E-01    0.00000E+00    0.62631E-01    0.34977E-01    0.34803E+00    0.39067E-01    0.39005E+00    0.35550E-01    0.35392E+00    0.26351E-01    0.26815E+00    0.28028E-01    0.31479E+00    0.26575E-01    0.27437E+00
2400  0    0.10584E-03    0.17439E-03    0.11207E-03    0.82962E-04    0.22873E-01    0.13263E-03    0.41759E-01    0.87477E-04    0.24590E-01    0.24217E-01    0.21388E+00    0.33435E-01    0.28900E+00    0.25195E-01    0.22176E+00    0.17981E-01    0.10915E+00    0.24303E-01    0.18864E+00    0.18555E-01    0.11638E+00    0.14640E-03    0.39788E-03    0.16038E-03    0.14640E-03    0.00000E+00    0.39788E-03    0.00000E+00    0.16038E-03    0.00000E+00    0.17112E-01    0.00000E+00    0.28209E-01    0.00000E+00    0.17910E-01    0.00000E+00    0.13621E-01    0.00000E+00    0.21468E-01    0.00000E+00    0.14057E-01    0.00000E+00    0.52783E-04    0.62639E-04    0.54097E-04    0.00000E+00    0.52783E-01    0.00000E+00    0.62639E-01    0.00000E+00    0.54097E-01    0.31153E-01    0.32491E+00    0.35762E-01    0.35395E+00    0.31806E-01    0.32893E+00    0.23681E-01    0.25189E+00    0.25720E-01    0.28295E+00    0.23953E-01    0.25604E+00
2500  0    0.86034E-04    0.14690E-03    0.91567E-04    0.65777E-04    0.20257E-01    0.11166E-03    0.35244E-01    0.69948E-04    0.21619E-01    0.21762E-01    0.20128E+00    0.30833E-01    0.26550E+00    0.22737E-01    0.20794E+00    0.16193E-01    0.10241E+00    0.22255E-01    0.17499E+00    0.16744E-01    0.10901E+00    0.11608E-03    0.33497E-03    0.12824E-03    0.11608E-03    0.00000E+00    0.33497E-03    0.00000E+00    0.12824E-03    0.00000E+00    0.15237E-01    0.00000E+00    0.25883E-01    0.00000E+00    0.16015E-01    0.00000E+00    0.12081E-01    0.00000E+00    0.19311E-01    0.00000E+00    0.12483E-01    0.00000E+00    0.46746E-04    0.52866E-04    0.47562E-04    0.00000E+00    0.46746E-01    0.00000E+00    0.52866E-01    0.00000E+00    0.47562E-01    0.28095E-01    0.30577E+00    0.33030E-01    0.32517E+00    0.28802E-01    0.30842E+00    0.21571E-01    0.23633E+00    0.23728E-01    0.26248E+00    0.21858E-01    0.23981E+00
2600  0    0.71132E-04    0.12542E-03    0.76067E-04    0.52962E-04    0.18170E-01    0.95005E-04    0.30418E-01    0.56784E-04    0.19283E-01    0.19768E-01    0.19063E+00    0.28631E-01    0.24665E+00    0.20731E-01    0.19638E+00    0.14683E-01    0.96518E-01    0.20454E-01    0.16438E+00    0.15208E-01    0.10269E+00    0.93463E-04    0.28501E-03    0.10410E-03    0.93463E-04    0.00000E+00    0.28501E-03    0.00000E+00    0.10410E-03    0.00000E+00    0.13672E-01    0.00000E+00    0.23875E-01    0.00000E+00    0.14429E-01    0.00000E+00    0.10741E-01    0.00000E+00    0.17385E-01    0.00000E+00    0.11110E-01    0.00000E+00    0.41930E-04    0.45627E-04    0.42423E-04    0.00000E+00    0.41930E-01    0.00000E+00    0.45627E-01    0.00000E+00    0.42423E-01    0.25638E-01    0.28959E+00    0.30734E-01    0.30208E+00    0.26374E-01    0.29128E+00    0.19838E-01    0.22273E+00    0.21989E-01    0.24656E+00    0.20125E-01    0.22591E+00
2700  0    0.59779E-04    0.10834E-03    0.64194E-04    0.43331E-04    0.16448E-01    0.81633E-04    0.26707E-01    0.46813E-04    0.17380E-01    0.18134E-01    0.18137E+00    0.26737E-01    0.23112E+00    0.19077E-01    0.18644E+00    0.13393E-01    0.91783E-01    0.18938E-01    0.15442E+00    0.13897E-01    0.97477E-01    0.76467E-04    0.24490E-03    0.85825E-04    0.76467E-04    0.00000E+00    0.24490E-03    0.00000E+00    0.85825E-04    0.00000E+00    0.12367E-01    0.00000E+00    0.22131E-01    0.00000E+00    0.13101E-01    0.00000E+00    0.95945E-02    0.00000E+00    0.15903E-01    0.00000E+00    0.99450E-02    0.00000E+00    0.37956E-04    0.40061E-04    0.38237E-04    0.00000E+00    0.37956E-01    0.00000E+00    0.40061E-01    0.00000E+00    0.38237E-01    0.23641E-01    0.27552E+00    0.28765E-01    0.28306E+00    0.24386E-01    0.27654E+00    0.18360E-01    0.21181E+00    0.20456E-01    0.23163E+00    0.18639E-01    0.21445E+00
2800  0    0.50982E-04    0.94475E-04    0.54936E-04    0.36002E-04    0.14980E-01    0.70751E-04    0.23724E-01    0.39161E-04    0.15775E-01    0.16778E-01    0.17309E+00    0.25079E-01    0.21783E+00    0.17694E-01    0.17762E+00    0.12309E-01    0.87227E-01    0.17647E-01    0.14516E+00    0.12794E-01    0.92494E-01    0.63533E-04    0.21225E-03    0.71795E-04    0.63533E-04    0.00000E+00    0.21225E-03    0.00000E+00    0.71795E-04    0.00000E+00    0.11272E-01    0.00000E+00    0.20604E-01    0.00000E+00    0.11983E-01    0.00000E+00    0.86471E-02    0.00000E+00    0.14593E-01    0.00000E+00    0.89775E-02    0.00000E+00    0.34569E-04    0.35586E-04    0.34705E-04    0.00000E+00    0.34569E-01    0.00000E+00    0.35586E-01    0.00000E+00    0.34705E-01    0.21987E-01    0.26294E+00    0.27041E-01    0.26678E+00    0.22726E-01    0.26346E+00    0.17097E-01    0.20129E+00    0.19174E-01    0.21774E+00    0.17374E-01    0.20349E+00
2900  0    0.44026E-04    0.83004E-04    0.47569E-04    0.30327E-04    0.13698E-01    0.61770E-04    0.21234E-01    0.33186E-04    0.14383E-01    0.15631E-01    0.16552E+00    0.23600E-01    0.20608E+00    0.16515E-01    0.16961E+00    0.11381E-01    0.82879E-01    0.16537E-01    0.13667E+00    0.11849E-01    0.87769E-01    0.53519E-04    0.18531E-03    0.60841E-04    0.53519E-04    0.00000E+00    0.18531E-03    0.00000E+00    0.60841E-04    0.00000E+00    0.10346E-01    0.00000E+00    0.19251E-01    0.00000E+00    0.11031E-01    0.00000E+00    0.78382E-02    0.00000E+00    0.13397E-01    0.00000E+00    0.81471E-02    0.00000E+00    0.31612E-04    0.31852E-04    0.31644E-04    0.00000E+00    0.31612E-01    0.00000E+00    0.31852E-01    0.00000E+00    0.31644E-01    0.20588E-01    0.25144E+00    0.25498E-01    0.25240E+00    0.21308E-01    0.25157E+00    0.16013E-01    0.19126E+00    0.18106E-01    0.20501E+00    0.16292E-01    0.19309E+00
3000  0    0.38410E-04    0.73373E-04    0.41588E-04    0.25845E-04    0.12565E-01    0.54261E-04    0.19112E-01    0.28428E-04    0.13161E-01    0.14640E-01    0.15853E+00    0.22259E-01    0.19551E+00    0.15489E-01    0.16224E+00    0.10594E-01    0.78976E-01    0.15510E-01    0.12952E+00    0.11041E-01    0.83570E-01    0.45608E-04    0.16278E-03    0.52118E-04    0.45608E-04    0.00000E+00    0.16278E-03    0.00000E+00    0.52118E-04    0.00000E+00    0.95507E-02    0.00000E+00    0.18043E-01    0.00000E+00    0.10210E-01    0.00000E+00    0.71562E-02    0.00000E+00    0.12300E-01    0.00000E+00    0.74419E-02    0.00000E+00    0.28997E-04    0.28667E-04    0.28953E-04    0.00000E+00    0.28997E-01    0.00000E+00    0.28667E-01    0.00000E+00    0.28953E-01    0.19374E-01    0.24082E+00    0.24092E-01    0.23945E+00    0.20067E-01    0.24064E+00    0.15089E-01    0.18225E+00    0.17115E-01    0.19427E+00    0.15359E-01    0.18385E+00
3100  0    0.33793E-04    0.65204E-04    0.36649E-04    0.22232E-04    0.11561E-01    0.47913E-04    0.17290E-01    0.24567E-04    0.12082E-01    0.13768E-01    0.15206E+00    0.21027E-01    0.18596E+00    0.14578E-01    0.15545E+00    0.99132E-02    0.75432E-01    0.14558E-01    0.12328E+00    0.10335E-01    0.79782E-01    0.39233E-04    0.14374E-03    0.45039E-04    0.39233E-04    0.00000E+00    0.14374E-03    0.00000E+00    0.45039E-04    0.00000E+00    0.88581E-02    0.00000E+00    0.16955E-01    0.00000E+00    0.94910E-02    0.00000E+00    0.65699E-02    0.00000E+00    0.11289E-01    0.00000E+00    0.68321E-02    0.00000E+00    0.26679E-04    0.25935E-04    0.26580E-04    0.00000E+00    0.26679E-01    0.00000E+00    0.25935E-01    0.00000E+00    0.26580E-01    0.18298E-01    0.23099E+00    0.22792E-01    0.22775E+00    0.18959E-01    0.23056E+00    0.14285E-01    0.17407E+00    0.16193E-01    0.18492E+00    0.14539E-01    0.17552E+00
3200  0    0.29946E-04    0.58238E-04    0.32518E-04    0.19274E-04    0.10672E-01    0.42504E-04    0.15734E-01    0.21386E-04    0.11132E-01    0.12987E-01    0.14610E+00    0.19885E-01    0.17739E+00    0.13758E-01    0.14921E+00    0.93052E-02    0.72211E-01    0.13782E-01    0.11775E+00    0.97122E-02    0.76351E-01    0.34013E-04    0.12751E-03    0.39207E-04    0.34013E-04    0.00000E+00    0.12751E-03    0.00000E+00    0.39207E-04    0.00000E+00    0.82478E-02    0.00000E+00    0.15969E-01    0.00000E+00    0.88552E-02    0.00000E+00    0.60564E-02    0.00000E+00    0.10372E-01    0.00000E+00    0.62961E-02    0.00000E+00    0.24628E-04    0.23601E-04    0.24491E-04    0.00000E+00    0.24628E-01    0.00000E+00    0.23601E-01    0.00000E+00    0.24491E-01    0.17329E-01    0.22194E+00    0.21578E-01    0.21726E+00    0.17953E-01    0.22132E+00    0.13554E-01    0.16664E+00    0.15487E-01    0.17662E+00    0.13811E-01    0.16797E+00
3300  0    0.26716E-04    0.52287E-04    0.29041E-04    0.16827E-04    0.98894E-02    0.37871E-04    0.14416E-01    0.18740E-04    0.10301E-01    0.12282E-01    0.14064E+00    0.18820E-01    0.16980E+00    0.13013E-01    0.14353E+00    0.87432E-02    0.69154E-01    0.13124E-01    0.11289E+00    0.91414E-02    0.73130E-01    0.29694E-04    0.11361E-03    0.34356E-04    0.29694E-04    0.00000E+00    0.11361E-03    0.00000E+00    0.34356E-04    0.00000E+00    0.77064E-02    0.00000E+00    0.15074E-01    0.00000E+00    0.82893E-02    0.00000E+00    0.55909E-02    0.00000E+00    0.95207E-02    0.00000E+00    0.58092E-02    0.00000E+00    0.22822E-04    0.21624E-04    0.22662E-04    0.00000E+00    0.22822E-01    0.00000E+00    0.21624E-01    0.00000E+00    0.22662E-01    0.16445E-01    0.21364E+00    0.20438E-01    0.20796E+00    0.17031E-01    0.21289E+00    0.12865E-01    0.15959E+00    0.14925E-01    0.16934E+00    0.13140E-01    0.16089E+00
3400  0    0.23996E-04    0.47207E-04    0.26106E-04    0.14794E-04    0.92016E-02    0.33895E-04    0.13312E-01    0.16531E-04    0.95753E-02    0.11641E-01    0.13566E+00    0.17828E-01    0.16317E+00    0.12333E-01    0.13839E+00    0.82491E-02    0.66402E-01    0.12500E-01    0.10865E+00    0.86356E-02    0.70243E-01    0.26108E-04    0.10169E-03    0.30306E-04    0.26108E-04    0.00000E+00    0.10169E-03    0.00000E+00    0.30306E-04    0.00000E+00    0.72260E-02    0.00000E+00    0.14261E-01    0.00000E+00    0.77854E-02    0.00000E+00    0.51976E-02    0.00000E+00    0.87265E-02    0.00000E+00    0.53936E-02    0.00000E+00    0.21235E-04    0.19968E-04    0.21066E-04    0.00000E+00    0.21235E-01    0.00000E+00    0.19968E-01    0.00000E+00    0.21066E-01    0.15635E-01    0.20608E+00    0.19367E-01    0.19984E+00    0.16182E-01    0.20526E+00    0.12240E-01    0.15324E+00    0.14387E-01    0.16298E+00    0.12526E-01    0.15453E+00
3500  0    0.21706E-04    0.42876E-04    0.23630E-04    0.13108E-04    0.85975E-02    0.30482E-04    0.12394E-01    0.14688E-04    0.89426E-02    0.11060E-01    0.13113E+00    0.16905E-01    0.15744E+00    0.11713E-01    0.13374E+00    0.78258E-02    0.63905E-01    0.11911E-01    0.10515E+00    0.81971E-02    0.67654E-01    0.23132E-04    0.91446E-04    0.26927E-04    0.23132E-04    0.00000E+00    0.91446E-04    0.00000E+00    0.26927E-04    0.00000E+00    0.68017E-02    0.00000E+00    0.13524E-01    0.00000E+00    0.73385E-02    0.00000E+00    0.48760E-02    0.00000E+00    0.79887E-02    0.00000E+00    0.50489E-02    0.00000E+00    0.19840E-04    0.18591E-04    0.19674E-04    0.00000E+00    0.19840E-01    0.00000E+00    0.18591E-01    0.00000E+00    0.19674E-01    0.14893E-01    0.19920E+00    0.18364E-01    0.19282E+00    0.15401E-01    0.19836E+00    0.11683E-01    0.14747E+00    0.13872E-01    0.15772E+00    0.11975E-01    0.14884E+00
3600  0    0.19779E-04    0.39188E-04    0.21543E-04    0.11714E-04    0.80655E-02    0.27552E-04    0.11635E-01    0.13153E-04    0.83901E-02    0.10534E-01    0.12701E+00    0.16050E-01    0.15255E+00    0.11149E-01    0.12954E+00    0.74418E-02    0.61543E-01    0.11354E-01    0.10247E+00    0.77975E-02    0.65264E-01    0.20671E-04    0.82657E-04    0.24115E-04    0.20671E-04    0.00000E+00    0.82657E-04    0.00000E+00    0.24115E-04    0.00000E+00    0.64298E-02    0.00000E+00    0.12857E-01    0.00000E+00    0.69447E-02    0.00000E+00    0.45899E-02    0.00000E+00    0.73072E-02    0.00000E+00    0.47409E-02    0.00000E+00    0.18613E-04    0.17453E-04    0.18458E-04    0.00000E+00    0.18613E-01    0.00000E+00    0.17453E-01    0.00000E+00    0.18458E-01    0.14213E-01    0.19294E+00    0.17429E-01    0.18683E+00    0.14682E-01    0.19214E+00    0.11171E-01    0.14202E+00    0.13378E-01    0.15370E+00    0.11465E-01    0.14358E+00
3700  0    0.18159E-04    0.36047E-04    0.19785E-04    0.10564E-04    0.75952E-02    0.25036E-04    0.11011E-01    0.11879E-04    0.79057E-02    0.10059E-01    0.12325E+00    0.15263E-01    0.14840E+00    0.10638E-01    0.12574E+00    0.71032E-02    0.59602E-01    0.10831E-01    0.10007E+00    0.74421E-02    0.63281E-01    0.18642E-04    0.75109E-04    0.21779E-04    0.18642E-04    0.00000E+00    0.75109E-04    0.00000E+00    0.21779E-04    0.00000E+00    0.61060E-02    0.00000E+00    0.12256E-01    0.00000E+00    0.65998E-02    0.00000E+00    0.43442E-02    0.00000E+00    0.66817E-02    0.00000E+00    0.44741E-02    0.00000E+00    0.17527E-04    0.16516E-04    0.17392E-04    0.00000E+00    0.17527E-01    0.00000E+00    0.16516E-01    0.00000E+00    0.17392E-01    0.13593E-01    0.18723E+00    0.16563E-01    0.18175E+00    0.14025E-01    0.18651E+00    0.10711E-01    0.13754E+00    0.12905E-01    0.15011E+00    0.11004E-01    0.13922E+00
3800  0    0.16793E-04    0.33368E-04    0.18300E-04    0.96161E-05    0.71771E-02    0.22872E-04    0.10495E-01    0.10821E-04    0.74788E-02    0.96326E-02    0.11981E+00    0.14542E-01    0.14488E+00    0.10177E-01    0.12230E+00    0.68137E-02    0.57892E-01    0.10388E-01    0.97901E-01    0.71386E-02    0.61529E-01    0.16970E-04    0.68617E-04    0.19839E-04    0.16970E-04    0.00000E+00    0.68617E-04    0.00000E+00    0.19839E-04    0.00000E+00    0.58257E-02    0.00000E+00    0.11715E-01    0.00000E+00    0.62990E-02    0.00000E+00    0.41491E-02    0.00000E+00    0.62533E-02    0.00000E+00    0.42660E-02    0.00000E+00    0.16563E-04    0.15743E-04    0.16453E-04    0.00000E+00    0.16563E-01    0.00000E+00    0.15743E-01    0.00000E+00    0.16453E-01    0.13028E-01    0.18200E+00    0.15767E-01    0.17744E+00    0.13426E-01    0.18140E+00    0.10298E-01    0.13360E+00    0.12455E-01    0.14685E+00    0.10586E-01    0.13536E+00
3900  0    0.15636E-04    0.31074E-04    0.17040E-04    0.88329E-05    0.68034E-02    0.21006E-04    0.10067E-01    0.99395E-05    0.71002E-02    0.92492E-02    0.11665E+00    0.13886E-01    0.14190E+00    0.97621E-02    0.11917E+00    0.65510E-02    0.56361E-01    0.10025E-01    0.95917E-01    0.68668E-02    0.59957E-01    0.15587E-04    0.63019E-04    0.18223E-04    0.15587E-04    0.00000E+00    0.63019E-04    0.00000E+00    0.18223E-04    0.00000E+00    0.55834E-02    0.00000E+00    0.11227E-01    0.00000E+00    0.60370E-02    0.00000E+00    0.39790E-02    0.00000E+00    0.60188E-02    0.00000E+00    0.40923E-02    0.00000E+00    0.15700E-04    0.15101E-04    0.15620E-04    0.00000E+00    0.15700E-01    0.00000E+00    0.15101E-01    0.00000E+00    0.15620E-01    0.12516E-01    0.17720E+00    0.15040E-01    0.17379E+00    0.12881E-01    0.17675E+00    0.99145E-02    0.13006E+00    0.12028E-01    0.14388E+00    0.10196E-01    0.13191E+00
4000  0    0.14648E-04    0.29101E-04    0.15962E-04    0.81807E-05    0.64674E-02    0.19393E-04    0.97086E-02    0.92000E-05    0.67620E-02    0.89044E-02    0.11373E+00    0.13289E-01    0.13935E+00    0.93880E-02    0.11629E+00    0.63107E-02    0.54963E-01    0.96855E-02    0.94087E-01    0.66175E-02    0.58519E-01    0.14437E-04    0.58178E-04    0.16867E-04    0.14437E-04    0.00000E+00    0.58178E-04    0.00000E+00    0.16867E-04    0.00000E+00    0.53734E-02    0.00000E+00    0.10787E-01    0.00000E+00    0.58080E-02    0.00000E+00    0.38268E-02    0.00000E+00    0.58098E-02    0.00000E+00    0.39370E-02    0.00000E+00    0.14925E-04    0.14563E-04    0.14876E-04    0.00000E+00    0.14925E-01    0.00000E+00    0.14563E-01    0.00000E+00    0.14876E-01    0.12051E-01    0.17277E+00    0.14378E-01    0.17066E+00    0.12386E-01    0.17249E+00    0.95587E-02    0.12684E+00    0.11623E-01    0.14113E+00    0.98340E-02    0.12874E+00
4100  0    0.13795E-04    0.27395E-04    0.15031E-04    0.76317E-05    0.61632E-02    0.17993E-04    0.94023E-02    0.85736E-05    0.64577E-02    0.85933E-02    0.11102E+00    0.12749E-01    0.13713E+00    0.90503E-02    0.11365E+00    0.60955E-02    0.53655E-01    0.93903E-02    0.92381E-01    0.63950E-02    0.57176E-01    0.13468E-04    0.53978E-04    0.15718E-04    0.13468E-04    0.00000E+00    0.53978E-04    0.00000E+00    0.15718E-04    0.00000E+00    0.51899E-02    0.00000E+00    0.10390E-01    0.00000E+00    0.56068E-02    0.00000E+00    0.37040E-02    0.00000E+00    0.56875E-02    0.00000E+00    0.38142E-02    0.00000E+00    0.14223E-04    0.14103E-04    0.14207E-04    0.00000E+00    0.14223E-01    0.00000E+00    0.14103E-01    0.00000E+00    0.14207E-01    0.11627E-01    0.16866E+00    0.13778E-01    0.16795E+00    0.11936E-01    0.16856E+00    0.92228E-02    0.12382E+00    0.11242E-01    0.13857E+00    0.94920E-02    0.12579E+00
4200  0    0.13049E-04    0.25908E-04    0.14218E-04    0.71630E-05    0.58860E-02    0.16773E-04    0.91350E-02    0.80366E-05    0.61813E-02    0.83108E-02    0.10850E+00    0.12261E-01    0.13517E+00    0.87440E-02    0.11119E+00    0.59014E-02    0.52429E-01    0.91135E-02    0.90775E-01    0.61934E-02    0.55915E-01    0.12641E-04    0.50319E-04    0.14734E-04    0.12641E-04    0.00000E+00    0.50319E-04    0.00000E+00    0.14734E-04    0.00000E+00    0.50280E-02    0.00000E+00    0.10032E-01    0.00000E+00    0.54284E-02    0.00000E+00    0.35972E-02    0.00000E+00    0.55766E-02    0.00000E+00    0.37072E-02    0.00000E+00    0.13583E-04    0.13702E-04    0.13599E-04    0.00000E+00    0.13583E-01    0.00000E+00    0.13702E-01    0.00000E+00    0.13599E-01    0.11240E-01    0.16482E+00    0.13236E-01    0.16554E+00    0.11526E-01    0.16492E+00    0.89146E-02    0.12099E+00    0.10882E-01    0.13616E+00    0.91769E-02    0.12301E+00
4300  0    0.12388E-04    0.24601E-04    0.13498E-04    0.67565E-05    0.56311E-02    0.15706E-04    0.88956E-02    0.75700E-05    0.59279E-02    0.80524E-02    0.10612E+00    0.11819E-01    0.13338E+00    0.84643E-02    0.10888E+00    0.57272E-02    0.51242E-01    0.88517E-02    0.89248E-01    0.60113E-02    0.54697E-01    0.11923E-04    0.47117E-04    0.13878E-04    0.11923E-04    0.00000E+00    0.47117E-04    0.00000E+00    0.13878E-04    0.00000E+00    0.48833E-02    0.00000E+00    0.97074E-02    0.00000E+00    0.52685E-02    0.00000E+00    0.35007E-02    0.00000E+00    0.54705E-02    0.00000E+00    0.36102E-02    0.00000E+00    0.12995E-04    0.13343E-04    0.13041E-04    0.00000E+00    0.12995E-01    0.00000E+00    0.13343E-01    0.00000E+00    0.13041E-01    0.10883E-01    0.16121E+00    0.12744E-01    0.16336E+00    0.11149E-01    0.16150E+00    0.86388E-02    0.11825E+00    0.10542E-01    0.13387E+00    0.88926E-02    0.12033E+00
4400  0    0.11793E-04    0.23441E-04    0.12852E-04    0.63981E-05    0.53948E-02    0.14766E-04    0.86752E-02    0.71588E-05    0.56930E-02    0.78137E-02    0.10387E+00    0.11417E-01    0.13172E+00    0.82068E-02    0.10671E+00    0.55630E-02    0.50257E-01    0.86037E-02    0.87778E-01    0.58394E-02    0.53668E-01    0.11291E-04    0.44299E-04    0.13124E-04    0.11291E-04    0.00000E+00    0.44299E-04    0.00000E+00    0.13124E-04    0.00000E+00    0.47520E-02    0.00000E+00    0.94126E-02    0.00000E+00    0.51234E-02    0.00000E+00    0.34104E-02    0.00000E+00    0.53684E-02    0.00000E+00    0.35192E-02    0.00000E+00    0.12450E-04    0.13013E-04    0.12525E-04    0.00000E+00    0.12450E-01    0.00000E+00    0.13013E-01    0.00000E+00    0.12525E-01    0.10553E-01    0.15779E+00    0.12297E-01    0.16132E+00    0.10802E-01    0.15827E+00    0.83780E-02    0.11598E+00    0.10221E-01    0.13167E+00    0.86238E-02    0.11807E+00
4500  0    0.11251E-04    0.22400E-04    0.12264E-04    0.60770E-05    0.51737E-02    0.13933E-04    0.84667E-02    0.67912E-05    0.54731E-02    0.75909E-02    0.10172E+00    0.11049E-01    0.13013E+00    0.79676E-02    0.10462E+00    0.54096E-02    0.49322E-01    0.83925E-02    0.86349E-01    0.56808E-02    0.52688E-01    0.10724E-04    0.41799E-04    0.12450E-04    0.10724E-04    0.00000E+00    0.41799E-04    0.00000E+00    0.12450E-04    0.00000E+00    0.46312E-02    0.00000E+00    0.91431E-02    0.00000E+00    0.49901E-02    0.00000E+00    0.33256E-02    0.00000E+00    0.52699E-02    0.00000E+00    0.34336E-02    0.00000E+00    0.11939E-04    0.12700E-04    0.12041E-04    0.00000E+00    0.11939E-01    0.00000E+00    0.12700E-01    0.00000E+00    0.12041E-01    0.10243E-01    0.15453E+00    0.11888E-01    0.15937E+00    0.10478E-01    0.15518E+00    0.81348E-02    0.11382E+00    0.99538E-02    0.12952E+00    0.83773E-02    0.11591E+00
4600  0    0.10750E-04    0.21451E-04    0.11723E-04    0.57852E-05    0.49651E-02    0.13186E-04    0.82648E-02    0.64581E-05    0.52651E-02    0.73810E-02    0.99651E-01    0.10711E-01    0.12857E+00    0.77432E-02    0.10262E+00    0.52646E-02    0.48429E-01    0.81934E-02    0.84945E-01    0.55309E-02    0.51748E-01    0.10209E-04    0.39559E-04    0.11840E-04    0.10209E-04    0.00000E+00    0.39559E-04    0.00000E+00    0.11840E-04    0.00000E+00    0.45187E-02    0.00000E+00    0.88949E-02    0.00000E+00    0.48662E-02    0.00000E+00    0.32457E-02    0.00000E+00    0.51743E-02    0.00000E+00    0.33528E-02    0.00000E+00    0.11458E-04    0.12397E-04    0.11583E-04    0.00000E+00    0.11458E-01    0.00000E+00    0.12397E-01    0.00000E+00    0.11583E-01    0.99510E-02    0.15138E+00    0.11513E-01    0.15746E+00    0.10173E-01    0.15221E+00    0.79048E-02    0.11176E+00    0.97030E-02    0.12742E+00    0.81445E-02    0.11385E+00
4700  0    0.10284E-04    0.20576E-04    0.11219E-04    0.55167E-05    0.47668E-02    0.12511E-04    0.80657E-02    0.61525E-05    0.50667E-02    0.71813E-02    0.97640E-01    0.10398E-01    0.12701E+00    0.75307E-02    0.10066E+00    0.51243E-02    0.47536E-01    0.80009E-02    0.83554E-01    0.53858E-02    0.50810E-01    0.97354E-05    0.37532E-04    0.11280E-04    0.97354E-05    0.00000E+00    0.37532E-04    0.00000E+00    0.11280E-04    0.00000E+00    0.44126E-02    0.00000E+00    0.86639E-02    0.00000E+00    0.47497E-02    0.00000E+00    0.31687E-02    0.00000E+00    0.50808E-02    0.00000E+00    0.32750E-02    0.00000E+00    0.11000E-04    0.12098E-04    0.11147E-04    0.00000E+00    0.11000E-01    0.00000E+00    0.12098E-01    0.00000E+00    0.11147E-01    0.96720E-02    0.14833E+00    0.11165E-01    0.15555E+00    0.98840E-02    0.14931E+00    0.76815E-02    0.10970E+00    0.94610E-02    0.12533E+00    0.79188E-02    0.11178E+00
4800  0    0.98438E-05    0.19757E-04    0.10745E-04    0.52670E-05    0.45769E-02    0.11891E-04    0.78664E-02    0.58691E-05    0.48759E-02    0.69895E-02    0.95675E-01    0.10105E-01    0.12543E+00    0.73276E-02    0.98751E-01    0.49875E-02    0.46648E-01    0.78136E-02    0.82164E-01    0.52444E-02    0.49877E-01    0.92947E-05    0.35672E-04    0.10760E-04    0.92947E-05    0.00000E+00    0.35672E-04    0.00000E+00    0.10760E-04    0.00000E+00    0.43115E-02    0.00000E+00    0.84466E-02    0.00000E+00    0.46390E-02    0.00000E+00    0.30936E-02    0.00000E+00    0.49884E-02    0.00000E+00    0.31989E-02    0.00000E+00    0.10562E-04    0.11800E-04    0.10727E-04    0.00000E+00    0.10562E-01    0.00000E+00    0.11800E-01    0.00000E+00    0.10727E-01    0.94037E-02    0.14534E+00    0.10839E-01    0.15362E+00    0.96074E-02    0.14647E+00    0.74640E-02    0.10765E+00    0.92262E-02    0.12325E+00    0.76990E-02    0.10973E+00
4900  0    0.94267E-05    0.18980E-04    0.10295E-04    0.50327E-05    0.43940E-02    0.11315E-04    0.76651E-02    0.56038E-05    0.46914E-02    0.68040E-02    0.93744E-01    0.98269E-02    0.12382E+00    0.71319E-02    0.96865E-01    0.48531E-02    0.45788E-01    0.76301E-02    0.80768E-01    0.51056E-02    0.48968E-01    0.88811E-05    0.33946E-04    0.10274E-04    0.88811E-05    0.00000E+00    0.33946E-04    0.00000E+00    0.10274E-04    0.00000E+00    0.42145E-02    0.00000E+00    0.82396E-02    0.00000E+00    0.45329E-02    0.00000E+00    0.30192E-02    0.00000E+00    0.48964E-02    0.00000E+00    0.31235E-02    0.00000E+00    0.10140E-04    0.11498E-04    0.10321E-04    0.00000E+00    0.10140E-01    0.00000E+00    0.11498E-01    0.00000E+00    0.10321E-01    0.91436E-02    0.14241E+00    0.10531E-01    0.15164E+00    0.93405E-02    0.14367E+00    0.72512E-02    0.10566E+00    0.89970E-02    0.12115E+00    0.74840E-02    0.10773E+00
5000  0    0.90284E-05    0.18235E-04    0.98654E-05    0.48112E-05    0.42172E-02    0.10774E-04    0.74609E-02    0.53532E-05    0.45121E-02    0.66233E-02    0.91839E-01    0.95616E-02    0.12215E+00    0.69420E-02    0.94996E-01    0.47217E-02    0.44922E-01    0.74505E-02    0.79360E-01    0.49698E-02    0.48053E-01    0.84903E-05    0.32321E-04    0.98143E-05    0.84903E-05    0.00000E+00    0.32321E-04    0.00000E+00    0.98143E-05    0.00000E+00    0.41208E-02    0.00000E+00    0.80401E-02    0.00000E+00    0.44304E-02    0.00000E+00    0.29458E-02    0.00000E+00    0.48075E-02    0.00000E+00    0.30492E-02    0.00000E+00    0.97321E-05    0.11191E-04    0.99266E-05    0.00000E+00    0.97321E-02    0.00000E+00    0.11191E-01    0.00000E+00    0.99266E-02    0.88898E-02    0.13951E+00    0.10238E-01    0.14961E+00    0.90811E-02    0.14090E+00    0.70442E-02    0.10367E+00    0.87720E-02    0.11904E+00    0.72746E-02    0.10572E+00
5100  0    0.86464E-05    0.17512E-04    0.94524E-05    0.46006E-05    0.40458E-02    0.10259E-04    0.72530E-02    0.51150E-05    0.43374E-02    0.64463E-02    0.89953E-01    0.93056E-02    0.12044E+00    0.67564E-02    0.93138E-01    0.45942E-02    0.44060E-01    0.72722E-02    0.77934E-01    0.48376E-02    0.47139E-01    0.81187E-05    0.30776E-04    0.93775E-05    0.81187E-05    0.00000E+00    0.30776E-04    0.00000E+00    0.93775E-05    0.00000E+00    0.40296E-02    0.00000E+00    0.78455E-02    0.00000E+00    0.43307E-02    0.00000E+00    0.28733E-02    0.00000E+00    0.47172E-02    0.00000E+00    0.29757E-02    0.00000E+00    0.93365E-05    0.10879E-04    0.95422E-05    0.00000E+00    0.93365E-02    0.00000E+00    0.10879E-01    0.00000E+00    0.95422E-02    0.86408E-02    0.13665E+00    0.99556E-02    0.14751E+00    0.88274E-02    0.13815E+00    0.68446E-02    0.10168E+00    0.85497E-02    0.11690E+00    0.70720E-02    0.10371E+00
5200  0    0.82786E-05    0.16805E-04    0.90537E-05    0.43993E-05    0.38792E-02    0.97636E-05    0.70415E-02    0.48870E-05    0.41667E-02    0.62722E-02    0.88082E-01    0.90561E-02    0.11867E+00    0.65742E-02    0.91288E-01    0.44688E-02    0.43200E-01    0.70938E-02    0.76489E-01    0.47074E-02    0.46226E-01    0.77635E-05    0.29291E-04    0.89595E-05    0.77635E-05    0.00000E+00    0.29291E-04    0.00000E+00    0.89595E-05    0.00000E+00    0.39404E-02    0.00000E+00    0.76539E-02    0.00000E+00    0.42331E-02    0.00000E+00    0.28030E-02    0.00000E+00    0.46232E-02    0.00000E+00    0.29041E-02    0.00000E+00    0.89521E-05    0.10562E-04    0.91668E-05    0.00000E+00    0.89521E-02    0.00000E+00    0.10562E-01    0.00000E+00    0.91668E-02    0.83953E-02    0.13381E+00    0.96814E-02    0.14534E+00    0.85779E-02    0.13540E+00    0.66471E-02    0.99692E-01    0.83291E-02    0.11473E+00    0.68713E-02    0.10170E+00
5300  0    0.79233E-05    0.16111E-04    0.86676E-05    0.42060E-05    0.37173E-02    0.92840E-05    0.68268E-02    0.46677E-05    0.40000E-02    0.61002E-02    0.86224E-01    0.88112E-02    0.11685E+00    0.63943E-02    0.89442E-01    0.43447E-02    0.42333E-01    0.69143E-02    0.75423E-01    0.45783E-02    0.45341E-01    0.74224E-05    0.27852E-04    0.85574E-05    0.74224E-05    0.00000E+00    0.27852E-04    0.00000E+00    0.85574E-05    0.00000E+00    0.38529E-02    0.00000E+00    0.74635E-02    0.00000E+00    0.41370E-02    0.00000E+00    0.27344E-02    0.00000E+00    0.45252E-02    0.00000E+00    0.28339E-02    0.00000E+00    0.85783E-05    0.10240E-04    0.87999E-05    0.00000E+00    0.85783E-02    0.00000E+00    0.10240E-01    0.00000E+00    0.87999E-02    0.81525E-02    0.13098E+00    0.94129E-02    0.14311E+00    0.83316E-02    0.13266E+00    0.64504E-02    0.97691E-01    0.81089E-02    0.11313E+00    0.66716E-02    0.99750E-01
5400  0    0.75793E-05    0.15426E-04    0.82927E-05    0.40196E-05    0.35597E-02    0.88167E-05    0.66094E-02    0.44557E-05    0.38370E-02    0.59298E-02    0.84377E-01    0.85689E-02    0.11497E+00    0.62162E-02    0.87601E-01    0.42210E-02    0.41454E-01    0.67332E-02    0.74329E-01    0.44494E-02    0.44442E-01    0.70934E-05    0.26450E-04    0.81688E-05    0.70934E-05    0.00000E+00    0.26450E-04    0.00000E+00    0.81688E-05    0.00000E+00    0.37665E-02    0.00000E+00    0.72733E-02    0.00000E+00    0.40420E-02    0.00000E+00    0.26662E-02    0.00000E+00    0.44230E-02    0.00000E+00    0.27638E-02    0.00000E+00    0.82148E-05    0.99141E-05    0.84413E-05    0.00000E+00    0.82148E-02    0.00000E+00    0.99141E-02    0.00000E+00    0.84413E-02    0.79116E-02    0.12818E+00    0.91481E-02    0.14081E+00    0.80874E-02    0.12993E+00    0.62542E-02    0.95662E-01    0.78883E-02    0.11149E+00    0.64721E-02    0.97773E-01
5500  0    0.72457E-05    0.14750E-04    0.79279E-05    0.38391E-05    0.34066E-02    0.83595E-05    0.63903E-02    0.42501E-05    0.36778E-02    0.57606E-02    0.82542E-01    0.83279E-02    0.11305E+00    0.60392E-02    0.85765E-01    0.40970E-02    0.40579E-01    0.65499E-02    0.73162E-01    0.43200E-02    0.43541E-01    0.67749E-05    0.25079E-04    0.77918E-05    0.67749E-05    0.00000E+00    0.25079E-04    0.00000E+00    0.77918E-05    0.00000E+00    0.36810E-02    0.00000E+00    0.70822E-02    0.00000E+00    0.39476E-02    0.00000E+00    0.25974E-02    0.00000E+00    0.43165E-02    0.00000E+00    0.26929E-02    0.00000E+00    0.78613E-05    0.95854E-05    0.80912E-05    0.00000E+00    0.78613E-02    0.00000E+00    0.95854E-02    0.00000E+00    0.80912E-02    0.76720E-02    0.12539E+00    0.88855E-02    0.13846E+00    0.78446E-02    0.12721E+00    0.60580E-02    0.93643E-01    0.76667E-02    0.10974E+00    0.62724E-02    0.95790E-01
5600  0    0.69216E-05    0.14082E-04    0.75725E-05    0.36637E-05    0.32578E-02    0.79113E-05    0.61705E-02    0.40499E-05    0.35226E-02    0.55921E-02    0.80720E-01    0.80871E-02    0.11109E+00    0.58630E-02    0.83936E-01    0.39730E-02    0.39713E-01    0.63642E-02    0.71929E-01    0.41904E-02    0.42642E-01    0.64654E-05    0.23734E-04    0.74247E-05    0.64654E-05    0.00000E+00    0.23734E-04    0.00000E+00    0.74247E-05    0.00000E+00    0.35959E-02    0.00000E+00    0.68897E-02    0.00000E+00    0.38535E-02    0.00000E+00    0.25284E-02    0.00000E+00    0.42056E-02    0.00000E+00    0.26216E-02    0.00000E+00    0.75181E-05    0.92557E-05    0.77498E-05    0.00000E+00    0.75181E-02    0.00000E+00    0.92557E-02    0.00000E+00    0.77498E-02    0.74335E-02    0.12262E+00    0.86237E-02    0.13606E+00    0.76029E-02    0.12450E+00    0.58620E-02    0.91646E-01    0.74435E-02    0.10789E+00    0.60729E-02    0.93813E-01
5700  0    0.66064E-05    0.13423E-04    0.72261E-05    0.34928E-05    0.31136E-02    0.74715E-05    0.59512E-02    0.38545E-05    0.33716E-02    0.54244E-02    0.78913E-01    0.78458E-02    0.10910E+00    0.56872E-02    0.82117E-01    0.38490E-02    0.38844E-01    0.61758E-02    0.70769E-01    0.40605E-02    0.41746E-01    0.61637E-05    0.22414E-04    0.70665E-05    0.61637E-05    0.00000E+00    0.22414E-04    0.00000E+00    0.70665E-05    0.00000E+00    0.35110E-02    0.00000E+00    0.66954E-02    0.00000E+00    0.37594E-02    0.00000E+00    0.24588E-02    0.00000E+00    0.40904E-02    0.00000E+00    0.25494E-02    0.00000E+00    0.71853E-05    0.89269E-05    0.74175E-05    0.00000E+00    0.71853E-02    0.00000E+00    0.89269E-02    0.00000E+00    0.74175E-02    0.71958E-02    0.11988E+00    0.83618E-02    0.13362E+00    0.73620E-02    0.12180E+00    0.56670E-02    0.89639E-01    0.72185E-02    0.10615E+00    0.58738E-02    0.91841E-01
5800  0    0.62998E-05    0.12774E-04    0.68884E-05    0.33257E-05    0.29741E-02    0.70400E-05    0.57338E-02    0.36634E-05    0.32250E-02    0.52571E-02    0.77124E-01    0.76034E-02    0.10709E+00    0.55119E-02    0.80312E-01    0.37260E-02    0.37965E-01    0.59848E-02    0.69543E-01    0.39314E-02    0.40836E-01    0.58690E-05    0.21120E-04    0.67162E-05    0.58690E-05    0.00000E+00    0.21120E-04    0.00000E+00    0.67162E-05    0.00000E+00    0.34261E-02    0.00000E+00    0.64992E-02    0.00000E+00    0.36650E-02    0.00000E+00    0.23913E-02    0.00000E+00    0.39711E-02    0.00000E+00    0.24790E-02    0.00000E+00    0.68633E-05    0.86007E-05    0.70949E-05    0.00000E+00    0.68633E-02    0.00000E+00    0.86007E-02    0.00000E+00    0.70949E-02    0.69591E-02    0.11716E+00    0.80993E-02    0.13115E+00    0.71217E-02    0.11912E+00    0.54715E-02    0.87612E-01    0.69917E-02    0.10431E+00    0.56742E-02    0.89839E-01
5900  0    0.60016E-05    0.12137E-04    0.65593E-05    0.31622E-05    0.28393E-02    0.66172E-05    0.55195E-02    0.34763E-05    0.30830E-02    0.50905E-02    0.75357E-01    0.73599E-02    0.10507E+00    0.53368E-02    0.78524E-01    0.36029E-02    0.37089E-01    0.57914E-02    0.68259E-01    0.38018E-02    0.39923E-01    0.55804E-05    0.19852E-04    0.63733E-05    0.55804E-05    0.00000E+00    0.19852E-04    0.00000E+00    0.63733E-05    0.00000E+00    0.33408E-02    0.00000E+00    0.63011E-02    0.00000E+00    0.35702E-02    0.00000E+00    0.23238E-02    0.00000E+00    0.38479E-02    0.00000E+00    0.24085E-02    0.00000E+00    0.65523E-05    0.82793E-05    0.67826E-05    0.00000E+00    0.65523E-02    0.00000E+00    0.82793E-02    0.00000E+00    0.67826E-02    0.67234E-02    0.11448E+00    0.78358E-02    0.12868E+00    0.68821E-02    0.11647E+00    0.52754E-02    0.85590E-01    0.67631E-02    0.10239E+00    0.54738E-02    0.87830E-01
6000  0    0.57116E-05    0.11513E-04    0.62390E-05    0.30020E-05    0.27095E-02    0.62037E-05    0.53098E-02    0.32931E-05    0.29459E-02    0.49245E-02    0.73614E-01    0.71152E-02    0.10305E+00    0.51622E-02    0.76758E-01    0.34803E-02    0.36236E-01    0.55958E-02    0.66928E-01    0.36726E-02    0.39026E-01    0.52977E-05    0.18611E-04    0.60373E-05    0.52977E-05    0.00000E+00    0.18611E-04    0.00000E+00    0.60373E-05    0.00000E+00    0.32550E-02    0.00000E+00    0.61010E-02    0.00000E+00    0.34749E-02    0.00000E+00    0.22573E-02    0.00000E+00    0.37212E-02    0.00000E+00    0.23386E-02    0.00000E+00    0.62528E-05    0.79646E-05    0.64810E-05    0.00000E+00    0.62528E-02    0.00000E+00    0.79646E-02    0.00000E+00    0.64810E-02    0.64891E-02    0.11183E+00    0.75715E-02    0.12621E+00    0.66436E-02    0.11385E+00    0.50795E-02    0.83622E-01    0.65331E-02    0.10039E+00    0.52733E-02    0.85858E-01
6100  0    0.54298E-05    0.10906E-04    0.59276E-05    0.28450E-05    0.25848E-02    0.57999E-05    0.51057E-02    0.31136E-05    0.28140E-02    0.47595E-02    0.71900E-01    0.68695E-02    0.10105E+00    0.49883E-02    0.75020E-01    0.33579E-02    0.35409E-01    0.54001E-02    0.65559E-01    0.35435E-02    0.38150E-01    0.50205E-05    0.17400E-04    0.57082E-05    0.50205E-05    0.00000E+00    0.17400E-04    0.00000E+00    0.57082E-05    0.00000E+00    0.31688E-02    0.00000E+00    0.58991E-02    0.00000E+00    0.33788E-02    0.00000E+00    0.21899E-02    0.00000E+00    0.35959E-02    0.00000E+00    0.22680E-02    0.00000E+00    0.59649E-05    0.76586E-05    0.61907E-05    0.00000E+00    0.59649E-02    0.00000E+00    0.76586E-02    0.00000E+00    0.61907E-02    0.62565E-02    0.10922E+00    0.73066E-02    0.12376E+00    0.64065E-02    0.11127E+00    0.48852E-02    0.81713E-01    0.63021E-02    0.98339E-01    0.50741E-02    0.83929E-01
6200  0    0.51563E-05    0.10316E-04    0.56253E-05    0.26911E-05    0.24652E-02    0.54069E-05    0.49087E-02    0.29380E-05    0.26873E-02    0.45956E-02    0.70217E-01    0.66236E-02    0.99083E-01    0.48154E-02    0.73312E-01    0.32377E-02    0.34583E-01    0.52040E-02    0.64347E-01    0.34164E-02    0.37289E-01    0.47490E-05    0.16221E-04    0.53863E-05    0.47490E-05    0.00000E+00    0.16221E-04    0.00000E+00    0.53863E-05    0.00000E+00    0.30819E-02    0.00000E+00    0.56958E-02    0.00000E+00    0.32822E-02    0.00000E+00    0.21248E-02    0.00000E+00    0.34699E-02    0.00000E+00    0.21995E-02    0.00000E+00    0.56889E-05    0.73630E-05    0.59121E-05    0.00000E+00    0.56889E-02    0.00000E+00    0.73630E-02    0.00000E+00    0.59121E-02    0.60264E-02    0.10667E+00    0.70418E-02    0.12135E+00    0.61714E-02    0.10874E+00    0.46930E-02    0.79808E-01    0.60710E-02    0.96521E-01    0.48767E-02    0.82036E-01
6300  0    0.48914E-05    0.97452E-05    0.53327E-05    0.25406E-05    0.23508E-02    0.50257E-05    0.47195E-02    0.27665E-05    0.25661E-02    0.44334E-02    0.68568E-01    0.63780E-02    0.97155E-01    0.46439E-02    0.71640E-01    0.31182E-02    0.33760E-01    0.50082E-02    0.63304E-01    0.32901E-02    0.36446E-01    0.44835E-05    0.15077E-04    0.50720E-05    0.44835E-05    0.00000E+00    0.15077E-04    0.00000E+00    0.50720E-05    0.00000E+00    0.29945E-02    0.00000E+00    0.54913E-02    0.00000E+00    0.31850E-02    0.00000E+00    0.20601E-02    0.00000E+00    0.33436E-02    0.00000E+00    0.21314E-02    0.00000E+00    0.54249E-05    0.70793E-05    0.56455E-05    0.00000E+00    0.54249E-02    0.00000E+00    0.70793E-02    0.00000E+00    0.56455E-02    0.57993E-02    0.10416E+00    0.67780E-02    0.11899E+00    0.59391E-02    0.10626E+00    0.45019E-02    0.77908E-01    0.58405E-02    0.94956E-01    0.46804E-02    0.80181E-01
6400  0    0.46354E-05    0.91965E-05    0.50501E-05    0.23938E-05    0.22416E-02    0.46575E-05    0.45390E-02    0.25996E-05    0.24504E-02    0.42732E-02    0.66956E-01    0.61339E-02    0.95278E-01    0.44745E-02    0.70006E-01    0.30002E-02    0.32942E-01    0.48154E-02    0.62238E-01    0.31652E-02    0.35606E-01    0.42244E-05    0.13973E-04    0.47660E-05    0.42244E-05    0.00000E+00    0.13973E-04    0.00000E+00    0.47660E-05    0.00000E+00    0.29067E-02    0.00000E+00    0.52863E-02    0.00000E+00    0.30874E-02    0.00000E+00    0.19942E-02    0.00000E+00    0.32227E-02    0.00000E+00    0.20624E-02    0.00000E+00    0.51729E-05    0.68085E-05    0.53910E-05    0.00000E+00    0.51729E-02    0.00000E+00    0.68085E-02    0.00000E+00    0.53910E-02    0.55760E-02    0.10171E+00    0.65165E-02    0.11669E+00    0.57103E-02    0.10384E+00    0.43158E-02    0.76021E-01    0.56118E-02    0.93356E-01    0.44886E-02    0.78332E-01
6500  0    0.43886E-05    0.86715E-05    0.47779E-05    0.22511E-05    0.21375E-02    0.43038E-05    0.43676E-02    0.24377E-05    0.23402E-02    0.41157E-02    0.65383E-01    0.58924E-02    0.93463E-01    0.43076E-02    0.68414E-01    0.28830E-02    0.32151E-01    0.46246E-02    0.61152E-01    0.30413E-02    0.34787E-01    0.39726E-05    0.12912E-04    0.44692E-05    0.39726E-05    0.00000E+00    0.12912E-04    0.00000E+00    0.44692E-05    0.00000E+00    0.28187E-02    0.00000E+00    0.50816E-02    0.00000E+00    0.29897E-02    0.00000E+00    0.19279E-02    0.00000E+00    0.31016E-02    0.00000E+00    0.19931E-02    0.00000E+00    0.49326E-05    0.65514E-05    0.51485E-05    0.00000E+00    0.49326E-02    0.00000E+00    0.65514E-02    0.00000E+00    0.51485E-02    0.53572E-02    0.99324E-01    0.62586E-02    0.11447E+00    0.54860E-02    0.10147E+00    0.41320E-02    0.74195E-01    0.53860E-02    0.91728E-01    0.42992E-02    0.76532E-01
6600  0    0.41513E-05    0.81720E-05    0.45168E-05    0.21130E-05    0.20383E-02    0.39664E-05    0.42056E-02    0.22815E-05    0.22354E-02    0.39613E-02    0.63849E-01    0.56551E-02    0.91712E-01    0.41440E-02    0.66863E-01    0.27696E-02    0.31406E-01    0.44378E-02    0.60051E-01    0.29213E-02    0.34010E-01    0.37288E-05    0.11899E-04    0.41827E-05    0.37288E-05    0.00000E+00    0.11899E-04    0.00000E+00    0.41827E-05    0.00000E+00    0.27309E-02    0.00000E+00    0.48784E-02    0.00000E+00    0.28923E-02    0.00000E+00    0.18629E-02    0.00000E+00    0.29843E-02    0.00000E+00    0.19252E-02    0.00000E+00    0.47039E-05    0.63083E-05    0.49178E-05    0.00000E+00    0.47039E-02    0.00000E+00    0.63083E-02    0.00000E+00    0.49178E-02    0.51439E-02    0.96993E-01    0.60059E-02    0.11232E+00    0.52670E-02    0.99174E-01    0.39553E-02    0.72475E-01    0.51645E-02    0.90077E-01    0.41165E-02    0.74822E-01
6700  0    0.39239E-05    0.76998E-05    0.42672E-05    0.19799E-05    0.19440E-02    0.36472E-05    0.40527E-02    0.21314E-05    0.21357E-02    0.38107E-02    0.62354E-01    0.54234E-02    0.90030E-01    0.39843E-02    0.65356E-01    0.26605E-02    0.30693E-01    0.42553E-02    0.58940E-01    0.28055E-02    0.33261E-01    0.34939E-05    0.10941E-04    0.39077E-05    0.34939E-05    0.00000E+00    0.10941E-04    0.00000E+00    0.39077E-05    0.00000E+00    0.26434E-02    0.00000E+00    0.46779E-02    0.00000E+00    0.27956E-02    0.00000E+00    0.17972E-02    0.00000E+00    0.28692E-02    0.00000E+00    0.18567E-02    0.00000E+00    0.44862E-05    0.60790E-05    0.46986E-05    0.00000E+00    0.44862E-02    0.00000E+00    0.60790E-02    0.00000E+00    0.46986E-02    0.49369E-02    0.94723E-01    0.57600E-02    0.11026E+00    0.50544E-02    0.96939E-01    0.37895E-02    0.70830E-01    0.49484E-02    0.88410E-01    0.39440E-02    0.73174E-01
6800  0    0.37066E-05    0.72564E-05    0.40293E-05    0.18523E-05    0.18543E-02    0.33477E-05    0.39086E-02    0.19883E-05    0.20411E-02    0.36643E-02    0.60898E-01    0.51988E-02    0.88415E-01    0.38293E-02    0.63891E-01    0.25542E-02    0.29981E-01    0.40785E-02    0.57821E-01    0.26928E-02    0.32512E-01    0.32688E-05    0.10043E-04    0.36452E-05    0.32688E-05    0.00000E+00    0.10043E-04    0.00000E+00    0.36452E-05    0.00000E+00    0.25569E-02    0.00000E+00    0.44818E-02    0.00000E+00    0.27001E-02    0.00000E+00    0.17337E-02    0.00000E+00    0.27574E-02    0.00000E+00    0.17906E-02    0.00000E+00    0.42792E-05    0.58629E-05    0.44903E-05    0.00000E+00    0.42792E-02    0.00000E+00    0.58629E-02    0.00000E+00    0.44903E-02    0.47367E-02    0.92511E-01    0.55226E-02    0.10829E+00    0.48489E-02    0.94766E-01    0.36272E-02    0.69187E-01    0.47390E-02    0.86731E-01    0.37755E-02    0.71527E-01
6900  0    0.34998E-05    0.68425E-05    0.38037E-05    0.17308E-05    0.17690E-02    0.30697E-05    0.37728E-02    0.18525E-05    0.19511E-02    0.35227E-02    0.59481E-01    0.49830E-02    0.86865E-01    0.36795E-02    0.62468E-01    0.24526E-02    0.29270E-01    0.39082E-02    0.56697E-01    0.25849E-02    0.31763E-01    0.30544E-05    0.92090E-05    0.33963E-05    0.30544E-05    0.00000E+00    0.92090E-05    0.00000E+00    0.33963E-05    0.00000E+00    0.24716E-02    0.00000E+00    0.42916E-02    0.00000E+00    0.26063E-02    0.00000E+00    0.16736E-02    0.00000E+00    0.26500E-02    0.00000E+00    0.17279E-02    0.00000E+00    0.40822E-05    0.56592E-05    0.42925E-05    0.00000E+00    0.40822E-02    0.00000E+00    0.56592E-02    0.00000E+00    0.42925E-02    0.45441E-02    0.90358E-01    0.52950E-02    0.10639E+00    0.46512E-02    0.92655E-01    0.34713E-02    0.67545E-01    0.45374E-02    0.85046E-01    0.36134E-02    0.69879E-01
7000  0    0.33035E-05    0.64584E-05    0.35903E-05    0.16157E-05    0.16878E-02    0.28139E-05    0.36445E-02    0.17246E-05    0.18657E-02    0.33863E-02    0.58100E-01    0.47772E-02    0.85376E-01    0.35354E-02    0.61085E-01    0.23551E-02    0.28576E-01    0.37455E-02    0.55571E-01    0.24815E-02    0.31030E-01    0.28512E-05    0.84417E-05    0.31618E-05    0.28512E-05    0.00000E+00    0.84417E-05    0.00000E+00    0.31618E-05    0.00000E+00    0.23880E-02    0.00000E+00    0.41090E-02    0.00000E+00    0.25147E-02    0.00000E+00    0.16140E-02    0.00000E+00    0.25476E-02    0.00000E+00    0.16659E-02    0.00000E+00    0.38949E-05    0.54668E-05    0.41045E-05    0.00000E+00    0.38949E-02    0.00000E+00    0.54668E-02    0.00000E+00    0.41045E-02    0.43595E-02    0.88260E-01    0.50785E-02    0.10456E+00    0.44620E-02    0.90603E-01    0.33243E-02    0.65944E-01    0.43444E-02    0.83357E-01    0.34603E-02    0.68266E-01
7100  0    0.31178E-05    0.61039E-05    0.33892E-05    0.15072E-05    0.16105E-02    0.25808E-05    0.35231E-02    0.16048E-05    0.17844E-02    0.32553E-02    0.56754E-01    0.45824E-02    0.83941E-01    0.33974E-02    0.59739E-01    0.22612E-02    0.27915E-01    0.35908E-02    0.54445E-01    0.23821E-02    0.30327E-01    0.26598E-05    0.77424E-05    0.29422E-05    0.26598E-05    0.00000E+00    0.77424E-05    0.00000E+00    0.29422E-05    0.00000E+00    0.23064E-02    0.00000E+00    0.39351E-02    0.00000E+00    0.24258E-02    0.00000E+00    0.15547E-02    0.00000E+00    0.24509E-02    0.00000E+00    0.16045E-02    0.00000E+00    0.37166E-05    0.52846E-05    0.39257E-05    0.00000E+00    0.37166E-02    0.00000E+00    0.52846E-02    0.00000E+00    0.39257E-02    0.41830E-02    0.86216E-01    0.48739E-02    0.10281E+00    0.42816E-02    0.88608E-01    0.31850E-02    0.64418E-01    0.41608E-02    0.81668E-01    0.33151E-02    0.66718E-01
7200  0    0.29427E-05    0.57776E-05    0.32004E-05    0.14057E-05    0.15370E-02    0.23699E-05    0.34077E-02    0.14934E-05    0.17070E-02    0.31299E-02    0.55443E-01    0.43992E-02    0.82555E-01    0.32658E-02    0.58430E-01    0.21716E-02    0.27250E-01    0.34447E-02    0.53386E-01    0.22874E-02    0.29626E-01    0.24807E-05    0.71098E-05    0.27379E-05    0.24807E-05    0.00000E+00    0.71098E-05    0.00000E+00    0.27379E-05    0.00000E+00    0.22274E-02    0.00000E+00    0.37709E-02    0.00000E+00    0.23400E-02    0.00000E+00    0.14984E-02    0.00000E+00    0.23603E-02    0.00000E+00    0.15463E-02    0.00000E+00    0.35469E-05    0.51115E-05    0.37555E-05    0.00000E+00    0.35469E-02    0.00000E+00    0.51115E-02    0.00000E+00    0.37555E-02    0.40148E-02    0.84224E-01    0.46818E-02    0.10111E+00    0.41100E-02    0.86666E-01    0.30521E-02    0.62885E-01    0.39869E-02    0.80079E-01    0.31767E-02    0.65178E-01
7300  0    0.27783E-05    0.54781E-05    0.30238E-05    0.13114E-05    0.14670E-02    0.21804E-05    0.32977E-02    0.13904E-05    0.16334E-02    0.30103E-02    0.54166E-01    0.42278E-02    0.81212E-01    0.31406E-02    0.57156E-01    0.20862E-02    0.26591E-01    0.33118E-02    0.52473E-01    0.21976E-02    0.28944E-01    0.23142E-05    0.65412E-05    0.25490E-05    0.23142E-05    0.00000E+00    0.65412E-05    0.00000E+00    0.25490E-05    0.00000E+00    0.21514E-02    0.00000E+00    0.36170E-02    0.00000E+00    0.22579E-02    0.00000E+00    0.14439E-02    0.00000E+00    0.22893E-02    0.00000E+00    0.14909E-02    0.00000E+00    0.33853E-05    0.49465E-05    0.35935E-05    0.00000E+00    0.33853E-02    0.00000E+00    0.49465E-02    0.00000E+00    0.35935E-02    0.38549E-02    0.82284E-01    0.45023E-02    0.99464E-01    0.39474E-02    0.84776E-01    0.29261E-02    0.61364E-01    0.38230E-02    0.78709E-01    0.30457E-02    0.63676E-01
7400  0    0.26245E-05    0.52031E-05    0.28589E-05    0.12242E-05    0.14003E-02    0.20107E-05    0.31924E-02    0.12957E-05    0.15633E-02    0.28966E-02    0.52921E-01    0.40681E-02    0.79905E-01    0.30220E-02    0.55915E-01    0.20054E-02    0.25935E-01    0.31872E-02    0.51532E-01    0.21128E-02    0.28262E-01    0.21603E-05    0.60320E-05    0.23754E-05    0.21603E-05    0.00000E+00    0.60320E-05    0.00000E+00    0.23754E-05    0.00000E+00    0.20786E-02    0.00000E+00    0.34733E-02    0.00000E+00    0.21796E-02    0.00000E+00    0.13931E-02    0.00000E+00    0.22239E-02    0.00000E+00    0.14392E-02    0.00000E+00    0.32315E-05    0.47886E-05    0.34392E-05    0.00000E+00    0.32315E-02    0.00000E+00    0.47886E-02    0.00000E+00    0.34392E-02    0.37031E-02    0.80393E-01    0.43350E-02    0.97863E-01    0.37934E-02    0.82936E-01    0.28061E-02    0.59849E-01    0.36689E-02    0.77298E-01    0.29211E-02    0.62176E-01
7500  0    0.24812E-05    0.49501E-05    0.27056E-05    0.11442E-05    0.13369E-02    0.18588E-05    0.30913E-02    0.12092E-05    0.14964E-02    0.27889E-02    0.51709E-01    0.39195E-02    0.78629E-01    0.29099E-02    0.54707E-01    0.19291E-02    0.25282E-01    0.30707E-02    0.50562E-01    0.20329E-02    0.27580E-01    0.20193E-05    0.55765E-05    0.22169E-05    0.20193E-05    0.00000E+00    0.55765E-05    0.00000E+00    0.22169E-05    0.00000E+00    0.20096E-02    0.00000E+00    0.33396E-02    0.00000E+00    0.21056E-02    0.00000E+00    0.13459E-02    0.00000E+00    0.21636E-02    0.00000E+00    0.13914E-02    0.00000E+00    0.30852E-05    0.46369E-05    0.32921E-05    0.00000E+00    0.30852E-02    0.00000E+00    0.46369E-02    0.00000E+00    0.32921E-02    0.35592E-02    0.78552E-01    0.41794E-02    0.96300E-01    0.36480E-02    0.81143E-01    0.26917E-02    0.58343E-01    0.35242E-02    0.75843E-01    0.28027E-02    0.60676E-01
7600  0    0.23480E-05    0.47163E-05    0.25633E-05    0.10715E-05    0.12766E-02    0.17227E-05    0.29936E-02    0.11307E-05    0.14326E-02    0.26871E-02    0.50528E-01    0.37810E-02    0.77377E-01    0.28042E-02    0.53528E-01    0.18604E-02    0.24627E-01    0.29614E-02    0.49560E-01    0.19605E-02    0.26894E-01    0.18908E-05    0.51682E-05    0.20729E-05    0.18908E-05    0.00000E+00    0.51682E-05    0.00000E+00    0.20729E-05    0.00000E+00    0.19446E-02    0.00000E+00    0.32150E-02    0.00000E+00    0.20361E-02    0.00000E+00    0.13044E-02    0.00000E+00    0.21074E-02    0.00000E+00    0.13490E-02    0.00000E+00    0.29459E-05    0.44904E-05    0.31518E-05    0.00000E+00    0.29459E-02    0.00000E+00    0.44904E-02    0.00000E+00    0.31518E-02    0.34230E-02    0.76758E-01    0.40343E-02    0.94767E-01    0.35107E-02    0.79395E-01    0.25874E-02    0.56832E-01    0.33883E-02    0.74341E-01    0.26942E-02    0.59166E-01
7700  0    0.22246E-05    0.44989E-05    0.24314E-05    0.10055E-05    0.12191E-02    0.16002E-05    0.28987E-02    0.10596E-05    0.13718E-02    0.25912E-02    0.49377E-01    0.36511E-02    0.76141E-01    0.27047E-02    0.52379E-01    0.17964E-02    0.23982E-01    0.28582E-02    0.48525E-01    0.18929E-02    0.26213E-01    0.17745E-05    0.48005E-05    0.19426E-05    0.17745E-05    0.00000E+00    0.48005E-05    0.00000E+00    0.19426E-05    0.00000E+00    0.18839E-02    0.00000E+00    0.30985E-02    0.00000E+00    0.19711E-02    0.00000E+00    0.12650E-02    0.00000E+00    0.20544E-02    0.00000E+00    0.13088E-02    0.00000E+00    0.28132E-05    0.43481E-05    0.30179E-05    0.00000E+00    0.28132E-02    0.00000E+00    0.43481E-02    0.00000E+00    0.30179E-02    0.32944E-02    0.75010E-01    0.38982E-02    0.93254E-01    0.33811E-02    0.77690E-01    0.24913E-02    0.55343E-01    0.32601E-02    0.72788E-01    0.25938E-02    0.57669E-01
7800  0    0.21103E-05    0.42949E-05    0.23089E-05    0.94602E-06    0.11642E-02    0.14888E-05    0.28061E-02    0.99537E-06    0.13135E-02    0.25009E-02    0.48254E-01    0.35284E-02    0.74914E-01    0.26111E-02    0.51254E-01    0.17385E-02    0.23333E-01    0.27600E-02    0.47456E-01    0.18313E-02    0.25526E-01    0.16695E-05    0.44664E-05    0.18248E-05    0.16695E-05    0.00000E+00    0.44664E-05    0.00000E+00    0.18248E-05    0.00000E+00    0.18273E-02    0.00000E+00    0.29888E-02    0.00000E+00    0.19104E-02    0.00000E+00    0.12293E-02    0.00000E+00    0.20035E-02    0.00000E+00    0.12723E-02    0.00000E+00    0.26867E-05    0.42091E-05    0.28897E-05    0.00000E+00    0.26867E-02    0.00000E+00    0.42091E-02    0.00000E+00    0.28897E-02    0.31729E-02    0.73304E-01    0.37694E-02    0.91751E-01    0.32588E-02    0.76022E-01    0.24043E-02    0.53846E-01    0.31382E-02    0.71185E-01    0.25021E-02    0.56158E-01
7900  0    0.20041E-05    0.41016E-05    0.21948E-05    0.89225E-06    0.11118E-02    0.13866E-05    0.27150E-02    0.93719E-06    0.12576E-02    0.24159E-02    0.47156E-01    0.34112E-02    0.73688E-01    0.25227E-02    0.50151E-01    0.16833E-02    0.22730E-01    0.26653E-02    0.46426E-01    0.17726E-02    0.24884E-01    0.15746E-05    0.41599E-05    0.17182E-05    0.15746E-05    0.00000E+00    0.41599E-05    0.00000E+00    0.17182E-05    0.00000E+00    0.17746E-02    0.00000E+00    0.28844E-02    0.00000E+00    0.18537E-02    0.00000E+00    0.11952E-02    0.00000E+00    0.19536E-02    0.00000E+00    0.12374E-02    0.00000E+00    0.25657E-05    0.40725E-05    0.27666E-05    0.00000E+00    0.25657E-02    0.00000E+00    0.40725E-02    0.00000E+00    0.27666E-02    0.30580E-02    0.71634E-01    0.36462E-02    0.90250E-01    0.31428E-02    0.74386E-01    0.23215E-02    0.52454E-01    0.30212E-02    0.69640E-01    0.24148E-02    0.54745E-01
8000  0    0.19049E-05    0.39168E-05    0.20878E-05    0.84342E-06    0.10615E-02    0.12919E-05    0.26250E-02    0.88418E-06    0.12037E-02    0.23357E-02    0.46076E-01    0.32979E-02    0.72456E-01    0.24389E-02    0.49064E-01    0.16300E-02    0.22136E-01    0.25731E-02    0.45463E-01    0.17158E-02    0.24256E-01    0.14884E-05    0.38756E-05    0.16210E-05    0.14884E-05    0.00000E+00    0.38756E-05    0.00000E+00    0.16210E-05    0.00000E+00    0.17253E-02    0.00000E+00    0.27841E-02    0.00000E+00    0.18006E-02    0.00000E+00    0.11624E-02    0.00000E+00    0.19040E-02    0.00000E+00    0.12036E-02    0.00000E+00    0.24497E-05    0.39375E-05    0.26480E-05    0.00000E+00    0.24497E-02    0.00000E+00    0.39375E-02    0.00000E+00    0.26480E-02    0.29490E-02    0.69995E-01    0.35268E-02    0.88741E-01    0.30324E-02    0.72774E-01    0.22415E-02    0.51083E-01    0.29077E-02    0.68194E-01    0.23304E-02    0.53364E-01
8100  0    0.18118E-05    0.37375E-05    0.19868E-05    0.79858E-06    0.10132E-02    0.12016E-05    0.25360E-02    0.83522E-06    0.11516E-02    0.22593E-02    0.45015E-01    0.31867E-02    0.71218E-01    0.23587E-02    0.47992E-01    0.15780E-02    0.21572E-01    0.24814E-02    0.44507E-01    0.16601E-02    0.23657E-01    0.14093E-05    0.36047E-05    0.15312E-05    0.14093E-05    0.00000E+00    0.36047E-05    0.00000E+00    0.15312E-05    0.00000E+00    0.16788E-02    0.00000E+00    0.26850E-02    0.00000E+00    0.17500E-02    0.00000E+00    0.11305E-02    0.00000E+00    0.18534E-02    0.00000E+00    0.11707E-02    0.00000E+00    0.23381E-05    0.38040E-05    0.25335E-05    0.00000E+00    0.23381E-02    0.00000E+00    0.38040E-02    0.00000E+00    0.25335E-02    0.28449E-02    0.68382E-01    0.34100E-02    0.87224E-01    0.29265E-02    0.71183E-01    0.21630E-02    0.49782E-01    0.27954E-02    0.66760E-01    0.22473E-02    0.52046E-01
8200  0    0.17257E-05    0.35725E-05    0.18936E-05    0.75893E-06    0.96681E-03    0.11263E-05    0.24462E-02    0.79234E-06    0.11013E-02    0.21890E-02    0.43973E-01    0.30838E-02    0.69945E-01    0.22849E-02    0.46932E-01    0.15293E-02    0.21003E-01    0.23968E-02    0.43557E-01    0.16082E-02    0.23053E-01    0.13393E-05    0.33790E-05    0.14526E-05    0.13393E-05    0.00000E+00    0.33790E-05    0.00000E+00    0.14526E-05    0.00000E+00    0.16366E-02    0.00000E+00    0.25996E-02    0.00000E+00    0.17045E-02    0.00000E+00    0.10995E-02    0.00000E+00    0.18060E-02    0.00000E+00    0.11388E-02    0.00000E+00    0.22311E-05    0.36692E-05    0.24229E-05    0.00000E+00    0.22311E-02    0.00000E+00    0.36692E-02    0.00000E+00    0.24229E-02    0.27487E-02    0.66800E-01    0.32994E-02    0.85665E-01    0.28283E-02    0.69611E-01    0.20913E-02    0.48468E-01    0.26922E-02    0.65335E-01    0.21714E-02    0.50717E-01
8300  0    0.16442E-05    0.34105E-05    0.18048E-05    0.72180E-06    0.92241E-03    0.10490E-05    0.23615E-02    0.75155E-06    0.10532E-02    0.21211E-02    0.42951E-01    0.29800E-02    0.68724E-01    0.22130E-02    0.45896E-01    0.14822E-02    0.20475E-01    0.23090E-02    0.42615E-01    0.15574E-02    0.22488E-01    0.12738E-05    0.31471E-05    0.13778E-05    0.12738E-05    0.00000E+00    0.31471E-05    0.00000E+00    0.13778E-05    0.00000E+00    0.15961E-02    0.00000E+00    0.25088E-02    0.00000E+00    0.16600E-02    0.00000E+00    0.10715E-02    0.00000E+00    0.17558E-02    0.00000E+00    0.11095E-02    0.00000E+00    0.21286E-05    0.35422E-05    0.23171E-05    0.00000E+00    0.21286E-02    0.00000E+00    0.35422E-02    0.00000E+00    0.23171E-02    0.26554E-02    0.65248E-01    0.31896E-02    0.84169E-01    0.27327E-02    0.68075E-01    0.20193E-02    0.47251E-01    0.25856E-02    0.63923E-01    0.20948E-02    0.49474E-01
8400  0    0.15660E-05    0.32546E-05    0.17195E-05    0.68688E-06    0.87913E-03    0.97647E-06    0.22782E-02    0.71320E-06    0.10063E-02    0.20557E-02    0.41932E-01    0.28776E-02    0.67501E-01    0.21435E-02    0.44862E-01    0.14369E-02    0.19966E-01    0.22225E-02    0.41682E-01    0.15084E-02    0.21940E-01    0.12121E-05    0.29294E-05    0.13075E-05    0.12121E-05    0.00000E+00    0.29294E-05    0.00000E+00    0.13075E-05    0.00000E+00    0.15570E-02    0.00000E+00    0.24205E-02    0.00000E+00    0.16171E-02    0.00000E+00    0.10434E-02    0.00000E+00    0.17047E-02    0.00000E+00    0.10802E-02    0.00000E+00    0.20288E-05    0.34173E-05    0.22139E-05    0.00000E+00    0.20288E-02    0.00000E+00    0.34173E-02    0.00000E+00    0.22139E-02    0.25656E-02    0.63699E-01    0.30808E-02    0.82671E-01    0.26401E-02    0.66542E-01    0.19515E-02    0.46075E-01    0.24814E-02    0.62524E-01    0.20222E-02    0.48268E-01
8500  0    0.14907E-05    0.31037E-05    0.16373E-05    0.65373E-06    0.83695E-03    0.90727E-06    0.21964E-02    0.67677E-06    0.96054E-03    0.19923E-02    0.40913E-01    0.27761E-02    0.66279E-01    0.20758E-02    0.43830E-01    0.13920E-02    0.19445E-01    0.21364E-02    0.40752E-01    0.14597E-02    0.21382E-01    0.11536E-05    0.27218E-05    0.12408E-05    0.11536E-05    0.00000E+00    0.27218E-05    0.00000E+00    0.12408E-05    0.00000E+00    0.15190E-02    0.00000E+00    0.23332E-02    0.00000E+00    0.15753E-02    0.00000E+00    0.10150E-02    0.00000E+00    0.16529E-02    0.00000E+00    0.10505E-02    0.00000E+00    0.19314E-05    0.32947E-05    0.21132E-05    0.00000E+00    0.19314E-02    0.00000E+00    0.32947E-02    0.00000E+00    0.21132E-02    0.24785E-02    0.62152E-01    0.29729E-02    0.81175E-01    0.25499E-02    0.65010E-01    0.18850E-02    0.44874E-01    0.23781E-02    0.61128E-01    0.19508E-02    0.47041E-01
8600  0    0.14721E-05    0.29269E-05    0.16043E-05    0.66949E-06    0.80257E-03    0.78738E-06    0.21396E-02    0.68021E-06    0.92412E-03    0.19634E-02    0.40064E-01    0.26612E-02    0.65415E-01    0.20367E-02    0.42991E-01    0.13879E-02    0.19112E-01    0.20140E-02    0.39845E-01    0.14448E-02    0.20997E-01    0.11815E-05    0.23621E-05    0.12471E-05    0.11815E-05    0.00000E+00    0.23621E-05    0.00000E+00    0.12471E-05    0.00000E+00    0.15372E-02    0.00000E+00    0.21735E-02    0.00000E+00    0.15793E-02    0.00000E+00    0.10896E-02    0.00000E+00    0.16547E-02    0.00000E+00    0.11210E-02    0.00000E+00    0.18521E-05    0.32094E-05    0.20331E-05    0.00000E+00    0.18521E-02    0.00000E+00    0.32094E-02    0.00000E+00    0.20331E-02    0.24096E-02    0.60862E-01    0.28742E-02    0.80117E-01    0.24766E-02    0.63766E-01    0.17779E-02    0.44104E-01    0.21937E-02    0.59768E-01    0.18333E-02    0.46193E-01
8700  0    0.13503E-05    0.28235E-05    0.14842E-05    0.59333E-06    0.75699E-03    0.78484E-06    0.20386E-02    0.61074E-06    0.87350E-03    0.18728E-02    0.38910E-01    0.25816E-02    0.63853E-01    0.19479E-02    0.41797E-01    0.13047E-02    0.18458E-01    0.19712E-02    0.39353E-01    0.13652E-02    0.20357E-01    0.10470E-05    0.23545E-05    0.11197E-05    0.10470E-05    0.00000E+00    0.23545E-05    0.00000E+00    0.11197E-05    0.00000E+00    0.14471E-02    0.00000E+00    0.21700E-02    0.00000E+00    0.14965E-02    0.00000E+00    0.95863E-03    0.00000E+00    0.15522E-02    0.00000E+00    0.99160E-03    0.00000E+00    0.17469E-05    0.30579E-05    0.19217E-05    0.00000E+00    0.17469E-02    0.00000E+00    0.30579E-02    0.00000E+00    0.19217E-02    0.23141E-02    0.59108E-01    0.27645E-02    0.78204E-01    0.23791E-02    0.61995E-01    0.17572E-02    0.42594E-01    0.21807E-02    0.59029E-01    0.18136E-02    0.44786E-01
8800  0    0.12847E-05    0.26939E-05    0.14128E-05    0.56550E-06    0.71922E-03    0.72820E-06    0.19657E-02    0.58029E-06    0.83254E-03    0.18165E-02    0.37927E-01    0.24879E-02    0.62701E-01    0.18874E-02    0.40805E-01    0.12637E-02    0.17973E-01    0.18958E-02    0.38783E-01    0.13212E-02    0.19865E-01    0.99795E-06    0.21846E-05    0.10639E-05    0.99795E-06    0.00000E+00    0.21846E-05    0.00000E+00    0.10639E-05    0.00000E+00    0.14128E-02    0.00000E+00    0.20903E-02    0.00000E+00    0.14587E-02    0.00000E+00    0.93253E-03    0.00000E+00    0.15153E-02    0.00000E+00    0.96490E-03    0.00000E+00    0.16597E-05    0.29486E-05    0.18316E-05    0.00000E+00    0.16597E-02    0.00000E+00    0.29486E-02    0.00000E+00    0.18316E-02    0.22371E-02    0.57615E-01    0.26645E-02    0.76793E-01    0.22987E-02    0.60524E-01    0.16969E-02    0.41477E-01    0.20860E-02    0.58174E-01    0.17488E-02    0.43703E-01
8900  0    0.12213E-05    0.25704E-05    0.13440E-05    0.53875E-06    0.68258E-03    0.67490E-06    0.18955E-02    0.55113E-06    0.79285E-03    0.17619E-02    0.36948E-01    0.23965E-02    0.61571E-01    0.18287E-02    0.39821E-01    0.12239E-02    0.17499E-01    0.18221E-02    0.38210E-01    0.12782E-02    0.19382E-01    0.95074E-06    0.20247E-05    0.10104E-05    0.95074E-06    0.00000E+00    0.20247E-05    0.00000E+00    0.10104E-05    0.00000E+00    0.13789E-02    0.00000E+00    0.20123E-02    0.00000E+00    0.14215E-02    0.00000E+00    0.90688E-03    0.00000E+00    0.14774E-02    0.00000E+00    0.93857E-03    0.00000E+00    0.15752E-05    0.28433E-05    0.17443E-05    0.00000E+00    0.15752E-02    0.00000E+00    0.28433E-02    0.00000E+00    0.17443E-02    0.21626E-02    0.56128E-01    0.25671E-02    0.75409E-01    0.22208E-02    0.59064E-01    0.16384E-02    0.40382E-01    0.19944E-02    0.57315E-01    0.16859E-02    0.42640E-01
9000  0    0.11613E-05    0.24553E-05    0.12789E-05    0.51389E-06    0.64742E-03    0.62943E-06    0.18258E-02    0.52439E-06    0.75455E-03    0.17094E-02    0.35984E-01    0.23115E-02    0.60429E-01    0.17726E-02    0.38847E-01    0.11866E-02    0.17018E-01    0.17618E-02    0.37630E-01    0.12389E-02    0.18892E-01    0.90686E-06    0.18883E-05    0.96138E-06    0.90686E-06    0.00000E+00    0.18883E-05    0.00000E+00    0.96138E-06    0.00000E+00    0.13467E-02    0.00000E+00    0.19433E-02    0.00000E+00    0.13866E-02    0.00000E+00    0.88037E-03    0.00000E+00    0.14412E-02    0.00000E+00    0.91153E-03    0.00000E+00    0.14941E-05    0.27388E-05    0.16600E-05    0.00000E+00    0.14941E-02    0.00000E+00    0.27388E-02    0.00000E+00    0.16600E-02    0.20908E-02    0.54664E-01    0.24752E-02    0.74010E-01    0.21460E-02    0.57620E-01    0.15870E-02    0.39272E-01    0.19221E-02    0.56445E-01    0.16317E-02    0.41562E-01
9100  0    0.11050E-05    0.23482E-05    0.12180E-05    0.48991E-06    0.61512E-03    0.58329E-06    0.17650E-02    0.49840E-06    0.71965E-03    0.16597E-02    0.35075E-01    0.22245E-02    0.59413E-01    0.17187E-02    0.37938E-01    0.11505E-02    0.16578E-01    0.16936E-02    0.37066E-01    0.11999E-02    0.18441E-01    0.86455E-06    0.17499E-05    0.91373E-06    0.86455E-06    0.00000E+00    0.17499E-05    0.00000E+00    0.91373E-06    0.00000E+00    0.13150E-02    0.00000E+00    0.18708E-02    0.00000E+00    0.13518E-02    0.00000E+00    0.85844E-03    0.00000E+00    0.14026E-02    0.00000E+00    0.88867E-03    0.00000E+00    0.14195E-05    0.26474E-05    0.15832E-05    0.00000E+00    0.14195E-02    0.00000E+00    0.26474E-02    0.00000E+00    0.15832E-02    0.20238E-02    0.53282E-01    0.23817E-02    0.72766E-01    0.20751E-02    0.56271E-01    0.15324E-02    0.38258E-01    0.18391E-02    0.55599E-01    0.15733E-02    0.40570E-01
9200  0    0.10515E-05    0.22478E-05    0.11603E-05    0.46740E-06    0.58413E-03    0.54156E-06    0.17063E-02    0.47414E-06    0.68614E-03    0.16122E-02    0.34180E-01    0.21436E-02    0.58417E-01    0.16676E-02    0.37044E-01    0.11167E-02    0.16132E-01    0.16333E-02    0.36518E-01    0.11636E-02    0.17985E-01    0.82481E-06    0.16247E-05    0.86925E-06    0.82481E-06    0.00000E+00    0.16247E-05    0.00000E+00    0.86925E-06    0.00000E+00    0.12844E-02    0.00000E+00    0.18026E-02    0.00000E+00    0.13185E-02    0.00000E+00    0.83584E-03    0.00000E+00    0.13643E-02    0.00000E+00    0.86520E-03    0.00000E+00    0.13480E-05    0.25594E-05    0.15095E-05    0.00000E+00    0.13480E-02    0.00000E+00    0.25594E-02    0.00000E+00    0.15095E-02    0.19599E-02    0.51923E-01    0.22952E-02    0.71546E-01    0.20078E-02    0.54946E-01    0.14839E-02    0.37227E-01    0.17677E-02    0.54777E-01    0.15217E-02    0.39567E-01
9300  1    0.12161E-05    0.23273E-05    0.13172E-05    0.66013E-06    0.55600E-03    0.71623E-06    0.16111E-02    0.66523E-06    0.65192E-03    0.17756E-02    0.33347E-01    0.23433E-02    0.56764E-01    0.18344E-02    0.36109E-01    0.13486E-02    0.15656E-01    0.19541E-02    0.36110E-01    0.14037E-02    0.17515E-01    0.11649E-05    0.21487E-05    0.12196E-05    0.11649E-05    0.00000E+00    0.21487E-05    0.00000E+00    0.12196E-05    0.00000E+00    0.15264E-02    0.00000E+00    0.20730E-02    0.00000E+00    0.15618E-02    0.00000E+00    0.10823E-02    0.00000E+00    0.15941E-02    0.00000E+00    0.11108E-02    0.00000E+00    0.12831E-05    0.24166E-05    0.14342E-05    0.00000E+00    0.12831E-02    0.00000E+00    0.24166E-02    0.00000E+00    0.14342E-02    0.20563E-02    0.50657E-01    0.24673E-02    0.69522E-01    0.21157E-02    0.53558E-01    0.16968E-02    0.36129E-01    0.21341E-02    0.54165E-01    0.17551E-02    0.38534E-01
9400  0    0.95498E-06    0.20690E-05    0.10563E-05    0.42658E-06    0.52840E-03    0.47036E-06    0.15987E-02    0.43056E-06    0.62570E-03    0.15245E-02    0.32509E-01    0.19944E-02    0.56545E-01    0.15730E-02    0.35375E-01    0.10549E-02    0.15314E-01    0.15213E-02    0.35438E-01    0.10973E-02    0.17143E-01    0.75278E-06    0.14111E-05    0.78936E-06    0.75278E-06    0.00000E+00    0.14111E-05    0.00000E+00    0.78936E-06    0.00000E+00    0.12270E-02    0.00000E+00    0.16799E-02    0.00000E+00    0.12565E-02    0.00000E+00    0.79516E-03    0.00000E+00    0.12899E-02    0.00000E+00    0.82265E-03    0.00000E+00    0.12194E-05    0.23980E-05    0.13765E-05    0.00000E+00    0.12194E-02    0.00000E+00    0.23980E-02    0.00000E+00    0.13765E-02    0.18424E-02    0.49384E-01    0.21343E-02    0.69253E-01    0.18839E-02    0.52470E-01    0.13946E-02    0.35339E-01    0.16371E-02    0.53158E-01    0.14269E-02    0.37715E-01
9500  0    0.91217E-06    0.19897E-05    0.10101E-05    0.40836E-06    0.50381E-03    0.43862E-06    0.15511E-02    0.41111E-06    0.59902E-03    0.14848E-02    0.31743E-01    0.19260E-02    0.55698E-01    0.15302E-02    0.34613E-01    0.10276E-02    0.14969E-01    0.14686E-02    0.34925E-01    0.10677E-02    0.16783E-01    0.72063E-06    0.13159E-05    0.75370E-06    0.72063E-06    0.00000E+00    0.13159E-05    0.00000E+00    0.75370E-06    0.00000E+00    0.12005E-02    0.00000E+00    0.16223E-02    0.00000E+00    0.12278E-02    0.00000E+00    0.77692E-03    0.00000E+00    0.12534E-02    0.00000E+00    0.80339E-03    0.00000E+00    0.11626E-05    0.23267E-05    0.13178E-05    0.00000E+00    0.11626E-02    0.00000E+00    0.23267E-02    0.00000E+00    0.13178E-02    0.17896E-02    0.48221E-01    0.20612E-02    0.68215E-01    0.18282E-02    0.51339E-01    0.13553E-02    0.34544E-01    0.15761E-02    0.52387E-01    0.13848E-02    0.36923E-01
9600  0    0.87226E-06    0.19162E-05    0.96716E-06    0.39132E-06    0.48094E-03    0.41057E-06    0.15056E-02    0.39307E-06    0.57409E-03    0.14473E-02    0.31014E-01    0.18638E-02    0.54875E-01    0.14900E-02    0.33885E-01    0.10022E-02    0.14677E-01    0.14205E-02    0.34416E-01    0.10402E-02    0.16471E-01    0.69056E-06    0.12317E-05    0.72062E-06    0.69056E-06    0.00000E+00    0.12317E-05    0.00000E+00    0.72062E-06    0.00000E+00    0.11752E-02    0.00000E+00    0.15695E-02    0.00000E+00    0.12005E-02    0.00000E+00    0.75960E-03    0.00000E+00    0.12184E-02    0.00000E+00    0.78509E-03    0.00000E+00    0.11099E-05    0.22584E-05    0.12630E-05    0.00000E+00    0.11099E-02    0.00000E+00    0.22584E-02    0.00000E+00    0.12630E-02    0.17401E-02    0.47114E-01    0.19947E-02    0.67207E-01    0.17762E-02    0.50259E-01    0.13194E-02    0.33870E-01    0.15216E-02    0.51624E-01    0.13463E-02    0.36237E-01
9700  0    0.83661E-06    0.18475E-05    0.92851E-06    0.37619E-06    0.46042E-03    0.38300E-06    0.14645E-02    0.37681E-06    0.55171E-03    0.14134E-02    0.30345E-01    0.18011E-02    0.54121E-01    0.14529E-02    0.33218E-01    0.97872E-03    0.14438E-01    0.13689E-02    0.33912E-01    0.10142E-02    0.16209E-01    0.66386E-06    0.11490E-05    0.69081E-06    0.66386E-06    0.00000E+00    0.11490E-05    0.00000E+00    0.69081E-06    0.00000E+00    0.11523E-02    0.00000E+00    0.15159E-02    0.00000E+00    0.11754E-02    0.00000E+00    0.74691E-03    0.00000E+00    0.11838E-02    0.00000E+00    0.77119E-03    0.00000E+00    0.10625E-05    0.21968E-05    0.12138E-05    0.00000E+00    0.10625E-02    0.00000E+00    0.21968E-02    0.00000E+00    0.12138E-02    0.16952E-02    0.46098E-01    0.19279E-02    0.66284E-01    0.17280E-02    0.49270E-01    0.12818E-02    0.33319E-01    0.14614E-02    0.50867E-01    0.13058E-02    0.35659E-01
9800  0    0.80375E-06    0.17868E-05    0.89312E-06    0.36205E-06    0.44170E-03    0.36267E-06    0.14242E-02    0.36211E-06    0.53101E-03    0.13808E-02    0.29722E-01    0.17508E-02    0.53370E-01    0.14184E-02    0.32589E-01    0.95701E-03    0.14238E-01    0.13308E-02    0.33434E-01    0.99099E-03    0.15983E-01    0.63892E-06    0.10880E-05    0.66387E-06    0.63892E-06    0.00000E+00    0.10880E-05    0.00000E+00    0.66387E-06    0.00000E+00    0.11304E-02    0.00000E+00    0.14751E-02    0.00000E+00    0.11523E-02    0.00000E+00    0.73167E-03    0.00000E+00    0.11535E-02    0.00000E+00    0.75510E-03    0.00000E+00    0.10193E-05    0.21362E-05    0.11682E-05    0.00000E+00    0.10193E-02    0.00000E+00    0.21362E-02    0.00000E+00    0.11682E-02    0.16519E-02    0.45151E-01    0.18735E-02    0.65364E-01    0.16831E-02    0.48337E-01    0.12517E-02    0.32856E-01    0.14194E-02    0.50150E-01    0.12741E-02    0.35162E-01
9900  0    0.77337E-06    0.17284E-05    0.86019E-06    0.34912E-06    0.42425E-03    0.34235E-06    0.13861E-02    0.34850E-06    0.51169E-03    0.13509E-02    0.29129E-01    0.17024E-02    0.52652E-01    0.13865E-02    0.31990E-01    0.93640E-03    0.14051E-01    0.12910E-02    0.32951E-01    0.96863E-03    0.15770E-01    0.61609E-06    0.10270E-05    0.63892E-06    0.61609E-06    0.00000E+00    0.10270E-05    0.00000E+00    0.63892E-06    0.00000E+00    0.11100E-02    0.00000E+00    0.14332E-02    0.00000E+00    0.11304E-02    0.00000E+00    0.71855E-03    0.00000E+00    0.11237E-02    0.00000E+00    0.74106E-03    0.00000E+00    0.97904E-06    0.20791E-05    0.11257E-05    0.00000E+00    0.97904E-03    0.00000E+00    0.20791E-02    0.00000E+00    0.11257E-02    0.16124E-02    0.44250E-01    0.18222E-02    0.64485E-01    0.16420E-02    0.47449E-01    0.12213E-02    0.32426E-01    0.13746E-02    0.49427E-01    0.12417E-02    0.34693E-01
10000  0    0.74606E-06    0.16753E-05    0.83054E-06    0.33754E-06    0.40852E-03    0.32642E-06    0.13489E-02    0.33653E-06    0.49401E-03    0.13226E-02    0.28584E-01    0.16610E-02    0.51940E-01    0.13569E-02    0.31433E-01    0.91842E-03    0.13883E-01    0.12606E-02    0.32478E-01    0.94953E-03    0.15573E-01    0.59566E-06    0.97925E-06    0.61697E-06    0.59566E-06    0.00000E+00    0.97925E-06    0.00000E+00    0.61697E-06    0.00000E+00    0.10915E-02    0.00000E+00    0.13995E-02    0.00000E+00    0.11108E-02    0.00000E+00    0.70673E-03    0.00000E+00    0.10966E-02    0.00000E+00    0.72839E-03    0.00000E+00    0.94274E-06    0.20233E-05    0.10868E-05    0.00000E+00    0.94274E-03    0.00000E+00    0.20233E-02    0.00000E+00    0.10868E-02    0.15744E-02    0.43422E-01    0.17775E-02    0.63614E-01    0.16030E-02    0.46622E-01    0.11952E-02    0.32037E-01    0.13426E-02    0.48717E-01    0.12149E-02    0.34261E-01
10100  0    0.72107E-06    0.16245E-05    0.80320E-06    0.32710E-06    0.39397E-03    0.30919E-06    0.13154E-02    0.32548E-06    0.47773E-03    0.12976E-02    0.28070E-01    0.16177E-02    0.51290E-01    0.13299E-02    0.30910E-01    0.89924E-03    0.13718E-01    0.12198E-02    0.32015E-01    0.92838E-03    0.15382E-01    0.57724E-06    0.92757E-06    0.59671E-06    0.57724E-06    0.00000E+00    0.92757E-06    0.00000E+00    0.59671E-06    0.00000E+00    0.10745E-02    0.00000E+00    0.13620E-02    0.00000E+00    0.10924E-02    0.00000E+00    0.69558E-03    0.00000E+00    0.10725E-02    0.00000E+00    0.71652E-03    0.00000E+00    0.90915E-06    0.19730E-05    0.10510E-05    0.00000E+00    0.90915E-03    0.00000E+00    0.19730E-02    0.00000E+00    0.10510E-02    0.15414E-02    0.42642E-01    0.17315E-02    0.62818E-01    0.15681E-02    0.45848E-01    0.11656E-02    0.31658E-01    0.12934E-02    0.48023E-01    0.11826E-02    0.33840E-01
10200  0    0.69770E-06    0.15767E-05    0.77761E-06    0.31743E-06    0.38027E-03    0.29533E-06    0.12814E-02    0.31542E-06    0.46219E-03    0.12736E-02    0.27578E-01    0.15817E-02    0.50624E-01    0.13046E-02    0.30404E-01    0.88178E-03    0.13552E-01    0.11896E-02    0.31553E-01    0.90976E-03    0.15188E-01    0.56017E-06    0.88598E-06    0.57827E-06    0.56017E-06    0.00000E+00    0.88598E-06    0.00000E+00    0.57827E-06    0.00000E+00    0.10585E-02    0.00000E+00    0.13312E-02    0.00000E+00    0.10754E-02    0.00000E+00    0.68482E-03    0.00000E+00    0.10545E-02    0.00000E+00    0.70535E-03    0.00000E+00    0.87755E-06    0.19221E-05    0.10168E-05    0.00000E+00    0.87755E-03    0.00000E+00    0.19221E-02    0.00000E+00    0.10168E-02    0.15093E-02    0.41894E-01    0.16931E-02    0.62002E-01    0.15351E-02    0.45096E-01    0.11393E-02    0.31273E-01    0.12572E-02    0.47329E-01    0.11551E-02    0.33414E-01
10300  0    0.70022E-06    0.15514E-05    0.77760E-06    0.33112E-06    0.36910E-03    0.31380E-06    0.12376E-02    0.32954E-06    0.44806E-03    0.12679E-02    0.27170E-01    0.16146E-02    0.49751E-01    0.13033E-02    0.29935E-01    0.91150E-03    0.13413E-01    0.12799E-02    0.31142E-01    0.94499E-03    0.15025E-01    0.58433E-06    0.94141E-06    0.60416E-06    0.58433E-06    0.00000E+00    0.94141E-06    0.00000E+00    0.60416E-06    0.00000E+00    0.10810E-02    0.00000E+00    0.13722E-02    0.00000E+00    0.10992E-02    0.00000E+00    0.72003E-03    0.00000E+00    0.10988E-02    0.00000E+00    0.74108E-03    0.00000E+00    0.85178E-06    0.18564E-05    0.98572E-06    0.00000E+00    0.85178E-03    0.00000E+00    0.18564E-02    0.00000E+00    0.98572E-03    0.14771E-02    0.41274E-01    0.17231E-02    0.60932E-01    0.15122E-02    0.44401E-01    0.11619E-02    0.30953E-01    0.13704E-02    0.46713E-01    0.11897E-02    0.33055E-01
10400  0    0.65635E-06    0.14885E-05    0.73200E-06    0.30064E-06    0.35570E-03    0.27247E-06    0.12160E-02    0.29808E-06    0.43392E-03    0.12300E-02    0.26672E-01    0.15182E-02    0.49316E-01    0.12590E-02    0.29459E-01    0.85002E-03    0.13216E-01    0.11354E-02    0.30639E-01    0.87597E-03    0.14800E-01    0.53055E-06    0.81741E-06    0.54648E-06    0.53055E-06    0.00000E+00    0.81741E-06    0.00000E+00    0.54648E-06    0.00000E+00    0.10301E-02    0.00000E+00    0.12786E-02    0.00000E+00    0.10455E-02    0.00000E+00    0.66653E-03    0.00000E+00    0.10229E-02    0.00000E+00    0.68633E-03    0.00000E+00    0.82085E-06    0.18241E-05    0.95461E-06    0.00000E+00    0.82085E-03    0.00000E+00    0.18241E-02    0.00000E+00    0.95461E-03    0.14505E-02    0.40518E-01    0.16248E-02    0.60400E-01    0.14749E-02    0.43695E-01    0.10900E-02    0.30498E-01    0.11917E-02    0.45959E-01    0.11035E-02    0.32559E-01
10500  0    0.63758E-06    0.14474E-05    0.71120E-06    0.29320E-06    0.34438E-03    0.26325E-06    0.11841E-02    0.29048E-06    0.42072E-03    0.12101E-02    0.26244E-01    0.14910E-02    0.48664E-01    0.12383E-02    0.29007E-01    0.83520E-03    0.13044E-01    0.11122E-02    0.30188E-01    0.86038E-03    0.14603E-01    0.51742E-06    0.78976E-06    0.53255E-06    0.51742E-06    0.00000E+00    0.78976E-06    0.00000E+00    0.53255E-06    0.00000E+00    0.10173E-02    0.00000E+00    0.12568E-02    0.00000E+00    0.10320E-02    0.00000E+00    0.65796E-03    0.00000E+00    0.10097E-02    0.00000E+00    0.67750E-03    0.00000E+00    0.79472E-06    0.17762E-05    0.92558E-06    0.00000E+00    0.79472E-03    0.00000E+00    0.17762E-02    0.00000E+00    0.92558E-03    0.14233E-02    0.39868E-01    0.15953E-02    0.59602E-01    0.14474E-02    0.43025E-01    0.10670E-02    0.30102E-01    0.11634E-02    0.45283E-01    0.10798E-02    0.32126E-01
10600  0    0.62093E-06    0.14053E-05    0.69224E-06    0.28787E-06    0.33306E-03    0.25104E-06    0.11543E-02    0.28452E-06    0.40772E-03    0.11970E-02    0.25809E-01    0.14587E-02    0.48047E-01    0.12231E-02    0.28556E-01    0.81971E-03    0.12861E-01    0.10714E-02    0.29714E-01    0.84260E-03    0.14393E-01    0.50801E-06    0.75313E-06    0.52163E-06    0.50801E-06    0.00000E+00    0.75313E-06    0.00000E+00    0.52163E-06    0.00000E+00    0.10080E-02    0.00000E+00    0.12273E-02    0.00000E+00    0.10214E-02    0.00000E+00    0.65265E-03    0.00000E+00    0.98269E-03    0.00000E+00    0.67098E-03    0.00000E+00    0.76861E-06    0.17314E-05    0.89698E-06    0.00000E+00    0.76861E-03    0.00000E+00    0.17314E-02    0.00000E+00    0.89698E-03    0.14064E-02    0.39207E-01    0.15615E-02    0.58845E-01    0.14281E-02    0.42355E-01    0.10382E-02    0.29679E-01    0.11158E-02    0.44572E-01    0.10485E-02    0.31665E-01
10700  0    0.60317E-06    0.13684E-05    0.67274E-06    0.27973E-06    0.32344E-03    0.24812E-06    0.11203E-02    0.27686E-06    0.39589E-03    0.11723E-02    0.25434E-01    0.14432E-02    0.47336E-01    0.11995E-02    0.28138E-01    0.80826E-03    0.12709E-01    0.10746E-02    0.29279E-01    0.83247E-03    0.14215E-01    0.49364E-06    0.74435E-06    0.50757E-06    0.49364E-06    0.00000E+00    0.74435E-06    0.00000E+00    0.50757E-06    0.00000E+00    0.99362E-03    0.00000E+00    0.12201E-02    0.00000E+00    0.10075E-02    0.00000E+00    0.64276E-03    0.00000E+00    0.98841E-03    0.00000E+00    0.66196E-03    0.00000E+00    0.74641E-06    0.16805E-05    0.87095E-06    0.00000E+00    0.74641E-03    0.00000E+00    0.16805E-02    0.00000E+00    0.87095E-03    0.13713E-02    0.38637E-01    0.15427E-02    0.57974E-01    0.13954E-02    0.41736E-01    0.10247E-02    0.29328E-01    0.11177E-02    0.43918E-01    0.10371E-02    0.31273E-01
10800  0    0.58744E-06    0.13314E-05    0.65507E-06    0.27378E-06    0.31365E-03    0.24138E-06    0.10900E-02    0.27084E-06    0.38423E-03    0.11561E-02    0.25046E-01    0.14201E-02    0.46691E-01    0.11825E-02    0.27721E-01    0.79451E-03    0.12558E-01    0.10508E-02    0.28830E-01    0.81781E-03    0.14038E-01    0.48315E-06    0.72413E-06    0.49654E-06    0.48315E-06    0.00000E+00    0.72413E-06    0.00000E+00    0.49654E-06    0.00000E+00    0.98300E-03    0.00000E+00    0.12034E-02    0.00000E+00    0.99653E-03    0.00000E+00    0.63514E-03    0.00000E+00    0.97610E-03    0.00000E+00    0.65408E-03    0.00000E+00    0.72381E-06    0.16350E-05    0.84531E-06    0.00000E+00    0.72381E-03    0.00000E+00    0.16350E-02    0.00000E+00    0.84531E-03    0.13493E-02    0.38048E-01    0.15169E-02    0.57184E-01    0.13729E-02    0.41117E-01    0.10029E-02    0.28981E-01    0.10881E-02    0.43245E-01    0.10143E-02    0.30883E-01
10900  0    0.57209E-06    0.12944E-05    0.63776E-06    0.26796E-06    0.30414E-03    0.23574E-06    0.10587E-02    0.26503E-06    0.37273E-03    0.11396E-02    0.24663E-01    0.13998E-02    0.46015E-01    0.11657E-02    0.27303E-01    0.78172E-03    0.12405E-01    0.10329E-02    0.28370E-01    0.80456E-03    0.13857E-01    0.47287E-06    0.70723E-06    0.48589E-06    0.47287E-06    0.00000E+00    0.70723E-06    0.00000E+00    0.48589E-06    0.00000E+00    0.97249E-03    0.00000E+00    0.11893E-02    0.00000E+00    0.98579E-03    0.00000E+00    0.62775E-03    0.00000E+00    0.96687E-03    0.00000E+00    0.64659E-03    0.00000E+00    0.70185E-06    0.15880E-05    0.82001E-06    0.00000E+00    0.70185E-03    0.00000E+00    0.15880E-02    0.00000E+00    0.82001E-03    0.13268E-02    0.37466E-01    0.14939E-02    0.56356E-01    0.13503E-02    0.40497E-01    0.98307E-03    0.28628E-01    0.10660E-02    0.42556E-01    0.99412E-03    0.30485E-01
11000  1    0.77513E-06    0.13521E-05    0.82758E-06    0.48230E-06    0.29283E-03    0.29433E-06    0.10578E-02    0.46522E-06    0.36237E-03    0.14521E-02    0.24200E-01    0.15673E-02    0.45995E-01    0.14629E-02    0.26921E-01    0.11087E-02    0.12132E-01    0.12061E-02    0.27967E-01    0.11176E-02    0.13571E-01    0.85112E-06    0.88299E-06    0.85289E-06    0.85112E-06    0.00000E+00    0.88299E-06    0.00000E+00    0.85289E-06    0.00000E+00    0.13047E-02    0.00000E+00    0.13289E-02    0.00000E+00    0.13061E-02    0.00000E+00    0.10304E-02    0.00000E+00    0.11265E-02    0.00000E+00    0.10357E-02    0.00000E+00    0.67576E-06    0.15866E-05    0.79721E-06    0.00000E+00    0.67576E-03    0.00000E+00    0.15866E-02    0.00000E+00    0.79721E-03    0.16247E-02    0.36763E-01    0.16738E-02    0.56332E-01    0.16314E-02    0.39930E-01    0.12112E-02    0.27997E-01    0.12459E-02    0.41951E-01    0.12158E-02    0.29857E-01
11100  0    0.54342E-06    0.12222E-05    0.60513E-06    0.25706E-06    0.28636E-03    0.22631E-06    0.99594E-03    0.25426E-06    0.35086E-03    0.11083E-02    0.23931E-01    0.13622E-02    0.44630E-01    0.11337E-02    0.26490E-01    0.75800E-03    0.12096E-01    0.10065E-02    0.27478E-01    0.78059E-03    0.13494E-01    0.45363E-06    0.67894E-06    0.46615E-06    0.45363E-06    0.00000E+00    0.67894E-06    0.00000E+00    0.46615E-06    0.00000E+00    0.95251E-03    0.00000E+00    0.11653E-02    0.00000E+00    0.96556E-03    0.00000E+00    0.61379E-03    0.00000E+00    0.95140E-03    0.00000E+00    0.63255E-03    0.00000E+00    0.66083E-06    0.14939E-05    0.77190E-06    0.00000E+00    0.66083E-03    0.00000E+00    0.14939E-02    0.00000E+00    0.77190E-03    0.12838E-02    0.36355E-01    0.14507E-02    0.54661E-01    0.13073E-02    0.39291E-01    0.94658E-03    0.27913E-01    0.10340E-02    0.41217E-01    0.95823E-03    0.29687E-01
11200  0    0.52992E-06    0.11876E-05    0.58971E-06    0.25202E-06    0.27790E-03    0.22246E-06    0.96519E-03    0.24933E-06    0.34039E-03    0.10940E-02    0.23576E-01    0.13447E-02    0.43936E-01    0.11192E-02    0.26092E-01    0.74620E-03    0.11937E-01    0.99158E-03    0.27076E-01    0.76850E-03    0.13313E-01    0.44473E-06    0.66737E-06    0.45710E-06    0.44473E-06    0.00000E+00    0.66737E-06    0.00000E+00    0.45710E-06    0.00000E+00    0.94311E-03    0.00000E+00    0.11553E-02    0.00000E+00    0.95614E-03    0.00000E+00    0.60681E-03    0.00000E+00    0.94380E-03    0.00000E+00    0.62553E-03    0.00000E+00    0.64132E-06    0.14478E-05    0.74885E-06    0.00000E+00    0.64132E-03    0.00000E+00    0.14478E-02    0.00000E+00    0.74885E-03    0.12645E-02    0.35814E-01    0.14300E-02    0.53811E-01    0.12878E-02    0.38700E-01    0.92847E-03    0.27546E-01    0.10155E-02    0.40614E-01    0.94007E-03    0.29289E-01
11300  0    0.51653E-06    0.11525E-05    0.57434E-06    0.24693E-06    0.26959E-03    0.21902E-06    0.93349E-03    0.24440E-06    0.32995E-03    0.10798E-02    0.23220E-01    0.13280E-02    0.43209E-01    0.11046E-02    0.25688E-01    0.73498E-03    0.11775E-01    0.97852E-03    0.26652E-01    0.75712E-03    0.13127E-01    0.43577E-06    0.65705E-06    0.44806E-06    0.43577E-06    0.00000E+00    0.65705E-06    0.00000E+00    0.44806E-06    0.00000E+00    0.93356E-03    0.00000E+00    0.11463E-02    0.00000E+00    0.94664E-03    0.00000E+00    0.59991E-03    0.00000E+00    0.93730E-03    0.00000E+00    0.61865E-03    0.00000E+00    0.62214E-06    0.14002E-05    0.72588E-06    0.00000E+00    0.62214E-03    0.00000E+00    0.14002E-02    0.00000E+00    0.72588E-03    0.12453E-02    0.35274E-01    0.14101E-02    0.52920E-01    0.12685E-02    0.38102E-01    0.91162E-03    0.27172E-01    0.99914E-03    0.39979E-01    0.92329E-03    0.28880E-01
11400  0    0.50853E-06    0.11271E-05    0.56477E-06    0.24592E-06    0.26261E-03    0.22892E-06    0.89820E-03    0.24438E-06    0.32039E-03    0.10642E-02    0.22918E-01    0.13401E-02    0.42384E-01    0.10922E-02    0.25314E-01    0.73889E-03    0.11642E-01    0.10290E-02    0.26246E-01    0.76527E-03    0.12969E-01    0.43398E-06    0.68676E-06    0.44803E-06    0.43398E-06    0.00000E+00    0.68676E-06    0.00000E+00    0.44803E-06    0.00000E+00    0.93165E-03    0.00000E+00    0.11720E-02    0.00000E+00    0.94660E-03    0.00000E+00    0.60305E-03    0.00000E+00    0.94953E-03    0.00000E+00    0.62230E-03    0.00000E+00    0.60602E-06    0.13473E-05    0.70486E-06    0.00000E+00    0.60602E-03    0.00000E+00    0.13473E-02    0.00000E+00    0.70486E-03    0.12160E-02    0.34814E-01    0.14167E-02    0.51910E-01    0.12446E-02    0.37546E-01    0.91654E-03    0.26865E-01    0.10687E-02    0.39369E-01    0.93683E-03    0.28532E-01
11500  0    0.49129E-06    0.10836E-05    0.54513E-06    0.23723E-06    0.25406E-03    0.21305E-06    0.87050E-03    0.23503E-06    0.31010E-03    0.10529E-02    0.22541E-01    0.12964E-02    0.41725E-01    0.10773E-02    0.24904E-01    0.71424E-03    0.11454E-01    0.95284E-03    0.25806E-01    0.73593E-03    0.12759E-01    0.41864E-06    0.63916E-06    0.43089E-06    0.41864E-06    0.00000E+00    0.63916E-06    0.00000E+00    0.43089E-06    0.00000E+00    0.91503E-03    0.00000E+00    0.11306E-02    0.00000E+00    0.92832E-03    0.00000E+00    0.58719E-03    0.00000E+00    0.92513E-03    0.00000E+00    0.60596E-03    0.00000E+00    0.58628E-06    0.13058E-05    0.68221E-06    0.00000E+00    0.58628E-03    0.00000E+00    0.13058E-02    0.00000E+00    0.68221E-03    0.12096E-02    0.34243E-01    0.13718E-02    0.51103E-01    0.12325E-02    0.36938E-01    0.88038E-03    0.26433E-01    0.96670E-03    0.38709E-01    0.89189E-03    0.28070E-01
11600  0    0.47916E-06    0.10503E-05    0.53108E-06    0.23255E-06    0.24661E-03    0.21105E-06    0.83922E-03    0.23059E-06    0.30049E-03    0.10397E-02    0.22209E-01    0.12820E-02    0.40969E-01    0.10640E-02    0.24515E-01    0.70445E-03    0.11295E-01    0.94218E-03    0.25385E-01    0.72606E-03    0.12576E-01    0.41038E-06    0.63316E-06    0.42275E-06    0.41038E-06    0.00000E+00    0.63316E-06    0.00000E+00    0.42275E-06    0.00000E+00    0.90595E-03    0.00000E+00    0.11253E-02    0.00000E+00    0.91951E-03    0.00000E+00    0.58076E-03    0.00000E+00    0.92081E-03    0.00000E+00    0.59966E-03    0.00000E+00    0.56911E-06    0.12588E-05    0.66107E-06    0.00000E+00    0.56911E-03    0.00000E+00    0.12588E-02    0.00000E+00    0.66107E-03    0.11923E-02    0.33738E-01    0.13535E-02    0.50176E-01    0.12150E-02    0.36361E-01    0.86620E-03    0.26065E-01    0.95286E-03    0.38078E-01    0.87775E-03    0.27667E-01
11700  0    0.46893E-06    0.10024E-05    0.51743E-06    0.23030E-06    0.23863E-03    0.19323E-06    0.80919E-03    0.22693E-06    0.29050E-03    0.10269E-02    0.21846E-01    0.12392E-02    0.40229E-01    0.10480E-02    0.24104E-01    0.70025E-03    0.11121E-01    0.91918E-03    0.24960E-01    0.72015E-03    0.12379E-01    0.40641E-06    0.57969E-06    0.41604E-06    0.40641E-06    0.00000E+00    0.57969E-06    0.00000E+00    0.41604E-06    0.00000E+00    0.90157E-03    0.00000E+00    0.10767E-02    0.00000E+00    0.91218E-03    0.00000E+00    0.58775E-03    0.00000E+00    0.92480E-03    0.00000E+00    0.60647E-03    0.00000E+00    0.55068E-06    0.12138E-05    0.63909E-06    0.00000E+00    0.55068E-03    0.00000E+00    0.12138E-02    0.00000E+00    0.63909E-03    0.11707E-02    0.33187E-01    0.13130E-02    0.49270E-01    0.11906E-02    0.35752E-01    0.84736E-03    0.25665E-01    0.91638E-03    0.37440E-01    0.85656E-03    0.27235E-01
11800  0    0.45802E-06    0.98264E-06    0.50571E-06    0.22650E-06    0.23152E-03    0.19912E-06    0.78352E-03    0.22401E-06    0.28170E-03    0.10231E-02    0.21518E-01    0.12369E-02    0.39586E-01    0.10443E-02    0.23736E-01    0.68958E-03    0.10947E-01    0.89153E-03    0.24567E-01    0.70794E-03    0.12185E-01    0.39971E-06    0.59735E-06    0.41069E-06    0.39971E-06    0.00000E+00    0.59735E-06    0.00000E+00    0.41069E-06    0.00000E+00    0.89410E-03    0.00000E+00    0.10930E-02    0.00000E+00    0.90630E-03    0.00000E+00    0.57535E-03    0.00000E+00    0.89589E-03    0.00000E+00    0.59316E-03    0.00000E+00    0.53427E-06    0.11753E-05    0.61974E-06    0.00000E+00    0.53427E-03    0.00000E+00    0.11753E-02    0.00000E+00    0.61974E-03    0.11705E-02    0.32689E-01    0.13030E-02    0.48483E-01    0.11890E-02    0.35206E-01    0.83895E-03    0.25262E-01    0.88934E-03    0.36851E-01    0.84567E-03    0.26808E-01
11900  0    0.45396E-06    0.97901E-06    0.50169E-06    0.22756E-06    0.22641E-03    0.22974E-06    0.74926E-03    0.22775E-06    0.27394E-03    0.10051E-02    0.21279E-01    0.12755E-02    0.38711E-01    0.10326E-02    0.23407E-01    0.69670E-03    0.10845E-01    0.99144E-03    0.24212E-01    0.72349E-03    0.12060E-01    0.40157E-06    0.68923E-06    0.41755E-06    0.40157E-06    0.00000E+00    0.68923E-06    0.00000E+00    0.41755E-06    0.00000E+00    0.89618E-03    0.00000E+00    0.11741E-02    0.00000E+00    0.91384E-03    0.00000E+00    0.57888E-03    0.00000E+00    0.94239E-03    0.00000E+00    0.59908E-03    0.00000E+00    0.52248E-06    0.11239E-05    0.60267E-06    0.00000E+00    0.52248E-03    0.00000E+00    0.11239E-02    0.00000E+00    0.60267E-03    0.11318E-02    0.32326E-01    0.13233E-02    0.47411E-01    0.11592E-02    0.34718E-01    0.85077E-03    0.25027E-01    0.10160E-02    0.36318E-01    0.87280E-03    0.26533E-01
12000  0    0.43390E-06    0.93119E-06    0.47911E-06    0.21534E-06    0.21856E-03    0.20452E-06    0.72667E-03    0.21436E-06    0.26475E-03    0.99134E-03    0.20908E-01    0.12188E-02    0.38123E-01    0.10141E-02    0.23011E-01    0.66769E-03    0.10637E-01    0.89096E-03    0.23802E-01    0.68799E-03    0.11834E-01    0.38001E-06    0.61357E-06    0.39299E-06    0.38001E-06    0.00000E+00    0.61357E-06    0.00000E+00    0.39299E-06    0.00000E+00    0.87179E-03    0.00000E+00    0.11078E-02    0.00000E+00    0.88655E-03    0.00000E+00    0.55729E-03    0.00000E+00    0.90173E-03    0.00000E+00    0.57642E-03    0.00000E+00    0.50438E-06    0.10900E-05    0.58246E-06    0.00000E+00    0.50438E-03    0.00000E+00    0.10900E-02    0.00000E+00    0.58246E-03    0.11287E-02    0.31761E-01    0.12707E-02    0.46691E-01    0.11487E-02    0.34131E-01    0.81207E-03    0.24547E-01    0.88557E-03    0.35702E-01    0.82187E-03    0.26035E-01
12100  1    0.48298E-06    0.96396E-06    0.52670E-06    0.26753E-06    0.21545E-03    0.27437E-06    0.68959E-03    0.26815E-06    0.25855E-03    0.10447E-02    0.20758E-01    0.13526E-02    0.37137E-01    0.10763E-02    0.22740E-01    0.75969E-03    0.10583E-01    0.11113E-02    0.23461E-01    0.79165E-03    0.11754E-01    0.47211E-06    0.82311E-06    0.49161E-06    0.47211E-06    0.00000E+00    0.82311E-06    0.00000E+00    0.49161E-06    0.00000E+00    0.97171E-03    0.00000E+00    0.12831E-02    0.00000E+00    0.99158E-03    0.00000E+00    0.65611E-03    0.00000E+00    0.10066E-02    0.00000E+00    0.67558E-03    0.00000E+00    0.49719E-06    0.10344E-05    0.56881E-06    0.00000E+00    0.49719E-03    0.00000E+00    0.10344E-02    0.00000E+00    0.56881E-03    0.11331E-02    0.31534E-01    0.13861E-02    0.45484E-01    0.11700E-02    0.33729E-01    0.89513E-03    0.24423E-01    0.11637E-02    0.35191E-01    0.93094E-03    0.25859E-01
12200  2    0.62310E-06    0.10193E-05    0.65912E-06    0.41048E-06    0.21262E-03    0.36255E-06    0.65676E-03    0.40612E-06    0.25300E-03    0.12246E-02    0.20621E-01    0.15520E-02    0.36243E-01    0.12579E-02    0.22494E-01    0.96088E-03    0.10505E-01    0.13827E-02    0.23110E-01    0.99922E-03    0.11651E-01    0.72438E-06    0.10876E-05    0.74456E-06    0.72438E-06    0.00000E+00    0.10876E-05    0.00000E+00    0.74456E-06    0.00000E+00    0.12036E-02    0.00000E+00    0.14749E-02    0.00000E+00    0.12203E-02    0.00000E+00    0.90253E-03    0.00000E+00    0.12830E-02    0.00000E+00    0.92367E-03    0.00000E+00    0.49066E-06    0.98514E-06    0.55660E-06    0.00000E+00    0.49066E-03    0.00000E+00    0.98514E-03    0.00000E+00    0.55660E-03    0.12514E-02    0.31326E-01    0.15891E-02    0.44388E-01    0.13015E-02    0.33365E-01    0.10372E-02    0.24243E-01    0.14325E-02    0.34665E-01    0.10899E-02    0.25633E-01
12300  0    0.40381E-06    0.86231E-06    0.44549E-06    0.20358E-06    0.20022E-03    0.21528E-06    0.64704E-03    0.20465E-06    0.24084E-03    0.96044E-03    0.20011E-01    0.12048E-02    0.35973E-01    0.98517E-03    0.21947E-01    0.65053E-03    0.10170E-01    0.87305E-03    0.22614E-01    0.67076E-03    0.11301E-01    0.35927E-06    0.64584E-06    0.37519E-06    0.35927E-06    0.00000E+00    0.64584E-06    0.00000E+00    0.37519E-06    0.00000E+00    0.84766E-03    0.00000E+00    0.11365E-02    0.00000E+00    0.86624E-03    0.00000E+00    0.54758E-03    0.00000E+00    0.88337E-03    0.00000E+00    0.56623E-03    0.00000E+00    0.46206E-06    0.97055E-06    0.52985E-06    0.00000E+00    0.46206E-03    0.00000E+00    0.97055E-03    0.00000E+00    0.52985E-03    0.10905E-02    0.30399E-01    0.12376E-02    0.44058E-01    0.11112E-02    0.32553E-01    0.78516E-03    0.23468E-01    0.86789E-03    0.33921E-01    0.79619E-03    0.24862E-01
12400  0    0.39736E-06    0.83959E-06    0.43756E-06    0.20257E-06    0.19479E-03    0.21932E-06    0.62027E-03    0.20410E-06    0.23347E-03    0.94727E-03    0.19738E-01    0.11999E-02    0.35221E-01    0.97295E-03    0.21609E-01    0.64413E-03    0.10035E-01    0.90463E-03    0.22221E-01    0.66781E-03    0.11143E-01    0.35748E-06    0.65796E-06    0.37418E-06    0.35748E-06    0.00000E+00    0.65796E-06    0.00000E+00    0.37418E-06    0.00000E+00    0.84556E-03    0.00000E+00    0.11471E-02    0.00000E+00    0.86507E-03    0.00000E+00    0.54057E-03    0.00000E+00    0.90508E-03    0.00000E+00    0.56082E-03    0.00000E+00    0.44950E-06    0.93040E-06    0.51362E-06    0.00000E+00    0.44950E-03    0.00000E+00    0.93040E-03    0.00000E+00    0.51362E-03    0.10657E-02    0.29983E-01    0.12254E-02    0.43137E-01    0.10884E-02    0.32051E-01    0.77955E-03    0.23157E-01    0.90441E-03    0.33331E-01    0.79620E-03    0.24514E-01
12500  0    0.38356E-06    0.79878E-06    0.42131E-06    0.19521E-06    0.18835E-03    0.20043E-06    0.59835E-03    0.19568E-06    0.22562E-03    0.93709E-03    0.19409E-01    0.11535E-02    0.34593E-01    0.95878E-03    0.21242E-01    0.62844E-03    0.98664E-02    0.84365E-03    0.21787E-01    0.64800E-03    0.10950E-01    0.34449E-06    0.60128E-06    0.35875E-06    0.34449E-06    0.00000E+00    0.60128E-06    0.00000E+00    0.35875E-06    0.00000E+00    0.83005E-03    0.00000E+00    0.10966E-02    0.00000E+00    0.84706E-03    0.00000E+00    0.52973E-03    0.00000E+00    0.88767E-03    0.00000E+00    0.54962E-03    0.00000E+00    0.43465E-06    0.89753E-06    0.49637E-06    0.00000E+00    0.43465E-03    0.00000E+00    0.89753E-03    0.00000E+00    0.49637E-03    0.10609E-02    0.29484E-01    0.11809E-02    0.42368E-01    0.10777E-02    0.31508E-01    0.75752E-03    0.22769E-01    0.82165E-03    0.32680E-01    0.76607E-03    0.24090E-01
12600  0    0.37751E-06    0.78895E-06    0.41492E-06    0.19409E-06    0.18342E-03    0.21623E-06    0.57272E-03    0.19611E-06    0.21881E-03    0.92729E-03    0.19153E-01    0.11716E-02    0.33844E-01    0.95209E-03    0.20919E-01    0.62754E-03    0.97380E-02    0.87749E-03    0.21408E-01    0.65027E-03    0.10799E-01    0.34252E-06    0.64870E-06    0.35953E-06    0.34252E-06    0.00000E+00    0.64870E-06    0.00000E+00    0.35953E-06    0.00000E+00    0.82767E-03    0.00000E+00    0.11390E-02    0.00000E+00    0.84797E-03    0.00000E+00    0.52847E-03    0.00000E+00    0.89696E-03    0.00000E+00    0.54894E-03    0.00000E+00    0.42327E-06    0.85908E-06    0.48138E-06    0.00000E+00    0.42327E-03    0.00000E+00    0.85908E-03    0.00000E+00    0.48138E-03    0.10433E-02    0.29095E-01    0.11875E-02    0.41451E-01    0.10637E-02    0.31028E-01    0.75710E-03    0.22472E-01    0.86776E-03    0.32112E-01    0.77186E-03    0.23758E-01
12700  0    0.36524E-06    0.75320E-06    0.40051E-06    0.18766E-06    0.17758E-03    0.20115E-06    0.55205E-03    0.18888E-06    0.21162E-03    0.91760E-03    0.18846E-01    0.11336E-02    0.33228E-01    0.93929E-03    0.20573E-01    0.61494E-03    0.95781E-02    0.82966E-03    0.20995E-01    0.63446E-03    0.10616E-01    0.33116E-06    0.60346E-06    0.34629E-06    0.33116E-06    0.00000E+00    0.60346E-06    0.00000E+00    0.34629E-06    0.00000E+00    0.81383E-03    0.00000E+00    0.10986E-02    0.00000E+00    0.83221E-03    0.00000E+00    0.51920E-03    0.00000E+00    0.88086E-03    0.00000E+00    0.53929E-03    0.00000E+00    0.40980E-06    0.82807E-06    0.46557E-06    0.00000E+00    0.40980E-03    0.00000E+00    0.82807E-03    0.00000E+00    0.46557E-03    0.10378E-02    0.28629E-01    0.11508E-02    0.40696E-01    0.10535E-02    0.30515E-01    0.74015E-03    0.22103E-01    0.80406E-03    0.31493E-01    0.74867E-03    0.23355E-01
12800  0    0.36094E-06    0.73873E-06    0.39529E-06    0.18800E-06    0.17295E-03    0.21181E-06    0.52692E-03    0.19016E-06    0.20513E-03    0.90814E-03    0.18598E-01    0.11455E-02    0.32463E-01    0.93223E-03    0.20255E-01    0.61577E-03    0.94517E-02    0.86486E-03    0.20597E-01    0.63842E-03    0.10465E-01    0.33176E-06    0.63544E-06    0.34863E-06    0.33176E-06    0.00000E+00    0.63544E-06    0.00000E+00    0.34863E-06    0.00000E+00    0.81456E-03    0.00000E+00    0.11273E-02    0.00000E+00    0.83502E-03    0.00000E+00    0.52255E-03    0.00000E+00    0.89458E-03    0.00000E+00    0.54322E-03    0.00000E+00    0.39911E-06    0.79038E-06    0.45128E-06    0.00000E+00    0.39911E-03    0.00000E+00    0.79038E-03    0.00000E+00    0.45128E-03    0.10176E-02    0.28253E-01    0.11545E-02    0.39759E-01    0.10369E-02    0.30043E-01    0.73768E-03    0.21812E-01    0.85000E-03    0.30895E-01    0.75265E-03    0.23023E-01
12900  0    0.34847E-06    0.69902E-06    0.38033E-06    0.18117E-06    0.16730E-03    0.19183E-06    0.50718E-03    0.18214E-06    0.19820E-03    0.89948E-03    0.18292E-01    0.10935E-02    0.31849E-01    0.91881E-03    0.19910E-01    0.60279E-03    0.92979E-02    0.81359E-03    0.20144E-01    0.62195E-03    0.10284E-01    0.31971E-06    0.57550E-06    0.33392E-06    0.31971E-06    0.00000E+00    0.57550E-06    0.00000E+00    0.33392E-06    0.00000E+00    0.79964E-03    0.00000E+00    0.10728E-02    0.00000E+00    0.81721E-03    0.00000E+00    0.51264E-03    0.00000E+00    0.88537E-03    0.00000E+00    0.53335E-03    0.00000E+00    0.38607E-06    0.76077E-06    0.43603E-06    0.00000E+00    0.38607E-03    0.00000E+00    0.76077E-03    0.00000E+00    0.43603E-03    0.10153E-02    0.27787E-01    0.11037E-02    0.39007E-01    0.10276E-02    0.29531E-01    0.72068E-03    0.21457E-01    0.77770E-03    0.30217E-01    0.72828E-03    0.22625E-01
13000  0    0.34259E-06    0.69252E-06    0.37440E-06    0.17955E-06    0.16303E-03    0.20817E-06    0.48434E-03    0.18216E-06    0.19224E-03    0.88974E-03    0.18057E-01    0.11202E-02    0.31124E-01    0.91310E-03    0.19608E-01    0.59998E-03    0.91724E-02    0.83863E-03    0.19772E-01    0.62167E-03    0.10136E-01    0.31686E-06    0.62451E-06    0.33395E-06    0.31686E-06    0.00000E+00    0.62451E-06    0.00000E+00    0.33395E-06    0.00000E+00    0.79607E-03    0.00000E+00    0.11176E-02    0.00000E+00    0.81726E-03    0.00000E+00    0.50944E-03    0.00000E+00    0.88188E-03    0.00000E+00    0.53013E-03    0.00000E+00    0.37623E-06    0.72652E-06    0.42293E-06    0.00000E+00    0.37623E-03    0.00000E+00    0.72652E-03    0.00000E+00    0.42293E-03    0.99906E-03    0.27431E-01    0.11215E-02    0.38119E-01    0.10162E-02    0.29084E-01    0.71837E-03    0.21167E-01    0.81700E-03    0.29658E-01    0.73152E-03    0.22299E-01
13100  0    0.33263E-06    0.65305E-06    0.36176E-06    0.17473E-06    0.15789E-03    0.18786E-06    0.46519E-03    0.17593E-06    0.18583E-03    0.88279E-03    0.17770E-01    0.10663E-02    0.30502E-01    0.90102E-03    0.19278E-01    0.59204E-03    0.90246E-02    0.80042E-03    0.19335E-01    0.61098E-03    0.99620E-02    0.30835E-06    0.56358E-06    0.32253E-06    0.30835E-06    0.00000E+00    0.56358E-06    0.00000E+00    0.32253E-06    0.00000E+00    0.78531E-03    0.00000E+00    0.10617E-02    0.00000E+00    0.80316E-03    0.00000E+00    0.50661E-03    0.00000E+00    0.88240E-03    0.00000E+00    0.52749E-03    0.00000E+00    0.36437E-06    0.69779E-06    0.40882E-06    0.00000E+00    0.36437E-03    0.00000E+00    0.69779E-03    0.00000E+00    0.40882E-03    0.99597E-03    0.26995E-01    0.10686E-02    0.37358E-01    0.10060E-02    0.28595E-01    0.70374E-03    0.20826E-01    0.75943E-03    0.29003E-01    0.71117E-03    0.21916E-01
13200  0    0.32354E-06    0.64286E-06    0.35257E-06    0.17012E-06    0.15342E-03    0.19665E-06    0.44620E-03    0.17253E-06    0.18004E-03    0.87722E-03    0.17517E-01    0.10815E-02    0.29873E-01    0.89770E-03    0.18976E-01    0.58512E-03    0.88817E-02    0.79243E-03    0.18972E-01    0.60396E-03    0.97990E-02    0.30021E-06    0.58996E-06    0.31630E-06    0.30021E-06    0.00000E+00    0.58996E-06    0.00000E+00    0.31630E-06    0.00000E+00    0.77486E-03    0.00000E+00    0.10862E-02    0.00000E+00    0.79536E-03    0.00000E+00    0.49498E-03    0.00000E+00    0.85462E-03    0.00000E+00    0.51496E-03    0.00000E+00    0.35405E-06    0.66930E-06    0.39609E-06    0.00000E+00    0.35405E-03    0.00000E+00    0.66930E-03    0.00000E+00    0.39609E-03    0.99530E-03    0.26610E-01    0.10791E-02    0.36587E-01    0.10069E-02    0.28146E-01    0.70299E-03    0.20496E-01    0.76134E-03    0.28458E-01    0.71077E-03    0.21558E-01
13300  0    0.31574E-06    0.62328E-06    0.34370E-06    0.16650E-06    0.14924E-03    0.19647E-06    0.42681E-03    0.16923E-06    0.17447E-03    0.86769E-03    0.17276E-01    0.10722E-02    0.29217E-01    0.88823E-03    0.18680E-01    0.57823E-03    0.87493E-02    0.78926E-03    0.18569E-01    0.59741E-03    0.96421E-02    0.29383E-06    0.58942E-06    0.31025E-06    0.29383E-06    0.00000E+00    0.58942E-06    0.00000E+00    0.31025E-06    0.00000E+00    0.76659E-03    0.00000E+00    0.10857E-02    0.00000E+00    0.78772E-03    0.00000E+00    0.48937E-03    0.00000E+00    0.85385E-03    0.00000E+00    0.50962E-03    0.00000E+00    0.34439E-06    0.64021E-06    0.38384E-06    0.00000E+00    0.34439E-03    0.00000E+00    0.64021E-03    0.00000E+00    0.38384E-03    0.98435E-03    0.26245E-01    0.10653E-02    0.35783E-01    0.99553E-03    0.27707E-01    0.69443E-03    0.20191E-01    0.75697E-03    0.27854E-01    0.70277E-03    0.21213E-01
13400  0    0.30927E-06    0.61628E-06    0.33718E-06    0.16412E-06    0.14516E-03    0.20884E-06    0.40744E-03    0.16818E-06    0.16900E-03    0.86345E-03    0.17039E-01    0.10931E-02    0.28546E-01    0.88679E-03    0.18385E-01    0.58204E-03    0.86129E-02    0.79843E-03    0.18161E-01    0.60171E-03    0.94809E-02    0.28962E-06    0.62653E-06    0.30834E-06    0.28962E-06    0.00000E+00    0.62653E-06    0.00000E+00    0.30834E-06    0.00000E+00    0.76108E-03    0.00000E+00    0.11194E-02    0.00000E+00    0.78528E-03    0.00000E+00    0.49392E-03    0.00000E+00    0.84098E-03    0.00000E+00    0.51320E-03    0.00000E+00    0.33498E-06    0.61116E-06    0.37180E-06    0.00000E+00    0.33498E-03    0.00000E+00    0.61116E-03    0.00000E+00    0.37180E-03    0.98133E-03    0.25883E-01    0.10798E-02    0.34962E-01    0.99502E-03    0.27269E-01    0.69727E-03    0.19876E-01    0.77715E-03    0.27241E-01    0.70792E-03    0.20858E-01
13500  0    0.32339E-06    0.57583E-06    0.34633E-06    0.18264E-06    0.14075E-03    0.18079E-06    0.39504E-03    0.18247E-06    0.16386E-03    0.90939E-03    0.16778E-01    0.10529E-02    0.28108E-01    0.92336E-03    0.18103E-01    0.61724E-03    0.85137E-02    0.78752E-03    0.17899E-01    0.63272E-03    0.93669E-02    0.32230E-06    0.54237E-06    0.33453E-06    0.32230E-06    0.00000E+00    0.54237E-06    0.00000E+00    0.33453E-06    0.00000E+00    0.80287E-03    0.00000E+00    0.10415E-02    0.00000E+00    0.81796E-03    0.00000E+00    0.53384E-03    0.00000E+00    0.85123E-03    0.00000E+00    0.55147E-03    0.00000E+00    0.32480E-06    0.59256E-06    0.36050E-06    0.00000E+00    0.32480E-03    0.00000E+00    0.59256E-03    0.00000E+00    0.36050E-03    0.10322E-02    0.25487E-01    0.10586E-02    0.34425E-01    0.10358E-02    0.26851E-01    0.72631E-03    0.19647E-01    0.75567E-03    0.26849E-01    0.73022E-03    0.20607E-01
13600  1    0.66759E-06    0.81670E-06    0.68114E-06    0.52367E-06    0.14391E-03    0.45812E-06    0.35858E-03    0.51771E-06    0.16343E-03    0.13454E-02    0.16965E-01    0.16559E-02    0.26780E-01    0.13766E-02    0.18079E-01    0.10995E-02    0.85309E-02    0.14928E-02    0.17350E-01    0.11353E-02    0.93326E-02    0.92413E-06    0.13743E-05    0.94914E-06    0.92413E-06    0.00000E+00    0.13743E-05    0.00000E+00    0.94914E-06    0.00000E+00    0.13595E-02    0.00000E+00    0.16579E-02    0.00000E+00    0.13778E-02    0.00000E+00    0.10956E-02    0.00000E+00    0.15207E-02    0.00000E+00    0.11192E-02    0.00000E+00    0.33211E-06    0.53787E-06    0.35954E-06    0.00000E+00    0.33211E-03    0.00000E+00    0.53787E-03    0.00000E+00    0.35954E-03    0.13268E-02    0.25772E-01    0.16549E-02    0.32799E-01    0.13751E-02    0.26816E-01    0.11047E-02    0.19687E-01    0.14788E-02    0.26025E-01    0.11545E-02    0.20532E-01
13700  0    0.28683E-06    0.55007E-06    0.31076E-06    0.15347E-06    0.13336E-03    0.19487E-06    0.35520E-03    0.15724E-06    0.15353E-03    0.83738E-03    0.16331E-01    0.10414E-02    0.26653E-01    0.85794E-03    0.17523E-01    0.55744E-03    0.82365E-02    0.77202E-03    0.16956E-01    0.57694E-03    0.90292E-02    0.27083E-06    0.58460E-06    0.28827E-06    0.27083E-06    0.00000E+00    0.58460E-06    0.00000E+00    0.28827E-06    0.00000E+00    0.73598E-03    0.00000E+00    0.10813E-02    0.00000E+00    0.75930E-03    0.00000E+00    0.47134E-03    0.00000E+00    0.83387E-03    0.00000E+00    0.49148E-03    0.00000E+00    0.30775E-06    0.53280E-06    0.33776E-06    0.00000E+00    0.30775E-03    0.00000E+00    0.53280E-03    0.00000E+00    0.33776E-03    0.95386E-03    0.24809E-01    0.10209E-02    0.32644E-01    0.96307E-03    0.25991E-01    0.67002E-03    0.19007E-01    0.74109E-03    0.25434E-01    0.67950E-03    0.19864E-01
13800  1    0.43036E-06    0.55413E-06    0.44161E-06    0.29959E-06    0.13077E-03    0.20142E-06    0.35271E-03    0.29067E-06    0.15095E-03    0.11174E-02    0.16172E-01    0.11868E-02    0.26560E-01    0.11239E-02    0.17375E-01    0.84740E-03    0.82808E-02    0.98566E-03    0.16932E-01    0.85997E-03    0.90673E-02    0.52869E-06    0.60426E-06    0.53289E-06    0.52869E-06    0.00000E+00    0.60426E-06    0.00000E+00    0.53289E-06    0.00000E+00    0.10283E-02    0.00000E+00    0.10993E-02    0.00000E+00    0.10324E-02    0.00000E+00    0.79464E-03    0.00000E+00    0.91760E-03    0.00000E+00    0.80147E-03    0.00000E+00    0.30178E-06    0.52906E-06    0.33208E-06    0.00000E+00    0.30178E-03    0.00000E+00    0.52906E-03    0.00000E+00    0.33208E-03    0.12241E-02    0.24567E-01    0.12282E-02    0.32529E-01    0.12247E-02    0.25771E-01    0.91639E-03    0.19109E-01    0.10197E-02    0.25398E-01    0.93017E-03    0.19948E-01
13900  0    0.29853E-06    0.54444E-06    0.32089E-06    0.17171E-06    0.12682E-03    0.22564E-06    0.31880E-03    0.17661E-06    0.14428E-03    0.85281E-03    0.15926E-01    0.10989E-02    0.25251E-01    0.87804E-03    0.16987E-01    0.59724E-03    0.79733E-02    0.84889E-03    0.16079E-01    0.62011E-03    0.87102E-02    0.30301E-06    0.67693E-06    0.32378E-06    0.30301E-06    0.00000E+00    0.67693E-06    0.00000E+00    0.32378E-06    0.00000E+00    0.77847E-03    0.00000E+00    0.11636E-02    0.00000E+00    0.80472E-03    0.00000E+00    0.51942E-03    0.00000E+00    0.87118E-03    0.00000E+00    0.53896E-03    0.00000E+00    0.29267E-06    0.47819E-06    0.31741E-06    0.00000E+00    0.29267E-03    0.00000E+00    0.47819E-03    0.00000E+00    0.31741E-03    0.94120E-03    0.24194E-01    0.10651E-02    0.30926E-01    0.95865E-03    0.25196E-01    0.69899E-03    0.18400E-01    0.83775E-03    0.24119E-01    0.71749E-03    0.19162E-01
14000  1    0.54291E-06    0.55199E-06    0.54373E-06    0.41859E-06    0.12432E-03    0.24194E-06    0.31005E-03    0.40253E-06    0.14121E-03    0.12345E-02    0.15768E-01    0.10654E-02    0.24902E-01    0.12201E-02    0.16805E-01    0.98304E-03    0.80630E-02    0.85783E-03    0.15826E-01    0.97166E-03    0.87687E-02    0.73868E-06    0.72582E-06    0.73797E-06    0.73868E-06    0.00000E+00    0.72582E-06    0.00000E+00    0.73797E-06    0.00000E+00    0.12155E-02    0.00000E+00    0.12048E-02    0.00000E+00    0.12149E-02    0.00000E+00    0.99071E-03    0.00000E+00    0.10751E-02    0.00000E+00    0.99540E-03    0.00000E+00    0.28690E-06    0.46507E-06    0.31066E-06    0.00000E+00    0.28690E-03    0.00000E+00    0.46507E-03    0.00000E+00    0.31066E-03    0.12591E-02    0.23954E-01    0.98834E-03    0.30498E-01    0.12264E-02    0.24926E-01    0.97302E-03    0.18607E-01    0.74919E-03    0.23739E-01    0.94318E-03    0.19291E-01
14100  0    0.26532E-06    0.47914E-06    0.28476E-06    0.14556E-06    0.11976E-03    0.18681E-06    0.29232E-03    0.14931E-06    0.13545E-03    0.80831E-03    0.15477E-01    0.99285E-03    0.24180E-01    0.82679E-03    0.16459E-01    0.54875E-03    0.78128E-02    0.76488E-03    0.15444E-01    0.56840E-03    0.85066E-02    0.25687E-06    0.56044E-06    0.27373E-06    0.25687E-06    0.00000E+00    0.56044E-06    0.00000E+00    0.27373E-06    0.00000E+00    0.71676E-03    0.00000E+00    0.10587E-02    0.00000E+00    0.73991E-03    0.00000E+00    0.47379E-03    0.00000E+00    0.85235E-03    0.00000E+00    0.49482E-03    0.00000E+00    0.27638E-06    0.43849E-06    0.29799E-06    0.00000E+00    0.27638E-03    0.00000E+00    0.43849E-03    0.00000E+00    0.29799E-03    0.91430E-03    0.23511E-01    0.95821E-03    0.29614E-01    0.92027E-03    0.24413E-01    0.64677E-03    0.18030E-01    0.72115E-03    0.23165E-01    0.65669E-03    0.18714E-01
14200  1    0.34094E-06    0.63078E-06    0.36729E-06    0.22344E-06    0.11751E-03    0.35201E-06    0.27877E-03    0.23513E-06    0.13217E-03    0.97603E-03    0.15330E-01    0.13389E-02    0.23612E-01    0.10144E-02    0.16258E-01    0.74616E-03    0.76426E-02    0.10609E-02    0.15096E-01    0.77477E-03    0.83202E-02    0.39430E-06    0.10560E-05    0.43106E-06    0.39430E-06    0.00000E+00    0.10560E-05    0.00000E+00    0.43106E-06    0.00000E+00    0.88803E-03    0.00000E+00    0.14533E-02    0.00000E+00    0.92851E-03    0.00000E+00    0.67859E-03    0.00000E+00    0.10645E-02    0.00000E+00    0.70003E-03    0.00000E+00    0.27117E-06    0.41816E-06    0.29076E-06    0.00000E+00    0.27117E-03    0.00000E+00    0.41816E-03    0.00000E+00    0.29076E-03    0.10803E-02    0.23288E-01    0.12779E-02    0.28919E-01    0.11087E-02    0.24115E-01    0.83451E-03    0.17637E-01    0.10591E-02    0.22644E-01    0.86445E-03    0.18304E-01
14300  0    0.25269E-06    0.46865E-06    0.27232E-06    0.13896E-06    0.11373E-03    0.20039E-06    0.26826E-03    0.14454E-06    0.12778E-03    0.81018E-03    0.15082E-01    0.10278E-02    0.23163E-01    0.83231E-03    0.15986E-01    0.55019E-03    0.76291E-02    0.77560E-03    0.14825E-01    0.57068E-03    0.82832E-02    0.24522E-06    0.60118E-06    0.26500E-06    0.24522E-06    0.00000E+00    0.60118E-06    0.00000E+00    0.26500E-06    0.00000E+00    0.70031E-03    0.00000E+00    0.10965E-02    0.00000E+00    0.72801E-03    0.00000E+00    0.46686E-03    0.00000E+00    0.81972E-03    0.00000E+00    0.48646E-03    0.00000E+00    0.26246E-06    0.40239E-06    0.28112E-06    0.00000E+00    0.26246E-03    0.00000E+00    0.40239E-03    0.00000E+00    0.28112E-03    0.93456E-03    0.22911E-01    0.99160E-03    0.28369E-01    0.94237E-03    0.23711E-01    0.65916E-03    0.17606E-01    0.75354E-03    0.22237E-01    0.67175E-03    0.18223E-01
14400  0    0.24390E-06    0.44159E-06    0.26187E-06    0.13301E-06    0.11089E-03    0.18707E-06    0.25453E-03    0.13792E-06    0.12395E-03    0.78792E-03    0.14892E-01    0.98868E-03    0.22562E-01    0.80823E-03    0.15745E-01    0.52381E-03    0.75280E-02    0.74526E-03    0.14408E-01    0.54394E-03    0.81535E-02    0.23472E-06    0.56120E-06    0.25285E-06    0.23472E-06    0.00000E+00    0.56120E-06    0.00000E+00    0.25285E-06    0.00000E+00    0.68515E-03    0.00000E+00    0.10594E-02    0.00000E+00    0.71113E-03    0.00000E+00    0.43967E-03    0.00000E+00    0.80056E-03    0.00000E+00    0.45972E-03    0.00000E+00    0.25590E-06    0.38179E-06    0.27269E-06    0.00000E+00    0.25590E-03    0.00000E+00    0.38179E-03    0.00000E+00    0.27269E-03    0.90486E-03    0.22623E-01    0.95133E-03    0.27633E-01    0.91119E-03    0.23353E-01    0.63384E-03    0.17372E-01    0.71761E-03    0.21612E-01    0.64501E-03    0.17938E-01
14500  1    0.24113E-06    0.44397E-06    0.25957E-06    0.13300E-06    0.10813E-03    0.20063E-06    0.24335E-03    0.13915E-06    0.12042E-03    0.79244E-03    0.14706E-01    0.10232E-02    0.22061E-01    0.81612E-03    0.15519E-01    0.53861E-03    0.74235E-02    0.77467E-03    0.14078E-01    0.56007E-03    0.80285E-02    0.23470E-06    0.60188E-06    0.25510E-06    0.23470E-06    0.00000E+00    0.60188E-06    0.00000E+00    0.25510E-06    0.00000E+00    0.68513E-03    0.00000E+00    0.10972E-02    0.00000E+00    0.71429E-03    0.00000E+00    0.45506E-03    0.00000E+00    0.80219E-03    0.00000E+00    0.47434E-03    0.00000E+00    0.24953E-06    0.36502E-06    0.26493E-06    0.00000E+00    0.24953E-03    0.00000E+00    0.36502E-03    0.00000E+00    0.26493E-03    0.91395E-03    0.22340E-01    0.98416E-03    0.27019E-01    0.92362E-03    0.23019E-01    0.64788E-03    0.17131E-01    0.76091E-03    0.21118E-01    0.66295E-03    0.17663E-01
14600  0    0.23396E-06    0.41962E-06    0.25083E-06    0.12839E-06    0.10557E-03    0.18793E-06    0.23169E-03    0.13380E-06    0.11703E-03    0.77445E-03    0.14530E-01    0.98225E-03    0.21526E-01    0.79559E-03    0.15299E-01    0.51655E-03    0.73241E-02    0.74203E-03    0.13700E-01    0.53705E-03    0.79038E-02    0.22657E-06    0.56380E-06    0.24531E-06    0.22657E-06    0.00000E+00    0.56380E-06    0.00000E+00    0.24531E-06    0.00000E+00    0.67316E-03    0.00000E+00    0.10619E-02    0.00000E+00    0.70044E-03    0.00000E+00    0.43139E-03    0.00000E+00    0.79364E-03    0.00000E+00    0.45151E-03    0.00000E+00    0.24361E-06    0.34754E-06    0.25747E-06    0.00000E+00    0.24361E-03    0.00000E+00    0.34754E-03    0.00000E+00    0.25747E-03    0.88968E-03    0.22073E-01    0.93990E-03    0.26364E-01    0.89654E-03    0.22692E-01    0.62792E-03    0.16902E-01    0.71623E-03    0.20550E-01    0.63970E-03    0.17388E-01
14700  1    0.23681E-06    0.42007E-06    0.25347E-06    0.13373E-06    0.10307E-03    0.19983E-06    0.22025E-03    0.13974E-06    0.11373E-03    0.77808E-03    0.14358E-01    0.10086E-02    0.20988E-01    0.80177E-03    0.15082E-01    0.52966E-03    0.71993E-02    0.76576E-03    0.13304E-01    0.55112E-03    0.77543E-02    0.23600E-06    0.59948E-06    0.25619E-06    0.23600E-06    0.00000E+00    0.59948E-06    0.00000E+00    0.25619E-06    0.00000E+00    0.68702E-03    0.00000E+00    0.10950E-02    0.00000E+00    0.71581E-03    0.00000E+00    0.44427E-03    0.00000E+00    0.79882E-03    0.00000E+00    0.46397E-03    0.00000E+00    0.23786E-06    0.33037E-06    0.25020E-06    0.00000E+00    0.23786E-03    0.00000E+00    0.33037E-03    0.00000E+00    0.25020E-03    0.88310E-03    0.21811E-01    0.96245E-03    0.25705E-01    0.89409E-03    0.22370E-01    0.64133E-03    0.16614E-01    0.74922E-03    0.19956E-01    0.65571E-03    0.17059E-01
14800  0    0.24484E-06    0.36409E-06    0.25568E-06    0.14386E-06    0.10098E-03    0.15182E-06    0.21227E-03    0.14458E-06    0.11110E-03    0.79816E-03    0.14212E-01    0.87534E-03    0.20604E-01    0.80549E-03    0.14906E-01    0.56051E-03    0.71981E-02    0.69712E-03    0.13020E-01    0.57293E-03    0.77273E-02    0.25387E-06    0.45547E-06    0.26507E-06    0.25387E-06    0.00000E+00    0.45547E-06    0.00000E+00    0.26507E-06    0.00000E+00    0.71256E-03    0.00000E+00    0.95443E-03    0.00000E+00    0.72810E-03    0.00000E+00    0.51108E-03    0.00000E+00    0.85021E-03    0.00000E+00    0.52992E-03    0.00000E+00    0.23304E-06    0.31841E-06    0.24442E-06    0.00000E+00    0.23304E-03    0.00000E+00    0.31841E-03    0.00000E+00    0.24442E-03    0.89788E-03    0.21589E-01    0.83298E-03    0.25235E-01    0.88950E-03    0.22110E-01    0.62514E-03    0.16611E-01    0.62057E-03    0.19530E-01    0.62453E-03    0.17000E-01
14900  1    0.21892E-06    0.38149E-06    0.23370E-06    0.12054E-06    0.98374E-04    0.17877E-06    0.20272E-03    0.12584E-06    0.10786E-03    0.75764E-03    0.14027E-01    0.95392E-03    0.20136E-01    0.77753E-03    0.14687E-01    0.50369E-03    0.70763E-02    0.72414E-03    0.12701E-01    0.52374E-03    0.75877E-02    0.21272E-06    0.53631E-06    0.23070E-06    0.21272E-06    0.00000E+00    0.53631E-06    0.00000E+00    0.23070E-06    0.00000E+00    0.65226E-03    0.00000E+00    0.10357E-02    0.00000E+00    0.67926E-03    0.00000E+00    0.41929E-03    0.00000E+00    0.77169E-03    0.00000E+00    0.43887E-03    0.00000E+00    0.22702E-06    0.30408E-06    0.23729E-06    0.00000E+00    0.22702E-03    0.00000E+00    0.30408E-03    0.00000E+00    0.23729E-03    0.87653E-03    0.21308E-01    0.91029E-03    0.24661E-01    0.88111E-03    0.21785E-01    0.61407E-03    0.16330E-01    0.70037E-03    0.19052E-01    0.62557E-03    0.16693E-01
15000  2    0.21475E-06    0.37240E-06    0.22909E-06    0.11844E-06    0.96317E-04    0.17814E-06    0.19427E-03    0.12386E-06    0.10522E-03    0.75411E-03    0.13879E-01    0.95172E-03    0.19711E-01    0.77416E-03    0.14507E-01    0.50291E-03    0.70212E-02    0.72223E-03    0.12382E-01    0.52285E-03    0.75086E-02    0.20901E-06    0.53441E-06    0.22709E-06    0.20901E-06    0.00000E+00    0.53441E-06    0.00000E+00    0.22709E-06    0.00000E+00    0.64654E-03    0.00000E+00    0.10338E-02    0.00000E+00    0.67392E-03    0.00000E+00    0.41893E-03    0.00000E+00    0.76304E-03    0.00000E+00    0.43805E-03    0.00000E+00    0.22227E-06    0.29140E-06    0.23149E-06    0.00000E+00    0.22227E-03    0.00000E+00    0.29140E-03    0.00000E+00    0.23149E-03    0.87505E-03    0.21084E-01    0.90788E-03    0.24141E-01    0.87950E-03    0.21517E-01    0.61273E-03    0.16203E-01    0.70182E-03    0.18573E-01    0.62461E-03    0.16519E-01
15100  0    0.21033E-06    0.36023E-06    0.22395E-06    0.11614E-06    0.94191E-04    0.17421E-06    0.18602E-03    0.12142E-06    0.10254E-03    0.74544E-03    0.13725E-01    0.93818E-03    0.19288E-01    0.76497E-03    0.14321E-01    0.49495E-03    0.69481E-02    0.71430E-03    0.12048E-01    0.51489E-03    0.74117E-02    0.20494E-06    0.52264E-06    0.22259E-06    0.20494E-06    0.00000E+00    0.52264E-06    0.00000E+00    0.22259E-06    0.00000E+00    0.64023E-03    0.00000E+00    0.10224E-02    0.00000E+00    0.66722E-03    0.00000E+00    0.41078E-03    0.00000E+00    0.76335E-03    0.00000E+00    0.43036E-03    0.00000E+00    0.21736E-06    0.27903E-06    0.22559E-06    0.00000E+00    0.21736E-03    0.00000E+00    0.27903E-03    0.00000E+00    0.22559E-03    0.86391E-03    0.20850E-01    0.89310E-03    0.23623E-01    0.86786E-03    0.21241E-01    0.60503E-03    0.16034E-01    0.68977E-03    0.18071E-01    0.61633E-03    0.16306E-01
15200  0    0.20604E-06    0.35463E-06    0.21954E-06    0.11391E-06    0.92129E-04    0.17611E-06    0.17852E-03    0.11956E-06    0.99982E-04    0.74022E-03    0.13574E-01    0.94096E-03    0.18895E-01    0.76066E-03    0.14141E-01    0.49277E-03    0.68749E-02    0.71492E-03    0.11738E-01    0.51297E-03    0.73170E-02    0.20101E-06    0.52834E-06    0.21920E-06    0.20101E-06    0.00000E+00    0.52834E-06    0.00000E+00    0.21920E-06    0.00000E+00    0.63406E-03    0.00000E+00    0.10280E-02    0.00000E+00    0.66211E-03    0.00000E+00    0.40809E-03    0.00000E+00    0.75317E-03    0.00000E+00    0.42726E-03    0.00000E+00    0.21260E-06    0.26778E-06    0.21996E-06    0.00000E+00    0.21260E-03    0.00000E+00    0.26778E-03    0.00000E+00    0.21996E-03    0.85949E-03    0.20621E-01    0.89429E-03    0.23142E-01    0.86421E-03    0.20974E-01    0.60351E-03    0.15865E-01    0.69580E-03    0.17607E-01    0.61582E-03    0.16097E-01
15300  1    0.24676E-06    0.40437E-06    0.26109E-06    0.15653E-06    0.90237E-04    0.23558E-06    0.16879E-03    0.16371E-06    0.97378E-04    0.81296E-03    0.13434E-01    0.10836E-02    0.18373E-01    0.84116E-03    0.13956E-01    0.58454E-03    0.66738E-02    0.84456E-03    0.11244E-01    0.60818E-03    0.70893E-02    0.27622E-06    0.70674E-06    0.30014E-06    0.27622E-06    0.00000E+00    0.70674E-06    0.00000E+00    0.30014E-06    0.00000E+00    0.74326E-03    0.00000E+00    0.11889E-02    0.00000E+00    0.77478E-03    0.00000E+00    0.51585E-03    0.00000E+00    0.90234E-03    0.00000E+00    0.53732E-03    0.00000E+00    0.20824E-06    0.25319E-06    0.21423E-06    0.00000E+00    0.20824E-03    0.00000E+00    0.25319E-03    0.00000E+00    0.21423E-03    0.89595E-03    0.20408E-01    0.10269E-02    0.22503E-01    0.91449E-03    0.20699E-01    0.67437E-03    0.15401E-01    0.81567E-03    0.16866E-01    0.69321E-03    0.15596E-01
15400  0    0.26529E-06    0.33872E-06    0.27196E-06    0.17529E-06    0.89994E-04    0.16871E-06    0.17001E-03    0.17469E-06    0.97268E-04    0.88682E-03    0.13416E-01    0.99526E-03    0.18440E-01    0.89722E-03    0.13948E-01    0.64129E-03    0.68962E-02    0.80270E-03    0.11535E-01    0.65597E-03    0.73179E-02    0.30934E-06    0.50614E-06    0.32027E-06    0.30934E-06    0.00000E+00    0.50614E-06    0.00000E+00    0.32027E-06    0.00000E+00    0.78656E-03    0.00000E+00    0.10061E-02    0.00000E+00    0.80034E-03    0.00000E+00    0.57858E-03    0.00000E+00    0.80627E-03    0.00000E+00    0.59123E-03    0.00000E+00    0.20768E-06    0.25502E-06    0.21399E-06    0.00000E+00    0.20768E-03    0.00000E+00    0.25502E-03    0.00000E+00    0.21399E-03    0.10029E-02    0.20380E-01    0.98978E-03    0.22584E-01    0.10012E-02    0.20688E-01    0.72329E-03    0.15914E-01    0.80091E-03    0.17302E-01    0.73364E-03    0.16099E-01
15500  0    0.20065E-06    0.32345E-06    0.21182E-06    0.11379E-06    0.86865E-04    0.16369E-06    0.15975E-03    0.11832E-06    0.93492E-04    0.74522E-03    0.13181E-01    0.91756E-03    0.17875E-01    0.76250E-03    0.13674E-01    0.49775E-03    0.67122E-02    0.69702E-03    0.10955E-01    0.51586E-03    0.70979E-02    0.20080E-06    0.49108E-06    0.21693E-06    0.20080E-06    0.00000E+00    0.49108E-06    0.00000E+00    0.21693E-06    0.00000E+00    0.63372E-03    0.00000E+00    0.99104E-03    0.00000E+00    0.65868E-03    0.00000E+00    0.41718E-03    0.00000E+00    0.74165E-03    0.00000E+00    0.43520E-03    0.00000E+00    0.20046E-06    0.23963E-06    0.20568E-06    0.00000E+00    0.20046E-03    0.00000E+00    0.23963E-03    0.00000E+00    0.20568E-03    0.86973E-03    0.20023E-01    0.87852E-03    0.21892E-01    0.87090E-03    0.20282E-01    0.60310E-03    0.15490E-01    0.67471E-03    0.16432E-01    0.61265E-03    0.15615E-01
15600  1    0.24359E-06    0.43536E-06    0.26102E-06    0.15891E-06    0.84677E-04    0.28314E-06    0.15221E-03    0.17020E-06    0.90816E-04    0.84681E-03    0.13014E-01    0.11800E-02    0.17448E-01    0.88231E-03    0.13477E-01    0.63434E-03    0.65300E-02    0.91146E-03    0.10629E-01    0.65954E-03    0.69026E-02    0.28043E-06    0.84943E-06    0.31204E-06    0.28043E-06    0.00000E+00    0.84943E-06    0.00000E+00    0.31204E-06    0.00000E+00    0.74891E-03    0.00000E+00    0.13034E-02    0.00000E+00    0.78999E-03    0.00000E+00    0.56155E-03    0.00000E+00    0.91761E-03    0.00000E+00    0.58133E-03    0.00000E+00    0.19541E-06    0.22832E-06    0.19980E-06    0.00000E+00    0.19541E-03    0.00000E+00    0.22832E-03    0.00000E+00    0.19980E-03    0.95988E-03    0.19769E-01    0.11132E-02    0.21369E-01    0.98171E-03    0.19990E-01    0.72953E-03    0.15069E-01    0.90839E-03    0.15943E-01    0.75338E-03    0.15186E-01
15700  0    0.18716E-06    0.31463E-06    0.19874E-06    0.10400E-06    0.83156E-04    0.16744E-06    0.14719E-03    0.10977E-06    0.88977E-04    0.71359E-03    0.12896E-01    0.91293E-03    0.17158E-01    0.73395E-03    0.13340E-01    0.47487E-03    0.65275E-02    0.69386E-03    0.10332E-01    0.49478E-03    0.68733E-02    0.18353E-06    0.50231E-06    0.20124E-06    0.18353E-06    0.00000E+00    0.50231E-06    0.00000E+00    0.20124E-06    0.00000E+00    0.60585E-03    0.00000E+00    0.10023E-02    0.00000E+00    0.63441E-03    0.00000E+00    0.39060E-03    0.00000E+00    0.72394E-03    0.00000E+00    0.40912E-03    0.00000E+00    0.19190E-06    0.22079E-06    0.19575E-06    0.00000E+00    0.19190E-03    0.00000E+00    0.22079E-03    0.00000E+00    0.19575E-03    0.83373E-03    0.19591E-01    0.86479E-03    0.21014E-01    0.83794E-03    0.19786E-01    0.58507E-03    0.15063E-01    0.67882E-03    0.15498E-01    0.59757E-03    0.15121E-01
15800  0    0.18402E-06    0.30901E-06    0.19538E-06    0.10245E-06    0.81574E-04    0.16719E-06    0.14181E-03    0.10833E-06    0.87050E-04    0.70620E-03    0.12773E-01    0.90959E-03    0.16841E-01    0.72704E-03    0.13195E-01    0.47038E-03    0.64499E-02    0.69088E-03    0.10052E-01    0.49042E-03    0.67774E-02    0.18079E-06    0.50158E-06    0.19861E-06    0.18079E-06    0.00000E+00    0.50158E-06    0.00000E+00    0.19861E-06    0.00000E+00    0.60131E-03    0.00000E+00    0.10016E-02    0.00000E+00    0.63025E-03    0.00000E+00    0.38593E-03    0.00000E+00    0.72156E-03    0.00000E+00    0.40458E-03    0.00000E+00    0.18825E-06    0.21272E-06    0.19151E-06    0.00000E+00    0.18825E-03    0.00000E+00    0.21272E-03    0.00000E+00    0.19151E-03    0.82344E-03    0.19404E-01    0.85991E-03    0.20626E-01    0.82840E-03    0.19571E-01    0.58081E-03    0.14884E-01    0.67553E-03    0.15078E-01    0.59344E-03    0.14910E-01
15900  0    0.18071E-06    0.30646E-06    0.19214E-06    0.10063E-06    0.80075E-04    0.16932E-06    0.13714E-03    0.10688E-06    0.85263E-04    0.70294E-03    0.12655E-01    0.91354E-03    0.16561E-01    0.72462E-03    0.13059E-01    0.46952E-03    0.63862E-02    0.69197E-03    0.98394E-02    0.48975E-03    0.67002E-02    0.17759E-06    0.50797E-06    0.19594E-06    0.17759E-06    0.00000E+00    0.50797E-06    0.00000E+00    0.19594E-06    0.00000E+00    0.59596E-03    0.00000E+00    0.10079E-02    0.00000E+00    0.62601E-03    0.00000E+00    0.38500E-03    0.00000E+00    0.71383E-03    0.00000E+00    0.40326E-03    0.00000E+00    0.18479E-06    0.20571E-06    0.18758E-06    0.00000E+00    0.18479E-03    0.00000E+00    0.20571E-03    0.00000E+00    0.18758E-03    0.82209E-03    0.19224E-01    0.86248E-03    0.20283E-01    0.82759E-03    0.19369E-01    0.58006E-03    0.14737E-01    0.68104E-03    0.14759E-01    0.59352E-03    0.14740E-01
16000  0    0.17739E-06    0.29503E-06    0.18809E-06    0.98720E-07    0.78674E-04    0.16211E-06    0.13292E-03    0.10448E-06    0.83605E-04    0.69769E-03    0.12544E-01    0.89629E-03    0.16304E-01    0.71802E-03    0.12931E-01    0.46387E-03    0.63292E-02    0.68029E-03    0.96349E-02    0.48354E-03    0.66297E-02    0.17421E-06    0.48633E-06    0.19155E-06    0.17421E-06    0.00000E+00    0.48633E-06    0.00000E+00    0.19155E-06    0.00000E+00    0.59027E-03    0.00000E+00    0.98624E-03    0.00000E+00    0.61895E-03    0.00000E+00    0.38039E-03    0.00000E+00    0.70724E-03    0.00000E+00    0.39855E-03    0.00000E+00    0.18156E-06    0.19937E-06    0.18393E-06    0.00000E+00    0.18156E-03    0.00000E+00    0.19937E-03    0.00000E+00    0.18393E-03    0.81712E-03    0.19055E-01    0.84774E-03    0.19969E-01    0.82127E-03    0.19180E-01    0.57303E-03    0.14606E-01    0.66682E-03    0.14452E-01    0.58553E-03    0.14585E-01
16100  0    0.17438E-06    0.29015E-06    0.18490E-06    0.97038E-07    0.77340E-04    0.16142E-06    0.12874E-03    0.10289E-06    0.82012E-04    0.69262E-03    0.12437E-01    0.89433E-03    0.16046E-01    0.71332E-03    0.12807E-01    0.46123E-03    0.62630E-02    0.67837E-03    0.94168E-02    0.48097E-03    0.65497E-02    0.17124E-06    0.48425E-06    0.18863E-06    0.17124E-06    0.00000E+00    0.48425E-06    0.00000E+00    0.18863E-06    0.00000E+00    0.58522E-03    0.00000E+00    0.98412E-03    0.00000E+00    0.61422E-03    0.00000E+00    0.37809E-03    0.00000E+00    0.70112E-03    0.00000E+00    0.39603E-03    0.00000E+00    0.17848E-06    0.19311E-06    0.18043E-06    0.00000E+00    0.17848E-03    0.00000E+00    0.19311E-03    0.00000E+00    0.18043E-03    0.81190E-03    0.18893E-01    0.84587E-03    0.19652E-01    0.81651E-03    0.18996E-01    0.56995E-03    0.14453E-01    0.66699E-03    0.14125E-01    0.58289E-03    0.14409E-01
16200  1    0.17259E-06    0.29519E-06    0.18373E-06    0.96607E-07    0.75978E-04    0.17033E-06    0.12485E-03    0.10331E-06    0.80422E-04    0.69324E-03    0.12327E-01    0.91666E-03    0.15802E-01    0.71643E-03    0.12682E-01    0.46656E-03    0.61948E-02    0.69495E-03    0.92878E-02    0.48733E-03    0.64760E-02    0.17048E-06    0.51100E-06    0.18940E-06    0.17048E-06    0.00000E+00    0.51100E-06    0.00000E+00    0.18940E-06    0.00000E+00    0.58392E-03    0.00000E+00    0.10109E-02    0.00000E+00    0.61547E-03    0.00000E+00    0.38354E-03    0.00000E+00    0.70467E-03    0.00000E+00    0.40138E-03    0.00000E+00    0.17533E-06    0.18728E-06    0.17693E-06    0.00000E+00    0.17533E-03    0.00000E+00    0.18728E-03    0.00000E+00    0.17693E-03    0.81434E-03    0.18726E-01    0.86569E-03    0.19354E-01    0.82137E-03    0.18811E-01    0.57513E-03    0.14296E-01    0.69009E-03    0.13932E-01    0.59046E-03    0.14247E-01
16300  0    0.17063E-06    0.28458E-06    0.18099E-06    0.96086E-07    0.74543E-04    0.16356E-06    0.12102E-03    0.10222E-06    0.78768E-04    0.68290E-03    0.12210E-01    0.89520E-03    0.15558E-01    0.70485E-03    0.12551E-01    0.45748E-03    0.61098E-02    0.67847E-03    0.91303E-02    0.47757E-03    0.63844E-02    0.16956E-06    0.49068E-06    0.18740E-06    0.16956E-06    0.00000E+00    0.49068E-06    0.00000E+00    0.18740E-06    0.00000E+00    0.58235E-03    0.00000E+00    0.99064E-03    0.00000E+00    0.61221E-03    0.00000E+00    0.37255E-03    0.00000E+00    0.69874E-03    0.00000E+00    0.39067E-03    0.00000E+00    0.17202E-06    0.18153E-06    0.17329E-06    0.00000E+00    0.17202E-03    0.00000E+00    0.18153E-03    0.00000E+00    0.17329E-03    0.79544E-03    0.18548E-01    0.84344E-03    0.19054E-01    0.80201E-03    0.18617E-01    0.56855E-03    0.14099E-01    0.66833E-03    0.13695E-01    0.58186E-03    0.14046E-01
16400  1    0.16712E-06    0.28482E-06    0.17782E-06    0.93646E-07    0.73479E-04    0.16695E-06    0.11787E-03    0.10031E-06    0.77514E-04    0.68235E-03    0.12123E-01    0.90824E-03    0.15354E-01    0.70588E-03    0.12451E-01    0.45988E-03    0.60695E-02    0.68699E-03    0.91162E-02    0.48052E-03    0.63464E-02    0.16526E-06    0.50086E-06    0.18390E-06    0.16526E-06    0.00000E+00    0.50086E-06    0.00000E+00    0.18390E-06    0.00000E+00    0.57490E-03    0.00000E+00    0.10009E-02    0.00000E+00    0.60647E-03    0.00000E+00    0.37679E-03    0.00000E+00    0.68991E-03    0.00000E+00    0.39418E-03    0.00000E+00    0.16957E-06    0.17680E-06    0.17053E-06    0.00000E+00    0.16957E-03    0.00000E+00    0.17680E-03    0.00000E+00    0.17053E-03    0.80141E-03    0.18416E-01    0.85819E-03    0.18804E-01    0.80921E-03    0.18468E-01    0.56854E-03    0.14006E-01    0.68553E-03    0.13674E-01    0.58413E-03    0.13962E-01
16500  0    0.16345E-06    0.26663E-06    0.17283E-06    0.91002E-07    0.72452E-04    0.15175E-06    0.11488E-03    0.96524E-07    0.76309E-04    0.67208E-03    0.12038E-01    0.86579E-03    0.15158E-01    0.69194E-03    0.12354E-01    0.44564E-03    0.60202E-02    0.65483E-03    0.90796E-02    0.46465E-03    0.62984E-02    0.16059E-06    0.45525E-06    0.17696E-06    0.16059E-06    0.00000E+00    0.45525E-06    0.00000E+00    0.17696E-06    0.00000E+00    0.56673E-03    0.00000E+00    0.95420E-03    0.00000E+00    0.59491E-03    0.00000E+00    0.36359E-03    0.00000E+00    0.68062E-03    0.00000E+00    0.38120E-03    0.00000E+00    0.16720E-06    0.17232E-06    0.16788E-06    0.00000E+00    0.16720E-03    0.00000E+00    0.17232E-03    0.00000E+00    0.16788E-03    0.78890E-03    0.18286E-01    0.81801E-03    0.18564E-01    0.79285E-03    0.18324E-01    0.55293E-03    0.13893E-01    0.64193E-03    0.13619E-01    0.56479E-03    0.13856E-01
16600  1    0.11571E-05    0.79856E-06    0.11245E-05    0.10795E-05    0.77668E-04    0.67726E-06    0.12130E-03    0.10429E-05    0.81635E-04    0.18897E-02    0.12463E-01    0.20941E-02    0.15575E-01    0.19092E-02    0.12778E-01    0.16733E-02    0.60532E-02    0.18573E-02    0.98291E-02    0.16900E-02    0.63965E-02    0.19049E-05    0.20318E-05    0.19120E-05    0.19049E-05    0.00000E+00    0.20318E-05    0.00000E+00    0.19120E-05    0.00000E+00    0.19519E-02    0.00000E+00    0.20158E-02    0.00000E+00    0.19555E-02    0.00000E+00    0.17342E-02    0.00000E+00    0.19114E-02    0.00000E+00    0.17440E-02    0.00000E+00    0.17923E-06    0.18195E-06    0.17960E-06    0.00000E+00    0.17923E-03    0.00000E+00    0.18195E-03    0.00000E+00    0.17960E-03    0.18051E-02    0.18933E-01    0.21322E-02    0.19076E-01    0.18521E-02    0.18952E-01    0.15936E-02    0.13969E-01    0.18303E-02    0.14744E-01    0.16251E-02    0.14072E-01
16700  0    0.15890E-06    0.25350E-06    0.16750E-06    0.88486E-07    0.70418E-04    0.14424E-06    0.10926E-03    0.93554E-07    0.73950E-04    0.66276E-03    0.11867E-01    0.84422E-03    0.14783E-01    0.68126E-03    0.12161E-01    0.43924E-03    0.59266E-02    0.63893E-03    0.90257E-02    0.45739E-03    0.62084E-02    0.15615E-06    0.43272E-06    0.17152E-06    0.15615E-06    0.00000E+00    0.43272E-06    0.00000E+00    0.17152E-06    0.00000E+00    0.55884E-03    0.00000E+00    0.93029E-03    0.00000E+00    0.58569E-03    0.00000E+00    0.35925E-03    0.00000E+00    0.67560E-03    0.00000E+00    0.37683E-03    0.00000E+00    0.16250E-06    0.16389E-06    0.16269E-06    0.00000E+00    0.16250E-03    0.00000E+00    0.16389E-03    0.00000E+00    0.16269E-03    0.77799E-03    0.18028E-01    0.79770E-03    0.18105E-01    0.78064E-03    0.18038E-01    0.54384E-03    0.13677E-01    0.62060E-03    0.13539E-01    0.55408E-03    0.13658E-01
16800  1    0.15624E-06    0.25654E-06    0.16535E-06    0.86858E-07    0.69378E-04    0.14978E-06    0.10676E-03    0.92578E-07    0.72776E-04    0.65890E-03    0.11779E-01    0.85987E-03    0.14612E-01    0.67963E-03    0.12064E-01    0.43789E-03    0.58801E-02    0.64747E-03    0.90041E-02    0.45695E-03    0.61641E-02    0.15328E-06    0.44934E-06    0.16973E-06    0.15328E-06    0.00000E+00    0.44934E-06    0.00000E+00    0.16973E-06    0.00000E+00    0.55368E-03    0.00000E+00    0.94799E-03    0.00000E+00    0.58263E-03    0.00000E+00    0.35635E-03    0.00000E+00    0.66292E-03    0.00000E+00    0.37338E-03    0.00000E+00    0.16010E-06    0.16013E-06    0.16011E-06    0.00000E+00    0.16010E-03    0.00000E+00    0.16013E-03    0.00000E+00    0.16011E-03    0.77525E-03    0.17894E-01    0.81223E-03    0.17896E-01    0.78028E-03    0.17895E-01    0.54453E-03    0.13569E-01    0.63974E-03    0.13506E-01    0.55722E-03    0.13561E-01
16900  2    0.15422E-06    0.25524E-06    0.16340E-06    0.85857E-07    0.68360E-04    0.15082E-06    0.10442E-03    0.91763E-07    0.71638E-04    0.65439E-03    0.11693E-01    0.86168E-03    0.14451E-01    0.67587E-03    0.11970E-01    0.43590E-03    0.58303E-02    0.64700E-03    0.89757E-02    0.45509E-03    0.61163E-02    0.15151E-06    0.45246E-06    0.16823E-06    0.15151E-06    0.00000E+00    0.45246E-06    0.00000E+00    0.16823E-06    0.00000E+00    0.55048E-03    0.00000E+00    0.95127E-03    0.00000E+00    0.58006E-03    0.00000E+00    0.35378E-03    0.00000E+00    0.65723E-03    0.00000E+00    0.37063E-03    0.00000E+00    0.15775E-06    0.15663E-06    0.15760E-06    0.00000E+00    0.15775E-03    0.00000E+00    0.15663E-03    0.00000E+00    0.15760E-03    0.76938E-03    0.17763E-01    0.81319E-03    0.17699E-01    0.77537E-03    0.17754E-01    0.54329E-03    0.13455E-01    0.64189E-03    0.13464E-01    0.55643E-03    0.13456E-01
17000  0    0.15209E-06    0.24233E-06    0.16029E-06    0.84436E-07    0.67654E-04    0.13994E-06    0.10239E-03    0.89482E-07    0.70812E-04    0.64970E-03    0.11632E-01    0.83467E-03    0.14310E-01    0.66863E-03    0.11901E-01    0.42956E-03    0.57938E-02    0.62857E-03    0.89351E-02    0.44765E-03    0.60794E-02    0.14901E-06    0.41983E-06    0.16405E-06    0.14901E-06    0.00000E+00    0.41983E-06    0.00000E+00    0.16405E-06    0.00000E+00    0.54590E-03    0.00000E+00    0.91633E-03    0.00000E+00    0.57280E-03    0.00000E+00    0.34942E-03    0.00000E+00    0.65124E-03    0.00000E+00    0.36619E-03    0.00000E+00    0.15612E-06    0.15358E-06    0.15579E-06    0.00000E+00    0.15612E-03    0.00000E+00    0.15358E-03    0.00000E+00    0.15579E-03    0.76446E-03    0.17671E-01    0.79069E-03    0.17526E-01    0.76801E-03    0.17651E-01    0.53436E-03    0.13370E-01    0.61723E-03    0.13403E-01    0.54541E-03    0.13375E-01
17100  0    0.15015E-06    0.24049E-06    0.15837E-06    0.83297E-07    0.66857E-04    0.14008E-06    0.10041E-03    0.88460E-07    0.69907E-04    0.64733E-03    0.11563E-01    0.83432E-03    0.14171E-01    0.66650E-03    0.11824E-01    0.42791E-03    0.57542E-02    0.62700E-03    0.89058E-02    0.44601E-03    0.60407E-02    0.14700E-06    0.42025E-06    0.16218E-06    0.14700E-06    0.00000E+00    0.42025E-06    0.00000E+00    0.16218E-06    0.00000E+00    0.54221E-03    0.00000E+00    0.91678E-03    0.00000E+00    0.56952E-03    0.00000E+00    0.34895E-03    0.00000E+00    0.64784E-03    0.00000E+00    0.36556E-03    0.00000E+00    0.15429E-06    0.15062E-06    0.15380E-06    0.00000E+00    0.15429E-03    0.00000E+00    0.15062E-03    0.00000E+00    0.15380E-03    0.76325E-03    0.17566E-01    0.78987E-03    0.17356E-01    0.76685E-03    0.17538E-01    0.53116E-03    0.13279E-01    0.61657E-03    0.13359E-01    0.54254E-03    0.13290E-01
17200  1    0.19846E-06    0.27077E-06    0.20503E-06    0.13310E-06    0.65365E-04    0.17169E-06    0.99079E-04    0.13660E-06    0.68429E-04    0.73896E-03    0.11434E-01    0.93054E-03    0.14077E-01    0.75837E-03    0.11699E-01    0.56452E-03    0.56399E-02    0.77361E-03    0.88347E-02    0.58353E-03    0.59304E-02    0.23487E-06    0.51507E-06    0.25044E-06    0.23487E-06    0.00000E+00    0.51507E-06    0.00000E+00    0.25044E-06    0.00000E+00    0.68538E-03    0.00000E+00    0.10150E-02    0.00000E+00    0.70773E-03    0.00000E+00    0.51183E-03    0.00000E+00    0.82778E-03    0.00000E+00    0.52938E-03    0.00000E+00    0.15084E-06    0.14862E-06    0.15054E-06    0.00000E+00    0.15084E-03    0.00000E+00    0.14862E-03    0.00000E+00    0.15054E-03    0.80364E-03    0.17369E-01    0.88532E-03    0.17241E-01    0.81500E-03    0.17352E-01    0.63342E-03    0.13015E-01    0.74652E-03    0.13252E-01    0.64850E-03    0.13047E-01
17300  0    0.17865E-06    0.20362E-06    0.18092E-06    0.11214E-06    0.66510E-04    0.10638E-06    0.97240E-04    0.11162E-06    0.69303E-04    0.71194E-03    0.11533E-01    0.74377E-03    0.13946E-01    0.71490E-03    0.11773E-01    0.51248E-03    0.57030E-02    0.58955E-03    0.87984E-02    0.51949E-03    0.59844E-02    0.19790E-06    0.31914E-06    0.20463E-06    0.19790E-06    0.00000E+00    0.31914E-06    0.00000E+00    0.20463E-06    0.00000E+00    0.62912E-03    0.00000E+00    0.79892E-03    0.00000E+00    0.63974E-03    0.00000E+00    0.46639E-03    0.00000E+00    0.69520E-03    0.00000E+00    0.47911E-03    0.00000E+00    0.15348E-06    0.14586E-06    0.15247E-06    0.00000E+00    0.15348E-03    0.00000E+00    0.14586E-03    0.00000E+00    0.15247E-03    0.80753E-03    0.17521E-01    0.71460E-03    0.17080E-01    0.79577E-03    0.17462E-01    0.57275E-03    0.13161E-01    0.53673E-03    0.13198E-01    0.56795E-03    0.13166E-01
17400  1    0.15081E-06    0.21277E-06    0.15645E-06    0.85849E-07    0.64965E-04    0.11757E-06    0.95195E-04    0.88733E-07    0.67714E-04    0.64778E-03    0.11399E-01    0.77085E-03    0.13798E-01    0.65992E-03    0.11637E-01    0.43785E-03    0.56438E-02    0.58437E-03    0.87727E-02    0.45117E-03    0.59283E-02    0.15150E-06    0.35271E-06    0.16268E-06    0.15150E-06    0.00000E+00    0.35271E-06    0.00000E+00    0.16268E-06    0.00000E+00    0.55045E-03    0.00000E+00    0.83990E-03    0.00000E+00    0.57040E-03    0.00000E+00    0.37035E-03    0.00000E+00    0.65454E-03    0.00000E+00    0.38614E-03    0.00000E+00    0.14992E-06    0.14279E-06    0.14897E-06    0.00000E+00    0.14992E-03    0.00000E+00    0.14279E-03    0.00000E+00    0.14897E-03    0.75639E-03    0.17316E-01    0.73390E-03    0.16899E-01    0.75343E-03    0.17261E-01    0.52611E-03    0.13024E-01    0.54929E-03    0.13159E-01    0.52920E-03    0.13042E-01
17500  2    0.15495E-06    0.23489E-06    0.16221E-06    0.90461E-07    0.64484E-04    0.14123E-06    0.93666E-04    0.95076E-07    0.67137E-04    0.67286E-03    0.11356E-01    0.85506E-03    0.13687E-01    0.69141E-03    0.11588E-01    0.45833E-03    0.56257E-02    0.66505E-03    0.87967E-02    0.47712E-03    0.59139E-02    0.15964E-06    0.42368E-06    0.17431E-06    0.15964E-06    0.00000E+00    0.42368E-06    0.00000E+00    0.17431E-06    0.00000E+00    0.56504E-03    0.00000E+00    0.92052E-03    0.00000E+00    0.59043E-03    0.00000E+00    0.38350E-03    0.00000E+00    0.67698E-03    0.00000E+00    0.39981E-03    0.00000E+00    0.14881E-06    0.14050E-06    0.14770E-06    0.00000E+00    0.14881E-03    0.00000E+00    0.14050E-03    0.00000E+00    0.14770E-03    0.79201E-03    0.17252E-01    0.82037E-03    0.16763E-01    0.79585E-03    0.17187E-01    0.55617E-03    0.12982E-01    0.65908E-03    0.13195E-01    0.56989E-03    0.13011E-01
17600  3    0.14081E-06    0.22607E-06    0.14856E-06    0.77686E-07    0.63126E-04    0.13378E-06    0.92287E-04    0.82786E-07    0.65777E-04    0.62402E-03    0.11236E-01    0.81461E-03    0.13586E-01    0.64368E-03    0.11470E-01    0.41330E-03    0.55516E-02    0.60718E-03    0.87431E-02    0.43093E-03    0.58417E-02    0.13709E-06    0.40135E-06    0.15177E-06    0.13709E-06    0.00000E+00    0.40135E-06    0.00000E+00    0.15177E-06    0.00000E+00    0.52363E-03    0.00000E+00    0.89594E-03    0.00000E+00    0.55095E-03    0.00000E+00    0.33444E-03    0.00000E+00    0.61984E-03    0.00000E+00    0.35029E-03    0.00000E+00    0.14568E-06    0.13843E-06    0.14471E-06    0.00000E+00    0.14568E-03    0.00000E+00    0.13843E-03    0.00000E+00    0.14471E-03    0.73490E-03    0.17069E-01    0.77074E-03    0.16639E-01    0.73978E-03    0.17012E-01    0.51644E-03    0.12811E-01    0.60085E-03    0.13115E-01    0.52769E-03    0.12852E-01
17700  4    0.13973E-06    0.22118E-06    0.14713E-06    0.77246E-07    0.62479E-04    0.13018E-06    0.91001E-04    0.82058E-07    0.65072E-04    0.61971E-03    0.11178E-01    0.80183E-03    0.13491E-01    0.63842E-03    0.11408E-01    0.41210E-03    0.55122E-02    0.59803E-03    0.87030E-02    0.42901E-03    0.58023E-02    0.13632E-06    0.39053E-06    0.15044E-06    0.13632E-06    0.00000E+00    0.39053E-06    0.00000E+00    0.15044E-06    0.00000E+00    0.52214E-03    0.00000E+00    0.88378E-03    0.00000E+00    0.54852E-03    0.00000E+00    0.33418E-03    0.00000E+00    0.62468E-03    0.00000E+00    0.35031E-03    0.00000E+00    0.14418E-06    0.13650E-06    0.14316E-06    0.00000E+00    0.14418E-03    0.00000E+00    0.13650E-03    0.00000E+00    0.14316E-03    0.72783E-03    0.16981E-01    0.75754E-03    0.16523E-01    0.73186E-03    0.16921E-01    0.51401E-03    0.12721E-01    0.58470E-03    0.13055E-01    0.52343E-03    0.12765E-01
17800  5    0.13760E-06    0.22179E-06    0.14525E-06    0.75675E-07    0.61922E-04    0.13199E-06    0.89807E-04    0.80794E-07    0.64457E-04    0.61713E-03    0.11129E-01    0.80997E-03    0.13402E-01    0.63707E-03    0.11354E-01    0.40868E-03    0.54849E-02    0.60267E-03    0.86870E-02    0.42631E-03    0.57760E-02    0.13354E-06    0.39596E-06    0.14812E-06    0.13354E-06    0.00000E+00    0.39596E-06    0.00000E+00    0.14812E-06    0.00000E+00    0.51681E-03    0.00000E+00    0.88990E-03    0.00000E+00    0.54428E-03    0.00000E+00    0.33122E-03    0.00000E+00    0.61072E-03    0.00000E+00    0.34674E-03    0.00000E+00    0.14290E-06    0.13471E-06    0.14181E-06    0.00000E+00    0.14290E-03    0.00000E+00    0.13471E-03    0.00000E+00    0.14181E-03    0.72774E-03    0.16905E-01    0.76689E-03    0.16414E-01    0.73308E-03    0.16841E-01    0.50997E-03    0.12658E-01    0.59864E-03    0.13031E-01    0.52180E-03    0.12707E-01
17900  6    0.15237E-06    0.22955E-06    0.15939E-06    0.91543E-07    0.60829E-04    0.14016E-06    0.89390E-04    0.95962E-07    0.63426E-04    0.64200E-03    0.11030E-01    0.83815E-03    0.13371E-01    0.66223E-03    0.11263E-01    0.45857E-03    0.54155E-02    0.65447E-03    0.86340E-02    0.47638E-03    0.57081E-02    0.16155E-06    0.42047E-06    0.17593E-06    0.16155E-06    0.00000E+00    0.42047E-06    0.00000E+00    0.17593E-06    0.00000E+00    0.56841E-03    0.00000E+00    0.91703E-03    0.00000E+00    0.59318E-03    0.00000E+00    0.39159E-03    0.00000E+00    0.68029E-03    0.00000E+00    0.40763E-03    0.00000E+00    0.14038E-06    0.13409E-06    0.13954E-06    0.00000E+00    0.14038E-03    0.00000E+00    0.13409E-03    0.00000E+00    0.13954E-03    0.72707E-03    0.16756E-01    0.79579E-03    0.16376E-01    0.73660E-03    0.16706E-01    0.54616E-03    0.12497E-01    0.64156E-03    0.12951E-01    0.55888E-03    0.12558E-01
18000  7    0.13482E-06    0.21065E-06    0.14171E-06    0.73956E-07    0.60865E-04    0.12302E-06    0.87623E-04    0.78417E-07    0.63298E-04    0.60892E-03    0.11033E-01    0.78406E-03    0.13238E-01    0.62687E-03    0.11251E-01    0.40202E-03    0.54247E-02    0.58297E-03    0.86180E-02    0.41847E-03    0.57150E-02    0.13051E-06    0.36907E-06    0.14376E-06    0.13051E-06    0.00000E+00    0.36907E-06    0.00000E+00    0.14376E-06    0.00000E+00    0.51090E-03    0.00000E+00    0.85915E-03    0.00000E+00    0.53622E-03    0.00000E+00    0.32615E-03    0.00000E+00    0.60330E-03    0.00000E+00    0.34155E-03    0.00000E+00    0.14046E-06    0.13144E-06    0.13926E-06    0.00000E+00    0.14046E-03    0.00000E+00    0.13144E-03    0.00000E+00    0.13926E-03    0.71716E-03    0.16761E-01    0.74367E-03    0.16213E-01    0.72075E-03    0.16689E-01    0.50124E-03    0.12518E-01    0.57281E-03    0.12927E-01    0.51078E-03    0.12573E-01
18100  8    0.14248E-06    0.22205E-06    0.14972E-06    0.82662E-07    0.59820E-04    0.13480E-06    0.87249E-04    0.87402E-07    0.62313E-04    0.62053E-03    0.10938E-01    0.81961E-03    0.13210E-01    0.64119E-03    0.11164E-01    0.42918E-03    0.53669E-02    0.62370E-03    0.85840E-02    0.44687E-03    0.56593E-02    0.14587E-06    0.40440E-06    0.16024E-06    0.14587E-06    0.00000E+00    0.40440E-06    0.00000E+00    0.16024E-06    0.00000E+00    0.54014E-03    0.00000E+00    0.89934E-03    0.00000E+00    0.56611E-03    0.00000E+00    0.35702E-03    0.00000E+00    0.64478E-03    0.00000E+00    0.37301E-03    0.00000E+00    0.13805E-06    0.13087E-06    0.13709E-06    0.00000E+00    0.13805E-03    0.00000E+00    0.13087E-03    0.00000E+00    0.13709E-03    0.71209E-03    0.16616E-01    0.77669E-03    0.16179E-01    0.72104E-03    0.16558E-01    0.52354E-03    0.12385E-01    0.61316E-03    0.12876E-01    0.53549E-03    0.12451E-01
18200  9    0.13241E-06    0.21586E-06    0.14000E-06    0.72744E-07    0.59665E-04    0.13001E-06    0.85858E-04    0.77950E-07    0.62046E-04    0.60314E-03    0.10924E-01    0.80392E-03    0.13104E-01    0.62407E-03    0.11140E-01    0.40128E-03    0.53668E-02    0.59395E-03    0.85651E-02    0.41880E-03    0.56576E-02    0.12837E-06    0.39002E-06    0.14291E-06    0.12837E-06    0.00000E+00    0.39002E-06    0.00000E+00    0.14291E-06    0.00000E+00    0.50670E-03    0.00000E+00    0.88320E-03    0.00000E+00    0.53462E-03    0.00000E+00    0.32542E-03    0.00000E+00    0.59091E-03    0.00000E+00    0.34017E-03    0.00000E+00    0.13769E-06    0.12879E-06    0.13650E-06    0.00000E+00    0.13769E-03    0.00000E+00    0.12879E-03    0.00000E+00    0.13650E-03    0.70976E-03    0.16594E-01    0.76120E-03    0.16049E-01    0.71683E-03    0.16523E-01    0.50049E-03    0.12385E-01    0.59547E-03    0.12848E-01    0.51316E-03    0.12447E-01
18300  0    0.13563E-06    0.18949E-06    0.14053E-06    0.75851E-07    0.59778E-04    0.10484E-06    0.84645E-04    0.78487E-07    0.62039E-04    0.61182E-03    0.10934E-01    0.73660E-03    0.13011E-01    0.62420E-03    0.11139E-01    0.40773E-03    0.53689E-02    0.55659E-03    0.85234E-02    0.42127E-03    0.56557E-02    0.13386E-06    0.31452E-06    0.14389E-06    0.13386E-06    0.00000E+00    0.31452E-06    0.00000E+00    0.14389E-06    0.00000E+00    0.51741E-03    0.00000E+00    0.79312E-03    0.00000E+00    0.53646E-03    0.00000E+00    0.33876E-03    0.00000E+00    0.59559E-03    0.00000E+00    0.35303E-03    0.00000E+00    0.13795E-06    0.12697E-06    0.13649E-06    0.00000E+00    0.13795E-03    0.00000E+00    0.12697E-03    0.00000E+00    0.13649E-03    0.71676E-03    0.16610E-01    0.70665E-03    0.15935E-01    0.71542E-03    0.16522E-01    0.49793E-03    0.12390E-01    0.53708E-03    0.12785E-01    0.50315E-03    0.12443E-01
18400  1    0.12984E-06    0.20249E-06    0.13645E-06    0.71071E-07    0.58770E-04    0.11824E-06    0.84249E-04    0.75359E-07    0.61087E-04    0.59356E-03    0.10842E-01    0.76862E-03    0.12981E-01    0.61155E-03    0.11053E-01    0.39409E-03    0.53175E-02    0.56888E-03    0.85025E-02    0.40998E-03    0.56070E-02    0.12542E-06    0.35472E-06    0.13816E-06    0.12542E-06    0.00000E+00    0.35472E-06    0.00000E+00    0.13816E-06    0.00000E+00    0.50084E-03    0.00000E+00    0.84228E-03    0.00000E+00    0.52566E-03    0.00000E+00    0.31932E-03    0.00000E+00    0.58905E-03    0.00000E+00    0.33431E-03    0.00000E+00    0.13562E-06    0.12637E-06    0.13439E-06    0.00000E+00    0.13562E-03    0.00000E+00    0.12637E-03    0.00000E+00    0.13439E-03    0.69644E-03    0.16470E-01    0.72900E-03    0.15898E-01    0.70087E-03    0.16395E-01    0.49187E-03    0.12271E-01    0.55880E-03    0.12754E-01    0.50079E-03    0.12335E-01
18500  2    0.14991E-06    0.23757E-06    0.15788E-06    0.90827E-07    0.59085E-04    0.15457E-06    0.83006E-04    0.96622E-07    0.61259E-04    0.66736E-03    0.10871E-01    0.88212E-03    0.12885E-01    0.68965E-03    0.11069E-01    0.46829E-03    0.53541E-02    0.67948E-03    0.85124E-02    0.48749E-03    0.56412E-02    0.16028E-06    0.46370E-06    0.17714E-06    0.16028E-06    0.00000E+00    0.46370E-06    0.00000E+00    0.17714E-06    0.00000E+00    0.56619E-03    0.00000E+00    0.96302E-03    0.00000E+00    0.59521E-03    0.00000E+00    0.40285E-03    0.00000E+00    0.68637E-03    0.00000E+00    0.41860E-03    0.00000E+00    0.13635E-06    0.12451E-06    0.13477E-06    0.00000E+00    0.13635E-03    0.00000E+00    0.12451E-03    0.00000E+00    0.13477E-03    0.78011E-03    0.16514E-01    0.83874E-03    0.15780E-01    0.78818E-03    0.16418E-01    0.55388E-03    0.12356E-01    0.67604E-03    0.12769E-01    0.57017E-03    0.12411E-01
18600  3    0.12692E-06    0.20070E-06    0.13363E-06    0.69023E-07    0.57899E-04    0.11790E-06    0.82796E-04    0.73466E-07    0.60162E-04    0.58738E-03    0.10761E-01    0.76849E-03    0.12868E-01    0.60609E-03    0.10969E-01    0.38815E-03    0.52769E-02    0.56615E-03    0.84478E-02    0.40433E-03    0.55651E-02    0.12181E-06    0.35370E-06    0.13469E-06    0.12181E-06    0.00000E+00    0.35370E-06    0.00000E+00    0.13469E-06    0.00000E+00    0.49357E-03    0.00000E+00    0.84107E-03    0.00000E+00    0.51901E-03    0.00000E+00    0.31425E-03    0.00000E+00    0.57250E-03    0.00000E+00    0.32860E-03    0.00000E+00    0.13361E-06    0.12419E-06    0.13236E-06    0.00000E+00    0.13361E-03    0.00000E+00    0.12419E-03    0.00000E+00    0.13236E-03    0.69111E-03    0.16347E-01    0.72949E-03    0.15760E-01    0.69635E-03    0.16270E-01    0.48479E-03    0.12177E-01    0.56297E-03    0.12672E-01    0.49522E-03    0.12243E-01
18700  0    0.13711E-06    0.17895E-06    0.14091E-06    0.79265E-07    0.57845E-04    0.96831E-07    0.82123E-04    0.80862E-07    0.60052E-04    0.60821E-03    0.10756E-01    0.69742E-03    0.12816E-01    0.61686E-03    0.10959E-01    0.43461E-03    0.52563E-02    0.54825E-03    0.84007E-02    0.44494E-03    0.55422E-02    0.13988E-06    0.29049E-06    0.14825E-06    0.13988E-06    0.00000E+00    0.29049E-06    0.00000E+00    0.14825E-06    0.00000E+00    0.52892E-03    0.00000E+00    0.76222E-03    0.00000E+00    0.54451E-03    0.00000E+00    0.38419E-03    0.00000E+00    0.62194E-03    0.00000E+00    0.39740E-03    0.00000E+00    0.13349E-06    0.12319E-06    0.13212E-06    0.00000E+00    0.13349E-03    0.00000E+00    0.12319E-03    0.00000E+00    0.13212E-03    0.69845E-03    0.16339E-01    0.66265E-03    0.15696E-01    0.69378E-03    0.16255E-01    0.50053E-03    0.12130E-01    0.51140E-03    0.12601E-01    0.50198E-03    0.12193E-01
18800  1    0.12459E-06    0.19337E-06    0.13085E-06    0.67447E-07    0.57147E-04    0.11193E-06    0.81445E-04    0.71490E-07    0.59356E-04    0.58117E-03    0.10691E-01    0.75141E-03    0.12763E-01    0.59865E-03    0.10895E-01    0.38270E-03    0.52396E-02    0.55331E-03    0.83869E-02    0.39821E-03    0.55257E-02    0.11902E-06    0.33578E-06    0.13107E-06    0.11902E-06    0.00000E+00    0.33578E-06    0.00000E+00    0.13107E-06    0.00000E+00    0.48790E-03    0.00000E+00    0.81949E-03    0.00000E+00    0.51199E-03    0.00000E+00    0.31039E-03    0.00000E+00    0.56406E-03    0.00000E+00    0.32448E-03    0.00000E+00    0.13188E-06    0.12217E-06    0.13058E-06    0.00000E+00    0.13188E-03    0.00000E+00    0.12217E-03    0.00000E+00    0.13058E-03    0.68421E-03    0.16240E-01    0.71494E-03    0.15631E-01    0.68839E-03    0.16161E-01    0.47725E-03    0.12091E-01    0.54794E-03    0.12580E-01    0.48668E-03    0.12157E-01
18900  2    0.12410E-06    0.19358E-06    0.13041E-06    0.67233E-07    0.56865E-04    0.11287E-06    0.80708E-04    0.71382E-07    0.59032E-04    0.58271E-03    0.10664E-01    0.75696E-03    0.12705E-01    0.60064E-03    0.10866E-01    0.38434E-03    0.52291E-02    0.56366E-03    0.83596E-02    0.40064E-03    0.55137E-02    0.11865E-06    0.33862E-06    0.13087E-06    0.11865E-06    0.00000E+00    0.33862E-06    0.00000E+00    0.13087E-06    0.00000E+00    0.48713E-03    0.00000E+00    0.82294E-03    0.00000E+00    0.51160E-03    0.00000E+00    0.31390E-03    0.00000E+00    0.56770E-03    0.00000E+00    0.32800E-03    0.00000E+00    0.13123E-06    0.12106E-06    0.12987E-06    0.00000E+00    0.13123E-03    0.00000E+00    0.12106E-03    0.00000E+00    0.12987E-03    0.68795E-03    0.16200E-01    0.72171E-03    0.15560E-01    0.69254E-03    0.16117E-01    0.47645E-03    0.12067E-01    0.56164E-03    0.12539E-01    0.48781E-03    0.12130E-01
19000  3    0.12278E-06    0.19649E-06    0.12948E-06    0.66555E-07    0.56230E-04    0.11598E-06    0.80505E-04    0.71048E-07    0.58437E-04    0.57566E-03    0.10605E-01    0.76220E-03    0.12689E-01    0.59504E-03    0.10811E-01    0.38126E-03    0.51963E-02    0.55878E-03    0.83279E-02    0.39739E-03    0.54810E-02    0.11745E-06    0.34795E-06    0.13026E-06    0.11745E-06    0.00000E+00    0.34795E-06    0.00000E+00    0.13026E-06    0.00000E+00    0.48466E-03    0.00000E+00    0.83421E-03    0.00000E+00    0.51040E-03    0.00000E+00    0.30974E-03    0.00000E+00    0.55646E-03    0.00000E+00    0.32344E-03    0.00000E+00    0.12976E-06    0.12076E-06    0.12856E-06    0.00000E+00    0.12976E-03    0.00000E+00    0.12076E-03    0.00000E+00    0.12856E-03    0.67643E-03    0.16110E-01    0.72351E-03    0.15541E-01    0.68290E-03    0.16035E-01    0.47478E-03    0.11991E-01    0.55994E-03    0.12492E-01    0.48613E-03    0.12058E-01
19100  4    0.63008E-06    0.50535E-06    0.61874E-06    0.57182E-06    0.58258E-04    0.41115E-06    0.94205E-04    0.55721E-06    0.61526E-04    0.13810E-02    0.10794E-01    0.16203E-02    0.13726E-01    0.14044E-02    0.11093E-01    0.11629E-02    0.52235E-02    0.14007E-02    0.84563E-02    0.11845E-02    0.55174E-02    0.10091E-05    0.12334E-05    0.10216E-05    0.10091E-05    0.00000E+00    0.12334E-05    0.00000E+00    0.10216E-05    0.00000E+00    0.14206E-02    0.00000E+00    0.15706E-02    0.00000E+00    0.14294E-02    0.00000E+00    0.12069E-02    0.00000E+00    0.14760E-02    0.00000E+00    0.12218E-02    0.00000E+00    0.13444E-06    0.14131E-06    0.13536E-06    0.00000E+00    0.13444E-03    0.00000E+00    0.14131E-03    0.00000E+00    0.13536E-03    0.13273E-02    0.16398E-01    0.16446E-02    0.16811E-01    0.13739E-02    0.16453E-01    0.11054E-02    0.12054E-01    0.13631E-02    0.12685E-01    0.11397E-02    0.12138E-01
19200  0    0.13435E-06    0.16897E-06    0.13749E-06    0.78449E-07    0.55897E-04    0.89518E-07    0.79450E-04    0.79455E-07    0.58038E-04    0.59902E-03    0.10573E-01    0.67251E-03    0.12606E-01    0.60607E-03    0.10774E-01    0.43409E-03    0.51613E-02    0.53567E-03    0.82466E-02    0.44333E-03    0.54418E-02    0.13844E-06    0.26856E-06    0.14567E-06    0.13844E-06    0.00000E+00    0.26856E-06    0.00000E+00    0.14567E-06    0.00000E+00    0.52619E-03    0.00000E+00    0.73288E-03    0.00000E+00    0.53976E-03    0.00000E+00    0.38802E-03    0.00000E+00    0.60688E-03    0.00000E+00    0.40018E-03    0.00000E+00    0.12899E-06    0.11918E-06    0.12768E-06    0.00000E+00    0.12899E-03    0.00000E+00    0.11918E-03    0.00000E+00    0.12768E-03    0.68264E-03    0.16062E-01    0.64020E-03    0.15439E-01    0.67713E-03    0.15980E-01    0.49433E-03    0.11911E-01    0.50007E-03    0.12370E-01    0.49510E-03    0.11972E-01
19300  1    0.11945E-06    0.18382E-06    0.12530E-06    0.64206E-07    0.55245E-04    0.10492E-06    0.78908E-04    0.67907E-07    0.57396E-04    0.56539E-03    0.10511E-01    0.72920E-03    0.12562E-01    0.58219E-03    0.10714E-01    0.37187E-03    0.51434E-02    0.53469E-03    0.82371E-02    0.38667E-03    0.54247E-02    0.11330E-06    0.31475E-06    0.12450E-06    0.11330E-06    0.00000E+00    0.31475E-06    0.00000E+00    0.12450E-06    0.00000E+00    0.47603E-03    0.00000E+00    0.79340E-03    0.00000E+00    0.49899E-03    0.00000E+00    0.30196E-03    0.00000E+00    0.54384E-03    0.00000E+00    0.31540E-03    0.00000E+00    0.12749E-06    0.11836E-06    0.12627E-06    0.00000E+00    0.12749E-03    0.00000E+00    0.11836E-03    0.00000E+00    0.12627E-03    0.66435E-03    0.15968E-01    0.69487E-03    0.15386E-01    0.66850E-03    0.15892E-01    0.46328E-03    0.11869E-01    0.53012E-03    0.12356E-01    0.47219E-03    0.11934E-01
19400  2    0.13898E-06    0.19991E-06    0.14452E-06    0.83251E-07    0.55725E-04    0.12236E-06    0.77547E-04    0.86807E-07    0.57709E-04    0.63520E-03    0.10557E-01    0.80557E-03    0.12454E-01    0.65253E-03    0.10743E-01    0.44429E-03    0.51733E-02    0.63440E-03    0.82311E-02    0.46157E-03    0.54513E-02    0.14691E-06    0.36709E-06    0.15915E-06    0.14691E-06    0.00000E+00    0.36709E-06    0.00000E+00    0.15915E-06    0.00000E+00    0.54206E-03    0.00000E+00    0.85685E-03    0.00000E+00    0.56417E-03    0.00000E+00    0.38197E-03    0.00000E+00    0.62584E-03    0.00000E+00    0.39551E-03    0.00000E+00    0.12860E-06    0.11632E-06    0.12696E-06    0.00000E+00    0.12860E-03    0.00000E+00    0.11632E-03    0.00000E+00    0.12696E-03    0.73951E-03    0.16037E-01    0.77866E-03    0.15253E-01    0.74485E-03    0.15935E-01    0.52578E-03    0.11938E-01    0.63867E-03    0.12347E-01    0.54083E-03    0.11993E-01
19500  0    0.13316E-06    0.16021E-06    0.13562E-06    0.77982E-07    0.55175E-04    0.82462E-07    0.77753E-04    0.78389E-07    0.57227E-04    0.59878E-03    0.10505E-01    0.65298E-03    0.12470E-01    0.60391E-03    0.10698E-01    0.42959E-03    0.51312E-02    0.51650E-03    0.81626E-02    0.43750E-03    0.54068E-02    0.13761E-06    0.24738E-06    0.14371E-06    0.13761E-06    0.00000E+00    0.24738E-06    0.00000E+00    0.14371E-06    0.00000E+00    0.52462E-03    0.00000E+00    0.70340E-03    0.00000E+00    0.53612E-03    0.00000E+00    0.38393E-03    0.00000E+00    0.59022E-03    0.00000E+00    0.39539E-03    0.00000E+00    0.12733E-06    0.11663E-06    0.12590E-06    0.00000E+00    0.12733E-03    0.00000E+00    0.11663E-03    0.00000E+00    0.12590E-03    0.68373E-03    0.15958E-01    0.62625E-03    0.15273E-01    0.67634E-03    0.15868E-01    0.48931E-03    0.11841E-01    0.47965E-03    0.12244E-01    0.48802E-03    0.11895E-01
19600  1    0.11665E-06    0.17884E-06    0.12230E-06    0.62445E-07    0.54203E-04    0.10118E-06    0.77667E-04    0.65966E-07    0.56336E-04    0.55651E-03    0.10412E-01    0.71713E-03    0.12463E-01    0.57297E-03    0.10615E-01    0.36566E-03    0.50934E-02    0.52475E-03    0.81481E-02    0.38012E-03    0.53711E-02    0.11020E-06    0.30353E-06    0.12094E-06    0.11020E-06    0.00000E+00    0.30353E-06    0.00000E+00    0.12094E-06    0.00000E+00    0.46946E-03    0.00000E+00    0.77914E-03    0.00000E+00    0.49181E-03    0.00000E+00    0.29724E-03    0.00000E+00    0.53241E-03    0.00000E+00    0.31031E-03    0.00000E+00    0.12508E-06    0.11650E-06    0.12394E-06    0.00000E+00    0.12508E-03    0.00000E+00    0.11650E-03    0.00000E+00    0.12394E-03    0.65306E-03    0.15817E-01    0.68401E-03    0.15264E-01    0.65727E-03    0.15744E-01    0.45513E-03    0.11754E-01    0.52092E-03    0.12222E-01    0.46390E-03    0.11816E-01
19700  2    0.11680E-06    0.17965E-06    0.12252E-06    0.62746E-07    0.54059E-04    0.10268E-06    0.76974E-04    0.66376E-07    0.56142E-04    0.56111E-03    0.10398E-01    0.72458E-03    0.12408E-01    0.57788E-03    0.10596E-01    0.36999E-03    0.50871E-02    0.53991E-03    0.81229E-02    0.38544E-03    0.53631E-02    0.11073E-06    0.30803E-06    0.12169E-06    0.11073E-06    0.00000E+00    0.30803E-06    0.00000E+00    0.12169E-06    0.00000E+00    0.47059E-03    0.00000E+00    0.78490E-03    0.00000E+00    0.49333E-03    0.00000E+00    0.30338E-03    0.00000E+00    0.54360E-03    0.00000E+00    0.31672E-03    0.00000E+00    0.12475E-06    0.11546E-06    0.12351E-06    0.00000E+00    0.12475E-03    0.00000E+00    0.11546E-03    0.00000E+00    0.12351E-03    0.66103E-03    0.15796E-01    0.69246E-03    0.15196E-01    0.66530E-03    0.15717E-01    0.45711E-03    0.11739E-01    0.53807E-03    0.12184E-01    0.46790E-03    0.11799E-01
19800  3    0.11905E-06    0.19763E-06    0.12619E-06    0.65732E-07    0.53314E-04    0.12034E-06    0.77289E-04    0.70697E-07    0.55493E-04    0.56600E-03    0.10326E-01    0.77509E-03    0.12433E-01    0.58809E-03    0.10535E-01    0.38353E-03    0.50501E-02    0.57225E-03    0.80996E-02    0.40069E-03    0.53273E-02    0.11600E-06    0.36102E-06    0.12961E-06    0.11600E-06    0.00000E+00    0.36102E-06    0.00000E+00    0.12961E-06    0.00000E+00    0.48166E-03    0.00000E+00    0.84973E-03    0.00000E+00    0.50914E-03    0.00000E+00    0.31972E-03    0.00000E+00    0.56272E-03    0.00000E+00    0.33322E-03    0.00000E+00    0.12303E-06    0.11593E-06    0.12209E-06    0.00000E+00    0.12303E-03    0.00000E+00    0.11593E-03    0.00000E+00    0.12209E-03    0.66023E-03    0.15686E-01    0.73494E-03    0.15227E-01    0.67067E-03    0.15626E-01    0.46698E-03    0.11654E-01    0.57702E-03    0.12149E-01    0.48165E-03    0.11720E-01
19900  4    0.13437E-06    0.19867E-06    0.14022E-06    0.80440E-07    0.53933E-04    0.12312E-06    0.75553E-04    0.84320E-07    0.55898E-04    0.62315E-03    0.10386E-01    0.80180E-03    0.12292E-01    0.64145E-03    0.10573E-01    0.43773E-03    0.50839E-02    0.62538E-03    0.80879E-02    0.45479E-03    0.53570E-02    0.14195E-06    0.36936E-06    0.15459E-06    0.14195E-06    0.00000E+00    0.36936E-06    0.00000E+00    0.15459E-06    0.00000E+00    0.53283E-03    0.00000E+00    0.85949E-03    0.00000E+00    0.55603E-03    0.00000E+00    0.37785E-03    0.00000E+00    0.61818E-03    0.00000E+00    0.39120E-03    0.00000E+00    0.12446E-06    0.11333E-06    0.12298E-06    0.00000E+00    0.12446E-03    0.00000E+00    0.11333E-03    0.00000E+00    0.12298E-03    0.72446E-03    0.15777E-01    0.77133E-03    0.15055E-01    0.73089E-03    0.15683E-01    0.51603E-03    0.11732E-01    0.62897E-03    0.12132E-01    0.53109E-03    0.11785E-01
20000  0    0.17240E-06    0.15412E-06    0.17074E-06    0.11802E-06    0.54379E-04    0.78541E-07    0.75583E-04    0.11443E-06    0.56307E-04    0.69425E-03    0.10429E-01    0.63946E-03    0.12295E-01    0.68945E-03    0.10612E-01    0.53578E-03    0.50852E-02    0.53502E-03    0.80745E-02    0.53571E-03    0.53569E-02    0.20827E-06    0.23562E-06    0.20979E-06    0.20827E-06    0.00000E+00    0.23562E-06    0.00000E+00    0.20979E-06    0.00000E+00    0.64539E-03    0.00000E+00    0.68647E-03    0.00000E+00    0.64774E-03    0.00000E+00    0.51406E-03    0.00000E+00    0.62565E-03    0.00000E+00    0.52026E-03    0.00000E+00    0.12549E-06    0.11337E-06    0.12387E-06    0.00000E+00    0.12549E-03    0.00000E+00    0.11337E-03    0.00000E+00    0.12387E-03    0.75338E-03    0.15842E-01    0.61461E-03    0.15058E-01    0.73639E-03    0.15740E-01    0.56417E-03    0.11735E-01    0.48971E-03    0.12112E-01    0.55424E-03    0.11785E-01
20100  1    0.31750E-06    0.24000E-06    0.31046E-06    0.25997E-06    0.57538E-04    0.16671E-06    0.73288E-04    0.25149E-06    0.58970E-04    0.10083E-02    0.10727E-01    0.10768E-02    0.12107E-01    0.10147E-02    0.10860E-01    0.83353E-03    0.52380E-02    0.97870E-03    0.81871E-02    0.84673E-03    0.55061E-02    0.45876E-06    0.50012E-06    0.46106E-06    0.45876E-06    0.00000E+00    0.50012E-06    0.00000E+00    0.46106E-06    0.00000E+00    0.95788E-03    0.00000E+00    0.10001E-02    0.00000E+00    0.96027E-03    0.00000E+00    0.82026E-03    0.00000E+00    0.89091E-03    0.00000E+00    0.82419E-03    0.00000E+00    0.13278E-06    0.10993E-06    0.12973E-06    0.00000E+00    0.13278E-03    0.00000E+00    0.10993E-03    0.00000E+00    0.12973E-03    0.10707E-02    0.16296E-01    0.11132E-02    0.14828E-01    0.10765E-02    0.16108E-01    0.85088E-03    0.12088E-01    0.10226E-02    0.12281E-01    0.87378E-03    0.12114E-01
20200  2    0.11155E-06    0.17054E-06    0.11692E-06    0.59247E-07    0.52308E-04    0.95040E-07    0.75502E-04    0.62501E-07    0.54417E-04    0.54088E-03    0.10228E-01    0.69733E-03    0.12288E-01    0.55692E-03    0.10432E-01    0.35463E-03    0.50049E-02    0.51016E-03    0.79740E-02    0.36877E-03    0.52748E-02    0.10455E-06    0.28512E-06    0.11458E-06    0.10455E-06    0.00000E+00    0.28512E-06    0.00000E+00    0.11458E-06    0.00000E+00    0.45728E-03    0.00000E+00    0.75514E-03    0.00000E+00    0.47872E-03    0.00000E+00    0.28929E-03    0.00000E+00    0.51190E-03    0.00000E+00    0.30165E-03    0.00000E+00    0.12071E-06    0.11325E-06    0.11972E-06    0.00000E+00    0.12071E-03    0.00000E+00    0.11325E-03    0.00000E+00    0.11972E-03    0.63377E-03    0.15538E-01    0.66654E-03    0.15050E-01    0.63824E-03    0.15474E-01    0.44009E-03    0.11550E-01    0.50929E-03    0.11961E-01    0.44932E-03    0.11605E-01
20300  3    0.11378E-06    0.16247E-06    0.11820E-06    0.61788E-07    0.51989E-04    0.87022E-07    0.75453E-04    0.64082E-07    0.54122E-04    0.54169E-03    0.10197E-01    0.66418E-03    0.12284E-01    0.55395E-03    0.10404E-01    0.37258E-03    0.49883E-02    0.50147E-03    0.79289E-02    0.38430E-03    0.52556E-02    0.10904E-06    0.26107E-06    0.11748E-06    0.10904E-06    0.00000E+00    0.26107E-06    0.00000E+00    0.11748E-06    0.00000E+00    0.46699E-03    0.00000E+00    0.72259E-03    0.00000E+00    0.48474E-03    0.00000E+00    0.31703E-03    0.00000E+00    0.53730E-03    0.00000E+00    0.32927E-03    0.00000E+00    0.11998E-06    0.11318E-06    0.11907E-06    0.00000E+00    0.11998E-03    0.00000E+00    0.11318E-03    0.00000E+00    0.11907E-03    0.62608E-03    0.15490E-01    0.63296E-03    0.15045E-01    0.62700E-03    0.15432E-01    0.44523E-03    0.11511E-01    0.48355E-03    0.11893E-01    0.45034E-03    0.11562E-01
20400  4    0.11008E-06    0.16700E-06    0.11526E-06    0.58331E-07    0.51753E-04    0.92193E-07    0.74805E-04    0.61409E-07    0.53849E-04    0.53652E-03    0.10174E-01    0.68822E-03    0.12232E-01    0.55203E-03    0.10378E-01    0.35141E-03    0.49772E-02    0.50441E-03    0.79166E-02    0.36532E-03    0.52444E-02    0.10294E-06    0.27658E-06    0.11258E-06    0.10294E-06    0.00000E+00    0.27658E-06    0.00000E+00    0.11258E-06    0.00000E+00    0.45373E-03    0.00000E+00    0.74375E-03    0.00000E+00    0.47452E-03    0.00000E+00    0.28682E-03    0.00000E+00    0.50569E-03    0.00000E+00    0.29898E-03    0.00000E+00    0.11943E-06    0.11221E-06    0.11847E-06    0.00000E+00    0.11943E-03    0.00000E+00    0.11221E-03    0.00000E+00    0.11847E-03    0.62853E-03    0.15455E-01    0.65870E-03    0.14981E-01    0.63263E-03    0.15393E-01    0.43588E-03    0.11486E-01    0.50377E-03    0.11875E-01    0.44493E-03    0.11538E-01
20500  5    0.11245E-06    0.16452E-06    0.11718E-06    0.60677E-07    0.51771E-04    0.90586E-07    0.73937E-04    0.63396E-07    0.53786E-04    0.54819E-03    0.10176E-01    0.68846E-03    0.12160E-01    0.56239E-03    0.10372E-01    0.36181E-03    0.49758E-02    0.51914E-03    0.78895E-02    0.37611E-03    0.52407E-02    0.10708E-06    0.27176E-06    0.11623E-06    0.10708E-06    0.00000E+00    0.27176E-06    0.00000E+00    0.11623E-06    0.00000E+00    0.46277E-03    0.00000E+00    0.73724E-03    0.00000E+00    0.48213E-03    0.00000E+00    0.29836E-03    0.00000E+00    0.52296E-03    0.00000E+00    0.31084E-03    0.00000E+00    0.11947E-06    0.11091E-06    0.11833E-06    0.00000E+00    0.11947E-03    0.00000E+00    0.11091E-03    0.00000E+00    0.11833E-03    0.64299E-03    0.15458E-01    0.66272E-03    0.14893E-01    0.64565E-03    0.15384E-01    0.44477E-03    0.11483E-01    0.51723E-03    0.11834E-01    0.45443E-03    0.11530E-01
20600  6    0.10965E-06    0.17604E-06    0.11568E-06    0.58593E-07    0.51053E-04    0.10139E-06    0.74651E-04    0.62484E-07    0.53198E-04    0.53561E-03    0.10105E-01    0.71304E-03    0.12219E-01    0.55409E-03    0.10315E-01    0.35534E-03    0.49406E-02    0.51864E-03    0.78700E-02    0.37018E-03    0.52069E-02    0.10340E-06    0.30418E-06    0.11455E-06    0.10340E-06    0.00000E+00    0.30418E-06    0.00000E+00    0.11455E-06    0.00000E+00    0.45475E-03    0.00000E+00    0.77998E-03    0.00000E+00    0.47865E-03    0.00000E+00    0.29324E-03    0.00000E+00    0.51516E-03    0.00000E+00    0.30556E-03    0.00000E+00    0.11781E-06    0.11198E-06    0.11704E-06    0.00000E+00    0.11781E-03    0.00000E+00    0.11198E-03    0.00000E+00    0.11704E-03    0.62578E-03    0.15350E-01    0.67710E-03    0.14965E-01    0.63286E-03    0.15299E-01    0.43654E-03    0.11401E-01    0.52038E-03    0.11805E-01    0.44772E-03    0.11455E-01
20700  7    0.32804E-06    0.24249E-06    0.32026E-06    0.27227E-06    0.55772E-04    0.17172E-06    0.70763E-04    0.26313E-06    0.57135E-04    0.10258E-02    0.10561E-01    0.10962E-02    0.11896E-01    0.10324E-02    0.10690E-01    0.85731E-03    0.51458E-02    0.99909E-03    0.80150E-02    0.87019E-03    0.54066E-02    0.48047E-06    0.51517E-06    0.48240E-06    0.48047E-06    0.00000E+00    0.51517E-06    0.00000E+00    0.48240E-06    0.00000E+00    0.98028E-03    0.00000E+00    0.10151E-02    0.00000E+00    0.98224E-03    0.00000E+00    0.84804E-03    0.00000E+00    0.90786E-03    0.00000E+00    0.85136E-03    0.00000E+00    0.12871E-06    0.10614E-06    0.12570E-06    0.00000E+00    0.12871E-03    0.00000E+00    0.10614E-03    0.00000E+00    0.12570E-03    0.10823E-02    0.16044E-01    0.11346E-02    0.14570E-01    0.10895E-02    0.15855E-01    0.86942E-03    0.11875E-01    0.10447E-02    0.12022E-01    0.89279E-03    0.11895E-01
20800  8    0.10708E-06    0.16160E-06    0.11204E-06    0.56501E-07    0.50579E-04    0.87861E-07    0.73740E-04    0.59352E-07    0.52685E-04    0.52544E-03    0.10058E-01    0.67307E-03    0.12144E-01    0.54053E-03    0.10265E-01    0.34388E-03    0.49150E-02    0.49074E-03    0.78024E-02    0.35723E-03    0.51775E-02    0.99708E-07    0.26358E-06    0.10881E-06    0.99708E-07    0.00000E+00    0.26358E-06    0.00000E+00    0.10881E-06    0.00000E+00    0.44656E-03    0.00000E+00    0.72606E-03    0.00000E+00    0.46650E-03    0.00000E+00    0.28098E-03    0.00000E+00    0.49173E-03    0.00000E+00    0.29269E-03    0.00000E+00    0.11672E-06    0.11061E-06    0.11591E-06    0.00000E+00    0.11672E-03    0.00000E+00    0.11061E-03    0.00000E+00    0.11591E-03    0.61348E-03    0.15279E-01    0.64494E-03    0.14873E-01    0.61776E-03    0.15225E-01    0.42614E-03    0.11342E-01    0.49024E-03    0.11704E-01    0.43469E-03    0.11391E-01
20900  9    0.10638E-06    0.16040E-06    0.11129E-06    0.56098E-07    0.50282E-04    0.86931E-07    0.73474E-04    0.58901E-07    0.52391E-04    0.52286E-03    0.10028E-01    0.66932E-03    0.12122E-01    0.53782E-03    0.10236E-01    0.34201E-03    0.48999E-02    0.48722E-03    0.77756E-02    0.35521E-03    0.51613E-02    0.98996E-07    0.26079E-06    0.10798E-06    0.98996E-07    0.00000E+00    0.26079E-06    0.00000E+00    0.10798E-06    0.00000E+00    0.44496E-03    0.00000E+00    0.72221E-03    0.00000E+00    0.46473E-03    0.00000E+00    0.27959E-03    0.00000E+00    0.48903E-03    0.00000E+00    0.29123E-03    0.00000E+00    0.11604E-06    0.11021E-06    0.11526E-06    0.00000E+00    0.11604E-03    0.00000E+00    0.11021E-03    0.00000E+00    0.11526E-03    0.60989E-03    0.15234E-01    0.64124E-03    0.14847E-01    0.61416E-03    0.15183E-01    0.42362E-03    0.11307E-01    0.48632E-03    0.11663E-01    0.43198E-03    0.11355E-01
21000  0    0.10707E-06    0.15075E-06    0.11104E-06    0.56940E-07    0.50133E-04    0.77761E-07    0.72993E-04    0.58833E-07    0.52212E-04    0.52312E-03    0.10013E-01    0.63725E-03    0.12082E-01    0.53451E-03    0.10219E-01    0.34778E-03    0.48901E-02    0.47694E-03    0.77376E-02    0.35952E-03    0.51490E-02    0.10048E-06    0.23328E-06    0.10786E-06    0.10048E-06    0.00000E+00    0.23328E-06    0.00000E+00    0.10786E-06    0.00000E+00    0.44829E-03    0.00000E+00    0.68306E-03    0.00000E+00    0.46446E-03    0.00000E+00    0.28932E-03    0.00000E+00    0.49862E-03    0.00000E+00    0.30094E-03    0.00000E+00    0.11569E-06    0.10949E-06    0.11487E-06    0.00000E+00    0.11569E-03    0.00000E+00    0.10949E-03    0.00000E+00    0.11487E-03    0.60722E-03    0.15211E-01    0.61307E-03    0.14798E-01    0.60801E-03    0.15157E-01    0.42423E-03    0.11285E-01    0.46610E-03    0.11606E-01    0.42981E-03    0.11328E-01
21100  1    0.12796E-06    0.17978E-06    0.13267E-06    0.78783E-07    0.49177E-04    0.10439E-06    0.75387E-04    0.81111E-07    0.51560E-04    0.57224E-03    0.99174E-02    0.73757E-03    0.12279E-01    0.58919E-03    0.10155E-01    0.41883E-03    0.48277E-02    0.59246E-03    0.77142E-02    0.43462E-03    0.50901E-02    0.13903E-06    0.31318E-06    0.14870E-06    0.13903E-06    0.00000E+00    0.31318E-06    0.00000E+00    0.14870E-06    0.00000E+00    0.52731E-03    0.00000E+00    0.79142E-03    0.00000E+00    0.54535E-03    0.00000E+00    0.37350E-03    0.00000E+00    0.61508E-03    0.00000E+00    0.38692E-03    0.00000E+00    0.11349E-06    0.11308E-06    0.11343E-06    0.00000E+00    0.11349E-03    0.00000E+00    0.11308E-03    0.00000E+00    0.11343E-03    0.62614E-03    0.15066E-01    0.70910E-03    0.15039E-01    0.63783E-03    0.15062E-01    0.47811E-03    0.11141E-01    0.58115E-03    0.11571E-01    0.49185E-03    0.11198E-01
21200  2    0.10440E-06    0.15597E-06    0.10908E-06    0.54914E-07    0.49481E-04    0.83259E-07    0.72706E-04    0.57491E-07    0.51593E-04    0.51542E-03    0.99480E-02    0.65609E-03    0.12059E-01    0.52976E-03    0.10158E-01    0.33669E-03    0.48543E-02    0.47670E-03    0.76923E-02    0.34942E-03    0.51123E-02    0.96907E-07    0.24978E-06    0.10540E-06    0.96907E-07    0.00000E+00    0.24978E-06    0.00000E+00    0.10540E-06    0.00000E+00    0.44024E-03    0.00000E+00    0.70679E-03    0.00000E+00    0.45913E-03    0.00000E+00    0.27549E-03    0.00000E+00    0.47949E-03    0.00000E+00    0.28682E-03    0.00000E+00    0.11419E-06    0.10906E-06    0.11350E-06    0.00000E+00    0.11419E-03    0.00000E+00    0.10906E-03    0.00000E+00    0.11350E-03    0.59968E-03    0.15112E-01    0.62921E-03    0.14769E-01    0.60370E-03    0.15067E-01    0.41672E-03    0.11202E-01    0.47530E-03    0.11538E-01    0.42453E-03    0.11247E-01
21300  3    0.36465E-06    0.24556E-06    0.35382E-06    0.31278E-06    0.51870E-04    0.17357E-06    0.71988E-04    0.30012E-06    0.53699E-04    0.10442E-02    0.10185E-01    0.88488E-03    0.11999E-01    0.10308E-02    0.10363E-01    0.85104E-03    0.49039E-02    0.71739E-03    0.77658E-02    0.83889E-03    0.51640E-02    0.55196E-06    0.52070E-06    0.55022E-06    0.55196E-06    0.00000E+00    0.52070E-06    0.00000E+00    0.55022E-06    0.00000E+00    0.10507E-02    0.00000E+00    0.10205E-02    0.00000E+00    0.10490E-02    0.00000E+00    0.86363E-03    0.00000E+00    0.88504E-03    0.00000E+00    0.86482E-03    0.00000E+00    0.11970E-06    0.10798E-06    0.11814E-06    0.00000E+00    0.11970E-03    0.00000E+00    0.10798E-03    0.00000E+00    0.11814E-03    0.10358E-02    0.15473E-01    0.80858E-03    0.14696E-01    0.10084E-02    0.15371E-01    0.83458E-03    0.11317E-01    0.63356E-03    0.11649E-01    0.80778E-03    0.11361E-01
21400  4    0.28766E-06    0.26704E-06    0.28579E-06    0.23904E-06    0.48622E-04    0.18595E-06    0.81088E-04    0.23421E-06    0.51574E-04    0.90487E-03    0.98613E-02    0.10654E-02    0.12735E-01    0.92063E-03    0.10156E-01    0.75857E-03    0.47502E-02    0.95147E-03    0.76815E-02    0.77610E-03    0.50167E-02    0.42184E-06    0.55785E-06    0.42939E-06    0.42184E-06    0.00000E+00    0.55785E-06    0.00000E+00    0.42939E-06    0.00000E+00    0.91852E-03    0.00000E+00    0.10563E-02    0.00000E+00    0.92671E-03    0.00000E+00    0.76511E-03    0.00000E+00    0.98873E-03    0.00000E+00    0.77753E-03    0.00000E+00    0.11221E-06    0.12163E-06    0.11346E-06    0.00000E+00    0.11221E-03    0.00000E+00    0.12163E-03    0.00000E+00    0.11346E-03    0.88672E-03    0.14980E-01    0.10700E-02    0.15597E-01    0.91328E-03    0.15064E-01    0.75001E-03    0.10962E-01    0.93284E-03    0.11522E-01    0.77439E-03    0.11037E-01
21500  5    0.10245E-06    0.15259E-06    0.10701E-06    0.53724E-07    0.48725E-04    0.80755E-07    0.71832E-04    0.56181E-07    0.50825E-04    0.50947E-03    0.98716E-02    0.64725E-03    0.11986E-01    0.52350E-03    0.10082E-01    0.33241E-03    0.48102E-02    0.47046E-03    0.76116E-02    0.34496E-03    0.50649E-02    0.94807E-07    0.24227E-06    0.10300E-06    0.94807E-07    0.00000E+00    0.24227E-06    0.00000E+00    0.10300E-06    0.00000E+00    0.43545E-03    0.00000E+00    0.69608E-03    0.00000E+00    0.45387E-03    0.00000E+00    0.27238E-03    0.00000E+00    0.47189E-03    0.00000E+00    0.28346E-03    0.00000E+00    0.11244E-06    0.10775E-06    0.11182E-06    0.00000E+00    0.11244E-03    0.00000E+00    0.10775E-03    0.00000E+00    0.11182E-03    0.59248E-03    0.14996E-01    0.62139E-03    0.14680E-01    0.59642E-03    0.14954E-01    0.41092E-03    0.11100E-01    0.46975E-03    0.11417E-01    0.41877E-03    0.11143E-01
21600  6    0.12160E-06    0.15183E-06    0.12435E-06    0.72048E-07    0.49554E-04    0.81940E-07    0.69885E-04    0.72947E-07    0.51403E-04    0.57964E-03    0.99553E-02    0.67795E-03    0.11822E-01    0.58925E-03    0.10139E-01    0.40166E-03    0.48399E-02    0.54095E-03    0.75999E-02    0.41433E-03    0.50908E-02    0.12714E-06    0.24582E-06    0.13374E-06    0.12714E-06    0.00000E+00    0.24582E-06    0.00000E+00    0.13374E-06    0.00000E+00    0.50427E-03    0.00000E+00    0.70117E-03    0.00000E+00    0.51718E-03    0.00000E+00    0.34937E-03    0.00000E+00    0.53840E-03    0.00000E+00    0.35987E-03    0.00000E+00    0.11436E-06    0.10483E-06    0.11309E-06    0.00000E+00    0.11436E-03    0.00000E+00    0.10483E-03    0.00000E+00    0.11309E-03    0.66544E-03    0.15123E-01    0.66603E-03    0.14479E-01    0.66552E-03    0.15039E-01    0.47004E-03    0.11169E-01    0.54222E-03    0.11400E-01    0.47967E-03    0.11200E-01
21700  7    0.10384E-06    0.16341E-06    0.10925E-06    0.55680E-07    0.48159E-04    0.92097E-07    0.71311E-04    0.58991E-07    0.50263E-04    0.51783E-03    0.98141E-02    0.68634E-03    0.11942E-01    0.53535E-03    0.10026E-01    0.34627E-03    0.47757E-02    0.50699E-03    0.75674E-02    0.36088E-03    0.50295E-02    0.98259E-07    0.27629E-06    0.10815E-06    0.98259E-07    0.00000E+00    0.27629E-06    0.00000E+00    0.10815E-06    0.00000E+00    0.44330E-03    0.00000E+00    0.74336E-03    0.00000E+00    0.46508E-03    0.00000E+00    0.29119E-03    0.00000E+00    0.50087E-03    0.00000E+00    0.30284E-03    0.00000E+00    0.11114E-06    0.10697E-06    0.11058E-06    0.00000E+00    0.11114E-03    0.00000E+00    0.10697E-03    0.00000E+00    0.11058E-03    0.60152E-03    0.14909E-01    0.65597E-03    0.14626E-01    0.60906E-03    0.14871E-01    0.41830E-03    0.11021E-01    0.51005E-03    0.11351E-01    0.43054E-03    0.11065E-01
21800  8    0.11066E-06    0.15599E-06    0.11478E-06    0.63138E-07    0.47526E-04    0.83349E-07    0.72637E-04    0.64976E-07    0.49809E-04    0.52374E-03    0.97494E-02    0.66005E-03    0.12053E-01    0.53756E-03    0.99808E-02    0.36938E-03    0.47367E-02    0.51989E-03    0.75222E-02    0.38307E-03    0.49899E-02    0.11142E-06    0.25005E-06    0.11912E-06    0.11142E-06    0.00000E+00    0.25005E-06    0.00000E+00    0.11912E-06    0.00000E+00    0.47206E-03    0.00000E+00    0.70717E-03    0.00000E+00    0.48810E-03    0.00000E+00    0.32116E-03    0.00000E+00    0.53322E-03    0.00000E+00    0.33294E-03    0.00000E+00    0.10967E-06    0.10895E-06    0.10958E-06    0.00000E+00    0.10967E-03    0.00000E+00    0.10895E-03    0.00000E+00    0.10958E-03    0.58446E-03    0.14810E-01    0.63517E-03    0.14762E-01    0.59147E-03    0.14804E-01    0.43245E-03    0.10931E-01    0.51323E-03    0.11283E-01    0.44322E-03    0.10978E-01
21900  9    0.10286E-06    0.15924E-06    0.10798E-06    0.55451E-07    0.47408E-04    0.87558E-07    0.71682E-04    0.58370E-07    0.49615E-04    0.50690E-03    0.97374E-02    0.67156E-03    0.11973E-01    0.52401E-03    0.99614E-02    0.33799E-03    0.47297E-02    0.48590E-03    0.75127E-02    0.35143E-03    0.49827E-02    0.97855E-07    0.26267E-06    0.10701E-06    0.97855E-07    0.00000E+00    0.26267E-06    0.00000E+00    0.10701E-06    0.00000E+00    0.44239E-03    0.00000E+00    0.72481E-03    0.00000E+00    0.46263E-03    0.00000E+00    0.28168E-03    0.00000E+00    0.47369E-03    0.00000E+00    0.29235E-03    0.00000E+00    0.10940E-06    0.10752E-06    0.10915E-06    0.00000E+00    0.10940E-03    0.00000E+00    0.10752E-03    0.00000E+00    0.10915E-03    0.58054E-03    0.14792E-01    0.64329E-03    0.14664E-01    0.58929E-03    0.14775E-01    0.41161E-03    0.10915E-01    0.49201E-03    0.11269E-01    0.42233E-03    0.10962E-01
22000  0    0.99493E-07    0.14466E-06    0.10360E-06    0.51992E-07    0.47502E-04    0.74216E-07    0.70448E-04    0.54012E-07    0.49588E-04    0.49889E-03    0.97470E-02    0.62322E-03    0.11870E-01    0.51144E-03    0.99587E-02    0.32500E-03    0.47356E-02    0.45478E-03    0.74749E-02    0.33680E-03    0.49846E-02    0.91750E-07    0.22265E-06    0.99022E-07    0.91750E-07    0.00000E+00    0.22265E-06    0.00000E+00    0.99022E-07    0.00000E+00    0.42837E-03    0.00000E+00    0.66731E-03    0.00000E+00    0.44502E-03    0.00000E+00    0.26693E-03    0.00000E+00    0.45799E-03    0.00000E+00    0.27754E-03    0.00000E+00    0.10962E-06    0.10567E-06    0.10909E-06    0.00000E+00    0.10962E-03    0.00000E+00    0.10567E-03    0.00000E+00    0.10909E-03    0.57827E-03    0.14807E-01    0.59997E-03    0.14538E-01    0.58121E-03    0.14771E-01    0.40095E-03    0.10928E-01    0.45318E-03    0.11212E-01    0.40791E-03    0.10966E-01
22100  0    0.99130E-07    0.14280E-06    0.10310E-06    0.51808E-07    0.47322E-04    0.72762E-07    0.70034E-04    0.53713E-07    0.49387E-04    0.49855E-03    0.97285E-02    0.61905E-03    0.11835E-01    0.51068E-03    0.99385E-02    0.32463E-03    0.47232E-02    0.45313E-03    0.74477E-02    0.33631E-03    0.49708E-02    0.91425E-07    0.21829E-06    0.98473E-07    0.91425E-07    0.00000E+00    0.21829E-06    0.00000E+00    0.98473E-07    0.00000E+00    0.42761E-03    0.00000E+00    0.66074E-03    0.00000E+00    0.44379E-03    0.00000E+00    0.26663E-03    0.00000E+00    0.45566E-03    0.00000E+00    0.27713E-03    0.00000E+00    0.10920E-06    0.10505E-06    0.10865E-06    0.00000E+00    0.10920E-03    0.00000E+00    0.10505E-03    0.00000E+00    0.10865E-03    0.57834E-03    0.14779E-01    0.59711E-03    0.14495E-01    0.58088E-03    0.14741E-01    0.40047E-03    0.10900E-01    0.45187E-03    0.11172E-01    0.40733E-03    0.10936E-01
22200  1    0.98259E-07    0.14393E-06    0.10241E-06    0.51249E-07    0.47010E-04    0.73943E-07    0.69990E-04    0.53312E-07    0.49099E-04    0.49481E-03    0.96964E-02    0.62196E-03    0.11831E-01    0.50768E-03    0.99095E-02    0.32208E-03    0.47044E-02    0.45244E-03    0.74232E-02    0.33393E-03    0.49516E-02    0.90440E-07    0.22183E-06    0.97739E-07    0.90440E-07    0.00000E+00    0.22183E-06    0.00000E+00    0.97739E-07    0.00000E+00    0.42530E-03    0.00000E+00    0.66608E-03    0.00000E+00    0.44213E-03    0.00000E+00    0.26459E-03    0.00000E+00    0.45303E-03    0.00000E+00    0.27506E-03    0.00000E+00    0.10848E-06    0.10499E-06    0.10802E-06    0.00000E+00    0.10848E-03    0.00000E+00    0.10499E-03    0.00000E+00    0.10802E-03    0.57312E-03    0.14730E-01    0.59868E-03    0.14490E-01    0.57659E-03    0.14698E-01    0.39726E-03    0.10856E-01    0.45214E-03    0.11135E-01    0.40457E-03    0.10893E-01
22300  2    0.12601E-06    0.20853E-06    0.13351E-06    0.79446E-07    0.46560E-04    0.13664E-06    0.71886E-04    0.84645E-07    0.48862E-04    0.58036E-03    0.96498E-02    0.80993E-03    0.11990E-01    0.60484E-03    0.98855E-02    0.42572E-03    0.46581E-02    0.62355E-03    0.74527E-02    0.44370E-03    0.49122E-02    0.14020E-06    0.40992E-06    0.15518E-06    0.14020E-06    0.00000E+00    0.40992E-06    0.00000E+00    0.15518E-06    0.00000E+00    0.52952E-03    0.00000E+00    0.90545E-03    0.00000E+00    0.55710E-03    0.00000E+00    0.39233E-03    0.00000E+00    0.66512E-03    0.00000E+00    0.40749E-03    0.00000E+00    0.10745E-06    0.10783E-06    0.10750E-06    0.00000E+00    0.10745E-03    0.00000E+00    0.10783E-03    0.00000E+00    0.10750E-03    0.64079E-03    0.14659E-01    0.75766E-03    0.14685E-01    0.65757E-03    0.14663E-01    0.46937E-03    0.10750E-01    0.60276E-03    0.11179E-01    0.48716E-03    0.10807E-01
22400  0    0.10276E-06    0.13584E-06    0.10577E-06    0.55705E-07    0.47057E-04    0.67332E-07    0.68508E-04    0.56762E-07    0.49007E-04    0.51469E-03    0.97012E-02    0.60567E-03    0.11705E-01    0.52361E-03    0.99002E-02    0.33856E-03    0.46966E-02    0.45724E-03    0.73724E-02    0.34935E-03    0.49398E-02    0.98303E-07    0.20200E-06    0.10406E-06    0.98303E-07    0.00000E+00    0.20200E-06    0.00000E+00    0.10406E-06    0.00000E+00    0.44340E-03    0.00000E+00    0.63560E-03    0.00000E+00    0.45621E-03    0.00000E+00    0.28296E-03    0.00000E+00    0.45897E-03    0.00000E+00    0.29274E-03    0.00000E+00    0.10859E-06    0.10276E-06    0.10782E-06    0.00000E+00    0.10859E-03    0.00000E+00    0.10276E-03    0.00000E+00    0.10782E-03    0.59516E-03    0.14737E-01    0.59013E-03    0.14336E-01    0.59449E-03    0.14684E-01    0.41127E-03    0.10838E-01    0.45638E-03    0.11059E-01    0.41728E-03    0.10868E-01
22500  1    0.96581E-07    0.14062E-06    0.10058E-06    0.50279E-07    0.46302E-04    0.71337E-07    0.69278E-04    0.52194E-07    0.48391E-04    0.48853E-03    0.96231E-02    0.61184E-03    0.11771E-01    0.50100E-03    0.98378E-02    0.31766E-03    0.46596E-02    0.44486E-03    0.73640E-02    0.32922E-03    0.49054E-02    0.88728E-07    0.21401E-06    0.95688E-07    0.88728E-07    0.00000E+00    0.21401E-06    0.00000E+00    0.95688E-07    0.00000E+00    0.42125E-03    0.00000E+00    0.65424E-03    0.00000E+00    0.43747E-03    0.00000E+00    0.26121E-03    0.00000E+00    0.44519E-03    0.00000E+00    0.27143E-03    0.00000E+00    0.10685E-06    0.10392E-06    0.10646E-06    0.00000E+00    0.10685E-03    0.00000E+00    0.10392E-03    0.00000E+00    0.10646E-03    0.56454E-03    0.14619E-01    0.58951E-03    0.14416E-01    0.56793E-03    0.14592E-01    0.39148E-03    0.10753E-01    0.44470E-03    0.11046E-01    0.39858E-03    0.10792E-01
22600  0    0.96595E-07    0.13479E-06    0.10007E-06    0.50458E-07    0.46137E-04    0.65918E-07    0.68873E-04    0.51864E-07    0.48204E-04    0.48771E-03    0.96060E-02    0.59301E-03    0.11737E-01    0.49821E-03    0.98188E-02    0.31872E-03    0.46474E-02    0.43954E-03    0.73384E-02    0.32971E-03    0.48921E-02    0.89044E-07    0.19775E-06    0.95083E-07    0.89044E-07    0.00000E+00    0.19775E-06    0.00000E+00    0.95083E-07    0.00000E+00    0.42200E-03    0.00000E+00    0.62889E-03    0.00000E+00    0.43608E-03    0.00000E+00    0.26318E-03    0.00000E+00    0.44712E-03    0.00000E+00    0.27340E-03    0.00000E+00    0.10647E-06    0.10331E-06    0.10605E-06    0.00000E+00    0.10647E-03    0.00000E+00    0.10331E-03    0.00000E+00    0.10605E-03    0.56217E-03    0.14592E-01    0.57424E-03    0.14374E-01    0.56379E-03    0.14564E-01    0.39136E-03    0.10725E-01    0.43575E-03    0.11008E-01    0.39728E-03    0.10763E-01
22700  1    0.97870E-07    0.14338E-06    0.10201E-06    0.51852E-07    0.46017E-04    0.75164E-07    0.68217E-04    0.53972E-07    0.48035E-04    0.49843E-03    0.95935E-02    0.62956E-03    0.11681E-01    0.51174E-03    0.98016E-02    0.32938E-03    0.46371E-02    0.46984E-03    0.73201E-02    0.34215E-03    0.48810E-02    0.91504E-07    0.22549E-06    0.98948E-07    0.91504E-07    0.00000E+00    0.22549E-06    0.00000E+00    0.98948E-07    0.00000E+00    0.42780E-03    0.00000E+00    0.67156E-03    0.00000E+00    0.44486E-03    0.00000E+00    0.27581E-03    0.00000E+00    0.46954E-03    0.00000E+00    0.28657E-03    0.00000E+00    0.10619E-06    0.10233E-06    0.10568E-06    0.00000E+00    0.10619E-03    0.00000E+00    0.10233E-03    0.00000E+00    0.10568E-03    0.57791E-03    0.14574E-01    0.60747E-03    0.14306E-01    0.58194E-03    0.14538E-01    0.39944E-03    0.10701E-01    0.46999E-03    0.10980E-01    0.40885E-03    0.10738E-01
22800  2    0.94970E-07    0.13883E-06    0.98958E-07    0.49369E-07    0.45601E-04    0.70232E-07    0.68601E-04    0.51265E-07    0.47692E-04    0.48274E-03    0.95500E-02    0.60742E-03    0.11713E-01    0.49538E-03    0.97665E-02    0.31357E-03    0.46140E-02    0.44010E-03    0.73095E-02    0.32507E-03    0.48590E-02    0.87121E-07    0.21070E-06    0.93986E-07    0.87121E-07    0.00000E+00    0.21070E-06    0.00000E+00    0.93986E-07    0.00000E+00    0.41742E-03    0.00000E+00    0.64915E-03    0.00000E+00    0.43356E-03    0.00000E+00    0.25809E-03    0.00000E+00    0.43783E-03    0.00000E+00    0.26807E-03    0.00000E+00    0.10523E-06    0.10290E-06    0.10492E-06    0.00000E+00    0.10523E-03    0.00000E+00    0.10290E-03    0.00000E+00    0.10492E-03    0.55672E-03    0.14508E-01    0.58544E-03    0.14346E-01    0.56063E-03    0.14486E-01    0.38612E-03    0.10648E-01    0.44124E-03    0.10964E-01    0.39347E-03    0.10690E-01
22900  3    0.94966E-07    0.14251E-06    0.99288E-07    0.49584E-07    0.45382E-04    0.74160E-07    0.68350E-04    0.51818E-07    0.47470E-04    0.48426E-03    0.95270E-02    0.62223E-03    0.11692E-01    0.49838E-03    0.97437E-02    0.31671E-03    0.45986E-02    0.45244E-03    0.72933E-02    0.32905E-03    0.48436E-02    0.87500E-07    0.22248E-06    0.94999E-07    0.87500E-07    0.00000E+00    0.22248E-06    0.00000E+00    0.94999E-07    0.00000E+00    0.41833E-03    0.00000E+00    0.66705E-03    0.00000E+00    0.43589E-03    0.00000E+00    0.26347E-03    0.00000E+00    0.44738E-03    0.00000E+00    0.27368E-03    0.00000E+00    0.10473E-06    0.10252E-06    0.10443E-06    0.00000E+00    0.10473E-03    0.00000E+00    0.10252E-03    0.00000E+00    0.10443E-03    0.55885E-03    0.14473E-01    0.59855E-03    0.14320E-01    0.56431E-03    0.14452E-01    0.38633E-03    0.10612E-01    0.45497E-03    0.10940E-01    0.39549E-03    0.10656E-01
23000  4    0.17210E-06    0.17826E-06    0.17266E-06    0.12748E-06    0.44625E-04    0.10503E-06    0.73230E-04    0.12544E-06    0.47226E-04    0.67674E-03    0.94472E-02    0.77339E-03    0.12102E-01    0.68609E-03    0.97186E-02    0.54746E-03    0.45350E-02    0.68821E-03    0.73274E-02    0.56026E-03    0.47889E-02    0.22496E-06    0.31508E-06    0.22997E-06    0.22496E-06    0.00000E+00    0.31508E-06    0.00000E+00    0.22997E-06    0.00000E+00    0.67076E-03    0.00000E+00    0.79383E-03    0.00000E+00    0.67819E-03    0.00000E+00    0.53346E-03    0.00000E+00    0.70482E-03    0.00000E+00    0.54298E-03    0.00000E+00    0.10298E-06    0.10985E-06    0.10390E-06    0.00000E+00    0.10298E-03    0.00000E+00    0.10985E-03    0.00000E+00    0.10390E-03    0.68448E-03    0.14351E-01    0.76296E-03    0.14822E-01    0.69545E-03    0.14415E-01    0.56578E-03    0.10465E-01    0.67991E-03    0.10991E-01    0.58100E-03    0.10536E-01
23100  5    0.93450E-07    0.13574E-06    0.97295E-07    0.48471E-07    0.44979E-04    0.67890E-07    0.67854E-04    0.50237E-07    0.47058E-04    0.47748E-03    0.94846E-02    0.59835E-03    0.11649E-01    0.48970E-03    0.97014E-02    0.30987E-03    0.45719E-02    0.43371E-03    0.72534E-02    0.32113E-03    0.48157E-02    0.85537E-07    0.20367E-06    0.92100E-07    0.85537E-07    0.00000E+00    0.20367E-06    0.00000E+00    0.92100E-07    0.00000E+00    0.41361E-03    0.00000E+00    0.63823E-03    0.00000E+00    0.42919E-03    0.00000E+00    0.25541E-03    0.00000E+00    0.43091E-03    0.00000E+00    0.26516E-03    0.00000E+00    0.10380E-06    0.10178E-06    0.10353E-06    0.00000E+00    0.10380E-03    0.00000E+00    0.10178E-03    0.00000E+00    0.10353E-03    0.54992E-03    0.14408E-01    0.57738E-03    0.14267E-01    0.55366E-03    0.14389E-01    0.38108E-03    0.10551E-01    0.43511E-03    0.10880E-01    0.38829E-03    0.10595E-01
23200  6    0.11094E-06    0.18354E-06    0.11754E-06    0.66096E-07    0.44843E-04    0.11538E-06    0.68155E-04    0.70576E-07    0.46962E-04    0.54317E-03    0.94702E-02    0.74314E-03    0.11675E-01    0.56429E-03    0.96914E-02    0.38602E-03    0.45515E-02    0.54828E-03    0.72550E-02    0.40077E-03    0.47973E-02    0.11664E-06    0.34614E-06    0.12939E-06    0.11664E-06    0.00000E+00    0.34614E-06    0.00000E+00    0.12939E-06    0.00000E+00    0.48299E-03    0.00000E+00    0.83204E-03    0.00000E+00    0.50870E-03    0.00000E+00    0.34233E-03    0.00000E+00    0.57038E-03    0.00000E+00    0.35500E-03    0.00000E+00    0.10348E-06    0.10223E-06    0.10332E-06    0.00000E+00    0.10348E-03    0.00000E+00    0.10223E-03    0.00000E+00    0.10332E-03    0.61303E-03    0.14386E-01    0.69444E-03    0.14299E-01    0.62449E-03    0.14375E-01    0.44316E-03    0.10503E-01    0.53723E-03    0.10882E-01    0.45570E-03    0.10554E-01
23300  7    0.89528E-06    0.50605E-06    0.85989E-06    0.83797E-06    0.57305E-04    0.44261E-06    0.63445E-04    0.80203E-06    0.57864E-04    0.17196E-02    0.10706E-01    0.17904E-02    0.11265E-01    0.17261E-02    0.10758E-01    0.15348E-02    0.51299E-02    0.16914E-02    0.75789E-02    0.15491E-02    0.53526E-02    0.14788E-05    0.13278E-05    0.14704E-05    0.14788E-05    0.00000E+00    0.13278E-05    0.00000E+00    0.14704E-05    0.00000E+00    0.17198E-02    0.00000E+00    0.16296E-02    0.00000E+00    0.17149E-02    0.00000E+00    0.15574E-02    0.00000E+00    0.15187E-02    0.00000E+00    0.15553E-02    0.00000E+00    0.13224E-06    0.95167E-07    0.12730E-06    0.00000E+00    0.13224E-03    0.00000E+00    0.95167E-04    0.00000E+00    0.12730E-03    0.17193E-02    0.16263E-01    0.18657E-02    0.13796E-01    0.17395E-02    0.15956E-01    0.15053E-02    0.11838E-01    0.17777E-02    0.11368E-01    0.15416E-02    0.11776E-01
23400  0    0.91987E-07    0.13302E-06    0.95717E-07    0.47630E-07    0.44356E-04    0.65844E-07    0.67176E-04    0.49286E-07    0.46431E-04    0.47199E-03    0.94187E-02    0.59017E-03    0.11591E-01    0.48393E-03    0.96365E-02    0.30606E-03    0.45293E-02    0.42733E-03    0.71981E-02    0.31709E-03    0.47720E-02    0.84054E-07    0.19753E-06    0.90358E-07    0.84054E-07    0.00000E+00    0.19753E-06    0.00000E+00    0.90358E-07    0.00000E+00    0.41001E-03    0.00000E+00    0.62854E-03    0.00000E+00    0.42511E-03    0.00000E+00    0.25247E-03    0.00000E+00    0.42381E-03    0.00000E+00    0.26199E-03    0.00000E+00    0.10236E-06    0.10076E-06    0.10215E-06    0.00000E+00    0.10236E-03    0.00000E+00    0.10076E-03    0.00000E+00    0.10215E-03    0.54246E-03    0.14308E-01    0.57001E-03    0.14196E-01    0.54621E-03    0.14293E-01    0.37614E-03    0.10452E-01    0.42909E-03    0.10797E-01    0.38320E-03    0.10498E-01
23500  0    0.13623E-06    0.11703E-06    0.13449E-06    0.90687E-07    0.45545E-04    0.51619E-07    0.65413E-04    0.87135E-07    0.47352E-04    0.60574E-03    0.95442E-02    0.54494E-03    0.11438E-01    0.60046E-03    0.97316E-02    0.46477E-03    0.45725E-02    0.45201E-03    0.72289E-02    0.46361E-03    0.48140E-02    0.16004E-06    0.15486E-06    0.15975E-06    0.16004E-06    0.00000E+00    0.15486E-06    0.00000E+00    0.15975E-06    0.00000E+00    0.56575E-03    0.00000E+00    0.55652E-03    0.00000E+00    0.56524E-03    0.00000E+00    0.44954E-03    0.00000E+00    0.49973E-03    0.00000E+00    0.45233E-03    0.00000E+00    0.10510E-06    0.98120E-07    0.10417E-06    0.00000E+00    0.10510E-03    0.00000E+00    0.98120E-04    0.00000E+00    0.10417E-03    0.65435E-03    0.14499E-01    0.53905E-03    0.14009E-01    0.64018E-03    0.14434E-01    0.48469E-03    0.10552E-01    0.42814E-03    0.10843E-01    0.47715E-03    0.10591E-01
23600  1    0.93013E-07    0.13445E-06    0.96780E-07    0.49253E-07    0.43760E-04    0.66995E-07    0.67452E-04    0.50866E-07    0.45913E-04    0.47073E-03    0.93552E-02    0.59407E-03    0.11615E-01    0.48325E-03    0.95826E-02    0.31033E-03    0.44898E-02    0.44005E-03    0.71701E-02    0.32212E-03    0.47335E-02    0.86918E-07    0.20098E-06    0.93255E-07    0.86918E-07    0.00000E+00    0.20098E-06    0.00000E+00    0.93255E-07    0.00000E+00    0.41694E-03    0.00000E+00    0.63401E-03    0.00000E+00    0.43187E-03    0.00000E+00    0.25947E-03    0.00000E+00    0.44370E-03    0.00000E+00    0.26970E-03    0.00000E+00    0.10098E-06    0.10118E-06    0.10101E-06    0.00000E+00    0.10098E-03    0.00000E+00    0.10118E-03    0.00000E+00    0.10101E-03    0.53295E-03    0.14212E-01    0.57305E-03    0.14225E-01    0.53847E-03    0.14213E-01    0.37683E-03    0.10361E-01    0.43823E-03    0.10755E-01    0.38502E-03    0.10414E-01
23700  2    0.90691E-07    0.12962E-06    0.94230E-07    0.46871E-07    0.43820E-04    0.63347E-07    0.66275E-04    0.48368E-07    0.45861E-04    0.46850E-03    0.93616E-02    0.58057E-03    0.11513E-01    0.47977E-03    0.95772E-02    0.30374E-03    0.44913E-02    0.42181E-03    0.71392E-02    0.31447E-03    0.47320E-02    0.82713E-07    0.19004E-06    0.88676E-07    0.82713E-07    0.00000E+00    0.19004E-06    0.00000E+00    0.88676E-07    0.00000E+00    0.40673E-03    0.00000E+00    0.61651E-03    0.00000E+00    0.42113E-03    0.00000E+00    0.25123E-03    0.00000E+00    0.41840E-03    0.00000E+00    0.26052E-03    0.00000E+00    0.10112E-06    0.99412E-07    0.10090E-06    0.00000E+00    0.10112E-03    0.00000E+00    0.99412E-04    0.00000E+00    0.10090E-03    0.53869E-03    0.14221E-01    0.56175E-03    0.14101E-01    0.54182E-03    0.14205E-01    0.37239E-03    0.10365E-01    0.42352E-03    0.10709E-01    0.37921E-03    0.10410E-01
23800  3    0.11946E-06    0.14889E-06    0.12214E-06    0.74968E-07    0.44494E-04    0.84862E-07    0.64033E-04    0.75868E-07    0.46270E-04    0.57628E-03    0.94333E-02    0.68809E-03    0.11317E-01    0.58733E-03    0.96197E-02    0.42146E-03    0.45109E-02    0.55684E-03    0.71048E-02    0.43377E-03    0.47467E-02    0.13230E-06    0.25459E-06    0.13909E-06    0.13230E-06    0.00000E+00    0.25459E-06    0.00000E+00    0.13909E-06    0.00000E+00    0.51439E-03    0.00000E+00    0.71356E-03    0.00000E+00    0.52743E-03    0.00000E+00    0.38043E-03    0.00000E+00    0.55172E-03    0.00000E+00    0.38994E-03    0.00000E+00    0.10268E-06    0.96049E-07    0.10179E-06    0.00000E+00    0.10268E-03    0.00000E+00    0.96049E-04    0.00000E+00    0.10179E-03    0.64837E-03    0.14330E-01    0.67499E-03    0.13860E-01    0.65198E-03    0.14268E-01    0.47512E-03    0.10410E-01    0.55940E-03    0.10657E-01    0.48636E-03    0.10443E-01
23900  4    0.92168E-07    0.13997E-06    0.96514E-07    0.48976E-07    0.43192E-04    0.73626E-07    0.66346E-04    0.51217E-07    0.45297E-04    0.47299E-03    0.92943E-02    0.62082E-03    0.11519E-01    0.48828E-03    0.95181E-02    0.31464E-03    0.44480E-02    0.45025E-03    0.71148E-02    0.32697E-03    0.46904E-02    0.86428E-07    0.22088E-06    0.93898E-07    0.86428E-07    0.00000E+00    0.22088E-06    0.00000E+00    0.93898E-07    0.00000E+00    0.41576E-03    0.00000E+00    0.66465E-03    0.00000E+00    0.43335E-03    0.00000E+00    0.26694E-03    0.00000E+00    0.43959E-03    0.00000E+00    0.27653E-03    0.00000E+00    0.99674E-07    0.99519E-07    0.99653E-07    0.00000E+00    0.99674E-04    0.00000E+00    0.99519E-04    0.00000E+00    0.99653E-04    0.53872E-03    0.14119E-01    0.59771E-03    0.14108E-01    0.54696E-03    0.14118E-01    0.37702E-03    0.10265E-01    0.45557E-03    0.10672E-01    0.38749E-03    0.10319E-01
24000  5    0.89253E-07    0.12886E-06    0.92854E-07    0.46111E-07    0.43143E-04    0.63051E-07    0.65813E-04    0.47651E-07    0.45204E-04    0.46199E-03    0.92890E-02    0.57855E-03    0.11473E-01    0.47378E-03    0.95083E-02    0.29902E-03    0.44453E-02    0.41712E-03    0.70868E-02    0.30976E-03    0.46854E-02    0.81371E-07    0.18915E-06    0.87359E-07    0.81371E-07    0.00000E+00    0.18915E-06    0.00000E+00    0.87359E-07    0.00000E+00    0.40341E-03    0.00000E+00    0.61506E-03    0.00000E+00    0.41799E-03    0.00000E+00    0.24732E-03    0.00000E+00    0.41098E-03    0.00000E+00    0.25641E-03    0.00000E+00    0.99561E-07    0.98720E-07    0.99449E-07    0.00000E+00    0.99561E-04    0.00000E+00    0.98720E-04    0.00000E+00    0.99449E-04    0.52890E-03    0.14111E-01    0.55940E-03    0.14051E-01    0.53307E-03    0.14103E-01    0.36664E-03    0.10258E-01    0.42019E-03    0.10630E-01    0.37378E-03    0.10308E-01
24100  6    0.16643E-06    0.17198E-06    0.16694E-06    0.12405E-06    0.42389E-04    0.10056E-06    0.71419E-04    0.12191E-06    0.45028E-04    0.66068E-03    0.92075E-02    0.78191E-03    0.11951E-01    0.67261E-03    0.94898E-02    0.53637E-03    0.43771E-02    0.68827E-03    0.72072E-02    0.55018E-03    0.46344E-02    0.21890E-06    0.30169E-06    0.22350E-06    0.21890E-06    0.00000E+00    0.30169E-06    0.00000E+00    0.22350E-06    0.00000E+00    0.66167E-03    0.00000E+00    0.77677E-03    0.00000E+00    0.66858E-03    0.00000E+00    0.53099E-03    0.00000E+00    0.70411E-03    0.00000E+00    0.54060E-03    0.00000E+00    0.97821E-07    0.10713E-06    0.99062E-07    0.00000E+00    0.97821E-04    0.00000E+00    0.10713E-03    0.00000E+00    0.99062E-04    0.65939E-03    0.13987E-01    0.78446E-03    0.14637E-01    0.67740E-03    0.14076E-01    0.54341E-03    0.10101E-01    0.68035E-03    0.10811E-01    0.56167E-03    0.10196E-01
24200  7    0.22681E-06    0.16432E-06    0.22113E-06    0.18253E-06    0.44275E-04    0.99334E-07    0.64990E-04    0.17497E-06    0.46158E-04    0.80858E-03    0.94101E-02    0.68756E-03    0.11401E-01    0.79834E-03    0.96081E-02    0.64990E-03    0.44718E-02    0.54466E-03    0.71514E-02    0.64033E-03    0.47154E-02    0.32212E-06    0.29800E-06    0.32078E-06    0.32212E-06    0.00000E+00    0.29800E-06    0.00000E+00    0.32078E-06    0.00000E+00    0.80264E-03    0.00000E+00    0.77201E-03    0.00000E+00    0.80097E-03    0.00000E+00    0.65274E-03    0.00000E+00    0.64108E-03    0.00000E+00    0.65209E-03    0.00000E+00    0.10217E-06    0.97485E-07    0.10155E-06    0.00000E+00    0.10217E-03    0.00000E+00    0.97485E-04    0.00000E+00    0.10155E-03    0.81629E-03    0.14295E-01    0.64117E-03    0.13963E-01    0.79517E-03    0.14251E-01    0.64618E-03    0.10320E-01    0.49645E-03    0.10727E-01    0.62622E-03    0.10374E-01
24300  8    0.87885E-07    0.12453E-06    0.91217E-07    0.45285E-07    0.42601E-04    0.59510E-07    0.65023E-04    0.46578E-07    0.44639E-04    0.45699E-03    0.92305E-02    0.56415E-03    0.11404E-01    0.46774E-03    0.94487E-02    0.29568E-03    0.44065E-02    0.40922E-03    0.70375E-02    0.30600E-03    0.46457E-02    0.79914E-07    0.17853E-06    0.85393E-07    0.79914E-07    0.00000E+00    0.17853E-06    0.00000E+00    0.85393E-07    0.00000E+00    0.39979E-03    0.00000E+00    0.59754E-03    0.00000E+00    0.41326E-03    0.00000E+00    0.24477E-03    0.00000E+00    0.40451E-03    0.00000E+00    0.25364E-03    0.00000E+00    0.98309E-07    0.97534E-07    0.98206E-07    0.00000E+00    0.98309E-04    0.00000E+00    0.97534E-04    0.00000E+00    0.98206E-04    0.52242E-03    0.14022E-01    0.54669E-03    0.13967E-01    0.52572E-03    0.14015E-01    0.36226E-03    0.10169E-01    0.41157E-03    0.10556E-01    0.36883E-03    0.10221E-01
24400  9    0.91413E-07    0.12652E-06    0.94604E-07    0.48676E-07    0.42737E-04    0.62689E-07    0.63829E-04    0.49949E-07    0.44655E-04    0.47668E-03    0.92453E-02    0.58142E-03    0.11299E-01    0.48714E-03    0.94504E-02    0.31480E-03    0.44077E-02    0.43787E-03    0.69986E-02    0.32598E-03    0.46432E-02    0.85898E-07    0.18807E-06    0.91574E-07    0.85898E-07    0.00000E+00    0.18807E-06    0.00000E+00    0.91574E-07    0.00000E+00    0.41448E-03    0.00000E+00    0.61330E-03    0.00000E+00    0.42796E-03    0.00000E+00    0.26598E-03    0.00000E+00    0.43679E-03    0.00000E+00    0.27547E-03    0.00000E+00    0.98625E-07    0.95744E-07    0.98241E-07    0.00000E+00    0.98625E-04    0.00000E+00    0.95744E-04    0.00000E+00    0.98241E-04    0.54746E-03    0.14045E-01    0.56481E-03    0.13838E-01    0.54981E-03    0.14017E-01    0.37863E-03    0.10172E-01    0.43842E-03    0.10498E-01    0.38660E-03    0.10215E-01
24500  10    0.88050E-07    0.12953E-06    0.91821E-07    0.45968E-07    0.42082E-04    0.64437E-07    0.65091E-04    0.47647E-07    0.44174E-04    0.45595E-03    0.91741E-02    0.58352E-03    0.11410E-01    0.46899E-03    0.93994E-02    0.29769E-03    0.43699E-02    0.41681E-03    0.70410E-02    0.30852E-03    0.46127E-02    0.81120E-07    0.19331E-06    0.87352E-07    0.81120E-07    0.00000E+00    0.19331E-06    0.00000E+00    0.87352E-07    0.00000E+00    0.40279E-03    0.00000E+00    0.62179E-03    0.00000E+00    0.41798E-03    0.00000E+00    0.24935E-03    0.00000E+00    0.40505E-03    0.00000E+00    0.25800E-03    0.00000E+00    0.97113E-07    0.97636E-07    0.97183E-07    0.00000E+00    0.97113E-04    0.00000E+00    0.97636E-04    0.00000E+00    0.97183E-04    0.51730E-03    0.13937E-01    0.56341E-03    0.13974E-01    0.52368E-03    0.13942E-01    0.36090E-03    0.10084E-01    0.42270E-03    0.10562E-01    0.36914E-03    0.10148E-01
24600  11    0.86611E-07    0.12192E-06    0.89821E-07    0.44554E-07    0.42057E-04    0.57613E-07    0.64305E-04    0.45741E-07    0.44080E-04    0.45240E-03    0.91714E-02    0.55609E-03    0.11341E-01    0.46279E-03    0.93893E-02    0.29250E-03    0.43672E-02    0.40370E-03    0.70073E-02    0.30261E-03    0.46073E-02    0.78624E-07    0.17284E-06    0.83859E-07    0.78624E-07    0.00000E+00    0.17284E-06    0.00000E+00    0.83859E-07    0.00000E+00    0.39655E-03    0.00000E+00    0.58794E-03    0.00000E+00    0.40953E-03    0.00000E+00    0.24247E-03    0.00000E+00    0.39851E-03    0.00000E+00    0.25114E-03    0.00000E+00    0.97055E-07    0.96457E-07    0.96976E-07    0.00000E+00    0.97055E-04    0.00000E+00    0.96457E-04    0.00000E+00    0.96976E-04    0.51641E-03    0.13932E-01    0.53946E-03    0.13889E-01    0.51955E-03    0.13927E-01    0.35793E-03    0.10078E-01    0.40629E-03    0.10511E-01    0.36438E-03    0.10136E-01
24700  12    0.87252E-07    0.12795E-06    0.90951E-07    0.45494E-07    0.41758E-04    0.63251E-07    0.64695E-04    0.47108E-07    0.43843E-04    0.45278E-03    0.91387E-02    0.57627E-03    0.11375E-01    0.46536E-03    0.93641E-02    0.29528E-03    0.43457E-02    0.41331E-03    0.70221E-02    0.30601E-03    0.45890E-02    0.80283E-07    0.18975E-06    0.86364E-07    0.80283E-07    0.00000E+00    0.18975E-06    0.00000E+00    0.86364E-07    0.00000E+00    0.40071E-03    0.00000E+00    0.61604E-03    0.00000E+00    0.41561E-03    0.00000E+00    0.24720E-03    0.00000E+00    0.40600E-03    0.00000E+00    0.25602E-03    0.00000E+00    0.96365E-07    0.97042E-07    0.96455E-07    0.00000E+00    0.96365E-04    0.00000E+00    0.97042E-04    0.00000E+00    0.96455E-04    0.51296E-03    0.13883E-01    0.55532E-03    0.13931E-01    0.51881E-03    0.13889E-01    0.35816E-03    0.10029E-01    0.41696E-03    0.10533E-01    0.36600E-03    0.10096E-01
24800  13    0.85870E-07    0.12059E-06    0.89026E-07    0.44122E-07    0.41747E-04    0.56864E-07    0.63731E-04    0.45280E-07    0.43746E-04    0.45076E-03    0.91376E-02    0.55323E-03    0.11290E-01    0.46102E-03    0.93537E-02    0.29127E-03    0.43434E-02    0.40110E-03    0.69849E-02    0.30125E-03    0.45835E-02    0.77863E-07    0.17059E-06    0.83014E-07    0.77863E-07    0.00000E+00    0.17059E-06    0.00000E+00    0.83014E-07    0.00000E+00    0.39462E-03    0.00000E+00    0.58411E-03    0.00000E+00    0.40747E-03    0.00000E+00    0.24189E-03    0.00000E+00    0.39548E-03    0.00000E+00    0.25042E-03    0.00000E+00    0.96340E-07    0.95596E-07    0.96241E-07    0.00000E+00    0.96340E-04    0.00000E+00    0.95596E-04    0.00000E+00    0.96241E-04    0.51502E-03    0.13881E-01    0.53713E-03    0.13827E-01    0.51802E-03    0.13874E-01    0.35584E-03    0.10023E-01    0.40391E-03    0.10477E-01    0.36225E-03    0.10084E-01
24900  14    0.85678E-07    0.12325E-06    0.89093E-07    0.44241E-07    0.41437E-04    0.59346E-07    0.63901E-04    0.45614E-07    0.43479E-04    0.44831E-03    0.91035E-02    0.56391E-03    0.11305E-01    0.46002E-03    0.93251E-02    0.29058E-03    0.43202E-02    0.40467E-03    0.69918E-02    0.30095E-03    0.45631E-02    0.78073E-07    0.17804E-06    0.83626E-07    0.78073E-07    0.00000E+00    0.17804E-06    0.00000E+00    0.83626E-07    0.00000E+00    0.39515E-03    0.00000E+00    0.59672E-03    0.00000E+00    0.40897E-03    0.00000E+00    0.24243E-03    0.00000E+00    0.39306E-03    0.00000E+00    0.25079E-03    0.00000E+00    0.95623E-07    0.95851E-07    0.95654E-07    0.00000E+00    0.95623E-04    0.00000E+00    0.95851E-04    0.00000E+00    0.95654E-04    0.50952E-03    0.13829E-01    0.54677E-03    0.13846E-01    0.51464E-03    0.13831E-01    0.35355E-03    0.99697E-02    0.41047E-03    0.10488E-01    0.36114E-03    0.10039E-01
25000  15    0.94577E-07    0.14654E-06    0.99300E-07    0.53278E-07    0.41299E-04    0.82924E-07    0.63613E-04    0.55973E-07    0.43327E-04    0.48616E-03    0.90883E-02    0.64852E-03    0.11279E-01    0.50309E-03    0.93089E-02    0.33648E-03    0.43061E-02    0.47825E-03    0.69969E-02    0.34937E-03    0.45508E-02    0.94020E-07    0.24877E-06    0.10262E-06    0.94020E-07    0.00000E+00    0.24877E-06    0.00000E+00    0.10262E-06    0.00000E+00    0.43364E-03    0.00000E+00    0.70537E-03    0.00000E+00    0.45303E-03    0.00000E+00    0.29630E-03    0.00000E+00    0.47946E-03    0.00000E+00    0.30648E-03    0.00000E+00    0.95305E-07    0.95420E-07    0.95320E-07    0.00000E+00    0.95305E-04    0.00000E+00    0.95420E-04    0.00000E+00    0.95320E-04    0.54730E-03    0.13806E-01    0.61813E-03    0.13815E-01    0.55727E-03    0.13807E-01    0.38902E-03    0.99373E-02    0.47764E-03    0.10495E-01    0.40084E-03    0.10012E-01
25100  0    0.98092E-07    0.11488E-06    0.99618E-07    0.56126E-07    0.41966E-04    0.53593E-07    0.61288E-04    0.55896E-07    0.43722E-04    0.50244E-03    0.91614E-02    0.55944E-03    0.11071E-01    0.50788E-03    0.93512E-02    0.34087E-03    0.43393E-02    0.44116E-03    0.69110E-02    0.34999E-03    0.45731E-02    0.99046E-07    0.16078E-06    0.10248E-06    0.99046E-07    0.00000E+00    0.16078E-06    0.00000E+00    0.10248E-06    0.00000E+00    0.44508E-03    0.00000E+00    0.56706E-03    0.00000E+00    0.45272E-03    0.00000E+00    0.29670E-03    0.00000E+00    0.43751E-03    0.00000E+00    0.30452E-03    0.00000E+00    0.96844E-07    0.91932E-07    0.96189E-07    0.00000E+00    0.96844E-04    0.00000E+00    0.91932E-04    0.00000E+00    0.96189E-04    0.56878E-03    0.13917E-01    0.55559E-03    0.13560E-01    0.56704E-03    0.13870E-01    0.39864E-03    0.10014E-01    0.44299E-03    0.10366E-01    0.40455E-03    0.10061E-01
25200  1    0.37781E-06    0.45966E-06    0.38525E-06    0.33577E-06    0.42042E-04    0.39445E-06    0.65212E-04    0.34110E-06    0.44148E-04    0.10954E-02    0.91697E-02    0.13415E-02    0.11420E-01    0.11200E-02    0.93966E-02    0.92619E-03    0.42979E-02    0.10690E-02    0.71447E-02    0.93917E-03    0.45567E-02    0.59253E-06    0.11833E-05    0.62535E-06    0.59253E-06    0.00000E+00    0.11833E-05    0.00000E+00    0.62535E-06    0.00000E+00    0.10886E-02    0.00000E+00    0.15384E-02    0.00000E+00    0.11184E-02    0.00000E+00    0.92760E-03    0.00000E+00    0.11447E-02    0.00000E+00    0.93966E-03    0.00000E+00    0.97019E-07    0.97818E-07    0.97126E-07    0.00000E+00    0.97019E-04    0.00000E+00    0.97818E-04    0.00000E+00    0.97126E-04    0.11042E-02    0.13930E-01    0.12313E-02    0.13987E-01    0.11220E-02    0.13937E-01    0.92434E-03    0.99182E-02    0.10311E-02    0.10717E-01    0.93858E-03    0.10025E-01
25300  2    0.83817E-07    0.11812E-06    0.86935E-07    0.43005E-07    0.40812E-04    0.55292E-07    0.62824E-04    0.44122E-07    0.42813E-04    0.44199E-03    0.90346E-02    0.54576E-03    0.11209E-01    0.45241E-03    0.92534E-02    0.28506E-03    0.42755E-02    0.39363E-03    0.69500E-02    0.29493E-03    0.45187E-02    0.75892E-07    0.16587E-06    0.80891E-07    0.75892E-07    0.00000E+00    0.16587E-06    0.00000E+00    0.80891E-07    0.00000E+00    0.38959E-03    0.00000E+00    0.57598E-03    0.00000E+00    0.40222E-03    0.00000E+00    0.23691E-03    0.00000E+00    0.38504E-03    0.00000E+00    0.24514E-03    0.00000E+00    0.94181E-07    0.94236E-07    0.94188E-07    0.00000E+00    0.94181E-04    0.00000E+00    0.94236E-04    0.00000E+00    0.94188E-04    0.50232E-03    0.13724E-01    0.53000E-03    0.13728E-01    0.50610E-03    0.13725E-01    0.34803E-03    0.98666E-02    0.39792E-03    0.10425E-01    0.35468E-03    0.99410E-02
25400  0    0.84816E-07    0.11235E-06    0.87318E-07    0.44169E-07    0.40646E-04    0.49525E-07    0.62820E-04    0.44656E-07    0.42662E-04    0.44252E-03    0.90162E-02    0.52077E-03    0.11209E-01    0.45020E-03    0.92371E-02    0.29662E-03    0.42636E-02    0.39388E-03    0.69429E-02    0.30547E-03    0.45072E-02    0.77946E-07    0.14858E-06    0.81870E-07    0.77946E-07    0.00000E+00    0.14858E-06    0.00000E+00    0.81870E-07    0.00000E+00    0.39483E-03    0.00000E+00    0.54512E-03    0.00000E+00    0.40465E-03    0.00000E+00    0.25439E-03    0.00000E+00    0.40159E-03    0.00000E+00    0.26257E-03    0.00000E+00    0.93799E-07    0.94230E-07    0.93856E-07    0.00000E+00    0.93799E-04    0.00000E+00    0.94230E-04    0.00000E+00    0.93856E-04    0.49805E-03    0.13697E-01    0.50816E-03    0.13728E-01    0.49941E-03    0.13701E-01    0.35185E-03    0.98391E-02    0.39003E-03    0.10414E-01    0.35694E-03    0.99158E-02
25500  1    0.83087E-07    0.11524E-06    0.86010E-07    0.42540E-07    0.40547E-04    0.53082E-07    0.62156E-04    0.43498E-07    0.42512E-04    0.44041E-03    0.90052E-02    0.53656E-03    0.11150E-01    0.45000E-03    0.92208E-02    0.28408E-03    0.42545E-02    0.38902E-03    0.69262E-02    0.29362E-03    0.44974E-02    0.75070E-07    0.15925E-06    0.79746E-07    0.75070E-07    0.00000E+00    0.15925E-06    0.00000E+00    0.79746E-07    0.00000E+00    0.38748E-03    0.00000E+00    0.56435E-03    0.00000E+00    0.39937E-03    0.00000E+00    0.23640E-03    0.00000E+00    0.38218E-03    0.00000E+00    0.24450E-03    0.00000E+00    0.93570E-07    0.93235E-07    0.93525E-07    0.00000E+00    0.93570E-04    0.00000E+00    0.93235E-04    0.00000E+00    0.93525E-04    0.50127E-03    0.13680E-01    0.52211E-03    0.13655E-01    0.50410E-03    0.13677E-01    0.34644E-03    0.98181E-02    0.39244E-03    0.10389E-01    0.35257E-03    0.98943E-02
25600  0    0.90704E-07    0.10868E-06    0.92338E-07    0.49695E-07    0.41009E-04    0.47982E-07    0.60698E-04    0.49540E-07    0.42799E-04    0.47422E-03    0.90563E-02    0.52316E-03    0.11018E-01    0.47887E-03    0.92519E-02    0.31313E-03    0.42725E-02    0.39420E-03    0.68898E-02    0.32050E-03    0.45104E-02    0.87698E-07    0.14395E-06    0.90823E-07    0.87698E-07    0.00000E+00    0.14395E-06    0.00000E+00    0.90823E-07    0.00000E+00    0.41880E-03    0.00000E+00    0.53656E-03    0.00000E+00    0.42620E-03    0.00000E+00    0.26807E-03    0.00000E+00    0.39352E-03    0.00000E+00    0.27504E-03    0.00000E+00    0.94635E-07    0.91047E-07    0.94157E-07    0.00000E+00    0.94635E-04    0.00000E+00    0.91047E-04    0.00000E+00    0.94157E-04    0.53814E-03    0.13758E-01    0.51633E-03    0.13494E-01    0.53528E-03    0.13723E-01    0.37206E-03    0.98595E-02    0.39454E-03    0.10335E-01    0.37505E-03    0.99229E-02
25700  1    0.84288E-07    0.12488E-06    0.87978E-07    0.44206E-07    0.40082E-04    0.62713E-07    0.62168E-04    0.45889E-07    0.42090E-04    0.44514E-03    0.89534E-02    0.57439E-03    0.11151E-01    0.45840E-03    0.91749E-02    0.29349E-03    0.42206E-02    0.41277E-03    0.69359E-02    0.30433E-03    0.44675E-02    0.78011E-07    0.18814E-06    0.84129E-07    0.78011E-07    0.00000E+00    0.18814E-06    0.00000E+00    0.84129E-07    0.00000E+00    0.39500E-03    0.00000E+00    0.61341E-03    0.00000E+00    0.41019E-03    0.00000E+00    0.25090E-03    0.00000E+00    0.40520E-03    0.00000E+00    0.25947E-03    0.00000E+00    0.92497E-07    0.93253E-07    0.92597E-07    0.00000E+00    0.92497E-04    0.00000E+00    0.93253E-04    0.00000E+00    0.92597E-04    0.50324E-03    0.13601E-01    0.55385E-03    0.13657E-01    0.51027E-03    0.13609E-01    0.34918E-03    0.97399E-02    0.41655E-03    0.10404E-01    0.35816E-03    0.98285E-02
25800  2    0.61772E-06    0.40214E-06    0.59812E-06    0.57476E-06    0.42961E-04    0.31903E-06    0.83109E-04    0.55151E-06    0.46611E-04    0.13639E-02    0.92694E-02    0.15171E-02    0.12893E-01    0.13785E-02    0.96551E-02    0.11890E-02    0.43073E-02    0.13250E-02    0.76456E-02    0.12014E-02    0.46107E-02    0.10143E-05    0.95709E-06    0.10111E-05    0.10143E-05    0.00000E+00    0.95709E-06    0.00000E+00    0.10111E-05    0.00000E+00    0.14243E-02    0.00000E+00    0.13835E-02    0.00000E+00    0.14220E-02    0.00000E+00    0.12546E-02    0.00000E+00    0.13354E-02    0.00000E+00    0.12591E-02    0.00000E+00    0.99141E-07    0.12466E-06    0.10254E-06    0.00000E+00    0.99141E-04    0.00000E+00    0.12466E-03    0.00000E+00    0.10254E-03    0.12805E-02    0.14081E-01    0.15796E-02    0.15790E-01    0.13243E-02    0.14321E-01    0.11032E-02    0.99398E-02    0.13198E-02    0.11468E-01    0.11321E-02    0.10144E-01
25900  3    0.15543E-06    0.22535E-06    0.16178E-06    0.11552E-06    0.39904E-04    0.16215E-06    0.63192E-04    0.11976E-06    0.42021E-04    0.66272E-03    0.89335E-02    0.87705E-03    0.11242E-01    0.68498E-03    0.91674E-02    0.53629E-03    0.41782E-02    0.69054E-03    0.70089E-02    0.55032E-03    0.44355E-02    0.20386E-06    0.48646E-06    0.21956E-06    0.20386E-06    0.00000E+00    0.48646E-06    0.00000E+00    0.21956E-06    0.00000E+00    0.63853E-03    0.00000E+00    0.98637E-03    0.00000E+00    0.66267E-03    0.00000E+00    0.52830E-03    0.00000E+00    0.73572E-03    0.00000E+00    0.53983E-03    0.00000E+00    0.92086E-07    0.94788E-07    0.92446E-07    0.00000E+00    0.92086E-04    0.00000E+00    0.94788E-04    0.00000E+00    0.92446E-04    0.69308E-03    0.13571E-01    0.81692E-03    0.13769E-01    0.71084E-03    0.13598E-01    0.54674E-03    0.96419E-02    0.66795E-03    0.10513E-01    0.56291E-03    0.97581E-02
26000  4    0.81221E-07    0.11097E-06    0.83925E-07    0.41485E-07    0.39736E-04    0.49886E-07    0.61080E-04    0.42249E-07    0.41676E-04    0.43302E-03    0.89147E-02    0.52241E-03    0.11053E-01    0.44190E-03    0.91297E-02    0.27905E-03    0.41931E-02    0.38026E-03    0.68855E-02    0.28825E-03    0.44379E-02    0.73209E-07    0.14966E-06    0.77456E-07    0.73209E-07    0.00000E+00    0.14966E-06    0.00000E+00    0.77456E-07    0.00000E+00    0.38265E-03    0.00000E+00    0.54710E-03    0.00000E+00    0.39359E-03    0.00000E+00    0.23245E-03    0.00000E+00    0.37234E-03    0.00000E+00    0.24022E-03    0.00000E+00    0.91698E-07    0.91619E-07    0.91687E-07    0.00000E+00    0.91698E-04    0.00000E+00    0.91619E-04    0.00000E+00    0.91687E-04    0.49116E-03    0.13542E-01    0.50961E-03    0.13537E-01    0.49366E-03    0.13542E-01    0.33998E-03    0.96764E-02    0.38422E-03    0.10328E-01    0.34588E-03    0.97633E-02
26100  5    0.81139E-07    0.11517E-06    0.84233E-07    0.41630E-07    0.39509E-04    0.54019E-07    0.61154E-04    0.42756E-07    0.41477E-04    0.43231E-03    0.88892E-02    0.53943E-03    0.11059E-01    0.44312E-03    0.91079E-02    0.27968E-03    0.41776E-02    0.38573E-03    0.68927E-02    0.28932E-03    0.44245E-02    0.73465E-07    0.16206E-06    0.78387E-07    0.73465E-07    0.00000E+00    0.16206E-06    0.00000E+00    0.78387E-07    0.00000E+00    0.38331E-03    0.00000E+00    0.56931E-03    0.00000E+00    0.39595E-03    0.00000E+00    0.23449E-03    0.00000E+00    0.37485E-03    0.00000E+00    0.24229E-03    0.00000E+00    0.91174E-07    0.91731E-07    0.91248E-07    0.00000E+00    0.91174E-04    0.00000E+00    0.91731E-04    0.00000E+00    0.91248E-04    0.48903E-03    0.13504E-01    0.52385E-03    0.13545E-01    0.49382E-03    0.13509E-01    0.33877E-03    0.96407E-02    0.39116E-03    0.10339E-01    0.34576E-03    0.97338E-02
26200  6    0.80564E-07    0.11279E-06    0.83494E-07    0.41191E-07    0.39373E-04    0.51967E-07    0.60826E-04    0.42171E-07    0.41324E-04    0.43047E-03    0.88739E-02    0.53085E-03    0.11030E-01    0.44054E-03    0.90910E-02    0.27742E-03    0.41680E-02    0.38110E-03    0.68784E-02    0.28685E-03    0.44144E-02    0.72690E-07    0.15590E-06    0.77313E-07    0.72690E-07    0.00000E+00    0.15590E-06    0.00000E+00    0.77313E-07    0.00000E+00    0.38129E-03    0.00000E+00    0.55839E-03    0.00000E+00    0.39323E-03    0.00000E+00    0.23159E-03    0.00000E+00    0.37029E-03    0.00000E+00    0.23930E-03    0.00000E+00    0.90861E-07    0.91239E-07    0.90912E-07    0.00000E+00    0.90861E-04    0.00000E+00    0.91239E-04    0.00000E+00    0.90912E-04    0.48734E-03    0.13480E-01    0.51653E-03    0.13508E-01    0.49134E-03    0.13484E-01    0.33736E-03    0.96185E-02    0.38651E-03    0.10318E-01    0.34391E-03    0.97117E-02
26300  7    0.83615E-07    0.11722E-06    0.86670E-07    0.44721E-07    0.38894E-04    0.55736E-07    0.61484E-04    0.45722E-07    0.40948E-04    0.43658E-03    0.88198E-02    0.55896E-03    0.11089E-01    0.44908E-03    0.90496E-02    0.28970E-03    0.41370E-02    0.40786E-03    0.69063E-02    0.30044E-03    0.43887E-02    0.78919E-07    0.16721E-06    0.83824E-07    0.78919E-07    0.00000E+00    0.16721E-06    0.00000E+00    0.83824E-07    0.00000E+00    0.39729E-03    0.00000E+00    0.57829E-03    0.00000E+00    0.40945E-03    0.00000E+00    0.24716E-03    0.00000E+00    0.38002E-03    0.00000E+00    0.25454E-03    0.00000E+00    0.89756E-07    0.92225E-07    0.90085E-07    0.00000E+00    0.89756E-04    0.00000E+00    0.92225E-04    0.00000E+00    0.90085E-04    0.48316E-03    0.13398E-01    0.54904E-03    0.13581E-01    0.49245E-03    0.13423E-01    0.34532E-03    0.95469E-02    0.42178E-03    0.10359E-01    0.35552E-03    0.96552E-02
26400  8    0.15312E-06    0.21818E-06    0.15903E-06    0.11401E-06    0.39114E-04    0.15530E-06    0.62883E-04    0.11776E-06    0.41275E-04    0.65231E-03    0.88447E-02    0.86361E-03    0.11215E-01    0.67426E-03    0.90857E-02    0.53100E-03    0.41193E-02    0.69364E-03    0.69926E-02    0.54579E-03    0.43805E-02    0.20119E-06    0.46589E-06    0.21589E-06    0.20119E-06    0.00000E+00    0.46589E-06    0.00000E+00    0.21589E-06    0.00000E+00    0.63433E-03    0.00000E+00    0.96529E-03    0.00000E+00    0.65710E-03    0.00000E+00    0.52889E-03    0.00000E+00    0.74204E-03    0.00000E+00    0.54073E-03    0.00000E+00    0.90264E-07    0.94324E-07    0.90805E-07    0.00000E+00    0.90264E-04    0.00000E+00    0.94324E-04    0.00000E+00    0.90805E-04    0.67511E-03    0.13436E-01    0.80798E-03    0.13735E-01    0.69430E-03    0.13476E-01    0.53376E-03    0.95061E-02    0.66944E-03    0.10489E-01    0.55185E-03    0.96372E-02
26500  9    0.79428E-07    0.10911E-06    0.82126E-07    0.40485E-07    0.38943E-04    0.48982E-07    0.60131E-04    0.41257E-07    0.40869E-04    0.42599E-03    0.88253E-02    0.51774E-03    0.10966E-01    0.43513E-03    0.90410E-02    0.27416E-03    0.41362E-02    0.37440E-03    0.68495E-02    0.28327E-03    0.43828E-02    0.71443E-07    0.14695E-06    0.75638E-07    0.71443E-07    0.00000E+00    0.14695E-06    0.00000E+00    0.75638E-07    0.00000E+00    0.37800E-03    0.00000E+00    0.54212E-03    0.00000E+00    0.38894E-03    0.00000E+00    0.22870E-03    0.00000E+00    0.36368E-03    0.00000E+00    0.23620E-03    0.00000E+00    0.89869E-07    0.90196E-07    0.89913E-07    0.00000E+00    0.89869E-04    0.00000E+00    0.90196E-04    0.00000E+00    0.89913E-04    0.48159E-03    0.13407E-01    0.50511E-03    0.13431E-01    0.48479E-03    0.13410E-01    0.33360E-03    0.95450E-02    0.37976E-03    0.10274E-01    0.33976E-03    0.96422E-02
26600  0    0.84698E-07    0.10120E-06    0.86199E-07    0.45412E-07    0.39286E-04    0.42503E-07    0.58702E-04    0.45148E-07    0.41051E-04    0.45103E-03    0.88641E-02    0.49666E-03    0.10835E-01    0.45537E-03    0.90610E-02    0.29459E-03    0.41488E-02    0.37295E-03    0.68063E-02    0.30171E-03    0.43904E-02    0.80140E-07    0.12751E-06    0.82771E-07    0.80140E-07    0.00000E+00    0.12751E-06    0.00000E+00    0.82771E-07    0.00000E+00    0.40035E-03    0.00000E+00    0.50499E-03    0.00000E+00    0.40687E-03    0.00000E+00    0.25077E-03    0.00000E+00    0.36603E-03    0.00000E+00    0.25717E-03    0.00000E+00    0.90660E-07    0.88053E-07    0.90312E-07    0.00000E+00    0.90660E-04    0.00000E+00    0.88053E-04    0.00000E+00    0.90312E-04    0.50976E-03    0.13465E-01    0.49244E-03    0.13270E-01    0.50749E-03    0.13440E-01    0.35189E-03    0.95742E-02    0.37641E-03    0.10209E-01    0.35516E-03    0.96589E-02
26700  0    0.81964E-07    0.10009E-06    0.83613E-07    0.43045E-07    0.38920E-04    0.41249E-07    0.58845E-04    0.42882E-07    0.40731E-04    0.43852E-03    0.88227E-02    0.48729E-03    0.10848E-01    0.44318E-03    0.90256E-02    0.28459E-03    0.41278E-02    0.36654E-03    0.67920E-02    0.29204E-03    0.43700E-02    0.75962E-07    0.12375E-06    0.78616E-07    0.75962E-07    0.00000E+00    0.12375E-06    0.00000E+00    0.78616E-07    0.00000E+00    0.38977E-03    0.00000E+00    0.49749E-03    0.00000E+00    0.39653E-03    0.00000E+00    0.24011E-03    0.00000E+00    0.36394E-03    0.00000E+00    0.24699E-03    0.00000E+00    0.89814E-07    0.88267E-07    0.89608E-07    0.00000E+00    0.89814E-04    0.00000E+00    0.88267E-04    0.00000E+00    0.89608E-04    0.49507E-03    0.13403E-01    0.48212E-03    0.13287E-01    0.49337E-03    0.13387E-01    0.34274E-03    0.95256E-02    0.36784E-03    0.10188E-01    0.34609E-03    0.96139E-02
26800  1    0.78422E-07    0.10690E-06    0.81011E-07    0.39920E-07    0.38502E-04    0.47388E-07    0.59514E-04    0.40599E-07    0.40413E-04    0.42207E-03    0.87752E-02    0.51044E-03    0.10910E-01    0.43085E-03    0.89903E-02    0.27146E-03    0.41042E-02    0.36970E-03    0.68239E-02    0.28039E-03    0.43515E-02    0.70447E-07    0.14216E-06    0.74431E-07    0.70447E-07    0.00000E+00    0.14216E-06    0.00000E+00    0.74431E-07    0.00000E+00    0.37536E-03    0.00000E+00    0.53322E-03    0.00000E+00    0.38583E-03    0.00000E+00    0.22656E-03    0.00000E+00    0.35846E-03    0.00000E+00    0.23388E-03    0.00000E+00    0.88852E-07    0.89271E-07    0.88908E-07    0.00000E+00    0.88852E-04    0.00000E+00    0.89271E-04    0.00000E+00    0.88908E-04    0.47628E-03    0.13331E-01    0.49865E-03    0.13362E-01    0.47933E-03    0.13335E-01    0.33018E-03    0.94713E-02    0.37533E-03    0.10236E-01    0.33620E-03    0.95732E-02
26900  2    0.78917E-07    0.10757E-06    0.81522E-07    0.40645E-07    0.38273E-04    0.47720E-07    0.59850E-04    0.41288E-07    0.40234E-04    0.42087E-03    0.87490E-02    0.51179E-03    0.10941E-01    0.42993E-03    0.89704E-02    0.27324E-03    0.40889E-02    0.37744E-03    0.68320E-02    0.28271E-03    0.43383E-02    0.71726E-07    0.14316E-06    0.75694E-07    0.71726E-07    0.00000E+00    0.14316E-06    0.00000E+00    0.75694E-07    0.00000E+00    0.37875E-03    0.00000E+00    0.53509E-03    0.00000E+00    0.38909E-03    0.00000E+00    0.22972E-03    0.00000E+00    0.36997E-03    0.00000E+00    0.23752E-03    0.00000E+00    0.88322E-07    0.89775E-07    0.88515E-07    0.00000E+00    0.88322E-04    0.00000E+00    0.89775E-04    0.00000E+00    0.88515E-04    0.47028E-03    0.13291E-01    0.49973E-03    0.13400E-01    0.47432E-03    0.13305E-01    0.33014E-03    0.94360E-02    0.38118E-03    0.10248E-01    0.33695E-03    0.95442E-02
27000  3    0.81529E-07    0.11986E-06    0.85013E-07    0.43334E-07    0.38195E-04    0.60663E-07    0.59195E-04    0.44909E-07    0.40104E-04    0.43735E-03    0.87401E-02    0.56397E-03    0.10881E-01    0.45034E-03    0.89559E-02    0.29191E-03    0.40779E-02    0.40997E-03    0.68247E-02    0.30264E-03    0.43276E-02    0.76472E-07    0.18199E-06    0.82334E-07    0.76472E-07    0.00000E+00    0.18199E-06    0.00000E+00    0.82334E-07    0.00000E+00    0.39108E-03    0.00000E+00    0.60330E-03    0.00000E+00    0.40579E-03    0.00000E+00    0.25382E-03    0.00000E+00    0.40582E-03    0.00000E+00    0.26226E-03    0.00000E+00    0.88142E-07    0.88792E-07    0.88228E-07    0.00000E+00    0.88142E-04    0.00000E+00    0.88792E-04    0.00000E+00    0.88228E-04    0.49134E-03    0.13277E-01    0.54323E-03    0.13326E-01    0.49857E-03    0.13284E-01    0.34172E-03    0.94106E-02    0.41205E-03    0.10237E-01    0.35110E-03    0.95208E-02
27100  4    0.10090E-06    0.10678E-06    0.10143E-06    0.61853E-07    0.39042E-04    0.50485E-07    0.56295E-04    0.60819E-07    0.40611E-04    0.51534E-03    0.88366E-02    0.55830E-03    0.10611E-01    0.51939E-03    0.90123E-02    0.36896E-03    0.41219E-02    0.45742E-03    0.67446E-02    0.37700E-03    0.43604E-02    0.10915E-06    0.15145E-06    0.11150E-06    0.10915E-06    0.00000E+00    0.15145E-06    0.00000E+00    0.11150E-06    0.00000E+00    0.46723E-03    0.00000E+00    0.55037E-03    0.00000E+00    0.47223E-03    0.00000E+00    0.33700E-03    0.00000E+00    0.44823E-03    0.00000E+00    0.34318E-03    0.00000E+00    0.90098E-07    0.84443E-07    0.89344E-07    0.00000E+00    0.90098E-04    0.00000E+00    0.84443E-04    0.00000E+00    0.89344E-04    0.57218E-03    0.13424E-01    0.56223E-03    0.12996E-01    0.57086E-03    0.13367E-01    0.41074E-03    0.95122E-02    0.46202E-03    0.10117E-01    0.41758E-03    0.95928E-02
27200  5    0.77864E-07    0.10960E-06    0.80749E-07    0.39970E-07    0.37894E-04    0.50780E-07    0.58817E-04    0.40953E-07    0.39796E-04    0.42059E-03    0.87056E-02    0.52547E-03    0.10846E-01    0.43118E-03    0.89214E-02    0.27362E-03    0.40578E-02    0.37572E-03    0.67998E-02    0.28290E-03    0.43071E-02    0.70536E-07    0.15234E-06    0.75080E-07    0.70536E-07    0.00000E+00    0.15234E-06    0.00000E+00    0.75080E-07    0.00000E+00    0.37559E-03    0.00000E+00    0.55198E-03    0.00000E+00    0.38751E-03    0.00000E+00    0.23199E-03    0.00000E+00    0.36304E-03    0.00000E+00    0.23927E-03    0.00000E+00    0.87447E-07    0.88225E-07    0.87551E-07    0.00000E+00    0.87447E-04    0.00000E+00    0.88225E-04    0.00000E+00    0.87551E-04    0.47302E-03    0.13225E-01    0.51171E-03    0.13283E-01    0.47836E-03    0.13233E-01    0.32807E-03    0.93642E-02    0.38206E-03    0.10200E-01    0.33527E-03    0.94756E-02
27300  6    0.76886E-07    0.10472E-06    0.79416E-07    0.39052E-07    0.37834E-04    0.46354E-07    0.58366E-04    0.39716E-07    0.39700E-04    0.41742E-03    0.86987E-02    0.50529E-03    0.10804E-01    0.42615E-03    0.89107E-02    0.26849E-03    0.40534E-02    0.36437E-03    0.67782E-02    0.27721E-03    0.43012E-02    0.68916E-07    0.13906E-06    0.72813E-07    0.68916E-07    0.00000E+00    0.13906E-06    0.00000E+00    0.72813E-07    0.00000E+00    0.37126E-03    0.00000E+00    0.52737E-03    0.00000E+00    0.38161E-03    0.00000E+00    0.22465E-03    0.00000E+00    0.35289E-03    0.00000E+00    0.23178E-03    0.00000E+00    0.87308E-07    0.87549E-07    0.87341E-07    0.00000E+00    0.87308E-04    0.00000E+00    0.87549E-04    0.00000E+00    0.87341E-04    0.47100E-03    0.13214E-01    0.49387E-03    0.13232E-01    0.47411E-03    0.13217E-01    0.32581E-03    0.93541E-02    0.37012E-03    0.10167E-01    0.33172E-03    0.94625E-02
27400  0    0.10927E-06    0.97518E-07    0.10820E-06    0.69997E-07    0.39269E-04    0.41315E-07    0.56204E-04    0.67389E-07    0.40809E-04    0.54081E-03    0.88622E-02    0.50952E-03    0.10602E-01    0.53804E-03    0.90342E-02    0.39279E-03    0.41327E-02    0.41595E-03    0.67886E-02    0.39489E-03    0.43742E-02    0.12352E-06    0.12394E-06    0.12355E-06    0.12352E-06    0.00000E+00    0.12394E-06    0.00000E+00    0.12355E-06    0.00000E+00    0.49704E-03    0.00000E+00    0.49789E-03    0.00000E+00    0.49709E-03    0.00000E+00    0.37043E-03    0.00000E+00    0.41412E-03    0.00000E+00    0.37286E-03    0.00000E+00    0.90621E-07    0.84305E-07    0.89779E-07    0.00000E+00    0.90621E-04    0.00000E+00    0.84305E-04    0.00000E+00    0.89779E-04    0.59319E-03    0.13463E-01    0.51524E-03    0.12985E-01    0.58340E-03    0.13400E-01    0.42202E-03    0.95370E-02    0.41687E-03    0.10183E-01    0.42133E-03    0.96232E-02
27500  1    0.12696E-06    0.11088E-06    0.12550E-06    0.89155E-07    0.37805E-04    0.52239E-07    0.58638E-04    0.85799E-07    0.39699E-04    0.57578E-03    0.86954E-02    0.52268E-03    0.10829E-01    0.57115E-03    0.89105E-02    0.45022E-03    0.40570E-02    0.43153E-03    0.68036E-02    0.44852E-03    0.43067E-02    0.15733E-06    0.15672E-06    0.15730E-06    0.15733E-06    0.00000E+00    0.15672E-06    0.00000E+00    0.15730E-06    0.00000E+00    0.56095E-03    0.00000E+00    0.55985E-03    0.00000E+00    0.56089E-03    0.00000E+00    0.44237E-03    0.00000E+00    0.47227E-03    0.00000E+00    0.44403E-03    0.00000E+00    0.87241E-07    0.87958E-07    0.87337E-07    0.00000E+00    0.87241E-04    0.00000E+00    0.87958E-04    0.00000E+00    0.87337E-04    0.59461E-03    0.13209E-01    0.50307E-03    0.13263E-01    0.58323E-03    0.13216E-01    0.46048E-03    0.93624E-02    0.41115E-03    0.10205E-01    0.45390E-03    0.94748E-02
27600  2    0.75888E-07    0.10227E-06    0.78286E-07    0.38476E-07    0.37412E-04    0.44455E-07    0.57818E-04    0.39019E-07    0.39267E-04    0.41303E-03    0.86501E-02    0.49662E-03    0.10753E-01    0.42131E-03    0.88619E-02    0.26532E-03    0.40225E-02    0.35910E-03    0.67526E-02    0.27384E-03    0.42707E-02    0.67898E-07    0.13337E-06    0.71535E-07    0.67898E-07    0.00000E+00    0.13337E-06    0.00000E+00    0.71535E-07    0.00000E+00    0.36851E-03    0.00000E+00    0.51646E-03    0.00000E+00    0.37825E-03    0.00000E+00    0.22181E-03    0.00000E+00    0.34606E-03    0.00000E+00    0.22871E-03    0.00000E+00    0.86335E-07    0.86727E-07    0.86388E-07    0.00000E+00    0.86335E-04    0.00000E+00    0.86727E-04    0.00000E+00    0.86388E-04    0.46485E-03    0.13140E-01    0.48639E-03    0.13170E-01    0.46778E-03    0.13144E-01    0.32221E-03    0.92828E-02    0.36562E-03    0.10129E-01    0.32800E-03    0.93956E-02
27700  3    0.76308E-07    0.10181E-06    0.78626E-07    0.39000E-07    0.37308E-04    0.43690E-07    0.58119E-04    0.39426E-07    0.39200E-04    0.41245E-03    0.86380E-02    0.48900E-03    0.10781E-01    0.41999E-03    0.88544E-02    0.27069E-03    0.40130E-02    0.36353E-03    0.67573E-02    0.27913E-03    0.42625E-02    0.68823E-07    0.13107E-06    0.72281E-07    0.68823E-07    0.00000E+00    0.13107E-06    0.00000E+00    0.72281E-07    0.00000E+00    0.37101E-03    0.00000E+00    0.51200E-03    0.00000E+00    0.38021E-03    0.00000E+00    0.22977E-03    0.00000E+00    0.36061E-03    0.00000E+00    0.23704E-03    0.00000E+00    0.86095E-07    0.87179E-07    0.86240E-07    0.00000E+00    0.86095E-04    0.00000E+00    0.87179E-04    0.00000E+00    0.86240E-04    0.46106E-03    0.13122E-01    0.47709E-03    0.13204E-01    0.46322E-03    0.13133E-01    0.32420E-03    0.92608E-02    0.36500E-03    0.10136E-01    0.32964E-03    0.93775E-02
27800  4    0.35790E-06    0.24496E-06    0.34763E-06    0.31821E-06    0.39684E-04    0.18691E-06    0.58055E-04    0.30627E-06    0.41354E-04    0.10481E-02    0.89089E-02    0.92124E-03    0.10775E-01    0.10372E-02    0.90944E-02    0.87667E-03    0.41307E-02    0.74906E-03    0.69690E-02    0.86507E-03    0.43887E-02    0.56155E-06    0.56072E-06    0.56150E-06    0.56155E-06    0.00000E+00    0.56072E-06    0.00000E+00    0.56150E-06    0.00000E+00    0.10598E-02    0.00000E+00    0.10590E-02    0.00000E+00    0.10597E-02    0.00000E+00    0.88101E-03    0.00000E+00    0.94538E-03    0.00000E+00    0.88459E-03    0.00000E+00    0.91579E-07    0.87083E-07    0.90979E-07    0.00000E+00    0.91579E-04    0.00000E+00    0.87083E-04    0.00000E+00    0.90979E-04    0.10326E-02    0.13534E-01    0.84399E-03    0.13197E-01    0.10095E-02    0.13489E-01    0.87100E-03    0.95323E-02    0.65090E-03    0.10453E-01    0.84166E-03    0.96551E-02
27900  5    0.75000E-07    0.10115E-06    0.77377E-07    0.37983E-07    0.37017E-04    0.43920E-07    0.57233E-04    0.38522E-07    0.38855E-04    0.40974E-03    0.86043E-02    0.49371E-03    0.10699E-01    0.41807E-03    0.88153E-02    0.26317E-03    0.39925E-02    0.35583E-03    0.67270E-02    0.27159E-03    0.42411E-02    0.67028E-07    0.13176E-06    0.70624E-07    0.67028E-07    0.00000E+00    0.13176E-06    0.00000E+00    0.70624E-07    0.00000E+00    0.36614E-03    0.00000E+00    0.51334E-03    0.00000E+00    0.37583E-03    0.00000E+00    0.22021E-03    0.00000E+00    0.34180E-03    0.00000E+00    0.22696E-03    0.00000E+00    0.85424E-07    0.85850E-07    0.85481E-07    0.00000E+00    0.85424E-04    0.00000E+00    0.85850E-04    0.00000E+00    0.85481E-04    0.46057E-03    0.13071E-01    0.48359E-03    0.13103E-01    0.46371E-03    0.13075E-01    0.31935E-03    0.92135E-02    0.36285E-03    0.10090E-01    0.32515E-03    0.93304E-02
28000  6    0.74801E-07    0.98486E-07    0.76954E-07    0.37853E-07    0.36948E-04    0.41624E-07    0.56862E-04    0.38196E-07    0.38758E-04    0.40947E-03    0.85963E-02    0.48351E-03    0.10664E-01    0.41675E-03    0.88043E-02    0.26272E-03    0.39850E-02    0.35172E-03    0.67113E-02    0.27082E-03    0.42328E-02    0.66799E-07    0.12487E-06    0.70026E-07    0.66799E-07    0.00000E+00    0.12487E-06    0.00000E+00    0.70026E-07    0.00000E+00    0.36551E-03    0.00000E+00    0.49974E-03    0.00000E+00    0.37423E-03    0.00000E+00    0.22000E-03    0.00000E+00    0.33946E-03    0.00000E+00    0.22664E-03    0.00000E+00    0.85264E-07    0.85294E-07    0.85268E-07    0.00000E+00    0.85264E-04    0.00000E+00    0.85294E-04    0.00000E+00    0.85268E-04    0.46067E-03    0.13059E-01    0.47518E-03    0.13061E-01    0.46263E-03    0.13059E-01    0.31859E-03    0.91960E-02    0.35786E-03    0.10067E-01    0.32383E-03    0.93122E-02
28100  7    0.75289E-07    0.10490E-06    0.77981E-07    0.38610E-07    0.36680E-04    0.47776E-07    0.57123E-04    0.39443E-07    0.38538E-04    0.41041E-03    0.85650E-02    0.51195E-03    0.10689E-01    0.42065E-03    0.87793E-02    0.26682E-03    0.39665E-02    0.36494E-03    0.67250E-02    0.27574E-03    0.42173E-02    0.68135E-07    0.14333E-06    0.72312E-07    0.68135E-07    0.00000E+00    0.14333E-06    0.00000E+00    0.72312E-07    0.00000E+00    0.36915E-03    0.00000E+00    0.53540E-03    0.00000E+00    0.38029E-03    0.00000E+00    0.22742E-03    0.00000E+00    0.34921E-03    0.00000E+00    0.23418E-03    0.00000E+00    0.84645E-07    0.85685E-07    0.84784E-07    0.00000E+00    0.84645E-04    0.00000E+00    0.85685E-04    0.00000E+00    0.84784E-04    0.45879E-03    0.13011E-01    0.49982E-03    0.13091E-01    0.46447E-03    0.13022E-01    0.31834E-03    0.91535E-02    0.37280E-03    0.10088E-01    0.32561E-03    0.92781E-02
28200  8    0.35766E-06    0.26228E-06    0.34899E-06    0.32009E-06    0.37570E-04    0.19151E-06    0.70772E-04    0.30840E-06    0.40589E-04    0.10208E-02    0.86684E-02    0.11510E-02    0.11897E-01    0.10333E-02    0.90098E-02    0.88554E-03    0.39742E-02    0.10268E-02    0.71041E-02    0.89839E-03    0.42587E-02    0.56486E-06    0.57452E-06    0.56540E-06    0.56486E-06    0.00000E+00    0.57452E-06    0.00000E+00    0.56540E-06    0.00000E+00    0.10629E-02    0.00000E+00    0.10719E-02    0.00000E+00    0.10634E-02    0.00000E+00    0.92492E-03    0.00000E+00    0.10318E-02    0.00000E+00    0.93086E-03    0.00000E+00    0.86701E-07    0.10616E-06    0.89295E-07    0.00000E+00    0.86701E-04    0.00000E+00    0.10616E-03    0.00000E+00    0.89295E-04    0.96300E-03    0.13168E-01    0.11886E-02    0.14571E-01    0.99603E-03    0.13364E-01    0.83405E-03    0.91713E-02    0.10243E-02    0.10656E-01    0.85942E-03    0.93692E-02
28300  0    0.73824E-07    0.97365E-07    0.75964E-07    0.37292E-07    0.36531E-04    0.40916E-07    0.56449E-04    0.37622E-07    0.38342E-04    0.40488E-03    0.85477E-02    0.47933E-03    0.10625E-01    0.41220E-03    0.87569E-02    0.25981E-03    0.39547E-02    0.34919E-03    0.66897E-02    0.26794E-03    0.42034E-02    0.65810E-07    0.12275E-06    0.68973E-07    0.65810E-07    0.00000E+00    0.12275E-06    0.00000E+00    0.68973E-07    0.00000E+00    0.36279E-03    0.00000E+00    0.49547E-03    0.00000E+00    0.37141E-03    0.00000E+00    0.21755E-03    0.00000E+00    0.33542E-03    0.00000E+00    0.22410E-03    0.00000E+00    0.84303E-07    0.84674E-07    0.84352E-07    0.00000E+00    0.84303E-04    0.00000E+00    0.84674E-04    0.00000E+00    0.84352E-04    0.45406E-03    0.12985E-01    0.47105E-03    0.13013E-01    0.45636E-03    0.12989E-01    0.31508E-03    0.91263E-02    0.35607E-03    0.10034E-01    0.32054E-03    0.92474E-02
28400  1    0.73543E-07    0.98506E-07    0.75812E-07    0.37156E-07    0.36387E-04    0.42237E-07    0.56269E-04    0.37618E-07    0.38194E-04    0.40418E-03    0.85307E-02    0.48524E-03    0.10608E-01    0.41221E-03    0.87400E-02    0.25945E-03    0.39441E-02    0.34951E-03    0.66824E-02    0.26764E-03    0.41931E-02    0.65569E-07    0.12671E-06    0.68966E-07    0.65569E-07    0.00000E+00    0.12671E-06    0.00000E+00    0.68966E-07    0.00000E+00    0.36213E-03    0.00000E+00    0.50341E-03    0.00000E+00    0.37139E-03    0.00000E+00    0.21730E-03    0.00000E+00    0.33446E-03    0.00000E+00    0.22381E-03    0.00000E+00    0.83969E-07    0.84403E-07    0.84027E-07    0.00000E+00    0.83969E-04    0.00000E+00    0.84403E-04    0.00000E+00    0.84027E-04    0.45333E-03    0.12959E-01    0.47590E-03    0.12993E-01    0.45640E-03    0.12964E-01    0.31457E-03    0.91018E-02    0.35703E-03    0.10024E-01    0.32023E-03    0.92247E-02
28500  2    0.74509E-07    0.99106E-07    0.76745E-07    0.38102E-07    0.36407E-04    0.43569E-07    0.55538E-04    0.38599E-07    0.38146E-04    0.41190E-03    0.85331E-02    0.49166E-03    0.10539E-01    0.41978E-03    0.87346E-02    0.26731E-03    0.39391E-02    0.35721E-03    0.66592E-02    0.27548E-03    0.41864E-02    0.67238E-07    0.13071E-06    0.70764E-07    0.67238E-07    0.00000E+00    0.13071E-06    0.00000E+00    0.70764E-07    0.00000E+00    0.36671E-03    0.00000E+00    0.51128E-03    0.00000E+00    0.37620E-03    0.00000E+00    0.22716E-03    0.00000E+00    0.35298E-03    0.00000E+00    0.23415E-03    0.00000E+00    0.84017E-07    0.83306E-07    0.83922E-07    0.00000E+00    0.84017E-04    0.00000E+00    0.83306E-04    0.00000E+00    0.83922E-04    0.46440E-03    0.12963E-01    0.48155E-03    0.12908E-01    0.46672E-03    0.12955E-01    0.31981E-03    0.90903E-02    0.35933E-03    0.99889E-02    0.32508E-03    0.92101E-02
28600  3    0.56811E-06    0.58213E-06    0.56938E-06    0.52900E-06    0.39104E-04    0.51806E-06    0.64065E-04    0.52801E-06    0.41374E-04    0.13357E-02    0.88436E-02    0.15593E-02    0.11319E-01    0.13576E-02    0.90965E-02    0.11836E-02    0.40889E-02    0.13443E-02    0.70421E-02    0.11983E-02    0.43573E-02    0.93353E-06    0.15542E-05    0.96801E-06    0.93353E-06    0.00000E+00    0.15542E-05    0.00000E+00    0.96801E-06    0.00000E+00    0.13664E-02    0.00000E+00    0.17631E-02    0.00000E+00    0.13914E-02    0.00000E+00    0.12291E-02    0.00000E+00    0.14332E-02    0.00000E+00    0.12404E-02    0.00000E+00    0.90241E-07    0.96098E-07    0.91022E-07    0.00000E+00    0.90241E-04    0.00000E+00    0.96098E-04    0.00000E+00    0.91022E-04    0.12946E-02    0.13434E-01    0.14467E-02    0.13863E-01    0.13159E-02    0.13492E-01    0.11242E-02    0.94358E-02    0.12999E-02    0.10563E-01    0.11476E-02    0.95861E-02
28700  0    0.72775E-07    0.95901E-07    0.74877E-07    0.36710E-07    0.36065E-04    0.40401E-07    0.55499E-04    0.37045E-07    0.37832E-04    0.40216E-03    0.84930E-02    0.47680E-03    0.10536E-01    0.40951E-03    0.86985E-02    0.25787E-03    0.39181E-02    0.34479E-03    0.66482E-02    0.26578E-03    0.41663E-02    0.64782E-07    0.12120E-06    0.67917E-07    0.64782E-07    0.00000E+00    0.12120E-06    0.00000E+00    0.67917E-07    0.00000E+00    0.35995E-03    0.00000E+00    0.49235E-03    0.00000E+00    0.36856E-03    0.00000E+00    0.21620E-03    0.00000E+00    0.33037E-03    0.00000E+00    0.22255E-03    0.00000E+00    0.83227E-07    0.83249E-07    0.83230E-07    0.00000E+00    0.83227E-04    0.00000E+00    0.83249E-04    0.00000E+00    0.83230E-04    0.45145E-03    0.12902E-01    0.46883E-03    0.12903E-01    0.45381E-03    0.12902E-01    0.31237E-03    0.90418E-02    0.35200E-03    0.99722E-02    0.31765E-03    0.91659E-02
28800  1    0.72452E-07    0.96202E-07    0.74611E-07    0.36524E-07    0.35929E-04    0.40773E-07    0.55429E-04    0.36910E-07    0.37701E-04    0.40044E-03    0.84769E-02    0.47811E-03    0.10529E-01    0.40812E-03    0.86835E-02    0.25709E-03    0.39074E-02    0.34438E-03    0.66448E-02    0.26503E-03    0.41562E-02    0.64453E-07    0.12232E-06    0.67668E-07    0.64453E-07    0.00000E+00    0.12232E-06    0.00000E+00    0.67668E-07    0.00000E+00    0.35904E-03    0.00000E+00    0.49461E-03    0.00000E+00    0.36788E-03    0.00000E+00    0.21566E-03    0.00000E+00    0.32897E-03    0.00000E+00    0.22195E-03    0.00000E+00    0.82912E-07    0.83143E-07    0.82943E-07    0.00000E+00    0.82912E-04    0.00000E+00    0.83143E-04    0.00000E+00    0.82943E-04    0.44887E-03    0.12877E-01    0.46964E-03    0.12895E-01    0.45169E-03    0.12880E-01    0.31127E-03    0.90170E-02    0.35209E-03    0.99673E-02    0.31672E-03    0.91437E-02
28900  2    0.73317E-07    0.10159E-06    0.75887E-07    0.37591E-07    0.35726E-04    0.46114E-07    0.55479E-04    0.38366E-07    0.37522E-04    0.40379E-03    0.84529E-02    0.50278E-03    0.10534E-01    0.41377E-03    0.86628E-02    0.26350E-03    0.38920E-02    0.35836E-03    0.66507E-02    0.27213E-03    0.41428E-02    0.66337E-07    0.13834E-06    0.70337E-07    0.66337E-07    0.00000E+00    0.13834E-06    0.00000E+00    0.70337E-07    0.00000E+00    0.36424E-03    0.00000E+00    0.52601E-03    0.00000E+00    0.37507E-03    0.00000E+00    0.22625E-03    0.00000E+00    0.34546E-03    0.00000E+00    0.23287E-03    0.00000E+00    0.82444E-07    0.83219E-07    0.82548E-07    0.00000E+00    0.82444E-04    0.00000E+00    0.83219E-04    0.00000E+00    0.82548E-04    0.45029E-03    0.12841E-01    0.49076E-03    0.12901E-01    0.45590E-03    0.12849E-01    0.31222E-03    0.89816E-02    0.36482E-03    0.99761E-02    0.31924E-03    0.91142E-02
29000  0    0.73208E-07    0.89693E-07    0.74707E-07    0.37367E-07    0.35841E-04    0.35132E-07    0.54561E-04    0.37164E-07    0.37543E-04    0.40502E-03    0.84665E-02    0.45198E-03    0.10446E-01    0.40951E-03    0.86652E-02    0.26022E-03    0.38982E-02    0.33651E-03    0.66023E-02    0.26715E-03    0.41440E-02    0.65942E-07    0.10540E-06    0.68134E-07    0.65942E-07    0.00000E+00    0.10540E-06    0.00000E+00    0.68134E-07    0.00000E+00    0.36316E-03    0.00000E+00    0.45912E-03    0.00000E+00    0.36914E-03    0.00000E+00    0.21966E-03    0.00000E+00    0.32933E-03    0.00000E+00    0.22575E-03    0.00000E+00    0.82710E-07    0.81842E-07    0.82594E-07    0.00000E+00    0.82710E-04    0.00000E+00    0.81842E-04    0.00000E+00    0.82594E-04    0.45397E-03    0.12862E-01    0.44836E-03    0.12794E-01    0.45322E-03    0.12853E-01    0.31325E-03    0.89957E-02    0.34010E-03    0.99034E-02    0.31683E-03    0.91168E-02
29100  1    0.72466E-07    0.97813E-07    0.74771E-07    0.37035E-07    0.35431E-04    0.42347E-07    0.55466E-04    0.37518E-07    0.37253E-04    0.39735E-03    0.84180E-02    0.48696E-03    0.10532E-01    0.40631E-03    0.86317E-02    0.25600E-03    0.38716E-02    0.35204E-03    0.66381E-02    0.26473E-03    0.41231E-02    0.65356E-07    0.12704E-06    0.68783E-07    0.65356E-07    0.00000E+00    0.12704E-06    0.00000E+00    0.68783E-07    0.00000E+00    0.36154E-03    0.00000E+00    0.50407E-03    0.00000E+00    0.37090E-03    0.00000E+00    0.21652E-03    0.00000E+00    0.33009E-03    0.00000E+00    0.22283E-03    0.00000E+00    0.81765E-07    0.83198E-07    0.81956E-07    0.00000E+00    0.81765E-04    0.00000E+00    0.83198E-04    0.00000E+00    0.81956E-04    0.43980E-03    0.12788E-01    0.47817E-03    0.12899E-01    0.44510E-03    0.12803E-01    0.30763E-03    0.89343E-02    0.36302E-03    0.99571E-02    0.31502E-03    0.90707E-02
29200  2    0.11024E-06    0.13718E-06    0.11269E-06    0.73819E-07    0.36425E-04    0.84608E-07    0.52576E-04    0.74800E-07    0.37893E-04    0.55339E-03    0.85352E-02    0.65793E-03    0.10254E-01    0.56370E-03    0.87056E-02    0.41733E-03    0.39194E-02    0.52390E-03    0.65698E-02    0.42702E-03    0.41603E-02    0.13027E-06    0.25382E-06    0.13713E-06    0.13027E-06    0.00000E+00    0.25382E-06    0.00000E+00    0.13713E-06    0.00000E+00    0.51043E-03    0.00000E+00    0.71249E-03    0.00000E+00    0.52371E-03    0.00000E+00    0.38502E-03    0.00000E+00    0.52871E-03    0.00000E+00    0.39300E-03    0.00000E+00    0.84058E-07    0.78863E-07    0.83366E-07    0.00000E+00    0.84058E-04    0.00000E+00    0.78863E-04    0.00000E+00    0.83366E-04    0.60499E-03    0.12966E-01    0.62887E-03    0.12559E-01    0.60823E-03    0.12912E-01    0.45959E-03    0.90447E-02    0.52149E-03    0.98547E-02    0.46784E-03    0.91527E-02
29300  3    0.71080E-07    0.92809E-07    0.73055E-07    0.35769E-07    0.35311E-04    0.38173E-07    0.54636E-04    0.35987E-07    0.37068E-04    0.39401E-03    0.84036E-02    0.46545E-03    0.10453E-01    0.40103E-03    0.86102E-02    0.25232E-03    0.38614E-02    0.33906E-03    0.66012E-02    0.26021E-03    0.41105E-02    0.63122E-07    0.11452E-06    0.65977E-07    0.63122E-07    0.00000E+00    0.11452E-06    0.00000E+00    0.65977E-07    0.00000E+00    0.35531E-03    0.00000E+00    0.47858E-03    0.00000E+00    0.36325E-03    0.00000E+00    0.21140E-03    0.00000E+00    0.32166E-03    0.00000E+00    0.21752E-03    0.00000E+00    0.81486E-07    0.81954E-07    0.81549E-07    0.00000E+00    0.81486E-04    0.00000E+00    0.81954E-04    0.00000E+00    0.81549E-04    0.43950E-03    0.12766E-01    0.45875E-03    0.12803E-01    0.44211E-03    0.12771E-01    0.30585E-03    0.89110E-02    0.34775E-03    0.99017E-02    0.31143E-03    0.90431E-02
29400  4    0.71916E-07    0.90933E-07    0.73644E-07    0.36782E-07    0.35133E-04    0.36156E-07    0.54778E-04    0.36726E-07    0.36919E-04    0.39515E-03    0.83825E-02    0.45590E-03    0.10467E-01    0.40105E-03    0.85929E-02    0.26173E-03    0.38511E-02    0.34666E-03    0.65987E-02    0.26945E-03    0.41009E-02    0.64910E-07    0.10847E-06    0.67330E-07    0.64910E-07    0.00000E+00    0.10847E-06    0.00000E+00    0.67330E-07    0.00000E+00    0.36031E-03    0.00000E+00    0.46576E-03    0.00000E+00    0.36696E-03    0.00000E+00    0.22544E-03    0.00000E+00    0.33980E-03    0.00000E+00    0.23180E-03    0.00000E+00    0.81076E-07    0.82167E-07    0.81222E-07    0.00000E+00    0.81076E-04    0.00000E+00    0.82167E-04    0.00000E+00    0.81222E-04    0.43654E-03    0.12734E-01    0.45089E-03    0.12819E-01    0.43848E-03    0.12745E-01    0.30918E-03    0.88871E-02    0.35009E-03    0.98981E-02    0.31464E-03    0.90219E-02
29500  5    0.71305E-07    0.94470E-07    0.73411E-07    0.36121E-07    0.35184E-04    0.40657E-07    0.53813E-04    0.36533E-07    0.36878E-04    0.39873E-03    0.83886E-02    0.47641E-03    0.10374E-01    0.40640E-03    0.85881E-02    0.25784E-03    0.38464E-02    0.34393E-03    0.65722E-02    0.26566E-03    0.40942E-02    0.63742E-07    0.12197E-06    0.66977E-07    0.63742E-07    0.00000E+00    0.12197E-06    0.00000E+00    0.66977E-07    0.00000E+00    0.35705E-03    0.00000E+00    0.49391E-03    0.00000E+00    0.36600E-03    0.00000E+00    0.21909E-03    0.00000E+00    0.33570E-03    0.00000E+00    0.22557E-03    0.00000E+00    0.81195E-07    0.80719E-07    0.81131E-07    0.00000E+00    0.81195E-04    0.00000E+00    0.80719E-04    0.00000E+00    0.81131E-04    0.44741E-03    0.12743E-01    0.46741E-03    0.12706E-01    0.45013E-03    0.12738E-01    0.30851E-03    0.88762E-02    0.34805E-03    0.98583E-02    0.31378E-03    0.90072E-02
29600  6    0.99493E-07    0.11031E-06    0.10048E-06    0.64916E-07    0.34577E-04    0.52725E-07    0.57585E-04    0.63808E-07    0.36668E-04    0.48316E-03    0.83158E-02    0.57136E-03    0.10732E-01    0.49183E-03    0.85637E-02    0.37038E-03    0.38005E-02    0.49587E-03    0.66688E-02    0.38179E-03    0.40613E-02    0.11456E-06    0.15818E-06    0.11698E-06    0.11456E-06    0.00000E+00    0.15818E-06    0.00000E+00    0.11698E-06    0.00000E+00    0.47866E-03    0.00000E+00    0.56245E-03    0.00000E+00    0.48370E-03    0.00000E+00    0.35778E-03    0.00000E+00    0.48830E-03    0.00000E+00    0.36503E-03    0.00000E+00    0.79792E-07    0.86377E-07    0.80670E-07    0.00000E+00    0.79792E-04    0.00000E+00    0.86377E-04    0.00000E+00    0.80670E-04    0.48898E-03    0.12633E-01    0.57577E-03    0.13144E-01    0.50142E-03    0.12702E-01    0.38686E-03    0.87705E-02    0.49965E-03    0.10003E-01    0.40190E-03    0.89349E-02
29700  7    0.72176E-07    0.98575E-07    0.74576E-07    0.37251E-07    0.34926E-04    0.45059E-07    0.53515E-04    0.37961E-07    0.36616E-04    0.40313E-03    0.83577E-02    0.49587E-03    0.10346E-01    0.41243E-03    0.85575E-02    0.26587E-03    0.38249E-02    0.35934E-03    0.65617E-02    0.27437E-03    0.40737E-02    0.65736E-07    0.13518E-06    0.69594E-07    0.65736E-07    0.00000E+00    0.13518E-06    0.00000E+00    0.69594E-07    0.00000E+00    0.36259E-03    0.00000E+00    0.51996E-03    0.00000E+00    0.37308E-03    0.00000E+00    0.23046E-03    0.00000E+00    0.35044E-03    0.00000E+00    0.23713E-03    0.00000E+00    0.80598E-07    0.80273E-07    0.80555E-07    0.00000E+00    0.80598E-04    0.00000E+00    0.80273E-04    0.00000E+00    0.80555E-04    0.45068E-03    0.12696E-01    0.48338E-03    0.12671E-01    0.45518E-03    0.12693E-01    0.31218E-03    0.88267E-02    0.36379E-03    0.98426E-02    0.31906E-03    0.89621E-02
29800  0    0.80616E-07    0.89673E-07    0.81440E-07    0.45248E-07    0.35368E-04    0.37842E-07    0.51831E-04    0.44575E-07    0.36864E-04    0.44257E-03    0.84104E-02    0.47830E-03    0.10181E-01    0.44594E-03    0.85866E-02    0.29928E-03    0.38471E-02    0.37844E-03    0.65207E-02    0.30647E-03    0.40901E-02    0.79850E-07    0.11353E-06    0.81721E-07    0.79850E-07    0.00000E+00    0.11353E-06    0.00000E+00    0.81721E-07    0.00000E+00    0.39963E-03    0.00000E+00    0.47650E-03    0.00000E+00    0.40428E-03    0.00000E+00    0.26411E-03    0.00000E+00    0.37158E-03    0.00000E+00    0.27008E-03    0.00000E+00    0.81618E-07    0.77747E-07    0.81102E-07    0.00000E+00    0.81618E-04    0.00000E+00    0.77747E-04    0.00000E+00    0.81102E-04    0.49312E-03    0.12776E-01    0.47919E-03    0.12470E-01    0.49128E-03    0.12736E-01    0.34527E-03    0.88779E-02    0.38187E-03    0.97811E-02    0.35015E-03    0.89983E-02
29900  0    0.70787E-07    0.85458E-07    0.72120E-07    0.36096E-07    0.34691E-04    0.32104E-07    0.53354E-04    0.35733E-07    0.36388E-04    0.39305E-03    0.83296E-02    0.43447E-03    0.10330E-01    0.39699E-03    0.85308E-02    0.25977E-03    0.38140E-02    0.33401E-03    0.65305E-02    0.26652E-03    0.40609E-02    0.63698E-07    0.96312E-07    0.65510E-07    0.63698E-07    0.00000E+00    0.96312E-07    0.00000E+00    0.65510E-07    0.00000E+00    0.35693E-03    0.00000E+00    0.43889E-03    0.00000E+00    0.36197E-03    0.00000E+00    0.22445E-03    0.00000E+00    0.32946E-03    0.00000E+00    0.23028E-03    0.00000E+00    0.80056E-07    0.80031E-07    0.80053E-07    0.00000E+00    0.80056E-04    0.00000E+00    0.80031E-04    0.00000E+00    0.80053E-04    0.43579E-03    0.12654E-01    0.43224E-03    0.12652E-01    0.43532E-03    0.12653E-01    0.30595E-03    0.88015E-02    0.33629E-03    0.97957E-02    0.31000E-03    0.89341E-02
30000  1    0.73613E-07    0.94260E-07    0.75490E-07    0.39397E-07    0.34216E-04    0.39768E-07    0.54492E-04    0.39430E-07    0.36060E-04    0.39736E-03    0.82724E-02    0.48828E-03    0.10440E-01    0.40647E-03    0.84923E-02    0.26164E-03    0.37769E-02    0.37028E-03    0.65778E-02    0.27152E-03    0.40316E-02    0.69523E-07    0.11930E-06    0.72289E-07    0.69523E-07    0.00000E+00    0.11930E-06    0.00000E+00    0.72289E-07    0.00000E+00    0.37289E-03    0.00000E+00    0.48848E-03    0.00000E+00    0.38023E-03    0.00000E+00    0.22565E-03    0.00000E+00    0.33931E-03    0.00000E+00    0.23197E-03    0.00000E+00    0.78961E-07    0.81738E-07    0.79331E-07    0.00000E+00    0.78961E-04    0.00000E+00    0.81738E-04    0.00000E+00    0.79331E-04    0.42725E-03    0.12567E-01    0.48817E-03    0.12786E-01    0.43586E-03    0.12596E-01    0.30870E-03    0.87160E-02    0.38577E-03    0.98668E-02    0.31898E-03    0.88694E-02
