# DNNF90 training history: one row per validation event
#  1:epoch  2:patience
#  3:cost_train    4:cost_val    5:cost_input   (per point;
#    the composite objective, Loss_term weights applied --
#    the same sum the optimizer descends)
#  6:cost_train_f  7:cost_train_df  8:cost_val_f  9:cost_val_df
# 10:cost_input_f 11:cost_input_df
# 12:rmse_train_f 13:rmse_train_df 14:rmse_val_f 15:rmse_val_df
# 16:rmse_input_f 17:rmse_input_df
# 18:mae_train_f  19:mae_train_df  20:mae_val_f  21:mae_val_df
# 22:mae_input_f  23:mae_input_df
# 24..: the same 21 metrics for each loss term in turn (2 terms: columns 24-44 are term 1, 45-65 term 2, ...)
1  0    0.60241E-01    0.28668E-01    0.58519E-01    0.52776E-01    0.74649E-01    0.20114E-01    0.85545E-01    0.50995E-01    0.75243E-01    0.57026E+00    0.38639E+00    0.58901E+00    0.41363E+00    0.57130E+00    0.38793E+00    0.52970E+00    0.27329E+00    0.55416E+00    0.32214E+00    0.53103E+00    0.27596E+00    0.18797E+00    0.15085E+00    0.18698E+00    0.18797E+00    0.00000E+00    0.15085E+00    0.00000E+00    0.18698E+00    0.00000E+00    0.61314E+00    0.00000E+00    0.54928E+00    0.00000E+00    0.61152E+00    0.00000E+00    0.54716E+00    0.00000E+00    0.50960E+00    0.00000E+00    0.54616E+00    0.00000E+00    0.10379E-01    0.98706E-02    0.10346E-01    0.00000E+00    0.10379E+00    0.00000E+00    0.98706E-01    0.00000E+00    0.10346E+00    0.55262E+00    0.45561E+00    0.59488E+00    0.44431E+00    0.55546E+00    0.45488E+00    0.52288E+00    0.37998E+00    0.56101E+00    0.37170E+00    0.52536E+00    0.37944E+00
200  0    0.65583E-02    0.10981E-02    0.62604E-02    0.59132E-02    0.64509E-02    0.49819E-03    0.59995E-02    0.56178E-02    0.64263E-02    0.15609E+00    0.11359E+00    0.12848E+00    0.10954E+00    0.15471E+00    0.11337E+00    0.11590E+00    0.80666E-01    0.10133E+00    0.84676E-01    0.11511E+00    0.80885E-01    0.21061E-01    0.37364E-02    0.20599E-01    0.21061E-01    0.00000E+00    0.37364E-02    0.00000E+00    0.20599E-01    0.00000E+00    0.20523E+00    0.00000E+00    0.86446E-01    0.00000E+00    0.20297E+00    0.00000E+00    0.15588E+00    0.00000E+00    0.79205E-01    0.00000E+00    0.15384E+00    0.00000E+00    0.89691E-03    0.69225E-03    0.88361E-03    0.00000E+00    0.89691E-02    0.00000E+00    0.69225E-02    0.00000E+00    0.88361E-02    0.13204E+00    0.13393E+00    0.13378E+00    0.11766E+00    0.13215E+00    0.13294E+00    0.10030E+00    0.11216E+00    0.10474E+00    0.97703E-01    0.10059E+00    0.11122E+00
400  1    0.58942E-02    0.12441E-02    0.56405E-02    0.52104E-02    0.68377E-02    0.47233E-03    0.77174E-02    0.49519E-02    0.68857E-02    0.14581E+00    0.11694E+00    0.12020E+00    0.12424E+00    0.14453E+00    0.11735E+00    0.10721E+00    0.80258E-01    0.94361E-01    0.95739E-01    0.10651E+00    0.81103E-01    0.18558E-01    0.35425E-02    0.18157E-01    0.18558E-01    0.00000E+00    0.35425E-02    0.00000E+00    0.18157E-01    0.00000E+00    0.19265E+00    0.00000E+00    0.84172E-01    0.00000E+00    0.19056E+00    0.00000E+00    0.14443E+00    0.00000E+00    0.62930E-01    0.00000E+00    0.14225E+00    0.00000E+00    0.95070E-03    0.89047E-03    0.94679E-03    0.00000E+00    0.95070E-02    0.00000E+00    0.89047E-02    0.00000E+00    0.94679E-02    0.12277E+00    0.13789E+00    0.12483E+00    0.13345E+00    0.12290E+00    0.13761E+00    0.92676E-01    0.11159E+00    0.99196E-01    0.11047E+00    0.93100E-01    0.11152E+00
600  2    0.61945E-02    0.12789E-02    0.59264E-02    0.55763E-02    0.61824E-02    0.60813E-03    0.67079E-02    0.53053E-02    0.62110E-02    0.15512E+00    0.11120E+00    0.13240E+00    0.11583E+00    0.15396E+00    0.11145E+00    0.11349E+00    0.77795E-01    0.10308E+00    0.87898E-01    0.11292E+00    0.78346E-01    0.19861E-01    0.45610E-02    0.19453E-01    0.19861E-01    0.00000E+00    0.45610E-02    0.00000E+00    0.19453E-01    0.00000E+00    0.19930E+00    0.00000E+00    0.95509E-01    0.00000E+00    0.19724E+00    0.00000E+00    0.14189E+00    0.00000E+00    0.69458E-01    0.00000E+00    0.13996E+00    0.00000E+00    0.85958E-03    0.77398E-03    0.85402E-03    0.00000E+00    0.85958E-02    0.00000E+00    0.77398E-02    0.00000E+00    0.85402E-02    0.13397E+00    0.13112E+00    0.13720E+00    0.12442E+00    0.13418E+00    0.13069E+00    0.10240E+00    0.10816E+00    0.10825E+00    0.10142E+00    0.10278E+00    0.10773E+00
800  3    0.62186E-02    0.16834E-02    0.59713E-02    0.53451E-02    0.87349E-02    0.78822E-03    0.89515E-02    0.50966E-02    0.87467E-02    0.15927E+00    0.13217E+00    0.13757E+00    0.13380E+00    0.15816E+00    0.13226E+00    0.12269E+00    0.86805E-01    0.11958E+00    0.95207E-01    0.12252E+00    0.87263E-01    0.19038E-01    0.59117E-02    0.18687E-01    0.19038E-01    0.00000E+00    0.59117E-02    0.00000E+00    0.18687E-01    0.00000E+00    0.19513E+00    0.00000E+00    0.10874E+00    0.00000E+00    0.19333E+00    0.00000E+00    0.14192E+00    0.00000E+00    0.97025E-01    0.00000E+00    0.14072E+00    0.00000E+00    0.12145E-02    0.10329E-02    0.12027E-02    0.00000E+00    0.12145E-01    0.00000E+00    0.10329E-01    0.00000E+00    0.12027E-01    0.14285E+00    0.15585E+00    0.14149E+00    0.14373E+00    0.14276E+00    0.15509E+00    0.11519E+00    0.12069E+00    0.12305E+00    0.10985E+00    0.11570E+00    0.11999E+00
1000  4    0.57177E-02    0.13788E-02    0.54811E-02    0.49131E-02    0.80460E-02    0.37925E-03    0.99951E-02    0.46658E-02    0.81523E-02    0.13907E+00    0.12685E+00    0.11186E+00    0.14139E+00    0.13773E+00    0.12769E+00    0.10626E+00    0.89331E-01    0.93215E-01    0.11702E+00    0.10555E+00    0.90842E-01    0.17499E-01    0.28444E-02    0.17108E-01    0.17499E-01    0.00000E+00    0.28444E-02    0.00000E+00    0.17108E-01    0.00000E+00    0.18708E+00    0.00000E+00    0.75424E-01    0.00000E+00    0.18498E+00    0.00000E+00    0.15047E+00    0.00000E+00    0.56085E-01    0.00000E+00    0.14795E+00    0.00000E+00    0.11187E-02    0.11533E-02    0.11209E-02    0.00000E+00    0.11187E-01    0.00000E+00    0.11533E-01    0.00000E+00    0.11209E-01    0.11502E+00    0.14958E+00    0.11646E+00    0.15187E+00    0.11511E+00    0.14973E+00    0.89008E-01    0.12420E+00    0.98928E-01    0.13502E+00    0.89652E-01    0.12491E+00
1200  5    0.60112E-02    0.12557E-02    0.57518E-02    0.53762E-02    0.63500E-02    0.42172E-03    0.83395E-02    0.51060E-02    0.64585E-02    0.14493E+00    0.11269E+00    0.11913E+00    0.12915E+00    0.14364E+00    0.11365E+00    0.11294E+00    0.79884E-01    0.10184E+00    0.10380E+00    0.11234E+00    0.81189E-01    0.19148E-01    0.31629E-02    0.18722E-01    0.19148E-01    0.00000E+00    0.31629E-02    0.00000E+00    0.18722E-01    0.00000E+00    0.19569E+00    0.00000E+00    0.79535E-01    0.00000E+00    0.19350E+00    0.00000E+00    0.15690E+00    0.00000E+00    0.77334E-01    0.00000E+00    0.15478E+00    0.00000E+00    0.88288E-03    0.96225E-03    0.88804E-03    0.00000E+00    0.88288E-02    0.00000E+00    0.96225E-02    0.00000E+00    0.88804E-02    0.11939E+00    0.13288E+00    0.12411E+00    0.13873E+00    0.11970E+00    0.13327E+00    0.95779E-01    0.11107E+00    0.10560E+00    0.11977E+00    0.96418E-01    0.11163E+00
1400  0    0.58425E-02    0.86886E-03    0.55712E-02    0.54230E-02    0.41952E-02    0.37756E-03    0.49130E-02    0.51478E-02    0.42343E-02    0.14707E+00    0.91599E-01    0.11952E+00    0.99126E-01    0.14570E+00    0.92025E-01    0.11051E+00    0.63935E-01    0.97458E-01    0.76918E-01    0.10980E+00    0.64643E-01    0.19315E-01    0.28317E-02    0.18875E-01    0.19315E-01    0.00000E+00    0.28317E-02    0.00000E+00    0.18875E-01    0.00000E+00    0.19654E+00    0.00000E+00    0.75255E-01    0.00000E+00    0.19429E+00    0.00000E+00    0.15148E+00    0.00000E+00    0.72512E-01    0.00000E+00    0.14938E+00    0.00000E+00    0.58329E-03    0.56688E-03    0.58222E-03    0.00000E+00    0.58329E-02    0.00000E+00    0.56688E-02    0.00000E+00    0.58222E-02    0.12244E+00    0.10801E+00    0.12495E+00    0.10648E+00    0.12260E+00    0.10791E+00    0.94514E-01    0.88894E-01    0.10130E+00    0.88751E-01    0.94955E-01    0.88884E-01
1600  1    0.53588E-02    0.94209E-03    0.51179E-02    0.48049E-02    0.55389E-02    0.34202E-03    0.60007E-02    0.45615E-02    0.55641E-02    0.14466E+00    0.10525E+00    0.12004E+00    0.10955E+00    0.14343E+00    0.10549E+00    0.10169E+00    0.72521E-01    0.95430E-01    0.87497E-01    0.10135E+00    0.73337E-01    0.17113E-01    0.25651E-02    0.16726E-01    0.17113E-01    0.00000E+00    0.25651E-02    0.00000E+00    0.16726E-01    0.00000E+00    0.18501E+00    0.00000E+00    0.71626E-01    0.00000E+00    0.18290E+00    0.00000E+00    0.12423E+00    0.00000E+00    0.53125E-01    0.00000E+00    0.12234E+00    0.00000E+00    0.77011E-03    0.69239E-03    0.76506E-03    0.00000E+00    0.77011E-02    0.00000E+00    0.69239E-02    0.00000E+00    0.76506E-02    0.12544E+00    0.12411E+00    0.12585E+00    0.11768E+00    0.12547E+00    0.12370E+00    0.92897E-01    0.10083E+00    0.10194E+00    0.10096E+00    0.93484E-01    0.10084E+00
1800  2    0.62217E-02    0.24321E-02    0.60150E-02    0.51726E-02    0.10491E-01    0.12082E-02    0.12240E-01    0.49564E-02    0.10586E-01    0.14655E+00    0.14485E+00    0.12615E+00    0.15646E+00    0.14551E+00    0.14551E+00    0.12654E+00    0.97805E-01    0.11098E+00    0.12009E+00    0.12569E+00    0.99021E-01    0.18423E-01    0.90613E-02    0.18173E-01    0.18423E-01    0.00000E+00    0.90613E-02    0.00000E+00    0.18173E-01    0.00000E+00    0.19195E+00    0.00000E+00    0.13462E+00    0.00000E+00    0.19065E+00    0.00000E+00    0.17568E+00    0.00000E+00    0.12636E+00    0.00000E+00    0.17436E+00    0.00000E+00    0.14586E-02    0.14123E-02    0.14556E-02    0.00000E+00    0.14586E-01    0.00000E+00    0.14123E-01    0.00000E+00    0.14556E-01    0.12441E+00    0.17080E+00    0.12479E+00    0.16806E+00    0.12443E+00    0.17062E+00    0.10736E+00    0.13599E+00    0.10861E+00    0.13857E+00    0.10744E+00    0.13615E+00
2000  3    0.58732E-02    0.22207E-02    0.56740E-02    0.51224E-02    0.75079E-02    0.13923E-02    0.82842E-02    0.49190E-02    0.75503E-02    0.14634E+00    0.12254E+00    0.12225E+00    0.12872E+00    0.14513E+00    0.12288E+00    0.11420E+00    0.82964E-01    0.95802E-01    0.99891E-01    0.11319E+00    0.83887E-01    0.18244E-01    0.10442E-01    0.18036E-01    0.18244E-01    0.00000E+00    0.10442E-01    0.00000E+00    0.18036E-01    0.00000E+00    0.19102E+00    0.00000E+00    0.14451E+00    0.00000E+00    0.18993E+00    0.00000E+00    0.15981E+00    0.00000E+00    0.11009E+00    0.00000E+00    0.15849E+00    0.00000E+00    0.10439E-02    0.95587E-03    0.10382E-02    0.00000E+00    0.10439E-01    0.00000E+00    0.95587E-02    0.00000E+00    0.10382E-01    0.12462E+00    0.14449E+00    0.11845E+00    0.13827E+00    0.12423E+00    0.14409E+00    0.96388E-01    0.11535E+00    0.93604E-01    0.11526E+00    0.96207E-01    0.11535E+00
2200  4    0.53918E-02    0.13124E-02    0.51693E-02    0.49264E-02    0.46539E-02    0.76461E-03    0.54777E-02    0.46994E-02    0.46988E-02    0.13978E+00    0.96477E-01    0.11507E+00    0.10467E+00    0.13855E+00    0.96941E-01    0.10673E+00    0.68722E-01    0.94310E-01    0.85100E-01    0.10605E+00    0.69616E-01    0.17546E-01    0.57346E-02    0.17231E-01    0.17546E-01    0.00000E+00    0.57346E-02    0.00000E+00    0.17231E-01    0.00000E+00    0.18733E+00    0.00000E+00    0.10709E+00    0.00000E+00    0.18564E+00    0.00000E+00    0.14857E+00    0.00000E+00    0.92627E-01    0.00000E+00    0.14708E+00    0.00000E+00    0.64706E-03    0.63205E-03    0.64609E-03    0.00000E+00    0.64706E-02    0.00000E+00    0.63205E-02    0.00000E+00    0.64609E-02    0.11605E+00    0.11376E+00    0.11624E+00    0.11243E+00    0.11606E+00    0.11367E+00    0.90392E-01    0.95550E-01    0.94569E-01    0.98193E-01    0.90664E-01    0.95722E-01
2400  5    0.53371E-02    0.89237E-03    0.50946E-02    0.48053E-02    0.53175E-02    0.21313E-03    0.67924E-02    0.45548E-02    0.53979E-02    0.13960E+00    0.10313E+00    0.11279E+00    0.11655E+00    0.13827E+00    0.10390E+00    0.98648E-01    0.73134E-01    0.87285E-01    0.93440E-01    0.98028E-01    0.74242E-01    0.17115E-01    0.15985E-02    0.16701E-01    0.17115E-01    0.00000E+00    0.15985E-02    0.00000E+00    0.16701E-01    0.00000E+00    0.18501E+00    0.00000E+00    0.56541E-01    0.00000E+00    0.18276E+00    0.00000E+00    0.13168E+00    0.00000E+00    0.48533E-01    0.00000E+00    0.12946E+00    0.00000E+00    0.73933E-03    0.78374E-03    0.74221E-03    0.00000E+00    0.73933E-02    0.00000E+00    0.78374E-02    0.00000E+00    0.74221E-02    0.11718E+00    0.12160E+00    0.11911E+00    0.12520E+00    0.11731E+00    0.12184E+00    0.85754E-01    0.10168E+00    0.93247E-01    0.10782E+00    0.86241E-01    0.10208E+00
2600  6    0.51015E-02    0.89881E-03    0.48723E-02    0.46934E-02    0.40806E-02    0.39596E-03    0.50285E-02    0.44590E-02    0.41323E-02    0.13966E+00    0.90339E-01    0.11395E+00    0.10028E+00    0.13838E+00    0.90910E-01    0.96214E-01    0.61847E-01    0.88813E-01    0.75532E-01    0.95811E-01    0.62594E-01    0.16716E-01    0.29697E-02    0.16350E-01    0.16716E-01    0.00000E+00    0.29697E-02    0.00000E+00    0.16350E-01    0.00000E+00    0.18285E+00    0.00000E+00    0.77068E-01    0.00000E+00    0.18083E+00    0.00000E+00    0.12625E+00    0.00000E+00    0.61727E-01    0.00000E+00    0.12453E+00    0.00000E+00    0.56735E-03    0.58021E-03    0.56819E-03    0.00000E+00    0.56735E-02    0.00000E+00    0.58021E-02    0.00000E+00    0.56819E-02    0.11861E+00    0.10652E+00    0.11861E+00    0.10772E+00    0.11861E+00    0.10660E+00    0.84488E-01    0.85991E-01    0.92980E-01    0.87152E-01    0.85040E-01    0.86066E-01
2800  7    0.52256E-02    0.15275E-02    0.50239E-02    0.46313E-02    0.59431E-02    0.87575E-03    0.65175E-02    0.44264E-02    0.59744E-02    0.14245E+00    0.10902E+00    0.12037E+00    0.11417E+00    0.14133E+00    0.10931E+00    0.10310E+00    0.71093E-01    0.97973E-01    0.78401E-01    0.10282E+00    0.71492E-01    0.16495E-01    0.65682E-02    0.16230E-01    0.16495E-01    0.00000E+00    0.65682E-02    0.00000E+00    0.16230E-01    0.00000E+00    0.18163E+00    0.00000E+00    0.11461E+00    0.00000E+00    0.18017E+00    0.00000E+00    0.12831E+00    0.00000E+00    0.86193E-01    0.00000E+00    0.12719E+00    0.00000E+00    0.82631E-03    0.75202E-03    0.82148E-03    0.00000E+00    0.82631E-02    0.00000E+00    0.75202E-02    0.00000E+00    0.82148E-02    0.12383E+00    0.12855E+00    0.12123E+00    0.12264E+00    0.12366E+00    0.12818E+00    0.93258E-01    0.98846E-01    0.99785E-01    0.90463E-01    0.93682E-01    0.98301E-01
3000  8    0.57133E-02    0.21260E-02    0.55177E-02    0.51514E-02    0.56197E-02    0.14317E-02    0.69428E-02    0.49485E-02    0.56919E-02    0.14406E+00    0.10602E+00    0.12201E+00    0.11784E+00    0.14294E+00    0.10669E+00    0.11870E+00    0.76446E-01    0.10404E+00    0.97061E-01    0.11790E+00    0.77571E-01    0.18347E-01    0.10738E-01    0.18144E-01    0.18347E-01    0.00000E+00    0.10738E-01    0.00000E+00    0.18144E-01    0.00000E+00    0.19156E+00    0.00000E+00    0.14655E+00    0.00000E+00    0.19050E+00    0.00000E+00    0.16482E+00    0.00000E+00    0.13646E+00    0.00000E+00    0.16406E+00    0.00000E+00    0.78135E-03    0.80109E-03    0.78263E-03    0.00000E+00    0.78135E-02    0.00000E+00    0.80109E-02    0.00000E+00    0.78263E-02    0.12054E+00    0.12501E+00    0.11778E+00    0.12658E+00    0.12036E+00    0.12511E+00    0.10070E+00    0.10629E+00    0.99055E-01    0.11199E+00    0.10059E+00    0.10666E+00
3200  9    0.50895E-02    0.12434E-02    0.48797E-02    0.46415E-02    0.44801E-02    0.70426E-03    0.53918E-02    0.44267E-02    0.45298E-02    0.13824E+00    0.94658E-01    0.11172E+00    0.10384E+00    0.13692E+00    0.95182E-01    0.99317E-01    0.62899E-01    0.88548E-01    0.78528E-01    0.98730E-01    0.63752E-01    0.16531E-01    0.52820E-02    0.16231E-01    0.16531E-01    0.00000E+00    0.52820E-02    0.00000E+00    0.16231E-01    0.00000E+00    0.18183E+00    0.00000E+00    0.10278E+00    0.00000E+00    0.18017E+00    0.00000E+00    0.13358E+00    0.00000E+00    0.75309E-01    0.00000E+00    0.13203E+00    0.00000E+00    0.62290E-03    0.62213E-03    0.62285E-03    0.00000E+00    0.62290E-02    0.00000E+00    0.62213E-02    0.00000E+00    0.62285E-02    0.11689E+00    0.11162E+00    0.11303E+00    0.11155E+00    0.11664E+00    0.11161E+00    0.85941E-01    0.87453E-01    0.90585E-01    0.90609E-01    0.86243E-01    0.87658E-01
3400  0    0.52613E-02    0.74396E-03    0.50149E-02    0.48645E-02    0.39684E-02    0.24134E-03    0.50262E-02    0.46123E-02    0.40261E-02    0.14935E+00    0.89089E-01    0.12541E+00    0.10026E+00    0.14815E+00    0.89734E-01    0.10122E+00    0.62275E-01    0.97163E-01    0.80353E-01    0.10100E+00    0.63261E-01    0.17326E-01    0.18101E-02    0.16912E-01    0.17326E-01    0.00000E+00    0.18101E-02    0.00000E+00    0.16912E-01    0.00000E+00    0.18615E+00    0.00000E+00    0.60167E-01    0.00000E+00    0.18391E+00    0.00000E+00    0.11293E+00    0.00000E+00    0.43957E-01    0.00000E+00    0.11109E+00    0.00000E+00    0.55176E-03    0.57994E-03    0.55359E-03    0.00000E+00    0.55176E-02    0.00000E+00    0.57994E-02    0.00000E+00    0.55359E-02    0.13224E+00    0.10505E+00    0.13263E+00    0.10770E+00    0.13227E+00    0.10522E+00    0.96645E-01    0.86586E-01    0.10535E+00    0.92714E-01    0.97211E-01    0.86984E-01
3600  1    0.51213E-02    0.97365E-03    0.48951E-02    0.47114E-02    0.40985E-02    0.42288E-03    0.55077E-02    0.44775E-02    0.41753E-02    0.14681E+00    0.90537E-01    0.12419E+00    0.10495E+00    0.14566E+00    0.91382E-01    0.99902E-01    0.60070E-01    0.98495E-01    0.76047E-01    0.99825E-01    0.60941E-01    0.16780E-01    0.31716E-02    0.16418E-01    0.16780E-01    0.00000E+00    0.31716E-02    0.00000E+00    0.16418E-01    0.00000E+00    0.18320E+00    0.00000E+00    0.79644E-01    0.00000E+00    0.18120E+00    0.00000E+00    0.11272E+00    0.00000E+00    0.59728E-01    0.00000E+00    0.11131E+00    0.00000E+00    0.56984E-03    0.63551E-03    0.57411E-03    0.00000E+00    0.56984E-02    0.00000E+00    0.63551E-02    0.00000E+00    0.57411E-02    0.12986E+00    0.10676E+00    0.12970E+00    0.11274E+00    0.12985E+00    0.10715E+00    0.94898E-01    0.83520E-01    0.10446E+00    0.87747E-01    0.95519E-01    0.83794E-01
3800  2    0.55465E-02    0.18317E-02    0.53439E-02    0.49888E-02    0.55765E-02    0.10807E-02    0.75102E-02    0.47757E-02    0.56820E-02    0.14115E+00    0.10561E+00    0.11558E+00    0.12256E+00    0.13987E+00    0.10660E+00    0.10704E+00    0.76244E-01    0.94866E-01    0.10236E+00    0.10637E+00    0.77669E-01    0.17768E-01    0.81050E-02    0.17511E-01    0.17768E-01    0.00000E+00    0.81050E-02    0.00000E+00    0.17511E-01    0.00000E+00    0.18851E+00    0.00000E+00    0.12732E+00    0.00000E+00    0.18714E+00    0.00000E+00    0.14557E+00    0.00000E+00    0.11615E+00    0.00000E+00    0.14479E+00    0.00000E+00    0.77534E-03    0.86657E-03    0.78127E-03    0.00000E+00    0.77534E-02    0.00000E+00    0.86657E-02    0.00000E+00    0.78127E-02    0.11759E+00    0.12453E+00    0.11366E+00    0.13165E+00    0.11734E+00    0.12500E+00    0.91991E-01    0.10601E+00    0.91592E-01    0.11811E+00    0.91965E-01    0.10679E+00
4000  3    0.51264E-02    0.13583E-02    0.49209E-02    0.44345E-02    0.69185E-02    0.50507E-03    0.85324E-02    0.42202E-02    0.70065E-02    0.13334E+00    0.11763E+00    0.10756E+00    0.13063E+00    0.13207E+00    0.11838E+00    0.97146E-01    0.80219E-01    0.87535E-01    0.97702E-01    0.96622E-01    0.81173E-01    0.15794E-01    0.37880E-02    0.15474E-01    0.15794E-01    0.00000E+00    0.37880E-02    0.00000E+00    0.15474E-01    0.00000E+00    0.17773E+00    0.00000E+00    0.87040E-01    0.00000E+00    0.17592E+00    0.00000E+00    0.13221E+00    0.00000E+00    0.72721E-01    0.00000E+00    0.13062E+00    0.00000E+00    0.96193E-03    0.98451E-03    0.96340E-03    0.00000E+00    0.96193E-02    0.00000E+00    0.98451E-02    0.00000E+00    0.96340E-02    0.11131E+00    0.13870E+00    0.11038E+00    0.14032E+00    0.11125E+00    0.13881E+00    0.83457E-01    0.11153E+00    0.89814E-01    0.11273E+00    0.83871E-01    0.11161E+00
4200  4    0.51906E-02    0.93349E-03    0.49584E-02    0.47950E-02    0.39559E-02    0.35246E-03    0.58103E-02    0.45527E-02    0.40571E-02    0.14710E+00    0.88949E-01    0.12325E+00    0.10780E+00    0.14590E+00    0.90079E-01    0.96928E-01    0.59491E-01    0.92699E-01    0.79608E-01    0.96697E-01    0.60589E-01    0.17078E-01    0.26435E-02    0.16693E-01    0.17078E-01    0.00000E+00    0.26435E-02    0.00000E+00    0.16693E-01    0.00000E+00    0.18481E+00    0.00000E+00    0.72712E-01    0.00000E+00    0.18272E+00    0.00000E+00    0.11158E+00    0.00000E+00    0.51776E-01    0.00000E+00    0.10998E+00    0.00000E+00    0.55002E-03    0.67042E-03    0.55785E-03    0.00000E+00    0.55002E-02    0.00000E+00    0.67042E-02    0.00000E+00    0.55785E-02    0.12943E+00    0.10488E+00    0.12929E+00    0.11579E+00    0.12942E+00    0.10563E+00    0.91210E-01    0.82715E-01    0.98995E-01    0.91856E-01    0.91716E-01    0.83309E-01
4400  5    0.49868E-02    0.11399E-02    0.47769E-02    0.44900E-02    0.49680E-02    0.43208E-03    0.70784E-02    0.42686E-02    0.50831E-02    0.13633E+00    0.99679E-01    0.11062E+00    0.11898E+00    0.13505E+00    0.10083E+00    0.91141E-01    0.70935E-01    0.85097E-01    0.95013E-01    0.90811E-01    0.72248E-01    0.15992E-01    0.32406E-02    0.15652E-01    0.15992E-01    0.00000E+00    0.32406E-02    0.00000E+00    0.15652E-01    0.00000E+00    0.17884E+00    0.00000E+00    0.80506E-01    0.00000E+00    0.17693E+00    0.00000E+00    0.11832E+00    0.00000E+00    0.71185E-01    0.00000E+00    0.11706E+00    0.00000E+00    0.69073E-03    0.81674E-03    0.69892E-03    0.00000E+00    0.69073E-02    0.00000E+00    0.81674E-02    0.00000E+00    0.69892E-02    0.11557E+00    0.11754E+00    0.11455E+00    0.12781E+00    0.11550E+00    0.11823E+00    0.80531E-01    0.98626E-01    0.87238E-01    0.10963E+00    0.80967E-01    0.99342E-01
4600  6    0.47713E-02    0.13170E-02    0.45829E-02    0.44163E-02    0.35501E-02    0.82855E-03    0.48844E-02    0.42206E-02    0.36229E-02    0.13336E+00    0.84263E-01    0.10852E+00    0.98837E-01    0.13213E+00    0.85122E-01    0.96133E-01    0.58845E-01    0.86940E-01    0.78562E-01    0.95632E-01    0.59920E-01    0.15729E-01    0.62141E-02    0.15475E-01    0.15729E-01    0.00000E+00    0.62141E-02    0.00000E+00    0.15475E-01    0.00000E+00    0.17737E+00    0.00000E+00    0.11148E+00    0.00000E+00    0.17593E+00    0.00000E+00    0.13267E+00    0.00000E+00    0.95275E-01    0.00000E+00    0.13167E+00    0.00000E+00    0.49360E-03    0.56358E-03    0.49815E-03    0.00000E+00    0.49360E-02    0.00000E+00    0.56358E-02    0.00000E+00    0.49815E-02    0.11157E+00    0.99358E-01    0.10806E+00    0.10617E+00    0.11135E+00    0.99815E-01    0.81872E-01    0.81816E-01    0.85657E-01    0.90649E-01    0.82118E-01    0.82390E-01
4800  7    0.51874E-02    0.26247E-02    0.50476E-02    0.47337E-02    0.45368E-02    0.20298E-02    0.59485E-02    0.45862E-02    0.46138E-02    0.13896E+00    0.95255E-01    0.11892E+00    0.10907E+00    0.13794E+00    0.96060E-01    0.10921E+00    0.64520E-01    0.94037E-01    0.82814E-01    0.10838E+00    0.65518E-01    0.16860E-01    0.15224E-01    0.16816E-01    0.16860E-01    0.00000E+00    0.15224E-01    0.00000E+00    0.16816E-01    0.00000E+00    0.18363E+00    0.00000E+00    0.17449E+00    0.00000E+00    0.18339E+00    0.00000E+00    0.15286E+00    0.00000E+00    0.14403E+00    0.00000E+00    0.15262E+00    0.00000E+00    0.63078E-03    0.68636E-03    0.63439E-03    0.00000E+00    0.63078E-02    0.00000E+00    0.68636E-02    0.00000E+00    0.63439E-02    0.11698E+00    0.11232E+00    0.10786E+00    0.11716E+00    0.11641E+00    0.11264E+00    0.92172E-01    0.89707E-01    0.86346E-01    0.95555E-01    0.91793E-01    0.90088E-01
5000  8    0.47986E-02    0.11005E-02    0.45969E-02    0.45197E-02    0.27897E-02    0.66940E-03    0.43115E-02    0.43096E-02    0.28727E-02    0.13794E+00    0.74695E-01    0.11416E+00    0.92860E-01    0.13675E+00    0.75798E-01    0.93885E-01    0.52044E-01    0.89100E-01    0.76550E-01    0.93624E-01    0.53381E-01    0.16097E-01    0.50205E-02    0.15802E-01    0.16097E-01    0.00000E+00    0.50205E-02    0.00000E+00    0.15802E-01    0.00000E+00    0.17943E+00    0.00000E+00    0.10020E+00    0.00000E+00    0.17778E+00    0.00000E+00    0.12096E+00    0.00000E+00    0.80892E-01    0.00000E+00    0.11989E+00    0.00000E+00    0.38787E-03    0.49748E-03    0.39499E-03    0.00000E+00    0.38787E-02    0.00000E+00    0.49748E-02    0.00000E+00    0.39499E-02    0.11785E+00    0.88076E-01    0.11616E+00    0.99748E-01    0.11774E+00    0.88881E-01    0.83318E-01    0.72361E-01    0.90363E-01    0.88327E-01    0.83776E-01    0.73399E-01
5200  9    0.54918E-02    0.82429E-03    0.52372E-02    0.50450E-02    0.44678E-02    0.15903E-03    0.66526E-02    0.47785E-02    0.45870E-02    0.15152E+00    0.94528E-01    0.12542E+00    0.11535E+00    0.15021E+00    0.95781E-01    0.97212E-01    0.66727E-01    0.89131E-01    0.90602E-01    0.96771E-01    0.68029E-01    0.17968E-01    0.11928E-02    0.17521E-01    0.17968E-01    0.00000E+00    0.11928E-02    0.00000E+00    0.17521E-01    0.00000E+00    0.18957E+00    0.00000E+00    0.48842E-01    0.00000E+00    0.18720E+00    0.00000E+00    0.10947E+00    0.00000E+00    0.40404E-01    0.00000E+00    0.10763E+00    0.00000E+00    0.62119E-03    0.76761E-03    0.63071E-03    0.00000E+00    0.62119E-02    0.00000E+00    0.76761E-02    0.00000E+00    0.63071E-02    0.13376E+00    0.11146E+00    0.13336E+00    0.12390E+00    0.13373E+00    0.11231E+00    0.92424E-01    0.92775E-01    0.96628E-01    0.10454E+00    0.92698E-01    0.93540E-01
5400  10    0.49987E-02    0.12865E-02    0.47963E-02    0.43196E-02    0.67917E-02    0.33181E-03    0.95472E-02    0.41021E-02    0.69420E-02    0.13411E+00    0.11655E+00    0.10794E+00    0.13818E+00    0.13282E+00    0.11783E+00    0.87857E-01    0.79081E-01    0.81263E-01    0.10245E+00    0.87497E-01    0.80356E-01    0.15385E-01    0.24885E-02    0.15041E-01    0.15385E-01    0.00000E+00    0.24885E-02    0.00000E+00    0.15041E-01    0.00000E+00    0.17541E+00    0.00000E+00    0.70549E-01    0.00000E+00    0.17344E+00    0.00000E+00    0.11279E+00    0.00000E+00    0.62640E-01    0.00000E+00    0.11145E+00    0.00000E+00    0.94430E-03    0.11016E-02    0.95452E-03    0.00000E+00    0.94430E-02    0.00000E+00    0.11016E-01    0.00000E+00    0.95452E-02    0.11400E+00    0.13743E+00    0.11259E+00    0.14843E+00    0.11391E+00    0.13817E+00    0.78124E-01    0.10995E+00    0.84128E-01    0.11821E+00    0.78514E-01    0.11049E+00
5600  11    0.51231E-02    0.23731E-02    0.49731E-02    0.46044E-02    0.51860E-02    0.16956E-02    0.67750E-02    0.44458E-02    0.52727E-02    0.13600E+00    0.10184E+00    0.11355E+00    0.11640E+00    0.13487E+00    0.10269E+00    0.10591E+00    0.70548E-01    0.91241E-01    0.89327E-01    0.10511E+00    0.71573E-01    0.16399E-01    0.12717E-01    0.16301E-01    0.16399E-01    0.00000E+00    0.12717E-01    0.00000E+00    0.16301E-01    0.00000E+00    0.18110E+00    0.00000E+00    0.15948E+00    0.00000E+00    0.18056E+00    0.00000E+00    0.14934E+00    0.00000E+00    0.13253E+00    0.00000E+00    0.14890E+00    0.00000E+00    0.72105E-03    0.78173E-03    0.72499E-03    0.00000E+00    0.72105E-02    0.00000E+00    0.78173E-02    0.00000E+00    0.72499E-02    0.11363E+00    0.12009E+00    0.10471E+00    0.12504E+00    0.11307E+00    0.12042E+00    0.88950E-01    0.98088E-01    0.84889E-01    0.10307E+00    0.88686E-01    0.98412E-01
5800  12    0.49405E-02    0.12757E-02    0.47406E-02    0.45136E-02    0.42689E-02    0.59621E-03    0.67947E-02    0.42999E-02    0.44066E-02    0.14318E+00    0.92400E-01    0.12020E+00    0.11657E+00    0.14202E+00    0.93879E-01    0.98536E-01    0.59401E-01    0.96799E-01    0.81400E-01    0.98441E-01    0.60601E-01    0.16076E-01    0.44715E-02    0.15766E-01    0.16076E-01    0.00000E+00    0.44715E-02    0.00000E+00    0.15766E-01    0.00000E+00    0.17931E+00    0.00000E+00    0.94568E-01    0.00000E+00    0.17757E+00    0.00000E+00    0.11268E+00    0.00000E+00    0.78277E-01    0.00000E+00    0.11176E+00    0.00000E+00    0.59353E-03    0.78401E-03    0.60591E-03    0.00000E+00    0.59353E-02    0.00000E+00    0.78401E-02    0.00000E+00    0.60591E-02    0.12630E+00    0.10895E+00    0.12367E+00    0.12522E+00    0.12613E+00    0.11008E+00    0.93015E-01    0.82589E-01    0.99649E-01    0.93923E-01    0.93446E-01    0.83326E-01
6000  13    0.46427E-02    0.14694E-02    0.44696E-02    0.41724E-02    0.47030E-02    0.78347E-03    0.68591E-02    0.39876E-02    0.48206E-02    0.12951E+00    0.96985E-01    0.10455E+00    0.11713E+00    0.12827E+00    0.98190E-01    0.91116E-01    0.66597E-01    0.82964E-01    0.90332E-01    0.90671E-01    0.67891E-01    0.14861E-01    0.58760E-02    0.14621E-01    0.14861E-01    0.00000E+00    0.58760E-02    0.00000E+00    0.14621E-01    0.00000E+00    0.17240E+00    0.00000E+00    0.10841E+00    0.00000E+00    0.17100E+00    0.00000E+00    0.12467E+00    0.00000E+00    0.90912E-01    0.00000E+00    0.12377E+00    0.00000E+00    0.65390E-03    0.79144E-03    0.66284E-03    0.00000E+00    0.65390E-02    0.00000E+00    0.79144E-02    0.00000E+00    0.66284E-02    0.10825E+00    0.11436E+00    0.10394E+00    0.12581E+00    0.10797E+00    0.11514E+00    0.78016E-01    0.92594E-01    0.81742E-01    0.10423E+00    0.78258E-01    0.93350E-01
6200  14    0.49378E-02    0.21729E-02    0.47870E-02    0.41914E-02    0.74640E-02    0.10723E-02    0.11006E-01    0.40213E-02    0.76572E-02    0.13101E+00    0.12218E+00    0.10589E+00    0.14836E+00    0.12976E+00    0.12375E+00    0.93064E-01    0.81191E-01    0.81514E-01    0.10670E+00    0.92434E-01    0.82582E-01    0.14928E-01    0.80419E-02    0.14745E-01    0.14928E-01    0.00000E+00    0.80419E-02    0.00000E+00    0.14745E-01    0.00000E+00    0.17279E+00    0.00000E+00    0.12682E+00    0.00000E+00    0.17172E+00    0.00000E+00    0.12585E+00    0.00000E+00    0.94556E-01    0.00000E+00    0.12502E+00    0.00000E+00    0.10378E-02    0.12699E-02    0.10529E-02    0.00000E+00    0.10378E-01    0.00000E+00    0.12699E-01    0.00000E+00    0.10529E-01    0.11049E+00    0.14407E+00    0.10230E+00    0.15937E+00    0.10997E+00    0.14511E+00    0.80264E-01    0.11289E+00    0.79507E-01    0.12312E+00    0.80215E-01    0.11355E+00
6400  15    0.47453E-02    0.19534E-02    0.45930E-02    0.44107E-02    0.33460E-02    0.14760E-02    0.47734E-02    0.42506E-02    0.34238E-02    0.13378E+00    0.81804E-01    0.11240E+00    0.97707E-01    0.13270E+00    0.82750E-01    0.98654E-01    0.55844E-01    0.88953E-01    0.68564E-01    0.98125E-01    0.56538E-01    0.15709E-01    0.11070E-01    0.15586E-01    0.15709E-01    0.00000E+00    0.11070E-01    0.00000E+00    0.15586E-01    0.00000E+00    0.17725E+00    0.00000E+00    0.14880E+00    0.00000E+00    0.17655E+00    0.00000E+00    0.13568E+00    0.00000E+00    0.11569E+00    0.00000E+00    0.13515E+00    0.00000E+00    0.46521E-03    0.55077E-03    0.47077E-03    0.00000E+00    0.46521E-02    0.00000E+00    0.55077E-02    0.00000E+00    0.47077E-02    0.11233E+00    0.96459E-01    0.10570E+00    0.10495E+00    0.11191E+00    0.97033E-01    0.84198E-01    0.77645E-01    0.84840E-01    0.79113E-01    0.84240E-01    0.77740E-01
6600  16    0.47744E-02    0.14867E-02    0.45951E-02    0.43585E-02    0.41594E-02    0.84161E-03    0.64505E-02    0.41667E-02    0.42843E-02    0.13106E+00    0.91207E-01    0.10706E+00    0.11358E+00    0.12987E+00    0.92567E-01    0.97274E-01    0.62881E-01    0.88232E-01    0.86392E-01    0.96780E-01    0.64163E-01    0.15523E-01    0.63121E-02    0.15278E-01    0.15523E-01    0.00000E+00    0.63121E-02    0.00000E+00    0.15278E-01    0.00000E+00    0.17620E+00    0.00000E+00    0.11236E+00    0.00000E+00    0.17480E+00    0.00000E+00    0.13650E+00    0.00000E+00    0.98233E-01    0.00000E+00    0.13548E+00    0.00000E+00    0.57831E-03    0.74429E-03    0.58910E-03    0.00000E+00    0.57831E-02    0.00000E+00    0.74429E-02    0.00000E+00    0.58910E-02    0.10846E+00    0.10755E+00    0.10622E+00    0.12201E+00    0.10831E+00    0.10854E+00    0.81961E-01    0.87428E-01    0.86693E-01    0.99683E-01    0.82269E-01    0.88224E-01
6800  17    0.46195E-02    0.14882E-02    0.44487E-02    0.42954E-02    0.32410E-02    0.10357E-02    0.45247E-02    0.41176E-02    0.33110E-02    0.13282E+00    0.80511E-01    0.10989E+00    0.95128E-01    0.13167E+00    0.81376E-01    0.91863E-01    0.57543E-01    0.85986E-01    0.77557E-01    0.91542E-01    0.58634E-01    0.15299E-01    0.77677E-02    0.15098E-01    0.15299E-01    0.00000E+00    0.77677E-02    0.00000E+00    0.15098E-01    0.00000E+00    0.17492E+00    0.00000E+00    0.12464E+00    0.00000E+00    0.17377E+00    0.00000E+00    0.12246E+00    0.00000E+00    0.94445E-01    0.00000E+00    0.12171E+00    0.00000E+00    0.45062E-03    0.52208E-03    0.45527E-03    0.00000E+00    0.45062E-02    0.00000E+00    0.52208E-02    0.00000E+00    0.45527E-02    0.11217E+00    0.94934E-01    0.10745E+00    0.10218E+00    0.11187E+00    0.95422E-01    0.79921E-01    0.80006E-01    0.84685E-01    0.89489E-01    0.80230E-01    0.80622E-01
7000  18    0.46731E-02    0.11019E-02    0.44783E-02    0.42033E-02    0.46975E-02    0.42121E-03    0.68073E-02    0.39970E-02    0.48125E-02    0.13087E+00    0.96927E-01    0.10586E+00    0.11668E+00    0.12963E+00    0.98107E-01    0.88136E-01    0.65828E-01    0.82017E-01    0.88441E-01    0.87802E-01    0.67061E-01    0.14971E-01    0.31591E-02    0.14656E-01    0.14971E-01    0.00000E+00    0.31591E-02    0.00000E+00    0.14656E-01    0.00000E+00    0.17304E+00    0.00000E+00    0.79487E-01    0.00000E+00    0.17121E+00    0.00000E+00    0.11684E+00    0.00000E+00    0.72790E-01    0.00000E+00    0.11566E+00    0.00000E+00    0.65312E-03    0.78545E-03    0.66172E-03    0.00000E+00    0.65312E-02    0.00000E+00    0.78545E-02    0.00000E+00    0.66172E-02    0.11011E+00    0.11429E+00    0.10936E+00    0.12534E+00    0.11006E+00    0.11504E+00    0.76931E-01    0.91525E-01    0.83437E-01    0.10205E+00    0.77354E-01    0.92209E-01
7200  19    0.46639E-02    0.16182E-02    0.44978E-02    0.43754E-02    0.28850E-02    0.11295E-02    0.48863E-02    0.41984E-02    0.29942E-02    0.13392E+00    0.75961E-01    0.10964E+00    0.98856E-01    0.13271E+00    0.77384E-01    0.95254E-01    0.50602E-01    0.87332E-01    0.72902E-01    0.94822E-01    0.51818E-01    0.15584E-01    0.84716E-02    0.15394E-01    0.15584E-01    0.00000E+00    0.84716E-02    0.00000E+00    0.15394E-01    0.00000E+00    0.17654E+00    0.00000E+00    0.13017E+00    0.00000E+00    0.17547E+00    0.00000E+00    0.12858E+00    0.00000E+00    0.10512E+00    0.00000E+00    0.12795E+00    0.00000E+00    0.40112E-03    0.56380E-03    0.41170E-03    0.00000E+00    0.40112E-02    0.00000E+00    0.56380E-02    0.00000E+00    0.41170E-02    0.11299E+00    0.89568E-01    0.10613E+00    0.10619E+00    0.11256E+00    0.90741E-01    0.82244E-01    0.70356E-01    0.84596E-01    0.84118E-01    0.82397E-01    0.71250E-01
7400  20    0.50953E-02    0.27375E-02    0.49666E-02    0.45291E-02    0.56618E-02    0.19889E-02    0.74861E-02    0.43905E-02    0.57613E-02    0.13513E+00    0.10641E+00    0.11256E+00    0.12236E+00    0.13399E+00    0.10734E+00    0.10619E+00    0.72065E-01    0.89214E-01    0.84872E-01    0.10526E+00    0.72763E-01    0.16131E-01    0.14917E-01    0.16099E-01    0.16131E-01    0.00000E+00    0.14917E-01    0.00000E+00    0.16099E-01    0.00000E+00    0.17962E+00    0.00000E+00    0.17272E+00    0.00000E+00    0.17944E+00    0.00000E+00    0.14868E+00    0.00000E+00    0.14723E+00    0.00000E+00    0.14864E+00    0.00000E+00    0.78720E-03    0.86378E-03    0.79218E-03    0.00000E+00    0.78720E-02    0.00000E+00    0.86378E-02    0.00000E+00    0.79218E-02    0.11311E+00    0.12548E+00    0.10014E+00    0.13144E+00    0.11231E+00    0.12587E+00    0.89599E-01    0.10020E+00    0.80289E-01    0.97929E-01    0.88994E-01    0.10005E+00
7600  21    0.46151E-02    0.16581E-02    0.44538E-02    0.42491E-02    0.36598E-02    0.11187E-02    0.53939E-02    0.40784E-02    0.37543E-02    0.13198E+00    0.85554E-01    0.10834E+00    0.10386E+00    0.13080E+00    0.86653E-01    0.93312E-01    0.58221E-01    0.85915E-01    0.77176E-01    0.92908E-01    0.59255E-01    0.15134E-01    0.83902E-02    0.14954E-01    0.15134E-01    0.00000E+00    0.83902E-02    0.00000E+00    0.14954E-01    0.00000E+00    0.17398E+00    0.00000E+00    0.12954E+00    0.00000E+00    0.17294E+00    0.00000E+00    0.12457E+00    0.00000E+00    0.10064E+00    0.00000E+00    0.12393E+00    0.00000E+00    0.50884E-03    0.62237E-03    0.51622E-03    0.00000E+00    0.50884E-02    0.00000E+00    0.62237E-02    0.00000E+00    0.51622E-02    0.11137E+00    0.10088E+00    0.10470E+00    0.11157E+00    0.11095E+00    0.10161E+00    0.81109E-01    0.80950E-01    0.83650E-01    0.89049E-01    0.81274E-01    0.81476E-01
7800  22    0.47777E-02    0.13927E-02    0.45931E-02    0.40078E-02    0.76989E-02    0.32637E-03    0.10663E-01    0.38070E-02    0.78606E-02    0.12662E+00    0.12409E+00    0.99993E-01    0.14603E+00    0.12532E+00    0.12538E+00    0.86441E-01    0.82628E-01    0.78552E-01    0.10075E+00    0.86010E-01    0.83617E-01    0.14274E-01    0.24477E-02    0.13959E-01    0.14274E-01    0.00000E+00    0.24477E-02    0.00000E+00    0.13959E-01    0.00000E+00    0.16896E+00    0.00000E+00    0.69968E-01    0.00000E+00    0.16709E+00    0.00000E+00    0.11722E+00    0.00000E+00    0.62391E-01    0.00000E+00    0.11575E+00    0.00000E+00    0.10704E-02    0.12303E-02    0.10808E-02    0.00000E+00    0.10704E-01    0.00000E+00    0.12303E-01    0.00000E+00    0.10808E-01    0.10558E+00    0.14632E+00    0.10384E+00    0.15687E+00    0.10547E+00    0.14703E+00    0.74426E-01    0.11488E+00    0.81038E-01    0.11625E+00    0.74856E-01    0.11497E+00
8000  23    0.48312E-02    0.14604E-02    0.46473E-02    0.45333E-02    0.29784E-02    0.10861E-02    0.37420E-02    0.43453E-02    0.30201E-02    0.13540E+00    0.77181E-01    0.11019E+00    0.86511E-01    0.13415E+00    0.77718E-01    0.97253E-01    0.51323E-01    0.87023E-01    0.65505E-01    0.96695E-01    0.52096E-01    0.16146E-01    0.81461E-02    0.15933E-01    0.16146E-01    0.00000E+00    0.81461E-02    0.00000E+00    0.15933E-01    0.00000E+00    0.17970E+00    0.00000E+00    0.12764E+00    0.00000E+00    0.17851E+00    0.00000E+00    0.13317E+00    0.00000E+00    0.10367E+00    0.00000E+00    0.13239E+00    0.00000E+00    0.41411E-03    0.43177E-03    0.41526E-03    0.00000E+00    0.41411E-02    0.00000E+00    0.43177E-02    0.00000E+00    0.41526E-02    0.11351E+00    0.91007E-01    0.10726E+00    0.92927E-01    0.11311E+00    0.91133E-01    0.83230E-01    0.71358E-01    0.84463E-01    0.75583E-01    0.83310E-01    0.71632E-01
8200  24    0.45507E-02    0.11544E-02    0.43654E-02    0.43083E-02    0.24237E-02    0.77035E-03    0.38409E-02    0.41153E-02    0.25010E-02    0.13265E+00    0.69623E-01    0.10783E+00    0.87646E-01    0.13141E+00    0.70724E-01    0.93242E-01    0.44788E-01    0.86721E-01    0.61349E-01    0.92886E-01    0.45692E-01    0.15345E-01    0.57776E-02    0.15090E-01    0.15345E-01    0.00000E+00    0.57776E-02    0.00000E+00    0.15090E-01    0.00000E+00    0.17518E+00    0.00000E+00    0.10750E+00    0.00000E+00    0.17372E+00    0.00000E+00    0.12621E+00    0.00000E+00    0.95917E-01    0.00000E+00    0.12540E+00    0.00000E+00    0.33698E-03    0.44319E-03    0.34388E-03    0.00000E+00    0.33698E-02    0.00000E+00    0.44319E-02    0.00000E+00    0.34388E-02    0.11173E+00    0.82095E-01    0.10788E+00    0.94147E-01    0.11148E+00    0.82932E-01    0.80371E-01    0.62273E-01    0.85306E-01    0.70788E-01    0.80692E-01    0.62826E-01
8400  25    0.45720E-02    0.13194E-02    0.43946E-02    0.40445E-02    0.52748E-02    0.55811E-03    0.76133E-02    0.38543E-02    0.54023E-02    0.12812E+00    0.10271E+00    0.10269E+00    0.12340E+00    0.12687E+00    0.10395E+00    0.87546E-01    0.67629E-01    0.81136E-01    0.85836E-01    0.87196E-01    0.68622E-01    0.14405E-01    0.41858E-02    0.14133E-01    0.14405E-01    0.00000E+00    0.41858E-02    0.00000E+00    0.14133E-01    0.00000E+00    0.16974E+00    0.00000E+00    0.91496E-01    0.00000E+00    0.16812E+00    0.00000E+00    0.11732E+00    0.00000E+00    0.81206E-01    0.00000E+00    0.11636E+00    0.00000E+00    0.73339E-03    0.87846E-03    0.74282E-03    0.00000E+00    0.73339E-02    0.00000E+00    0.87846E-02    0.00000E+00    0.74282E-02    0.10759E+00    0.12111E+00    0.10431E+00    0.13255E+00    0.10738E+00    0.12189E+00    0.75921E-01    0.94029E-01    0.81126E-01    0.99042E-01    0.76259E-01    0.94355E-01
8600  26    0.47063E-02    0.81306E-03    0.44939E-02    0.44509E-02    0.25539E-02    0.42589E-03    0.38717E-02    0.42313E-02    0.26257E-02    0.13984E+00    0.71468E-01    0.11593E+00    0.87997E-01    0.13864E+00    0.72467E-01    0.91225E-01    0.46756E-01    0.88298E-01    0.57933E-01    0.91065E-01    0.47366E-01    0.15852E-01    0.31942E-02    0.15515E-01    0.15852E-01    0.00000E+00    0.31942E-02    0.00000E+00    0.15515E-01    0.00000E+00    0.17806E+00    0.00000E+00    0.79927E-01    0.00000E+00    0.17615E+00    0.00000E+00    0.10969E+00    0.00000E+00    0.63309E-01    0.00000E+00    0.10845E+00    0.00000E+00    0.35508E-03    0.44674E-03    0.36104E-03    0.00000E+00    0.35508E-02    0.00000E+00    0.44674E-02    0.00000E+00    0.36104E-02    0.12171E+00    0.84271E-01    0.12052E+00    0.94524E-01    0.12163E+00    0.84975E-01    0.84016E-01    0.65009E-01    0.92143E-01    0.66845E-01    0.84544E-01    0.65128E-01
8800  27    0.45268E-02    0.14171E-02    0.43572E-02    0.40668E-02    0.46001E-02    0.72376E-03    0.69338E-02    0.38845E-02    0.47274E-02    0.12758E+00    0.95918E-01    0.10372E+00    0.11776E+00    0.12639E+00    0.97236E-01    0.88413E-01    0.61967E-01    0.81602E-01    0.84381E-01    0.88042E-01    0.63189E-01    0.14485E-01    0.54282E-02    0.14243E-01    0.14485E-01    0.00000E+00    0.54282E-02    0.00000E+00    0.14243E-01    0.00000E+00    0.17020E+00    0.00000E+00    0.10419E+00    0.00000E+00    0.16878E+00    0.00000E+00    0.12044E+00    0.00000E+00    0.91200E-01    0.00000E+00    0.11966E+00    0.00000E+00    0.63959E-03    0.80006E-03    0.65002E-03    0.00000E+00    0.63959E-02    0.00000E+00    0.80006E-02    0.00000E+00    0.65002E-02    0.10640E+00    0.11310E+00    0.10364E+00    0.12650E+00    0.10622E+00    0.11402E+00    0.75911E-01    0.86157E-01    0.80126E-01    0.97363E-01    0.76185E-01    0.86885E-01
9000  28    0.48869E-02    0.97192E-03    0.46733E-02    0.46793E-02    0.20760E-02    0.77513E-03    0.19679E-02    0.44663E-02    0.20701E-02    0.14567E+00    0.64437E-01    0.12400E+00    0.62735E-01    0.14457E+00    0.64345E-01    0.96044E-01    0.39036E-01    0.96155E-01    0.44374E-01    0.96050E-01    0.39327E-01    0.16666E-01    0.58135E-02    0.16376E-01    0.16666E-01    0.00000E+00    0.58135E-02    0.00000E+00    0.16376E-01    0.00000E+00    0.18257E+00    0.00000E+00    0.10783E+00    0.00000E+00    0.18098E+00    0.00000E+00    0.10954E+00    0.00000E+00    0.78229E-01    0.00000E+00    0.10871E+00    0.00000E+00    0.28865E-03    0.22706E-03    0.28464E-03    0.00000E+00    0.28865E-02    0.00000E+00    0.22706E-02    0.00000E+00    0.28464E-02    0.12842E+00    0.75980E-01    0.12630E+00    0.67388E-01    0.12829E+00    0.75451E-01    0.90775E-01    0.54275E-01    0.98913E-01    0.51201E-01    0.91304E-01    0.54075E-01
9200  29    0.45257E-02    0.15890E-02    0.43655E-02    0.38957E-02    0.63001E-02    0.65202E-03    0.93702E-02    0.37188E-02    0.64676E-02    0.12532E+00    0.11225E+00    0.10085E+00    0.13690E+00    0.12411E+00    0.11373E+00    0.84699E-01    0.69035E-01    0.78612E-01    0.94618E-01    0.84367E-01    0.70431E-01    0.13875E-01    0.48902E-02    0.13636E-01    0.13875E-01    0.00000E+00    0.48902E-02    0.00000E+00    0.13636E-01    0.00000E+00    0.16658E+00    0.00000E+00    0.98896E-01    0.00000E+00    0.16514E+00    0.00000E+00    0.11392E+00    0.00000E+00    0.84540E-01    0.00000E+00    0.11314E+00    0.00000E+00    0.87596E-03    0.10812E-02    0.88929E-03    0.00000E+00    0.87596E-02    0.00000E+00    0.10812E-01    0.00000E+00    0.88929E-02    0.10490E+00    0.13236E+00    0.10115E+00    0.14705E+00    0.10466E+00    0.13336E+00    0.73290E-01    0.95985E-01    0.77700E-01    0.10917E+00    0.73577E-01    0.96842E-01
9400  30    0.46695E-02    0.78548E-03    0.44576E-02    0.43482E-02    0.32131E-02    0.30468E-03    0.48080E-02    0.41276E-02    0.33001E-02    0.13763E+00    0.80164E-01    0.11311E+00    0.98061E-01    0.13640E+00    0.81242E-01    0.87575E-01    0.54011E-01    0.84015E-01    0.69682E-01    0.87381E-01    0.54866E-01    0.15487E-01    0.22851E-02    0.15135E-01    0.15487E-01    0.00000E+00    0.22851E-02    0.00000E+00    0.15135E-01    0.00000E+00    0.17599E+00    0.00000E+00    0.67603E-01    0.00000E+00    0.17398E+00    0.00000E+00    0.10580E+00    0.00000E+00    0.54814E-01    0.00000E+00    0.10445E+00    0.00000E+00    0.44674E-03    0.55477E-03    0.45377E-03    0.00000E+00    0.44674E-02    0.00000E+00    0.55477E-02    0.00000E+00    0.45377E-02    0.11935E+00    0.94524E-01    0.11857E+00    0.10533E+00    0.11930E+00    0.95264E-01    0.80459E-01    0.75096E-01    0.88508E-01    0.80402E-01    0.80982E-01    0.75441E-01
9600  31    0.45416E-02    0.12603E-02    0.43626E-02    0.42171E-02    0.32452E-02    0.85107E-03    0.40919E-02    0.40335E-02    0.32914E-02    0.12868E+00    0.80563E-01    0.10441E+00    0.90464E-01    0.12748E+00    0.81134E-01    0.94859E-01    0.55391E-01    0.86359E-01    0.67318E-01    0.94395E-01    0.56041E-01    0.15020E-01    0.63830E-02    0.14789E-01    0.15020E-01    0.00000E+00    0.63830E-02    0.00000E+00    0.14789E-01    0.00000E+00    0.17332E+00    0.00000E+00    0.11299E+00    0.00000E+00    0.17198E+00    0.00000E+00    0.13379E+00    0.00000E+00    0.10125E+00    0.00000E+00    0.13292E+00    0.00000E+00    0.45120E-03    0.47214E-03    0.45256E-03    0.00000E+00    0.45120E-02    0.00000E+00    0.47214E-02    0.00000E+00    0.45256E-02    0.10628E+00    0.94995E-01    0.10303E+00    0.97174E-01    0.10608E+00    0.95138E-01    0.79661E-01    0.77014E-01    0.84067E-01    0.77675E-01    0.79947E-01    0.77056E-01
9800  32    0.47553E-02    0.76774E-03    0.45378E-02    0.44413E-02    0.31405E-02    0.36131E-03    0.40643E-02    0.42187E-02    0.31909E-02    0.13650E+00    0.79253E-01    0.11124E+00    0.90159E-01    0.13524E+00    0.79886E-01    0.89446E-01    0.55774E-01    0.84353E-01    0.67882E-01    0.89168E-01    0.56434E-01    0.15818E-01    0.27098E-02    0.15469E-01    0.15818E-01    0.00000E+00    0.27098E-02    0.00000E+00    0.15469E-01    0.00000E+00    0.17787E+00    0.00000E+00    0.73618E-01    0.00000E+00    0.17589E+00    0.00000E+00    0.11486E+00    0.00000E+00    0.70339E-01    0.00000E+00    0.11367E+00    0.00000E+00    0.43665E-03    0.46896E-03    0.43875E-03    0.00000E+00    0.43665E-02    0.00000E+00    0.46896E-02    0.00000E+00    0.43875E-02    0.11643E+00    0.93450E-01    0.11594E+00    0.96846E-01    0.11640E+00    0.93675E-01    0.79524E-01    0.77546E-01    0.86509E-01    0.78326E-01    0.79978E-01    0.77597E-01
10000  33    0.49895E-02    0.26286E-02    0.48608E-02    0.45532E-02    0.43632E-02    0.19812E-02    0.64742E-02    0.44129E-02    0.44784E-02    0.13632E+00    0.93415E-01    0.11566E+00    0.11379E+00    0.13528E+00    0.94640E-01    0.10389E+00    0.59589E-01    0.89957E-01    0.76184E-01    0.10313E+00    0.60494E-01    0.16217E-01    0.14859E-01    0.16181E-01    0.16217E-01    0.00000E+00    0.14859E-01    0.00000E+00    0.16181E-01    0.00000E+00    0.18009E+00    0.00000E+00    0.17239E+00    0.00000E+00    0.17989E+00    0.00000E+00    0.14226E+00    0.00000E+00    0.14832E+00    0.00000E+00    0.14242E+00    0.00000E+00    0.60665E-03    0.74703E-03    0.61578E-03    0.00000E+00    0.60665E-02    0.00000E+00    0.74703E-02    0.00000E+00    0.61578E-02    0.11479E+00    0.11015E+00    0.10423E+00    0.12223E+00    0.11413E+00    0.11098E+00    0.88909E-01    0.82851E-01    0.80978E-01    0.87905E-01    0.88393E-01    0.83180E-01
10200  34    0.45757E-02    0.12909E-02    0.43965E-02    0.41966E-02    0.37912E-02    0.69948E-03    0.59147E-02    0.40058E-02    0.39070E-02    0.13033E+00    0.87077E-01    0.10575E+00    0.10876E+00    0.12911E+00    0.88397E-01    0.91969E-01    0.55261E-01    0.84105E-01    0.63069E-01    0.91540E-01    0.55687E-01    0.14947E-01    0.52461E-02    0.14688E-01    0.14947E-01    0.00000E+00    0.52461E-02    0.00000E+00    0.14688E-01    0.00000E+00    0.17290E+00    0.00000E+00    0.10243E+00    0.00000E+00    0.17139E+00    0.00000E+00    0.12510E+00    0.00000E+00    0.85939E-01    0.00000E+00    0.12405E+00    0.00000E+00    0.52711E-03    0.68246E-03    0.53721E-03    0.00000E+00    0.52711E-02    0.00000E+00    0.68246E-02    0.00000E+00    0.53721E-02    0.10930E+00    0.10268E+00    0.10625E+00    0.11683E+00    0.10910E+00    0.10365E+00    0.79037E-01    0.76834E-01    0.83823E-01    0.72772E-01    0.79348E-01    0.76570E-01
10400  35    0.48951E-02    0.11669E-02    0.46917E-02    0.44224E-02    0.47270E-02    0.41519E-03    0.75173E-02    0.42038E-02    0.48792E-02    0.13633E+00    0.97231E-01    0.10947E+00    0.12262E+00    0.13501E+00    0.98784E-01    0.92038E-01    0.63173E-01    0.83835E-01    0.87486E-01    0.91591E-01    0.64499E-01    0.15751E-01    0.31139E-02    0.15414E-01    0.15751E-01    0.00000E+00    0.31139E-02    0.00000E+00    0.15414E-01    0.00000E+00    0.17749E+00    0.00000E+00    0.78917E-01    0.00000E+00    0.17558E+00    0.00000E+00    0.11880E+00    0.00000E+00    0.76886E-01    0.00000E+00    0.11768E+00    0.00000E+00    0.65722E-03    0.86738E-03    0.67088E-03    0.00000E+00    0.65722E-02    0.00000E+00    0.86738E-02    0.00000E+00    0.67088E-02    0.11639E+00    0.11465E+00    0.11344E+00    0.13171E+00    0.11620E+00    0.11583E+00    0.81592E-01    0.87834E-01    0.84904E-01    0.10095E+00    0.81807E-01    0.88686E-01
10600  36    0.45652E-02    0.19994E-02    0.44253E-02    0.41084E-02    0.45677E-02    0.12517E-02    0.74765E-02    0.39526E-02    0.47263E-02    0.12865E+00    0.95579E-01    0.10621E+00    0.12228E+00    0.12753E+00    0.97225E-01    0.92814E-01    0.61444E-01    0.85061E-01    0.79025E-01    0.92391E-01    0.62403E-01    0.14633E-01    0.93881E-02    0.14493E-01    0.14633E-01    0.00000E+00    0.93881E-02    0.00000E+00    0.14493E-01    0.00000E+00    0.17107E+00    0.00000E+00    0.13703E+00    0.00000E+00    0.17025E+00    0.00000E+00    0.12704E+00    0.00000E+00    0.11353E+00    0.00000E+00    0.12668E+00    0.00000E+00    0.63508E-03    0.86268E-03    0.64987E-03    0.00000E+00    0.63508E-02    0.00000E+00    0.86268E-02    0.00000E+00    0.64987E-02    0.10765E+00    0.11270E+00    0.10064E+00    0.13135E+00    0.10720E+00    0.11401E+00    0.79452E-01    0.85430E-01    0.80681E-01    0.91182E-01    0.79532E-01    0.85804E-01
10800  37    0.45976E-02    0.21473E-02    0.44640E-02    0.40157E-02    0.58192E-02    0.13114E-02    0.83594E-02    0.38682E-02    0.59578E-02    0.12684E+00    0.10788E+00    0.10418E+00    0.12930E+00    0.12571E+00    0.10916E+00    0.90079E-01    0.71461E-01    0.82486E-01    0.89113E-01    0.89664E-01    0.72424E-01    0.14302E-01    0.98355E-02    0.14183E-01    0.14302E-01    0.00000E+00    0.98355E-02    0.00000E+00    0.14183E-01    0.00000E+00    0.16913E+00    0.00000E+00    0.14025E+00    0.00000E+00    0.16842E+00    0.00000E+00    0.12218E+00    0.00000E+00    0.11959E+00    0.00000E+00    0.12211E+00    0.00000E+00    0.80909E-03    0.96454E-03    0.81919E-03    0.00000E+00    0.80909E-02    0.00000E+00    0.96454E-02    0.00000E+00    0.81919E-02    0.10584E+00    0.12721E+00    0.97455E-01    0.13889E+00    0.10531E+00    0.12800E+00    0.77547E-01    0.99358E-01    0.76778E-01    0.10282E+00    0.77497E-01    0.99583E-01
11000  38    0.45956E-02    0.15828E-02    0.44313E-02    0.38878E-02    0.70782E-02    0.70940E-03    0.87342E-02    0.37144E-02    0.71685E-02    0.12544E+00    0.11898E+00    0.10158E+00    0.13217E+00    0.12425E+00    0.11974E+00    0.85742E-01    0.79512E-01    0.80130E-01    0.94169E-01    0.85436E-01    0.80312E-01    0.13847E-01    0.53205E-02    0.13619E-01    0.13847E-01    0.00000E+00    0.53205E-02    0.00000E+00    0.13619E-01    0.00000E+00    0.16641E+00    0.00000E+00    0.10316E+00    0.00000E+00    0.16504E+00    0.00000E+00    0.11360E+00    0.00000E+00    0.76194E-01    0.00000E+00    0.11260E+00    0.00000E+00    0.98413E-03    0.10078E-02    0.98567E-03    0.00000E+00    0.98413E-02    0.00000E+00    0.10078E-01    0.00000E+00    0.98567E-02    0.10519E+00    0.14029E+00    0.10134E+00    0.14197E+00    0.10495E+00    0.14040E+00    0.74868E-01    0.11055E+00    0.80736E-01    0.10866E+00    0.75249E-01    0.11043E+00
11200  39    0.45430E-02    0.11326E-02    0.43569E-02    0.42309E-02    0.31206E-02    0.61449E-03    0.51808E-02    0.40336E-02    0.32330E-02    0.13470E+00    0.79001E-01    0.11105E+00    0.10179E+00    0.13352E+00    0.80411E-01    0.88917E-01    0.49689E-01    0.86321E-01    0.60606E-01    0.88775E-01    0.50284E-01    0.15069E-01    0.46086E-02    0.14790E-01    0.15069E-01    0.00000E+00    0.46086E-02    0.00000E+00    0.14790E-01    0.00000E+00    0.17360E+00    0.00000E+00    0.96007E-01    0.00000E+00    0.17199E+00    0.00000E+00    0.11022E+00    0.00000E+00    0.73687E-01    0.00000E+00    0.10925E+00    0.00000E+00    0.43388E-03    0.59778E-03    0.44453E-03    0.00000E+00    0.43388E-02    0.00000E+00    0.59778E-02    0.00000E+00    0.44453E-02    0.11603E+00    0.93154E-01    0.11319E+00    0.10934E+00    0.11585E+00    0.94290E-01    0.80599E-01    0.69086E-01    0.88264E-01    0.69930E-01    0.81097E-01    0.69141E-01
11400  40    0.49276E-02    0.86831E-03    0.47062E-02    0.44733E-02    0.45429E-02    0.17057E-03    0.69774E-02    0.42386E-02    0.46757E-02    0.14078E+00    0.95320E-01    0.11517E+00    0.11813E+00    0.13950E+00    0.96703E-01    0.88496E-01    0.62371E-01    0.82687E-01    0.82188E-01    0.88179E-01    0.63452E-01    0.15932E-01    0.12793E-02    0.15542E-01    0.15932E-01    0.00000E+00    0.12793E-02    0.00000E+00    0.15542E-01    0.00000E+00    0.17851E+00    0.00000E+00    0.50582E-01    0.00000E+00    0.17630E+00    0.00000E+00    0.10415E+00    0.00000E+00    0.44182E-01    0.00000E+00    0.10255E+00    0.00000E+00    0.63164E-03    0.80508E-03    0.64291E-03    0.00000E+00    0.63164E-02    0.00000E+00    0.80508E-02    0.00000E+00    0.64291E-02    0.12294E+00    0.11240E+00    0.12211E+00    0.12689E+00    0.12289E+00    0.11339E+00    0.82385E-01    0.86719E-01    0.88611E-01    0.94832E-01    0.82789E-01    0.87247E-01
11600  41    0.47197E-02    0.12796E-02    0.45321E-02    0.42638E-02    0.45587E-02    0.60129E-03    0.67827E-02    0.40641E-02    0.46800E-02    0.13786E+00    0.95485E-01    0.11623E+00    0.11647E+00    0.13677E+00    0.96747E-01    0.91493E-01    0.59602E-01    0.90490E-01    0.78679E-01    0.91438E-01    0.60643E-01    0.15186E-01    0.45096E-02    0.14902E-01    0.15186E-01    0.00000E+00    0.45096E-02    0.00000E+00    0.14902E-01    0.00000E+00    0.17428E+00    0.00000E+00    0.94970E-01    0.00000E+00    0.17264E+00    0.00000E+00    0.10659E+00    0.00000E+00    0.73386E-01    0.00000E+00    0.10570E+00    0.00000E+00    0.63383E-03    0.78262E-03    0.64350E-03    0.00000E+00    0.63383E-02    0.00000E+00    0.78262E-02    0.00000E+00    0.64350E-02    0.12070E+00    0.11259E+00    0.11916E+00    0.12511E+00    0.12060E+00    0.11345E+00    0.85600E-01    0.82869E-01    0.93121E-01    0.90783E-01    0.86088E-01    0.83384E-01
11800  42    0.45727E-02    0.18614E-02    0.44248E-02    0.41703E-02    0.40238E-02    0.12423E-02    0.61913E-02    0.40106E-02    0.41421E-02    0.13302E+00    0.89709E-01    0.11167E+00    0.11128E+00    0.13195E+00    0.91017E-01    0.91653E-01    0.55535E-01    0.87605E-01    0.73655E-01    0.91432E-01    0.56523E-01    0.14853E-01    0.93171E-02    0.14705E-01    0.14853E-01    0.00000E+00    0.93171E-02    0.00000E+00    0.14705E-01    0.00000E+00    0.17235E+00    0.00000E+00    0.13651E+00    0.00000E+00    0.17150E+00    0.00000E+00    0.11450E+00    0.00000E+00    0.10266E+00    0.00000E+00    0.11419E+00    0.00000E+00    0.55947E-03    0.71438E-03    0.56953E-03    0.00000E+00    0.55947E-02    0.00000E+00    0.71438E-02    0.00000E+00    0.56953E-02    0.11404E+00    0.10578E+00    0.10734E+00    0.11953E+00    0.11362E+00    0.10673E+00    0.82734E-01    0.77214E-01    0.85289E-01    0.84987E-01    0.82900E-01    0.77719E-01
12000  43    0.45651E-02    0.79647E-03    0.43595E-02    0.42924E-02    0.27271E-02    0.46994E-03    0.32653E-02    0.40839E-02    0.27564E-02    0.13394E+00    0.73852E-01    0.10994E+00    0.80812E-01    0.13274E+00    0.74248E-01    0.88286E-01    0.49678E-01    0.83803E-01    0.59211E-01    0.88042E-01    0.50198E-01    0.15288E-01    0.35246E-02    0.14974E-01    0.15288E-01    0.00000E+00    0.35246E-02    0.00000E+00    0.14974E-01    0.00000E+00    0.17486E+00    0.00000E+00    0.83959E-01    0.00000E+00    0.17306E+00    0.00000E+00    0.11479E+00    0.00000E+00    0.72647E-01    0.00000E+00    0.11367E+00    0.00000E+00    0.37916E-03    0.37677E-03    0.37901E-03    0.00000E+00    0.37916E-02    0.00000E+00    0.37677E-02    0.00000E+00    0.37901E-02    0.11404E+00    0.87082E-01    0.11341E+00    0.86806E-01    0.11400E+00    0.87064E-01    0.77940E-01    0.69071E-01    0.85520E-01    0.68320E-01    0.78432E-01    0.69023E-01
12200  44    0.45631E-02    0.14244E-02    0.43919E-02    0.43549E-02    0.20824E-02    0.11415E-02    0.28293E-02    0.41796E-02    0.21232E-02    0.13269E+00    0.64535E-01    0.11000E+00    0.75224E-01    0.13156E+00    0.65164E-01    0.94548E-01    0.44289E-01    0.89842E-01    0.54767E-01    0.94292E-01    0.44861E-01    0.15510E-01    0.85611E-02    0.15325E-01    0.15510E-01    0.00000E+00    0.85611E-02    0.00000E+00    0.15325E-01    0.00000E+00    0.17613E+00    0.00000E+00    0.13085E+00    0.00000E+00    0.17507E+00    0.00000E+00    0.12891E+00    0.00000E+00    0.11600E+00    0.00000E+00    0.12856E+00    0.00000E+00    0.28953E-03    0.32646E-03    0.29193E-03    0.00000E+00    0.28953E-02    0.00000E+00    0.32646E-02    0.00000E+00    0.29193E-02    0.11123E+00    0.76096E-01    0.10644E+00    0.80804E-01    0.11092E+00    0.76411E-01    0.81135E-01    0.61579E-01    0.85817E-01    0.63192E-01    0.81439E-01    0.61683E-01
12400  45    0.46161E-02    0.20498E-02    0.44761E-02    0.41317E-02    0.48437E-02    0.13493E-02    0.70048E-02    0.39800E-02    0.49616E-02    0.12813E+00    0.98425E-01    0.10571E+00    0.11836E+00    0.12701E+00    0.99615E-01    0.94977E-01    0.65875E-01    0.83347E-01    0.83004E-01    0.94343E-01    0.66809E-01    0.14716E-01    0.10120E-01    0.14593E-01    0.14716E-01    0.00000E+00    0.10120E-01    0.00000E+00    0.14593E-01    0.00000E+00    0.17156E+00    0.00000E+00    0.14227E+00    0.00000E+00    0.17084E+00    0.00000E+00    0.13217E+00    0.00000E+00    0.11686E+00    0.00000E+00    0.13176E+00    0.00000E+00    0.67346E-03    0.80824E-03    0.68222E-03    0.00000E+00    0.67346E-02    0.00000E+00    0.80824E-02    0.00000E+00    0.68222E-02    0.10647E+00    0.11606E+00    0.98888E-01    0.12714E+00    0.10599E+00    0.11681E+00    0.80459E-01    0.91591E-01    0.78191E-01    0.95774E-01    0.80312E-01    0.91863E-01
12600  46    0.45467E-02    0.10899E-02    0.43582E-02    0.43087E-02    0.23806E-02    0.73966E-03    0.35029E-02    0.41140E-02    0.24418E-02    0.13591E+00    0.69001E-01    0.11217E+00    0.83700E-01    0.13473E+00    0.69882E-01    0.89809E-01    0.42468E-01    0.86968E-01    0.56782E-01    0.89654E-01    0.43249E-01    0.15346E-01    0.55474E-02    0.15085E-01    0.15346E-01    0.00000E+00    0.55474E-02    0.00000E+00    0.15085E-01    0.00000E+00    0.17519E+00    0.00000E+00    0.10533E+00    0.00000E+00    0.17369E+00    0.00000E+00    0.11300E+00    0.00000E+00    0.87504E-01    0.00000E+00    0.11232E+00    0.00000E+00    0.33099E-03    0.40418E-03    0.33574E-03    0.00000E+00    0.33099E-02    0.00000E+00    0.40418E-02    0.00000E+00    0.33574E-02    0.11706E+00    0.81362E-01    0.11319E+00    0.89909E-01    0.11681E+00    0.81944E-01    0.80755E-01    0.59047E-01    0.86885E-01    0.65518E-01    0.81154E-01    0.59468E-01
12800  47    0.45299E-02    0.12769E-02    0.43524E-02    0.41971E-02    0.33275E-02    0.77474E-03    0.50217E-02    0.40104E-02    0.34199E-02    0.13492E+00    0.81578E-01    0.11197E+00    0.10022E+00    0.13377E+00    0.82703E-01    0.89251E-01    0.52670E-01    0.86618E-01    0.67641E-01    0.89108E-01    0.53487E-01    0.14949E-01    0.58106E-02    0.14705E-01    0.14949E-01    0.00000E+00    0.58106E-02    0.00000E+00    0.14705E-01    0.00000E+00    0.17291E+00    0.00000E+00    0.10780E+00    0.00000E+00    0.17149E+00    0.00000E+00    0.10731E+00    0.00000E+00    0.80653E-01    0.00000E+00    0.10660E+00    0.00000E+00    0.46264E-03    0.57943E-03    0.47023E-03    0.00000E+00    0.46264E-02    0.00000E+00    0.57943E-02    0.00000E+00    0.47023E-02    0.11679E+00    0.96192E-01    0.11259E+00    0.10765E+00    0.11652E+00    0.96978E-01    0.82200E-01    0.73231E-01    0.87536E-01    0.78047E-01    0.82547E-01    0.73544E-01
13000  48    0.47309E-02    0.12225E-02    0.45395E-02    0.43991E-02    0.33181E-02    0.91267E-03    0.30984E-02    0.42089E-02    0.33061E-02    0.14089E+00    0.81463E-01    0.12002E+00    0.78720E-01    0.13983E+00    0.81316E-01    0.94351E-01    0.53146E-01    0.93888E-01    0.57797E-01    0.94325E-01    0.53400E-01    0.15668E-01    0.68450E-02    0.15433E-01    0.15668E-01    0.00000E+00    0.68450E-02    0.00000E+00    0.15433E-01    0.00000E+00    0.17702E+00    0.00000E+00    0.11700E+00    0.00000E+00    0.17568E+00    0.00000E+00    0.10828E+00    0.00000E+00    0.93412E-01    0.00000E+00    0.10788E+00    0.00000E+00    0.46134E-03    0.35751E-03    0.45459E-03    0.00000E+00    0.46134E-02    0.00000E+00    0.35751E-02    0.00000E+00    0.45459E-02    0.12396E+00    0.96056E-01    0.12048E+00    0.84559E-01    0.12374E+00    0.95351E-01    0.88913E-01    0.73893E-01    0.93961E-01    0.66689E-01    0.89241E-01    0.73425E-01
13200  49    0.44955E-02    0.12017E-02    0.43158E-02    0.40509E-02    0.44451E-02    0.55013E-03    0.65157E-02    0.38600E-02    0.45580E-02    0.12705E+00    0.94288E-01    0.10084E+00    0.11416E+00    0.12576E+00    0.95478E-01    0.88782E-01    0.66862E-01    0.80138E-01    0.83473E-01    0.88310E-01    0.67768E-01    0.14428E-01    0.41260E-02    0.14153E-01    0.14428E-01    0.00000E+00    0.41260E-02    0.00000E+00    0.14153E-01    0.00000E+00    0.16987E+00    0.00000E+00    0.90840E-01    0.00000E+00    0.16825E+00    0.00000E+00    0.12258E+00    0.00000E+00    0.83926E-01    0.00000E+00    0.12155E+00    0.00000E+00    0.61804E-03    0.75181E-03    0.62673E-03    0.00000E+00    0.61804E-02    0.00000E+00    0.75181E-02    0.00000E+00    0.62673E-02    0.10573E+00    0.11118E+00    0.10229E+00    0.12262E+00    0.10551E+00    0.11196E+00    0.75590E-01    0.92963E-01    0.79555E-01    0.96315E-01    0.75848E-01    0.93181E-01
13400  50    0.45665E-02    0.22295E-02    0.44390E-02    0.39956E-02    0.57095E-02    0.13632E-02    0.86628E-02    0.38520E-02    0.58706E-02    0.12514E+00    0.10686E+00    0.10447E+00    0.13163E+00    0.12410E+00    0.10836E+00    0.91769E-01    0.65688E-01    0.84172E-01    0.87586E-01    0.91354E-01    0.66883E-01    0.14231E-01    0.10224E-01    0.14124E-01    0.14231E-01    0.00000E+00    0.10224E-01    0.00000E+00    0.14124E-01    0.00000E+00    0.16871E+00    0.00000E+00    0.14300E+00    0.00000E+00    0.16807E+00    0.00000E+00    0.12883E+00    0.00000E+00    0.11687E+00    0.00000E+00    0.12851E+00    0.00000E+00    0.79383E-03    0.99955E-03    0.80721E-03    0.00000E+00    0.79383E-02    0.00000E+00    0.99955E-02    0.00000E+00    0.80721E-02    0.10327E+00    0.12600E+00    0.97202E-01    0.14139E+00    0.10288E+00    0.12706E+00    0.77300E-01    0.91331E-01    0.79142E-01    0.10106E+00    0.77419E-01    0.91964E-01
13600  51    0.47026E-02    0.13085E-02    0.45175E-02    0.43258E-02    0.37685E-02    0.68063E-03    0.62790E-02    0.41270E-02    0.39055E-02    0.14102E+00    0.86816E-01    0.11975E+00    0.11206E+00    0.13994E+00    0.88379E-01    0.92300E-01    0.54302E-01    0.92215E-01    0.74701E-01    0.92295E-01    0.55415E-01    0.15407E-01    0.51048E-02    0.15132E-01    0.15407E-01    0.00000E+00    0.51048E-02    0.00000E+00    0.15132E-01    0.00000E+00    0.17554E+00    0.00000E+00    0.10104E+00    0.00000E+00    0.17397E+00    0.00000E+00    0.10186E+00    0.00000E+00    0.81145E-01    0.00000E+00    0.10131E+00    0.00000E+00    0.52397E-03    0.72449E-03    0.53700E-03    0.00000E+00    0.52397E-02    0.00000E+00    0.72449E-02    0.00000E+00    0.53700E-02    0.12498E+00    0.10237E+00    0.12237E+00    0.12037E+00    0.12482E+00    0.10363E+00    0.88568E-01    0.75500E-01    0.93918E-01    0.86194E-01    0.88916E-01    0.76195E-01
13800  52    0.45970E-02    0.15170E-02    0.44290E-02    0.41789E-02    0.41819E-02    0.76938E-03    0.74758E-02    0.39929E-02    0.43616E-02    0.13354E+00    0.91454E-01    0.11074E+00    0.12228E+00    0.13239E+00    0.93398E-01    0.89474E-01    0.59296E-01    0.86570E-01    0.80001E-01    0.89316E-01    0.60425E-01    0.14884E-01    0.57704E-02    0.14641E-01    0.14884E-01    0.00000E+00    0.57704E-02    0.00000E+00    0.14641E-01    0.00000E+00    0.17253E+00    0.00000E+00    0.10743E+00    0.00000E+00    0.17112E+00    0.00000E+00    0.10994E+00    0.00000E+00    0.83726E-01    0.00000E+00    0.10924E+00    0.00000E+00    0.58145E-03    0.86259E-03    0.59972E-03    0.00000E+00    0.58145E-02    0.00000E+00    0.86259E-02    0.00000E+00    0.59972E-02    0.11477E+00    0.10784E+00    0.11124E+00    0.13135E+00    0.11455E+00    0.10952E+00    0.81486E-01    0.82443E-01    0.87007E-01    0.92309E-01    0.81844E-01    0.83084E-01
14000  53    0.44644E-02    0.13151E-02    0.42926E-02    0.41179E-02    0.34652E-02    0.76044E-03    0.55464E-02    0.39347E-02    0.35787E-02    0.12860E+00    0.83249E-01    0.10437E+00    0.10532E+00    0.12740E+00    0.84602E-01    0.89690E-01    0.53253E-01    0.82054E-01    0.71901E-01    0.89274E-01    0.54270E-01    0.14666E-01    0.57033E-02    0.14427E-01    0.14666E-01    0.00000E+00    0.57033E-02    0.00000E+00    0.14427E-01    0.00000E+00    0.17127E+00    0.00000E+00    0.10680E+00    0.00000E+00    0.16987E+00    0.00000E+00    0.12270E+00    0.00000E+00    0.87746E-01    0.00000E+00    0.12177E+00    0.00000E+00    0.48180E-03    0.63997E-03    0.49208E-03    0.00000E+00    0.48180E-02    0.00000E+00    0.63997E-02    0.00000E+00    0.49208E-02    0.10744E+00    0.98163E-01    0.10399E+00    0.11313E+00    0.10722E+00    0.99205E-01    0.76804E-01    0.74041E-01    0.81178E-01    0.82963E-01    0.77088E-01    0.74621E-01
14200  54    0.44443E-02    0.12783E-02    0.42716E-02    0.40550E-02    0.38922E-02    0.75106E-03    0.52721E-02    0.38748E-02    0.39675E-02    0.12858E+00    0.88229E-01    0.10451E+00    0.10269E+00    0.12739E+00    0.89078E-01    0.86235E-01    0.60444E-01    0.81614E-01    0.74004E-01    0.85983E-01    0.61184E-01    0.14443E-01    0.56330E-02    0.14208E-01    0.14443E-01    0.00000E+00    0.56330E-02    0.00000E+00    0.14208E-01    0.00000E+00    0.16996E+00    0.00000E+00    0.10614E+00    0.00000E+00    0.16857E+00    0.00000E+00    0.11484E+00    0.00000E+00    0.92702E-01    0.00000E+00    0.11425E+00    0.00000E+00    0.54116E-03    0.60832E-03    0.54553E-03    0.00000E+00    0.54116E-02    0.00000E+00    0.60832E-02    0.00000E+00    0.54553E-02    0.10822E+00    0.10403E+00    0.10426E+00    0.11030E+00    0.10797E+00    0.10445E+00    0.75066E-01    0.84040E-01    0.79908E-01    0.85390E-01    0.75381E-01    0.84128E-01
14400  55    0.45570E-02    0.21922E-02    0.44280E-02    0.39197E-02    0.63724E-02    0.10347E-02    0.11575E-01    0.37624E-02    0.66561E-02    0.12412E+00    0.11289E+00    0.10094E+00    0.15215E+00    0.12297E+00    0.11538E+00    0.88374E-01    0.69607E-01    0.80135E-01    0.89880E-01    0.87924E-01    0.70713E-01    0.13961E-01    0.77604E-02    0.13795E-01    0.13961E-01    0.00000E+00    0.77604E-02    0.00000E+00    0.13795E-01    0.00000E+00    0.16710E+00    0.00000E+00    0.12458E+00    0.00000E+00    0.16610E+00    0.00000E+00    0.12275E+00    0.00000E+00    0.10262E+00    0.00000E+00    0.12222E+00    0.00000E+00    0.88600E-03    0.13355E-02    0.91522E-03    0.00000E+00    0.88600E-02    0.00000E+00    0.13355E-01    0.00000E+00    0.91522E-02    0.10257E+00    0.13312E+00    0.96790E-01    0.16343E+00    0.10220E+00    0.13529E+00    0.74953E-01    0.96780E-01    0.76675E-01    0.10371E+00    0.75065E-01    0.97230E-01
14600  56    0.45110E-02    0.15605E-02    0.43500E-02    0.39787E-02    0.53231E-02    0.76011E-03    0.80036E-02    0.38031E-02    0.54693E-02    0.12397E+00    0.10318E+00    0.99666E-01    0.12652E+00    0.12277E+00    0.10459E+00    0.90872E-01    0.69498E-01    0.82724E-01    0.88691E-01    0.90427E-01    0.70545E-01    0.14171E-01    0.57008E-02    0.13945E-01    0.14171E-01    0.00000E+00    0.57008E-02    0.00000E+00    0.13945E-01    0.00000E+00    0.16835E+00    0.00000E+00    0.10678E+00    0.00000E+00    0.16700E+00    0.00000E+00    0.12851E+00    0.00000E+00    0.10091E+00    0.00000E+00    0.12778E+00    0.00000E+00    0.74011E-03    0.92350E-03    0.75203E-03    0.00000E+00    0.74011E-02    0.00000E+00    0.92350E-02    0.00000E+00    0.75203E-02    0.10151E+00    0.12166E+00    0.98526E-01    0.13590E+00    0.10132E+00    0.12264E+00    0.76177E-01    0.96629E-01    0.79927E-01    0.10234E+00    0.76421E-01    0.97000E-01
14800  57    0.46366E-02    0.11290E-02    0.44453E-02    0.42406E-02    0.39606E-02    0.59547E-03    0.53353E-02    0.40417E-02    0.40356E-02    0.13284E+00    0.89001E-01    0.10825E+00    0.10330E+00    0.13162E+00    0.89840E-01    0.89065E-01    0.59198E-01    0.83584E-01    0.77070E-01    0.88766E-01    0.60173E-01    0.15103E-01    0.44660E-02    0.14820E-01    0.15103E-01    0.00000E+00    0.44660E-02    0.00000E+00    0.14820E-01    0.00000E+00    0.17380E+00    0.00000E+00    0.94510E-01    0.00000E+00    0.17216E+00    0.00000E+00    0.11521E+00    0.00000E+00    0.84370E-01    0.00000E+00    0.11439E+00    0.00000E+00    0.55067E-03    0.61561E-03    0.55489E-03    0.00000E+00    0.55067E-02    0.00000E+00    0.61561E-02    0.00000E+00    0.55489E-02    0.11289E+00    0.10494E+00    0.11022E+00    0.11096E+00    0.11272E+00    0.10535E+00    0.78858E-01    0.82308E-01    0.83464E-01    0.88927E-01    0.79158E-01    0.82738E-01
15000  58    0.45203E-02    0.17546E-02    0.43694E-02    0.40074E-02    0.51285E-02    0.83255E-03    0.92208E-02    0.38342E-02    0.53517E-02    0.12676E+00    0.10128E+00    0.10110E+00    0.13580E+00    0.12549E+00    0.10346E+00    0.89139E-01    0.64398E-01    0.79257E-01    0.87872E-01    0.88600E-01    0.65679E-01    0.14273E-01    0.62442E-02    0.14059E-01    0.14273E-01    0.00000E+00    0.62442E-02    0.00000E+00    0.14059E-01    0.00000E+00    0.16896E+00    0.00000E+00    0.11175E+00    0.00000E+00    0.16768E+00    0.00000E+00    0.12236E+00    0.00000E+00    0.89609E-01    0.00000E+00    0.12148E+00    0.00000E+00    0.71306E-03    0.10639E-02    0.73586E-03    0.00000E+00    0.71306E-02    0.00000E+00    0.10639E-01    0.00000E+00    0.73586E-02    0.10581E+00    0.11942E+00    0.99361E-01    0.14587E+00    0.10540E+00    0.12131E+00    0.76172E-01    0.89538E-01    0.77665E-01    0.10139E+00    0.76269E-01    0.90308E-01
15200  59    0.46972E-02    0.20405E-02    0.45523E-02    0.38086E-02    0.88856E-02    0.67514E-03    0.13654E-01    0.36377E-02    0.91457E-02    0.12431E+00    0.13331E+00    0.99252E-01    0.16525E+00    0.12307E+00    0.13525E+00    0.88059E-01    0.83494E-01    0.79558E-01    0.99808E-01    0.87595E-01    0.84384E-01    0.13565E-01    0.50636E-02    0.13338E-01    0.13565E-01    0.00000E+00    0.50636E-02    0.00000E+00    0.13338E-01    0.00000E+00    0.16471E+00    0.00000E+00    0.10063E+00    0.00000E+00    0.16333E+00    0.00000E+00    0.11648E+00    0.00000E+00    0.80928E-01    0.00000E+00    0.11554E+00    0.00000E+00    0.12354E-02    0.15754E-02    0.12575E-02    0.00000E+00    0.12354E-01    0.00000E+00    0.15754E-01    0.00000E+00    0.12575E-01    0.10437E+00    0.15719E+00    0.99037E-01    0.17751E+00    0.10404E+00    0.15859E+00    0.76962E-01    0.11609E+00    0.79348E-01    0.11516E+00    0.77117E-01    0.11603E+00
15400  60    0.45038E-02    0.11521E-02    0.43210E-02    0.42980E-02    0.20578E-02    0.79937E-03    0.35275E-02    0.41072E-02    0.21380E-02    0.13211E+00    0.64153E-01    0.10803E+00    0.83994E-01    0.13092E+00    0.65390E-01    0.92472E-01    0.43028E-01    0.87761E-01    0.60582E-01    0.92215E-01    0.43986E-01    0.15308E-01    0.59952E-02    0.15060E-01    0.15308E-01    0.00000E+00    0.59952E-02    0.00000E+00    0.15060E-01    0.00000E+00    0.17497E+00    0.00000E+00    0.10950E+00    0.00000E+00    0.17355E+00    0.00000E+00    0.12560E+00    0.00000E+00    0.99083E-01    0.00000E+00    0.12489E+00    0.00000E+00    0.28611E-03    0.40702E-03    0.29397E-03    0.00000E+00    0.28611E-02    0.00000E+00    0.40702E-02    0.00000E+00    0.29397E-02    0.11098E+00    0.75645E-01    0.10781E+00    0.90224E-01    0.11078E+00    0.76677E-01    0.79540E-01    0.59825E-01    0.86019E-01    0.69902E-01    0.79961E-01    0.60480E-01
15600  0    0.48648E-02    0.61005E-03    0.46328E-02    0.45672E-02    0.29765E-02    0.21727E-03    0.39278E-02    0.43299E-02    0.30284E-02    0.14155E+00    0.77156E-01    0.11633E+00    0.88632E-01    0.14029E+00    0.77826E-01    0.88632E-01    0.52436E-01    0.82420E-01    0.66787E-01    0.88293E-01    0.53219E-01    0.16267E-01    0.16295E-02    0.15876E-01    0.16267E-01    0.00000E+00    0.16295E-02    0.00000E+00    0.15876E-01    0.00000E+00    0.18037E+00    0.00000E+00    0.57089E-01    0.00000E+00    0.17819E+00    0.00000E+00    0.10661E+00    0.00000E+00    0.54867E-01    0.00000E+00    0.10523E+00    0.00000E+00    0.41385E-03    0.45321E-03    0.41641E-03    0.00000E+00    0.41385E-02    0.00000E+00    0.45321E-02    0.00000E+00    0.41641E-02    0.12312E+00    0.90978E-01    0.12294E+00    0.95206E-01    0.12310E+00    0.91259E-01    0.81614E-01    0.72906E-01    0.86659E-01    0.77062E-01    0.81942E-01    0.73176E-01
15800  1    0.46256E-02    0.25011E-02    0.45097E-02    0.39446E-02    0.68103E-02    0.13665E-02    0.11346E-01    0.38039E-02    0.70578E-02    0.12339E+00    0.11671E+00    0.10042E+00    0.15064E+00    0.12225E+00    0.11881E+00    0.95869E-01    0.72218E-01    0.82763E-01    0.96130E-01    0.95154E-01    0.73522E-01    0.14049E-01    0.10248E-01    0.13948E-01    0.14049E-01    0.00000E+00    0.10248E-01    0.00000E+00    0.13948E-01    0.00000E+00    0.16763E+00    0.00000E+00    0.14317E+00    0.00000E+00    0.16702E+00    0.00000E+00    0.13667E+00    0.00000E+00    0.12312E+00    0.00000E+00    0.13631E+00    0.00000E+00    0.94689E-03    0.13092E-02    0.97044E-03    0.00000E+00    0.94689E-02    0.00000E+00    0.13092E-01    0.00000E+00    0.97044E-02    0.10099E+00    0.13761E+00    0.92098E-01    0.16182E+00    0.10044E+00    0.13932E+00    0.79940E-01    0.10041E+00    0.76555E-01    0.11092E+00    0.79720E-01    0.10109E+00
16000  2    0.45380E-02    0.19752E-02    0.43982E-02    0.37183E-02    0.81965E-02    0.79301E-03    0.11822E-01    0.35587E-02    0.83943E-02    0.12281E+00    0.12804E+00    0.98794E-01    0.15377E+00    0.12162E+00    0.12957E+00    0.80636E-01    0.81876E-01    0.75536E-01    0.10379E+00    0.80358E-01    0.83071E-01    0.13243E-01    0.59476E-02    0.13049E-01    0.13243E-01    0.00000E+00    0.59476E-02    0.00000E+00    0.13049E-01    0.00000E+00    0.16275E+00    0.00000E+00    0.10906E+00    0.00000E+00    0.16155E+00    0.00000E+00    0.10661E+00    0.00000E+00    0.82832E-01    0.00000E+00    0.10597E+00    0.00000E+00    0.11396E-02    0.13641E-02    0.11542E-02    0.00000E+00    0.11396E-01    0.00000E+00    0.13641E-01    0.00000E+00    0.11542E-01    0.10310E+00    0.15097E+00    0.97118E-01    0.16517E+00    0.10273E+00    0.15194E+00    0.70498E-01    0.11384E+00    0.74414E-01    0.11975E+00    0.70752E-01    0.11422E+00
16200  3    0.45176E-02    0.13419E-02    0.43444E-02    0.38749E-02    0.64272E-02    0.42116E-03    0.92076E-02    0.36865E-02    0.65788E-02    0.12402E+00    0.11338E+00    0.98593E-01    0.13570E+00    0.12277E+00    0.11471E+00    0.83302E-01    0.77564E-01    0.76494E-01    0.92138E-01    0.82930E-01    0.78359E-01    0.13801E-01    0.31587E-02    0.13517E-01    0.13801E-01    0.00000E+00    0.31587E-02    0.00000E+00    0.13517E-01    0.00000E+00    0.16614E+00    0.00000E+00    0.79482E-01    0.00000E+00    0.16442E+00    0.00000E+00    0.11385E+00    0.00000E+00    0.73828E-01    0.00000E+00    0.11278E+00    0.00000E+00    0.89361E-03    0.10624E-02    0.90459E-03    0.00000E+00    0.89361E-02    0.00000E+00    0.10624E-01    0.00000E+00    0.90459E-02    0.10301E+00    0.13369E+00    0.10121E+00    0.14577E+00    0.10290E+00    0.13451E+00    0.71376E-01    0.10784E+00    0.76904E-01    0.10631E+00    0.71735E-01    0.10774E+00
16400  4    0.44827E-02    0.15896E-02    0.43249E-02    0.42070E-02    0.27572E-02    0.10389E-02    0.55072E-02    0.40342E-02    0.29072E-02    0.13167E+00    0.74259E-01    0.10735E+00    0.10495E+00    0.13046E+00    0.76252E-01    0.91594E-01    0.44649E-01    0.83948E-01    0.62348E-01    0.91177E-01    0.45614E-01    0.14984E-01    0.77916E-02    0.14792E-01    0.14984E-01    0.00000E+00    0.77916E-02    0.00000E+00    0.14792E-01    0.00000E+00    0.17311E+00    0.00000E+00    0.12483E+00    0.00000E+00    0.17200E+00    0.00000E+00    0.12205E+00    0.00000E+00    0.94999E-01    0.00000E+00    0.12133E+00    0.00000E+00    0.38335E-03    0.63545E-03    0.39974E-03    0.00000E+00    0.38335E-02    0.00000E+00    0.63545E-02    0.00000E+00    0.39974E-02    0.11139E+00    0.87562E-01    0.10440E+00    0.11273E+00    0.11095E+00    0.89414E-01    0.79703E-01    0.62079E-01    0.82248E-01    0.71940E-01    0.79869E-01    0.62720E-01
16600  5    0.46322E-02    0.14495E-02    0.44586E-02    0.41406E-02    0.49151E-02    0.63046E-03    0.81905E-02    0.39492E-02    0.50937E-02    0.13528E+00    0.99147E-01    0.11249E+00    0.12799E+00    0.13414E+00    0.10093E+00    0.85903E-01    0.64439E-01    0.84058E-01    0.82597E-01    0.85802E-01    0.65429E-01    0.14748E-01    0.47285E-02    0.14480E-01    0.14748E-01    0.00000E+00    0.47285E-02    0.00000E+00    0.14480E-01    0.00000E+00    0.17174E+00    0.00000E+00    0.97247E-01    0.00000E+00    0.17018E+00    0.00000E+00    0.99747E-01    0.00000E+00    0.70610E-01    0.00000E+00    0.98970E-01    0.00000E+00    0.68338E-03    0.94506E-03    0.70039E-03    0.00000E+00    0.68338E-02    0.00000E+00    0.94506E-02    0.00000E+00    0.70039E-02    0.11803E+00    0.11691E+00    0.11466E+00    0.13748E+00    0.11781E+00    0.11835E+00    0.80499E-01    0.89594E-01    0.86127E-01    0.95304E-01    0.80865E-01    0.89965E-01
16800  6    0.43958E-02    0.12232E-02    0.42227E-02    0.41501E-02    0.24571E-02    0.80467E-03    0.41848E-02    0.39676E-02    0.25513E-02    0.13035E+00    0.70101E-01    0.10630E+00    0.91486E-01    0.12915E+00    0.71433E-01    0.88947E-01    0.43265E-01    0.83014E-01    0.54194E-01    0.88623E-01    0.43861E-01    0.14781E-01    0.60351E-02    0.14548E-01    0.14781E-01    0.00000E+00    0.60351E-02    0.00000E+00    0.14548E-01    0.00000E+00    0.17194E+00    0.00000E+00    0.10986E+00    0.00000E+00    0.17057E+00    0.00000E+00    0.11940E+00    0.00000E+00    0.93551E-01    0.00000E+00    0.11871E+00    0.00000E+00    0.34163E-03    0.48287E-03    0.35081E-03    0.00000E+00    0.34163E-02    0.00000E+00    0.48287E-02    0.00000E+00    0.35081E-02    0.10993E+00    0.82659E-01    0.10574E+00    0.98272E-01    0.10966E+00    0.83763E-01    0.77058E-01    0.60154E-01    0.81393E-01    0.62532E-01    0.77340E-01    0.60309E-01
17000  7    0.46378E-02    0.12451E-02    0.44527E-02    0.43716E-02    0.26619E-02    0.85012E-03    0.39495E-02    0.41795E-02    0.27321E-02    0.13968E+00    0.72964E-01    0.11882E+00    0.88877E-01    0.13863E+00    0.73920E-01    0.92301E-01    0.45456E-01    0.91972E-01    0.62646E-01    0.92283E-01    0.46393E-01    0.15570E-01    0.63759E-02    0.15325E-01    0.15570E-01    0.00000E+00    0.63759E-02    0.00000E+00    0.15325E-01    0.00000E+00    0.17647E+00    0.00000E+00    0.11292E+00    0.00000E+00    0.17507E+00    0.00000E+00    0.10603E+00    0.00000E+00    0.83447E-01    0.00000E+00    0.10542E+00    0.00000E+00    0.37010E-03    0.45572E-03    0.37566E-03    0.00000E+00    0.37010E-02    0.00000E+00    0.45572E-02    0.00000E+00    0.37566E-02    0.12236E+00    0.86035E-01    0.11970E+00    0.95469E-01    0.12219E+00    0.86679E-01    0.86943E-01    0.63200E-01    0.93284E-01    0.72284E-01    0.87355E-01    0.63791E-01
17200  8    0.45292E-02    0.21011E-02    0.43967E-02    0.40985E-02    0.43066E-02    0.13768E-02    0.72425E-02    0.39501E-02    0.44667E-02    0.12745E+00    0.92807E-01    0.10356E+00    0.12035E+00    0.12626E+00    0.94517E-01    0.93924E-01    0.58000E-01    0.81988E-01    0.76664E-01    0.93273E-01    0.59018E-01    0.14597E-01    0.10326E-01    0.14484E-01    0.14597E-01    0.00000E+00    0.10326E-01    0.00000E+00    0.14484E-01    0.00000E+00    0.17087E+00    0.00000E+00    0.14371E+00    0.00000E+00    0.17020E+00    0.00000E+00    0.13124E+00    0.00000E+00    0.12089E+00    0.00000E+00    0.13097E+00    0.00000E+00    0.59877E-03    0.83567E-03    0.61417E-03    0.00000E+00    0.59877E-02    0.00000E+00    0.83567E-02    0.00000E+00    0.61417E-02    0.10577E+00    0.10943E+00    0.95897E-01    0.12928E+00    0.10516E+00    0.11083E+00    0.79357E-01    0.80641E-01    0.76003E-01    0.88458E-01    0.79139E-01    0.81149E-01
17400  9    0.48310E-02    0.22293E-02    0.46891E-02    0.44197E-02    0.41127E-02    0.17319E-02    0.49738E-02    0.42731E-02    0.41596E-02    0.13090E+00    0.90694E-01    0.10821E+00    0.99738E-01    0.12977E+00    0.91210E-01    0.10495E+00    0.60536E-01    0.91487E-01    0.73585E-01    0.10421E+00    0.61248E-01    0.15741E-01    0.12990E-01    0.15668E-01    0.15741E-01    0.00000E+00    0.12990E-01    0.00000E+00    0.15668E-01    0.00000E+00    0.17743E+00    0.00000E+00    0.16118E+00    0.00000E+00    0.17702E+00    0.00000E+00    0.14980E+00    0.00000E+00    0.14428E+00    0.00000E+00    0.14966E+00    0.00000E+00    0.57182E-03    0.57390E-03    0.57195E-03    0.00000E+00    0.57182E-02    0.00000E+00    0.57390E-02    0.00000E+00    0.57195E-02    0.10740E+00    0.10694E+00    0.97537E-01    0.10714E+00    0.10679E+00    0.10695E+00    0.87436E-01    0.84168E-01    0.83365E-01    0.84906E-01    0.87171E-01    0.84216E-01
17600  10    0.45354E-02    0.17073E-02    0.43811E-02    0.39747E-02    0.56070E-02    0.98634E-03    0.72097E-02    0.38117E-02    0.56944E-02    0.12424E+00    0.10590E+00    0.10104E+00    0.12008E+00    0.12308E+00    0.10672E+00    0.91600E-01    0.69387E-01    0.82851E-01    0.80953E-01    0.91123E-01    0.70018E-01    0.14156E-01    0.73976E-02    0.13976E-01    0.14156E-01    0.00000E+00    0.73976E-02    0.00000E+00    0.13976E-01    0.00000E+00    0.16826E+00    0.00000E+00    0.12164E+00    0.00000E+00    0.16719E+00    0.00000E+00    0.12954E+00    0.00000E+00    0.96733E-01    0.00000E+00    0.12866E+00    0.00000E+00    0.77958E-03    0.83189E-03    0.78298E-03    0.00000E+00    0.77958E-02    0.00000E+00    0.83189E-02    0.00000E+00    0.78298E-02    0.10202E+00    0.12487E+00    0.97484E-01    0.12899E+00    0.10173E+00    0.12514E+00    0.76791E-01    0.96474E-01    0.80715E-01    0.93407E-01    0.77046E-01    0.96274E-01
17800  11    0.45337E-02    0.78831E-03    0.43294E-02    0.41716E-02    0.36201E-02    0.30971E-03    0.47860E-02    0.39610E-02    0.36837E-02    0.13294E+00    0.85089E-01    0.10744E+00    0.97836E-01    0.13167E+00    0.85833E-01    0.84893E-01    0.56370E-01    0.78063E-01    0.67778E-01    0.84520E-01    0.56992E-01    0.14858E-01    0.23228E-02    0.14524E-01    0.14858E-01    0.00000E+00    0.23228E-02    0.00000E+00    0.14524E-01    0.00000E+00    0.17238E+00    0.00000E+00    0.68159E-01    0.00000E+00    0.17043E+00    0.00000E+00    0.10808E+00    0.00000E+00    0.61672E-01    0.00000E+00    0.10684E+00    0.00000E+00    0.50333E-03    0.55223E-03    0.50651E-03    0.00000E+00    0.50333E-02    0.00000E+00    0.55223E-02    0.00000E+00    0.50651E-02    0.11389E+00    0.10033E+00    0.11227E+00    0.10509E+00    0.11378E+00    0.10065E+00    0.75841E-01    0.78375E-01    0.80585E-01    0.78206E-01    0.76149E-01    0.78364E-01
18000  12    0.46160E-02    0.13948E-02    0.44403E-02    0.37746E-02    0.84143E-02    0.27173E-03    0.11231E-01    0.35835E-02    0.85679E-02    0.12424E+00    0.12973E+00    0.98431E-01    0.14987E+00    0.12297E+00    0.13090E+00    0.79305E-01    0.80884E-01    0.72249E-01    0.89953E-01    0.78920E-01    0.81379E-01    0.13444E-01    0.20380E-02    0.13140E-01    0.13444E-01    0.00000E+00    0.20380E-02    0.00000E+00    0.13140E-01    0.00000E+00    0.16397E+00    0.00000E+00    0.63844E-01    0.00000E+00    0.16211E+00    0.00000E+00    0.10345E+00    0.00000E+00    0.51720E-01    0.00000E+00    0.10207E+00    0.00000E+00    0.11699E-02    0.12959E-02    0.11781E-02    0.00000E+00    0.11699E-01    0.00000E+00    0.12959E-01    0.00000E+00    0.11781E-01    0.10471E+00    0.15296E+00    0.10272E+00    0.16099E+00    0.10458E+00    0.15350E+00    0.69879E-01    0.11246E+00    0.75408E-01    0.10379E+00    0.70238E-01    0.11190E+00
18200  13    0.44670E-02    0.82806E-03    0.42685E-02    0.41886E-02    0.27836E-02    0.49284E-03    0.33521E-02    0.39870E-02    0.28147E-02    0.13189E+00    0.74614E-01    0.10662E+00    0.81879E-01    0.13064E+00    0.75029E-01    0.86589E-01    0.53641E-01    0.81232E-01    0.62026E-01    0.86297E-01    0.54098E-01    0.14918E-01    0.36963E-02    0.14619E-01    0.14918E-01    0.00000E+00    0.36963E-02    0.00000E+00    0.14619E-01    0.00000E+00    0.17273E+00    0.00000E+00    0.85981E-01    0.00000E+00    0.17099E+00    0.00000E+00    0.11359E+00    0.00000E+00    0.77716E-01    0.00000E+00    0.11263E+00    0.00000E+00    0.38703E-03    0.38678E-03    0.38702E-03    0.00000E+00    0.38703E-02    0.00000E+00    0.38678E-02    0.00000E+00    0.38702E-02    0.11198E+00    0.87981E-01    0.10945E+00    0.87953E-01    0.11182E+00    0.87979E-01    0.76050E-01    0.74581E-01    0.81774E-01    0.71568E-01    0.76422E-01    0.74385E-01
18400  14    0.44039E-02    0.12595E-02    0.42324E-02    0.40411E-02    0.36281E-02    0.78124E-03    0.47822E-02    0.38633E-02    0.36910E-02    0.12642E+00    0.85183E-01    0.10279E+00    0.97798E-01    0.12525E+00    0.85919E-01    0.89686E-01    0.54911E-01    0.83840E-01    0.57190E-01    0.89367E-01    0.55036E-01    0.14393E-01    0.58593E-02    0.14165E-01    0.14393E-01    0.00000E+00    0.58593E-02    0.00000E+00    0.14165E-01    0.00000E+00    0.16966E+00    0.00000E+00    0.10825E+00    0.00000E+00    0.16832E+00    0.00000E+00    0.12467E+00    0.00000E+00    0.97132E-01    0.00000E+00    0.12393E+00    0.00000E+00    0.50444E-03    0.55179E-03    0.50751E-03    0.00000E+00    0.50444E-02    0.00000E+00    0.55179E-02    0.00000E+00    0.50751E-02    0.10480E+00    0.10044E+00    0.10193E+00    0.10505E+00    0.10462E+00    0.10075E+00    0.76031E-01    0.76347E-01    0.81795E-01    0.65989E-01    0.76406E-01    0.75674E-01
18600  15    0.44197E-02    0.13119E-02    0.42502E-02    0.40701E-02    0.34956E-02    0.70232E-03    0.60959E-02    0.38864E-02    0.36375E-02    0.12584E+00    0.83614E-01    0.10061E+00    0.11042E+00    0.12459E+00    0.85293E-01    0.92857E-01    0.49501E-01    0.84307E-01    0.58174E-01    0.92390E-01    0.49974E-01    0.14496E-01    0.52674E-02    0.14250E-01    0.14496E-01    0.00000E+00    0.52674E-02    0.00000E+00    0.14250E-01    0.00000E+00    0.17027E+00    0.00000E+00    0.10264E+00    0.00000E+00    0.16882E+00    0.00000E+00    0.13122E+00    0.00000E+00    0.99080E-01    0.00000E+00    0.13036E+00    0.00000E+00    0.48602E-03    0.70337E-03    0.50015E-03    0.00000E+00    0.48602E-02    0.00000E+00    0.70337E-02    0.00000E+00    0.50015E-02    0.10343E+00    0.98592E-01    0.10030E+00    0.11861E+00    0.10323E+00    0.10001E+00    0.77881E-01    0.68825E-01    0.82034E-01    0.67124E-01    0.78151E-01    0.68715E-01
18800  16    0.44029E-02    0.15702E-02    0.42484E-02    0.39403E-02    0.46268E-02    0.86366E-03    0.70653E-02    0.37724E-02    0.47598E-02    0.12306E+00    0.96196E-01    0.97661E-01    0.11887E+00    0.12181E+00    0.97569E-01    0.92310E-01    0.59198E-01    0.82079E-01    0.74698E-01    0.91752E-01    0.60044E-01    0.14034E-01    0.64774E-02    0.13832E-01    0.14034E-01    0.00000E+00    0.64774E-02    0.00000E+00    0.13832E-01    0.00000E+00    0.16753E+00    0.00000E+00    0.11382E+00    0.00000E+00    0.16633E+00    0.00000E+00    0.13180E+00    0.00000E+00    0.10923E+00    0.00000E+00    0.13119E+00    0.00000E+00    0.64330E-03    0.81523E-03    0.65448E-03    0.00000E+00    0.64330E-02    0.00000E+00    0.81523E-02    0.00000E+00    0.65448E-02    0.10049E+00    0.11343E+00    0.94931E-01    0.12769E+00    0.10014E+00    0.11441E+00    0.76895E-01    0.82308E-01    0.77902E-01    0.86190E-01    0.76961E-01    0.82560E-01
19000  17    0.44110E-02    0.11724E-02    0.42343E-02    0.41039E-02    0.30714E-02    0.68405E-03    0.48834E-02    0.39173E-02    0.31703E-02    0.13143E+00    0.78376E-01    0.10712E+00    0.98827E-01    0.13022E+00    0.79627E-01    0.85948E-01    0.48158E-01    0.81333E-01    0.61029E-01    0.85696E-01    0.48860E-01    0.14616E-01    0.51304E-02    0.14363E-01    0.14616E-01    0.00000E+00    0.51304E-02    0.00000E+00    0.14363E-01    0.00000E+00    0.17098E+00    0.00000E+00    0.10130E+00    0.00000E+00    0.16949E+00    0.00000E+00    0.10983E+00    0.00000E+00    0.79299E-01    0.00000E+00    0.10902E+00    0.00000E+00    0.42704E-03    0.56347E-03    0.43591E-03    0.00000E+00    0.42704E-02    0.00000E+00    0.56347E-02    0.00000E+00    0.43591E-02    0.11227E+00    0.92417E-01    0.10799E+00    0.10616E+00    0.11200E+00    0.93371E-01    0.76623E-01    0.66957E-01    0.81645E-01    0.70418E-01    0.76950E-01    0.67182E-01
19200  18    0.46847E-02    0.76622E-03    0.44709E-02    0.43374E-02    0.34724E-02    0.26443E-03    0.50179E-02    0.41153E-02    0.35567E-02    0.13278E+00    0.83335E-01    0.10810E+00    0.10018E+00    0.13155E+00    0.84341E-01    0.89478E-01    0.56226E-01    0.82040E-01    0.64807E-01    0.89072E-01    0.56694E-01    0.15448E-01    0.19832E-02    0.15089E-01    0.15448E-01    0.00000E+00    0.19832E-02    0.00000E+00    0.15089E-01    0.00000E+00    0.17577E+00    0.00000E+00    0.62980E-01    0.00000E+00    0.17372E+00    0.00000E+00    0.11942E+00    0.00000E+00    0.61542E-01    0.00000E+00    0.11788E+00    0.00000E+00    0.48279E-03    0.57899E-03    0.48905E-03    0.00000E+00    0.48279E-02    0.00000E+00    0.57899E-02    0.00000E+00    0.48905E-02    0.11159E+00    0.98264E-01    0.11346E+00    0.10761E+00    0.11171E+00    0.98899E-01    0.77789E-01    0.78176E-01    0.85194E-01    0.74777E-01    0.78271E-01    0.77955E-01
19400  19    0.44335E-02    0.16553E-02    0.42820E-02    0.40172E-02    0.41636E-02    0.73656E-03    0.91878E-02    0.38382E-02    0.44376E-02    0.12932E+00    0.91253E-01    0.10468E+00    0.13556E+00    0.12810E+00    0.94208E-01    0.84602E-01    0.50848E-01    0.79566E-01    0.73037E-01    0.84327E-01    0.52058E-01    0.14308E-01    0.55242E-02    0.14073E-01    0.14308E-01    0.00000E+00    0.55242E-02    0.00000E+00    0.14073E-01    0.00000E+00    0.16916E+00    0.00000E+00    0.10511E+00    0.00000E+00    0.16777E+00    0.00000E+00    0.10963E+00    0.00000E+00    0.94450E-01    0.00000E+00    0.10923E+00    0.00000E+00    0.57889E-03    0.10601E-02    0.61017E-03    0.00000E+00    0.57889E-02    0.00000E+00    0.10601E-01    0.00000E+00    0.61017E-02    0.10991E+00    0.10760E+00    0.10461E+00    0.14561E+00    0.10957E+00    0.11047E+00    0.74830E-01    0.70698E-01    0.77276E-01    0.84274E-01    0.74989E-01    0.71580E-01
19600  20    0.44576E-02    0.75790E-03    0.42558E-02    0.42149E-02    0.24267E-02    0.42113E-03    0.33677E-02    0.40080E-02    0.24780E-02    0.13239E+00    0.69666E-01    0.10730E+00    0.82070E-01    0.13114E+00    0.70399E-01    0.87435E-01    0.43209E-01    0.81276E-01    0.52290E-01    0.87099E-01    0.43705E-01    0.15012E-01    0.31585E-02    0.14696E-01    0.15012E-01    0.00000E+00    0.31585E-02    0.00000E+00    0.14696E-01    0.00000E+00    0.17328E+00    0.00000E+00    0.79479E-01    0.00000E+00    0.17144E+00    0.00000E+00    0.11516E+00    0.00000E+00    0.73076E-01    0.00000E+00    0.11404E+00    0.00000E+00    0.33740E-03    0.38858E-03    0.34072E-03    0.00000E+00    0.33740E-02    0.00000E+00    0.38858E-02    0.00000E+00    0.34072E-02    0.11247E+00    0.82146E-01    0.11096E+00    0.88157E-01    0.11237E+00    0.82550E-01    0.76613E-01    0.60077E-01    0.82538E-01    0.60334E-01    0.76998E-01    0.60094E-01
19800  21    0.43934E-02    0.18837E-02    0.42565E-02    0.38891E-02    0.50432E-02    0.10622E-02    0.82150E-02    0.37349E-02    0.52162E-02    0.12374E+00    0.10043E+00    0.10061E+00    0.12818E+00    0.12259E+00    0.10214E+00    0.88163E-01    0.61199E-01    0.80150E-01    0.68397E-01    0.87726E-01    0.61592E-01    0.13852E-01    0.79663E-02    0.13695E-01    0.13852E-01    0.00000E+00    0.79663E-02    0.00000E+00    0.13695E-01    0.00000E+00    0.16644E+00    0.00000E+00    0.12622E+00    0.00000E+00    0.16550E+00    0.00000E+00    0.12259E+00    0.00000E+00    0.10420E+00    0.00000E+00    0.12210E+00    0.00000E+00    0.70119E-03    0.94788E-03    0.71723E-03    0.00000E+00    0.70119E-02    0.00000E+00    0.94788E-02    0.00000E+00    0.71723E-02    0.10234E+00    0.11842E+00    0.96062E-01    0.13769E+00    0.10195E+00    0.11977E+00    0.74722E-01    0.85090E-01    0.76450E-01    0.78919E-01    0.74835E-01    0.84689E-01
20000  22    0.44144E-02    0.13562E-02    0.42476E-02    0.40696E-02    0.34484E-02    0.94322E-03    0.41295E-02    0.38991E-02    0.34855E-02    0.12787E+00    0.83046E-01    0.10363E+00    0.90880E-01    0.12667E+00    0.83493E-01    0.87705E-01    0.50612E-01    0.79746E-01    0.56690E-01    0.87271E-01    0.50943E-01    0.14494E-01    0.70741E-02    0.14297E-01    0.14494E-01    0.00000E+00    0.70741E-02    0.00000E+00    0.14297E-01    0.00000E+00    0.17026E+00    0.00000E+00    0.11895E+00    0.00000E+00    0.16909E+00    0.00000E+00    0.11977E+00    0.00000E+00    0.95032E-01    0.00000E+00    0.11911E+00    0.00000E+00    0.47945E-03    0.47649E-03    0.47926E-03    0.00000E+00    0.47945E-02    0.00000E+00    0.47649E-02    0.00000E+00    0.47926E-02    0.10685E+00    0.97923E-01    0.10107E+00    0.97620E-01    0.10648E+00    0.97904E-01    0.75188E-01    0.70369E-01    0.77395E-01    0.65411E-01    0.75331E-01    0.70047E-01
20200  23    0.45015E-02    0.23186E-02    0.43825E-02    0.39248E-02    0.57675E-02    0.12538E-02    0.10648E-01    0.37791E-02    0.60338E-02    0.12305E+00    0.10740E+00    0.97476E-01    0.14593E+00    0.12179E+00    0.10985E+00    0.93489E-01    0.66368E-01    0.80009E-01    0.89164E-01    0.92753E-01    0.67612E-01    0.13979E-01    0.94034E-02    0.13857E-01    0.13979E-01    0.00000E+00    0.94034E-02    0.00000E+00    0.13857E-01    0.00000E+00    0.16720E+00    0.00000E+00    0.13714E+00    0.00000E+00    0.16647E+00    0.00000E+00    0.13324E+00    0.00000E+00    0.12741E+00    0.00000E+00    0.13309E+00    0.00000E+00    0.80190E-03    0.12287E-02    0.82964E-03    0.00000E+00    0.80190E-02    0.00000E+00    0.12287E-01    0.00000E+00    0.82964E-02    0.10069E+00    0.12664E+00    0.89834E-01    0.15676E+00    0.10002E+00    0.12881E+00    0.77969E-01    0.92277E-01    0.72717E-01    0.10288E+00    0.77628E-01    0.92966E-01
20400  24    0.43844E-02    0.10921E-02    0.42049E-02    0.40913E-02    0.29318E-02    0.61446E-03    0.47767E-02    0.39016E-02    0.30324E-02    0.13097E+00    0.76574E-01    0.10650E+00    0.97741E-01    0.12975E+00    0.77877E-01    0.85140E-01    0.48255E-01    0.80176E-01    0.60597E-01    0.84870E-01    0.48928E-01    0.14572E-01    0.46085E-02    0.14306E-01    0.14572E-01    0.00000E+00    0.46085E-02    0.00000E+00    0.14306E-01    0.00000E+00    0.17071E+00    0.00000E+00    0.96005E-01    0.00000E+00    0.16915E+00    0.00000E+00    0.10942E+00    0.00000E+00    0.75246E-01    0.00000E+00    0.10851E+00    0.00000E+00    0.40762E-03    0.55115E-03    0.41695E-03    0.00000E+00    0.40762E-02    0.00000E+00    0.55115E-02    0.00000E+00    0.41695E-02    0.11167E+00    0.90291E-01    0.10802E+00    0.10499E+00    0.11144E+00    0.91318E-01    0.75660E-01    0.67092E-01    0.80935E-01    0.69919E-01    0.76003E-01    0.67276E-01
20600  25    0.44387E-02    0.20699E-02    0.43095E-02    0.39598E-02    0.47892E-02    0.12357E-02    0.83424E-02    0.38112E-02    0.49830E-02    0.12452E+00    0.97870E-01    0.10089E+00    0.12917E+00    0.12335E+00    0.99830E-01    0.89872E-01    0.63082E-01    0.79846E-01    0.74508E-01    0.89325E-01    0.63705E-01    0.14103E-01    0.92676E-02    0.13974E-01    0.14103E-01    0.00000E+00    0.92676E-02    0.00000E+00    0.13974E-01    0.00000E+00    0.16795E+00    0.00000E+00    0.13614E+00    0.00000E+00    0.16718E+00    0.00000E+00    0.12581E+00    0.00000E+00    0.10876E+00    0.00000E+00    0.12535E+00    0.00000E+00    0.66588E-03    0.96259E-03    0.68517E-03    0.00000E+00    0.66588E-02    0.00000E+00    0.96259E-02    0.00000E+00    0.68517E-02    0.10271E+00    0.11540E+00    0.94300E-01    0.13875E+00    0.10218E+00    0.11706E+00    0.75845E-01    0.87708E-01    0.75398E-01    0.85971E-01    0.75816E-01    0.87595E-01
20800  26    0.50656E-02    0.31874E-02    0.49631E-02    0.44850E-02    0.58055E-02    0.23941E-02    0.79328E-02    0.43710E-02    0.59215E-02    0.13382E+00    0.10775E+00    0.11666E+00    0.12596E+00    0.13294E+00    0.10883E+00    0.11186E+00    0.71525E-01    0.98061E-01    0.82800E-01    0.11110E+00    0.72140E-01    0.15974E-01    0.17956E-01    0.16027E-01    0.15974E-01    0.00000E+00    0.17956E-01    0.00000E+00    0.16027E-01    0.00000E+00    0.17874E+00    0.00000E+00    0.18950E+00    0.00000E+00    0.17904E+00    0.00000E+00    0.15531E+00    0.00000E+00    0.17220E+00    0.00000E+00    0.15576E+00    0.00000E+00    0.80718E-03    0.91533E-03    0.81421E-03    0.00000E+00    0.80718E-02    0.00000E+00    0.91533E-02    0.00000E+00    0.81421E-02    0.11147E+00    0.12706E+00    0.10089E+00    0.13530E+00    0.11081E+00    0.12761E+00    0.94893E-01    0.99446E-01    0.86655E-01    0.95538E-01    0.94357E-01    0.99192E-01
21000  27    0.46827E-02    0.22879E-02    0.45521E-02    0.39709E-02    0.71186E-02    0.11887E-02    0.10992E-01    0.38191E-02    0.73299E-02    0.12349E+00    0.11932E+00    0.98849E-01    0.14827E+00    0.12228E+00    0.12108E+00    0.99872E-01    0.81034E-01    0.86136E-01    0.10077E+00    0.99123E-01    0.82111E-01    0.14143E-01    0.89154E-02    0.14003E-01    0.14143E-01    0.00000E+00    0.89154E-02    0.00000E+00    0.14003E-01    0.00000E+00    0.16818E+00    0.00000E+00    0.13353E+00    0.00000E+00    0.16735E+00    0.00000E+00    0.14275E+00    0.00000E+00    0.12700E+00    0.00000E+00    0.14233E+00    0.00000E+00    0.98976E-03    0.12683E-02    0.10079E-02    0.00000E+00    0.98976E-02    0.00000E+00    0.12683E-01    0.00000E+00    0.10079E-01    0.10081E+00    0.14070E+00    0.92364E-01    0.15927E+00    0.10028E+00    0.14198E+00    0.83134E-01    0.11267E+00    0.79848E-01    0.11628E+00    0.82921E-01    0.11290E+00
21200  28    0.45383E-02    0.22612E-02    0.44141E-02    0.39615E-02    0.57683E-02    0.14537E-02    0.80753E-02    0.38247E-02    0.58942E-02    0.12311E+00    0.10741E+00    0.98185E-01    0.12708E+00    0.12188E+00    0.10857E+00    0.94169E-01    0.67598E-01    0.78916E-01    0.83698E-01    0.93337E-01    0.68476E-01    0.14109E-01    0.10903E-01    0.14024E-01    0.14109E-01    0.00000E+00    0.10903E-01    0.00000E+00    0.14024E-01    0.00000E+00    0.16798E+00    0.00000E+00    0.14767E+00    0.00000E+00    0.16747E+00    0.00000E+00    0.13478E+00    0.00000E+00    0.13360E+00    0.00000E+00    0.13475E+00    0.00000E+00    0.80201E-03    0.93176E-03    0.81045E-03    0.00000E+00    0.80201E-02    0.00000E+00    0.93176E-02    0.00000E+00    0.81045E-02    0.10027E+00    0.12665E+00    0.88140E-01    0.13651E+00    0.99531E-01    0.12731E+00    0.78315E-01    0.93987E-01    0.70503E-01    0.96574E-01    0.77807E-01    0.94155E-01
21400  29    0.44826E-02    0.21910E-02    0.43576E-02    0.39076E-02    0.57507E-02    0.11883E-02    0.10027E-01    0.37592E-02    0.59840E-02    0.12228E+00    0.10724E+00    0.98603E-01    0.14162E+00    0.12111E+00    0.10940E+00    0.89038E-01    0.65500E-01    0.79659E-01    0.87560E-01    0.88526E-01    0.66703E-01    0.13917E-01    0.89122E-02    0.13784E-01    0.13917E-01    0.00000E+00    0.89122E-02    0.00000E+00    0.13784E-01    0.00000E+00    0.16684E+00    0.00000E+00    0.13351E+00    0.00000E+00    0.16604E+00    0.00000E+00    0.12685E+00    0.00000E+00    0.11567E+00    0.00000E+00    0.12655E+00    0.00000E+00    0.79957E-03    0.11570E-02    0.82280E-03    0.00000E+00    0.79957E-02    0.00000E+00    0.11570E-01    0.00000E+00    0.82280E-02    0.99624E-01    0.12646E+00    0.92066E-01    0.15212E+00    0.99150E-01    0.12828E+00    0.74276E-01    0.91069E-01    0.74118E-01    0.10103E+00    0.74266E-01    0.91717E-01
21600  30    0.43305E-02    0.16088E-02    0.41820E-02    0.40175E-02    0.31303E-02    0.11212E-02    0.48755E-02    0.38595E-02    0.32254E-02    0.12593E+00    0.79123E-01    0.10271E+00    0.98747E-01    0.12478E+00    0.80317E-01    0.88802E-01    0.51222E-01    0.81712E-01    0.62524E-01    0.88416E-01    0.51839E-01    0.14309E-01    0.84092E-02    0.14151E-01    0.14309E-01    0.00000E+00    0.84092E-02    0.00000E+00    0.14151E-01    0.00000E+00    0.16917E+00    0.00000E+00    0.12969E+00    0.00000E+00    0.16823E+00    0.00000E+00    0.12339E+00    0.00000E+00    0.11034E+00    0.00000E+00    0.12304E+00    0.00000E+00    0.43522E-03    0.56256E-03    0.44350E-03    0.00000E+00    0.43522E-02    0.00000E+00    0.56256E-02    0.00000E+00    0.44350E-02    0.10430E+00    0.93298E-01    0.97903E-01    0.10607E+00    0.10390E+00    0.94181E-01    0.75300E-01    0.71218E-01    0.77307E-01    0.72143E-01    0.75430E-01    0.71278E-01
21800  31    0.45683E-02    0.18741E-02    0.44213E-02    0.42788E-02    0.28954E-02    0.13217E-02    0.55248E-02    0.41175E-02    0.30388E-02    0.13303E+00    0.76097E-01    0.10948E+00    0.10512E+00    0.13186E+00    0.77959E-01    0.88293E-01    0.45328E-01    0.80890E-01    0.65600E-01    0.87889E-01    0.46434E-01    0.15239E-01    0.99124E-02    0.15097E-01    0.15239E-01    0.00000E+00    0.99124E-02    0.00000E+00    0.15097E-01    0.00000E+00    0.17458E+00    0.00000E+00    0.14080E+00    0.00000E+00    0.17377E+00    0.00000E+00    0.11418E+00    0.00000E+00    0.10297E+00    0.00000E+00    0.11388E+00    0.00000E+00    0.40257E-03    0.63748E-03    0.41784E-03    0.00000E+00    0.40257E-02    0.00000E+00    0.63748E-02    0.00000E+00    0.41784E-02    0.11273E+00    0.89729E-01    0.10383E+00    0.11291E+00    0.11217E+00    0.91415E-01    0.78189E-01    0.63023E-01    0.77493E-01    0.75693E-01    0.78143E-01    0.63847E-01
22000  32    0.43618E-02    0.14727E-02    0.42042E-02    0.39913E-02    0.37055E-02    0.86756E-03    0.60511E-02    0.38209E-02    0.38334E-02    0.12650E+00    0.86087E-01    0.10084E+00    0.11001E+00    0.12524E+00    0.87560E-01    0.86993E-01    0.49359E-01    0.77324E-01    0.66588E-01    0.86466E-01    0.50298E-01    0.14215E-01    0.65067E-02    0.14010E-01    0.14215E-01    0.00000E+00    0.65067E-02    0.00000E+00    0.14010E-01    0.00000E+00    0.16861E+00    0.00000E+00    0.11408E+00    0.00000E+00    0.16739E+00    0.00000E+00    0.11949E+00    0.00000E+00    0.98603E-01    0.00000E+00    0.11893E+00    0.00000E+00    0.51520E-03    0.69821E-03    0.52710E-03    0.00000E+00    0.51520E-02    0.00000E+00    0.69821E-02    0.00000E+00    0.52710E-02    0.10560E+00    0.10151E+00    0.98651E-01    0.11817E+00    0.10516E+00    0.10267E+00    0.74308E-01    0.68627E-01    0.74050E-01    0.76832E-01    0.74291E-01    0.69160E-01
22200  33    0.45632E-02    0.24863E-02    0.44499E-02    0.40283E-02    0.53486E-02    0.16304E-02    0.85595E-02    0.38975E-02    0.55237E-02    0.12564E+00    0.10343E+00    0.10214E+00    0.13084E+00    0.12448E+00    0.10511E+00    0.89815E-01    0.59639E-01    0.77678E-01    0.74584E-01    0.89153E-01    0.60454E-01    0.14347E-01    0.12228E-01    0.14291E-01    0.14347E-01    0.00000E+00    0.12228E-01    0.00000E+00    0.14291E-01    0.00000E+00    0.16940E+00    0.00000E+00    0.15638E+00    0.00000E+00    0.16906E+00    0.00000E+00    0.12566E+00    0.00000E+00    0.12040E+00    0.00000E+00    0.12552E+00    0.00000E+00    0.74365E-03    0.98763E-03    0.75951E-03    0.00000E+00    0.74365E-02    0.00000E+00    0.98763E-02    0.00000E+00    0.75951E-02    0.10367E+00    0.12195E+00    0.90967E-01    0.14054E+00    0.10289E+00    0.12325E+00    0.75822E-01    0.82921E-01    0.71106E-01    0.86058E-01    0.75516E-01    0.83125E-01
22400  34    0.43308E-02    0.16102E-02    0.41824E-02    0.40475E-02    0.28336E-02    0.10342E-02    0.57605E-02    0.38831E-02    0.29932E-02    0.12608E+00    0.75280E-01    0.10173E+00    0.10734E+00    0.12488E+00    0.77372E-01    0.90125E-01    0.49252E-01    0.82546E-01    0.64301E-01    0.89711E-01    0.50073E-01    0.14416E-01    0.77565E-02    0.14238E-01    0.14416E-01    0.00000E+00    0.77565E-02    0.00000E+00    0.14238E-01    0.00000E+00    0.16980E+00    0.00000E+00    0.12455E+00    0.00000E+00    0.16875E+00    0.00000E+00    0.12624E+00    0.00000E+00    0.11053E+00    0.00000E+00    0.12582E+00    0.00000E+00    0.39397E-03    0.66467E-03    0.41157E-03    0.00000E+00    0.39397E-02    0.00000E+00    0.66467E-02    0.00000E+00    0.41157E-02    0.10415E+00    0.88766E-01    0.97742E-01    0.11530E+00    0.10374E+00    0.90727E-01    0.76027E-01    0.68479E-01    0.78241E-01    0.74193E-01    0.76171E-01    0.68850E-01
22600  35    0.45138E-02    0.11823E-02    0.43321E-02    0.41097E-02    0.40415E-02    0.63977E-03    0.54254E-02    0.39204E-02    0.41169E-02    0.13174E+00    0.89905E-01    0.10802E+00    0.10417E+00    0.13056E+00    0.90741E-01    0.85848E-01    0.52820E-01    0.82309E-01    0.68494E-01    0.85655E-01    0.53675E-01    0.14637E-01    0.47983E-02    0.14375E-01    0.14637E-01    0.00000E+00    0.47983E-02    0.00000E+00    0.14375E-01    0.00000E+00    0.17110E+00    0.00000E+00    0.97962E-01    0.00000E+00    0.16956E+00    0.00000E+00    0.10748E+00    0.00000E+00    0.85874E-01    0.00000E+00    0.10690E+00    0.00000E+00    0.56191E-03    0.62601E-03    0.56608E-03    0.00000E+00    0.56191E-02    0.00000E+00    0.62601E-02    0.00000E+00    0.56608E-02    0.11270E+00    0.10601E+00    0.10949E+00    0.11189E+00    0.11250E+00    0.10640E+00    0.77404E-01    0.73440E-01    0.81761E-01    0.79032E-01    0.77687E-01    0.73803E-01
22800  36    0.43505E-02    0.11472E-02    0.41758E-02    0.41111E-02    0.23946E-02    0.73480E-03    0.41241E-02    0.39269E-02    0.24889E-02    0.13084E+00    0.69203E-01    0.10696E+00    0.90820E-01    0.12965E+00    0.70554E-01    0.86416E-01    0.40548E-01    0.82131E-01    0.53074E-01    0.86183E-01    0.41232E-01    0.14642E-01    0.55110E-02    0.14399E-01    0.14642E-01    0.00000E+00    0.55110E-02    0.00000E+00    0.14399E-01    0.00000E+00    0.17113E+00    0.00000E+00    0.10499E+00    0.00000E+00    0.16970E+00    0.00000E+00    0.11256E+00    0.00000E+00    0.85833E-01    0.00000E+00    0.11184E+00    0.00000E+00    0.33293E-03    0.47586E-03    0.34222E-03    0.00000E+00    0.33293E-02    0.00000E+00    0.47586E-02    0.00000E+00    0.34222E-02    0.11121E+00    0.81601E-01    0.10727E+00    0.97556E-01    0.11096E+00    0.82731E-01    0.76212E-01    0.56377E-01    0.81561E-01    0.61239E-01    0.76560E-01    0.56694E-01
23000  37    0.44416E-02    0.24061E-02    0.43306E-02    0.40096E-02    0.43202E-02    0.15274E-02    0.87866E-02    0.38742E-02    0.45638E-02    0.12601E+00    0.92953E-01    0.10388E+00    0.13256E+00    0.12490E+00    0.95538E-01    0.90611E-01    0.53780E-01    0.80390E-01    0.67477E-01    0.90053E-01    0.54527E-01    0.14281E-01    0.11456E-01    0.14206E-01    0.14281E-01    0.00000E+00    0.11456E-01    0.00000E+00    0.14206E-01    0.00000E+00    0.16900E+00    0.00000E+00    0.15136E+00    0.00000E+00    0.16856E+00    0.00000E+00    0.12546E+00    0.00000E+00    0.11826E+00    0.00000E+00    0.12527E+00    0.00000E+00    0.60066E-03    0.10138E-02    0.62752E-03    0.00000E+00    0.60066E-02    0.00000E+00    0.10138E-01    0.00000E+00    0.62752E-02    0.10453E+00    0.10961E+00    0.94485E-01    0.14240E+00    0.10390E+00    0.11203E+00    0.77006E-01    0.74774E-01    0.74564E-01    0.77859E-01    0.76847E-01    0.74974E-01
23200  38    0.44228E-02    0.18437E-02    0.42821E-02    0.39103E-02    0.51247E-02    0.10020E-02    0.84165E-02    0.37517E-02    0.53042E-02    0.12185E+00    0.10124E+00    0.97335E-01    0.12974E+00    0.12064E+00    0.10300E+00    0.93106E-01    0.64092E-01    0.83621E-01    0.85804E-01    0.92589E-01    0.65276E-01    0.13927E-01    0.75153E-02    0.13756E-01    0.13927E-01    0.00000E+00    0.75153E-02    0.00000E+00    0.13756E-01    0.00000E+00    0.16690E+00    0.00000E+00    0.12260E+00    0.00000E+00    0.16587E+00    0.00000E+00    0.13344E+00    0.00000E+00    0.11882E+00    0.00000E+00    0.13305E+00    0.00000E+00    0.71252E-03    0.97114E-03    0.72933E-03    0.00000E+00    0.71252E-02    0.00000E+00    0.97114E-02    0.00000E+00    0.72933E-02    0.98847E-01    0.11938E+00    0.92840E-01    0.13937E+00    0.98467E-01    0.12078E+00    0.77362E-01    0.89112E-01    0.78207E-01    0.99004E-01    0.77417E-01    0.89755E-01
23400  39    0.44625E-02    0.11627E-02    0.42825E-02    0.41280E-02    0.33448E-02    0.80356E-03    0.35916E-02    0.39466E-02    0.33583E-02    0.12992E+00    0.81790E-01    0.10574E+00    0.84754E-01    0.12872E+00    0.81955E-01    0.87049E-01    0.53972E-01    0.79927E-01    0.58138E-01    0.86660E-01    0.54200E-01    0.14702E-01    0.60267E-02    0.14471E-01    0.14702E-01    0.00000E+00    0.60267E-02    0.00000E+00    0.14471E-01    0.00000E+00    0.17148E+00    0.00000E+00    0.10979E+00    0.00000E+00    0.17012E+00    0.00000E+00    0.11594E+00    0.00000E+00    0.84719E-01    0.00000E+00    0.11511E+00    0.00000E+00    0.46506E-03    0.41442E-03    0.46176E-03    0.00000E+00    0.46506E-02    0.00000E+00    0.41442E-02    0.00000E+00    0.46176E-02    0.10950E+00    0.96442E-01    0.10511E+00    0.91040E-01    0.10922E+00    0.96100E-01    0.75770E-01    0.75042E-01    0.79190E-01    0.67083E-01    0.75992E-01    0.74524E-01
23600  40    0.45939E-02    0.96142E-03    0.43958E-02    0.43603E-02    0.23365E-02    0.70662E-03    0.25480E-02    0.41610E-02    0.23480E-02    0.13869E+00    0.68359E-01    0.11662E+00    0.71386E-01    0.13758E+00    0.68527E-01    0.88617E-01    0.42786E-01    0.86403E-01    0.49604E-01    0.88496E-01    0.43158E-01    0.15530E-01    0.52997E-02    0.15257E-01    0.15530E-01    0.00000E+00    0.52997E-02    0.00000E+00    0.15257E-01    0.00000E+00    0.17624E+00    0.00000E+00    0.10295E+00    0.00000E+00    0.17468E+00    0.00000E+00    0.10383E+00    0.00000E+00    0.75932E-01    0.00000E+00    0.10309E+00    0.00000E+00    0.32486E-03    0.29399E-03    0.32285E-03    0.00000E+00    0.32486E-02    0.00000E+00    0.29399E-02    0.00000E+00    0.32285E-02    0.12091E+00    0.80605E-01    0.11858E+00    0.76680E-01    0.12076E+00    0.80356E-01    0.82677E-01    0.59489E-01    0.88014E-01    0.57235E-01    0.83024E-01    0.59342E-01
23800  41    0.44360E-02    0.11529E-02    0.42569E-02    0.40953E-02    0.34074E-02    0.62105E-03    0.53183E-02    0.39058E-02    0.35117E-02    0.12688E+00    0.82552E-01    0.10064E+00    0.10313E+00    0.12559E+00    0.83805E-01    0.90361E-01    0.53477E-01    0.81905E-01    0.66872E-01    0.89900E-01    0.54208E-01    0.14586E-01    0.46579E-02    0.14321E-01    0.14586E-01    0.00000E+00    0.46579E-02    0.00000E+00    0.14321E-01    0.00000E+00    0.17080E+00    0.00000E+00    0.96518E-01    0.00000E+00    0.16924E+00    0.00000E+00    0.12580E+00    0.00000E+00    0.95238E-01    0.00000E+00    0.12499E+00    0.00000E+00    0.47376E-03    0.61365E-03    0.48285E-03    0.00000E+00    0.47376E-02    0.00000E+00    0.61365E-02    0.00000E+00    0.48285E-02    0.10486E+00    0.97341E-01    0.10126E+00    0.11078E+00    0.10463E+00    0.98270E-01    0.76525E-01    0.74353E-01    0.79854E-01    0.77160E-01    0.76741E-01    0.74535E-01
24000  42    0.45140E-02    0.10173E-02    0.43233E-02    0.42598E-02    0.25420E-02    0.38767E-03    0.62965E-02    0.40486E-02    0.27468E-02    0.13531E+00    0.71303E-01    0.11068E+00    0.11222E+00    0.13408E+00    0.74119E-01    0.85566E-01    0.41326E-01    0.80568E-01    0.61615E-01    0.85293E-01    0.42433E-01    0.15172E-01    0.29075E-02    0.14845E-01    0.15172E-01    0.00000E+00    0.29075E-02    0.00000E+00    0.14845E-01    0.00000E+00    0.17420E+00    0.00000E+00    0.76256E-01    0.00000E+00    0.17231E+00    0.00000E+00    0.10700E+00    0.00000E+00    0.64754E-01    0.00000E+00    0.10587E+00    0.00000E+00    0.35344E-03    0.72652E-03    0.37769E-03    0.00000E+00    0.35344E-02    0.00000E+00    0.72652E-02    0.00000E+00    0.37769E-02    0.11666E+00    0.84076E-01    0.11506E+00    0.12054E+00    0.11655E+00    0.86913E-01    0.77198E-01    0.57459E-01    0.83001E-01    0.71094E-01    0.77575E-01    0.58345E-01
24200  43    0.43438E-02    0.14474E-02    0.41858E-02    0.37907E-02    0.55309E-02    0.54487E-03    0.90249E-02    0.36136E-02    0.57215E-02    0.12231E+00    0.10518E+00    0.95480E-01    0.13435E+00    0.12100E+00    0.10697E+00    0.83637E-01    0.63750E-01    0.74168E-01    0.80557E-01    0.83121E-01    0.64666E-01    0.13501E-01    0.40865E-02    0.13250E-01    0.13501E-01    0.00000E+00    0.40865E-02    0.00000E+00    0.13250E-01    0.00000E+00    0.16432E+00    0.00000E+00    0.90405E-01    0.00000E+00    0.16279E+00    0.00000E+00    0.11598E+00    0.00000E+00    0.80666E-01    0.00000E+00    0.11503E+00    0.00000E+00    0.76901E-03    0.10413E-02    0.78671E-03    0.00000E+00    0.76901E-02    0.00000E+00    0.10413E-01    0.00000E+00    0.78671E-02    0.10129E+00    0.12402E+00    0.96237E-01    0.14431E+00    0.10097E+00    0.12544E+00    0.71013E-01    0.88636E-01    0.73168E-01    0.92950E-01    0.71153E-01    0.88916E-01
24400  44    0.44344E-02    0.22238E-02    0.43138E-02    0.37888E-02    0.64557E-02    0.11125E-02    0.11113E-01    0.36428E-02    0.67097E-02    0.12181E+00    0.11363E+00    0.97368E-01    0.14909E+00    0.12060E+00    0.11584E+00    0.85214E-01    0.71534E-01    0.75144E-01    0.84633E-01    0.84665E-01    0.72248E-01    0.13494E-01    0.83437E-02    0.13357E-01    0.13494E-01    0.00000E+00    0.83437E-02    0.00000E+00    0.13357E-01    0.00000E+00    0.16428E+00    0.00000E+00    0.12918E+00    0.00000E+00    0.16344E+00    0.00000E+00    0.11886E+00    0.00000E+00    0.99098E-01    0.00000E+00    0.11833E+00    0.00000E+00    0.89758E-03    0.12823E-02    0.92259E-03    0.00000E+00    0.89758E-02    0.00000E+00    0.12823E-01    0.00000E+00    0.92259E-02    0.10047E+00    0.13398E+00    0.91497E-01    0.16014E+00    0.99911E-01    0.13584E+00    0.72079E-01    0.99459E-01    0.71458E-01    0.97654E-01    0.72039E-01    0.99342E-01
24600  45    0.43296E-02    0.17287E-02    0.41878E-02    0.40328E-02    0.29678E-02    0.10943E-02    0.63439E-02    0.38726E-02    0.31520E-02    0.12669E+00    0.77043E-01    0.10239E+00    0.11264E+00    0.12549E+00    0.79397E-01    0.88573E-01    0.44665E-01    0.81269E-01    0.58488E-01    0.88174E-01    0.45419E-01    0.14364E-01    0.82074E-02    0.14199E-01    0.14364E-01    0.00000E+00    0.82074E-02    0.00000E+00    0.14199E-01    0.00000E+00    0.16949E+00    0.00000E+00    0.12812E+00    0.00000E+00    0.16852E+00    0.00000E+00    0.12267E+00    0.00000E+00    0.11459E+00    0.00000E+00    0.12246E+00    0.00000E+00    0.41264E-03    0.73199E-03    0.43340E-03    0.00000E+00    0.41264E-02    0.00000E+00    0.73199E-02    0.00000E+00    0.43340E-02    0.10537E+00    0.90845E-01    0.97829E-01    0.12099E+00    0.10489E+00    0.93102E-01    0.75261E-01    0.62101E-01    0.76144E-01    0.67486E-01    0.75318E-01    0.62451E-01
24800  46    0.43476E-02    0.20549E-02    0.42226E-02    0.39205E-02    0.42709E-02    0.12909E-02    0.76401E-02    0.37771E-02    0.44547E-02    0.12258E+00    0.92422E-01    0.98521E-01    0.12361E+00    0.12139E+00    0.94389E-01    0.91094E-01    0.53564E-01    0.80742E-01    0.70077E-01    0.90530E-01    0.54465E-01    0.13964E-01    0.96817E-02    0.13849E-01    0.13964E-01    0.00000E+00    0.96817E-02    0.00000E+00    0.13849E-01    0.00000E+00    0.16711E+00    0.00000E+00    0.13915E+00    0.00000E+00    0.16643E+00    0.00000E+00    0.13013E+00    0.00000E+00    0.12391E+00    0.00000E+00    0.12996E+00    0.00000E+00    0.59381E-03    0.88155E-03    0.61252E-03    0.00000E+00    0.59381E-02    0.00000E+00    0.88155E-02    0.00000E+00    0.61252E-02    0.99951E-01    0.10898E+00    0.90668E-01    0.13278E+00    0.99374E-01    0.11068E+00    0.75856E-01    0.74475E-01    0.74101E-01    0.80858E-01    0.75742E-01    0.74890E-01
25000  47    0.44216E-02    0.84900E-03    0.42267E-02    0.42244E-02    0.19720E-02    0.56765E-03    0.28135E-02    0.40249E-02    0.20179E-02    0.13396E+00    0.62801E-01    0.10982E+00    0.75013E-01    0.13276E+00    0.63528E-01    0.86383E-01    0.39361E-01    0.83333E-01    0.48616E-01    0.86217E-01    0.39866E-01    0.15046E-01    0.42574E-02    0.14758E-01    0.15046E-01    0.00000E+00    0.42574E-02    0.00000E+00    0.14758E-01    0.00000E+00    0.17347E+00    0.00000E+00    0.92276E-01    0.00000E+00    0.17180E+00    0.00000E+00    0.10968E+00    0.00000E+00    0.76990E-01    0.00000E+00    0.10881E+00    0.00000E+00    0.27418E-03    0.32464E-03    0.27746E-03    0.00000E+00    0.27418E-02    0.00000E+00    0.32464E-02    0.00000E+00    0.27746E-02    0.11491E+00    0.74052E-01    0.11227E+00    0.80577E-01    0.11474E+00    0.74493E-01    0.77290E-01    0.54727E-01    0.84309E-01    0.56095E-01    0.77746E-01    0.54816E-01
25200  48    0.48694E-02    0.23094E-02    0.47298E-02    0.38614E-02    0.10080E-01    0.10745E-02    0.12349E-01    0.37094E-02    0.10204E-01    0.12187E+00    0.14199E+00    0.98539E-01    0.15716E+00    0.12071E+00    0.14286E+00    0.85241E-01    0.91384E-01    0.78314E-01    0.11030E+00    0.84863E-01    0.92415E-01    0.13753E-01    0.80586E-02    0.13601E-01    0.13753E-01    0.00000E+00    0.80586E-02    0.00000E+00    0.13601E-01    0.00000E+00    0.16585E+00    0.00000E+00    0.12695E+00    0.00000E+00    0.16493E+00    0.00000E+00    0.12071E+00    0.00000E+00    0.10492E+00    0.00000E+00    0.12029E+00    0.00000E+00    0.14015E-02    0.14249E-02    0.14030E-02    0.00000E+00    0.14015E-01    0.00000E+00    0.14249E-01    0.00000E+00    0.14030E-01    0.99557E-01    0.16742E+00    0.93403E-01    0.16881E+00    0.99168E-01    0.16751E+00    0.71394E-01    0.12706E+00    0.74222E-01    0.12726E+00    0.71578E-01    0.12707E+00
25400  49    0.47206E-02    0.23209E-02    0.45897E-02    0.42853E-02    0.43531E-02    0.16502E-02    0.67078E-02    0.41416E-02    0.44816E-02    0.12866E+00    0.93307E-01    0.10535E+00    0.11583E+00    0.12750E+00    0.94674E-01    0.10516E+00    0.55848E-01    0.90335E-01    0.76065E-01    0.10435E+00    0.56951E-01    0.15263E-01    0.12376E-01    0.15186E-01    0.15263E-01    0.00000E+00    0.12376E-01    0.00000E+00    0.15186E-01    0.00000E+00    0.17472E+00    0.00000E+00    0.15733E+00    0.00000E+00    0.17427E+00    0.00000E+00    0.15037E+00    0.00000E+00    0.14645E+00    0.00000E+00    0.15026E+00    0.00000E+00    0.60525E-03    0.77397E-03    0.61621E-03    0.00000E+00    0.60525E-02    0.00000E+00    0.77397E-02    0.00000E+00    0.61621E-02    0.10536E+00    0.11002E+00    0.94857E-01    0.12442E+00    0.10471E+00    0.11101E+00    0.87506E-01    0.77650E-01    0.81701E-01    0.87767E-01    0.87129E-01    0.78307E-01
25600  50    0.44160E-02    0.25254E-02    0.43128E-02    0.38794E-02    0.53661E-02    0.12692E-02    0.12562E-01    0.37370E-02    0.57586E-02    0.12443E+00    0.10360E+00    0.10179E+00    0.15850E+00    0.12331E+00    0.10732E+00    0.86571E-01    0.65032E-01    0.79898E-01    0.88598E-01    0.86207E-01    0.66317E-01    0.13817E-01    0.95189E-02    0.13702E-01    0.13817E-01    0.00000E+00    0.95189E-02    0.00000E+00    0.13702E-01    0.00000E+00    0.16623E+00    0.00000E+00    0.13798E+00    0.00000E+00    0.16554E+00    0.00000E+00    0.11747E+00    0.00000E+00    0.11972E+00    0.00000E+00    0.11753E+00    0.00000E+00    0.74609E-03    0.14494E-02    0.79181E-03    0.00000E+00    0.74609E-02    0.00000E+00    0.14494E-01    0.00000E+00    0.79181E-02    0.10364E+00    0.12216E+00    0.95012E-01    0.17026E+00    0.10310E+00    0.12584E+00    0.74507E-01    0.90419E-01    0.73771E-01    0.10223E+00    0.74459E-01    0.91187E-01
25800  51    0.44289E-02    0.85026E-03    0.42337E-02    0.42575E-02    0.17142E-02    0.62260E-03    0.22766E-02    0.40592E-02    0.17448E-02    0.13434E+00    0.58552E-01    0.11065E+00    0.67478E-01    0.13315E+00    0.59074E-01    0.85642E-01    0.37539E-01    0.81728E-01    0.44116E-01    0.85428E-01    0.37898E-01    0.15164E-01    0.46695E-02    0.14884E-01    0.15164E-01    0.00000E+00    0.46695E-02    0.00000E+00    0.14884E-01    0.00000E+00    0.17415E+00    0.00000E+00    0.96638E-01    0.00000E+00    0.17253E+00    0.00000E+00    0.10921E+00    0.00000E+00    0.80228E-01    0.00000E+00    0.10844E+00    0.00000E+00    0.23833E-03    0.26269E-03    0.23992E-03    0.00000E+00    0.23833E-02    0.00000E+00    0.26269E-02    0.00000E+00    0.23992E-02    0.11512E+00    0.69041E-01    0.11265E+00    0.72483E-01    0.11496E+00    0.69270E-01    0.76439E-01    0.52193E-01    0.81958E-01    0.50903E-01    0.76798E-01    0.52109E-01
26000  52    0.50346E-02    0.33078E-02    0.49404E-02    0.40169E-02    0.10177E-01    0.18807E-02    0.14271E-01    0.39004E-02    0.10400E-01    0.12570E+00    0.14267E+00    0.10383E+00    0.16894E+00    0.12461E+00    0.14422E+00    0.10054E+00    0.92839E-01    0.81503E-01    0.11455E+00    0.99506E-01    0.94023E-01    0.14307E-01    0.14105E-01    0.14301E-01    0.14307E-01    0.00000E+00    0.14105E-01    0.00000E+00    0.14301E-01    0.00000E+00    0.16916E+00    0.00000E+00    0.16796E+00    0.00000E+00    0.16912E+00    0.00000E+00    0.14092E+00    0.00000E+00    0.14398E+00    0.00000E+00    0.14101E+00    0.00000E+00    0.14149E-02    0.16466E-02    0.14300E-02    0.00000E+00    0.14149E-01    0.00000E+00    0.16466E-01    0.00000E+00    0.14300E-01    0.10392E+00    0.16822E+00    0.89993E-01    0.18147E+00    0.10308E+00    0.16912E+00    0.84782E-01    0.12908E+00    0.71891E-01    0.13218E+00    0.83944E-01    0.12928E+00
26200  53    0.44722E-02    0.21523E-02    0.43457E-02    0.37719E-02    0.70032E-02    0.10443E-02    0.11080E-01    0.36231E-02    0.72255E-02    0.12312E+00    0.11835E+00    0.99717E-01    0.14886E+00    0.12196E+00    0.12021E+00    0.85102E-01    0.71452E-01    0.75990E-01    0.90894E-01    0.84605E-01    0.72513E-01    0.13434E-01    0.78319E-02    0.13285E-01    0.13434E-01    0.00000E+00    0.78319E-02    0.00000E+00    0.13285E-01    0.00000E+00    0.16392E+00    0.00000E+00    0.12516E+00    0.00000E+00    0.16300E+00    0.00000E+00    0.11336E+00    0.00000E+00    0.97862E-01    0.00000E+00    0.11295E+00    0.00000E+00    0.97370E-03    0.12785E-02    0.99351E-03    0.00000E+00    0.97370E-02    0.00000E+00    0.12785E-01    0.00000E+00    0.99351E-02    0.10289E+00    0.13955E+00    0.95202E-01    0.15990E+00    0.10241E+00    0.14096E+00    0.74070E-01    0.99345E-01    0.72625E-01    0.10488E+00    0.73976E-01    0.99705E-01
26400  54    0.51224E-02    0.16836E-02    0.49349E-02    0.49199E-02    0.20250E-02    0.13536E-02    0.33008E-02    0.47254E-02    0.20946E-02    0.15489E+00    0.63640E-01    0.13840E+00    0.81250E-01    0.15404E+00    0.64725E-01    0.11318E+00    0.38482E-01    0.11750E+00    0.55364E-01    0.11341E+00    0.39403E-01    0.17523E-01    0.10152E-01    0.17326E-01    0.17523E-01    0.00000E+00    0.10152E-01    0.00000E+00    0.17326E-01    0.00000E+00    0.18721E+00    0.00000E+00    0.14249E+00    0.00000E+00    0.18615E+00    0.00000E+00    0.12396E+00    0.00000E+00    0.12569E+00    0.00000E+00    0.12400E+00    0.00000E+00    0.28156E-03    0.38086E-03    0.28801E-03    0.00000E+00    0.28156E-02    0.00000E+00    0.38086E-02    0.00000E+00    0.28801E-02    0.14027E+00    0.75041E-01    0.13776E+00    0.87277E-01    0.14011E+00    0.75896E-01    0.10897E+00    0.53504E-01    0.11624E+00    0.63881E-01    0.10944E+00    0.54179E-01
26600  55    0.44552E-02    0.94739E-03    0.42639E-02    0.41901E-02    0.26506E-02    0.58175E-03    0.36564E-02    0.39933E-02    0.27055E-02    0.13487E+00    0.72810E-01    0.11162E+00    0.85515E-01    0.13371E+00    0.73559E-01    0.85816E-01    0.46873E-01    0.82575E-01    0.53481E-01    0.85640E-01    0.47233E-01    0.14924E-01    0.43631E-02    0.14642E-01    0.14924E-01    0.00000E+00    0.43631E-02    0.00000E+00    0.14642E-01    0.00000E+00    0.17276E+00    0.00000E+00    0.93414E-01    0.00000E+00    0.17113E+00    0.00000E+00    0.10328E+00    0.00000E+00    0.70568E-01    0.00000E+00    0.10241E+00    0.00000E+00    0.36854E-03    0.42190E-03    0.37200E-03    0.00000E+00    0.36854E-02    0.00000E+00    0.42190E-02    0.00000E+00    0.37200E-02    0.11679E+00    0.85853E-01    0.11416E+00    0.91858E-01    0.11662E+00    0.86256E-01    0.78999E-01    0.65171E-01    0.84422E-01    0.61709E-01    0.79352E-01    0.64946E-01
26800  56    0.42942E-02    0.14754E-02    0.41405E-02    0.37760E-02    0.51820E-02    0.66980E-03    0.80556E-02    0.36066E-02    0.53388E-02    0.12286E+00    0.10180E+00    0.97709E-01    0.12693E+00    0.12162E+00    0.10333E+00    0.82514E-01    0.58205E-01    0.75053E-01    0.71859E-01    0.82107E-01    0.58950E-01    0.13449E-01    0.50235E-02    0.13224E-01    0.13449E-01    0.00000E+00    0.50235E-02    0.00000E+00    0.13224E-01    0.00000E+00    0.16401E+00    0.00000E+00    0.10023E+00    0.00000E+00    0.16263E+00    0.00000E+00    0.11242E+00    0.00000E+00    0.84805E-01    0.00000E+00    0.11168E+00    0.00000E+00    0.72050E-03    0.92949E-03    0.73408E-03    0.00000E+00    0.72050E-02    0.00000E+00    0.92949E-02    0.00000E+00    0.73408E-02    0.10241E+00    0.12004E+00    0.97315E-01    0.13634E+00    0.10209E+00    0.12117E+00    0.70841E-01    0.80927E-01    0.73553E-01    0.82914E-01    0.71017E-01    0.81056E-01
27000  57    0.43877E-02    0.16233E-02    0.42369E-02    0.39196E-02    0.46813E-02    0.60377E-03    0.10195E-01    0.37387E-02    0.49821E-02    0.12771E+00    0.96761E-01    0.10334E+00    0.14279E+00    0.12651E+00    0.99821E-01    0.82908E-01    0.57927E-01    0.79400E-01    0.80556E-01    0.82716E-01    0.59161E-01    0.13960E-01    0.45283E-02    0.13709E-01    0.13960E-01    0.00000E+00    0.45283E-02    0.00000E+00    0.13709E-01    0.00000E+00    0.16709E+00    0.00000E+00    0.95166E-01    0.00000E+00    0.16558E+00    0.00000E+00    0.10598E+00    0.00000E+00    0.77136E-01    0.00000E+00    0.10521E+00    0.00000E+00    0.65088E-03    0.11764E-02    0.68504E-03    0.00000E+00    0.65088E-02    0.00000E+00    0.11764E-01    0.00000E+00    0.68504E-02    0.10853E+00    0.11409E+00    0.10454E+00    0.15339E+00    0.10827E+00    0.11705E+00    0.73900E-01    0.80540E-01    0.79748E-01    0.92950E-01    0.74280E-01    0.81346E-01
27200  58    0.46597E-02    0.90309E-03    0.44548E-02    0.43715E-02    0.28820E-02    0.25247E-03    0.65061E-02    0.41468E-02    0.30797E-02    0.14211E+00    0.75921E-01    0.11856E+00    0.11407E+00    0.14093E+00    0.78481E-01    0.87730E-01    0.40381E-01    0.85239E-01    0.56831E-01    0.87594E-01    0.41279E-01    0.15570E-01    0.18935E-02    0.15205E-01    0.15570E-01    0.00000E+00    0.18935E-02    0.00000E+00    0.15205E-01    0.00000E+00    0.17646E+00    0.00000E+00    0.61539E-01    0.00000E+00    0.17439E+00    0.00000E+00    0.95331E-01    0.00000E+00    0.47429E-01    0.00000E+00    0.94054E-01    0.00000E+00    0.40070E-03    0.75071E-03    0.42345E-03    0.00000E+00    0.40070E-02    0.00000E+00    0.75071E-02    0.00000E+00    0.42345E-02    0.12619E+00    0.89521E-01    0.12504E+00    0.12253E+00    0.12612E+00    0.92028E-01    0.84763E-01    0.56145E-01    0.91056E-01    0.65574E-01    0.85172E-01    0.56758E-01
27400  59    0.46280E-02    0.24332E-02    0.45083E-02    0.35731E-02    0.10549E-01    0.77018E-03    0.16630E-01    0.34202E-02    0.10880E-01    0.11577E+00    0.14525E+00    0.91462E-01    0.18237E+00    0.11457E+00    0.14752E+00    0.89780E-01    0.94427E-01    0.80359E-01    0.11493E+00    0.89266E-01    0.95545E-01    0.12726E-01    0.57764E-02    0.12541E-01    0.12726E-01    0.00000E+00    0.57764E-02    0.00000E+00    0.12541E-01    0.00000E+00    0.15954E+00    0.00000E+00    0.10748E+00    0.00000E+00    0.15837E+00    0.00000E+00    0.12853E+00    0.00000E+00    0.10338E+00    0.00000E+00    0.12786E+00    0.00000E+00    0.14667E-02    0.19189E-02    0.14961E-02    0.00000E+00    0.14667E-01    0.00000E+00    0.19189E-01    0.00000E+00    0.14961E-01    0.93263E-01    0.17127E+00    0.88741E-01    0.19590E+00    0.92975E-01    0.17298E+00    0.74654E-01    0.13129E+00    0.76818E-01    0.13261E+00    0.74794E-01    0.13137E+00
27600  60    0.43128E-02    0.12912E-02    0.41480E-02    0.40281E-02    0.28469E-02    0.60312E-03    0.68808E-02    0.38413E-02    0.30670E-02    0.12831E+00    0.75458E-01    0.10295E+00    0.11731E+00    0.12706E+00    0.78319E-01    0.85294E-01    0.45757E-01    0.77550E-01    0.62861E-01    0.84872E-01    0.46690E-01    0.14347E-01    0.45234E-02    0.14085E-01    0.14347E-01    0.00000E+00    0.45234E-02    0.00000E+00    0.14085E-01    0.00000E+00    0.16939E+00    0.00000E+00    0.95115E-01    0.00000E+00    0.16784E+00    0.00000E+00    0.11378E+00    0.00000E+00    0.81188E-01    0.00000E+00    0.11291E+00    0.00000E+00    0.39583E-03    0.79394E-03    0.42171E-03    0.00000E+00    0.39583E-02    0.00000E+00    0.79394E-02    0.00000E+00    0.42171E-02    0.10812E+00    0.88975E-01    0.10411E+00    0.12601E+00    0.10786E+00    0.91838E-01    0.74174E-01    0.63620E-01    0.76990E-01    0.72532E-01    0.74357E-01    0.64199E-01
27800  61    0.44370E-02    0.23466E-02    0.43230E-02    0.40675E-02    0.36955E-02    0.15618E-02    0.78478E-02    0.39308E-02    0.39220E-02    0.12602E+00    0.85970E-01    0.10390E+00    0.12528E+00    0.12491E+00    0.88566E-01    0.93725E-01    0.54866E-01    0.83090E-01    0.72215E-01    0.93145E-01    0.55813E-01    0.14487E-01    0.11714E-01    0.14413E-01    0.14487E-01    0.00000E+00    0.11714E-01    0.00000E+00    0.14413E-01    0.00000E+00    0.17022E+00    0.00000E+00    0.15306E+00    0.00000E+00    0.16978E+00    0.00000E+00    0.13182E+00    0.00000E+00    0.12603E+00    0.00000E+00    0.13167E+00    0.00000E+00    0.51381E-03    0.90552E-03    0.53927E-03    0.00000E+00    0.51381E-02    0.00000E+00    0.90552E-02    0.00000E+00    0.53927E-02    0.10378E+00    0.10137E+00    0.94089E-01    0.13457E+00    0.10318E+00    0.10385E+00    0.78853E-01    0.76285E-01    0.76485E-01    0.83325E-01    0.78699E-01    0.76742E-01
28000  62    0.45286E-02    0.20944E-02    0.43959E-02    0.40237E-02    0.50493E-02    0.11157E-02    0.97868E-02    0.38651E-02    0.53077E-02    0.12411E+00    0.10049E+00    0.99950E-01    0.13991E+00    0.12292E+00    0.10303E+00    0.99592E-01    0.67057E-01    0.88329E-01    0.88370E-01    0.98977E-01    0.68220E-01    0.14331E-01    0.83676E-02    0.14172E-01    0.14331E-01    0.00000E+00    0.83676E-02    0.00000E+00    0.14172E-01    0.00000E+00    0.16930E+00    0.00000E+00    0.12936E+00    0.00000E+00    0.16836E+00    0.00000E+00    0.14239E+00    0.00000E+00    0.12407E+00    0.00000E+00    0.14190E+00    0.00000E+00    0.70204E-03    0.11292E-02    0.72981E-03    0.00000E+00    0.70204E-02    0.00000E+00    0.11292E-01    0.00000E+00    0.72981E-02    0.10114E+00    0.11849E+00    0.94617E-01    0.15028E+00    0.10072E+00    0.12081E+00    0.82885E-01    0.93235E-01    0.82831E-01    0.10196E+00    0.82882E-01    0.93802E-01
28200  63    0.43518E-02    0.13952E-02    0.41905E-02    0.41342E-02    0.21755E-02    0.87854E-03    0.51665E-02    0.39566E-02    0.23387E-02    0.13146E+00    0.65962E-01    0.10735E+00    0.10165E+00    0.13026E+00    0.68391E-01    0.86521E-01    0.36576E-01    0.80512E-01    0.52957E-01    0.86193E-01    0.37470E-01    0.14725E-01    0.65890E-02    0.14508E-01    0.14725E-01    0.00000E+00    0.65890E-02    0.00000E+00    0.14508E-01    0.00000E+00    0.17161E+00    0.00000E+00    0.11480E+00    0.00000E+00    0.17034E+00    0.00000E+00    0.11180E+00    0.00000E+00    0.89951E-01    0.00000E+00    0.11122E+00    0.00000E+00    0.30248E-03    0.59613E-03    0.32157E-03    0.00000E+00    0.30248E-02    0.00000E+00    0.59613E-02    0.00000E+00    0.32157E-02    0.11195E+00    0.77779E-01    0.10616E+00    0.10919E+00    0.11159E+00    0.80196E-01    0.76652E-01    0.50854E-01    0.79059E-01    0.61104E-01    0.76809E-01    0.51521E-01
28400  64    0.44306E-02    0.23296E-02    0.43160E-02    0.38003E-02    0.63026E-02    0.13003E-02    0.10293E-01    0.36640E-02    0.65202E-02    0.12054E+00    0.11227E+00    0.98357E-01    0.14348E+00    0.11943E+00    0.11419E+00    0.91673E-01    0.70445E-01    0.80554E-01    0.99927E-01    0.91066E-01    0.72053E-01    0.13535E-01    0.97520E-02    0.13435E-01    0.13535E-01    0.00000E+00    0.97520E-02    0.00000E+00    0.13435E-01    0.00000E+00    0.16453E+00    0.00000E+00    0.13966E+00    0.00000E+00    0.16392E+00    0.00000E+00    0.13046E+00    0.00000E+00    0.12619E+00    0.00000E+00    0.13034E+00    0.00000E+00    0.87629E-03    0.11876E-02    0.89653E-03    0.00000E+00    0.87629E-02    0.00000E+00    0.11876E-01    0.00000E+00    0.89653E-02    0.98148E-01    0.13239E+00    0.90342E-01    0.15412E+00    0.97660E-01    0.13391E+00    0.76532E-01    0.97944E-01    0.73533E-01    0.11530E+00    0.76337E-01    0.99072E-01
28600  65    0.42742E-02    0.16074E-02    0.41288E-02    0.38933E-02    0.38089E-02    0.92956E-03    0.67787E-02    0.37317E-02    0.39709E-02    0.12413E+00    0.87280E-01    0.99586E-01    0.11644E+00    0.12292E+00    0.89117E-01    0.86548E-01    0.55395E-01    0.78886E-01    0.73373E-01    0.86130E-01    0.56376E-01    0.13867E-01    0.69717E-02    0.13683E-01    0.13867E-01    0.00000E+00    0.69717E-02    0.00000E+00    0.13683E-01    0.00000E+00    0.16653E+00    0.00000E+00    0.11808E+00    0.00000E+00    0.16543E+00    0.00000E+00    0.11971E+00    0.00000E+00    0.10456E+00    0.00000E+00    0.11931E+00    0.00000E+00    0.52958E-03    0.78216E-03    0.54600E-03    0.00000E+00    0.52958E-02    0.00000E+00    0.78216E-02    0.00000E+00    0.54600E-02    0.10294E+00    0.10292E+00    0.96426E-01    0.12507E+00    0.10253E+00    0.10450E+00    0.73602E-01    0.77020E-01    0.74936E-01    0.84661E-01    0.73689E-01    0.77516E-01
28800  66    0.44577E-02    0.11267E-02    0.42760E-02    0.40195E-02    0.43823E-02    0.49885E-03    0.62782E-02    0.38275E-02    0.44858E-02    0.13053E+00    0.93620E-01    0.10651E+00    0.11206E+00    0.12933E+00    0.94718E-01    0.81313E-01    0.57805E-01    0.78585E-01    0.68367E-01    0.81164E-01    0.58381E-01    0.14316E-01    0.37413E-02    0.14034E-01    0.14316E-01    0.00000E+00    0.37413E-02    0.00000E+00    0.14034E-01    0.00000E+00    0.16921E+00    0.00000E+00    0.86502E-01    0.00000E+00    0.16754E+00    0.00000E+00    0.10120E+00    0.00000E+00    0.73642E-01    0.00000E+00    0.10046E+00    0.00000E+00    0.60931E-03    0.72441E-03    0.61679E-03    0.00000E+00    0.60931E-02    0.00000E+00    0.72441E-02    0.00000E+00    0.61679E-02    0.11185E+00    0.11039E+00    0.10926E+00    0.12037E+00    0.11168E+00    0.11107E+00    0.73551E-01    0.80371E-01    0.79345E-01    0.78885E-01    0.73928E-01    0.80274E-01
29000  67    0.44400E-02    0.25623E-02    0.43376E-02    0.36545E-02    0.78548E-02    0.11230E-02    0.14393E-01    0.35164E-02    0.82115E-02    0.11747E+00    0.12534E+00    0.94845E-01    0.16967E+00    0.11635E+00    0.12815E+00    0.89686E-01    0.76850E-01    0.81515E-01    0.10442E+00    0.89241E-01    0.78354E-01    0.13016E-01    0.84222E-02    0.12894E-01    0.13016E-01    0.00000E+00    0.84222E-02    0.00000E+00    0.12894E-01    0.00000E+00    0.16134E+00    0.00000E+00    0.12979E+00    0.00000E+00    0.16058E+00    0.00000E+00    0.12834E+00    0.00000E+00    0.11709E+00    0.00000E+00    0.12804E+00    0.00000E+00    0.10921E-02    0.16608E-02    0.11291E-02    0.00000E+00    0.10921E-01    0.00000E+00    0.16608E-01    0.00000E+00    0.11291E-01    0.94988E-01    0.14779E+00    0.88250E-01    0.18225E+00    0.94565E-01    0.15027E+00    0.74596E-01    0.10685E+00    0.76042E-01    0.12048E+00    0.74690E-01    0.10774E+00
29200  68    0.45351E-02    0.23068E-02    0.44135E-02    0.40996E-02    0.43541E-02    0.16057E-02    0.70104E-02    0.39636E-02    0.44990E-02    0.12531E+00    0.93318E-01    0.10211E+00    0.11841E+00    0.12415E+00    0.94858E-01    0.99443E-01    0.58822E-01    0.85689E-01    0.78407E-01    0.98693E-01    0.59891E-01    0.14601E-01    0.12043E-01    0.14533E-01    0.14601E-01    0.00000E+00    0.12043E-01    0.00000E+00    0.14533E-01    0.00000E+00    0.17089E+00    0.00000E+00    0.15520E+00    0.00000E+00    0.17049E+00    0.00000E+00    0.14207E+00    0.00000E+00    0.13994E+00    0.00000E+00    0.14202E+00    0.00000E+00    0.60539E-03    0.80889E-03    0.61862E-03    0.00000E+00    0.60539E-02    0.00000E+00    0.80889E-02    0.00000E+00    0.61862E-02    0.10214E+00    0.11004E+00    0.91246E-01    0.12719E+00    0.10146E+00    0.11123E+00    0.82801E-01    0.81785E-01    0.77343E-01    0.90470E-01    0.82446E-01    0.82350E-01
29400  69    0.42675E-02    0.13071E-02    0.41060E-02    0.39554E-02    0.31205E-02    0.73054E-03    0.57656E-02    0.37795E-02    0.32648E-02    0.12654E+00    0.79000E-01    0.10163E+00    0.10738E+00    0.12531E+00    0.80806E-01    0.85283E-01    0.46076E-01    0.79081E-01    0.62639E-01    0.84945E-01    0.46979E-01    0.14088E-01    0.54791E-02    0.13858E-01    0.14088E-01    0.00000E+00    0.54791E-02    0.00000E+00    0.13858E-01    0.00000E+00    0.16786E+00    0.00000E+00    0.10468E+00    0.00000E+00    0.16648E+00    0.00000E+00    0.11554E+00    0.00000E+00    0.90868E-01    0.00000E+00    0.11488E+00    0.00000E+00    0.43387E-03    0.66526E-03    0.44891E-03    0.00000E+00    0.43387E-02    0.00000E+00    0.66526E-02    0.00000E+00    0.44891E-02    0.10613E+00    0.93152E-01    0.10115E+00    0.11535E+00    0.10581E+00    0.94753E-01    0.73473E-01    0.64062E-01    0.77268E-01    0.72275E-01    0.73719E-01    0.64596E-01
29600  70    0.43570E-02    0.21421E-02    0.42362E-02    0.37155E-02    0.64147E-02    0.77782E-03    0.13643E-01    0.35553E-02    0.68089E-02    0.12041E+00    0.11327E+00    0.94913E-01    0.16518E+00    0.11916E+00    0.11670E+00    0.83718E-01    0.60203E-01    0.76242E-01    0.90233E-01    0.83310E-01    0.61841E-01    0.13233E-01    0.58337E-02    0.13036E-01    0.13233E-01    0.00000E+00    0.58337E-02    0.00000E+00    0.13036E-01    0.00000E+00    0.16269E+00    0.00000E+00    0.10802E+00    0.00000E+00    0.16147E+00    0.00000E+00    0.11731E+00    0.00000E+00    0.98621E-01    0.00000E+00    0.11681E+00    0.00000E+00    0.89188E-03    0.15741E-02    0.93622E-03    0.00000E+00    0.89188E-02    0.00000E+00    0.15741E-01    0.00000E+00    0.93622E-02    0.99128E-01    0.13356E+00    0.92733E-01    0.17743E+00    0.98724E-01    0.13684E+00    0.70604E-01    0.83704E-01    0.72799E-01    0.10411E+00    0.70746E-01    0.85031E-01
29800  71    0.45070E-02    0.19124E-02    0.43654E-02    0.36355E-02    0.87147E-02    0.71333E-03    0.11991E-01    0.34761E-02    0.88934E-02    0.12013E+00    0.13202E+00    0.95237E-01    0.15486E+00    0.11890E+00    0.13337E+00    0.80200E-01    0.83194E-01    0.73243E-01    0.10262E+00    0.79821E-01    0.84253E-01    0.12948E-01    0.53500E-02    0.12746E-01    0.12948E-01    0.00000E+00    0.53500E-02    0.00000E+00    0.12746E-01    0.00000E+00    0.16092E+00    0.00000E+00    0.10344E+00    0.00000E+00    0.15966E+00    0.00000E+00    0.10971E+00    0.00000E+00    0.84740E-01    0.00000E+00    0.10904E+00    0.00000E+00    0.12117E-02    0.13835E-02    0.12228E-02    0.00000E+00    0.12117E-01    0.00000E+00    0.13835E-01    0.00000E+00    0.12228E-01    0.99772E-01    0.15567E+00    0.93911E-01    0.16634E+00    0.99402E-01    0.15639E+00    0.68681E-01    0.11567E+00    0.71475E-01    0.11840E+00    0.68863E-01    0.11585E+00
30000  72    0.43382E-02    0.11946E-02    0.41668E-02    0.38744E-02    0.46381E-02    0.44842E-03    0.74622E-02    0.36875E-02    0.47922E-02    0.12620E+00    0.96313E-01    0.10063E+00    0.12217E+00    0.12494E+00    0.97900E-01    0.81484E-01    0.54020E-01    0.74226E-01    0.69509E-01    0.81088E-01    0.54865E-01    0.13799E-01    0.33631E-02    0.13521E-01    0.13799E-01    0.00000E+00    0.33631E-02    0.00000E+00    0.13521E-01    0.00000E+00    0.16613E+00    0.00000E+00    0.82014E-01    0.00000E+00    0.16444E+00    0.00000E+00    0.10760E+00    0.00000E+00    0.72743E-01    0.00000E+00    0.10667E+00    0.00000E+00    0.64487E-03    0.86102E-03    0.65892E-03    0.00000E+00    0.64487E-02    0.00000E+00    0.86102E-02    0.00000E+00    0.65892E-02    0.10663E+00    0.11357E+00    0.10320E+00    0.13123E+00    0.10641E+00    0.11480E+00    0.71290E-01    0.75108E-01    0.74454E-01    0.80202E-01    0.71496E-01    0.75439E-01
30200  73    0.43295E-02    0.11585E-02    0.41566E-02    0.39940E-02    0.33550E-02    0.53251E-03    0.62602E-02    0.38052E-02    0.35134E-02    0.12684E+00    0.81914E-01    0.10147E+00    0.11189E+00    0.12559E+00    0.83827E-01    0.85207E-01    0.47481E-01    0.79749E-01    0.68951E-01    0.84910E-01    0.48652E-01    0.14225E-01    0.39938E-02    0.13953E-01    0.14225E-01    0.00000E+00    0.39938E-02    0.00000E+00    0.13953E-01    0.00000E+00    0.16867E+00    0.00000E+00    0.89374E-01    0.00000E+00    0.16705E+00    0.00000E+00    0.11600E+00    0.00000E+00    0.85009E-01    0.00000E+00    0.11517E+00    0.00000E+00    0.46647E-03    0.72233E-03    0.48310E-03    0.00000E+00    0.46647E-02    0.00000E+00    0.72233E-02    0.00000E+00    0.48310E-02    0.10613E+00    0.96589E-01    0.10321E+00    0.12019E+00    0.10594E+00    0.98295E-01    0.73188E-01    0.66016E-01    0.78940E-01    0.79558E-01    0.73562E-01    0.66896E-01
30400  74    0.45070E-02    0.18934E-02    0.43644E-02    0.37364E-02    0.77061E-02    0.77156E-03    0.11219E-01    0.35747E-02    0.78976E-02    0.12040E+00    0.12415E+00    0.93121E-01    0.14979E+00    0.11907E+00    0.12568E+00    0.83767E-01    0.76685E-01    0.72479E-01    0.96268E-01    0.83151E-01    0.77753E-01    0.13308E-01    0.57867E-02    0.13107E-01    0.13308E-01    0.00000E+00    0.57867E-02    0.00000E+00    0.13107E-01    0.00000E+00    0.16314E+00    0.00000E+00    0.10758E+00    0.00000E+00    0.16191E+00    0.00000E+00    0.11771E+00    0.00000E+00    0.92988E-01    0.00000E+00    0.11705E+00    0.00000E+00    0.10714E-02    0.12944E-02    0.10859E-02    0.00000E+00    0.10714E-01    0.00000E+00    0.12944E-01    0.00000E+00    0.10859E-01    0.98821E-01    0.14639E+00    0.90693E-01    0.16090E+00    0.98313E-01    0.14737E+00    0.70517E-01    0.10662E+00    0.69324E-01    0.11108E+00    0.70439E-01    0.10691E+00
30600  75    0.42614E-02    0.15095E-02    0.41113E-02    0.38502E-02    0.41118E-02    0.93804E-03    0.57146E-02    0.36914E-02    0.41992E-02    0.12303E+00    0.90684E-01    0.99193E-01    0.10691E+00    0.12185E+00    0.91643E-01    0.84861E-01    0.54980E-01    0.77485E-01    0.71373E-01    0.84459E-01    0.55874E-01    0.13713E-01    0.70353E-02    0.13535E-01    0.13713E-01    0.00000E+00    0.70353E-02    0.00000E+00    0.13535E-01    0.00000E+00    0.16561E+00    0.00000E+00    0.11862E+00    0.00000E+00    0.16453E+00    0.00000E+00    0.11753E+00    0.00000E+00    0.99358E-01    0.00000E+00    0.11704E+00    0.00000E+00    0.57169E-03    0.65938E-03    0.57739E-03    0.00000E+00    0.57169E-02    0.00000E+00    0.65938E-02    0.00000E+00    0.57739E-02    0.10167E+00    0.10693E+00    0.95855E-01    0.11484E+00    0.10130E+00    0.10746E+00    0.72108E-01    0.76443E-01    0.74120E-01    0.82353E-01    0.72239E-01    0.76827E-01
30800  76    0.44670E-02    0.80344E-03    0.42671E-02    0.40602E-02    0.40672E-02    0.25814E-03    0.54530E-02    0.38528E-02    0.41428E-02    0.13109E+00    0.90191E-01    0.10532E+00    0.10443E+00    0.12981E+00    0.91025E-01    0.81205E-01    0.57375E-01    0.73691E-01    0.67876E-01    0.80795E-01    0.57947E-01    0.14461E-01    0.19361E-02    0.14127E-01    0.14461E-01    0.00000E+00    0.19361E-02    0.00000E+00    0.14127E-01    0.00000E+00    0.17007E+00    0.00000E+00    0.62227E-01    0.00000E+00    0.16809E+00    0.00000E+00    0.10222E+00    0.00000E+00    0.53475E-01    0.00000E+00    0.10092E+00    0.00000E+00    0.56549E-03    0.62919E-03    0.56963E-03    0.00000E+00    0.56549E-02    0.00000E+00    0.62919E-02    0.00000E+00    0.56963E-02    0.11226E+00    0.10635E+00    0.11046E+00    0.11218E+00    0.11214E+00    0.10674E+00    0.73000E-01    0.79772E-01    0.76801E-01    0.78318E-01    0.73247E-01    0.79678E-01
31000  77    0.48957E-02    0.40928E-02    0.48519E-02    0.35036E-02    0.13921E-01    0.15112E-02    0.25816E-01    0.33949E-02    0.14569E-01    0.11718E+00    0.16686E+00    0.95646E-01    0.22723E+00    0.11611E+00    0.17070E+00    0.84019E-01    0.97912E-01    0.72482E-01    0.13502E+00    0.83390E-01    0.99936E-01    0.12479E-01    0.11334E-01    0.12448E-01    0.12479E-01    0.00000E+00    0.11334E-01    0.00000E+00    0.12448E-01    0.00000E+00    0.15798E+00    0.00000E+00    0.15056E+00    0.00000E+00    0.15779E+00    0.00000E+00    0.11650E+00    0.00000E+00    0.11406E+00    0.00000E+00    0.11644E+00    0.00000E+00    0.19355E-02    0.29788E-02    0.20033E-02    0.00000E+00    0.19355E-01    0.00000E+00    0.29788E-01    0.00000E+00    0.20033E-01    0.96688E-01    0.19675E+00    0.84073E-01    0.24408E+00    0.95918E-01    0.20016E+00    0.71339E-01    0.13613E+00    0.66085E-01    0.15580E+00    0.70998E-01    0.13741E+00
31200  78    0.43800E-02    0.88624E-03    0.41894E-02    0.40196E-02    0.36039E-02    0.44930E-03    0.43694E-02    0.38249E-02    0.36457E-02    0.12797E+00    0.84899E-01    0.10173E+00    0.93482E-01    0.12668E+00    0.85389E-01    0.82588E-01    0.54112E-01    0.74136E-01    0.67521E-01    0.82127E-01    0.54843E-01    0.14316E-01    0.33698E-02    0.14024E-01    0.14316E-01    0.00000E+00    0.33698E-02    0.00000E+00    0.14024E-01    0.00000E+00    0.16921E+00    0.00000E+00    0.82095E-01    0.00000E+00    0.16748E+00    0.00000E+00    0.11092E+00    0.00000E+00    0.73813E-01    0.00000E+00    0.10993E+00    0.00000E+00    0.50108E-03    0.50416E-03    0.50128E-03    0.00000E+00    0.50108E-02    0.00000E+00    0.50416E-02    0.00000E+00    0.50128E-02    0.10766E+00    0.10011E+00    0.10442E+00    0.10042E+00    0.10745E+00    0.10013E+00    0.71528E-01    0.75236E-01    0.74186E-01    0.77909E-01    0.71701E-01    0.75409E-01
31400  79    0.43966E-02    0.96385E-03    0.42093E-02    0.41718E-02    0.22473E-02    0.58052E-03    0.38334E-02    0.39760E-02    0.23338E-02    0.13425E+00    0.67041E-01    0.11062E+00    0.87560E-01    0.13307E+00    0.68320E-01    0.84334E-01    0.39726E-01    0.82075E-01    0.53072E-01    0.84211E-01    0.40454E-01    0.14859E-01    0.43539E-02    0.14578E-01    0.14859E-01    0.00000E+00    0.43539E-02    0.00000E+00    0.14578E-01    0.00000E+00    0.17239E+00    0.00000E+00    0.93315E-01    0.00000E+00    0.17075E+00    0.00000E+00    0.10324E+00    0.00000E+00    0.72621E-01    0.00000E+00    0.10242E+00    0.00000E+00    0.31246E-03    0.44231E-03    0.32090E-03    0.00000E+00    0.31246E-02    0.00000E+00    0.44231E-02    0.00000E+00    0.32090E-02    0.11601E+00    0.79051E-01    0.11305E+00    0.94055E-01    0.11582E+00    0.80112E-01    0.76956E-01    0.55234E-01    0.83529E-01    0.61237E-01    0.77383E-01    0.55624E-01
31600  80    0.43784E-02    0.88142E-03    0.41876E-02    0.42138E-02    0.16460E-02    0.63647E-03    0.24495E-02    0.40187E-02    0.16898E-02    0.13254E+00    0.57375E-01    0.10743E+00    0.69993E-01    0.13129E+00    0.58134E-01    0.86438E-01    0.34597E-01    0.80863E-01    0.44930E-01    0.86134E-01    0.35161E-01    0.15008E-01    0.47735E-02    0.14735E-01    0.15008E-01    0.00000E+00    0.47735E-02    0.00000E+00    0.14735E-01    0.00000E+00    0.17325E+00    0.00000E+00    0.97709E-01    0.00000E+00    0.17167E+00    0.00000E+00    0.11382E+00    0.00000E+00    0.85322E-01    0.00000E+00    0.11306E+00    0.00000E+00    0.22885E-03    0.28263E-03    0.23235E-03    0.00000E+00    0.22885E-02    0.00000E+00    0.28263E-02    0.00000E+00    0.23235E-02    0.11272E+00    0.67654E-01    0.10885E+00    0.75184E-01    0.11247E+00    0.68168E-01    0.75748E-01    0.48103E-01    0.80177E-01    0.51842E-01    0.76036E-01    0.48346E-01
31800  81    0.46917E-02    0.24428E-02    0.45691E-02    0.41908E-02    0.50098E-02    0.13682E-02    0.10745E-01    0.40368E-02    0.53226E-02    0.12877E+00    0.10010E+00    0.10108E+00    0.14660E+00    0.12742E+00    0.10318E+00    0.90239E-01    0.58999E-01    0.73904E-01    0.89937E-01    0.89348E-01    0.60687E-01    0.14926E-01    0.10262E-01    0.14802E-01    0.14926E-01    0.00000E+00    0.10262E-01    0.00000E+00    0.14802E-01    0.00000E+00    0.17278E+00    0.00000E+00    0.14326E+00    0.00000E+00    0.17206E+00    0.00000E+00    0.12517E+00    0.00000E+00    0.11007E+00    0.00000E+00    0.12477E+00    0.00000E+00    0.69654E-03    0.12398E-02    0.73186E-03    0.00000E+00    0.69654E-02    0.00000E+00    0.12398E-01    0.00000E+00    0.73186E-02    0.10678E+00    0.11803E+00    0.92910E-01    0.15747E+00    0.10594E+00    0.12098E+00    0.76600E-01    0.82031E-01    0.68341E-01    0.10377E+00    0.76064E-01    0.83444E-01
32000  82    0.42841E-02    0.19910E-02    0.41590E-02    0.37706E-02    0.51344E-02    0.10222E-02    0.96881E-02    0.36207E-02    0.53828E-02    0.12216E+00    0.10133E+00    0.97902E-01    0.13920E+00    0.12096E+00    0.10376E+00    0.84327E-01    0.54665E-01    0.75893E-01    0.75064E-01    0.83867E-01    0.55777E-01    0.13430E-01    0.76666E-02    0.13276E-01    0.13430E-01    0.00000E+00    0.76666E-02    0.00000E+00    0.13276E-01    0.00000E+00    0.16389E+00    0.00000E+00    0.12383E+00    0.00000E+00    0.16295E+00    0.00000E+00    0.11606E+00    0.00000E+00    0.97616E-01    0.00000E+00    0.11557E+00    0.00000E+00    0.71387E-03    0.11179E-02    0.74013E-03    0.00000E+00    0.71387E-02    0.00000E+00    0.11179E-01    0.00000E+00    0.74013E-02    0.10131E+00    0.11949E+00    0.93277E-01    0.14952E+00    0.10081E+00    0.12167E+00    0.71940E-01    0.76004E-01    0.72550E-01    0.86612E-01    0.71980E-01    0.76694E-01
32200  83    0.43750E-02    0.13936E-02    0.42123E-02    0.39117E-02    0.46325E-02    0.55770E-03    0.83595E-02    0.37288E-02    0.48357E-02    0.12331E+00    0.96254E-01    0.96029E-01    0.12930E+00    0.12198E+00    0.98344E-01    0.86807E-01    0.59662E-01    0.76751E-01    0.83754E-01    0.86258E-01    0.60976E-01    0.13932E-01    0.41827E-02    0.13672E-01    0.13932E-01    0.00000E+00    0.41827E-02    0.00000E+00    0.13672E-01    0.00000E+00    0.16693E+00    0.00000E+00    0.91463E-01    0.00000E+00    0.16536E+00    0.00000E+00    0.12212E+00    0.00000E+00    0.84607E-01    0.00000E+00    0.12112E+00    0.00000E+00    0.64408E-03    0.96456E-03    0.66492E-03    0.00000E+00    0.64408E-02    0.00000E+00    0.96456E-02    0.00000E+00    0.66492E-02    0.10131E+00    0.11350E+00    0.96713E-01    0.13889E+00    0.10102E+00    0.11532E+00    0.73023E-01    0.82953E-01    0.75542E-01    0.96639E-01    0.73187E-01    0.83843E-01
32400  84    0.53773E-02    0.38850E-02    0.52959E-02    0.43016E-02    0.10757E-01    0.19405E-02    0.19444E-01    0.41728E-02    0.11230E-01    0.13296E+00    0.14667E+00    0.11259E+00    0.19720E+00    0.13193E+00    0.14987E+00    0.11755E+00    0.90179E-01    0.99879E-01    0.12453E+00    0.11658E+00    0.92053E-01    0.15321E-01    0.14554E-01    0.15300E-01    0.15321E-01    0.00000E+00    0.14554E-01    0.00000E+00    0.15300E-01    0.00000E+00    0.17505E+00    0.00000E+00    0.17061E+00    0.00000E+00    0.17493E+00    0.00000E+00    0.16065E+00    0.00000E+00    0.16628E+00    0.00000E+00    0.16080E+00    0.00000E+00    0.14956E-02    0.22436E-02    0.15442E-02    0.00000E+00    0.14956E-01    0.00000E+00    0.22436E-01    0.00000E+00    0.15442E-01    0.11233E+00    0.17295E+00    0.10073E+00    0.21183E+00    0.11161E+00    0.17574E+00    0.10072E+00    0.12538E+00    0.89662E-01    0.14369E+00    0.99999E-01    0.12657E+00
32600  85    0.46855E-02    0.20020E-02    0.45391E-02    0.40108E-02    0.67471E-02    0.97526E-03    0.10267E-01    0.38452E-02    0.69391E-02    0.12316E+00    0.11616E+00    0.10255E+00    0.14330E+00    0.12213E+00    0.11781E+00    0.98056E-01    0.69188E-01    0.91697E-01    0.99246E-01    0.97709E-01    0.70827E-01    0.14285E-01    0.73145E-02    0.14099E-01    0.14285E-01    0.00000E+00    0.73145E-02    0.00000E+00    0.14099E-01    0.00000E+00    0.16903E+00    0.00000E+00    0.12095E+00    0.00000E+00    0.16792E+00    0.00000E+00    0.14062E+00    0.00000E+00    0.11992E+00    0.00000E+00    0.14007E+00    0.00000E+00    0.93809E-03    0.11847E-02    0.95412E-03    0.00000E+00    0.93809E-02    0.00000E+00    0.11847E-01    0.00000E+00    0.95412E-02    0.99685E-01    0.13697E+00    0.99422E-01    0.15393E+00    0.99668E-01    0.13814E+00    0.81440E-01    0.96197E-01    0.87355E-01    0.11451E+00    0.81824E-01    0.97387E-01
32800  86    0.43656E-02    0.10979E-02    0.41874E-02    0.40420E-02    0.32358E-02    0.51277E-03    0.58518E-02    0.38495E-02    0.33784E-02    0.13059E+00    0.80446E-01    0.10582E+00    0.10818E+00    0.12936E+00    0.82200E-01    0.82681E-01    0.43832E-01    0.76042E-01    0.55685E-01    0.82319E-01    0.44478E-01    0.14396E-01    0.38458E-02    0.14115E-01    0.14396E-01    0.00000E+00    0.38458E-02    0.00000E+00    0.14115E-01    0.00000E+00    0.16968E+00    0.00000E+00    0.87701E-01    0.00000E+00    0.16802E+00    0.00000E+00    0.10587E+00    0.00000E+00    0.73672E-01    0.00000E+00    0.10501E+00    0.00000E+00    0.44989E-03    0.67520E-03    0.46454E-03    0.00000E+00    0.44989E-02    0.00000E+00    0.67520E-02    0.00000E+00    0.46454E-02    0.11168E+00    0.94857E-01    0.10834E+00    0.11621E+00    0.11147E+00    0.96388E-01    0.73629E-01    0.60942E-01    0.76406E-01    0.64252E-01    0.73809E-01    0.61157E-01
33000  87    0.46747E-02    0.78583E-03    0.44626E-02    0.43429E-02    0.33181E-02    0.34788E-03    0.43795E-02    0.41250E-02    0.33760E-02    0.14110E+00    0.81463E-01    0.11752E+00    0.93590E-01    0.13992E+00    0.82171E-01    0.89912E-01    0.51593E-01    0.86650E-01    0.62976E-01    0.89734E-01    0.52213E-01    0.15468E-01    0.26091E-02    0.15125E-01    0.15468E-01    0.00000E+00    0.26091E-02    0.00000E+00    0.15125E-01    0.00000E+00    0.17589E+00    0.00000E+00    0.72237E-01    0.00000E+00    0.17392E+00    0.00000E+00    0.99973E-01    0.00000E+00    0.58060E-01    0.00000E+00    0.98855E-01    0.00000E+00    0.46135E-03    0.50533E-03    0.46420E-03    0.00000E+00    0.46135E-02    0.00000E+00    0.50533E-02    0.00000E+00    0.46420E-02    0.12492E+00    0.96057E-01    0.12301E+00    0.10053E+00    0.12480E+00    0.96354E-01    0.85984E-01    0.71733E-01    0.91049E-01    0.72665E-01    0.86314E-01    0.71794E-01
33200  88    0.45898E-02    0.30073E-02    0.45035E-02    0.39375E-02    0.65233E-02    0.14379E-02    0.15694E-01    0.38012E-02    0.70235E-02    0.12490E+00    0.11422E+00    0.10153E+00    0.17716E+00    0.12374E+00    0.11852E+00    0.91031E-01    0.65083E-01    0.79097E-01    0.95914E-01    0.90380E-01    0.66765E-01    0.14024E-01    0.10784E-01    0.13938E-01    0.14024E-01    0.00000E+00    0.10784E-01    0.00000E+00    0.13938E-01    0.00000E+00    0.16748E+00    0.00000E+00    0.14686E+00    0.00000E+00    0.16696E+00    0.00000E+00    0.12499E+00    0.00000E+00    0.12412E+00    0.00000E+00    0.12497E+00    0.00000E+00    0.90698E-03    0.18108E-02    0.96573E-03    0.00000E+00    0.90698E-02    0.00000E+00    0.18108E-01    0.00000E+00    0.96573E-02    0.10363E+00    0.13468E+00    0.92604E-01    0.19031E+00    0.10295E+00    0.13898E+00    0.77774E-01    0.90490E-01    0.72171E-01    0.11067E+00    0.77410E-01    0.91802E-01
33400  89    0.44694E-02    0.78381E-03    0.42684E-02    0.42788E-02    0.19065E-02    0.54787E-03    0.23594E-02    0.40753E-02    0.19312E-02    0.13343E+00    0.61749E-01    0.10775E+00    0.68693E-01    0.13216E+00    0.62148E-01    0.86886E-01    0.39126E-01    0.80497E-01    0.49649E-01    0.86537E-01    0.39700E-01    0.15240E-01    0.41090E-02    0.14943E-01    0.15240E-01    0.00000E+00    0.41090E-02    0.00000E+00    0.14943E-01    0.00000E+00    0.17458E+00    0.00000E+00    0.90653E-01    0.00000E+00    0.17287E+00    0.00000E+00    0.11530E+00    0.00000E+00    0.83932E-01    0.00000E+00    0.11446E+00    0.00000E+00    0.26507E-03    0.27224E-03    0.26554E-03    0.00000E+00    0.26507E-02    0.00000E+00    0.27224E-02    0.00000E+00    0.26554E-02    0.11338E+00    0.72811E-01    0.11015E+00    0.73788E-01    0.11317E+00    0.72875E-01    0.75794E-01    0.54399E-01    0.79969E-01    0.57287E-01    0.76066E-01    0.54587E-01
33600  90    0.45264E-02    0.98725E-03    0.43334E-02    0.42337E-02    0.29274E-02    0.66360E-03    0.32365E-02    0.40389E-02    0.29443E-02    0.13525E+00    0.76517E-01    0.11164E+00    0.80455E-01    0.13407E+00    0.76737E-01    0.86494E-01    0.46904E-01    0.84998E-01    0.54706E-01    0.86412E-01    0.47330E-01    0.15079E-01    0.49770E-02    0.14809E-01    0.15079E-01    0.00000E+00    0.49770E-02    0.00000E+00    0.14809E-01    0.00000E+00    0.17366E+00    0.00000E+00    0.99770E-01    0.00000E+00    0.17210E+00    0.00000E+00    0.10624E+00    0.00000E+00    0.82785E-01    0.00000E+00    0.10561E+00    0.00000E+00    0.40702E-03    0.37344E-03    0.40484E-03    0.00000E+00    0.40702E-02    0.00000E+00    0.37344E-02    0.00000E+00    0.40484E-02    0.11688E+00    0.90224E-01    0.11336E+00    0.86422E-01    0.11665E+00    0.89982E-01    0.78786E-01    0.65214E-01    0.85339E-01    0.63123E-01    0.79212E-01    0.65078E-01
33800  91    0.42990E-02    0.14324E-02    0.41426E-02    0.39163E-02    0.38271E-02    0.71400E-03    0.71837E-02    0.37416E-02    0.40102E-02    0.12319E+00    0.87488E-01    0.96495E-01    0.11986E+00    0.12188E+00    0.89556E-01    0.88000E-01    0.52671E-01    0.78784E-01    0.73181E-01    0.87497E-01    0.53790E-01    0.13948E-01    0.53550E-02    0.13719E-01    0.13948E-01    0.00000E+00    0.53550E-02    0.00000E+00    0.13719E-01    0.00000E+00    0.16702E+00    0.00000E+00    0.10349E+00    0.00000E+00    0.16565E+00    0.00000E+00    0.12433E+00    0.00000E+00    0.10054E+00    0.00000E+00    0.12370E+00    0.00000E+00    0.53211E-03    0.82889E-03    0.55140E-03    0.00000E+00    0.53211E-02    0.00000E+00    0.82889E-02    0.00000E+00    0.55140E-02    0.10104E+00    0.10316E+00    0.95373E-01    0.12875E+00    0.10068E+00    0.10501E+00    0.73816E-01    0.73232E-01    0.75437E-01    0.84440E-01    0.73921E-01    0.73961E-01
34000  92    0.43160E-02    0.18954E-02    0.41840E-02    0.37263E-02    0.58968E-02    0.64534E-03    0.12500E-01    0.35583E-02    0.62570E-02    0.11925E+00    0.10860E+00    0.92018E-01    0.15812E+00    0.11793E+00    0.11187E+00    0.87027E-01    0.68429E-01    0.76315E-01    0.10315E+00    0.86443E-01    0.70323E-01    0.13272E-01    0.48400E-02    0.13047E-01    0.13272E-01    0.00000E+00    0.48400E-02    0.00000E+00    0.13047E-01    0.00000E+00    0.16292E+00    0.00000E+00    0.98387E-01    0.00000E+00    0.16154E+00    0.00000E+00    0.12365E+00    0.00000E+00    0.95903E-01    0.00000E+00    0.12291E+00    0.00000E+00    0.81988E-03    0.14423E-02    0.86034E-03    0.00000E+00    0.81988E-02    0.00000E+00    0.14423E-01    0.00000E+00    0.86034E-02    0.97002E-01    0.12805E+00    0.90999E-01    0.16984E+00    0.96623E-01    0.13117E+00    0.72730E-01    0.95142E-01    0.73302E-01    0.11902E+00    0.72767E-01    0.96694E-01
34200  93    0.43113E-02    0.19345E-02    0.41817E-02    0.38366E-02    0.47467E-02    0.72205E-03    0.12124E-01    0.36667E-02    0.51491E-02    0.12483E+00    0.97434E-01    0.99377E-01    0.15572E+00    0.12358E+00    0.10148E+00    0.82002E-01    0.51353E-01    0.73651E-01    0.77932E-01    0.81546E-01    0.52803E-01    0.13665E-01    0.54154E-02    0.13445E-01    0.13665E-01    0.00000E+00    0.54154E-02    0.00000E+00    0.13445E-01    0.00000E+00    0.16532E+00    0.00000E+00    0.10407E+00    0.00000E+00    0.16398E+00    0.00000E+00    0.10971E+00    0.00000E+00    0.86423E-01    0.00000E+00    0.10909E+00    0.00000E+00    0.65997E-03    0.13989E-02    0.70800E-03    0.00000E+00    0.65997E-02    0.00000E+00    0.13989E-01    0.00000E+00    0.70800E-02    0.10487E+00    0.11489E+00    0.98635E-01    0.16727E+00    0.10447E+00    0.11900E+00    0.71187E-01    0.71400E-01    0.71686E-01    0.89922E-01    0.71219E-01    0.72604E-01
34400  94    0.45590E-02    0.26007E-02    0.44522E-02    0.39677E-02    0.59139E-02    0.16491E-02    0.95157E-02    0.38412E-02    0.61104E-02    0.12660E+00    0.10876E+00    0.10638E+00    0.13795E+00    0.12558E+00    0.11055E+00    0.88593E-01    0.66825E-01    0.81681E-01    0.88123E-01    0.88216E-01    0.67987E-01    0.14131E-01    0.12368E-01    0.14084E-01    0.14131E-01    0.00000E+00    0.12368E-01    0.00000E+00    0.14084E-01    0.00000E+00    0.16812E+00    0.00000E+00    0.15728E+00    0.00000E+00    0.16784E+00    0.00000E+00    0.11726E+00    0.00000E+00    0.11671E+00    0.00000E+00    0.11724E+00    0.00000E+00    0.82225E-03    0.10980E-02    0.84018E-03    0.00000E+00    0.82225E-02    0.00000E+00    0.10980E-01    0.00000E+00    0.84018E-02    0.10608E+00    0.12824E+00    0.96186E-01    0.14819E+00    0.10546E+00    0.12963E+00    0.77404E-01    0.92912E-01    0.76292E-01    0.10168E+00    0.77332E-01    0.93482E-01
34600  95    0.44354E-02    0.13606E-02    0.42677E-02    0.39841E-02    0.45134E-02    0.61231E-03    0.74828E-02    0.38002E-02    0.46754E-02    0.12474E+00    0.95009E-01    0.98874E-01    0.12233E+00    0.12346E+00    0.96699E-01    0.88706E-01    0.56758E-01    0.79131E-01    0.75692E-01    0.88184E-01    0.57790E-01    0.14190E-01    0.45923E-02    0.13934E-01    0.14190E-01    0.00000E+00    0.45923E-02    0.00000E+00    0.13934E-01    0.00000E+00    0.16846E+00    0.00000E+00    0.95836E-01    0.00000E+00    0.16694E+00    0.00000E+00    0.12396E+00    0.00000E+00    0.91831E-01    0.00000E+00    0.12310E+00    0.00000E+00    0.62753E-03    0.86340E-03    0.64286E-03    0.00000E+00    0.62753E-02    0.00000E+00    0.86340E-02    0.00000E+00    0.64286E-02    0.10273E+00    0.11203E+00    0.99333E-01    0.13141E+00    0.10252E+00    0.11339E+00    0.74944E-01    0.78914E-01    0.77177E-01    0.87337E-01    0.75089E-01    0.79462E-01
34800  96    0.45451E-02    0.89555E-03    0.43460E-02    0.43179E-02    0.22717E-02    0.57454E-03    0.32102E-02    0.41137E-02    0.23229E-02    0.13170E+00    0.67404E-01    0.10713E+00    0.80127E-01    0.13048E+00    0.68159E-01    0.89219E-01    0.45330E-01    0.83527E-01    0.58969E-01    0.88909E-01    0.46074E-01    0.15379E-01    0.43090E-02    0.15084E-01    0.15379E-01    0.00000E+00    0.43090E-02    0.00000E+00    0.15084E-01    0.00000E+00    0.17538E+00    0.00000E+00    0.92834E-01    0.00000E+00    0.17369E+00    0.00000E+00    0.12197E+00    0.00000E+00    0.89870E-01    0.00000E+00    0.12112E+00    0.00000E+00    0.31585E-03    0.37040E-03    0.31939E-03    0.00000E+00    0.31585E-02    0.00000E+00    0.37040E-02    0.00000E+00    0.31939E-02    0.11005E+00    0.79479E-01    0.10917E+00    0.86070E-01    0.10999E+00    0.79924E-01    0.76434E-01    0.63026E-01    0.82552E-01    0.68041E-01    0.76832E-01    0.63352E-01
35000  97    0.45038E-02    0.26369E-02    0.44019E-02    0.39913E-02    0.51246E-02    0.17405E-02    0.89632E-02    0.38685E-02    0.53340E-02    0.12447E+00    0.10124E+00    0.10187E+00    0.13389E+00    0.12334E+00    0.10329E+00    0.89890E-01    0.56956E-01    0.77102E-01    0.88782E-01    0.89193E-01    0.58692E-01    0.14216E-01    0.13054E-01    0.14185E-01    0.14216E-01    0.00000E+00    0.13054E-01    0.00000E+00    0.14185E-01    0.00000E+00    0.16862E+00    0.00000E+00    0.16158E+00    0.00000E+00    0.16843E+00    0.00000E+00    0.12655E+00    0.00000E+00    0.13652E+00    0.00000E+00    0.12682E+00    0.00000E+00    0.71251E-03    0.10342E-02    0.73342E-03    0.00000E+00    0.71251E-02    0.00000E+00    0.10342E-01    0.00000E+00    0.73342E-02    0.10218E+00    0.11937E+00    0.89207E-01    0.14382E+00    0.10139E+00    0.12111E+00    0.75579E-01    0.79191E-01    0.67961E-01    0.10244E+00    0.75084E-01    0.80702E-01
35200  98    0.42268E-02    0.14251E-02    0.40740E-02    0.39056E-02    0.32125E-02    0.87761E-03    0.54745E-02    0.37404E-02    0.33359E-02    0.12524E+00    0.80156E-01    0.10076E+00    0.10464E+00    0.12403E+00    0.81681E-01    0.82721E-01    0.44243E-01    0.76567E-01    0.66711E-01    0.82385E-01    0.45469E-01    0.13910E-01    0.65821E-02    0.13715E-01    0.13910E-01    0.00000E+00    0.65821E-02    0.00000E+00    0.13715E-01    0.00000E+00    0.16680E+00    0.00000E+00    0.11474E+00    0.00000E+00    0.16562E+00    0.00000E+00    0.11251E+00    0.00000E+00    0.10014E+00    0.00000E+00    0.11218E+00    0.00000E+00    0.44666E-03    0.63167E-03    0.45869E-03    0.00000E+00    0.44666E-02    0.00000E+00    0.63167E-02    0.00000E+00    0.45869E-02    0.10462E+00    0.94516E-01    0.98435E-01    0.11240E+00    0.10423E+00    0.95780E-01    0.71091E-01    0.61515E-01    0.72941E-01    0.76974E-01    0.71211E-01    0.62520E-01
35400  99    0.42383E-02    0.15399E-02    0.40912E-02    0.37128E-02    0.52551E-02    0.71254E-03    0.82735E-02    0.35492E-02    0.54197E-02    0.12056E+00    0.10252E+00    0.95078E-01    0.12864E+00    0.11931E+00    0.10411E+00    0.81896E-01    0.56523E-01    0.74517E-01    0.77586E-01    0.81494E-01    0.57672E-01    0.13224E-01    0.53441E-02    0.13014E-01    0.13224E-01    0.00000E+00    0.53441E-02    0.00000E+00    0.13014E-01    0.00000E+00    0.16263E+00    0.00000E+00    0.10338E+00    0.00000E+00    0.16133E+00    0.00000E+00    0.11415E+00    0.00000E+00    0.92347E-01    0.00000E+00    0.11357E+00    0.00000E+00    0.73065E-03    0.95463E-03    0.74521E-03    0.00000E+00    0.73065E-02    0.00000E+00    0.95463E-02    0.00000E+00    0.74521E-02    0.99417E-01    0.12088E+00    0.93736E-01    0.13818E+00    0.99058E-01    0.12208E+00    0.69305E-01    0.78588E-01    0.71774E-01    0.89522E-01    0.69465E-01    0.79299E-01
35600  100    0.43803E-02    0.23236E-02    0.42682E-02    0.37422E-02    0.63811E-02    0.11613E-02    0.11623E-01    0.36015E-02    0.66670E-02    0.11895E+00    0.11297E+00    0.94462E-01    0.15247E+00    0.11774E+00    0.11547E+00    0.92366E-01    0.68338E-01    0.80567E-01    0.99454E-01    0.91723E-01    0.70035E-01    0.13328E-01    0.87099E-02    0.13205E-01    0.13328E-01    0.00000E+00    0.87099E-02    0.00000E+00    0.13205E-01    0.00000E+00    0.16327E+00    0.00000E+00    0.13198E+00    0.00000E+00    0.16251E+00    0.00000E+00    0.13247E+00    0.00000E+00    0.12464E+00    0.00000E+00    0.13226E+00    0.00000E+00    0.88721E-03    0.13411E-02    0.91671E-03    0.00000E+00    0.88721E-02    0.00000E+00    0.13411E-01    0.00000E+00    0.91671E-02    0.96259E-01    0.13321E+00    0.87270E-01    0.16378E+00    0.95700E-01    0.13540E+00    0.76712E-01    0.95015E-01    0.73786E-01    0.11475E+00    0.76521E-01    0.96298E-01
35800  101    0.43863E-02    0.18238E-02    0.42465E-02    0.38890E-02    0.49724E-02    0.81028E-03    0.10135E-01    0.37211E-02    0.52540E-02    0.12753E+00    0.99724E-01    0.10429E+00    0.14237E+00    0.12638E+00    0.10251E+00    0.83253E-01    0.58161E-01    0.80689E-01    0.81568E-01    0.83113E-01    0.59437E-01    0.13851E-01    0.60771E-02    0.13644E-01    0.13851E-01    0.00000E+00    0.60771E-02    0.00000E+00    0.13644E-01    0.00000E+00    0.16644E+00    0.00000E+00    0.11025E+00    0.00000E+00    0.16519E+00    0.00000E+00    0.10594E+00    0.00000E+00    0.87423E-01    0.00000E+00    0.10545E+00    0.00000E+00    0.69136E-03    0.11694E-02    0.72243E-03    0.00000E+00    0.69136E-02    0.00000E+00    0.11694E-01    0.00000E+00    0.72243E-02    0.10863E+00    0.11759E+00    0.10334E+00    0.15293E+00    0.10829E+00    0.12020E+00    0.74396E-01    0.80865E-01    0.79653E-01    0.94117E-01    0.74737E-01    0.81727E-01
36000  102    0.43267E-02    0.13896E-02    0.41665E-02    0.39481E-02    0.37860E-02    0.74418E-03    0.64546E-02    0.37733E-02    0.39315E-02    0.12712E+00    0.87017E-01    0.10292E+00    0.11362E+00    0.12592E+00    0.88674E-01    0.83006E-01    0.49356E-01    0.77519E-01    0.72915E-01    0.82707E-01    0.50641E-01    0.14062E-01    0.55813E-02    0.13836E-01    0.14062E-01    0.00000E+00    0.55813E-02    0.00000E+00    0.13836E-01    0.00000E+00    0.16770E+00    0.00000E+00    0.10565E+00    0.00000E+00    0.16635E+00    0.00000E+00    0.10955E+00    0.00000E+00    0.87667E-01    0.00000E+00    0.10897E+00    0.00000E+00    0.52639E-03    0.74477E-03    0.54059E-03    0.00000E+00    0.52639E-02    0.00000E+00    0.74477E-02    0.00000E+00    0.54059E-02    0.10719E+00    0.10261E+00    0.10249E+00    0.12205E+00    0.10689E+00    0.10398E+00    0.72643E-01    0.68624E-01    0.75958E-01    0.84132E-01    0.72859E-01    0.69632E-01
36200  103    0.45304E-02    0.22069E-02    0.44036E-02    0.39723E-02    0.55804E-02    0.10367E-02    0.11702E-01    0.38122E-02    0.59143E-02    0.12306E+00    0.10564E+00    0.99477E-01    0.15298E+00    0.12189E+00    0.10876E+00    0.94175E-01    0.68987E-01    0.86296E-01    0.10631E+00    0.93745E-01    0.71023E-01    0.14148E-01    0.77753E-02    0.13978E-01    0.14148E-01    0.00000E+00    0.77753E-02    0.00000E+00    0.13978E-01    0.00000E+00    0.16821E+00    0.00000E+00    0.12470E+00    0.00000E+00    0.16720E+00    0.00000E+00    0.13471E+00    0.00000E+00    0.11447E+00    0.00000E+00    0.13417E+00    0.00000E+00    0.77589E-03    0.13502E-02    0.81322E-03    0.00000E+00    0.77589E-02    0.00000E+00    0.13502E-01    0.00000E+00    0.81322E-02    0.10005E+00    0.12457E+00    0.95004E-01    0.16433E+00    0.99727E-01    0.12753E+00    0.78351E-01    0.95918E-01    0.81962E-01    0.12266E+00    0.78585E-01    0.97657E-01
36400  104    0.46856E-02    0.73870E-03    0.44703E-02    0.44210E-02    0.26465E-02    0.44296E-03    0.29574E-02    0.42040E-02    0.26635E-02    0.13995E+00    0.72754E-01    0.11605E+00    0.76908E-01    0.13875E+00    0.72986E-01    0.85611E-01    0.46308E-01    0.82403E-01    0.56106E-01    0.85436E-01    0.46843E-01    0.15746E-01    0.33222E-02    0.15415E-01    0.15746E-01    0.00000E+00    0.33222E-02    0.00000E+00    0.15415E-01    0.00000E+00    0.17746E+00    0.00000E+00    0.81513E-01    0.00000E+00    0.17558E+00    0.00000E+00    0.10194E+00    0.00000E+00    0.67645E-01    0.00000E+00    0.10102E+00    0.00000E+00    0.36797E-03    0.34124E-03    0.36623E-03    0.00000E+00    0.36797E-02    0.00000E+00    0.34124E-02    0.00000E+00    0.36623E-02    0.12223E+00    0.85787E-01    0.12049E+00    0.82613E-01    0.12211E+00    0.85584E-01    0.79237E-01    0.64386E-01    0.84674E-01    0.64738E-01    0.79590E-01    0.64408E-01
36600  105    0.42621E-02    0.22178E-02    0.41506E-02    0.36750E-02    0.58711E-02    0.94848E-03    0.12693E-01    0.35263E-02    0.62432E-02    0.11907E+00    0.10836E+00    0.94069E-01    0.15933E+00    0.11784E+00    0.11174E+00    0.85221E-01    0.57588E-01    0.76815E-01    0.84590E-01    0.84763E-01    0.59061E-01    0.13089E-01    0.71136E-02    0.12930E-01    0.13089E-01    0.00000E+00    0.71136E-02    0.00000E+00    0.12930E-01    0.00000E+00    0.16180E+00    0.00000E+00    0.11928E+00    0.00000E+00    0.16081E+00    0.00000E+00    0.12059E+00    0.00000E+00    0.10615E+00    0.00000E+00    0.12020E+00    0.00000E+00    0.81630E-03    0.14646E-02    0.85844E-03    0.00000E+00    0.81630E-02    0.00000E+00    0.14646E-01    0.00000E+00    0.85844E-02    0.97430E-01    0.12777E+00    0.89563E-01    0.17115E+00    0.96938E-01    0.13103E+00    0.71415E-01    0.80069E-01    0.72302E-01    0.97604E-01    0.71472E-01    0.81209E-01
36800  106    0.44912E-02    0.28967E-02    0.44043E-02    0.39725E-02    0.51876E-02    0.18225E-02    0.10741E-01    0.38552E-02    0.54905E-02    0.12492E+00    0.10186E+00    0.10271E+00    0.14657E+00    0.12382E+00    0.10479E+00    0.89963E-01    0.60904E-01    0.76045E-01    0.88778E-01    0.89204E-01    0.62425E-01    0.14149E-01    0.13669E-01    0.14136E-01    0.14149E-01    0.00000E+00    0.13669E-01    0.00000E+00    0.14136E-01    0.00000E+00    0.16822E+00    0.00000E+00    0.16534E+00    0.00000E+00    0.16814E+00    0.00000E+00    0.12513E+00    0.00000E+00    0.12597E+00    0.00000E+00    0.12515E+00    0.00000E+00    0.72126E-03    0.12394E-02    0.75494E-03    0.00000E+00    0.72126E-02    0.00000E+00    0.12394E-01    0.00000E+00    0.75494E-02    0.10321E+00    0.12011E+00    0.89252E-01    0.15744E+00    0.10236E+00    0.12288E+00    0.76235E-01    0.84680E-01    0.68363E-01    0.10244E+00    0.75723E-01    0.85834E-01
37000  107    0.42905E-02    0.10164E-02    0.41119E-02    0.39573E-02    0.33317E-02    0.52010E-03    0.49625E-02    0.37698E-02    0.34207E-02    0.12448E+00    0.81630E-01    0.97674E-01    0.99624E-01    0.12317E+00    0.82712E-01    0.86636E-01    0.51763E-01    0.78428E-01    0.71295E-01    0.86188E-01    0.52829E-01    0.14095E-01    0.39008E-02    0.13823E-01    0.14095E-01    0.00000E+00    0.39008E-02    0.00000E+00    0.13823E-01    0.00000E+00    0.16790E+00    0.00000E+00    0.88327E-01    0.00000E+00    0.16627E+00    0.00000E+00    0.12113E+00    0.00000E+00    0.85020E-01    0.00000E+00    0.12017E+00    0.00000E+00    0.46323E-03    0.57259E-03    0.47034E-03    0.00000E+00    0.46323E-02    0.00000E+00    0.57259E-02    0.00000E+00    0.47034E-02    0.10267E+00    0.96253E-01    0.99034E-01    0.10701E+00    0.10244E+00    0.96989E-01    0.73171E-01    0.71970E-01    0.77414E-01    0.82264E-01    0.73447E-01    0.72639E-01
37200  108    0.42418E-02    0.11567E-02    0.40735E-02    0.39028E-02    0.33901E-02    0.60506E-03    0.55167E-02    0.37229E-02    0.35061E-02    0.12531E+00    0.82342E-01    0.99628E-01    0.10504E+00    0.12405E+00    0.83738E-01    0.83205E-01    0.48267E-01    0.75707E-01    0.64991E-01    0.82796E-01    0.49179E-01    0.13900E-01    0.45379E-02    0.13651E-01    0.13900E-01    0.00000E+00    0.45379E-02    0.00000E+00    0.13651E-01    0.00000E+00    0.16674E+00    0.00000E+00    0.95267E-01    0.00000E+00    0.16523E+00    0.00000E+00    0.11298E+00    0.00000E+00    0.85746E-01    0.00000E+00    0.11226E+00    0.00000E+00    0.47135E-03    0.63654E-03    0.48208E-03    0.00000E+00    0.47135E-02    0.00000E+00    0.63654E-02    0.00000E+00    0.48208E-02    0.10479E+00    0.97092E-01    0.10028E+00    0.11283E+00    0.10451E+00    0.98192E-01    0.71581E-01    0.67109E-01    0.74163E-01    0.74990E-01    0.71749E-01    0.67622E-01
37400  109    0.45747E-02    0.26025E-02    0.44671E-02    0.37472E-02    0.82745E-02    0.10522E-02    0.15503E-01    0.36002E-02    0.86688E-02    0.11877E+00    0.12864E+00    0.94904E-01    0.17608E+00    0.11760E+00    0.13167E+00    0.95818E-01    0.78094E-01    0.84872E-01    0.10660E+00    0.95221E-01    0.79649E-01    0.13346E-01    0.78913E-02    0.13201E-01    0.13346E-01    0.00000E+00    0.78913E-02    0.00000E+00    0.13201E-01    0.00000E+00    0.16338E+00    0.00000E+00    0.12563E+00    0.00000E+00    0.16249E+00    0.00000E+00    0.13765E+00    0.00000E+00    0.12362E+00    0.00000E+00    0.13727E+00    0.00000E+00    0.11505E-02    0.17888E-02    0.11920E-02    0.00000E+00    0.11505E-01    0.00000E+00    0.17888E-01    0.00000E+00    0.11920E-01    0.95885E-01    0.15169E+00    0.89243E-01    0.18914E+00    0.95467E-01    0.15440E+00    0.79489E-01    0.10858E+00    0.78910E-01    0.12300E+00    0.79451E-01    0.10952E+00
37600  110    0.44795E-02    0.18348E-02    0.43353E-02    0.35071E-02    0.97243E-02    0.64206E-03    0.11928E-01    0.33508E-02    0.98445E-02    0.11477E+00    0.13946E+00    0.88932E-01    0.15445E+00    0.11351E+00    0.14032E+00    0.81448E-01    0.81169E-01    0.72670E-01    0.10526E+00    0.80969E-01    0.82483E-01    0.12491E-01    0.48154E-02    0.12286E-01    0.12491E-01    0.00000E+00    0.48154E-02    0.00000E+00    0.12286E-01    0.00000E+00    0.15806E+00    0.00000E+00    0.98137E-01    0.00000E+00    0.15676E+00    0.00000E+00    0.11642E+00    0.00000E+00    0.93761E-01    0.00000E+00    0.11582E+00    0.00000E+00    0.13520E-02    0.13763E-02    0.13536E-02    0.00000E+00    0.13520E-01    0.00000E+00    0.13763E-01    0.00000E+00    0.13536E-01    0.92534E-01    0.16444E+00    0.87430E-01    0.16591E+00    0.92211E-01    0.16454E+00    0.67796E-01    0.11286E+00    0.69425E-01    0.12145E+00    0.67902E-01    0.11341E+00
37800  111    0.46091E-02    0.13095E-02    0.44291E-02    0.38819E-02    0.72715E-02    0.41299E-03    0.89651E-02    0.36927E-02    0.73639E-02    0.12422E+00    0.12059E+00    0.98120E-01    0.13390E+00    0.12294E+00    0.12136E+00    0.83052E-01    0.68573E-01    0.75435E-01    0.89353E-01    0.82636E-01    0.69707E-01    0.13826E-01    0.30974E-02    0.13540E-01    0.13826E-01    0.00000E+00    0.30974E-02    0.00000E+00    0.13540E-01    0.00000E+00    0.16629E+00    0.00000E+00    0.78708E-01    0.00000E+00    0.16456E+00    0.00000E+00    0.11330E+00    0.00000E+00    0.78329E-01    0.00000E+00    0.11237E+00    0.00000E+00    0.10110E-02    0.10344E-02    0.10125E-02    0.00000E+00    0.10110E-01    0.00000E+00    0.10344E-01    0.00000E+00    0.10125E-01    0.10325E+00    0.14220E+00    0.10078E+00    0.14384E+00    0.10309E+00    0.14231E+00    0.71242E-01    0.95343E-01    0.74990E-01    0.10310E+00    0.71486E-01    0.95847E-01
38000  112    0.42312E-02    0.12660E-02    0.40695E-02    0.39624E-02    0.26880E-02    0.85234E-03    0.41369E-02    0.37928E-02    0.27671E-02    0.12604E+00    0.73322E-01    0.10145E+00    0.90960E-01    0.12482E+00    0.74392E-01    0.83611E-01    0.45482E-01    0.78151E-01    0.64796E-01    0.83313E-01    0.46536E-01    0.14113E-01    0.63925E-02    0.13907E-01    0.14113E-01    0.00000E+00    0.63925E-02    0.00000E+00    0.13907E-01    0.00000E+00    0.16800E+00    0.00000E+00    0.11307E+00    0.00000E+00    0.16677E+00    0.00000E+00    0.11424E+00    0.00000E+00    0.10123E+00    0.00000E+00    0.11389E+00    0.00000E+00    0.37374E-03    0.47734E-03    0.38047E-03    0.00000E+00    0.37374E-02    0.00000E+00    0.47734E-02    0.00000E+00    0.38047E-02    0.10521E+00    0.86457E-01    0.99546E-01    0.97707E-01    0.10485E+00    0.87232E-01    0.71655E-01    0.63237E-01    0.74599E-01    0.74765E-01    0.71846E-01    0.63986E-01
38200  113    0.42656E-02    0.19335E-02    0.41384E-02    0.36763E-02    0.58931E-02    0.84595E-03    0.10875E-01    0.35220E-02    0.61648E-02    0.11959E+00    0.10856E+00    0.94965E-01    0.14748E+00    0.11838E+00    0.11104E+00    0.82947E-01    0.68095E-01    0.76242E-01    0.98949E-01    0.82582E-01    0.69778E-01    0.13094E-01    0.63446E-02    0.12914E-01    0.13094E-01    0.00000E+00    0.63446E-02    0.00000E+00    0.12914E-01    0.00000E+00    0.16183E+00    0.00000E+00    0.11265E+00    0.00000E+00    0.16071E+00    0.00000E+00    0.11562E+00    0.00000E+00    0.10504E+00    0.00000E+00    0.11533E+00    0.00000E+00    0.81935E-03    0.12548E-02    0.84766E-03    0.00000E+00    0.81935E-02    0.00000E+00    0.12548E-01    0.00000E+00    0.84766E-02    0.98290E-01    0.12801E+00    0.91943E-01    0.15842E+00    0.97890E-01    0.13020E+00    0.70194E-01    0.94677E-01    0.71812E-01    0.11417E+00    0.70300E-01    0.95944E-01
38400  114    0.42641E-02    0.14851E-02    0.41125E-02    0.38512E-02    0.41292E-02    0.70456E-03    0.78055E-02    0.36796E-02    0.43297E-02    0.12318E+00    0.90875E-01    0.97214E-01    0.12494E+00    0.12191E+00    0.93056E-01    0.83406E-01    0.54078E-01    0.74953E-01    0.76137E-01    0.82945E-01    0.55281E-01    0.13717E-01    0.52842E-02    0.13492E-01    0.13717E-01    0.00000E+00    0.52842E-02    0.00000E+00    0.13492E-01    0.00000E+00    0.16563E+00    0.00000E+00    0.10280E+00    0.00000E+00    0.16427E+00    0.00000E+00    0.11545E+00    0.00000E+00    0.87654E-01    0.00000E+00    0.11471E+00    0.00000E+00    0.57411E-03    0.90064E-03    0.59533E-03    0.00000E+00    0.57411E-02    0.00000E+00    0.90064E-02    0.00000E+00    0.59533E-02    0.10193E+00    0.10715E+00    0.96325E-01    0.13421E+00    0.10157E+00    0.10912E+00    0.70897E-01    0.75188E-01    0.72999E-01    0.87851E-01    0.71034E-01    0.76011E-01
38600  115    0.42611E-02    0.12653E-02    0.40977E-02    0.39650E-02    0.29613E-02    0.60390E-03    0.66138E-02    0.37817E-02    0.31605E-02    0.12853E+00    0.76959E-01    0.10343E+00    0.11501E+00    0.12729E+00    0.79505E-01    0.82033E-01    0.44795E-01    0.75997E-01    0.71019E-01    0.81704E-01    0.46226E-01    0.14122E-01    0.45292E-02    0.13866E-01    0.14122E-01    0.00000E+00    0.45292E-02    0.00000E+00    0.13866E-01    0.00000E+00    0.16806E+00    0.00000E+00    0.95176E-01    0.00000E+00    0.16653E+00    0.00000E+00    0.10614E+00    0.00000E+00    0.75205E-01    0.00000E+00    0.10532E+00    0.00000E+00    0.41173E-03    0.76313E-03    0.43457E-03    0.00000E+00    0.41173E-02    0.00000E+00    0.76313E-02    0.00000E+00    0.43457E-02    0.10929E+00    0.90745E-01    0.10464E+00    0.12354E+00    0.10899E+00    0.93228E-01    0.72622E-01    0.62282E-01    0.76119E-01    0.81945E-01    0.72849E-01    0.63560E-01
38800  116    0.45114E-02    0.20836E-02    0.43790E-02    0.39725E-02    0.53894E-02    0.12886E-02    0.79508E-02    0.38261E-02    0.55291E-02    0.12260E+00    0.10382E+00    0.98514E-01    0.12610E+00    0.12141E+00    0.10516E+00    0.97447E-01    0.70601E-01    0.85051E-01    0.10049E+00    0.96771E-01    0.72231E-01    0.14149E-01    0.96642E-02    0.14029E-01    0.14149E-01    0.00000E+00    0.96642E-02    0.00000E+00    0.14029E-01    0.00000E+00    0.16822E+00    0.00000E+00    0.13903E+00    0.00000E+00    0.16751E+00    0.00000E+00    0.13970E+00    0.00000E+00    0.12823E+00    0.00000E+00    0.13940E+00    0.00000E+00    0.74933E-03    0.91740E-03    0.76025E-03    0.00000E+00    0.74933E-02    0.00000E+00    0.91740E-02    0.00000E+00    0.76025E-02    0.99262E-01    0.12242E+00    0.90688E-01    0.13545E+00    0.98727E-01    0.12331E+00    0.80951E-01    0.98161E-01    0.78409E-01    0.11595E+00    0.80786E-01    0.99317E-01
39000  117    0.42464E-02    0.11074E-02    0.40751E-02    0.38035E-02    0.44281E-02    0.51297E-03    0.59440E-02    0.36241E-02    0.45108E-02    0.12331E+00    0.94108E-01    0.97118E-01    0.10903E+00    0.12203E+00    0.94982E-01    0.81408E-01    0.52847E-01    0.74645E-01    0.73619E-01    0.81039E-01    0.53980E-01    0.13547E-01    0.38473E-02    0.13288E-01    0.13547E-01    0.00000E+00    0.38473E-02    0.00000E+00    0.13288E-01    0.00000E+00    0.16460E+00    0.00000E+00    0.87719E-01    0.00000E+00    0.16302E+00    0.00000E+00    0.11135E+00    0.00000E+00    0.81394E-01    0.00000E+00    0.11055E+00    0.00000E+00    0.61568E-03    0.68585E-03    0.62024E-03    0.00000E+00    0.61568E-02    0.00000E+00    0.68585E-02    0.00000E+00    0.62024E-02    0.10278E+00    0.11097E+00    0.98485E-01    0.11712E+00    0.10251E+00    0.11138E+00    0.69718E-01    0.73477E-01    0.73606E-01    0.84946E-01    0.69971E-01    0.74223E-01
39200  118    0.45613E-02    0.87511E-03    0.43603E-02    0.41606E-02    0.40074E-02    0.44354E-03    0.43158E-02    0.39578E-02    0.40242E-02    0.13547E+00    0.89525E-01    0.11130E+00    0.92906E-01    0.13426E+00    0.89713E-01    0.82009E-01    0.50361E-01    0.78178E-01    0.61778E-01    0.81800E-01    0.50984E-01    0.14819E-01    0.33265E-02    0.14512E-01    0.14819E-01    0.00000E+00    0.33265E-02    0.00000E+00    0.14512E-01    0.00000E+00    0.17215E+00    0.00000E+00    0.81566E-01    0.00000E+00    0.17036E+00    0.00000E+00    0.96846E-01    0.00000E+00    0.62848E-01    0.00000E+00    0.95940E-01    0.00000E+00    0.55717E-03    0.49797E-03    0.55333E-03    0.00000E+00    0.55717E-02    0.00000E+00    0.49797E-02    0.00000E+00    0.55333E-02    0.11809E+00    0.10556E+00    0.11519E+00    0.99797E-01    0.11791E+00    0.10520E+00    0.76217E-01    0.70021E-01    0.80537E-01    0.71282E-01    0.76498E-01    0.70103E-01
39400  119    0.43166E-02    0.16477E-02    0.41710E-02    0.40269E-02    0.28964E-02    0.11400E-02    0.50767E-02    0.38694E-02    0.30154E-02    0.12579E+00    0.76111E-01    0.10037E+00    0.10076E+00    0.12454E+00    0.77658E-01    0.87774E-01    0.40847E-01    0.78971E-01    0.59347E-01    0.87294E-01    0.41856E-01    0.14342E-01    0.85499E-02    0.14188E-01    0.14342E-01    0.00000E+00    0.85499E-02    0.00000E+00    0.14188E-01    0.00000E+00    0.16937E+00    0.00000E+00    0.13077E+00    0.00000E+00    0.16845E+00    0.00000E+00    0.12279E+00    0.00000E+00    0.11709E+00    0.00000E+00    0.12264E+00    0.00000E+00    0.40271E-03    0.58577E-03    0.41461E-03    0.00000E+00    0.40271E-02    0.00000E+00    0.58577E-02    0.00000E+00    0.41461E-02    0.10394E+00    0.89746E-01    0.94829E-01    0.10824E+00    0.10337E+00    0.91062E-01    0.74105E-01    0.56792E-01    0.73105E-01    0.68477E-01    0.74040E-01    0.57552E-01
39600  120    0.45899E-02    0.64548E-03    0.43747E-02    0.43337E-02    0.25620E-02    0.25781E-03    0.38767E-02    0.41114E-02    0.26337E-02    0.13748E+00    0.71582E-01    0.11217E+00    0.88053E-01    0.13622E+00    0.72577E-01    0.83856E-01    0.44837E-01    0.77517E-01    0.63149E-01    0.83510E-01    0.45836E-01    0.15435E-01    0.19336E-02    0.15075E-01    0.15435E-01    0.00000E+00    0.19336E-02    0.00000E+00    0.15075E-01    0.00000E+00    0.17570E+00    0.00000E+00    0.62187E-01    0.00000E+00    0.17364E+00    0.00000E+00    0.10263E+00    0.00000E+00    0.57917E-01    0.00000E+00    0.10144E+00    0.00000E+00    0.35622E-03    0.44731E-03    0.36214E-03    0.00000E+00    0.35622E-02    0.00000E+00    0.44731E-02    0.00000E+00    0.36214E-02    0.11928E+00    0.84406E-01    0.11800E+00    0.94584E-01    0.11920E+00    0.85104E-01    0.76527E-01    0.62341E-01    0.80532E-01    0.72864E-01    0.76787E-01    0.63025E-01
39800  121    0.42702E-02    0.11616E-02    0.41006E-02    0.39892E-02    0.28097E-02    0.68920E-03    0.47236E-02    0.38092E-02    0.29141E-02    0.12644E+00    0.74963E-01    0.10088E+00    0.97197E-01    0.12518E+00    0.76343E-01    0.83339E-01    0.47519E-01    0.76384E-01    0.64745E-01    0.82960E-01    0.48458E-01    0.14208E-01    0.51690E-02    0.13967E-01    0.14208E-01    0.00000E+00    0.51690E-02    0.00000E+00    0.13967E-01    0.00000E+00    0.16857E+00    0.00000E+00    0.10168E+00    0.00000E+00    0.16714E+00    0.00000E+00    0.11374E+00    0.00000E+00    0.90170E-01    0.00000E+00    0.11311E+00    0.00000E+00    0.39065E-03    0.54503E-03    0.40069E-03    0.00000E+00    0.39065E-02    0.00000E+00    0.54503E-02    0.00000E+00    0.40069E-02    0.10552E+00    0.88391E-01    0.10076E+00    0.10441E+00    0.10521E+00    0.89520E-01    0.71470E-01    0.66069E-01    0.74263E-01    0.74705E-01    0.71651E-01    0.66630E-01
40000  122    0.44743E-02    0.11928E-02    0.42953E-02    0.40972E-02    0.37711E-02    0.27369E-03    0.91908E-02    0.38887E-02    0.40667E-02    0.13288E+00    0.86845E-01    0.10744E+00    0.13558E+00    0.13162E+00    0.90185E-01    0.82774E-01    0.51158E-01    0.77785E-01    0.80335E-01    0.82502E-01    0.52750E-01    0.14593E-01    0.20527E-02    0.14258E-01    0.14593E-01    0.00000E+00    0.20527E-02    0.00000E+00    0.14258E-01    0.00000E+00    0.17084E+00    0.00000E+00    0.64073E-01    0.00000E+00    0.16887E+00    0.00000E+00    0.10102E+00    0.00000E+00    0.54675E-01    0.00000E+00    0.99788E-01    0.00000E+00    0.52432E-03    0.10605E-02    0.55917E-03    0.00000E+00    0.52432E-02    0.00000E+00    0.10605E-01    0.00000E+00    0.55917E-02    0.11470E+00    0.10240E+00    0.11264E+00    0.14563E+00    0.11457E+00    0.10575E+00    0.75650E-01    0.71129E-01    0.81340E-01    0.92694E-01    0.76019E-01    0.72531E-01
