    0.994978833994E+00    0.000000000000E+00    0.415588836953E+00    0.634528856628E+00    0.413596322627E+00    0.985608052845E+00    0.931804703018E+00    0.639389009246E-01    0.197822690739E+00    0.817358394626E+00    0.892617581258E+00
    0.630391779672E+00    0.670664040234E+00    0.000000000000E+00    0.278506204181E+00    0.276367861087E+00    0.749274625216E+00    0.798842276041E+00    0.741727202351E+00    0.841452573473E+00    0.810372556606E+00    0.190426964318E+01
    0.678238789796E+00    0.654971505395E+00    0.948166557159E+00    0.000000000000E+00    0.306820103124E+00    0.370973770686E+00    0.577455356651E+00    0.880127866975E-01    0.859242383910E-01    0.617571985277E+00    0.661937149367E+00
    0.945413536790E+00    0.699417809426E+00    0.332137610959E-01    0.971229201337E+00    0.000000000000E+00    0.517573977058E+00    0.590963653327E+00    0.500873062115E+00    0.145676331505E+00    0.562500823574E-01    0.997689319850E+00
    0.274680334351E+00    0.747299804314E+00    0.227528475606E+00    0.781217699764E+00    0.191542460117E+00    0.000000000000E+00    0.308334994488E+00    0.407972896261E+00    0.684974796822E+00    0.284190060167E+00    0.703473181895E+00
    0.306594001697E+00    0.480990113475E+00    0.191062977839E+00    0.932065741379E+00    0.895049399160E+00    0.698118029538E+00    0.000000000000E+00    0.810165879748E+00    0.450007976069E+00    0.790201312605E+00    0.130599895601E+01
    0.746437733077E+00    0.598335909069E+00    0.235653044616E-01    0.202954465382E+00    0.221717784231E+00    0.811197165979E+00    0.144977964504E-01    0.000000000000E+00    0.849150299548E+00    0.920456100953E+00    0.141286559541E+01
    0.911107373667E+00    0.148514358551E+00    0.376748827769E+00    0.745143311949E+00    0.762219807225E+00    0.529653497454E+00    0.858415666723E+00    0.497615548625E+00    0.000000000000E+00    0.674829641831E+00    0.124691776614E+01
    0.571363266758E+00    0.386447645844E+00    0.917195417116E+00    0.866158402325E-01    0.903714267465E+00    0.699711560565E+00    0.981042482027E+00    0.905622892373E+00    0.166967624701E+00    0.000000000000E+00    0.182103949158E+01
    0.100000000000E+01    0.479380044531E+00    0.819270159786E+00    0.519844446385E+00    0.451912863112E+00    0.496766731416E+00    0.741101734000E+00    0.391571852828E-01    0.221196312405E+00    0.367615887410E+00    0.124010309967E+01
    0.528761180316E+00    0.100000000000E+01    0.664121543391E+00    0.985530196679E+00    0.737982629673E+00    0.638927387622E-01    0.931141334421E-01    0.557048216715E+00    0.764843906557E+00    0.184691905988E+00    0.142355428783E+01
    0.635388504515E+00    0.580733024472E+00    0.100000000000E+01    0.592565931168E+00    0.516379811191E+00    0.828594534924E+00    0.802968055943E+00    0.509760430226E+00    0.861224341903E+00    0.129254830631E+00    0.191006525671E+01
    0.783283106569E+00    0.552596006053E+00    0.376626289425E+00    0.100000000000E+01    0.231546885250E+00    0.823448434604E+00    0.902921579943E+00    0.593664844673E+00    0.463524682593E+00    0.525053833829E+00    0.177954053710E+01
    0.808378112138E+00    0.608755242725E+00    0.291424152379E+00    0.163599965342E+00    0.100000000000E+01    0.873278768671E-01    0.874490590848E+00    0.678784451334E+00    0.156389669073E+00    0.805594730076E+00    0.134668658111E+01
    0.261490073291E+00    0.829381415085E+00    0.194361079667E+00    0.616480706766E+00    0.600088352749E-01    0.100000000000E+01    0.448510581059E+00    0.122074477092E+00    0.125397710754E-01    0.265432849048E-01    0.451788239422E+00
    0.867587520300E+00    0.590642507116E+00    0.434264947616E+00    0.610413779055E+00    0.711146752866E+00    0.576076869985E+00    0.100000000000E+01    0.939896509227E+00    0.918739475286E+00    0.779913169195E+00    0.284362409647E+01
    0.748732670220E+00    0.591191690972E+00    0.762018049182E+00    0.193663816865E+00    0.850058854215E-01    0.254167909053E+00    0.665878432846E+00    0.100000000000E+01    0.747721070544E+00    0.980832945820E-01    0.135104300435E+01
    0.154181004710E+00    0.685476399161E+00    0.426363808055E+00    0.915926512096E+00    0.543569860390E+00    0.961579962506E+00    0.981816168203E+00    0.658384607973E+00    0.100000000000E+01    0.908638642378E+00    0.257394253688E+01
    0.803423159996E+00    0.144871205918E+00    0.808805787712E-01    0.187745902242E+00    0.529764040926E+00    0.551553707164E+00    0.470700654943E+00    0.737068642393E+00    0.928478695277E+00    0.100000000000E+01    0.169918858797E+01
    0.000000000000E+00    0.398005787853E+00    0.382223390320E+00    0.756094544651E+00    0.346639441105E+00    0.124616002302E-01    0.174648358011E+00    0.394264009386E+00    0.915456778018E+00    0.688247921213E+00    0.992235488692E+00
    0.412581030344E+00    0.000000000000E+00    0.117433176325E-01    0.445320419057E+00    0.646600292187E+00    0.184702576729E+00    0.645389976892E+00    0.384261687821E+00    0.327820391319E-01    0.663978415275E+00    0.394423487426E+00
    0.279372619481E+00    0.375609140059E-01    0.000000000000E+00    0.121959225631E-01    0.300769801522E+00    0.546167971017E+00    0.580211528978E+00    0.693140376851E+00    0.804759539280E+00    0.335418446630E+00    0.846863555602E+00
    0.244807219101E+00    0.431548169727E+00    0.627153020646E+00    0.000000000000E+00    0.594356355154E+00    0.900427915999E+00    0.510564476591E+00    0.490826447308E+00    0.213839669082E+00    0.226257282028E-01    0.896257987970E+00
    0.188902527092E+00    0.651195016233E+00    0.565855344035E-01    0.411878964107E+00    0.000000000000E+00    0.181022364847E-01    0.591577511808E+00    0.892841112124E-01    0.982110116190E+00    0.284891785768E+00    0.478932352667E+00
    0.867985879776E+00    0.788579597094E-01    0.695501504890E+00    0.872427682668E+00    0.764927070874E+00    0.000000000000E+00    0.748106063958E+00    0.778012879003E+00    0.860104039640E+00    0.671121129090E+00    0.183449250858E+01
    0.826733579590E-01    0.937327882894E+00    0.179059613010E+00    0.927642534894E+00    0.976989221043E+00    0.190248405956E+00    0.000000000000E+00    0.954877137447E+00    0.445425952363E-01    0.292018887752E+00    0.442473277955E+00
    0.569324173318E+00    0.520705097471E+00    0.266102574286E+00    0.594878560022E+00    0.662090329814E+00    0.845452272969E+00    0.839151676485E-01    0.000000000000E+00    0.205064133941E+00    0.367107480256E+00    0.108979506712E+01
    0.377993367066E+00    0.671632335519E+00    0.572917561229E+00    0.400085857005E+00    0.388529568290E+00    0.563519945974E+00    0.696418935719E+00    0.240921564270E+00    0.000000000000E+00    0.757586122767E+00    0.869815282124E+00
    0.207458874386E+00    0.620029555656E+00    0.819619421791E+00    0.592756529102E+00    0.352996803896E-01    0.864511520997E+00    0.352802344337E+00    0.724038639083E-01    0.592431340428E+00    0.000000000000E+00    0.670526630658E+00
    0.100000000000E+01    0.411742344264E+00    0.525391289295E+00    0.610406670262E+00    0.197168569349E+00    0.619171749262E+00    0.376095277631E+00    0.957925685351E-01    0.129057854370E+00    0.166447355829E+00    0.912034370997E+00
    0.636643163599E+00    0.100000000000E+01    0.885890311412E+00    0.132160955460E+00    0.190614411215E+00    0.310319462304E+00    0.703869011269E-01    0.405754842719E+00    0.763955143971E+00    0.131963372495E+00    0.942248558413E+00
    0.740870015002E+00    0.403987756027E+00    0.100000000000E+01    0.176990626216E+00    0.973335961232E+00    0.527511907334E+00    0.251469969980E-01    0.831233329476E+00    0.601745696708E+00    0.316235700662E+00    0.120093584453E+01
    0.284168159705E+00    0.767408948091E-01    0.436063943248E+00    0.100000000000E+01    0.930123884034E+00    0.560683491451E+00    0.509332564427E+00    0.113994577434E+00    0.612543841892E+00    0.265320456569E+00    0.119995793114E+01
    0.739066590892E+00    0.815832515752E+00    0.698461232280E+00    0.454168154969E+00    0.100000000000E+01    0.415530404797E+00    0.631009371703E+00    0.716844204274E+00    0.112021081035E-01    0.512330877723E+00    0.179377840696E+01
    0.379286925024E+00    0.999567788292E+00    0.644408020648E+00    0.649526116026E+00    0.368756584557E+00    0.100000000000E+01    0.990509421570E+00    0.616663166982E+00    0.506205893741E+00    0.238475415268E+00    0.189796775367E+01
    0.615828338747E+00    0.867816639113E+00    0.566615576063E+00    0.392468806740E+00    0.954800892307E+00    0.626867622623E+00    0.100000000000E+01    0.922210920477E+00    0.371406720996E+00    0.883959322877E+00    0.260585813774E+01
    0.241436708579E-02    0.501632338752E+00    0.774989396982E+00    0.744649821224E+00    0.289155907403E+00    0.432089793003E+00    0.152042141890E+00    0.100000000000E+01    0.656597780935E+00    0.579846227257E+00    0.123601604469E+01
    0.798756138155E+00    0.534789876630E+00    0.823920211816E+00    0.245654648192E+00    0.627713715475E+00    0.634102271400E+00    0.789188606520E+00    0.714464420413E+00    0.100000000000E+01    0.939032002874E+00    0.253048040235E+01
    0.849077463198E+00    0.376103481595E+00    0.840209560837E+00    0.950434719937E+00    0.765845345359E+00    0.905097783509E+00    0.787531484234E+00    0.629647799957E+00    0.588408724550E+00    0.100000000000E+01    0.289534644429E+01
    0.000000000000E+00    0.352682411887E+00    0.378688763503E+00    0.504447841685E+00    0.757565564009E+00    0.267158814947E+00    0.486259164622E+00    0.717191500617E+00    0.681705808898E+00    0.418098628341E+00    0.102718025134E+01
    0.218544668094E+00    0.000000000000E+00    0.287755382625E-01    0.184550825990E+00    0.485573152322E+00    0.635553883705E+00    0.694046303990E+00    0.350374793176E+00    0.915462922730E+00    0.260206876176E+00    0.795304529729E+00
    0.405672412450E+00    0.906511963949E+00    0.000000000000E+00    0.180024080025E+00    0.786553246136E+00    0.703161085923E+00    0.953648721885E+00    0.160023959826E+00    0.996838979495E+00    0.736552175472E+00    0.180765109372E+01
    0.586816189740E+00    0.855016269575E+00    0.770522761007E+00    0.000000000000E+00    0.689257546165E+00    0.351780247976E+00    0.786106394230E+00    0.714908273967E+00    0.442485906491E+00    0.752246554874E+00    0.163905704418E+01
    0.244470455018E-01    0.246211049342E+00    0.263422722918E+00    0.562722694876E+00    0.000000000000E+00    0.978719050533E+00    0.191680214317E+00    0.406596306527E+00    0.281261857866E-01    0.751224737247E+00    0.253318630961E+00
    0.429481423730E+00    0.676077049027E+00    0.580831095642E-01    0.412672647508E+00    0.472971931453E+00    0.000000000000E+00    0.295335756239E+00    0.398476085029E+00    0.935319793640E+00    0.401777253203E+00    0.807806297637E+00
    0.111297301802E+00    0.708284416926E-01    0.609907647503E+00    0.337922399534E-01    0.403757522044E+00    0.979984241465E+00    0.000000000000E+00    0.314063240250E-01    0.295164470967E+00    0.911908122661E+00    0.693332047598E+00
    0.234137944487E-01    0.675384884314E+00    0.110101376795E+00    0.312651546058E+00    0.409234261108E+00    0.884706735241E-01    0.101867183194E+00    0.000000000000E+00    0.792724444243E+00    0.869455942674E+00    0.775680898192E+00
    0.888428159116E+00    0.106989418312E+00    0.625948178007E+00    0.821732764037E-01    0.746592279029E+00    0.150449988907E+00    0.118207021526E+00    0.149333188277E+00    0.000000000000E+00    0.399694986482E+00    0.276465656101E+00
    0.719026896308E+00    0.117563596405E+00    0.150140111564E+00    0.352248951360E+00    0.951695064068E+00    0.953592984526E+00    0.505604574612E+00    0.928087801902E-01    0.588194990417E+00    0.000000000000E+00    0.109187236503E+01
    0.100000000000E+01    0.765265741240E+00    0.150199387486E+00    0.139732737676E+00    0.365841409054E+00    0.943322345209E-01    0.702833855375E+00    0.304263135264E-01    0.941914836498E+00    0.608880200401E+00    0.141566208810E+01
    0.594192031344E+00    0.100000000000E+01    0.759902864838E+00    0.186456950152E+00    0.325009818061E+00    0.226086357230E+00    0.223357484294E+00    0.107305560717E+00    0.452210340116E+00    0.781486595310E+00    0.118672530692E+01
    0.715703324107E+00    0.279218256439E-01    0.100000000000E+01    0.845851815538E+00    0.920992781503E+00    0.322199417777E+00    0.310942423519E+00    0.331649593016E+00    0.930454857509E+00    0.214243088723E+00    0.146504634774E+01
    0.231443560961E+00    0.700772024398E+00    0.873563745009E+00    0.100000000000E+01    0.679940375337E+00    0.751601352271E+00    0.206233863072E+00    0.572793118394E+00    0.276718634160E+00    0.123978471726E+00    0.169923351423E+01
    0.935075652679E+00    0.100365306901E+00    0.378748277331E+00    0.571262451370E+00    0.100000000000E+01    0.639461786070E+00    0.705300762892E+00    0.564040784641E+00    0.273552187141E+00    0.979612160944E+00    0.161546905517E+01
    0.525566477877E+00    0.186746546789E+00    0.736938112144E+00    0.651741686588E+00    0.224306697140E-01    0.100000000000E+01    0.571806214777E+00    0.696485739473E+00    0.731178996679E-01    0.125021482387E+00    0.100826786523E+01
    0.715953406043E-01    0.213588536767E+00    0.422766924477E+00    0.892721685515E+00    0.155031939961E+00    0.403952955616E+00    0.100000000000E+01    0.610806194313E+00    0.745801804920E+00    0.508336697098E+00    0.144525537632E+01
    0.737360756523E+00    0.237725248646E-01    0.633258644226E+00    0.945286350133E+00    0.920509695732E+00    0.331364178217E+00    0.119744884990E+00    0.100000000000E+01    0.509463058841E+00    0.590997055271E+00    0.134199967081E+01
    0.646288493876E+00    0.873380736675E-01    0.262563149055E-01    0.722447278169E+00    0.939530468718E+00    0.181400488292E+00    0.258164900378E-01    0.359016167814E+00    0.100000000000E+01    0.814251503812E+00    0.106936572225E+01
    0.700568568956E+00    0.729924521412E+00    0.606918030142E+00    0.469914854630E-01    0.134917539694E+00    0.907277587045E+00    0.814841982245E+00    0.141792266168E+00    0.552555613680E+00    0.100000000000E+01    0.133038372198E+01
    0.000000000000E+00    0.999064567681E+00    0.518751249708E+00    0.648979067409E+00    0.241772170863E+00    0.871929427478E+00    0.245456627702E+00    0.437573073819E+00    0.353432698323E+00    0.400544662928E+00    0.796437764863E+00
    0.824190245352E+00    0.000000000000E+00    0.399940147085E+00    0.568298320148E+00    0.929920262955E+00    0.525980071569E+00    0.643556823506E+00    0.138517149166E+00    0.694334965404E+00    0.688475837613E+00    0.128358134362E+01
    0.148900969328E+00    0.721180870013E+00    0.000000000000E+00    0.354900790063E+00    0.870735305015E+00    0.669459180937E+00    0.312155727999E+00    0.116655385071E+00    0.449487413783E+00    0.487885435516E+00    0.946019283998E+00
    0.439092252977E+00    0.488191086106E+00    0.463380488606E+00    0.000000000000E+00    0.903236653630E+00    0.967258045787E+00    0.946826012896E-01    0.243897455978E+00    0.285565845567E+00    0.627689772485E+00    0.129036345057E+01
    0.846297699589E-01    0.444639188590E+00    0.391511594452E+00    0.513433057984E+00    0.000000000000E+00    0.950466623915E+00    0.566743087883E+00    0.356863841922E+00    0.793368500522E+00    0.659261460966E+00    0.963932099883E+00
    0.625672909553E+00    0.338697679349E+00    0.609250321222E+00    0.331558558228E+00    0.716605693607E+00    0.000000000000E+00    0.614260681071E+00    0.659092637350E+00    0.223698049143E+00    0.677020190133E+00    0.970218908672E+00
    0.490944048465E+00    0.898467016846E+00    0.424831666275E-01    0.831567476230E+00    0.476875359079E+00    0.455341842567E+00    0.000000000000E+00    0.342583642902E+00    0.857672802732E+00    0.740257153109E-01    0.757055801719E+00
    0.779784365836E+00    0.363645383136E+00    0.711976091526E+00    0.430269077046E+00    0.551817159279E+00    0.259012211606E+00    0.653345313314E-01    0.000000000000E+00    0.206416397324E+00    0.200456803064E+00    0.774211234192E+00
    0.365254007591E-01    0.291634754807E+00    0.282269615858E+00    0.616140456892E+00    0.181284165028E+00    0.672404334078E+00    0.572701061846E+00    0.358663782050E+00    0.000000000000E+00    0.222179391022E+00    0.511873193466E+00
    0.978288929156E+00    0.936752080247E+00    0.317110501472E+00    0.241486695176E+00    0.234797000569E-01    0.694661155620E+00    0.955241405781E+00    0.430859973899E+00    0.298864631709E+00    0.000000000000E+00    0.142087787921E+01
    0.100000000000E+01    0.133440233205E+00    0.576992275120E+00    0.747832678897E+00    0.599911465234E+00    0.453154109605E+00    0.640049289347E+00    0.447022705426E+00    0.159164928937E+00    0.667400294661E+00    0.122912954328E+01
    0.693556774065E-01    0.100000000000E+01    0.592090255250E+00    0.935718778601E+00    0.534930194266E+00    0.757006680780E+00    0.874452218444E-02    0.976810365635E-01    0.898390418368E+00    0.659626940330E+00    0.162178807556E+01
    0.136197159056E-01    0.163930711515E+00    0.100000000000E+01    0.655670330565E+00    0.292894850134E+00    0.485421331090E-01    0.724627279234E+00    0.884741955491E+00    0.658449822188E+00    0.489452204460E+00    0.163550863411E+01
    0.336299230613E+00    0.637393477503E+00    0.182381839204E+00    0.100000000000E+01    0.240344592786E+00    0.728261505739E+00    0.833220827065E-01    0.780447222820E+00    0.596982092943E+00    0.157132704015E+00    0.730604388885E+00
    0.447972467247E+00    0.334019386559E+00    0.110983608165E+00    0.440126105624E+00    0.100000000000E+01    0.188438025976E+00    0.934474014887E+00    0.856620484029E+00    0.335065701798E+00    0.914981475418E+00    0.149398479107E+01
    0.625744810763E+00    0.373516277488E+00    0.527770027677E+00    0.883267803477E+00    0.808337171979E+00    0.100000000000E+01    0.771768786358E+00    0.301278224030E+00    0.116812992227E+00    0.438761300702E+00    0.179199546716E+01
    0.971449345485E+00    0.289257098021E+00    0.211897266766E+00    0.718629468216E+00    0.295828625659E+00    0.341300428811E+00    0.100000000000E+01    0.516154787727E+00    0.718536453179E-01    0.134065998948E-01    0.105135877627E+01
    0.949878309091E+00    0.784934463597E+00    0.830531803126E+00    0.333574217718E+00    0.403508335272E+00    0.524123551641E+00    0.612952230996E+00    0.100000000000E+01    0.433962907271E+00    0.736196989444E+00    0.216655885621E+01
    0.732267136775E+00    0.107874458329E+00    0.692019961578E+00    0.141780196655E+00    0.954364631125E+00    0.476459545369E+00    0.533781222285E+00    0.663629330079E+00    0.100000000000E+01    0.965941419862E+00    0.195199808005E+01
    0.679324217509E+00    0.835601463426E+00    0.888464397280E-01    0.871282310212E+00    0.867917925775E+00    0.518274090612E+00    0.413934041591E+00    0.965177667452E+00    0.905780348900E+00    0.100000000000E+01    0.240017425690E+01
    0.000000000000E+00    0.968743037601E+00    0.453850710597E+00    0.966706397353E+00    0.511538202609E+00    0.788930045852E+00    0.259872936040E+00    0.399022711889E+00    0.115408413833E+00    0.848402836325E+00    0.104391627233E+01
    0.518174412849E+00    0.000000000000E+00    0.703404843630E+00    0.324996097517E+00    0.908326851975E+00    0.367472395428E+00    0.876034173008E+00    0.783149841141E+00    0.525030270161E-01    0.305777606984E+00    0.126450914667E+01
    0.908822099607E-01    0.616321387548E+00    0.000000000000E+00    0.158746094581E+00    0.370496287066E+00    0.315889256777E+00    0.908713720524E+00    0.623097721362E+00    0.248855159367E+00    0.325231500425E-01    0.747359448822E+00
    0.159330909338E+00    0.100613104689E-01    0.730671430894E+00    0.000000000000E+00    0.301734287411E+00    0.682374900327E+00    0.863316335799E-01    0.416179640812E+00    0.557830875659E+00    0.941641684796E+00    0.768705255884E+00
    0.126470805940E+00    0.663613774651E+00    0.901577084651E+00    0.990947779667E+00    0.000000000000E+00    0.841242161676E+00    0.238137253230E+00    0.585701285814E+00    0.242056743157E+00    0.165999639729E+00    0.115700220672E+01
    0.225867142330E+00    0.229055283309E-01    0.831142771928E+00    0.479000268947E+00    0.187210422227E-01    0.000000000000E+00    0.875680015733E+00    0.576688067381E+00    0.812896585512E+00    0.950136042551E-01    0.985521667907E+00
    0.288293877919E+00    0.812862823973E+00    0.798780310756E+00    0.465649846454E-02    0.700353097613E+00    0.477510533567E+00    0.000000000000E+00    0.613081033751E+00    0.435336472317E+00    0.925562993085E+00    0.975420204673E+00
    0.134225543851E+00    0.733741516051E+00    0.815797427414E+00    0.730683980564E+00    0.478051104922E+00    0.450163036628E+00    0.818787021706E+00    0.000000000000E+00    0.414661331664E+00    0.908268252723E+00    0.128640162587E+01
    0.318341906675E+00    0.563281534423E+00    0.644853187012E+00    0.371766781862E+00    0.247642113715E+00    0.897042135278E+00    0.573750730993E-01    0.815912041463E+00    0.000000000000E+00    0.485850279683E+00    0.688009535265E+00
    0.824764711964E+00    0.163110956294E-03    0.957344305766E+00    0.595007668526E+00    0.703778553307E+00    0.856972439148E+00    0.975550905931E-01    0.836700046486E+00    0.236480478880E+00    0.000000000000E+00    0.125450490379E+01
    0.100000000000E+01    0.827415571040E+00    0.844530998297E+00    0.106801702932E-01    0.700885675598E+00    0.921587363647E+00    0.262181337449E+00    0.162891348617E+00    0.462710460113E-01    0.239672245896E+00    0.153615964507E+01
    0.555121179438E+00    0.100000000000E+01    0.289286335164E+00    0.347411202517E+00    0.435783809754E+00    0.518896719708E+00    0.311937275440E+00    0.986138117434E+00    0.685480959306E+00    0.276838703571E+00    0.137913018005E+01
    0.818795767774E+00    0.409309787038E+00    0.100000000000E+01    0.974847007969E+00    0.936050470956E+00    0.501269823399E+00    0.930229500480E+00    0.939875235653E+00    0.335667917097E+00    0.448952824890E-01    0.266857156051E+01
    0.822180306061E+00    0.855558712216E+00    0.268982965507E+00    0.100000000000E+01    0.228144435596E+00    0.145968753437E-01    0.508590694854E+00    0.516486384842E+00    0.398591764610E+00    0.196024643628E+00    0.131655066322E+01
    0.313067863701E+00    0.942143100597E+00    0.869821848779E+00    0.933194739460E+00    0.100000000000E+01    0.252099612391E-01    0.699179877769E+00    0.955043309036E+00    0.315329999650E+00    0.648486727754E-01    0.182007365863E+01
    0.612699683089E-01    0.534570152682E+00    0.711441344770E+00    0.833273917577E+00    0.406258291481E+00    0.100000000000E+01    0.315316415509E+00    0.204971065883E+00    0.987948412841E+00    0.326732136958E+00    0.141926214219E+01
    0.895337547287E+00    0.600347389963E+00    0.920982505020E+00    0.751823870205E+00    0.469144310001E+00    0.160859856490E+00    0.100000000000E+01    0.669171947310E+00    0.155675775451E+00    0.248416073289E-01    0.197843586114E+01
    0.832159922008E+00    0.953806612889E+00    0.809859866279E+00    0.922172978068E+00    0.909222250993E+00    0.660127143290E+00    0.198084451967E+00    0.100000000000E+01    0.955220548419E+00    0.985614541595E+00    0.328031652338E+01
    0.586980195225E+00    0.167929002788E+00    0.656587968223E+00    0.777682739051E+00    0.484296390293E+00    0.363894574604E+00    0.782632978558E+00    0.121069136521E+00    0.100000000000E+01    0.607624578324E+00    0.148779823457E+01
    0.929597359216E+00    0.916246406045E+00    0.288384390593E+00    0.481227357724E+00    0.522986721638E+00    0.127086350160E-01    0.694014950150E+00    0.854014803051E+00    0.642781681688E+00    0.100000000000E+01    0.223264586776E+01
    0.000000000000E+00    0.137182979901E+00    0.251830881949E+00    0.200897148637E+00    0.617954713868E+00    0.444408290201E-01    0.555830887790E+00    0.904598961312E+00    0.214311161313E+00    0.113680624128E+00    0.605221596239E+00
    0.734372938262E+00    0.000000000000E+00    0.692373185343E+00    0.166699270951E+00    0.992407598962E-01    0.971526456615E+00    0.326631436588E+00    0.172509438024E+00    0.244816384550E+00    0.947087659891E+00    0.500042711349E+00
    0.296619466007E+00    0.954349347411E+00    0.000000000000E+00    0.140336806823E+00    0.675981934770E+00    0.305949785019E+00    0.130082333635E-01    0.189635375154E+00    0.758421630438E+00    0.214166163965E+00    0.654790193905E+00
    0.226920005071E+00    0.555814081874E-01    0.867248119161E+00    0.000000000000E+00    0.665216358198E-01    0.393419654377E+00    0.774112891115E+00    0.594710611502E-01    0.648158089355E+00    0.824852546255E+00    0.619455617866E+00
    0.912823698439E+00    0.826190096901E+00    0.581067747035E+00    0.199364333336E+00    0.000000000000E+00    0.528751587893E+00    0.212748700284E-01    0.581843377094E+00    0.198357222237E-01    0.973759270922E+00    0.901703944513E+00
    0.662990586891E+00    0.144065786979E+00    0.557481017724E+00    0.454241506117E+00    0.148831932836E+00    0.000000000000E+00    0.188977523012E+00    0.697702996162E+00    0.909272264110E+00    0.851753581679E+00    0.125507136947E+01
    0.712683805566E-01    0.197508593430E+00    0.826708814129E+00    0.709383429130E+00    0.943040537161E+00    0.232326371423E+00    0.000000000000E+00    0.421508032251E+00    0.290443817358E+00    0.410902158719E+00    0.938966828701E+00
    0.419284452883E+00    0.558235393285E+00    0.517298869628E+00    0.447757794040E-01    0.794107183452E+00    0.973426401255E+00    0.838474743611E+00    0.000000000000E+00    0.552782587810E+00    0.200341188387E+00    0.114097189989E+01
    0.637089402470E+00    0.941693391966E+00    0.989772939968E+00    0.270816479030E+00    0.634858633388E+00    0.225427676884E+00    0.988008859148E+00    0.308303056068E+00    0.000000000000E+00    0.543715071185E-01    0.131571056061E+01
    0.791674401216E+00    0.942636234443E+00    0.377858618433E+00    0.291531148755E+00    0.823066462444E+00    0.914824870641E+00    0.983904075701E-01    0.247539009238E+00    0.784459704607E+00    0.000000000000E+00    0.163373566761E+01
    0.100000000000E+01    0.249848375288E+00    0.267235076548E+00    0.593099754173E+00    0.131007310900E+00    0.608485433426E+00    0.495284284335E+00    0.228370296546E+00    0.789014790354E+00    0.680189974271E+00    0.113784964269E+01
    0.706179547076E+00    0.100000000000E+01    0.273542110553E+00    0.680265443966E+00    0.983596132987E+00    0.151272742605E-01    0.909608122837E-01    0.123745665565E+00    0.145554697437E+00    0.426374620266E+00    0.980456755924E+00
    0.240420016286E+00    0.496415005395E+00    0.100000000000E+01    0.408426074722E+00    0.217334416923E+00    0.483461296666E+00    0.413977344599E+00    0.866926018441E+00    0.797013882310E+00    0.498302940217E+00    0.138888904945E+01
    0.543412534221E+00    0.386748113891E+00    0.270187616303E-01    0.100000000000E+01    0.215223262645E+00    0.400515192735E+00    0.354133236961E+00    0.463077633685E+00    0.363892861944E+00    0.368935090542E+00    0.621626748174E+00
    0.380438881831E+00    0.755244461454E+00    0.283930140976E+00    0.354173952115E+00    0.100000000000E+01    0.600593077632E+00    0.952762758797E+00    0.198591973563E+00    0.831473930069E+00    0.999736202042E+00    0.200894372176E+01
    0.470999621350E+00    0.895552111301E+00    0.210524364403E+00    0.958727401362E+00    0.917567584852E+00    0.100000000000E+01    0.248333589968E-01    0.648571093450E+00    0.536886618409E+00    0.278943980503E+00    0.170707525620E+01
    0.164606958772E+00    0.995868854627E+00    0.677385291870E+00    0.609648420888E+00    0.288820867339E-01    0.756514184452E+00    0.100000000000E+01    0.705913534607E+00    0.924054494654E-01    0.336744553017E+00    0.133577409169E+01
    0.636720013187E+00    0.390788466278E+00    0.644770968275E+00    0.269877222914E+00    0.991905850548E+00    0.783126778464E-01    0.581157915091E+00    0.100000000000E+01    0.253716322172E-01    0.181186062965E+00    0.108626554031E+01
    0.312313883118E+00    0.725127572531E+00    0.431032554853E+00    0.173558382382E+00    0.594198893228E-02    0.735204302398E+00    0.934540190643E+00    0.959140197687E+00    0.100000000000E+01    0.164035947232E+00    0.136603630717E+01
    0.586993999812E+00    0.255941969159E+00    0.259721259541E+00    0.254870230997E-01    0.383824520094E+00    0.599452969569E+00    0.895161346282E+00    0.568578070728E-02    0.973381891277E+00    0.100000000000E+01    0.136541225269E+01
    0.000000000000E+00    0.911792470150E-01    0.680280147918E+00    0.217339896281E+00    0.845106291454E+00    0.644957324276E+00    0.991023804977E+00    0.358416507927E-02    0.592952966272E+00    0.174000868407E+00    0.799635833226E+00
    0.559818027320E+00    0.000000000000E+00    0.722771406694E+00    0.477866405859E+00    0.582027425650E+00    0.448100703748E+00    0.279159687394E+00    0.270706198046E-01    0.442165042274E-02    0.381505791996E+00    0.615438984417E+00
    0.779830848115E+00    0.708064748397E+00    0.000000000000E+00    0.868447268170E+00    0.797278421917E+00    0.741728275177E+00    0.729131148779E+00    0.619566922191E+00    0.590677788153E+00    0.630747109071E+00    0.196784853098E+01
    0.925472250468E+00    0.685028548068E+00    0.102253353433E-01    0.000000000000E+00    0.674417070926E+00    0.610641192308E+00    0.382584136385E+00    0.447981871128E+00    0.697566961534E+00    0.290260768009E+00    0.141966883559E+01
    0.298792550503E+00    0.286404787566E+00    0.793146056548E-01    0.956200005100E+00    0.000000000000E+00    0.509433165481E+00    0.213910921069E+00    0.648859204548E-01    0.257485352678E+00    0.223688413706E-01    0.181055699303E+00
    0.560214470140E+00    0.711015026202E+00    0.431068783158E+00    0.948151244744E+00    0.775773122546E+00    0.000000000000E+00    0.789695872244E+00    0.138820862347E+00    0.254786754086E-01    0.658613919836E+00    0.933446181746E+00
    0.803941895470E+00    0.177973478571E+00    0.130967619743E+00    0.411059710548E+00    0.966157309266E-01    0.633499288170E+00    0.000000000000E+00    0.409148055553E+00    0.883241322593E-02    0.725391762635E+00    0.264528804134E+00
    0.780508750267E+00    0.721254465639E+00    0.389524076055E+00    0.781660142223E+00    0.500759037279E+00    0.462631182951E+00    0.380319397104E+00    0.000000000000E+00    0.636983914526E+00    0.738141323713E+00    0.156927176193E+01
    0.874814824520E+00    0.261027919808E+00    0.395056969857E+00    0.434577330631E+00    0.726732493156E+00    0.843822732164E+00    0.745144521622E-01    0.707230066413E+00    0.000000000000E+00    0.229854468057E+00    0.106596615615E+01
    0.704620635127E+00    0.875988350214E+00    0.808588589556E+00    0.936811311893E+00    0.306511652319E+00    0.866400355298E-02    0.112414185538E+00    0.945967636305E+00    0.611523411255E+00    0.000000000000E+00    0.148373020448E+01
    0.100000000000E+01    0.102337028250E-01    0.562971504586E-01    0.601786118301E+00    0.890228078005E+00    0.698915022289E+00    0.410622221927E+00    0.410982803908E+00    0.718003864838E+00    0.690206220271E+00    0.133063572926E+01
    0.461537584634E-01    0.100000000000E+01    0.250673135485E+00    0.497264527414E-01    0.619585427518E+00    0.975628295154E-01    0.296893728199E+00    0.963786141706E+00    0.794021666729E+00    0.864001050371E+00    0.109124496659E+01
    0.984267330704E+00    0.938278624021E+00    0.100000000000E+01    0.744077719130E+00    0.732547267541E+00    0.709008301236E+00    0.772146334702E+00    0.220505537574E+00    0.890027340528E+00    0.657141449377E+00    0.294211320874E+01
    0.405310485207E+00    0.450538828911E+00    0.812497408595E-01    0.100000000000E+01    0.192431812746E+00    0.606580523983E+00    0.773907700399E-01    0.185930097371E+00    0.893684868413E+00    0.395327339886E-02    0.398505496043E+00
    0.917360381426E+00    0.791518824519E+00    0.319310884569E+00    0.112710189564E+00    0.100000000000E+01    0.357880749402E+00    0.852561959314E+00    0.385773383451E+00    0.996953896846E+00    0.896450429836E+00    0.234259381150E+01
    0.935934306201E+00    0.915751093946E+00    0.572745998397E+00    0.439322814619E+00    0.123308950987E+00    0.100000000000E+01    0.997635182091E+00    0.344282934562E+00    0.146041150696E+00    0.492381637093E+00    0.164738894881E+01
    0.146578002309E-01    0.925845124933E+00    0.649319083662E+00    0.599531799320E+00    0.143876390609E+00    0.803499136003E+00    0.100000000000E+01    0.984981879252E+00    0.412089408018E+00    0.450733680043E+00    0.168918730163E+01
    0.239715305966E+00    0.326091918317E+00    0.718111069421E+00    0.579316676456E+00    0.532730318874E+00    0.340193296269E+00    0.855978106082E+00    0.100000000000E+01    0.792821493014E+00    0.736538250120E+00    0.211533568644E+01
    0.846357244424E+00    0.476490989276E+00    0.682450912377E+00    0.763994578527E-01    0.787298313464E+00    0.408539917353E+00    0.622378705000E-01    0.556042637168E+00    0.100000000000E+01    0.727900493929E-01    0.884460227345E+00
    0.996211377330E+00    0.431064930524E+00    0.642077346223E+00    0.234385539152E+00    0.885568296265E+00    0.486963079377E+00    0.882365931103E+00    0.878918715281E+00    0.607526755376E+00    0.100000000000E+01    0.239421918362E+01
    0.000000000000E+00    0.483468797166E+00    0.785803131388E+00    0.404873652008E+00    0.181201099692E+00    0.617880425890E+00    0.971391597292E+00    0.209234440096E+00    0.654955602960E+00    0.833651320314E+00    0.117936477634E+01
    0.680779909430E+00    0.000000000000E+00    0.707892385240E+00    0.282098603021E+00    0.452000345406E+00    0.115010686763E+00    0.884329291371E+00    0.241798457029E+00    0.944906977469E+00    0.597973864332E+00    0.103053945802E+01
    0.238792430969E+00    0.197193101057E+00    0.000000000000E+00    0.667055064796E+00    0.300377500501E+00    0.592963892411E+00    0.148588568749E+00    0.477733394737E+00    0.586547965318E-01    0.494118297469E+00    0.325169361430E+00
    0.790088745958E+00    0.725067221645E+00    0.648304422206E+00    0.000000000000E+00    0.470489945515E+00    0.739119883274E+00    0.229436648692E-01    0.775837460240E+00    0.730226123143E+00    0.806363145574E+00    0.152724391381E+01
    0.709275993978E+00    0.736223136569E+00    0.572586827415E+00    0.629550434360E+00    0.000000000000E+00    0.281568543312E+00    0.377703496561E+00    0.845201570070E+00    0.252002303942E+00    0.668796158020E-01    0.121874708847E+01
    0.119353226198E+00    0.310675543280E+00    0.683449951275E+00    0.232879076828E+00    0.724649371375E+00    0.000000000000E+00    0.552130658871E+00    0.452211555123E-01    0.538122776978E+00    0.750120915374E+00    0.624866458540E+00
    0.693680739064E+00    0.508188184847E+00    0.562564918901E+00    0.643137919985E+00    0.656810547367E+00    0.997659802192E-01    0.000000000000E+00    0.564485101867E+00    0.890304018122E-01    0.571893472702E-01    0.784946126089E+00
    0.160737812784E+00    0.514911598240E+00    0.597991387411E+00    0.225412713055E+00    0.753930565834E+00    0.964399097661E+00    0.270354657168E+00    0.000000000000E+00    0.894405168967E+00    0.363032613948E+00    0.126934882891E+01
    0.502803734749E+00    0.320704996479E+00    0.143445121302E+00    0.601060338082E+00    0.339893861242E+00    0.228438429657E-01    0.348265011227E+00    0.926434032926E+00    0.000000000000E+00    0.716132273559E-01    0.577879883958E+00
    0.380431872019E+00    0.936101866817E+00    0.953129410054E+00    0.580935017488E+00    0.279537976852E+00    0.890160841256E-01    0.950897952430E+00    0.581582489007E+00    0.160507784673E+00    0.000000000000E+00    0.148773821012E+01
    0.100000000000E+01    0.249771570361E+00    0.807026090301E+00    0.691855525452E+00    0.904408495506E+00    0.595434205915E-02    0.221702582301E+00    0.975570911282E-01    0.703411230393E+00    0.665838403099E+00    0.130348905705E+01
    0.831097154576E+00    0.100000000000E+01    0.418838553584E+00    0.660751873488E+00    0.810083886563E+00    0.911457573133E+00    0.495899483264E+00    0.537637459890E-01    0.180912482365E+00    0.287437664624E+00    0.192486508211E+01
    0.111552195695E+00    0.252717079748E+00    0.100000000000E+01    0.433244492661E+00    0.186064727151E+00    0.485999615209E+00    0.785846465326E+00    0.129008218456E-01    0.297332666369E+00    0.693254368273E+00    0.768128258634E+00
    0.742449892506E+00    0.653609116530E+00    0.131857010579E+00    0.100000000000E+01    0.463334714871E+00    0.517213264851E+00    0.484266664945E+00    0.741652379673E+00    0.569556486719E+00    0.982535393797E-01    0.127189035463E+01
    0.685451089731E+00    0.109546080437E+00    0.855663615930E+00    0.982375119979E+00    0.100000000000E+01    0.932246878798E+00    0.590228819581E+00    0.766121454314E+00    0.668276162532E+00    0.542880713018E+00    0.266289920761E+01
    0.790352516575E+00    0.164770031246E+00    0.784936046434E+00    0.460949629196E+00    0.794897650122E+00    0.100000000000E+01    0.454231589619E+00    0.307630262509E+00    0.669603030804E+00    0.560400847587E+00    0.180192152768E+01
    0.844238914702E+00    0.823533188543E+00    0.336433763196E+00    0.854413239549E+00    0.835238804147E+00    0.539177497763E+00    0.100000000000E+01    0.345664634090E+00    0.375336296951E+00    0.701118166541E+00    0.204187392572E+01
    0.237977876445E+00    0.894757442976E+00    0.875484520451E+00    0.561329524600E+00    0.469777103912E+00    0.476044819783E-01    0.745719562211E+00    0.100000000000E+01    0.394091676321E+00    0.398022409608E+00    0.162930816238E+01
    0.430807899410E+00    0.757347358606E+00    0.880716398980E+00    0.871014463972E+00    0.997427394700E+00    0.104077773542E+00    0.959489455411E+00    0.876661993847E-01    0.100000000000E+01    0.603856330294E+00    0.188516909356E+01
    0.374290996765E+00    0.667733669341E+00    0.252108962663E+00    0.550337577895E-01    0.110793765300E+00    0.922026120154E-01    0.755751825288E+00    0.319725308067E+00    0.215022143323E+00    0.100000000000E+01    0.730671807300E+00
    0.000000000000E+00    0.262693673481E+00    0.952739217044E+00    0.611271315379E+00    0.154909813807E+00    0.229773600847E+00    0.805690899504E+00    0.154611827806E+00    0.674995279856E+00    0.587597534300E+00    0.113917124487E+01
    0.500476703424E+00    0.000000000000E+00    0.795326440834E+00    0.896741095571E+00    0.464817100031E+00    0.984181473771E+00    0.729789935447E-01    0.542140699404E+00    0.204745054252E+00    0.928637543267E+00    0.140036510921E+01
    0.222605062064E+00    0.553526510886E+00    0.000000000000E+00    0.148096544951E-01    0.650058004510E+00    0.701052979221E+00    0.268016958746E+00    0.364328522111E-01    0.599312664526E+00    0.732014219393E+00    0.102741291858E+01
    0.849308929014E+00    0.160003861083E+00    0.311786392762E+00    0.000000000000E+00    0.897514432018E+00    0.706599999435E-01    0.631461806524E+00    0.609994703568E+00    0.128349760274E+00    0.742389869972E+00    0.679784996937E+00
    0.233365765655E+00    0.309085300240E+00    0.844986394582E+00    0.590966604668E+00    0.000000000000E+00    0.972018263982E+00    0.253787205537E+00    0.314447964808E+00    0.899565331895E+00    0.342333074155E+00    0.959242504087E+00
    0.955139963397E+00    0.825721597662E+00    0.686657552042E+00    0.413445573594E+00    0.360187705504E+00    0.000000000000E+00    0.327421422106E+00    0.850274593999E+00    0.987008841719E+00    0.650668952092E+00    0.199318934753E+01
    0.144212151329E+00    0.486020552367E+00    0.726548292476E+00    0.349062776598E+00    0.270594494129E+00    0.342861075279E+00    0.000000000000E+00    0.978937222796E+00    0.748959587665E+00    0.168539982748E+00    0.542706988958E+00
    0.413618418714E+00    0.460642171378E-01    0.322049460929E+00    0.901056784824E+00    0.124912719713E+00    0.409080445168E+00    0.252640628005E+00    0.000000000000E+00    0.429591239768E-01    0.929562068297E+00    0.400270383595E+00
    0.884219648449E+00    0.794091731522E+00    0.902610759158E+00    0.305857166954E+00    0.629181782780E+00    0.975300675359E+00    0.248711075666E+00    0.308364483144E+00    0.000000000000E+00    0.519578399838E+00    0.166855656131E+01
    0.936947461038E+00    0.451151154176E+00    0.338760704645E+00    0.453079607312E+00    0.552434628912E+00    0.961663830626E-01    0.499685847254E+00    0.599812124200E+00    0.717941935042E+00    0.000000000000E+00    0.929033765099E+00
    0.100000000000E+01    0.605197503949E+00    0.151589059844E+00    0.906736892354E+00    0.495790007217E+00    0.607866253947E+00    0.977561123473E+00    0.285388832529E-01    0.773770614389E-01    0.782989743139E+00    0.113250685965E+01
    0.167097949102E+00    0.100000000000E+01    0.378316925289E+00    0.276146122003E+00    0.400532890594E+00    0.340486924036E+00    0.161155176260E+00    0.106712859124E+00    0.352639096494E+00    0.418551381842E+00    0.572739823553E+00
    0.633343403676E+00    0.632543005527E+00    0.100000000000E+01    0.947112612811E-02    0.588437751942E+00    0.948227872711E+00    0.105094274567E+00    0.854968385344E+00    0.787869038106E+00    0.209860886017E+00    0.122325632060E+01
    0.807749930840E+00    0.629251078358E+00    0.916019619241E+00    0.100000000000E+01    0.439454856050E+00    0.250257498995E+00    0.681271719836E+00    0.982869263220E+00    0.577536012146E+00    0.663607875623E+00    0.258713248691E+01
    0.752532602905E+00    0.171478840119E+00    0.359060253232E+00    0.960240913872E+00    0.100000000000E+01    0.585431943276E+00    0.983255722123E+00    0.557948413186E+00    0.918953800144E+00    0.219533875945E+00    0.180960716635E+01
    0.513890885553E+00    0.939685356702E+00    0.747190666038E+00    0.877663088428E+00    0.674727393255E+00    0.100000000000E+01    0.696904155842E+00    0.669866332904E+00    0.576501602697E+00    0.324162641303E+00    0.246711771446E+01
    0.186838642251E+00    0.106493267213E+00    0.322657459170E+00    0.213850504946E+00    0.576263275613E+00    0.278887781652E-01    0.100000000000E+01    0.685521897238E-01    0.996140522312E+00    0.735017241122E+00    0.905701444885E+00
    0.181457833625E+00    0.238305595936E+00    0.614819266799E+00    0.685436400095E+00    0.112572267967E+00    0.359293732727E+00    0.149343278391E+00    0.100000000000E+01    0.265214443194E+00    0.113854885762E+00    0.684647671006E+00
    0.678541330200E+00    0.509620925250E+00    0.937111187717E+00    0.444465467903E-01    0.765851909481E+00    0.574037254285E+00    0.966060828745E+00    0.780714432981E+00    0.100000000000E+01    0.513728097142E+00    0.209502347336E+01
    0.836677450222E+00    0.372358188076E+00    0.938309957783E+00    0.347482453122E+00    0.362695177481E+00    0.600476843379E+00    0.765963345973E+00    0.680124112992E+00    0.973833600768E-01    0.100000000000E+01    0.147371350191E+01
    0.000000000000E+00    0.143268160439E+00    0.236110649285E+00    0.183461547854E+00    0.357700424120E+00    0.932056570486E+00    0.176309233601E-02    0.199101576712E+00    0.378846390335E+00    0.716171122440E+00    0.648384134812E+00
    0.903038587582E+00    0.000000000000E+00    0.730905205389E+00    0.977736247084E+00    0.744609344839E+00    0.721908099500E+00    0.873662666004E+00    0.124660884117E+00    0.759973113573E+00    0.439483505641E+00    0.169507923800E+01
    0.282408528050E+00    0.614073701866E-01    0.000000000000E+00    0.265866065037E+00    0.891506196484E+00    0.497382465602E+00    0.554805348026E+00    0.505404152868E+00    0.253753891291E+00    0.893633470428E+00    0.967925412568E+00
    0.876457558424E+00    0.919040674983E+00    0.592380608673E+00    0.000000000000E+00    0.521913433589E-01    0.491878578976E+00    0.116005172123E-01    0.929181018525E+00    0.118436761264E+00    0.845894953142E+00    0.942135988913E+00
    0.253338961964E+00    0.731383910561E+00    0.780575621937E+00    0.714717364705E-01    0.000000000000E+00    0.611599907247E+00    0.176413226558E+00    0.632599003679E-01    0.966616401694E+00    0.162669726872E+00    0.409476245034E+00
    0.659329216882E+00    0.581624464676E+00    0.370412617138E+00    0.509936939276E+00    0.498300228106E+00    0.000000000000E+00    0.606035833700E+00    0.180927378219E+00    0.462273219189E+00    0.972995715807E+00    0.113180741537E+01
    0.842581155003E+00    0.690344662979E+00    0.777765696602E+00    0.361186947239E+00    0.141776773550E+00    0.567976428608E+00    0.000000000000E+00    0.648675759141E+00    0.328812666141E+00    0.768959597082E+00    0.119595974188E+01
    0.977455230680E+00    0.213853349519E+00    0.297395654132E+00    0.907547375466E+00    0.841020793789E+00    0.519755047491E+00    0.325561418406E+00    0.000000000000E+00    0.918903689668E+00    0.549005427298E+00    0.142054063588E+01
    0.616671841801E+00    0.715086319147E-01    0.590330274915E+00    0.996789122643E+00    0.685544522714E+00    0.442528780313E+00    0.476286000828E+00    0.142935554417E+00    0.000000000000E+00    0.646264653318E+00    0.100398354163E+01
    0.717480042258E+00    0.931241588641E+00    0.653180370936E-02    0.306403290486E+00    0.345837792998E+00    0.724316135547E+00    0.207700179984E-01    0.836764968404E+00    0.352515325078E+00    0.000000000000E+00    0.938024137724E+00
    0.100000000000E+01    0.939288192570E+00    0.853195241753E-01    0.660837565962E+00    0.783901382877E+00    0.899817171359E+00    0.101998067715E-01    0.824630436123E+00    0.242159577083E+00    0.805365125675E+00    0.190447641356E+01
    0.681863332743E+00    0.100000000000E+01    0.376387729623E+00    0.698999280420E+00    0.366842215538E+00    0.820691631965E+00    0.738650222067E+00    0.118165876315E+00    0.646421675868E+00    0.857959133450E+00    0.188790905310E+01
    0.383709099793E-01    0.827907608453E+00    0.100000000000E+01    0.583178462321E+00    0.300049683204E+00    0.253910138010E+00    0.996703976833E+00    0.844758093760E+00    0.159734117129E+00    0.661470186581E+00    0.163876479488E+01
    0.265477965921E+00    0.406861435918E+00    0.517742877092E+00    0.100000000000E+01    0.866229093906E+00    0.725948197125E+00    0.717494731037E+00    0.196235338040E+00    0.211639223855E+00    0.483732405865E+00    0.149776764455E+01
    0.547487387425E+00    0.138212394996E+00    0.998561356882E+00    0.176316919429E+00    0.100000000000E+01    0.476656831701E+00    0.505040757994E+00    0.340953844018E+00    0.792445743693E+00    0.867529720219E-01    0.969332248309E+00
    0.936667911771E+00    0.554446991812E+00    0.922879520523E+00    0.225461738082E+00    0.858953483519E+00    0.100000000000E+01    0.737273829136E-01    0.792105775714E+00    0.126753338949E+00    0.294388255040E+00    0.168207479037E+01
    0.378353195150E+00    0.499922301613E+00    0.338270855083E-01    0.757401009764E+00    0.228959618394E+00    0.822834181817E+00    0.100000000000E+01    0.415495540440E-01    0.169393868161E+00    0.882896999780E+00    0.594270561158E+00
    0.106453976495E+00    0.351333885635E+00    0.567627954863E+00    0.968980206662E+00    0.460753204239E-01    0.414764808390E-01    0.279997159128E+00    0.100000000000E+01    0.693225010033E+00    0.521291060890E+00    0.123070134440E+01
    0.528203501637E-01    0.382908535808E+00    0.643087666065E+00    0.747503620278E+00    0.116570996572E+00    0.842023566519E+00    0.303867298569E+00    0.136647446198E+00    0.100000000000E+01    0.435976882790E+00    0.107659082089E+01
    0.698637580848E+00    0.280724917248E+00    0.744983700130E+00    0.201452556326E+00    0.700261391453E+00    0.985821388500E+00    0.740628294539E+00    0.585359694757E+00    0.753192565823E+00    0.100000000000E+01    0.222326302336E+01
    0.000000000000E+00    0.148484161250E-01    0.919228862750E+00    0.862714210605E+00    0.811395346780E+00    0.206613485852E+00    0.550472914985E+00    0.529378409693E+00    0.488992505185E+00    0.217521530453E+00    0.135845189812E+01
    0.887412982797E+00    0.000000000000E+00    0.226609382107E+00    0.331070268223E+00    0.335703506607E+00    0.695141664784E+00    0.734542319782E+00    0.392009877226E+00    0.467244938405E+00    0.452396692315E+00    0.807713032603E+00
    0.858141421615E+00    0.414658556378E+00    0.000000000000E+00    0.432258441024E+00    0.380017496789E+00    0.702152090686E-01    0.445436651565E-01    0.736135344035E+00    0.732542260586E+00    0.137013158642E+00    0.515676786278E+00
    0.167123567094E+00    0.476109510616E-01    0.852319658052E+00    0.000000000000E+00    0.838051026396E-01    0.520817856709E+00    0.410542936313E+00    0.810735763438E+00    0.613341668777E-01    0.751480470183E+00    0.430537375372E+00
    0.975469005143E+00    0.361877820080E+00    0.192518171533E+00    0.301425332234E+00    0.000000000000E+00    0.244693357040E+00    0.254109978279E+00    0.850232935225E+00    0.871812212658E-01    0.227993169941E+00    0.646959846649E+00
    0.262858487260E+00    0.989434604019E+00    0.374972355799E-01    0.698848695113E+00    0.810106819084E+00    0.000000000000E+00    0.612827640017E+00    0.867499452142E+00    0.556575853839E+00    0.821601531954E+00    0.127519739355E+01
    0.497129306436E+00    0.112615049998E+00    0.683982375863E+00    0.786630599056E+00    0.362054006632E+00    0.589379840812E+00    0.000000000000E+00    0.520040724367E+00    0.343222242480E+00    0.622091830870E+00    0.102092879378E+01
    0.468295229483E+00    0.531698556307E+00    0.432996469298E+00    0.996854240566E+00    0.588243092905E+00    0.987310506564E+00    0.654554447436E+00    0.000000000000E+00    0.463803069820E+00    0.918118072632E+00    0.168723083059E+01
    0.771040200894E+00    0.341123252754E+00    0.195181501584E+00    0.699399871273E+00    0.590541801313E+00    0.957231437506E+00    0.979218001257E+00    0.593448644652E+00    0.000000000000E+00    0.777758205351E-02    0.154593043146E+01
    0.731189442277E+00    0.746538897604E+00    0.413139501095E+00    0.937402984115E+00    0.176077573446E+00    0.887097751464E+00    0.306420976174E+00    0.646615140071E+00    0.710279398794E+00    0.000000000000E+00    0.128747402328E+01
    0.100000000000E+01    0.929135687921E+00    0.308878969812E+00    0.854907648768E+00    0.395957838432E+00    0.495879221801E-01    0.163131813511E+00    0.265206434624E+00    0.264911457786E+00    0.260388876593E+00    0.132507701176E+01
    0.897043110837E+00    0.100000000000E+01    0.410212106670E+00    0.280997507584E+00    0.106097666275E+00    0.806497543173E-01    0.310146382634E+00    0.870475275333E+00    0.633763493323E+00    0.580588659126E+00    0.165879909572E+01
    0.989617898092E+00    0.340203421662E+00    0.100000000000E+01    0.471212186476E+00    0.638980225352E+00    0.311399103204E+00    0.246484831721E+00    0.173296015193E+00    0.411687496092E+00    0.251250578605E+00    0.115301301142E+01
    0.823110104036E+00    0.629338755436E+00    0.703659190661E+00    0.100000000000E+01    0.674915989517E-01    0.592412285074E+00    0.200271389296E-01    0.546713489815E+00    0.281901938795E+00    0.274277881643E+00    0.134992570510E+01
    0.649870773822E+00    0.822992117533E+00    0.316303612489E+00    0.143434210133E+00    0.100000000000E+01    0.444901756295E+00    0.718298909958E+00    0.427837224726E+00    0.760866257997E-01    0.498378163056E-02    0.133280325067E+01
    0.873269338204E-01    0.807359503933E+00    0.329054760052E+00    0.953372547506E+00    0.429045257223E+00    0.100000000000E+01    0.637891380329E+00    0.100066997663E+00    0.232036421790E+00    0.963750421751E+00    0.110071833668E+01
    0.921071396636E+00    0.625036739650E+00    0.887039557099E+00    0.249196922280E+00    0.824387512090E+00    0.921181139649E-01    0.100000000000E+01    0.596104837867E+00    0.597139748418E+00    0.473394518567E+00    0.175147953468E+01
    0.683846448404E+00    0.855220783801E+00    0.387619751186E+00    0.310572212110E+00    0.660531645390E-01    0.333563147899E+00    0.482448191846E+00    0.100000000000E+01    0.979001284987E+00    0.425281892713E+00    0.162605623197E+01
    0.260989622717E+00    0.322605672911E+00    0.211612940029E+00    0.698443395578E-01    0.720687113644E+00    0.207367279588E+00    0.605018706663E+00    0.868805467599E+00    0.100000000000E+01    0.973741134100E+00    0.174780831954E+01
    0.854171721911E+00    0.525182972534E+00    0.644364129333E+00    0.214937979986E+00    0.183723929211E+00    0.889020669004E+00    0.919420007549E+00    0.286967063591E+00    0.485902700420E+00    0.100000000000E+01    0.150017509895E+01
    0.000000000000E+00    0.487208513404E+00    0.744493559429E+00    0.489845146362E-01    0.537772257497E+00    0.874789825179E+00    0.492567209236E+00    0.632591248320E+00    0.478891858938E-01    0.413679146237E+00    0.838310818088E+00
    0.608624892776E+00    0.000000000000E+00    0.145366512990E+00    0.358214283871E+00    0.785449774230E+00    0.222562457510E-01    0.217884836664E+00    0.714144547113E+00    0.737315523932E+00    0.437930209016E+00    0.548047534058E+00
    0.102900501482E+00    0.638184994260E+00    0.000000000000E+00    0.918817854248E+00    0.366176757835E+00    0.592793372131E+00    0.374662037662E+00    0.158123279248E+00    0.247845113630E+00    0.410237743033E+00    0.443654921063E+00
    0.176792596237E+00    0.744948317331E+00    0.446583102670E+00    0.000000000000E+00    0.314296110542E+00    0.757457156943E+00    0.818297086207E-01    0.756906449175E+00    0.789629579292E+00    0.864976657606E+00    0.111471577384E+01
    0.263803977267E+00    0.388174475402E+00    0.681235418842E+00    0.597017436407E+00    0.000000000000E+00    0.292080866042E-01    0.312473009914E+00    0.873932932025E+00    0.207289061140E+00    0.126215820857E+00    0.808355006571E+00
    0.534537324844E+00    0.984761785051E+00    0.995348446977E+00    0.550985950327E+00    0.348986380751E+00    0.000000000000E+00    0.169986736039E+00    0.272877274364E+00    0.776862889006E+00    0.350764642021E+00    0.139369649052E+01
    0.866471091342E-01    0.933637285829E-02    0.759889896447E+00    0.201411252237E+00    0.981728288474E+00    0.401697236762E-02    0.000000000000E+00    0.501964892936E+00    0.154387706935E+00    0.941435433934E+00    0.303148978603E+00
    0.874353201596E+00    0.439212301057E-01    0.881570565001E+00    0.753783282479E+00    0.994633471136E+00    0.606034401838E+00    0.834517976372E+00    0.000000000000E+00    0.754032976510E+00    0.409583211838E+00    0.161453717146E+01
    0.180307209454E+00    0.443023769502E+00    0.822748653584E+00    0.610662390548E+00    0.720056946241E+00    0.489721907738E+00    0.342863731362E+00    0.192608031666E-01    0.000000000000E+00    0.192965130162E+00    0.941533531454E+00
    0.895345002276E+00    0.947569148594E-01    0.539327399002E+00    0.648641438735E+00    0.508028473103E+00    0.453994213084E+00    0.995203685526E+00    0.811248219001E+00    0.622333852810E-01    0.000000000000E+00    0.147266943449E+01
    0.100000000000E+01    0.138344369612E+00    0.396088613067E+00    0.679696228919E+00    0.329539457402E+00    0.217407690081E+00    0.629855090529E+00    0.669849884607E+00    0.784621997067E+00    0.439378187169E-01    0.935591657234E+00
    0.833277689654E+00    0.100000000000E+01    0.590672489877E+00    0.300786859447E-01    0.866802410746E-01    0.802419927347E-01    0.119164107536E+00    0.167840072106E+00    0.282518516563E+00    0.477766576020E-01    0.891498040081E+00
    0.420224481574E+00    0.222649118752E+00    0.100000000000E+01    0.599727581613E+00    0.767018129229E+00    0.512036313798E+00    0.205044460375E+00    0.877339524669E+00    0.153489552955E+00    0.520320624912E+00    0.134578871713E+01
    0.172549973124E+00    0.126051230171E+00    0.896489516687E+00    0.100000000000E+01    0.937467094620E+00    0.839078239815E+00    0.828130100135E+00    0.241782399773E+00    0.475104204074E+00    0.674179450376E+00    0.222538066681E+01
    0.841516690550E+00    0.335320178438E+00    0.308204693394E+00    0.767237810237E-01    0.100000000000E+01    0.376569125547E+00    0.999125955818E+00    0.273037165390E+00    0.926122272411E+00    0.450317644316E+00    0.137224100069E+01
    0.236823865007E+00    0.481203394669E+00    0.239143083066E+00    0.222938539690E+00    0.284272017592E+00    0.100000000000E+01    0.103600434286E+00    0.883138417095E+00    0.616910213712E+00    0.236440792747E+00    0.688902938618E+00
    0.713987200962E+00    0.127476868443E+00    0.706373856853E+00    0.365347100066E+00    0.984869244563E+00    0.804685928220E-01    0.100000000000E+01    0.897765558909E+00    0.469717378724E+00    0.495405107305E+00    0.155880548219E+01
    0.253141977123E+00    0.149877506743E+00    0.790645696642E-01    0.984356391691E-01    0.105711234074E+00    0.760919695433E-01    0.501337561504E+00    0.100000000000E+01    0.632342158683E+00    0.251481887696E+00    0.714126997077E+00
    0.572084506256E+00    0.191193418703E-01    0.405869886812E+00    0.690991563631E-01    0.817993193947E-01    0.992244656466E+00    0.831265999479E-01    0.672501043119E+00    0.100000000000E+01    0.749980844789E+00    0.926031653563E+00
    0.788488781896E+00    0.557627398983E+00    0.978565837891E+00    0.741432777376E+00    0.316616158940E+00    0.594370774472E+00    0.663966351722E+00    0.366146988242E+00    0.543531425483E+00    0.100000000000E+01    0.214005183267E+01
    0.000000000000E+00    0.258376107634E+00    0.787994924929E+00    0.175942009920E+00    0.174637890826E+00    0.924684076209E+00    0.760043999130E+00    0.688009150977E+00    0.824775484312E+00    0.357936078593E+00    0.111826041677E+01
    0.684054536755E-01    0.000000000000E+00    0.639164854487E-01    0.843256580498E+00    0.732687516169E+00    0.555385002607E+00    0.169553611977E+00    0.354669469662E+00    0.852283556568E+00    0.742946128711E+00    0.115415791359E+01
    0.643509746587E+00    0.937830970113E+00    0.000000000000E+00    0.420253205615E-01    0.606471908310E+00    0.613500396956E+00    0.948805439008E+00    0.266048692491E+00    0.955781233235E+00    0.356822923777E+00    0.156904722702E+01
    0.912568381512E+00    0.514101178842E-01    0.797056173463E+00    0.000000000000E+00    0.560175089623E-01    0.609313861336E+00    0.891536139434E+00    0.771729749301E+00    0.603537304059E+00    0.675605970421E+00    0.117682586013E+01
    0.204841601106E+00    0.206866367647E-01    0.264909296255E+00    0.461307722418E+00    0.000000000000E+00    0.698736491221E+00    0.776490492908E+00    0.145184079394E+00    0.412546603247E+00    0.784282903892E+00    0.562729493255E+00
    0.601557508032E+00    0.652454395486E+00    0.221894070912E+00    0.855446668484E+00    0.312627520477E+00    0.000000000000E+00    0.977784004877E+00    0.631916198502E+00    0.449857511333E+00    0.192106188521E+00    0.128660534717E+01
    0.526361123488E+00    0.728395712174E+00    0.791889714568E+00    0.804814027811E+00    0.753822359562E+00    0.278851871342E+00    0.000000000000E+00    0.713534081899E+00    0.306770543029E-01    0.521549834188E+00    0.124692752438E+01
    0.516874764019E+00    0.298941958368E+00    0.276574662121E+00    0.459753379814E+00    0.310204801202E+00    0.222992887456E+00    0.825370424598E+00    0.000000000000E+00    0.206357227351E+00    0.667482864569E+00    0.488585067427E+00
    0.729094444148E+00    0.688844724316E+00    0.414872600167E+00    0.267148187916E+00    0.691196231485E+00    0.431645486484E+00    0.662180407740E+00    0.670382998679E+00    0.000000000000E+00    0.782548253240E+00    0.135533154573E+01
    0.529865791083E-01    0.197630594478E+00    0.937404855048E+00    0.993057535041E+00    0.823265663545E-01    0.878389026992E+00    0.947506495298E+00    0.241132932228E+00    0.204728963191E+00    0.000000000000E+00    0.124215849585E+01
    0.100000000000E+01    0.753064819634E+00    0.164856420865E+00    0.362894321055E+00    0.499532084397E+00    0.387177392334E+00    0.793309693204E+00    0.441958470983E+00    0.803311905157E+00    0.816434738448E+00    0.201275949258E+01
    0.165067500478E+00    0.100000000000E+01    0.327405933642E+00    0.205476839080E+00    0.181019591799E+00    0.543787857217E-01    0.480772304536E+00    0.984364301878E+00    0.916973662787E+00    0.494466683778E+00    0.116885348248E+01
    0.253505121359E+00    0.444764202990E+00    0.100000000000E+01    0.552223783887E+00    0.279395193543E+00    0.789168037020E+00    0.103796109868E+00    0.869295629233E+00    0.846777838517E-01    0.958822332626E+00    0.105688399846E+01
    0.342628753924E+00    0.903318358205E+00    0.696326735375E+00    0.100000000000E+01    0.962061476030E+00    0.922930431033E-02    0.408739642572E+00    0.382364682746E+00    0.460349777233E+00    0.895468191417E+00    0.158322492317E+01
    0.945926643695E+00    0.659322869889E+00    0.611333407753E+00    0.658447223389E-01    0.100000000000E+01    0.443041109944E+00    0.104269750843E+00    0.642143065569E+00    0.199903257494E+00    0.607043688057E+00    0.129527136600E+01
    0.374214381974E+00    0.741442490594E+00    0.788241910153E-01    0.602133734511E+00    0.590385900882E+00    0.100000000000E+01    0.839147474748E+00    0.626050740505E+00    0.921226169380E+00    0.775823502668E+00    0.215536486021E+01
    0.205487556617E+00    0.790660754404E+00    0.319137292466E+00    0.145617866789E+00    0.952539682972E+00    0.214626470981E+00    0.100000000000E+01    0.555866674324E+00    0.438921637010E-01    0.992317788859E+00    0.101280491806E+01
    0.453831486069E+00    0.910587942584E+00    0.253688380617E+00    0.276997504605E+00    0.270578849237E+00    0.479616947707E-01    0.958619383552E+00    0.100000000000E+01    0.955159992084E+00    0.318849114384E-01    0.148557652304E+01
    0.705072370059E+00    0.712665306658E+00    0.125879867766E+00    0.558088881014E+00    0.590994486424E+00    0.276412133913E+00    0.311121020003E+00    0.907998214386E+00    0.100000000000E+01    0.652790069261E+00    0.167137821837E+01
    0.863920284420E+00    0.479299523113E+00    0.801349125099E+00    0.741074690023E+00    0.546804689323E-01    0.403184985052E-01    0.373956397130E+00    0.853834038494E+00    0.999557817957E+00    0.100000000000E+01    0.232899528796E+01
    0.000000000000E+00    0.564921840458E+00    0.275560931190E+00    0.652137822538E-01    0.914239443713E-01    0.772774756422E+00    0.769262885212E+00    0.231443806661E+00    0.499616562641E+00    0.959195094459E+00    0.745891373380E+00
    0.729688630306E+00    0.000000000000E+00    0.868314598505E+00    0.120423327040E-01    0.129469584881E+00    0.901135809600E+00    0.889945321262E+00    0.343203166872E+00    0.700681345005E+00    0.288295860517E+00    0.634561796384E+00
    0.886987654884E+00    0.183974121579E+00    0.000000000000E+00    0.283650617502E+00    0.531936226780E+00    0.769326076635E+00    0.781596369875E+00    0.591949496337E+00    0.645134661861E+00    0.934088219681E+00    0.163769345027E+01
    0.919967305255E+00    0.824125654799E+00    0.522978104115E+00    0.000000000000E+00    0.664702362591E+00    0.689274849087E+00    0.313049693024E+00    0.571119423025E+00    0.770158096148E+00    0.203827302220E+00    0.155209928558E+01
    0.919918047563E+00    0.532639645775E+00    0.727417386089E+00    0.347297701176E+00    0.000000000000E+00    0.593770898694E+00    0.630897260295E+00    0.677029152739E+00    0.797111537930E+00    0.457892027775E+00    0.153474206505E+01
    0.572786170588E+00    0.550884386633E+00    0.202182654576E+00    0.832802365971E+00    0.654197541347E+00    0.000000000000E+00    0.601531416586E+00    0.776874592512E+00    0.368863469710E+00    0.117749078672E+00    0.994664959202E+00
    0.788706352359E+00    0.980766383406E+00    0.876125794124E+00    0.680585178265E+00    0.581902856735E+00    0.237707801537E+00    0.000000000000E+00    0.129382253181E+00    0.322187699565E+00    0.400912601024E-01    0.152105466620E+01
    0.522269242507E+00    0.865175843273E+00    0.325178440969E+00    0.481443731635E+00    0.846632521135E+00    0.489931395030E+00    0.561313420360E+00    0.000000000000E+00    0.883185746751E+00    0.800862362127E+00    0.173051192987E+01
    0.898013697897E+00    0.760281520750E+00    0.529007520431E+00    0.890321487418E+00    0.382488926374E+00    0.808978264973E+00    0.633881481100E+00    0.430610570265E+00    0.000000000000E+00    0.840223486139E+00    0.173611127642E+01
    0.877228243111E+00    0.327183804281E+00    0.302625754861E+00    0.605329050123E+00    0.461612859803E-01    0.371079417237E+00    0.122357142369E-01    0.352910932564E+00    0.607479182514E+00    0.000000000000E+00    0.491650654960E+00
    0.100000000000E+01    0.956922024758E+00    0.888698095430E+00    0.357646204927E+00    0.514106579783E+00    0.585438163472E+00    0.660111304408E+00    0.480041742687E+00    0.259572754864E+00    0.271829267715E+00    0.196317959062E+01
    0.961627209336E+00    0.100000000000E+01    0.656836274820E-01    0.952191515568E+00    0.930268600157E-01    0.272808478667E+00    0.664939946163E+00    0.481168382517E+00    0.217343698900E+00    0.539485550016E+00    0.148675098160E+01
    0.673813909133E+00    0.737769173194E+00    0.100000000000E+01    0.797058835806E+00    0.754920825088E+00    0.844329261756E+00    0.466522586889E+00    0.382739071600E+00    0.894421752592E-01    0.462284915233E+00    0.215148389956E+01
    0.621687110843E+00    0.980791276052E+00    0.815340278256E+00    0.100000000000E+01    0.935704390700E+00    0.860692800222E-01    0.808988236338E+00    0.132057563528E+00    0.802065183752E+00    0.702806215991E+00    0.217615038841E+01
    0.415286876574E-01    0.159075459233E+00    0.738300466553E+00    0.772776447059E+00    0.100000000000E+01    0.719180056753E+00    0.851133567246E-01    0.921392004293E+00    0.238845778667E+00    0.670056894874E+00    0.153479049037E+01
    0.974266807305E+00    0.349826277370E+00    0.134063485923E+00    0.410434749416E-01    0.457449290197E+00    0.100000000000E+01    0.187760816349E+00    0.748226496128E+00    0.887829116346E+00    0.327347498051E+00    0.123489210955E+01
    0.333514189433E+00    0.475611474742E+00    0.756727130895E+00    0.925064121341E+00    0.901497972986E+00    0.588359188169E+00    0.100000000000E+01    0.196138210591E+00    0.851319967250E+00    0.497031093136E+00    0.200831961396E+01
    0.371067776628E+00    0.181771909653E+00    0.244187422551E+00    0.398435737352E+00    0.281645962973E+00    0.983939634081E+00    0.200481610798E+00    0.100000000000E+01    0.900318689153E-01    0.716048019940E+00    0.706814072138E+00
    0.918563379938E+00    0.263503934671E+00    0.871475610502E-03    0.650526471559E+00    0.442330268960E+00    0.170377306982E+00    0.479166205913E+00    0.629398661186E+00    0.100000000000E+01    0.546504089180E+00    0.116606568050E+01
    0.994913432426E+00    0.942832735157E+00    0.504252388084E+00    0.191824823273E+00    0.630849758935E+00    0.734813079684E+00    0.721692779181E+00    0.127210319131E+00    0.274565532557E+00    0.100000000000E+01    0.186469403346E+01
    0.000000000000E+00    0.393441779348E+00    0.182563429560E+00    0.609179108486E+00    0.290408442144E+00    0.849168469049E+00    0.323884254506E-01    0.523519828513E-01    0.916928926188E+00    0.191745000973E+00    0.535331655614E+00
    0.513365710775E+00    0.000000000000E+00    0.902718812619E+00    0.825976088980E+00    0.985441504057E-01    0.875986703066E+00    0.872259113320E+00    0.113324944591E+00    0.397044961821E+00    0.260256908438E+00    0.103412992968E+01
    0.517985259382E-01    0.218825299200E-01    0.000000000000E+00    0.492192168167E+00    0.777047063912E+00    0.729400688077E+00    0.267347018115E+00    0.635559920672E+00    0.106844465252E-01    0.716643462974E+00    0.745484134262E+00
    0.913927263050E+00    0.142076356210E-01    0.317933966082E+00    0.000000000000E+00    0.803374265111E+00    0.226289783162E+00    0.333090339829E+00    0.556123312495E+00    0.960267712579E+00    0.522189913058E+00    0.881461550277E+00
    0.635109717062E+00    0.864092026765E+00    0.188948338444E+00    0.343117754937E+00    0.000000000000E+00    0.389286756639E-01    0.352891026324E+00    0.984451939308E+00    0.371890348541E+00    0.940548709512E+00    0.131081001495E+01
    0.300776256612E+00    0.441762698543E+00    0.289237996565E+00    0.322393813530E+00    0.219675815572E+00    0.000000000000E+00    0.792499369530E+00    0.468772145861E+00    0.181729540141E+00    0.353206020920E-01    0.604040698332E+00
    0.249678169088E+00    0.300271754101E+00    0.719742419920E+00    0.110250431069E+00    0.428339331669E+00    0.807019457650E+00    0.000000000000E+00    0.604817854889E+00    0.747784980863E+00    0.775469387732E+00    0.107988575025E+01
    0.959555789939E+00    0.540700842222E+00    0.207068646239E+00    0.144200295388E+00    0.274863097473E+00    0.591186547494E+00    0.685246409017E+00    0.000000000000E+00    0.739133933144E+00    0.974627084805E+00    0.143156729990E+01
    0.761393462652E+00    0.779368603694E+00    0.459338841041E+00    0.435052317742E+00    0.710671986277E+00    0.459388616496E+00    0.638910559963E+00    0.306720143551E+00    0.000000000000E+00    0.317537514557E+00    0.131568394650E+01
    0.500465943097E+00    0.372858009818E+00    0.715503392264E+00    0.510618366294E+00    0.762802880987E+00    0.150014702932E+00    0.178886196372E+00    0.166960192997E+00    0.197044294150E+00    0.000000000000E+00    0.696250430218E+00
    0.100000000000E+01    0.833626042584E-01    0.531688432558E+00    0.660018234738E+00    0.801908588186E-01    0.196266884366E+00    0.727285644629E+00    0.284695355930E+00    0.656509295437E-01    0.831367117448E+00    0.711660344474E+00
    0.181901693621E+00    0.100000000000E+01    0.522011028110E+00    0.266034647415E+00    0.873877531155E+00    0.316209522506E+00    0.895163235405E+00    0.294235334619E+00    0.806725744710E+00    0.538836887431E+00    0.129518535368E+01
    0.401936158904E+00    0.991989232306E+00    0.100000000000E+01    0.290095537454E+00    0.156129701582E+00    0.439758745856E+00    0.329113742494E+00    0.298495523085E+00    0.324246249207E+00    0.350855636325E+00    0.969473883731E+00
    0.615151288360E+00    0.579466688474E+00    0.499586484471E+00    0.100000000000E+01    0.136951899647E+00    0.519798596957E+00    0.705288056134E+00    0.211709423689E+00    0.150679985350E+00    0.477624795557E+00    0.114851819483E+01
    0.945736343562E+00    0.380533198585E+00    0.617656429711E+00    0.884578609643E+00    0.100000000000E+01    0.538980056824E+00    0.818979816783E+00    0.223047097070E+00    0.981769042641E+00    0.270800796226E+00    0.189376470764E+01
    0.934153251246E+00    0.439004229667E+00    0.649985971430E+00    0.729607841389E-01    0.408830566031E+00    0.100000000000E+01    0.155169084972E+00    0.749114173110E+00    0.811532363146E+00    0.339275396661E+00    0.125792360583E+01
    0.734330533414E+00    0.218453823427E+00    0.865867473733E+00    0.739126768893E+00    0.671885649487E+00    0.708006498243E+00    0.100000000000E+01    0.720790946716E+00    0.151024583125E+00    0.734668219088E-02    0.199800302308E+01
    0.335682193962E+00    0.257095961847E+00    0.295645729633E-01    0.696586661024E+00    0.276570984936E+00    0.796590264313E+00    0.773314277384E+00    0.100000000000E+01    0.842888724449E+00    0.437249630777E+00    0.146907763862E+01
    0.115232440007E+00    0.342048154509E+00    0.649039243455E+00    0.368093116023E-01    0.746332385578E+00    0.211020629838E+00    0.597851828700E-01    0.468729202754E+00    0.100000000000E+01    0.646907184115E-01    0.313511040786E+00
    0.405770994590E-01    0.433138189093E+00    0.992173672787E+00    0.597195453908E+00    0.766944074866E+00    0.362282365175E+00    0.465149537888E-01    0.207321132142E+00    0.262899637804E+00    0.100000000000E+01    0.116049058234E+01
    0.000000000000E+00    0.892435576983E+00    0.458994780749E+00    0.813782654396E+00    0.439455496047E+00    0.194784391837E+00    0.579295426541E+00    0.332645896560E+00    0.230882127020E+00    0.770865154028E+00    0.829800295511E+00
    0.549369310541E+00    0.000000000000E+00    0.435399359334E+00    0.493123124498E-01    0.247946387880E+00    0.243773890466E+00    0.107688727644E-01    0.385816288374E+00    0.772489003143E+00    0.777426971029E+00    0.686621997235E+00
    0.835121087420E+00    0.224946435789E+00    0.000000000000E+00    0.418481014910E+00    0.243607554284E+00    0.401755357375E+00    0.643379797104E+00    0.716899763405E+00    0.374807784617E+00    0.465000594776E+00    0.921252819195E+00
    0.830309731454E+00    0.625720582430E+00    0.321920715708E+00    0.000000000000E+00    0.970266566538E+00    0.560627214752E+00    0.767180718640E+00    0.640361907491E+00    0.554755015185E+00    0.172971529929E+00    0.165072986362E+01
    0.795313634729E+00    0.424631466541E+00    0.104269109685E+00    0.640564650503E+00    0.000000000000E+00    0.842174452580E+00    0.262277245458E+00    0.947543490351E+00    0.778274810275E+00    0.812572030327E+00    0.128542974022E+01
    0.812273313882E+00    0.157687010083E+00    0.895238481257E+00    0.303198886871E+00    0.311171408550E+00    0.000000000000E+00    0.377178154214E+00    0.150324650457E+00    0.761305437506E+00    0.939874214452E+00    0.117175078546E+01
    0.640527619947E+00    0.517715636484E+00    0.747307337204E+00    0.490666374237E+00    0.243808749033E+00    0.224057562085E+00    0.000000000000E+00    0.718453764841E+00    0.212350425590E+00    0.887711806807E+00    0.941422919933E+00
    0.336616519625E+00    0.209894326605E+00    0.348605340001E+00    0.449999151607E+00    0.305328155116E+00    0.552111284440E-02    0.111011803485E+00    0.000000000000E+00    0.266034094089E+00    0.498546480064E+00    0.361842117341E+00
    0.244323702271E+00    0.931417040558E+00    0.891041303716E+00    0.293013211805E+00    0.413581904017E+00    0.389764269213E+00    0.725494539170E+00    0.436868218858E+00    0.000000000000E+00    0.166318424640E+00    0.966799089657E+00
    0.298191169139E+00    0.347731104599E+00    0.716022265724E+00    0.422753931267E+00    0.343671078799E+00    0.915442544329E+00    0.491429226797E+00    0.852807670558E+00    0.347040298003E+00    0.000000000000E+00    0.114009731327E+01
    0.100000000000E+01    0.384799176717E+00    0.348759171226E+00    0.249820897103E+00    0.223407914919E+00    0.762577905269E+00    0.596675692789E+00    0.573448341868E-02    0.231378004111E+00    0.122097101750E+00    0.673964656103E+00
    0.369358944246E+00    0.100000000000E+01    0.241378455371E+00    0.332996763701E+00    0.785193009576E-01    0.599869360328E+00    0.439368652266E+00    0.750646403180E+00    0.760991719454E+00    0.460575416969E+00    0.117714308854E+01
    0.463071643408E+00    0.182844678904E+00    0.100000000000E+01    0.594122131142E+00    0.636092408935E+00    0.749460865578E+00    0.256499309850E+00    0.207057411068E+00    0.670021066536E+00    0.168863602436E+00    0.132177093852E+01
    0.559757799679E+00    0.794263383574E+00    0.506297553961E+00    0.100000000000E+01    0.694262026874E-01    0.588961051312E+00    0.143672881367E+00    0.712880511793E+00    0.350823400852E+00    0.937394610345E+00    0.142306356958E+01
    0.971496378577E-01    0.598935924006E+00    0.471332760337E+00    0.132936945136E+00    0.100000000000E+01    0.752690233184E+00    0.777117713598E+00    0.120506834019E+00    0.709679293762E+00    0.650613554728E+00    0.142890914196E+01
    0.998987819716E+00    0.113771845334E+00    0.365155296182E+00    0.189477355940E+00    0.763737873745E+00    0.100000000000E+01    0.392819261662E+00    0.545871881422E+00    0.829822783460E+00    0.546545318947E+00    0.161454796877E+01
    0.629108662650E+00    0.408487988537E+00    0.134710754073E+00    0.985976951854E+00    0.158369355869E+00    0.484691165573E+00    0.100000000000E+01    0.720058935982E+00    0.869567910312E+00    0.506776798939E+00    0.162730103658E+01
    0.915096291512E+00    0.222656267441E+00    0.210420044311E+00    0.499107800811E+00    0.848777777259E+00    0.280925037523E+00    0.931395047554E+00    0.100000000000E+01    0.843660053907E+00    0.223078403388E+00    0.166681452449E+01
    0.884262859129E+00    0.732258770963E+00    0.124105275903E+00    0.807872797740E+00    0.570716415522E+00    0.184673518769E+00    0.199647359355E+00    0.894641414463E+00    0.100000000000E+01    0.924438875271E+00    0.195621839080E+01
    0.966596518559E+00    0.717922413072E+00    0.141253460624E+00    0.999955877080E+00    0.917486168446E+00    0.584703605711E+00    0.922008846861E+00    0.217086642276E+00    0.934620271572E+00    0.100000000000E+01    0.250642208035E+01
    0.000000000000E+00    0.149339036535E+00    0.501998240534E+00    0.925130549566E+00    0.107927131104E+00    0.812883500084E+00    0.413737033929E+00    0.649468614328E+00    0.729628981585E+00    0.664437822279E+00    0.130564840195E+01
    0.970480309990E+00    0.000000000000E+00    0.151518158564E+00    0.819177838105E+00    0.443841462987E-01    0.306461495447E+00    0.200668726121E+00    0.461644335852E+00    0.494639864554E+00    0.886832074489E+00    0.669022427419E+00
    0.366533691123E-01    0.297587182945E+00    0.000000000000E+00    0.713593449109E+00    0.441929281976E+00    0.381262341365E+00    0.314518441808E+00    0.122904004574E+00    0.136516763011E+00    0.981616115719E+00    0.352061196272E+00
    0.368548613329E+00    0.989517046922E+00    0.100608061209E+00    0.000000000000E+00    0.951608363102E-01    0.270118970361E+00    0.434495997977E+00    0.234689873720E+00    0.907877720974E+00    0.711830561021E+00    0.113861680099E+01
    0.852514121207E+00    0.624101375227E-01    0.211819182971E+00    0.350208571113E+00    0.000000000000E+00    0.324674164052E+00    0.546988996456E+00    0.519839259670E+00    0.154347652617E+00    0.886758249960E+00    0.548601826233E+00
    0.896712061033E+00    0.219256478827E-01    0.206448712287E+00    0.436743981333E-01    0.636305958715E+00    0.000000000000E+00    0.318962283204E+00    0.758553390045E+00    0.500806044447E+00    0.949756920614E+00    0.746271443977E+00
    0.279188960842E+00    0.489913509199E+00    0.553525457326E+00    0.114414898936E+00    0.857795966263E+00    0.442192754471E+00    0.000000000000E+00    0.776862226186E+00    0.646563467310E-01    0.586221337183E+00    0.617324093928E+00
    0.772184226341E+00    0.681924271794E+00    0.994967254987E+00    0.860085820803E+00    0.596824441407E+00    0.340083215888E+00    0.771764467718E-02    0.000000000000E+00    0.562658440652E+00    0.964743866769E+00    0.212811964947E+01
    0.264087901774E+00    0.984337931449E+00    0.617222471077E-02    0.369928415325E+00    0.928863373159E+00    0.132769833381E+00    0.769435743356E+00    0.323281829051E+00    0.000000000000E+00    0.165235183372E-01    0.634304649997E+00
    0.118685024041E+00    0.480611143234E+00    0.850776396698E+00    0.599368910086E+00    0.834334642970E+00    0.117418582625E+00    0.428906057879E+00    0.404529297367E+00    0.433396489629E+00    0.000000000000E+00    0.838441724147E+00
    0.100000000000E+01    0.570165520221E+00    0.768699427141E+00    0.240580060508E+00    0.874923894074E+00    0.909727045383E+00    0.970403378749E+00    0.863963778998E+00    0.288954155907E+00    0.244825075078E-01    0.239650889655E+01
    0.746005592262E+00    0.100000000000E+01    0.114663592582E+00    0.673828012131E+00    0.467137620944E+00    0.359308888247E+00    0.612762261768E+00    0.152697340425E+00    0.244478517639E+00    0.853786071672E+00    0.129341535302E+01
    0.577494423143E-01    0.257033305509E+00    0.100000000000E+01    0.110625132311E+00    0.401680775383E-01    0.444452943473E-01    0.371174261959E+00    0.562552531935E+00    0.279884904476E+00    0.406754191238E+00    0.449903323204E+00
    0.494110344079E+00    0.933306651599E+00    0.889497790566E+00    0.100000000000E+01    0.579836898066E+00    0.472438945640E-01    0.685307790636E-01    0.128111309447E+00    0.390980373460E+00    0.473975511725E+00    0.157214270502E+01
    0.389864930112E+00    0.227186777877E+00    0.236785536488E+00    0.653165438001E+00    0.100000000000E+01    0.434156290376E+00    0.330373869473E-02    0.131065563990E+00    0.926770118103E+00    0.228464526273E+00    0.889555678679E+00
    0.894308530382E+00    0.485462762690E+00    0.901569554290E-02    0.602115663999E+00    0.876937697380E+00    0.100000000000E+01    0.427939283970E+00    0.215171712002E-01    0.771856468427E+00    0.408404723175E+00    0.164095754890E+01
    0.854710853297E+00    0.492154180143E+00    0.753313507175E+00    0.907451809361E+00    0.641993868676E+00    0.338889643688E+00    0.100000000000E+01    0.811055783245E+00    0.967129888903E+00    0.996117103948E+00    0.309624070509E+01
    0.684377979618E-01    0.598803983725E-01    0.171257696986E+00    0.582176499529E+00    0.997594953408E+00    0.781302064519E+00    0.391616944042E+00    0.100000000000E+01    0.623718217945E+00    0.276354085757E+00    0.144720730774E+01
    0.644279923286E+00    0.759469510731E+00    0.573805434957E+00    0.852622524776E+00    0.436211149388E+00    0.174279488082E+00    0.669031575466E+00    0.363389793434E-01    0.100000000000E+01    0.534548462715E+00    0.161343343992E+01
    0.349240197270E+00    0.917462998363E+00    0.408492706236E+00    0.743643985432E+00    0.859715676230E-01    0.617259135037E-01    0.738769865031E+00    0.745939131921E+00    0.721613327901E+00    0.100000000000E+01    0.190218545588E+01
    0.000000000000E+00    0.749301276814E-02    0.405373758548E+00    0.536924487219E+00    0.623892502782E+00    0.329689133850E+00    0.624414955213E+00    0.498487129689E-01    0.966797778347E+00    0.727524867083E+00    0.115784138336E+01
    0.898227751899E+00    0.000000000000E+00    0.583269327080E+00    0.998374660710E+00    0.194156600041E+00    0.992072668472E+00    0.324973941627E+00    0.953772449473E+00    0.119942849813E+00    0.852227750456E+00    0.118710859023E+01
    0.922102350735E+00    0.364783947511E+00    0.000000000000E+00    0.477310659657E-01    0.767307443955E+00    0.806839625661E+00    0.571161008047E+00    0.206460586638E+00    0.387930146190E+00    0.402776049171E+00    0.122963339478E+01
    0.431572708484E+00    0.482407041256E+00    0.172141642325E+00    0.000000000000E+00    0.550317456799E+00    0.348302464911E+00    0.888596523174E+00    0.551841361913E+00    0.751593348342E+00    0.143806223747E+00    0.998318756831E+00
    0.581993942926E+00    0.227628988184E+00    0.353538238663E+00    0.932403753170E+00    0.000000000000E+00    0.801114789104E+00    0.822398062108E+00    0.816162326507E+00    0.290763309974E+00    0.571544128555E+00    0.129951345128E+01
    0.561356985480E+00    0.314500093775E-01    0.131098061359E+00    0.614772763535E+00    0.857086306598E+00    0.000000000000E+00    0.816224910822E+00    0.585895723803E+00    0.477121758163E+00    0.827702847503E+00    0.971387922683E+00
    0.435511440575E+00    0.312525086749E+00    0.864063953565E+00    0.939351885842E+00    0.128702502304E+00    0.388352166727E+00    0.000000000000E+00    0.545463516216E-01    0.736012369715E+00    0.611078212310E+00    0.144751137377E+01
    0.793160011250E+00    0.408032632177E+00    0.398830824485E+00    0.228019626373E-01    0.233335680766E+00    0.268626092477E+00    0.553256307702E+00    0.000000000000E+00    0.512345668503E+00    0.728412568466E+00    0.768608369182E+00
    0.996796025083E+00    0.179315411567E+00    0.460054287610E+00    0.502644460650E+00    0.206034134459E+00    0.462172691206E+00    0.741494875974E+00    0.389570037884E+00    0.000000000000E+00    0.948628156101E+00    0.794072166079E+00
    0.206732488602E+00    0.931370795909E+00    0.262996858542E+00    0.952084190182E+00    0.642189378445E+00    0.983949353444E+00    0.409659800229E+00    0.852826576101E+00    0.671649977658E+00    0.000000000000E+00    0.142419034204E+01
    0.100000000000E+01    0.397151825875E+00    0.261298837172E+00    0.561477678502E+00    0.764433930255E-01    0.413701994141E+00    0.227258328475E+00    0.289967110531E+00    0.269120986182E+00    0.640623496055E+00    0.813792742381E+00
    0.688176848350E-01    0.100000000000E+01    0.395087195523E+00    0.394450898487E+00    0.240733426453E+00    0.168184488584E+00    0.641782443143E+00    0.657620614121E+00    0.214174959393E+00    0.264794518120E+00    0.743909531861E+00
    0.895349915848E+00    0.614799587005E+00    0.100000000000E+01    0.639369457801E+00    0.496649659643E+00    0.260780634803E+00    0.266323890425E+00    0.608261374524E+00    0.965702675102E+00    0.630807812635E+00    0.209051415760E+01
    0.697424447856E+00    0.370254842464E+00    0.182332006994E+00    0.100000000000E+01    0.330419212373E-01    0.210653017645E+00    0.469721811731E-01    0.461738572560E+00    0.991834966586E+00    0.734755045012E+00    0.119796177989E+01
    0.792999962573E+00    0.153863105562E+00    0.971013271537E-01    0.938086415395E-01    0.100000000000E+01    0.324836317774E+00    0.390862524779E+00    0.694389736854E+00    0.574909156381E+00    0.324158329383E+00    0.913731215726E+00
    0.431779625986E+00    0.238457663511E+00    0.616135714889E-01    0.681530698561E+00    0.312956544879E+00    0.100000000000E+01    0.578985341089E+00    0.731343569421E+00    0.184090613041E+00    0.250825716995E+00    0.927521112063E+00
    0.751949863596E+00    0.196992799813E+00    0.282629144305E+00    0.417579701498E+00    0.468435158676E-01    0.142196282604E+00    0.100000000000E+01    0.449403078302E+00    0.746085852372E+00    0.234923592804E+00    0.897486123764E+00
    0.668038339209E-01    0.430694210636E+00    0.323517860859E+00    0.912582085427E+00    0.155865892541E+00    0.820871831031E+00    0.136471910082E+00    0.100000000000E+01    0.405427170055E+00    0.240150586316E+00    0.685790031937E+00
    0.365618701427E+00    0.361317416789E+00    0.508019456640E+00    0.158687374509E+00    0.988726992872E+00    0.228297468263E+00    0.953619535439E+00    0.194717749137E+00    0.100000000000E+01    0.933089368841E+00    0.155722056609E+01
    0.848166233935E+00    0.928934057283E-01    0.878324014825E+00    0.117056259972E+00    0.682664851790E+00    0.202218531255E-03    0.720599893019E+00    0.981318495749E+00    0.668095866306E+00    0.100000000000E+01    0.155697429116E+01
    0.000000000000E+00    0.214836637422E+00    0.773723252566E+00    0.610502862632E+00    0.949729976198E+00    0.392415581472E-01    0.257565782497E-01    0.323714500065E+00    0.778636991607E+00    0.949414228378E+00    0.125721596109E+01
    0.279854016518E+00    0.000000000000E+00    0.400974009539E-01    0.489715393259E+00    0.938383171469E+00    0.622159109334E+00    0.578799302328E+00    0.429503332390E+00    0.600236566175E+00    0.882098784884E+00    0.138152412745E+01
    0.979443013955E+00    0.629315997499E+00    0.000000000000E+00    0.953599902518E+00    0.345456744989E+00    0.572516556585E+00    0.451971331016E+00    0.252466196424E+00    0.848981744373E+00    0.998055721696E+00    0.177559743383E+01
    0.295529722379E-01    0.580557467687E+00    0.283772227905E+00    0.000000000000E+00    0.529266496606E+00    0.506677947116E+00    0.609823900132E-03    0.627726853607E+00    0.992991066467E+00    0.613374585828E+00    0.894783147666E+00
    0.956030993368E+00    0.283615751399E+00    0.608920464565E+00    0.448729373026E+00    0.000000000000E+00    0.305609439275E+00    0.649532874097E+00    0.820416497278E+00    0.774270069302E-01    0.978193942136E+00    0.115301206140E+01
    0.637676539243E+00    0.891829371118E+00    0.526524725221E+00    0.680204993422E+00    0.532961729231E+00    0.000000000000E+00    0.954392467844E+00    0.103860687362E+00    0.687753921927E+00    0.668187013977E+00    0.148551551139E+01
    0.635810278042E+00    0.646047126839E+00    0.105831483592E+00    0.312743681408E+00    0.592313611242E+00    0.199746994624E+00    0.000000000000E+00    0.777102483294E+00    0.130436405984E+00    0.253287465656E+00    0.595212301552E+00
    0.450816705790E+00    0.997690271779E+00    0.772180206817E-01    0.955048632694E+00    0.665556101324E+00    0.514910492195E+00    0.948421338967E+00    0.000000000000E+00    0.687975934352E+00    0.556351280641E+00    0.124898051864E+01
    0.864069525980E+00    0.177949917793E+00    0.575716062036E+00    0.102534080343E+00    0.982406828845E+00    0.420195631990E+00    0.599581481380E+00    0.621914078560E+00    0.000000000000E+00    0.319995882199E+00    0.998482840907E+00
    0.186969213215E+00    0.679811387129E+00    0.118912287168E+00    0.150851888361E+00    0.258807952326E+00    0.573790941209E+00    0.870532970333E+00    0.343535780430E+00    0.940891355279E+00    0.000000000000E+00    0.592602825166E+00
    0.100000000000E+01    0.186675145564E-01    0.656866782326E+00    0.781449466436E+00    0.220319361866E+00    0.148625242129E+00    0.502357750277E+00    0.535431416105E-01    0.702229792096E+00    0.726405143298E+00    0.110172187454E+01
    0.927096883428E-01    0.100000000000E+01    0.362692035084E+00    0.195679173084E+00    0.995772969064E+00    0.291091535676E+00    0.513680539865E+00    0.405044959617E-01    0.432642144294E+00    0.635425706338E+00    0.749260360084E+00
    0.293324957611E+00    0.985334793406E+00    0.100000000000E+01    0.282122807357E+00    0.518890015455E+00    0.822570342638E+00    0.588403924015E+00    0.354856741397E+00    0.438105556498E+00    0.867727023031E+00    0.158692476108E+01
    0.700847398217E-01    0.183224965026E+00    0.176071139579E+00    0.100000000000E+01    0.755502250119E+00    0.404179555528E+00    0.529858111630E+00    0.148066485534E+00    0.304834028808E+00    0.714379608213E+00    0.790492419725E+00
    0.992138266216E-01    0.872111484286E+00    0.187699206522E+00    0.383368949279E+00    0.100000000000E+01    0.994387769694E+00    0.297353445312E-01    0.798281897910E+00    0.614464978324E+00    0.719112981176E+00    0.161847826453E+01
    0.570816698269E+00    0.186016745966E+00    0.755169749487E+00    0.885570892061E-01    0.208327035717E+00    0.100000000000E+01    0.138508494244E+00    0.522397760005E-01    0.775673316547E+00    0.789722286722E-01    0.449876438586E+00
    0.705197473622E-01    0.735679748774E+00    0.263880407609E-01    0.952366947685E+00    0.496001289218E+00    0.448286962294E+00    0.100000000000E+01    0.856812667215E+00    0.749564632120E+00    0.202145714131E+00    0.130769590416E+01
    0.345081192927E+00    0.475825327669E+00    0.520281471317E+00    0.381471154803E+00    0.947073680373E+00    0.337784699726E-02    0.245949434671E+00    0.100000000000E+01    0.703566864240E+00    0.850938183046E+00    0.121051115915E+01
    0.925364872729E+00    0.140839286442E+00    0.930309719706E+00    0.912647008899E-01    0.245554220361E+00    0.295035451248E+00    0.224020482190E+00    0.237667625795E+00    0.100000000000E+01    0.787073418445E+00    0.112799520146E+01
    0.295348392075E+00    0.942007675636E+00    0.711218526185E+00    0.179566498340E+00    0.397980614566E+00    0.855119763177E-02    0.427059693749E+00    0.701978311138E+00    0.597974107231E+00    0.100000000000E+01    0.130709543332E+01
    0.000000000000E+00    0.155553602671E+00    0.338452073163E+00    0.118160125183E+00    0.396063804919E+00    0.818392156584E+00    0.216890646303E+00    0.471670837596E+00    0.617854415926E+00    0.928730648156E+00    0.104024837576E+01
    0.208981181968E+00    0.000000000000E+00    0.936648226318E+00    0.902219826643E+00    0.298088070405E+00    0.132707774295E+00    0.671855233962E+00    0.114295307663E+00    0.774972599482E+00    0.526257332070E+00    0.136924611804E+01
    0.705540847089E+00    0.371340035734E+00    0.000000000000E+00    0.889772174947E+00    0.527134801699E+00    0.129291715610E+00    0.459911931080E+00    0.302031885387E+00    0.183985731753E+00    0.839188827503E+00    0.623456564403E+00
    0.327535681531E+00    0.530442013747E+00    0.527241144904E+00    0.000000000000E+00    0.686456812248E+00    0.563997685825E+00    0.159498266779E+00    0.855103423450E+00    0.301777522999E+00    0.847179450732E+00    0.952945970146E+00
    0.701095012412E+00    0.303563384359E-01    0.141842835814E+00    0.126144326693E+00    0.000000000000E+00    0.292973911564E+00    0.373837587990E-01    0.972863969927E+00    0.565265759804E+00    0.443338719320E+00    0.326148856516E+00
    0.519203166925E+00    0.647025958605E+00    0.359764063461E-01    0.809872678737E+00    0.828737311280E+00    0.000000000000E+00    0.988409165239E+00    0.670999750544E-01    0.636167270757E+00    0.699450205387E+00    0.876363793891E+00
    0.928619142038E+00    0.749914782765E+00    0.859876299599E+00    0.247518761462E+00    0.501574065852E+00    0.807868745261E+00    0.000000000000E+00    0.564475023780E+00    0.333327382135E+00    0.745011951361E+00    0.156275963350E+01
    0.436315597526E+00    0.293940974241E+00    0.765980872782E+00    0.518789593731E+00    0.936573146985E+00    0.958170332182E+00    0.446713624562E+00    0.000000000000E+00    0.619588583685E+00    0.575960240195E+00    0.177988893045E+01
    0.465305187973E+00    0.851796888796E+00    0.236119633830E+00    0.766193973376E+00    0.603594700787E+00    0.579399583517E+00    0.429352935538E+00    0.107833830547E-01    0.000000000000E+00    0.266940659462E+00    0.931611347311E+00
    0.803951844243E+00    0.101087642469E+00    0.496818347869E+00    0.894991459620E+00    0.262382538493E+00    0.737938973226E+00    0.308992224946E-01    0.280362307643E+00    0.345855979310E+00    0.000000000000E+00    0.728203053289E+00
    0.100000000000E+01    0.454367243133E+00    0.696509463038E+00    0.999960936467E+00    0.697378906045E+00    0.506757641893E+00    0.439599145818E-01    0.445264668766E+00    0.328033369127E+00    0.255469028705E+00    0.160762775098E+01
    0.796156180902E-01    0.100000000000E+01    0.157314501242E+00    0.975790054425E+00    0.426603896356E+00    0.611193430233E+00    0.338302590946E+00    0.109581054215E+00    0.281705717393E+00    0.603504559350E+00    0.700941281985E+00
    0.360489088012E+00    0.194377723927E-01    0.100000000000E+01    0.735142972333E+00    0.651182519492E+00    0.429116601315E-01    0.257800772698E+00    0.336398215282E+00    0.446832917960E+00    0.875556080899E+00    0.124804439843E+01
    0.220628126024E+00    0.607810566154E+00    0.868113037953E+00    0.100000000000E+01    0.643242097003E+00    0.140209810535E+00    0.476761254887E+00    0.799091146384E+00    0.199328499890E+00    0.425802346486E+00    0.155825223738E+01
    0.595464766781E+00    0.599288199776E+00    0.819803141075E+00    0.464854693739E+00    0.100000000000E+01    0.754847287526E+00    0.960583402988E+00    0.290654260111E+00    0.283340482210E+00    0.116760041690E+00    0.180507213850E+01
    0.924666877888E+00    0.878956940765E+00    0.901422236599E+00    0.515397510541E+00    0.496820370559E-01    0.100000000000E+01    0.673671716626E+00    0.978591007956E+00    0.649583834298E+00    0.268945133730E+00    0.216096667935E+01
    0.953696078812E+00    0.229744265871E+00    0.331766480917E+00    0.374423985634E+00    0.479554207112E+00    0.957326874962E+00    0.100000000000E+01    0.626644181380E+00    0.746818090983E-01    0.563854613948E+00    0.147117152806E+01
    0.964145705794E+00    0.228463419020E+00    0.936550882166E+00    0.547812071889E-01    0.942590404451E+00    0.537439897986E+00    0.484923728579E-01    0.100000000000E+01    0.511408944291E+00    0.648180884016E+00    0.115814097757E+01
    0.876009043128E+00    0.675977762508E-01    0.560424185890E+00    0.293127993933E+00    0.896956348455E-01    0.458808540420E+00    0.834865765207E+00    0.689928751593E+00    0.100000000000E+01    0.323186130414E+00    0.116382942951E+01
    0.535110739432E+00    0.539005230376E+00    0.353168559828E+00    0.426317877795E+00    0.557034300673E-01    0.193509159544E+00    0.377736689133E+00    0.548079917464E-01    0.899130481016E-01    0.100000000000E+01    0.560384719692E+00
    0.000000000000E+00    0.357469547759E+00    0.975752803192E+00    0.208325199291E+00    0.812173519564E+00    0.217280239782E+00    0.906032591335E+00    0.503794576342E+00    0.154525474569E+00    0.625271533293E+00    0.932817840180E+00
    0.825774094627E+00    0.000000000000E+00    0.906906665576E+00    0.591774849927E+00    0.663329846922E-01    0.828139045447E+00    0.296841745058E+00    0.278483744846E+00    0.312787443587E+00    0.308881436370E+00    0.770897326188E+00
    0.463681091120E-01    0.472325939414E+00    0.000000000000E+00    0.963161689484E+00    0.217720266875E+00    0.998534385286E+00    0.686775390099E+00    0.620462466816E+00    0.964015161566E+00    0.237040666094E+00    0.893931182255E+00
    0.761474788687E+00    0.775753623072E+00    0.733306984463E+00    0.000000000000E+00    0.309621475665E+00    0.297247747787E+00    0.735021231719E+00    0.573864799332E+00    0.649372958077E+00    0.763288741261E+00    0.160021299194E+01
    0.792518378457E+00    0.842379508553E+00    0.872809023800E-01    0.770389261193E-01    0.000000000000E+00    0.681890152549E+00    0.865102084709E+00    0.910686640624E+00    0.599204827924E+00    0.314799734682E+00    0.165079170133E+01
    0.175543874449E+00    0.261102310668E+00    0.637419720147E+00    0.907812096245E+00    0.856483698986E+00    0.000000000000E+00    0.210790086131E+00    0.180548826178E+00    0.500687749601E+00    0.354502335978E+00    0.840045123027E+00
    0.961310042846E+00    0.722286617175E-01    0.810452005185E+00    0.267317978370E+00    0.141120242965E-01    0.436429550350E+00    0.000000000000E+00    0.498181474279E+00    0.644893424494E+00    0.466777923658E+00    0.593263447566E+00
    0.382822871968E+00    0.849370235922E-01    0.938127491618E+00    0.391872697751E+00    0.973379229439E+00    0.879110111492E+00    0.633292885957E+00    0.000000000000E+00    0.719327461766E+00    0.877708789141E+00    0.188720994466E+01
    0.216821719724E+00    0.601211561235E+00    0.862256915590E-01    0.325141585707E-01    0.697784256412E+00    0.627601029013E+00    0.749591466135E-01    0.240693702029E+00    0.000000000000E+00    0.918085314280E+00    0.589131592286E+00
    0.510865493411E-01    0.837557415174E+00    0.911665473116E+00    0.918819958068E+00    0.228440720633E+00    0.618058015224E+00    0.144319979950E+00    0.975830310099E+00    0.124737016796E+00    0.000000000000E+00    0.116246577918E+01
    0.100000000000E+01    0.150058866902E+00    0.841755459614E+00    0.621180237480E+00    0.248950318038E+00    0.691582768551E+00    0.951430748229E+00    0.902745109732E+00    0.897820844579E+00    0.210568075006E+00    0.189306233554E+01
    0.434261947863E-01    0.100000000000E+01    0.151136073123E-01    0.901975555288E+00    0.319974092878E+00    0.859930700451E+00    0.307601199378E+00    0.571298843203E-01    0.124433389334E+00    0.822178039364E+00    0.452093465960E+00
    0.573973676377E+00    0.237226175097E+00    0.100000000000E+01    0.408070316446E+00    0.778938801252E-01    0.551746817364E+00    0.712308905432E+00    0.736863847137E+00    0.541266689697E-01    0.208900312885E+00    0.112339135524E+01
    0.985890074653E+00    0.308427783052E+00    0.554577900251E+00    0.100000000000E+01    0.772095127918E+00    0.471466573761E+00    0.233102058609E+00    0.840558671546E+00    0.701847628888E+00    0.183474712773E+00    0.154737808373E+01
    0.652227026138E-01    0.655212147534E-01    0.197915165647E+00    0.250694859235E+00    0.100000000000E+01    0.596726718341E+00    0.915321452927E+00    0.270455793500E+00    0.440911805883E+00    0.621432199132E+00    0.117216728665E+01
    0.654858544869E+00    0.186639279355E+00    0.148316929580E+00    0.360510671080E+00    0.468874439873E+00    0.100000000000E+01    0.241684939668E+00    0.372660019979E+00    0.235077854999E-01    0.288809181937E+00    0.741422181327E+00
    0.156390291721E+00    0.720796141066E+00    0.343031607314E+00    0.882045829344E+00    0.596957823888E-01    0.676149436333E+00    0.100000000000E+01    0.281455155981E-01    0.104410738614E+00    0.283014130205E+00    0.513353616921E+00
    0.662538867952E+00    0.516532945166E+00    0.388674084251E+00    0.843311345122E+00    0.484035003526E+00    0.999755647363E+00    0.457903538630E+00    0.100000000000E+01    0.228492125321E+00    0.536616042810E+00    0.173442922458E+01
    0.468468536469E+00    0.150054936458E+00    0.703833697258E+00    0.566291111621E+00    0.173299735436E+00    0.102000565292E+00    0.817249789569E+00    0.736224485664E+00    0.100000000000E+01    0.991447867433E+00    0.207967462769E+01
    0.782508499825E+00    0.116223555867E+00    0.180607883195E+00    0.836172928207E+00    0.231429698629E+00    0.491296557386E+00    0.434223970870E+00    0.369451326598E+00    0.659728885011E+00    0.100000000000E+01    0.117581946420E+01
    0.000000000000E+00    0.587642475379E+00    0.552350602941E+00    0.316112822413E+00    0.599648369864E+00    0.756737258971E+00    0.519931201379E+00    0.793190997610E+00    0.967795641572E+00    0.486989026545E-01    0.108791670586E+01
    0.949149276020E-01    0.000000000000E+00    0.123021222027E+00    0.588348273527E+00    0.857895040447E-01    0.973005965551E+00    0.960686708579E-02    0.572520286317E-01    0.799618210198E+00    0.807154231452E+00    0.801818257341E+00
    0.515160024502E-01    0.305757324471E+00    0.000000000000E+00    0.452060061431E+00    0.529526358547E+00    0.457188107389E+00    0.427139678400E+00    0.762799310095E+00    0.873328523375E+00    0.128439123917E-01    0.594883355795E+00
    0.895856285393E+00    0.273192295886E+00    0.723957835792E+00    0.000000000000E+00    0.104081911234E+00    0.723222816844E+00    0.687448149007E-01    0.843879420918E+00    0.320865660605E+00    0.618486272905E+00    0.576478789537E+00
    0.867794563784E+00    0.191744794899E+00    0.609128199513E+00    0.736528415176E-01    0.000000000000E+00    0.874772224379E+00    0.577155327793E+00    0.992743143093E+00    0.152329761994E+00    0.143440013676E+00    0.806076290700E+00
    0.165768095916E+00    0.596639792217E+00    0.348154435823E+00    0.140394464974E+00    0.584824595285E-01    0.000000000000E+00    0.563172533173E-01    0.832988557369E+00    0.667467230263E+00    0.304899699599E+00    0.398204983644E+00
    0.120309840426E+00    0.647471978373E+00    0.290953196637E+00    0.665257167351E+00    0.726730340695E+00    0.814943670513E+00    0.000000000000E+00    0.396104190681E+00    0.399842759278E-01    0.372889078048E-01    0.865191211122E+00
    0.622436438546E+00    0.879691731963E+00    0.345298981731E+00    0.865428906704E+00    0.208960827849E+00    0.868425987044E+00    0.709742040564E+00    0.000000000000E+00    0.244978481504E+00    0.659342470280E+00    0.118937563924E+01
    0.908679921629E+00    0.404241471960E+00    0.623716180340E+00    0.514698975232E+00    0.304828999112E+00    0.565664581155E+00    0.177515279705E+00    0.953442159216E-01    0.000000000000E+00    0.208602165245E+00    0.877708211181E+00
    0.997510102526E-01    0.450651782156E+00    0.443249127515E+00    0.646983433652E+00    0.107935626831E-01    0.883290057361E+00    0.743766732205E+00    0.394770311676E+00    0.615681518226E+00    0.000000000000E+00    0.634878684313E+00
    0.100000000000E+01    0.400786184749E+00    0.653513753893E+00    0.333726261075E+00    0.296876350965E+00    0.658956871262E+00    0.362439438809E+00    0.899705860191E+00    0.108801866226E+00    0.152450535382E+00    0.115718538760E+01
    0.208563057757E-01    0.100000000000E+01    0.663574120605E+00    0.929905115506E+00    0.270308206567E+00    0.300338619374E+00    0.883745659973E+00    0.378605053366E+00    0.463108776440E+00    0.220923307222E+00    0.115600336386E+01
    0.487169518731E+00    0.344203136987E+00    0.100000000000E+01    0.385188596027E+00    0.133901733671E+00    0.408101730793E+00    0.736218548003E+00    0.517213698527E+00    0.134242202523E+00    0.683099055541E+00    0.108000244178E+01
    0.733436489011E+00    0.461729233047E+00    0.700339384722E-01    0.100000000000E+01    0.151221786969E+00    0.475009989629E+00    0.626121514085E+00    0.132116702346E+00    0.359155488440E+00    0.225202081627E+00    0.644118538825E+00
    0.525249841102E+00    0.230036310877E-01    0.347784076413E+00    0.877342004994E+00    0.100000000000E+01    0.866145808634E+00    0.935460124562E+00    0.364510051459E-01    0.279909372271E+00    0.777439110734E+00    0.143506499639E+01
    0.777931820256E+00    0.219254514427E+00    0.505804672738E+00    0.679032609742E+00    0.413243920232E+00    0.100000000000E+01    0.537929448103E+00    0.214081478430E+00    0.709160563790E+00    0.725351620923E+00    0.155681834667E+01
    0.516391825951E-01    0.121981171365E+00    0.456123430243E+00    0.638747382894E-01    0.921400696408E+00    0.195530609211E+00    0.100000000000E+01    0.668433938333E+00    0.668096780297E+00    0.179750752682E+00    0.100412064967E+01
    0.376948401578E+00    0.564950188792E+00    0.867826053943E+00    0.535915315479E-01    0.767012644930E+00    0.867242764068E+00    0.485412528599E+00    0.100000000000E+01    0.513362270971E+00    0.215873946714E+00    0.152088543238E+01
    0.812421792065E+00    0.731098815941E+00    0.101450637220E+00    0.994179582042E+00    0.942995541647E+00    0.750085354104E+00    0.544081290715E+00    0.206075633135E+00    0.100000000000E+01    0.293065875155E+00    0.180733567872E+01
    0.381050539835E+00    0.512800520492E+00    0.114074815749E+00    0.523200571431E-02    0.963158397864E+00    0.769587737432E+00    0.579816186785E+00    0.115066168025E-01    0.713635803062E+00    0.100000000000E+01    0.165754217319E+01
    0.000000000000E+00    0.887097824547E+00    0.869584586677E+00    0.911216157183E+00    0.830258465529E+00    0.883549315849E+00    0.896571170367E+00    0.227942051388E+00    0.338013229406E+00    0.249338655191E+00    0.181459986046E+01
    0.498674575232E+00    0.000000000000E+00    0.950335053951E+00    0.657590393464E+00    0.813162371131E+00    0.173022550379E+00    0.524470006493E+00    0.491773038191E+00    0.572773441508E+00    0.598178038703E+00    0.136616733177E+01
    0.628162371543E+00    0.297208884827E-01    0.000000000000E+00    0.228663381047E+00    0.906476715292E+00    0.583418004006E+00    0.626595561138E+00    0.185442334157E+00    0.826702555028E+00    0.135762703847E+00    0.775957097285E+00
    0.440764610497E+00    0.483022916987E+00    0.176038108483E+00    0.000000000000E+00    0.455488747608E+00    0.582617450470E+00    0.542719029280E+00    0.453619608052E+00    0.900893912123E+00    0.917776613732E+00    0.155128245806E+01
    0.168549277969E+00    0.210689318190E+00    0.780430057300E+00    0.456250245862E-01    0.000000000000E+00    0.847481804545E+00    0.804094287161E+00    0.995763958916E-01    0.616099067106E+00    0.633085079695E-01    0.190191796781E+00
    0.384401252259E+00    0.637888986363E+00    0.439495172485E+00    0.311921076377E+00    0.869921435015E+00    0.000000000000E+00    0.164177498830E+00    0.688680415974E+00    0.219481577148E+00    0.348789732405E+00    0.571911881173E+00
    0.484459119571E+00    0.138034268610E+00    0.658920469102E+00    0.492063588075E+00    0.849922094366E+00    0.225533534453E+00    0.000000000000E+00    0.143767471789E+00    0.838560925934E+00    0.369263884244E-01    0.613753690944E+00
    0.644129743738E+00    0.102688125900E+00    0.311888333228E+00    0.408103094192E+00    0.914202252287E+00    0.523872936421E+00    0.687650768730E+00    0.000000000000E+00    0.745766133761E+00    0.410488723363E+00    0.978481476617E+00
    0.943252652509E+00    0.732004964827E+00    0.892595285706E+00    0.661752837474E+00    0.278200006247E+00    0.902589980683E+00    0.922447723076E-02    0.268999026199E+00    0.000000000000E+00    0.508274411712E+00    0.153472500141E+01
    0.288948360458E+00    0.845798939564E+00    0.148558628463E-01    0.292306787527E+00    0.838012310718E+00    0.779691028064E+00    0.615421383495E+00    0.273276877003E+00    0.460313438966E+00    0.000000000000E+00    0.107030580020E+01
    0.100000000000E+01    0.310597849021E+00    0.962955564688E+00    0.316680493979E+00    0.648414991476E+00    0.725837030581E+00    0.895892943657E+00    0.763091874476E-01    0.839997120406E+00    0.281090442436E+00    0.139067072971E+01
    0.228145486615E+00    0.100000000000E+01    0.304987959226E+00    0.893189458240E+00    0.835274354696E+00    0.860101292602E+00    0.629779773666E+00    0.109835261413E+00    0.506724983756E+00    0.986051672303E+00    0.178780711254E+01
    0.927419841143E+00    0.133001056042E+00    0.100000000000E+01    0.804241096578E-01    0.246981050776E+00    0.975910641055E-01    0.349199697890E+00    0.298757319817E+00    0.620664576124E+00    0.199120326873E+00    0.455787970582E+00
    0.471077930271E+00    0.850022577423E+00    0.912670873733E+00    0.100000000000E+01    0.612349374932E+00    0.727519241373E+00    0.927747965368E+00    0.237394706511E-01    0.225264293235E+00    0.396240608023E+00    0.186987680901E+01
    0.432352767324E+00    0.154713005787E+00    0.232646743950E+00    0.494011196052E-01    0.100000000000E+01    0.411124051104E+00    0.561181304798E-01    0.331427201665E+00    0.352328587796E+00    0.142978192893E+00    0.558482036656E+00
    0.264046275562E+00    0.360954239777E+00    0.186265986181E+00    0.354417758070E+00    0.529974249989E+00    0.100000000000E+01    0.137219271358E+00    0.999910619372E-01    0.612649341192E+00    0.192298590069E+00    0.822831151058E+00
    0.600665792433E-01    0.398266762169E+00    0.443009341469E-01    0.836217965475E+00    0.586726365046E+00    0.623592429902E+00    0.100000000000E+01    0.146682759666E+00    0.764201646190E+00    0.738824595253E+00    0.113813961032E+01
    0.817650201396E+00    0.274699884599E+00    0.286889193086E+00    0.819269596555E+00    0.576332259456E+00    0.448365578567E+00    0.449679453946E+00    0.100000000000E+01    0.258567968945E+00    0.909013465661E+00    0.140277677590E+01
    0.637936323346E+00    0.779725895119E+00    0.318769904961E+00    0.496807928955E+00    0.575411288525E+00    0.864291469848E+00    0.187052300713E+00    0.215355252197E+00    0.100000000000E+01    0.162909814425E+00    0.135629846519E+01
    0.523019912619E+00    0.367425135514E+00    0.379244280025E-01    0.527861461606E+00    0.326838132205E+00    0.903177852333E+00    0.435883056146E-02    0.181209952055E+00    0.608442550545E-01    0.100000000000E+01    0.569016587103E+00
    0.000000000000E+00    0.498271353977E+00    0.761842063950E+00    0.340738737502E+00    0.122574684184E+00    0.218262523629E+00    0.535509963362E+00    0.775911217901E+00    0.801558675469E+00    0.650119073285E-01    0.753961609148E+00
    0.975441043070E+00    0.000000000000E+00    0.398531076066E+00    0.323505475010E+00    0.666169495048E+00    0.764873793034E+00    0.519686239150E-01    0.352767387699E+00    0.340539009984E+00    0.350989320444E+00    0.776320964950E+00
    0.404776836307E+00    0.743268108636E+00    0.000000000000E+00    0.196728628149E+00    0.813110961925E+00    0.121566119818E+00    0.217795003979E+00    0.248538747368E+00    0.458638103142E+00    0.896154624185E+00    0.864845612594E+00
    0.444788708448E+00    0.430933673089E+00    0.606594653329E+00    0.000000000000E+00    0.231404369061E+00    0.575768632257E-01    0.551829060722E+00    0.674365405855E+00    0.182738261293E+00    0.666098449267E-01    0.589304565331E+00
    0.562469091033E+00    0.402624536272E+00    0.991771707823E+00    0.542968977683E+00    0.000000000000E+00    0.973551731568E+00    0.664377313975E+00    0.777705630386E+00    0.153412694474E+00    0.795196885630E-01    0.129385443470E+01
    0.756663029784E+00    0.226142435561E+00    0.217775823929E+00    0.182277726169E+00    0.224412594681E+00    0.000000000000E+00    0.992514319053E+00    0.804015920328E-01    0.363490015772E+00    0.896112397507E+00    0.616336943325E+00
    0.881485812481E+00    0.516913368100E+00    0.510172179754E+00    0.530566123024E+00    0.738539635824E+00    0.354186518038E+00    0.000000000000E+00    0.934029818031E+00    0.895233651198E+00    0.488720352134E+00    0.142543156305E+01
    0.206303859071E+00    0.903573726663E+00    0.964070532255E+00    0.251136625846E+00    0.638461721013E+00    0.166618176067E+00    0.204303124735E+00    0.000000000000E+00    0.819101758296E+00    0.489259770757E+00    0.935657033249E+00
    0.591810341990E-01    0.496456800954E+00    0.540747174054E+00    0.992262977811E+00    0.737870054578E+00    0.727353934924E+00    0.206787027379E+00    0.660016131437E+00    0.000000000000E+00    0.119616871859E+00    0.123911968959E+01
    0.649634114235E+00    0.415041738586E+00    0.576756552559E+00    0.951966604418E+00    0.312952441739E+00    0.861616165342E+00    0.173669325296E+00    0.180050418855E+00    0.157963696560E+00    0.000000000000E+00    0.111959236668E+01
    0.100000000000E+01    0.804493401130E+00    0.218075764712E+00    0.647549462055E+00    0.624057240866E+00    0.722621936264E+00    0.948862906931E-01    0.123249535895E+00    0.529029502814E+00    0.669929083503E+00    0.176277263825E+01
    0.953974015460E+00    0.100000000000E+01    0.753273642286E+00    0.703480587742E+00    0.702449983318E+00    0.101066802804E+00    0.158289672937E+00    0.873459304115E+00    0.987866752034E+00    0.303441842688E-01    0.172311737234E+01
    0.385850934520E+00    0.174614780416E+00    0.100000000000E+01    0.551520127813E+00    0.952090660880E+00    0.296090559066E+00    0.370747205531E+00    0.922520262930E+00    0.860841540374E+00    0.103187828824E+00    0.133165063912E+01
    0.335735985600E+00    0.452414768841E+00    0.476014199533E+00    0.100000000000E+01    0.955686631791E+00    0.370025378429E+00    0.262316254268E+00    0.416740442622E+00    0.392658255303E+00    0.708899554366E+00    0.136920747955E+01
    0.281831046062E+00    0.840345829605E+00    0.753579819992E-01    0.706116010416E-01    0.100000000000E+01    0.713064961397E+00    0.327241612773E+00    0.568669860502E+00    0.694998869809E+00    0.236057239191E+00    0.130537361010E+01
    0.326112415183E+00    0.514360517796E+00    0.179111891284E-01    0.172819561450E+00    0.606361240056E+00    0.100000000000E+01    0.948056419886E-01    0.186260773350E+00    0.739150896513E+00    0.662933037771E+00    0.128486211603E+01
    0.344184206794E+00    0.283182501059E-01    0.398336228253E+00    0.271329860238E+00    0.195398892905E+00    0.996611782046E+00    0.100000000000E+01    0.628831080364E+00    0.456302919600E+00    0.104930898338E+00    0.989275402090E+00
    0.965132886418E+00    0.447995304796E+00    0.739152072934E+00    0.606025168132E+00    0.142914692897E-01    0.836706306138E+00    0.259572391207E+00    0.100000000000E+01    0.940602425005E+00    0.973293745877E+00    0.206733237219E+01
    0.352289077462E+00    0.156226757325E+00    0.772151185676E+00    0.431719864978E+00    0.693665709089E-02    0.267664712295E+00    0.521536181713E+00    0.445542117226E+00    0.100000000000E+01    0.619800597038E-01    0.684593078475E+00
    0.647603194429E+00    0.142776037439E+00    0.115383999893E-01    0.227491308150E+00    0.238015086415E+00    0.334081353546E-01    0.734036960329E+00    0.172107628248E+00    0.275257391201E+00    0.100000000000E+01    0.504629495354E+00
    0.000000000000E+00    0.604826827260E+00    0.299455048603E-01    0.337998787125E+00    0.974306638946E+00    0.445709403518E+00    0.902443778671E-01    0.380819442187E+00    0.486100430520E+00    0.496352058672E+00    0.720022938261E+00
    0.138273194716E+00    0.000000000000E+00    0.468486192809E+00    0.896480876113E+00    0.464806102426E+00    0.470683562610E+00    0.349002290487E-01    0.501726991597E-01    0.735465870554E+00    0.422664070803E-01    0.671602043360E+00
    0.975165454741E-01    0.527029573335E+00    0.000000000000E+00    0.421371418696E+00    0.673328578203E+00    0.220403397806E+00    0.288698715138E+00    0.966325251475E+00    0.672853687596E+00    0.340383456626E-01    0.501677694736E+00
    0.877206513788E+00    0.716611493886E+00    0.308835614855E+00    0.000000000000E+00    0.817514560504E+00    0.495708319057E+00    0.921517720857E+00    0.567736546608E+00    0.786887538268E+00    0.268337428731E+00    0.176819570608E+01
    0.789279722105E-01    0.475304769309E+00    0.933818572767E+00    0.928782638889E+00    0.000000000000E+00    0.513644487412E+00    0.490842682423E+00    0.860436013827E+00    0.280221481458E+00    0.483142109210E+00    0.146255483856E+01
    0.845635855217E+00    0.210100444942E+00    0.923631803021E+00    0.275359741129E+00    0.183971359017E+00    0.000000000000E+00    0.894879699586E+00    0.154973959460E+00    0.224759234720E+00    0.737049078626E+00    0.736341120767E+00
    0.339451376292E+00    0.209521385412E+00    0.456746099943E+00    0.365938493605E-01    0.418534155739E+00    0.180171871305E+00    0.000000000000E+00    0.673879967396E+00    0.613894521348E+00    0.305380259115E+00    0.350715770661E+00
    0.842190450170E+00    0.778335733801E+00    0.789794424308E+00    0.233096973641E+00    0.435550712214E+00    0.982038545913E+00    0.828463213955E+00    0.000000000000E+00    0.924349446985E+00    0.345772328759E+00    0.158694766110E+01
    0.390980703304E+00    0.123923710669E-01    0.617743920497E+00    0.888229982089E-01    0.750802966701E+00    0.185986553007E-01    0.913632512114E+00    0.460305941694E-01    0.000000000000E+00    0.446503496371E+00    0.115734018061E+00
    0.918120144718E+00    0.441069128569E+00    0.448474186771E+00    0.303422678830E+00    0.204702426150E-02    0.857666948717E+00    0.320636387857E+00    0.327912451759E+00    0.320295980338E+00    0.000000000000E+00    0.647928020406E+00
    0.100000000000E+01    0.914518621556E+00    0.611984241410E+00    0.187239828721E+00    0.336116100117E+00    0.327842038962E+00    0.113401488753E+00    0.672765325766E+00    0.962835355788E+00    0.754791602996E-03    0.121631876325E+01
    0.604863427092E+00    0.100000000000E+01    0.476189089353E+00    0.276546708831E+00    0.464910468079E+00    0.503395555091E+00    0.427724434604E+00    0.337846092235E+00    0.623033118158E+00    0.526730359204E+00    0.144326130259E+01
    0.226258493227E-01    0.600662627203E+00    0.100000000000E+01    0.379564422167E+00    0.561280802966E+00    0.612165174598E+00    0.852445545218E+00    0.594663600609E+00    0.388331890968E+00    0.679819410824E+00    0.150766537958E+01
    0.865077498320E+00    0.378528174461E+00    0.801882637029E+00    0.100000000000E+01    0.470124026606E+00    0.809492200124E+00    0.121733680407E+00    0.521508834508E+00    0.934569840391E+00    0.593531497713E+00    0.212808240274E+01
    0.625051733751E+00    0.135972942267E+00    0.113173178030E-01    0.463689717248E+00    0.100000000000E+01    0.137329539473E+00    0.205252250265E+00    0.417035315716E+00    0.312297581180E+00    0.800958553660E+00    0.563302242596E+00
    0.982768924588E+00    0.896821297539E+00    0.276684048244E+00    0.811856360738E+00    0.631262711293E+00    0.100000000000E+01    0.159551960842E+00    0.269189470305E+00    0.477938277524E+00    0.827073155629E+00    0.217549814512E+01
    0.348471915441E+00    0.268314658906E+00    0.646903116476E+00    0.265417727086E+00    0.810341507574E-01    0.672525272419E+00    0.100000000000E+01    0.273107098324E+00    0.865884216269E+00    0.173829190715E+00    0.743320243153E+00
    0.338893697785E+00    0.557733091361E+00    0.774454552365E+00    0.332462456410E-01    0.586117604625E+00    0.543665370480E+00    0.553340815054E-01    0.100000000000E+01    0.980219396771E+00    0.674520916443E+00    0.124992434799E+01
    0.878228074678E+00    0.793146866096E-01    0.738427579753E+00    0.463942024015E+00    0.888207318762E+00    0.925042517800E+00    0.498748861620E+00    0.685405143652E+00    0.100000000000E+01    0.914704555374E+00    0.249042309545E+01
    0.548157977732E+00    0.140311531754E+00    0.382386753588E+00    0.503393852256E+00    0.136354448452E+00    0.331671126104E+00    0.352637139202E+00    0.573635419898E+00    0.190046375635E+00    0.100000000000E+01    0.706960388959E+00
    0.000000000000E+00    0.323124700657E+00    0.921246248404E+00    0.615615758866E+00    0.725828520752E+00    0.736154935470E+00    0.268469604498E+00    0.636970158944E+00    0.985099408256E+00    0.738314320891E+00    0.199977608343E+01
    0.134183297186E+00    0.000000000000E+00    0.213599210624E+00    0.135200318203E+00    0.340972724651E+00    0.820503949215E+00    0.868173057826E+00    0.547243487802E+00    0.114920114095E+00    0.508329601910E+00    0.842167496424E+00
    0.166553185649E+00    0.305808493134E+00    0.000000000000E+00    0.134900086724E-01    0.546393036917E-01    0.701942254340E-01    0.606480458164E+00    0.266828578302E+00    0.275130193912E+00    0.565389264640E+00    0.372150718767E+00
    0.471817110162E+00    0.186013154365E+00    0.695193500196E+00    0.000000000000E+00    0.885560909311E+00    0.138121648589E+00    0.445051632497E+00    0.770428293409E+00    0.606993607585E+00    0.855130012124E+00    0.107201814238E+01
    0.700346501245E+00    0.488528824533E+00    0.575467350622E+00    0.111419889661E+00    0.000000000000E+00    0.816139305226E+00    0.789794732829E+00    0.683313711212E+00    0.876762398692E+00    0.955725315257E+00    0.178387955161E+01
    0.687669323391E+00    0.164465333046E+00    0.471767953299E+00    0.686358639006E+00    0.407987911645E+00    0.000000000000E+00    0.681274492219E-02    0.422876267922E+00    0.977431019392E+00    0.280736192745E+00    0.714180985852E+00
    0.923801452001E+00    0.766672696417E+00    0.935732992735E+00    0.629703278700E+00    0.608898221207E+00    0.547225901944E+00    0.000000000000E+00    0.204679917865E+00    0.747847147934E+00    0.416989234278E-01    0.166187678292E+01
    0.530262214101E-01    0.392546692011E+00    0.591279486316E+00    0.416450453106E+00    0.810522065125E+00    0.459902051458E+00    0.370566061815E+00    0.000000000000E+00    0.613925173887E+00    0.377489305630E+00    0.871564825896E+00
    0.779083425012E+00    0.909001822906E+00    0.815583578013E+00    0.517440471475E-01    0.553789611091E+00    0.837472392631E+00    0.687080366353E+00    0.668079315093E+00    0.000000000000E+00    0.550568017870E+00    0.167319753983E+01
    0.771751596884E-01    0.661558233095E+00    0.514401798098E-01    0.719457406688E+00    0.683316438236E-01    0.629051031388E+00    0.636247703241E+00    0.742742923884E-01    0.814359510818E+00    0.000000000000E+00    0.178305819613E+00
    0.100000000000E+01    0.894662408881E+00    0.944549621132E+00    0.939533904295E-01    0.146013942658E+00    0.111379257086E+00    0.606871907344E+00    0.106596568637E+00    0.624841424859E+00    0.584304253092E+00    0.142945693765E+01
    0.255228384025E+00    0.100000000000E+01    0.454623282161E+00    0.402253817145E+00    0.603221224414E+00    0.449131364249E+00    0.595684810775E+00    0.987666424555E+00    0.635619089003E+00    0.991807670278E-01    0.136040698211E+01
    0.973465907639E+00    0.618299815915E+00    0.100000000000E+01    0.589030815758E+00    0.579074935442E+00    0.313241371171E+00    0.628985523105E+00    0.329893970819E+00    0.849535323397E+00    0.697915430707E+00    0.217271717697E+01
    0.253862459792E+00    0.610371397658E+00    0.523318861878E+00    0.100000000000E+01    0.261942608295E+00    0.918587520820E+00    0.207733741015E+00    0.168521791714E-02    0.103154786668E+00    0.485193028663E+00    0.969286517412E+00
    0.906025602011E+00    0.544546317874E+00    0.629849885817E+00    0.358205455521E+00    0.100000000000E+01    0.176049401273E+00    0.772619680374E+00    0.144451626534E+00    0.334316623324E+00    0.169482690148E-01    0.101231022960E+01
    0.225587653419E+00    0.960404650456E+00    0.816355235411E+00    0.550544095344E+00    0.760039770550E+00    0.100000000000E+01    0.347731906704E+00    0.616256179576E+00    0.969013586787E+00    0.504842313144E+00    0.212962575350E+01
    0.853923881876E+00    0.928921341003E+00    0.818186250854E+00    0.439206476349E+00    0.494930939722E+00    0.385288459867E+00    0.100000000000E+01    0.408772835326E+00    0.559178194626E+00    0.885766233862E+00    0.224734599604E+01
    0.952478425409E+00    0.640877627212E+00    0.177832628154E+00    0.635824886461E+00    0.412261204548E+00    0.690397554327E+00    0.759842798118E+00    0.100000000000E+01    0.680320660112E-01    0.372564731935E+00    0.179330579777E+01
    0.916521696557E-01    0.905482959717E+00    0.132564807289E+00    0.682642562812E+00    0.284433960019E+00    0.869052548585E+00    0.784053781492E+00    0.316463465913E-01    0.100000000000E+01    0.806520406156E+00    0.125200475936E+01
    0.576013045312E+00    0.254770329833E+00    0.247310830110E+00    0.103595730005E+00    0.516211686449E+00    0.100453754988E+00    0.638436577235E+00    0.744799775213E+00    0.233209227201E+00    0.100000000000E+01    0.932943428211E+00
    0.000000000000E+00    0.553167479665E+00    0.373431214163E+00    0.608661508737E+00    0.257114920304E+00    0.669752994123E+00    0.890325598708E+00    0.422356320592E+00    0.230158503756E+00    0.140539954355E+00    0.807877803541E+00
    0.335871266796E-01    0.000000000000E+00    0.382912354703E+00    0.353108892484E+00    0.566538604799E+00    0.238153110172E+00    0.772040833420E+00    0.785497168626E+00    0.351194621495E+00    0.250556583747E-03    0.876656571092E+00
    0.734158908433E+00    0.467019922402E+00    0.000000000000E+00    0.750470942975E+00    0.333429276932E+00    0.152886105101E+00    0.606100037238E+00    0.941069729293E+00    0.654100339364E+00    0.505399196509E+00    0.129480772384E+01
    0.521601231571E+00    0.697115630107E+00    0.360353680661E+00    0.000000000000E+00    0.158384004832E+00    0.977116242537E+00    0.750504738448E+00    0.383761654961E+00    0.317321663312E+00    0.534421423177E+00    0.975974390285E+00
    0.385296510172E+00    0.747281641161E+00    0.166903785122E-01    0.903604394232E+00    0.000000000000E+00    0.563508703960E+00    0.737273199675E+00    0.681766251920E+00    0.173376610632E+00    0.160026371644E+00    0.833399323730E+00
    0.947553966437E+00    0.640671423802E+00    0.357662680591E+00    0.666317693877E+00    0.515933394472E+00    0.000000000000E+00    0.268839813764E+00    0.525977582401E+00    0.552094231866E+00    0.889633161404E-01    0.103590757031E+01
    0.599569624601E+00    0.115356910148E+00    0.359561894687E+00    0.547683104479E+00    0.739561043167E+00    0.543434942128E+00    0.000000000000E+00    0.521931321879E+00    0.155142180403E+00    0.475340469342E+00    0.741739143588E+00
    0.204638485050E+00    0.956426249015E+00    0.224934318321E+00    0.455374025042E+00    0.755165301131E+00    0.888475262621E+00    0.479259735076E+00    0.000000000000E+00    0.864737069288E+00    0.233723881692E+00    0.117120625829E+01
    0.752419080501E+00    0.769329893649E+00    0.502667421279E-02    0.378358312377E+00    0.978038393298E+00    0.310631235417E+00    0.401318437914E+00    0.292086179948E+00    0.000000000000E+00    0.608479956397E+00    0.100178921902E+01
    0.688840522820E+00    0.508184322772E+00    0.859760551112E+00    0.802206358852E+00    0.940977711658E+00    0.373750609483E+00    0.568527429812E+00    0.887573424440E+00    0.393184416616E-01    0.000000000000E+00    0.189606416679E+01
    0.100000000000E+01    0.954309399001E+00    0.235716410050E+00    0.476364423229E+00    0.747767275014E+00    0.947015937585E+00    0.320808757525E+00    0.535770982823E+00    0.536244433787E+00    0.163704812248E+00    0.203440965543E+01
    0.240720442475E+00    0.100000000000E+01    0.957259953898E+00    0.577174480116E+00    0.724634992434E+00    0.174898955341E+00    0.205069752160E+00    0.224085449340E+00    0.258566559287E-01    0.584596469616E+00    0.981033219213E+00
    0.318566203850E+00    0.219198352915E+00    0.100000000000E+01    0.131630496340E+00    0.627510515387E+00    0.652369149601E+00    0.360918535282E+00    0.571975979177E+00    0.227830633466E+00    0.364632420649E+00    0.900339352806E+00
    0.186999187919E+00    0.923096485533E+00    0.463152592962E+00    0.100000000000E+01    0.208346226114E+00    0.236124272615E+00    0.856944173147E-01    0.629702050400E+00    0.687781575352E-01    0.654521331059E+00    0.783945208730E+00
    0.276069798216E+00    0.244647992576E-01    0.328255627974E+00    0.628192024654E+00    0.100000000000E+01    0.407807523590E+00    0.150240807844E+00    0.868360975046E+00    0.544413341589E+00    0.222813342132E+00    0.872534893857E+00
    0.469709239475E+00    0.593659466368E+00    0.403935665862E+00    0.652818464552E+00    0.813495895088E+00    0.100000000000E+01    0.387462358144E+00    0.786232848907E+00    0.885146327373E+00    0.167901675242E+00    0.180929307760E+01
    0.706892649996E+00    0.639294245973E+00    0.447800156495E+00    0.612402141793E+00    0.620572016057E+00    0.721621485805E+00    0.100000000000E+01    0.189455264630E+00    0.657925301839E+00    0.287041339079E+00    0.155227130316E+01
    0.263932420954E+00    0.529262818020E+00    0.204988107255E+00    0.538668025483E+00    0.555297359851E+00    0.759641762402E+00    0.960709941231E+00    0.100000000000E+01    0.837592052007E+00    0.625666345565E+00    0.215670032044E+01
    0.988851143990E+00    0.467745081503E+00    0.478330436567E+00    0.799833143344E+00    0.187088744117E+00    0.124456519680E+00    0.614998897029E+00    0.266696501783E+00    0.100000000000E+01    0.235863193898E+00    0.126828045788E+01
    0.578708697550E+00    0.740334709951E+00    0.527212149726E+00    0.798474736237E+00    0.573164720619E+00    0.350880362103E-01    0.332969725503E-02    0.724315925057E+00    0.621990112262E+00    0.100000000000E+01    0.149391680742E+01
    0.000000000000E+00    0.936133834295E-01    0.205378903692E+00    0.192971701390E+00    0.282489084540E+00    0.387413864783E+00    0.890405674375E+00    0.377573827974E+00    0.385549357614E+00    0.651048213268E-01    0.510367505439E+00
    0.767251818665E+00    0.000000000000E+00    0.423299941488E+00    0.443880029116E+00    0.275292495137E+00    0.588884743028E+00    0.405487397899E+00    0.413658057994E+00    0.642267748976E-01    0.421522847862E+00    0.544816123228E+00
    0.965778294383E+00    0.939643790316E+00    0.000000000000E+00    0.784679253968E+00    0.351430069146E+00    0.424611024105E+00    0.813752455778E-01    0.964923037659E+00    0.283216717018E+00    0.696982610363E+00    0.133262663458E+01
    0.803306001062E+00    0.203743474766E+00    0.332239512333E+00    0.000000000000E+00    0.429802509342E+00    0.161549667113E+00    0.729801581866E+00    0.345604031347E+00    0.139465344153E+00    0.399642413242E+00    0.541061443742E+00
    0.792151509730E+00    0.356966151850E+00    0.440757165523E+00    0.652375906341E-01    0.000000000000E+00    0.214903307828E+00    0.326753176993E+00    0.817689804213E+00    0.447467023888E+00    0.973741611425E-01    0.622279679056E+00
    0.185013541253E-01    0.553299887224E+00    0.479710236222E+00    0.816511114027E+00    0.621148275342E-01    0.000000000000E+00    0.396225972474E+00    0.776289716381E+00    0.330203262360E+00    0.106587259241E+00    0.744707145061E+00
    0.196834673247E+00    0.846173931814E-01    0.742655590196E+00    0.502215533704E+00    0.500778473872E+00    0.969669515366E+00    0.000000000000E+00    0.318474123280E+00    0.890500934436E+00    0.109478350734E+00    0.972709004221E+00
    0.328683576496E+00    0.936469124259E+00    0.770622543062E+00    0.295362646466E+00    0.459938506091E+00    0.339616706346E+00    0.516896573584E+00    0.000000000000E+00    0.575300846840E+00    0.194813903549E+00    0.803694539032E+00
    0.484185224951E+00    0.417290229091E+00    0.605303657721E+00    0.498181754786E+00    0.789734729885E+00    0.852388298206E+00    0.923681478172E+00    0.705486163094E+00    0.000000000000E+00    0.311003873401E+00    0.182840214622E+01
    0.450952044751E+00    0.478373009200E+00    0.997737601976E+00    0.113376897653E+00    0.794374126463E+00    0.404593105404E+00    0.991485641287E+00    0.410145537218E+00    0.719394112502E+00    0.000000000000E+00    0.105689538630E+01
    0.100000000000E+01    0.362219584088E+00    0.683566718444E+00    0.480337229287E+00    0.722805918457E-01    0.314795068615E+00    0.680266777924E+00    0.506181701600E+00    0.303224887489E+00    0.800858317719E+00    0.130049447000E+01
    0.836208483153E+00    0.100000000000E+01    0.848722362448E+00    0.329514559486E+00    0.488226967455E+00    0.605866609171E+00    0.878225192654E+00    0.215638117032E+00    0.966726739061E+00    0.298699739850E+00    0.188981512816E+01
    0.742944492023E+00    0.222761900378E+00    0.100000000000E+01    0.459748278988E-01    0.182086599392E+00    0.322103164250E-01    0.970452514416E+00    0.217209104383E+00    0.847705234159E+00    0.371567900233E+00    0.743110797175E+00
    0.421309725902E+00    0.249949763447E+00    0.696003324078E+00    0.100000000000E+01    0.647805766509E+00    0.891924333699E+00    0.758472910157E+00    0.312124178683E+00    0.740388670508E+00    0.104002813012E+00    0.169284355566E+01
    0.226147923225E+00    0.329808426282E+00    0.597496669595E+00    0.224620721375E+00    0.100000000000E+01    0.442501211828E-01    0.635764437223E+00    0.509890353609E+00    0.670659271622E+00    0.844763978702E+00    0.114376469315E+01
    0.962833445234E+00    0.890495372848E+00    0.789055377356E+00    0.327263933265E+00    0.868602714988E+00    0.100000000000E+01    0.676849679753E+00    0.266803801546E-01    0.978288104160E+00    0.442153248311E+00    0.243484267895E+01
    0.664484597176E+00    0.929011967773E+00    0.429736880853E+00    0.352365547812E+00    0.162236230222E+00    0.737739782935E+00    0.100000000000E+01    0.989593269855E+00    0.359833192283E+00    0.479947222914E+00    0.205072094709E+01
    0.699099418037E+00    0.105042455781E+00    0.489151814442E+00    0.437257718120E+00    0.171754814212E+00    0.732018778522E+00    0.745366107891E+00    0.100000000000E+01    0.344720477392E+00    0.147813147824E+00    0.120936860198E+01
    0.913518234603E+00    0.869776247712E+00    0.620245656254E+00    0.288348021487E+00    0.803196167639E+00    0.186011494730E+00    0.884315636703E+00    0.976650513619E-01    0.100000000000E+01    0.724452687937E+00    0.193362620985E+01
    0.517204519781E+00    0.916581628545E+00    0.993772375599E+00    0.560355684204E+00    0.408925201206E+00    0.918992972908E+00    0.361551652954E+00    0.362026159914E+00    0.859456397927E+00    0.100000000000E+01    0.239707310131E+01
    0.000000000000E+00    0.238453966587E+00    0.931928476948E+00    0.695459252170E+00    0.672867759642E+00    0.307996499999E+00    0.228125496003E+00    0.513895551576E+00    0.592769669400E-01    0.814802519315E+00    0.102089089618E+01
    0.536416104874E-01    0.000000000000E+00    0.427577871469E+00    0.562392314089E+00    0.492717867074E+00    0.523033747758E+00    0.282054648955E+00    0.810301102982E+00    0.631028412584E+00    0.395121326511E+00    0.976056557787E+00
    0.211614554591E+00    0.485716344055E+00    0.000000000000E+00    0.182257150932E+00    0.912763840152E-01    0.995138465959E+00    0.912219930842E+00    0.520597868001E+00    0.348560182872E+00    0.160189441519E+00    0.724352700746E+00
    0.976980799654E+00    0.754885307993E+00    0.763963695168E+00    0.000000000000E+00    0.844192424159E+00    0.374738494028E+00    0.347054711823E+00    0.178247213960E+00    0.210662075391E-02    0.192987330907E+00    0.111612793614E+01
    0.830360065313E+00    0.428830947609E+00    0.608602501486E+00    0.830739273326E+00    0.000000000000E+00    0.377235688632E-01    0.785754243432E+00    0.908290922217E+00    0.185279345802E+00    0.463040841434E+00    0.166115944408E+01
    0.770251523342E+00    0.321627782155E+00    0.342666599580E+00    0.458659107781E+00    0.897642342476E+00    0.000000000000E+00    0.787838085859E+00    0.217150411572E+00    0.176834608034E+00    0.414667661131E+00    0.649308403901E+00
    0.447536457048E+00    0.825451626437E+00    0.240627842913E+00    0.775641359863E+00    0.272149927989E+00    0.870868184410E+00    0.000000000000E+00    0.522226294186E+00    0.650620961385E+00    0.325834916897E+00    0.100506234422E+01
    0.218763644204E+00    0.302258488285E+00    0.835628200083E+00    0.456067473029E+00    0.699474950175E+00    0.785169125806E+00    0.890628871680E+00    0.000000000000E+00    0.245928401634E+00    0.284551333249E+00    0.106641139971E+01
    0.332179532738E+00    0.444693667849E+00    0.714181368066E+00    0.708423546376E+00    0.868129014940E+00    0.679783343449E+00    0.428242050121E+00    0.992918954801E+00    0.000000000000E+00    0.440908318972E+00    0.166901032545E+01
    0.891249535896E+00    0.930036685637E-01    0.337115357182E+00    0.427688098602E+00    0.453209517989E+00    0.265220996257E+00    0.405453017617E+00    0.296552281176E+00    0.155933563046E+00    0.000000000000E+00    0.467508399725E+00
    0.100000000000E+01    0.745775104855E+00    0.426389047270E+00    0.892334775867E+00    0.730127643088E+00    0.171906974866E+00    0.691548586479E+00    0.954089320464E+00    0.654458052316E+00    0.399107917806E+00    0.217276942566E+01
    0.285467444252E+00    0.100000000000E+01    0.728583548469E+00    0.785968782026E+00    0.579968753953E+00    0.341825857805E+00    0.739733183755E+00    0.483854763752E+00    0.405086790445E+00    0.964266275769E+00    0.180489464092E+01
    0.987584325858E+00    0.518460377830E-01    0.100000000000E+01    0.338564593684E+00    0.803200317005E+00    0.401463417724E-01    0.707604458983E-01    0.298000380423E+00    0.998459583988E+00    0.221969500866E+00    0.664726697684E+00
    0.855233535081E+00    0.426298592022E+00    0.854609586418E+00    0.100000000000E+01    0.747790893632E+00    0.342389924786E+00    0.251022228382E+00    0.948831347096E+00    0.981620769239E-02    0.341414302126E+00    0.171675965890E+01
    0.172391013946E+00    0.388882062261E+00    0.239317282627E+00    0.147696488493E+00    0.100000000000E+01    0.503401474757E+00    0.140148352001E+00    0.342702033975E+00    0.789837435235E+00    0.148439230937E+00    0.771059556796E+00
    0.677455699971E+00    0.211006707379E+00    0.181066706955E+00    0.463386682326E+00    0.639137170755E-01    0.100000000000E+01    0.874472143515E+00    0.607209986356E+00    0.814262493674E+00    0.883693183963E+00    0.154131174829E+01
    0.102123033315E+00    0.933088816771E-01    0.676402829746E+00    0.617283404850E+00    0.579463125336E+00    0.925285253110E+00    0.100000000000E+01    0.433353869614E-01    0.683198954240E+00    0.366564084062E+00    0.125700149828E+01
    0.554280909897E+00    0.341033561869E+00    0.575284319260E+00    0.185119428652E+00    0.361824618207E+00    0.152842878686E+00    0.242241633970E+00    0.100000000000E+01    0.495652374536E+00    0.717703090789E+00    0.948799888829E+00
    0.587066242450E+00    0.334014214363E+00    0.124708416410E+00    0.833252973618E+00    0.762959613682E-01    0.846291226140E+00    0.477402932349E+00    0.196076622781E+00    0.100000000000E+01    0.158152423862E+00    0.616330709798E+00
    0.802289699246E+00    0.155590345121E+00    0.151765779598E-01    0.869654877724E+00    0.712313623351E+00    0.443870852949E+00    0.711544935757E+00    0.868459032607E+00    0.391904363270E-02    0.100000000000E+01    0.107606884200E+01
    0.000000000000E+00    0.518595878612E+00    0.125032061160E+00    0.800385913560E+00    0.881663551540E+00    0.817651273374E+00    0.103923379791E+00    0.657139168275E+00    0.541518165539E+00    0.479907880822E+00    0.114913818471E+01
    0.748879791193E+00    0.000000000000E+00    0.763879002900E+00    0.104201734755E+00    0.252185908194E-02    0.980909379594E+00    0.342220627098E+00    0.159368018118E+00    0.295338649341E+00    0.617213818055E+00    0.318897350951E+00
    0.163519071191E+00    0.259295066949E-01    0.000000000000E+00    0.876091709207E+00    0.433934802647E+00    0.208375377472E-01    0.169306551214E+00    0.911108212435E+00    0.150426636142E+00    0.494464209210E+00    0.241919278595E+00
    0.932161776641E+00    0.651180987364E+00    0.498647740547E+00    0.000000000000E+00    0.260650633404E+00    0.795302415048E+00    0.259440136549E+00    0.859669206109E-01    0.885549827494E-01    0.905686701646E+00    0.916808444189E+00
    0.922923728229E-01    0.105522655762E+00    0.235709958596E+00    0.476522186348E+00    0.000000000000E+00    0.334874804336E-01    0.556212916428E+00    0.882441966610E+00    0.599208099868E+00    0.798515027027E+00    0.109136225299E+01
    0.728622549262E+00    0.792231078546E+00    0.385773653782E+00    0.903498657512E+00    0.679109808851E+00    0.000000000000E+00    0.932532859494E+00    0.757084172941E+00    0.389866743612E+00    0.697767479943E+00    0.190382561023E+01
    0.618518461171E+00    0.387961260148E+00    0.619114454975E+00    0.144475510801E+00    0.105279257443E-01    0.441053062326E+00    0.000000000000E+00    0.885330514112E+00    0.417887238453E-01    0.714584492140E+00    0.363913026643E+00
    0.944541147670E+00    0.514259079872E+00    0.169857064233E+00    0.235204793969E+00    0.569141801677E+00    0.466084581588E+00    0.416890771971E+00    0.000000000000E+00    0.729662763018E+00    0.307504663566E-01    0.813395746043E+00
    0.673407699096E+00    0.394497472457E+00    0.302545578104E+00    0.310492715197E+00    0.259079106433E+00    0.879848319987E+00    0.622433340532E+00    0.661375043174E-01    0.000000000000E+00    0.993729769109E+00    0.628712337528E+00
    0.561468113656E+00    0.545177619362E+00    0.296131638824E+00    0.825164362635E+00    0.610363786823E+00    0.489533492252E+00    0.643533738870E+00    0.400554728877E+00    0.437214724014E+00    0.000000000000E+00    0.110702112296E+01
    0.100000000000E+01    0.109709696335E+00    0.232068413243E+00    0.388135867220E+00    0.842041079745E+00    0.896402172733E+00    0.944007529980E-01    0.515724377553E+00    0.570880205810E+00    0.168798395788E+00    0.109963965709E+01
    0.722497872057E+00    0.100000000000E+01    0.560676472025E+00    0.121586143068E+00    0.827503553259E+00    0.395378195504E+00    0.123169624974E+00    0.702663248955E+00    0.656341211577E+00    0.547183707687E+00    0.156353120998E+01
    0.338156839939E+00    0.423661260706E+00    0.100000000000E+01    0.181353259622E+00    0.281854353212E+00    0.304719969957E+00    0.876686133164E+00    0.390249374104E+00    0.512179243861E+00    0.421040514367E+00    0.968278289826E+00
    0.535022613500E+00    0.267834420412E+00    0.496317157676E+00    0.100000000000E+01    0.546838488440E+00    0.538377004576E+00    0.154517358395E+00    0.199950834450E-01    0.416169096413E+00    0.163229439260E+00    0.100504053238E+01
    0.103307614854E+00    0.160835775378E+00    0.281525247304E+00    0.586201502761E+00    0.100000000000E+01    0.362314780831E+00    0.459470665458E+00    0.588236623368E+00    0.155844381280E-01    0.899336273734E+00    0.828253987504E+00
    0.935920225195E-01    0.991652289368E+00    0.524275169822E-01    0.753192824797E+00    0.478794767998E+00    0.100000000000E+01    0.390497755650E+00    0.572807211806E+00    0.335807979307E+00    0.976657270527E+00    0.116274277613E+01
    0.918772649476E+00    0.428486740093E+00    0.892042470264E+00    0.889751404509E+00    0.417637212404E+00    0.645914445697E+00    0.100000000000E+01    0.241238913515E+00    0.894318024419E+00    0.264934484758E+00    0.193531044534E+01
    0.789271359080E+00    0.459843681743E+00    0.423294346127E+00    0.475891822775E+00    0.505999770840E+00    0.246921414137E+00    0.975280737285E+00    0.100000000000E+01    0.523826058850E+00    0.608116903059E+00    0.198315416251E+01
    0.122289937635E+00    0.875818769917E+00    0.516983271976E-01    0.882076267189E+00    0.925675480991E+00    0.759590686888E-01    0.752272804477E+00    0.493277223155E+00    0.100000000000E+01    0.434514346409E+00    0.102861252413E+01
    0.358772435934E+00    0.165251209787E+00    0.390203795800E+00    0.465527406496E+00    0.788246397850E-01    0.471705349953E+00    0.733913746289E+00    0.924419571884E+00    0.457983660869E+00    0.100000000000E+01    0.141454803645E+01
    0.000000000000E+00    0.568500607654E+00    0.858618394616E+00    0.424190459751E+00    0.325201454482E+00    0.105371626599E+00    0.609684875817E+00    0.611824485884E+00    0.207594120375E+00    0.920096691516E+00    0.962511536827E+00
    0.861071376364E+00    0.000000000000E+00    0.338226419086E+00    0.821030236199E+00    0.505549014037E-01    0.363817987374E+00    0.827692795432E+00    0.941597637186E+00    0.447131022445E+00    0.388198836169E+00    0.124901622225E+01
    0.216904155737E+00    0.889892569344E+00    0.000000000000E+00    0.991865090520E+00    0.687666930578E+00    0.827111605775E+00    0.179701776206E+00    0.135954538365E+00    0.815588569729E+00    0.622044051121E+00    0.129356198563E+01
    0.839286798183E+00    0.774353451223E+00    0.361334069798E+00    0.000000000000E+00    0.286944850542E+00    0.206901936693E+00    0.720756752165E+00    0.822303479901E+00    0.345413530495E+00    0.305554180761E+00    0.140749740784E+01
    0.176483514600E+00    0.217447346256E+00    0.348512309576E+00    0.662731540847E+00    0.000000000000E+00    0.329139150510E+00    0.293379703524E+00    0.994520026588E+00    0.712506260945E+00    0.205070677272E+00    0.707232103879E+00
    0.366477489574E+00    0.443445933766E+00    0.264427189107E+00    0.686557352743E-01    0.644383342842E+00    0.000000000000E+00    0.324975581557E+00    0.889157063235E+00    0.703319389043E+00    0.136426496057E+00    0.565573129240E+00
    0.745858103106E+00    0.687827618003E+00    0.907231408306E+00    0.836750023818E+00    0.372096624607E+00    0.847839633556E+00    0.000000000000E+00    0.578834762649E+00    0.631150616889E+00    0.660874714420E+00    0.200473745448E+01
    0.977407207177E+00    0.544624648738E+00    0.832422100841E+00    0.930636736022E-01    0.597977759956E+00    0.714681419496E+00    0.256522975143E+00    0.000000000000E+00    0.372338156948E+00    0.435799057317E+00    0.119941652769E+01
    0.136737179256E+00    0.900981261508E+00    0.580274993033E+00    0.638974025493E-01    0.527356950574E+00    0.992750630847E+00    0.279972230344E+00    0.973666493481E+00    0.000000000000E+00    0.302391659043E+00    0.956409226235E+00
    0.691236914974E+00    0.459450438987E+00    0.868404942901E+00    0.890877004474E+00    0.327896903770E+00    0.807832222554E+00    0.683768500443E+00    0.108685381617E+00    0.859435216429E+00    0.000000000000E+00    0.143043242318E+01
    0.100000000000E+01    0.513592020478E+00    0.968053084184E+00    0.677899465326E+00    0.277874667321E+00    0.371170877157E+00    0.216604239966E+00    0.873507261382E+00    0.299786667259E+00    0.553285582852E+00    0.162804669005E+01
    0.713094877604E-01    0.100000000000E+01    0.815005878240E+00    0.632774056695E+00    0.572883068683E+00    0.154490358454E-01    0.601478683236E+00    0.850402304948E+00    0.491816857826E+00    0.152287371940E+00    0.118227090998E+01
    0.208952901975E+00    0.562201158423E+00    0.100000000000E+01    0.855547730809E+00    0.349094084962E+00    0.335329380658E+00    0.343040748019E+00    0.272829412394E+00    0.235835074775E+00    0.649997834750E+00    0.133696669133E+01
    0.752429437300E+00    0.873369774206E+00    0.321967218794E-02    0.100000000000E+01    0.564794676890E+00    0.468244774491E+00    0.495555252266E+00    0.392026580591E+00    0.351049914300E+00    0.965338743157E+00    0.145798387016E+01
    0.927329460476E+00    0.771301795817E+00    0.882791589476E+00    0.814769066166E+00    0.100000000000E+01    0.306791820340E+00    0.685626100150E+00    0.287084518735E+00    0.630556437955E+00    0.395155772049E+00    0.218731463255E+01
    0.441123561727E+00    0.407590285826E+00    0.375765533536E+00    0.153550246930E+00    0.169716263670E+00    0.100000000000E+01    0.849982255856E+00    0.541330071729E+00    0.123114026409E-01    0.515649869847E+00    0.873682161442E+00
    0.544951813912E+00    0.319180690730E-01    0.372327540886E+00    0.991569055606E+00    0.806449780320E+00    0.578591262794E+00    0.100000000000E+01    0.509081818153E+00    0.550381787565E+00    0.418624593889E+00    0.159267224496E+01
    0.972757830157E+00    0.618932653100E+00    0.620319769381E+00    0.738732724368E+00    0.308854186464E+00    0.487777701558E+00    0.303553085654E+00    0.100000000000E+01    0.527676594846E+00    0.769753051415E+00    0.192070803774E+01
    0.669511978514E+00    0.109982239206E+00    0.158596260605E+00    0.238156188441E+00    0.482080319009E+00    0.923598579218E+00    0.196779455735E+00    0.488478025202E-01    0.100000000000E+01    0.752428228030E+00    0.131869427723E+01
    0.179943762197E+00    0.563349765809E+00    0.759992459227E+00    0.753823852309E+00    0.536602250095E+00    0.430195928386E+00    0.728789997581E+00    0.789448927146E+00    0.567416380613E+00    0.100000000000E+01    0.204787468510E+01
    0.000000000000E+00    0.467643324468E+00    0.260269718298E+00    0.960678439646E+00    0.482714156553E+00    0.310272344003E+00    0.961559257591E+00    0.140191894735E-01    0.614029631398E+00    0.553421497640E+00    0.753105839324E+00
    0.426372585845E-01    0.000000000000E+00    0.889348010938E+00    0.175910660641E+00    0.973685668928E+00    0.910853020616E+00    0.637411041594E+00    0.397399362600E+00    0.585404363585E+00    0.566731429213E+00    0.162840412210E+01
    0.977258491073E+00    0.793886824034E+00    0.000000000000E+00    0.865183650522E+00    0.855675466349E+00    0.327619824271E-01    0.848750704956E+00    0.954438518935E+00    0.822705849866E+00    0.474902245342E+00    0.200465148547E+01
    0.571423479578E+00    0.398661654122E+00    0.739878027069E-02    0.000000000000E+00    0.109891226646E+00    0.931621381659E+00    0.759740496805E+00    0.102100727379E+00    0.137381335613E+00    0.222525631906E-01    0.410808790168E+00
    0.306306806959E+00    0.223131313460E+00    0.221054755952E+00    0.805560123773E+00    0.000000000000E+00    0.458042069970E+00    0.461062421512E+00    0.550956964371E+00    0.997715912043E+00    0.237621905970E+00    0.737524245502E+00
    0.438648576672E+00    0.476507751420E+00    0.787546337186E+00    0.763588698053E+00    0.472209517499E+00    0.000000000000E+00    0.363747900144E-03    0.672731720652E+00    0.171619161806E+00    0.479628987274E-01    0.818856986431E+00
    0.257767578555E+00    0.751980570712E+00    0.973515870761E+00    0.937657094974E-01    0.625136694286E-01    0.148520902556E+00    0.000000000000E+00    0.243405068152E+00    0.257769979853E-01    0.216249511408E+00    0.299977466988E+00
    0.605185550905E+00    0.152585641522E+00    0.341093205403E+00    0.133742317899E-01    0.855487324675E+00    0.325886045272E+00    0.489760548786E+00    0.000000000000E+00    0.231876130955E+00    0.831297394243E+00    0.568453889585E+00
    0.485464025143E+00    0.952391060172E+00    0.986504985354E+00    0.163904444031E-01    0.138068782200E+00    0.313258625190E+00    0.885456435540E-01    0.201197837045E+00    0.000000000000E+00    0.773551385887E+00    0.539587281553E+00
    0.936531084027E+00    0.576235064960E+00    0.358743783162E+00    0.732261832851E-01    0.327943477682E+00    0.411618732039E+00    0.389110518665E+00    0.272589862447E+00    0.265013142062E+00    0.000000000000E+00    0.806986749283E+00
    0.100000000000E+01    0.812158591461E+00    0.225248334298E+00    0.894407606599E+00    0.577314009989E+00    0.623038029335E+00    0.684249671396E+00    0.820262298616E+00    0.434292898205E-01    0.653572230910E+00    0.196295938424E+01
    0.753531918334E+00    0.100000000000E+01    0.548677600215E+00    0.325710605840E+00    0.854563546009E-01    0.465408495775E+00    0.787729553846E+00    0.725507470748E+00    0.548815186307E+00    0.917205403439E+00    0.204689407597E+01
    0.754092657140E+00    0.760014577967E+00    0.100000000000E+01    0.109904859832E+00    0.623514962470E+00    0.261553692448E+00    0.526864524252E+00    0.385590559424E+00    0.769523585301E+00    0.410912747208E+00    0.136546995025E+01
    0.316526817987E+00    0.814709106541E+00    0.353492761352E+00    0.100000000000E+01    0.553570485767E+00    0.423726715751E+00    0.885721060797E+00    0.381584401839E+00    0.612403426565E-02    0.722252766422E+00    0.118833308817E+01
    0.529618428955E+00    0.771072770404E+00    0.721063643897E-01    0.837724815223E+00    0.100000000000E+01    0.144943530251E-01    0.329901638069E+00    0.932713437897E+00    0.941261629807E+00    0.667706020302E+00    0.141946374099E+01
    0.775164263995E+00    0.816409156260E+00    0.845950968567E+00    0.900244431521E+00    0.711012221997E-02    0.100000000000E+01    0.705740947665E+00    0.318287988410E+00    0.160612720229E+00    0.397445425883E+00    0.168998763131E+01
    0.498081572793E+00    0.453605134262E+00    0.197199617826E+00    0.439420827574E+00    0.130318660289E+00    0.415042499721E+00    0.100000000000E+01    0.860720628283E+00    0.616352066041E+00    0.633074282823E+00    0.161759103095E+01
    0.738193439977E+00    0.950085988345E+00    0.894839465551E+00    0.166416679190E-01    0.604971800664E+00    0.839594305769E+00    0.132936404761E+00    0.100000000000E+01    0.782449272854E+00    0.299756517071E+00    0.159165041780E+01
    0.917570181886E-01    0.136171207021E+00    0.285885208899E+00    0.681877735312E+00    0.531749821812E+00    0.826767321712E+00    0.735573135848E+00    0.693704641940E+00    0.100000000000E+01    0.436859099430E+00    0.159419639698E+01
    0.950889374461E+00    0.165393455360E+00    0.667141991732E+00    0.872741301902E+00    0.586130125504E+00    0.334087957149E+00    0.598600724194E+00    0.904783662790E+00    0.229857005350E+00    0.100000000000E+01    0.170679342711E+01
    0.000000000000E+00    0.860638602208E+00    0.763189949533E+00    0.616290167526E+00    0.764232263065E+00    0.196297994566E+00    0.372567399205E+00    0.403150097727E-01    0.691956205435E+00    0.320726954774E+00    0.857312787420E+00
    0.703550059786E+00    0.000000000000E+00    0.251682214576E+00    0.650170398302E+00    0.950988443581E-02    0.998421169039E+00    0.432929727600E-01    0.938256063377E+00    0.571081448237E+00    0.292497396347E+00    0.380790926537E+00
    0.391999750290E+00    0.692351325415E+00    0.000000000000E+00    0.655119296606E+00    0.451166043694E-01    0.651257250556E+00    0.395184588704E+00    0.368360234934E+00    0.182837441790E+00    0.499972982069E+00    0.537768131334E+00
    0.895937709854E-01    0.464187286971E+00    0.706350438234E+00    0.000000000000E+00    0.191079948238E+00    0.629618240747E+00    0.360691146418E+00    0.922989641224E+00    0.748374264348E-01    0.109827589948E+00    0.503029116343E+00
    0.335584937776E+00    0.550684094781E+00    0.876246232955E+00    0.970222904929E+00    0.000000000000E+00    0.795251797822E+00    0.897911061484E-01    0.224864144490E+00    0.874250052938E-01    0.125170982311E-01    0.105624056090E+01
    0.371945924375E+00    0.323571900276E+00    0.186370445557E+00    0.866088418674E+00    0.537513524518E+00    0.000000000000E+00    0.817535652870E+00    0.313958119048E+00    0.828095575378E+00    0.830120152737E+00    0.122585531537E+01
    0.977796901878E-01    0.220790058786E+00    0.517663745915E+00    0.302270913899E-01    0.113422555186E+00    0.745702805722E+00    0.000000000000E+00    0.567821151105E+00    0.514811370840E+00    0.213837054788E+00    0.231901517847E+00
    0.570881269822E+00    0.147541286019E+00    0.733763295583E+00    0.288400153715E+00    0.702049187472E+00    0.674358869121E+00    0.657739617875E+00    0.000000000000E+00    0.215858185719E+00    0.101706614646E+00    0.791233305394E+00
    0.130287829715E+00    0.340157020773E+00    0.603250421131E+00    0.583774296183E+00    0.319973078151E+00    0.308021930317E-02    0.176771181853E+00    0.179142638083E+00    0.000000000000E+00    0.908621537109E+00    0.429133253123E+00
    0.475282827918E+00    0.530527848667E+00    0.693930976808E+00    0.646535624632E+00    0.446476324528E+00    0.294039695005E+00    0.900312146223E+00    0.332592477584E+00    0.778051945019E+00    0.000000000000E+00    0.113152068335E+01
    0.100000000000E+01    0.788878759707E+00    0.672053427441E+00    0.170439913373E+00    0.716506517838E-01    0.251627833026E+00    0.849765520022E+00    0.427710241309E+00    0.729390291772E+00    0.782291492840E+00    0.185550202174E+01
    0.704226260380E+00    0.100000000000E+01    0.651763120206E+00    0.277627402197E+00    0.558742051575E+00    0.138963387715E+00    0.377351604266E-02    0.775830718652E-01    0.197579889587E+00    0.212827722987E+00    0.100516148961E+01
    0.961526333579E+00    0.293353358462E-01    0.100000000000E+01    0.660148265391E+00    0.384579589709E+00    0.648012775329E+00    0.713097534544E-01    0.317921542484E+00    0.687817368109E+00    0.831075504096E+00    0.153186652331E+01
    0.491751345206E+00    0.432826294423E-01    0.725974485383E+00    0.100000000000E+01    0.972984278247E+00    0.695192177875E+00    0.115499816562E+00    0.713897060194E+00    0.223805689647E+00    0.732103587154E+00    0.166997376378E+01
    0.104121682072E+00    0.345196511536E+00    0.120738648287E+00    0.389255051431E+00    0.100000000000E+01    0.343309201903E+00    0.189194405452E-01    0.919151371456E+00    0.235252921444E+00    0.747007382333E+00    0.619375270837E+00
    0.918355624251E+00    0.711074790814E-01    0.777813913554E+00    0.474770212290E+00    0.917000777294E+00    0.100000000000E+01    0.909191851749E+00    0.866292986600E-01    0.302123556564E+00    0.352490822699E+00    0.153684404097E+01
    0.724144727276E+00    0.684051324253E+00    0.465695906064E+00    0.955188286010E+00    0.103448536831E+00    0.516538171124E-01    0.100000000000E+01    0.523851908322E-01    0.507131674511E+00    0.840589490646E+00    0.142419769256E+01
    0.546263884756E+00    0.126702624693E+00    0.319562408598E+00    0.914801737799E-01    0.768063623769E-01    0.869989836435E+00    0.897771344062E+00    0.100000000000E+01    0.934218871858E-01    0.519643745513E+00    0.111158489072E+01
    0.366422301809E+00    0.582776846862E+00    0.626601787865E+00    0.347136126251E+00    0.335151805113E+00    0.681283410148E+00    0.850329701535E+00    0.573192579061E+00    0.100000000000E+01    0.528300652220E+00    0.167509524261E+01
    0.415297112885E+00    0.781472043964E+00    0.535937987749E+00    0.480827997845E+00    0.984432747188E+00    0.352573783078E+00    0.129733619270E+00    0.264482303742E+00    0.815590713127E+00    0.100000000000E+01    0.177922521076E+01
    0.000000000000E+00    0.822653729509E+00    0.111911340788E+00    0.291419939327E+00    0.466383927490E+00    0.528720896743E-01    0.334739112978E+00    0.839196047318E+00    0.842353901640E+00    0.152183649787E+00    0.466376120637E+00
    0.291313593106E+00    0.000000000000E+00    0.209776637926E+00    0.469816002119E+00    0.809960475340E+00    0.131279677921E-01    0.663167658168E+00    0.487650343826E+00    0.488477132989E+00    0.689283712752E+00    0.769282824743E+00
    0.925565688125E-01    0.889440539052E-04    0.000000000000E+00    0.211928066495E+00    0.770391970826E+00    0.693886085733E-01    0.444169952853E+00    0.832664965687E+00    0.804613079019E+00    0.226877676355E+00    0.605858163552E+00
    0.457235691830E+00    0.295138719159E+00    0.227893871554E-01    0.000000000000E+00    0.624437511883E+00    0.845553531697E+00    0.134244275615E+00    0.547421906672E+00    0.575948590069E+00    0.509166786336E+00    0.102968544995E+01
    0.592587647008E+00    0.690213509998E+00    0.813401066891E+00    0.135720351932E+00    0.000000000000E+00    0.289705487861E+00    0.742851136551E+00    0.863425943156E+00    0.459898388459E+00    0.270194687758E+00    0.128506612355E+01
    0.695652204849E+00    0.513757659807E+00    0.286995458985E+00    0.933235198497E+00    0.534284576716E+00    0.000000000000E+00    0.160359931613E-01    0.194309627537E-01    0.863007640538E+00    0.586987226579E+00    0.113211696916E+01
    0.528873178575E-01    0.609042926928E+00    0.655407367811E+00    0.168854353756E+00    0.101949394109E+00    0.894992343407E+00    0.000000000000E+00    0.793008708584E+00    0.906042622214E+00    0.563653740106E+00    0.744817274252E+00
    0.393941617047E+00    0.224087950624E+00    0.998658828800E+00    0.636911258797E+00    0.439398927646E+00    0.775929711994E+00    0.740824137339E+00    0.000000000000E+00    0.665615087396E-01    0.399178058547E+00    0.109184719860E+01
    0.121814306699E+00    0.556405234737E+00    0.698835539390E+00    0.288980879645E+00    0.475985030538E+00    0.519827531640E+00    0.943259084467E+00    0.573137721270E+00    0.000000000000E+00    0.805122549047E+00    0.105777571257E+01
    0.315254333318E+00    0.275173595026E+00    0.531872342608E+00    0.999496271435E+00    0.443657672210E+00    0.553747810553E+00    0.585735223099E+00    0.930005919003E+00    0.443125732513E+00    0.000000000000E+00    0.140876578063E+01
    0.100000000000E+01    0.172690887009E+00    0.634086973373E+00    0.148227716290E+00    0.301116631615E+00    0.348857082866E+00    0.846384714303E+00    0.680567225426E+00    0.600696651574E+00    0.932595022142E+00    0.150795522444E+01
    0.120154000140E+00    0.100000000000E+01    0.457141221573E+00    0.286991333910E-01    0.108849502849E+00    0.417278612710E+00    0.955606189149E+00    0.227278609013E+00    0.852860043513E+00    0.848357362257E+00    0.111941306890E+01
    0.925835040039E+00    0.881524925935E+00    0.100000000000E+01    0.690947506076E+00    0.911394130238E+00    0.402242862722E+00    0.909397369844E+00    0.434946837082E-01    0.835435337030E+00    0.588843606975E-01    0.196244398188E+01
    0.329919777326E+00    0.408843914183E+00    0.334889486791E+00    0.100000000000E+01    0.345827719573E+00    0.301413197324E+00    0.411513823124E+00    0.142312433521E+00    0.568256079440E+00    0.549071067515E+00    0.944588724355E+00
    0.803131844547E+00    0.959671783058E+00    0.191436109550E+00    0.162872258641E+00    0.100000000000E+01    0.266501507935E+00    0.915959116813E+00    0.502038702058E+00    0.357703750141E+00    0.756284678614E+00    0.179879690063E+01
    0.393388285153E+00    0.407744702169E+00    0.214206746876E+00    0.122415306088E+00    0.670668650235E+00    0.100000000000E+01    0.316954900167E+00    0.676630292495E+00    0.397358767430E+00    0.279573873232E+00    0.118284524037E+01
    0.787263561868E-01    0.947700339455E+00    0.438844990065E+00    0.694138466675E+00    0.610508774282E+00    0.683518537976E+00    0.100000000000E+01    0.414704584338E+00    0.814347151857E+00    0.998164475195E+00    0.202407922961E+01
    0.312271562367E+00    0.235591237617E+00    0.538740797326E-01    0.301242990640E+00    0.678631837543E+00    0.446864931245E-01    0.990667808065E+00    0.100000000000E+01    0.458435229031E+00    0.883388805609E+00    0.151576766718E+01
    0.841468918357E+00    0.146872299154E+00    0.613872789547E+00    0.454509466983E+00    0.119089427902E+00    0.850564990829E+00    0.534510467551E+00    0.904870277878E+00    0.100000000000E+01    0.647029211458E-01    0.105225832368E+01
    0.441058736429E+00    0.859778048256E+00    0.277138009957E+00    0.308022381663E+00    0.451075681478E+00    0.599292065683E+00    0.942404993750E+00    0.354126307448E+00    0.221385814874E+00    0.100000000000E+01    0.129001962181E+01
    0.000000000000E+00    0.979617610184E+00    0.860797353365E+00    0.908946652387E+00    0.870978657445E+00    0.412928823560E+00    0.700569175311E+00    0.797076725247E+00    0.719624530850E+00    0.818654304288E+00    0.228960216881E+01
    0.717669884549E+00    0.000000000000E+00    0.133378122701E+00    0.774722596422E+00    0.651118971742E+00    0.834789569907E+00    0.855207579187E-01    0.717298552343E+00    0.200139830356E+00    0.981439782829E+00    0.904647479394E+00
    0.437769819892E+00    0.196893930853E+00    0.000000000000E+00    0.885762452353E+00    0.494951467770E+00    0.530290804446E+00    0.542673556648E+00    0.962915193693E-01    0.751966303243E+00    0.105694924979E+00    0.480396315952E+00
    0.257800642137E+00    0.559985443755E+00    0.582361352734E+00    0.000000000000E+00    0.881843785452E+00    0.778224437159E+00    0.540296598661E+00    0.467034497796E+00    0.906539176970E+00    0.449959182151E+00    0.149087976786E+01
    0.664519696666E+00    0.992113282500E+00    0.604300739932E+00    0.809162853567E+00    0.000000000000E+00    0.617183916250E+00    0.565239217216E+00    0.371623731423E+00    0.658253839247E+00    0.897820640614E-01    0.141741222409E+01
    0.693050693038E+00    0.841159684718E+00    0.180973188997E+00    0.477709331861E+00    0.286076941033E+00    0.000000000000E+00    0.403145006625E+00    0.874890892989E+00    0.336462125570E+00    0.205828622074E+00    0.109138031419E+01
    0.635247556909E+00    0.590307899750E+00    0.230516248742E+00    0.330153827440E+00    0.431212317950E+00    0.298583932764E+00    0.000000000000E+00    0.618417710775E+00    0.113257896303E+00    0.642355256015E+00    0.652602347674E+00
    0.929579302908E-01    0.298620211879E+00    0.933965100308E+00    0.863051434366E+00    0.685162061050E+00    0.889991476600E+00    0.647614356287E+00    0.000000000000E+00    0.186924298396E+00    0.607737312045E+00    0.155720830140E+01
    0.525539642235E+00    0.137186708509E-01    0.284428224168E+00    0.925786498314E+00    0.386107239590E+00    0.162175752456E+00    0.737354505922E+00    0.927980798518E+00    0.000000000000E+00    0.567108968527E+00    0.101739757035E+01
    0.285620036560E+00    0.360650112187E+00    0.294425286349E+00    0.926464762307E+00    0.291841882783E+00    0.223250187391E+00    0.885178323344E+00    0.342007911414E+00    0.379351504257E+00    0.000000000000E+00    0.743675295779E+00
    0.100000000000E+01    0.745048450664E+00    0.318121322336E+00    0.180529660304E+00    0.682573952123E+00    0.314120535502E+00    0.865299715718E+00    0.954060361354E+00    0.379438837573E+00    0.680680833941E+00    0.210071418413E+01
    0.699927678047E+00    0.100000000000E+01    0.822923049556E+00    0.148510593309E-01    0.862049443728E+00    0.835297500997E+00    0.510784517883E+00    0.827874510630E+00    0.792602179445E+00    0.897325501799E+00    0.256630433434E+01
    0.935904307802E+00    0.534655192233E+00    0.100000000000E+01    0.129425433391E+00    0.656486716849E+00    0.103012350198E+00    0.857793202645E-01    0.180473802433E+00    0.562615260732E+00    0.246754270820E+00    0.851746409080E+00
    0.637931581532E+00    0.877529764501E+00    0.294414393167E-02    0.100000000000E+01    0.457297907442E+00    0.637600481192E+00    0.418717339001E+00    0.661099208652E+00    0.838880062485E+00    0.910197973711E+00    0.189468209480E+01
    0.298085928330E+00    0.374672520906E+00    0.668531340930E-02    0.279665026828E+00    0.100000000000E+01    0.369681835123E+00    0.251393268287E+00    0.420510551383E+00    0.847952646299E+00    0.140029289605E+00    0.707687818232E+00
    0.428674817596E+00    0.320625262535E+00    0.827701513668E+00    0.487022985173E+00    0.894409582309E+00    0.100000000000E+01    0.762990468023E-01    0.583526647854E+00    0.292856430889E+00    0.102980416430E+00    0.150964422448E+01
    0.567137898019E+00    0.912863297121E-01    0.623818407137E+00    0.109740543675E+00    0.373413160303E+00    0.698494525220E+00    0.100000000000E+01    0.610220595480E+00    0.282073303621E+00    0.114821719204E+00    0.102366589356E+01
    0.675128002452E+00    0.809354953809E+00    0.788534042711E+00    0.493447179349E-01    0.927134595392E+00    0.279204836260E+00    0.632172771895E+00    0.100000000000E+01    0.325983208281E+00    0.649728765547E+00    0.168816208546E+01
    0.546086660378E+00    0.627167483371E+00    0.463686373392E+00    0.655295283774E+00    0.847289080589E+00    0.168039527308E+00    0.308622307863E-02    0.715311298170E+00    0.100000000000E+01    0.822637076485E+00    0.161356203344E+01
    0.920438112588E+00    0.983856156740E+00    0.222661228520E+00    0.677698304848E+00    0.351596482001E+00    0.844036466099E+00    0.271154224008E+00    0.627326003416E-01    0.986125983170E+00    0.100000000000E+01    0.235637228599E+01
    0.000000000000E+00    0.849896887569E+00    0.268724339473E+00    0.624668408449E+00    0.357231785812E+00    0.240912660527E+00    0.818813036777E+00    0.178510791368E-01    0.430750034232E+00    0.311482213711E+00    0.402712935932E+00
    0.804350221636E+00    0.000000000000E+00    0.800694471340E+00    0.984677647284E+00    0.661433177413E+00    0.676962498874E+00    0.152236736957E+00    0.141031102482E+00    0.301465910011E+00    0.746075843322E+00    0.148257795275E+01
    0.112892765134E+00    0.724801352907E+00    0.000000000000E+00    0.987380760033E+00    0.495382210217E+00    0.522547724061E+00    0.560192053502E+00    0.824142871574E+00    0.818459355390E+00    0.729031569455E+00    0.139904667139E+01
    0.739275412280E+00    0.989651068660E+00    0.146892384143E+00    0.000000000000E+00    0.474736173868E+00    0.471273416380E+00    0.587024191442E+00    0.246562383227E+00    0.312423745769E+00    0.866797747405E+00    0.137090152306E+01
    0.907397038745E+00    0.181752204138E+00    0.130329431457E+00    0.480777083111E+00    0.000000000000E+00    0.897495564218E+00    0.500793729838E+00    0.855284760767E+00    0.836847948324E+00    0.914766608508E+00    0.142142262066E+01
    0.306485159619E+00    0.909807294146E+00    0.636343818198E+00    0.985877244613E+00    0.902541049466E+00    0.000000000000E+00    0.445329131657E+00    0.613595101955E+00    0.822075707135E-01    0.326824162762E+00    0.120631851829E+01
    0.591125836535E+00    0.280050412324E+00    0.280596087637E+00    0.130576051647E+00    0.813480859234E-01    0.484899242348E-01    0.000000000000E+00    0.861368854044E+00    0.847124254459E-01    0.211249960111E+00    0.224024222508E+00
    0.127227185399E+00    0.541074172129E+00    0.492495371210E+00    0.203057425826E+00    0.999889991597E+00    0.397577634580E+00    0.525897709164E-01    0.000000000000E+00    0.441456858222E+00    0.632398119006E+00    0.845554570782E+00
    0.464871174465E+00    0.399807783155E+00    0.754334242711E+00    0.556050699770E+00    0.481146863445E+00    0.326080850271E+00    0.694667098739E+00    0.799805486742E+00    0.000000000000E+00    0.385707757154E+00    0.131779853260E+01
    0.447490377279E+00    0.906332939009E+00    0.605737267679E+00    0.892018743990E+00    0.107825656604E+00    0.135002503328E+00    0.680003694997E+00    0.585595210578E-01    0.127925967792E+00    0.000000000000E+00    0.100028168978E+01
    0.100000000000E+01    0.476217133594E+00    0.301127875231E-01    0.478246749386E+00    0.524083137274E+00    0.669707512774E+00    0.783057078149E+00    0.290669856530E+00    0.185579436696E+00    0.955586953818E+00    0.124654926786E+01
    0.519294243307E+00    0.100000000000E+01    0.366872278694E+00    0.916902439611E+00    0.805820639209E+00    0.264162463818E+00    0.176489726122E+00    0.974917572370E+00    0.208248087561E+00    0.102670962520E+00    0.126199186305E+01
    0.926650981416E+00    0.441560523315E+00    0.100000000000E+01    0.902712904263E-01    0.638630836679E+00    0.152159708412E+00    0.270936002600E+00    0.900513324566E+00    0.264281044484E+00    0.451141812476E+00    0.959827374459E+00
    0.701008561148E+00    0.193732884171E+00    0.906558696578E+00    0.100000000000E+01    0.753050127463E-01    0.230162408891E+00    0.721410047270E+00    0.356965344646E+00    0.967333303778E+00    0.988233580738E+00    0.227316913081E+01
    0.318583037031E+00    0.410215301799E+00    0.677641389194E+00    0.815047685798E+00    0.100000000000E+01    0.643545675005E-01    0.685814588367E+00    0.268146849552E+00    0.316573485855E+00    0.322796262891E+00    0.103344000966E+01
    0.575035840484E+00    0.594769797195E+00    0.821115326086E+00    0.613144149183E+00    0.502797184568E+00    0.100000000000E+01    0.201477092942E+00    0.431410552738E+00    0.687358557374E+00    0.972080416482E+00    0.210336032954E+01
    0.202666193102E+00    0.517785354500E+00    0.403494705540E+00    0.474602647632E+00    0.154407042270E+00    0.323530103146E+00    0.100000000000E+01    0.405977559396E+00    0.378352326881E+00    0.246060106963E+00    0.845467541926E+00
    0.191560522219E+00    0.867312820244E+00    0.110190460049E+00    0.315463066824E+00    0.539522306370E+00    0.322650735870E+00    0.336770818301E+00    0.100000000000E+01    0.275428341803E+00    0.510978607958E+00    0.852489995391E+00
    0.349265097033E+00    0.183307074059E+00    0.959495290895E+00    0.511256019634E+00    0.541382199780E+00    0.406780733845E+00    0.647170214549E-03    0.224013334644E+00    0.100000000000E+01    0.708464549090E+00    0.148340387865E+01
    0.285162188547E+00    0.458054002305E+00    0.688263565945E-01    0.758722821377E-01    0.912574750125E+00    0.602524721625E+00    0.118419923448E+00    0.896869613334E+00    0.457973057701E+00    0.100000000000E+01    0.124987083045E+01
    0.000000000000E+00    0.243179229864E+00    0.109467984347E+00    0.846781999474E+00    0.176208360554E+00    0.608408039250E+00    0.780246519500E+00    0.836717979215E+00    0.277220695757E+00    0.498602210467E+00    0.990971244586E+00
    0.620448334842E+00    0.000000000000E+00    0.947516227824E+00    0.724655662535E+00    0.268048484644E+00    0.483264266598E+00    0.400759791021E+00    0.664620594175E+00    0.962539221357E+00    0.835348222977E+00    0.188656989272E+01
    0.886634371937E+00    0.163518220463E+00    0.000000000000E+00    0.495375383341E+00    0.792019647583E+00    0.314046756735E+00    0.739274575090E+00    0.748878179798E+00    0.192925892702E+00    0.808888092163E+00    0.110339413173E+01
    0.354670901543E+00    0.624580323942E+00    0.986983333856E+00    0.000000000000E+00    0.564022260686E+00    0.197213234690E+00    0.365736929007E+00    0.736198678394E+00    0.833863853038E+00    0.190791999339E+00    0.761102716518E+00
    0.548015354258E+00    0.665237827757E+00    0.640065372224E+00    0.241639386481E+00    0.000000000000E+00    0.847712207018E+00    0.822566843528E+00    0.502766979982E+00    0.362537234532E+00    0.685224412040E+00    0.118120435882E+01
    0.332853027990E+00    0.761110477037E+00    0.198145542073E+00    0.862544492167E+00    0.240806249756E+00    0.000000000000E+00    0.173988869678E+00    0.475647389501E+00    0.494318987653E+00    0.939822812204E+00    0.971576885645E+00
    0.566652227478E-01    0.389614302957E+00    0.759997190165E+00    0.872241938381E+00    0.534330030092E+00    0.901957920621E+00    0.000000000000E+00    0.550739766759E+00    0.812413482276E+00    0.742250737962E+00    0.176993671319E+01
    0.182792549187E+00    0.380874083369E+00    0.572833899249E+00    0.638799438155E+00    0.293589902054E+00    0.870579278422E+00    0.983814308384E+00    0.000000000000E+00    0.780962422356E+00    0.686729062305E+00    0.122744979470E+01
    0.942883734521E+00    0.149876575502E+00    0.365138680282E+00    0.612531951480E-01    0.465867490700E+00    0.329690319814E+00    0.554541379451E+00    0.576461903410E+00    0.000000000000E+00    0.845712808208E+00    0.636946077183E+00
    0.866291572240E+00    0.986730152164E-01    0.983339190179E+00    0.225914297019E+00    0.212521627196E+00    0.963541494433E-01    0.169384700182E-01    0.373281624566E+00    0.203307602804E+00    0.000000000000E+00    0.334430143603E+00
    0.100000000000E+01    0.800807353821E+00    0.227728853092E+00    0.888976614016E+00    0.871783394609E+00    0.289998731046E+00    0.856319642691E+00    0.174979243820E+00    0.352999438961E+00    0.321092261366E+00    0.151925260840E+01
    0.861107713258E+00    0.100000000000E+01    0.419941276087E+00    0.924403515705E+00    0.162217356100E-01    0.486657245347E-01    0.979370868303E+00    0.129436451362E+00    0.951795233586E+00    0.818745150694E+00    0.215613636949E+01
    0.401618415376E+00    0.565657428145E+00    0.100000000000E+01    0.804192084303E+00    0.848427191777E+00    0.508793442426E+00    0.727762242353E+00    0.451877473893E+00    0.944320143532E+00    0.915521948373E-01    0.187835866123E+01
    0.132769101332E+00    0.806303491926E+00    0.173588380258E+00    0.100000000000E+01    0.771569113828E+00    0.873653444233E+00    0.882210516541E+00    0.371286873439E+00    0.298696958623E+00    0.627473575103E-01    0.130102021329E+01
    0.708301912308E+00    0.982652454783E+00    0.672340263709E+00    0.224648269521E+00    0.100000000000E+01    0.889641246792E+00    0.137106186216E+00    0.998028039632E+00    0.491546736722E+00    0.177772505125E-01    0.188227010415E+01
    0.410032328383E+00    0.175826438219E+00    0.518980541595E+00    0.849671258064E+00    0.687452745074E+00    0.100000000000E+01    0.418595830394E+00    0.437458654937E-01    0.546767306909E+00    0.418389292988E+00    0.144758354248E+01
    0.309120233476E+00    0.438333353346E+00    0.975793299180E+00    0.818825330378E+00    0.201712156869E+00    0.335765988061E+00    0.100000000000E+01    0.360012605541E+00    0.831508558769E+00    0.199530580493E+00    0.152815405172E+01
    0.239334911215E+00    0.349410762274E+00    0.412753807103E+00    0.598051997116E+00    0.703786599558E+00    0.271660160120E+00    0.801322639402E+00    0.100000000000E+01    0.454969471161E+00    0.123573944854E+00    0.137921022449E+01
    0.586537607847E+00    0.181412775809E+00    0.462878726322E+00    0.422483521686E+00    0.203678993221E+00    0.265151724541E-01    0.341104472343E-02    0.360773046025E-01    0.100000000000E+01    0.693144713417E+00    0.100063240831E+01
    0.835237100588E+00    0.225004292120E+00    0.682010144024E+00    0.548997573089E+00    0.665993466281E+00    0.206164004627E+00    0.337404239552E+00    0.686715536452E-01    0.234110779691E+00    0.100000000000E+01    0.956938579553E+00
    0.000000000000E+00    0.135535024495E+00    0.400690913417E+00    0.282310419017E+00    0.995357451951E+00    0.911406831881E+00    0.367965307935E-01    0.181233148293E+00    0.970874284046E+00    0.437525318691E+00    0.145174563319E+01
    0.326583357683E+00    0.000000000000E+00    0.872723596955E+00    0.525630273351E+00    0.504436853670E+00    0.208260218198E-01    0.722994315472E+00    0.240217275044E+00    0.573581923560E+00    0.826208076823E+00    0.111680909805E+01
    0.644083110790E+00    0.556143779316E+00    0.000000000000E+00    0.748327776256E-01    0.718474440974E+00    0.875593719237E-01    0.385339668154E+00    0.620729261681E+00    0.450366823438E+00    0.872292054761E+00    0.105315499575E+01
    0.892453104306E+00    0.575893362817E+00    0.759789977043E+00    0.000000000000E+00    0.371338925211E+00    0.486255528975E+00    0.567372635330E-01    0.677489734760E+00    0.321054392848E-01    0.749891605866E+00    0.757037937947E+00
    0.287073045248E+00    0.941713616781E+00    0.356573710353E+00    0.537445683505E+00    0.000000000000E+00    0.829303587210E+00    0.117388784959E+00    0.199210959358E+00    0.332417320805E+00    0.128453419517E+00    0.528064871235E+00
    0.914079071297E+00    0.105159705846E+00    0.180417439780E+00    0.310174493247E+00    0.864613619534E+00    0.000000000000E+00    0.130070670136E-01    0.975219307077E+00    0.207662995218E+00    0.319040696433E+00    0.231022863712E+00
    0.894557013314E+00    0.458663379970E+00    0.604469988364E+00    0.428773440636E+00    0.182164274918E+00    0.710581252758E+00    0.000000000000E+00    0.415583131984E-01    0.996337507595E+00    0.507536982156E-01    0.849491551835E+00
    0.948558660581E+00    0.265483820349E-01    0.306267435731E+00    0.775973454401E+00    0.717775299717E+00    0.899267930114E+00    0.937225538381E+00    0.000000000000E+00    0.745693783736E-01    0.115201879516E+00    0.916900938385E+00
    0.149117019012E+00    0.995319190749E+00    0.639332368937E+00    0.433414563061E-01    0.707683982518E+00    0.554484572400E+00    0.654690607934E+00    0.528002695425E+00    0.000000000000E+00    0.470118702922E+00    0.914206882723E+00
    0.733391030416E+00    0.612350518560E+00    0.908650112798E+00    0.732617941524E+00    0.436790270899E+00    0.806100697130E+00    0.820329652117E+00    0.583250930576E+00    0.652769058509E+00    0.000000000000E+00    0.194534072783E+01
    0.100000000000E+01    0.854217172385E+00    0.628190462132E+00    0.147260925838E+00    0.457512264539E+00    0.486671225835E+00    0.971143603400E+00    0.259342131860E+00    0.625255545521E+00    0.866408113569E+00    0.196296806620E+01
    0.660903961659E+00    0.100000000000E+01    0.632785595189E+00    0.602978908641E+00    0.103041977537E+00    0.257642523790E+00    0.287515976764E+00    0.114267952453E+00    0.737007063608E-01    0.717190270345E+00    0.115471961588E+01
    0.688138852295E+00    0.939110392012E+00    0.100000000000E+01    0.725976898484E+00    0.439583526446E+00    0.726731518996E+00    0.158417986854E+00    0.712971741212E+00    0.395545063087E+00    0.208179891218E+00    0.188696652585E+01
    0.615530337400E+00    0.570653663956E+00    0.584522777821E+00    0.100000000000E+01    0.332847574013E+00    0.645741548579E+00    0.554861388417E+00    0.841942537202E+00    0.613183869694E+00    0.835315705863E-01    0.166909254487E+01
    0.925270341883E+00    0.938057737162E+00    0.852616453889E+00    0.866934187551E+00    0.100000000000E+01    0.588055726380E+00    0.426103357976E+00    0.841410865667E+00    0.258988430187E+00    0.436109458373E+00    0.266665038161E+01
    0.445390132101E+00    0.686567217699E+00    0.837278152884E+00    0.285811428103E+00    0.674379053022E+00    0.100000000000E+01    0.489730864820E+00    0.794773174905E+00    0.223256187506E+00    0.705756136257E+00    0.176626235998E+01
    0.576773469232E-01    0.329982644177E+00    0.689924463906E+00    0.272943450407E+00    0.544658848362E+00    0.120061400800E+00    0.100000000000E+01    0.675499868478E+00    0.167997486261E+00    0.874026341632E+00    0.109506948824E+01
    0.237463354601E+00    0.643904319246E+00    0.241249921776E+00    0.120719336017E+00    0.765047949905E+00    0.376331414745E+00    0.408518086703E-01    0.100000000000E+01    0.251476239953E+00    0.324962204853E+00    0.592510869471E+00
    0.609502348592E+00    0.774965138233E+00    0.410153582755E-01    0.885728836006E+00    0.178813529116E-02    0.351540324220E+00    0.640907747312E+00    0.448906211770E-01    0.100000000000E+01    0.239109243757E+00    0.777180149685E+00
    0.444297513152E+00    0.864811463825E+00    0.613425018549E+00    0.463460555826E+00    0.171147543078E+00    0.301298582626E+00    0.331951073618E+00    0.710355694197E+00    0.297081502409E+00    0.100000000000E+01    0.125298323268E+01
    0.000000000000E+00    0.426550355228E+00    0.750742786086E-01    0.586546898092E+00    0.208928750798E+00    0.898818354219E+00    0.441979934382E+00    0.561468490249E+00    0.761183814322E+00    0.449562556268E+00    0.822181129020E+00
    0.211982209843E+00    0.000000000000E+00    0.991799510294E-01    0.132101046660E+00    0.582611341172E+00    0.354829710257E+00    0.399539111665E+00    0.662394739822E+00    0.421923210189E+00    0.291900774324E+00    0.607641906399E+00
    0.263589369268E+00    0.477832130367E+00    0.000000000000E+00    0.608123428627E+00    0.890490288600E+00    0.827772503309E-02    0.517260260526E+00    0.190372363595E+00    0.497243085378E+00    0.757922294107E+00    0.608666382002E+00
    0.878361094091E+00    0.696439503502E+00    0.470516609169E+00    0.000000000000E+00    0.219086543158E+00    0.801349296522E+00    0.779703509109E+00    0.976076634832E-01    0.410943975895E+00    0.283335366866E+00    0.979830211407E+00
    0.762165567283E+00    0.704882142473E+00    0.387362991634E+00    0.501704663455E+00    0.000000000000E+00    0.469183548578E+00    0.940702870769E+00    0.494713254106E+00    0.473400808376E+00    0.582793157519E-01    0.122454637087E+01
    0.348326022789E+00    0.420057019881E+00    0.988096106840E+00    0.122952152202E-01    0.592578510150E+00    0.000000000000E+00    0.434149892096E-01    0.498697690502E+00    0.453720942586E+00    0.465282652336E+00    0.391225083810E+00
    0.798106861251E+00    0.409826852838E+00    0.970005004441E+00    0.734218971301E+00    0.756046602400E+00    0.573143732387E+00    0.000000000000E+00    0.716899739027E-01    0.909009290898E+00    0.414132889900E+00    0.184905571584E+01
    0.862214176293E+00    0.921905542045E+00    0.923985036327E+00    0.271885615223E+00    0.893582663630E+00    0.147828065758E+00    0.417212008712E+00    0.000000000000E+00    0.133990155567E+00    0.781918525792E-01    0.118867180286E+01
    0.921753809370E+00    0.463472802151E+00    0.285069552585E+00    0.824424870294E+00    0.271304708771E+00    0.102917131654E+00    0.706624044764E+00    0.950575405426E+00    0.000000000000E+00    0.661781717699E+00    0.136184759010E+01
    0.204931498375E+00    0.427584670282E+00    0.474285682959E+00    0.510660410260E+00    0.146751850307E+00    0.545559937101E+00    0.633514635726E+00    0.783159954354E+00    0.120464376102E+00    0.000000000000E+00    0.906029712024E+00
    0.100000000000E+01    0.751777940803E+00    0.346181953879E+00    0.413086517805E+00    0.416127021789E+00    0.348888947393E+00    0.467011546976E+00    0.665905152841E+00    0.678717963253E+00    0.290969330542E+00    0.154843466423E+01
    0.805963042620E+00    0.100000000000E+01    0.844405551584E+00    0.327865491339E+00    0.428612379553E+00    0.839305588430E+00    0.848698474988E+00    0.135790025090E+00    0.718716329805E+00    0.555861596787E-01    0.159774671699E+01
    0.445294444351E+00    0.216113565128E+00    0.100000000000E+01    0.340129543003E-01    0.597085361443E+00    0.719022064362E+00    0.285878458402E+00    0.721510044906E+00    0.833751511737E+00    0.688615714247E+00    0.133996324550E+01
    0.555132729026E+00    0.339354430425E+00    0.985489468028E+00    0.100000000000E+01    0.322603459142E-01    0.176581327308E+00    0.438798095302E+00    0.932983213302E+00    0.136476133565E+00    0.111676528329E+00    0.160420523154E+01
    0.281167982755E+00    0.826220814480E+00    0.501039655871E+00    0.615614490279E+00    0.100000000000E+01    0.118232444245E+00    0.178630611202E+00    0.754623757275E+00    0.337954425916E+00    0.822853518685E+00    0.107187244783E+01
    0.134525751744E+00    0.913321762019E-01    0.652703240844E+00    0.118030141997E+00    0.781351061315E+00    0.100000000000E+01    0.839888943209E+00    0.406204568680E+00    0.588870815905E+00    0.765272021409E+00    0.166248933273E+01
    0.292942950677E+00    0.416704173474E-01    0.673479352876E+00    0.401447127323E+00    0.942753453505E+00    0.246441951457E-01    0.100000000000E+01    0.814462150925E+00    0.774931248399E-01    0.933365295151E-01    0.112750189688E+01
    0.727710553778E+00    0.156096182633E+00    0.963002684228E+00    0.372748776502E+00    0.421552657189E+00    0.534633602811E+00    0.206153158150E+00    0.100000000000E+01    0.683526632193E+00    0.257329191548E+00    0.107997164152E+01
    0.377132895546E+00    0.737946232257E+00    0.597298169281E+00    0.879821829561E+00    0.180664546741E+00    0.970619585159E+00    0.557883607149E+00    0.109730339388E+00    0.100000000000E+01    0.320014558133E-02    0.104359321796E+01
    0.342197327761E+00    0.766564185035E+00    0.217367321836E-02    0.643873258341E+00    0.851364661499E+00    0.696882371489E+00    0.987831230611E+00    0.898245362432E+00    0.244042258767E-01    0.100000000000E+01    0.176873585768E+01
    0.000000000000E+00    0.414446067441E+00    0.189844252283E+00    0.114878548935E+00    0.965953062618E+00    0.730364071260E-01    0.195093772237E+00    0.989206785061E+00    0.414199922144E-01    0.791287201399E+00    0.318121966313E+00
    0.918509468105E+00    0.000000000000E+00    0.381425709288E+00    0.815711473196E+00    0.641792906730E+00    0.238775671275E+00    0.162940791318E+00    0.408908447230E+00    0.868179990214E-01    0.422466962606E+00    0.567683461677E+00
    0.968204001933E+00    0.944176341356E-01    0.000000000000E+00    0.243835685333E+00    0.224561850026E+00    0.270039334467E-02    0.530980534299E+00    0.173615086541E+00    0.498532170320E+00    0.431551827251E+00    0.399350637007E+00
    0.390520946452E+00    0.725404331037E+00    0.908431006698E+00    0.000000000000E+00    0.177433897955E-01    0.923968330912E+00    0.999311432237E+00    0.385016989039E+00    0.358539884140E-02    0.511681209472E+00    0.686266376139E+00
    0.387476292249E+00    0.911555155690E+00    0.642905838423E+00    0.818201483739E+00    0.000000000000E+00    0.117496524263E+00    0.450581791324E+00    0.273615656135E+00    0.564279211191E+00    0.895621767133E+00    0.150789949957E+01
    0.360805528193E+00    0.896296919081E+00    0.597745136748E+00    0.880565949944E+00    0.363741854941E+00    0.000000000000E+00    0.485243359733E+00    0.218379663105E+00    0.146406922653E+00    0.790140699373E+00    0.107139224715E+01
    0.538468435413E+00    0.465724352846E+00    0.594784876475E+00    0.859748520581E+00    0.358641587211E+00    0.108543471640E+00    0.000000000000E+00    0.337601737778E+00    0.638121961938E+00    0.608598780200E+00    0.118943173183E+01
    0.919842835154E+00    0.730752859767E+00    0.366736993861E+00    0.860348674594E+00    0.160498548771E+00    0.125385457962E+00    0.420548108085E+00    0.000000000000E+00    0.575299641316E+00    0.394726163504E+00    0.123490947324E+01
    0.121398981169E+00    0.166763917458E+00    0.324272765802E+00    0.150547720118E-02    0.540658355182E+00    0.251707842980E+00    0.333890237888E+00    0.783024752035E+00    0.000000000000E+00    0.480653673520E+00    0.418265424032E+00
    0.816295744501E+00    0.310127002018E+00    0.674108834289E+00    0.366982778501E+00    0.546002529283E+00    0.612009186515E+00    0.602903570517E+00    0.967953078123E+00    0.102636686187E+00    0.000000000000E+00    0.141828261570E+01
    0.100000000000E+01    0.565589601566E+00    0.230226751074E+00    0.375041471314E+00    0.323172323676E-03    0.819948235719E+00    0.253926013223E+00    0.816339439499E+00    0.440679970042E+00    0.488853112169E+00    0.107491675974E+01
    0.232686932867E+00    0.100000000000E+01    0.438667148225E+00    0.150476395650E+00    0.280442155306E+00    0.713335400329E+00    0.111127121315E+00    0.956232271082E+00    0.781889392612E+00    0.614874747128E+00    0.108577268350E+01
    0.276904781407E+00    0.822002144213E+00    0.100000000000E+01    0.452000018645E+00    0.313284618893E+00    0.364516329599E+00    0.196445801681E+00    0.739012311811E+00    0.453127895785E+00    0.828676815946E-01    0.976539226339E+00
    0.257285112165E+00    0.806686596570E+00    0.268981014144E+00    0.100000000000E+01    0.515143804431E+00    0.969562368912E+00    0.308466944594E+00    0.880292387418E+00    0.458989610417E+00    0.463855573634E-01    0.126882510498E+01
    0.846426779443E+00    0.353437444252E+00    0.709446010893E+00    0.998724942405E+00    0.100000000000E+01    0.851686671860E+00    0.884132280727E+00    0.393781868360E+00    0.104207206205E+00    0.147863314206E+00    0.222295070016E+01
    0.184026052183E+00    0.180426755909E+00    0.542754604803E+00    0.924338085775E+00    0.202624590091E+00    0.100000000000E+01    0.572309822389E+00    0.853764373758E+00    0.763852173545E+00    0.106547672958E+00    0.130752097482E+01
    0.252136064079E+00    0.981465395049E+00    0.887892625846E+00    0.625331442942E+00    0.668706208919E+00    0.993849073152E+00    0.100000000000E+01    0.979944744941E+00    0.909783241717E-01    0.670151431034E+00    0.250819704366E+01
    0.890897846509E+00    0.961359472022E+00    0.971245067665E+00    0.544662795890E+00    0.961875283935E+00    0.855501428726E+00    0.205629157982E+00    0.100000000000E+01    0.194659408984E+00    0.620322070186E+00    0.253474050260E+01
    0.145766450645E+00    0.543114465136E+00    0.431187531070E+00    0.923660958255E+00    0.516879102599E+00    0.458506791866E+00    0.991375207746E+00    0.411709586262E-01    0.100000000000E+01    0.734521515315E+00    0.148976891810E+01
    0.196609671666E+00    0.523698371669E+00    0.549957418752E+00    0.615435048278E+00    0.189013791424E+00    0.937398917387E+00    0.812308229599E-02    0.862484043089E+00    0.966816574145E+00    0.100000000000E+01    0.159243116192E+01
    0.000000000000E+00    0.432727508745E+00    0.865108095142E+00    0.209904177134E-01    0.134963077974E+00    0.696997520524E+00    0.376391752655E+00    0.286094171752E+00    0.732362578376E+00    0.301860193764E+00    0.440982507538E+00
    0.555486494934E+00    0.000000000000E+00    0.244901991075E+00    0.808364097276E+00    0.632970561365E+00    0.681385728175E-01    0.854509653698E-02    0.686859197639E+00    0.699739564802E-01    0.608755883857E+00    0.289566023498E+00
    0.903029662620E+00    0.850231898299E+00    0.000000000000E+00    0.612722631525E+00    0.604259326037E+00    0.159072364419E+00    0.238283547816E+00    0.146006792945E+00    0.464769237237E+00    0.597838647824E+00    0.117655361295E+01
    0.171197838166E+00    0.810434138199E+00    0.785301920738E+00    0.000000000000E+00    0.513219796569E+00    0.272948692987E+00    0.106579640924E+00    0.335749285695E-01    0.717593956909E+00    0.968358902925E+00    0.977294145813E+00
    0.539122038390E+00    0.192676907366E+00    0.300552141713E+00    0.617989382739E+00    0.000000000000E+00    0.842228305840E+00    0.787644454765E+00    0.468852570893E+00    0.905217519602E+00    0.817632627115E+00    0.139903890582E+01
    0.902653657131E+00    0.513986472887E+00    0.722856756327E+00    0.167036549587E+00    0.572429645433E+00    0.000000000000E+00    0.235236561005E+00    0.384839354782E+00    0.268205421544E+00    0.288755462116E+00    0.752669334688E+00
    0.571710939495E+00    0.674801241977E+00    0.777868116897E+00    0.377184351610E+00    0.280032741178E+00    0.197026261470E+00    0.000000000000E+00    0.364418140528E+00    0.985931695293E+00    0.527671350827E+00    0.125461264689E+01
    0.835663276032E+00    0.804311426389E+00    0.298793936291E-02    0.908394874998E+00    0.435331070069E+00    0.755143569614E+00    0.495865353038E+00    0.000000000000E+00    0.955218925046E+00    0.704777241007E-01    0.107090686440E+01
    0.496686563637E+00    0.279295528251E+00    0.156577808414E+00    0.913105951757E-01    0.121202684587E+00    0.322304633894E-01    0.191291446290E+00    0.273526190268E+00    0.000000000000E+00    0.903597393909E-01    0.209249188267E+00
    0.163698331606E+00    0.703645625445E+00    0.573687166609E+00    0.367509720453E+00    0.184221450642E+00    0.329951660665E+00    0.538387397911E+00    0.256588395793E-01    0.104400780851E+00    0.000000000000E+00    0.400619794600E+00
    0.100000000000E+01    0.418010565924E+00    0.769629154504E+00    0.272067068463E+00    0.143912792444E-01    0.570113288164E+00    0.128169742986E-01    0.653869371538E+00    0.239112335140E-01    0.647932407246E+00    0.659479463346E+00
    0.793449641424E+00    0.100000000000E+01    0.282847279383E+00    0.717223072083E-01    0.157681628138E+00    0.116765977064E+00    0.360274271891E+00    0.267161555217E+00    0.214496249031E+00    0.813031733868E+00    0.110279164230E+01
    0.711735169833E+00    0.560416856750E+00    0.100000000000E+01    0.132285436109E+00    0.490477607873E+00    0.711380253528E+00    0.306448220207E+00    0.443628676515E+00    0.856614214679E+00    0.206645882551E+00    0.119303492661E+01
    0.955748228454E+00    0.151503821105E+00    0.193398604874E+00    0.100000000000E+01    0.877477165175E+00    0.279453674764E+00    0.261219271167E-01    0.891805675989E+00    0.825279890800E+00    0.850988507335E+00    0.130901171710E+01
    0.608842864889E+00    0.321045070202E+00    0.919399029610E+00    0.408821581085E-01    0.100000000000E+01    0.941855586661E+00    0.109943859438E+00    0.461938137317E+00    0.777579195044E+00    0.250262407111E+00    0.142029470616E+01
    0.417627248149E+00    0.229123556960E+00    0.636892475576E+00    0.733816557268E+00    0.804138234326E+00    0.100000000000E+01    0.888237329345E-01    0.779320590007E+00    0.191677504069E+00    0.969001075508E+00    0.162214659023E+01
    0.442471785676E+00    0.790446812977E+00    0.510500525852E-01    0.638913375595E+00    0.389364772745E+00    0.919307250535E+00    0.100000000000E+01    0.163694387501E+00    0.326547511085E+00    0.191542347960E+00    0.966554897423E+00
    0.859036818151E+00    0.577309478156E+00    0.436201523013E+00    0.133526625730E+00    0.511459948575E+00    0.130101357751E+00    0.448736172800E+00    0.100000000000E+01    0.486720784453E+00    0.308664147874E+00    0.121968567744E+01
    0.777155907381E+00    0.736171137796E+00    0.225230386514E+00    0.204745671676E+00    0.612493831885E+00    0.342337677573E+00    0.845483191801E+00    0.758989344247E+00    0.100000000000E+01    0.389516127231E+00    0.185914327183E+01
    0.844344457065E+00    0.202068054546E+00    0.517782032836E+00    0.822543619597E-01    0.218935606243E+00    0.627014610482E+00    0.841479300868E+00    0.107868220987E+00    0.191086984698E+00    0.100000000000E+01    0.632336556300E+00
    0.000000000000E+00    0.920116934099E+00    0.638685232047E-01    0.118684599796E+00    0.456132917099E+00    0.783129965863E+00    0.986789533934E+00    0.828020521195E+00    0.973630991232E+00    0.510273252395E-01    0.123155533536E+01
    0.409170869709E+00    0.000000000000E+00    0.413192313608E+00    0.613197632590E-01    0.734728625305E+00    0.494905420113E+00    0.977108836904E+00    0.365182862361E-01    0.570318495601E+00    0.205986057151E+00    0.542118032245E+00
    0.681114047579E+00    0.862995255107E+00    0.000000000000E+00    0.376719812952E+00    0.215749713823E-01    0.411006146480E+00    0.951102130123E+00    0.292617572253E+00    0.761446339824E+00    0.310619309744E+00    0.111149476986E+01
    0.820159418675E+00    0.607794450994E+00    0.802792005286E+00    0.000000000000E+00    0.660919314304E+00    0.949381747059E+00    0.580066150029E+00    0.868040086371E+00    0.441063820225E+00    0.762953135285E+00    0.196598477235E+01
    0.360828593383E+00    0.326453992741E+00    0.772735721854E+00    0.861875898416E+00    0.000000000000E+00    0.663208344668E+00    0.560657604554E+00    0.354863537816E+00    0.280821208492E+00    0.589806896077E+00    0.114838345590E+01
    0.578041159422E+00    0.203432512572E+00    0.666793833541E+00    0.482689583678E+00    0.322908001844E+00    0.000000000000E+00    0.666846521811E+00    0.886734293897E+00    0.450716250046E+00    0.251026191270E+00    0.114390406659E+01
    0.728344694817E+00    0.445293557446E+00    0.733289391767E+00    0.857991225606E+00    0.207024237065E+00    0.491783069282E+00    0.000000000000E+00    0.538725734777E+00    0.831057548195E+00    0.908577312541E+00    0.181037411259E+01
    0.804367065987E+00    0.889657760914E+00    0.370610723134E+00    0.110581083928E+00    0.215040731806E+00    0.760492398362E+00    0.616414691997E+00    0.000000000000E+00    0.207117330190E+00    0.459555090645E-01    0.929648962580E+00
    0.438427760419E+00    0.287670675929E+00    0.604440578027E+00    0.333009141925E+00    0.962693932497E+00    0.164868750670E+00    0.927461264740E+00    0.549424955471E+00    0.000000000000E+00    0.127132379886E+00    0.995695558428E+00
    0.165049387776E+00    0.117647416156E+00    0.899466349741E+00    0.861348710355E+00    0.422454824776E+00    0.262815131632E+00    0.848418086763E+00    0.269053690847E+00    0.125660135106E+00    0.000000000000E+00    0.113346935237E+01
    0.100000000000E+01    0.393841663708E+00    0.811718236537E+00    0.951152050895E+00    0.421092199088E+00    0.944628984219E+00    0.607508911952E+00    0.204685873101E+00    0.974139207122E+00    0.954644751896E+00    0.261799039918E+01
    0.954284106067E+00    0.100000000000E+01    0.942208659032E+00    0.569855982023E+00    0.416318731673E+00    0.614221965734E+00    0.287854164573E+00    0.544051365912E-01    0.112916683528E+00    0.505804767398E-01    0.176829158130E+01
    0.415784248654E-01    0.511789254132E+00    0.100000000000E+01    0.528399805359E-01    0.225903699813E+00    0.581733991422E+00    0.152351963743E+00    0.445150077149E+00    0.107074466072E+00    0.894574201567E-01    0.282933326468E+00
    0.597162903962E+00    0.623859565646E+00    0.549948386507E+00    0.100000000000E+01    0.130375714981E+00    0.774077752821E+00    0.717057965958E+00    0.428184277191E+00    0.832555828120E+00    0.838082017958E+00    0.202819813222E+01
    0.991700612177E+00    0.342708114632E+00    0.651332914946E+00    0.174244305972E+00    0.100000000000E+01    0.387355557420E+00    0.473930370981E+00    0.163350141916E+00    0.319483686993E+00    0.366960782118E+00    0.103536503323E+01
    0.491369262372E+00    0.218196739037E+00    0.941069561761E-01    0.837161062553E+00    0.754202989230E+00    0.100000000000E+01    0.252808620252E+00    0.405815262060E-02    0.357799204346E+00    0.520543021512E+00    0.112747665426E+01
    0.528438674737E+00    0.796547867596E-01    0.811650294382E+00    0.199641139149E+00    0.195517163195E+00    0.359497426476E+00    0.100000000000E+01    0.385033924522E+00    0.294562143422E+00    0.403252165952E+00    0.778236123177E+00
    0.859893969494E+00    0.886098426696E+00    0.925045173101E+00    0.289103313976E+00    0.729142359293E+00    0.102759254325E-01    0.455285715875E-01    0.100000000000E+01    0.508466118453E-01    0.404101595315E+00    0.110295269968E+01
    0.641074633773E+00    0.431917111133E+00    0.662768312771E+00    0.489580436383E+00    0.514747000564E+00    0.514079210844E+00    0.399970485344E+00    0.698716212999E+00    0.100000000000E+01    0.799726136783E+00    0.194518223507E+01
    0.754010372883E+00    0.911654240174E+00    0.907654332022E-01    0.915419083371E+00    0.729061625738E-01    0.998661697015E+00    0.388516483728E+00    0.417841887369E+00    0.491419974462E+00    0.100000000000E+01    0.149705219057E+01
    0.000000000000E+00    0.880272172005E+00    0.628006676698E+00    0.412812770140E+00    0.966080402216E+00    0.515933083720E+00    0.958296910547E+00    0.188934992909E+00    0.983315548287E+00    0.203288516770E+00    0.113863459624E+01
    0.733421192738E+00    0.000000000000E+00    0.781081277929E-01    0.776519963216E-02    0.227279404770E-01    0.986672865629E+00    0.157153232527E+00    0.502185894270E+00    0.706912966256E-01    0.501524204564E+00    0.137405100289E+00
    0.257606049124E+00    0.465159976285E+00    0.000000000000E+00    0.371391276135E+00    0.756951117849E+00    0.563686912764E+00    0.783117099654E+00    0.746714229100E+00    0.340732215835E+00    0.235997327101E+00    0.121168803599E+01
    0.478212446033E+00    0.184350708668E+00    0.963954790746E+00    0.000000000000E+00    0.321288108304E+00    0.883604566452E+00    0.220321577783E+00    0.787686942796E+00    0.978490693325E+00    0.484473048415E+00    0.101964724204E+01
    0.702184680506E+00    0.821719224307E+00    0.556317618462E+00    0.658077918578E+00    0.000000000000E+00    0.685654868691E+00    0.731775262608E+00    0.396428979906E-01    0.976231940551E+00    0.136518441089E+00    0.110538234616E+01
    0.585113577832E-01    0.676961671169E+00    0.967985968686E+00    0.635211470738E-01    0.296373970680E-01    0.000000000000E+00    0.986089340103E+00    0.840605407096E+00    0.244086303452E+00    0.638608092582E+00    0.108588504547E+01
    0.854651501832E+00    0.256840527011E+00    0.794385152302E+00    0.698733124945E+00    0.498549737052E+00    0.900796506911E+00    0.000000000000E+00    0.769947354422E+00    0.162616729104E+00    0.788367598385E+00    0.135186598386E+01
    0.675285663992E+00    0.404661045222E+00    0.664446014511E+00    0.614687963397E+00    0.786925061172E-01    0.216811715598E+00    0.993172296414E+00    0.000000000000E+00    0.655484093546E+00    0.504535546918E+00    0.102946525295E+01
    0.928827525923E+00    0.486370186399E+00    0.143225468062E+00    0.684426028484E-01    0.728114999530E-02    0.873189788510E+00    0.220410063487E+00    0.375223623549E+00    0.000000000000E+00    0.558108815638E+00    0.550617629257E+00
    0.812742377076E+00    0.964264948583E+00    0.237815219594E-03    0.929948437290E+00    0.271353169587E+00    0.169363330155E+00    0.241247831598E+00    0.561733936619E+00    0.777241373115E+00    0.000000000000E+00    0.965394512929E+00
    0.100000000000E+01    0.726926174979E+00    0.622898307733E+00    0.946275932257E+00    0.998439361639E+00    0.449923878734E+00    0.485713183407E+00    0.792892050147E+00    0.146230352678E+00    0.995499526044E+00    0.229627193066E+01
    0.606278376555E+00    0.100000000000E+01    0.322687344137E-01    0.510669251184E+00    0.464598486767E+00    0.266446285811E+00    0.710015088082E+00    0.907340486726E+00    0.621755226577E+00    0.940020825738E+00    0.197523586528E+01
    0.907743484556E+00    0.504222586513E+00    0.100000000000E+01    0.415512877671E+00    0.687899453591E+00    0.670291183750E+00    0.587874065610E+00    0.376017275525E+00    0.186752137355E+00    0.849538579282E+00    0.171401453434E+01
    0.515732665680E+00    0.591946071494E-01    0.363003646538E+00    0.100000000000E+01    0.981352837863E+00    0.397435565146E+00    0.809449371104E+00    0.404197109214E+00    0.784178137052E+00    0.487076744327E+00    0.149268878862E+01
    0.251702712303E+00    0.711155718718E+00    0.135183573033E+00    0.647971265132E+00    0.100000000000E+01    0.657023629178E+00    0.548340652771E+00    0.931662811569E+00    0.503782502688E+00    0.412979651946E+00    0.164253904017E+01
    0.309057919343E+00    0.884865500348E+00    0.340530889387E+00    0.380015593549E+00    0.484961753480E+00    0.100000000000E+01    0.536055315304E+00    0.845108877363E+00    0.621909539860E+00    0.602742881354E-01    0.137835375249E+01
    0.937171502203E+00    0.388253846514E-01    0.259306862032E+00    0.109305722490E+00    0.647548743755E+00    0.876070082689E+00    0.100000000000E+01    0.312652859568E+00    0.327364685859E-01    0.161375867973E+00    0.949963585046E+00
    0.257757183566E-01    0.420626488641E+00    0.331837216506E+00    0.950906069854E+00    0.306939051067E+00    0.427181587250E+00    0.641433626467E+00    0.100000000000E+01    0.707882020101E+00    0.796818912137E+00    0.166299409195E+01
    0.415199234032E+00    0.126988867815E+00    0.817579213871E+00    0.718840633942E+00    0.222837127211E+00    0.685097573191E+00    0.529890887749E+00    0.605860717048E+00    0.100000000000E+01    0.916894524218E+00    0.203103461354E+01
    0.652325066103E+00    0.291842837533E-01    0.135204577203E-01    0.302584177026E+00    0.430002130626E+00    0.805244390884E+00    0.134614452825E+00    0.493311623294E+00    0.876991499887E+00    0.100000000000E+01    0.131278389429E+01
    0.000000000000E+00    0.739318844757E+00    0.503020668223E+00    0.283953514716E+00    0.159729625634E+00    0.241697121624E+00    0.148166791578E+00    0.352941023961E+00    0.289380825214E+00    0.460251536310E+00    0.366922785991E+00
    0.597654570739E+00    0.000000000000E+00    0.276286869148E+00    0.128995167143E+00    0.236108135648E+00    0.442194259021E-02    0.402279583042E-01    0.779850819561E+00    0.334044905117E-01    0.189143707052E+00    0.743737829065E-01
    0.276889045301E+00    0.421895006119E+00    0.000000000000E+00    0.104114475117E+00    0.754832170658E+00    0.966076664936E+00    0.610798108086E+00    0.497023583668E+00    0.204617565063E+00    0.874363268225E+00    0.132853499898E+01
    0.856763092279E+00    0.184410916911E+00    0.605657406165E+00    0.000000000000E+00    0.850740048318E+00    0.788184035009E+00    0.148554381721E+00    0.598934672580E+00    0.787941845705E+00    0.290209755892E+00    0.114617897212E+01
    0.997600008892E+00    0.813929469913E+00    0.141458824272E+00    0.937294191698E+00    0.000000000000E+00    0.339446004602E+00    0.564366253058E+00    0.287500748576E+00    0.739653379547E+00    0.319569538794E+00    0.134319099037E+01
    0.920360811587E+00    0.659538725933E+00    0.648686903156E-01    0.782613470427E+00    0.750853317075E+00    0.000000000000E+00    0.987057117877E+00    0.182981234130E-01    0.863914315618E-01    0.718839602540E-01    0.682052159114E+00
    0.302428516926E-01    0.870572389595E-01    0.286198693336E+00    0.127542196781E+00    0.449115610137E+00    0.102469596764E+00    0.000000000000E+00    0.955035333081E-01    0.605506327656E-01    0.806701788082E+00    0.134002268423E+00
    0.672782555177E+00    0.119034402680E+00    0.967098314687E+00    0.845653400751E+00    0.764942521701E+00    0.499035595698E+00    0.700273547315E-01    0.000000000000E+00    0.670654021511E+00    0.591664091971E+00    0.167644969792E+01
    0.835440672372E+00    0.249458186257E+00    0.489688581043E+00    0.891214798520E+00    0.901224665387E-01    0.714357497007E+00    0.642866792613E+00    0.392754985303E+00    0.000000000000E+00    0.120399110439E+00    0.961694022252E+00
    0.565943204259E+00    0.646944712334E-01    0.134063920786E+00    0.418944928706E+00    0.851722217249E+00    0.283106686680E+00    0.813231987007E+00    0.747931617344E+00    0.577650900188E+00    0.000000000000E+00    0.942148966298E+00
    0.100000000000E+01    0.218644570548E+00    0.574874701328E-01    0.800185422911E+00    0.872615223624E+00    0.973634662189E+00    0.850704142616E+00    0.424905074925E+00    0.808067025082E+00    0.496314506083E+00    0.187677752852E+01
    0.593704985580E+00    0.100000000000E+01    0.371014708948E+00    0.567785890825E-01    0.244254367496E+00    0.548682449653E+00    0.241612775345E+00    0.113655774440E+00    0.865715712931E+00    0.395808504877E+00    0.111890709106E+01
    0.240691966878E+00    0.942283552922E+00    0.100000000000E+01    0.867670368328E+00    0.368506329845E+00    0.877289960373E+00    0.979293454817E+00    0.995206275211E+00    0.691007015354E+00    0.126677583875E+00    0.247989144420E+01
    0.730483960232E+00    0.174514911230E+00    0.334739035006E+00    0.100000000000E+01    0.425072393359E+00    0.988824394331E+00    0.263472298684E+00    0.140340872308E+00    0.390031333848E+00    0.941405454300E+00    0.128669488765E+01
    0.891863228659E-01    0.166948945095E+00    0.328272822803E+00    0.829505538102E+00    0.100000000000E+01    0.997952400434E+00    0.514777831633E-01    0.443870714346E+00    0.288479216356E+00    0.954635810459E-01    0.133553482691E+01
    0.575006604572E+00    0.967125907110E+00    0.695500485318E+00    0.152750132306E-01    0.351401918627E+00    0.100000000000E+01    0.800657109696E+00    0.428915343639E+00    0.139675111235E-01    0.808223048452E+00    0.127283246554E+01
    0.962925273583E+00    0.898687040240E+00    0.264637842451E+00    0.493851228364E-01    0.398556547526E+00    0.585534764627E+00    0.100000000000E+01    0.858818287006E+00    0.499054890890E+00    0.222293825147E+00    0.208156145835E+01
    0.562041568214E+00    0.262378122140E+00    0.364913968182E+00    0.332856587899E+00    0.351076810266E+00    0.158265654634E+00    0.204897788398E+00    0.100000000000E+01    0.301701143634E-01    0.185771021652E+00    0.534997352128E+00
    0.201872225744E+00    0.180975390005E+00    0.643277985933E+00    0.327170081553E+00    0.450843122318E+00    0.604720640566E+00    0.377714012532E+00    0.262807759544E+00    0.100000000000E+01    0.179917131714E+00    0.798812662723E+00
    0.524244973909E+00    0.814472698495E+00    0.982973615045E+00    0.459117874898E-01    0.978606480895E+00    0.464136731642E+00    0.120793602442E-01    0.887541913829E+00    0.114968830544E+00    0.100000000000E+01    0.105201027695E+01
    0.000000000000E+00    0.418668395800E+00    0.642071576520E+00    0.697866523169E+00    0.158629640738E+00    0.149702934802E+00    0.541985777285E+00    0.674947484617E+00    0.724207276783E+00    0.778857482423E+00    0.140169377492E+01
    0.746770278869E+00    0.000000000000E+00    0.274857260203E+00    0.855946490256E+00    0.193346956195E+00    0.652000378007E+00    0.388337762643E+00    0.625414941057E+00    0.911258249058E+00    0.910867686998E+00    0.143423332823E+01
    0.854721209808E+00    0.337374662109E+00    0.000000000000E+00    0.144181655429E-03    0.112133614992E+00    0.294623388031E+00    0.760840025348E+00    0.188940328627E+00    0.435350421063E+00    0.207169402050E-01    0.474170957980E+00
    0.333751919758E+00    0.737349838431E+00    0.277149376294E+00    0.000000000000E+00    0.782417990960E-02    0.324427471185E+00    0.720033272456E+00    0.202460627722E+00    0.868251575690E+00    0.899856871280E+00    0.117571083772E+01
    0.724592287670E+00    0.742019092258E+00    0.968942511375E+00    0.859499929630E+00    0.000000000000E+00    0.151931714952E+00    0.553566435838E+00    0.678118831354E+00    0.370599900433E+00    0.597934272057E+00    0.196744553813E+01
    0.511070879126E+00    0.751668169381E+00    0.249419201114E+00    0.437575218762E+00    0.885497205651E+00    0.000000000000E+00    0.166642865020E+00    0.722088614572E+00    0.177934617706E+00    0.980943438262E+00    0.788170084836E+00
    0.366810039656E+00    0.398495590596E+00    0.939660624885E-02    0.291900196542E+00    0.432100904843E+00    0.808065116705E+00    0.000000000000E+00    0.751253865566E+00    0.195295748567E+00    0.736278901704E+00    0.641872861963E+00
    0.396237924272E+00    0.226804223192E+00    0.899633352429E+00    0.927515088261E+00    0.816095696056E+00    0.397867252990E+00    0.854697323291E+00    0.000000000000E+00    0.495253153317E+00    0.929849621610E+00    0.170950065287E+01
    0.871024990744E+00    0.289241081771E+00    0.121148749591E+00    0.966174484135E-01    0.942767593897E+00    0.660628232374E+00    0.192653005700E+00    0.105675444999E+00    0.000000000000E+00    0.477460090175E+00    0.906818874840E+00
    0.117179405580E+00    0.753135541667E+00    0.866579659044E+00    0.901573680322E+00    0.357241389286E+00    0.624681051170E+00    0.403514294523E+00    0.204617550678E+00    0.499546107304E+00    0.000000000000E+00    0.117526542078E+01
    0.100000000000E+01    0.535873020035E+00    0.128787184106E+00    0.794051666075E+00    0.805221121034E+00    0.890643494254E+00    0.987600550757E+00    0.728318550238E-02    0.786212089076E+00    0.556926507376E-01    0.140628076432E+01
    0.257908494322E+00    0.100000000000E+01    0.340176424645E+00    0.720671363694E+00    0.905463122456E+00    0.135000403225E+00    0.935462273254E+00    0.964098171268E+00    0.177599139304E+00    0.393377614198E+00    0.159704278144E+01
    0.436982572863E+00    0.147768055007E+00    0.100000000000E+01    0.797363877608E+00    0.808993033853E+00    0.137137774827E+00    0.264917090235E+00    0.170449139024E+00    0.244325830818E-01    0.148906478720E-01    0.101839815392E+01
    0.611775755592E+00    0.950229657543E+00    0.511201087904E+00    0.100000000000E+01    0.282034697249E+00    0.189788532577E+00    0.391777935745E+00    0.794164520345E+00    0.590870889230E+00    0.816967553307E+00    0.193991398708E+01
    0.812352047630E+00    0.159461172071E+00    0.782087590157E+00    0.737747372174E+00    0.100000000000E+01    0.234490483829E+00    0.605236309677E+00    0.359000542313E+00    0.132582425443E+00    0.534512834641E+00    0.122915932938E+01
    0.976874677080E+00    0.822549504265E+00    0.180045102882E+00    0.266608941019E+00    0.218402817676E+00    0.100000000000E+01    0.229172914065E+00    0.548528939631E+00    0.692290340244E+00    0.523278421110E+00    0.155790080499E+01
    0.681350575878E-01    0.409956261910E+00    0.825652137028E+00    0.729090137690E+00    0.386750912953E+00    0.146730873886E+00    0.100000000000E+01    0.355984152307E-01    0.559750462950E+00    0.244290350765E+00    0.858995575383E+00
    0.484327148480E+00    0.575655008183E+00    0.627489347170E+00    0.601993705131E+00    0.956173014066E+00    0.863048736243E+00    0.616438232130E+00    0.100000000000E+01    0.837403093669E+00    0.675682523638E+00    0.266403076484E+01
    0.583972470684E+00    0.246765089021E+00    0.528797206247E+00    0.269338171834E+00    0.173496341835E+00    0.841200789527E+00    0.206921155661E+00    0.523657482730E+00    0.100000000000E+01    0.846742107630E+00    0.138757247037E+01
    0.301874379422E+00    0.470559054685E+00    0.506743956850E-01    0.206068679303E+00    0.741461925464E+00    0.438448774885E+00    0.549293726615E+00    0.140501428342E+00    0.957982138763E+00    0.100000000000E+01    0.151274389318E+01
    0.000000000000E+00    0.124810755745E-01    0.223944439564E+00    0.951461817818E+00    0.745503602403E-02    0.273995032908E-01    0.355841674434E+00    0.631927146447E+00    0.564218594729E+00    0.463031885206E-01    0.464269981712E+00
    0.777836118926E-01    0.000000000000E+00    0.100174296212E+00    0.223429487779E+00    0.437856816438E+00    0.409877432881E+00    0.428639264284E+00    0.192149640647E+00    0.154196902191E+00    0.987241236421E+00    0.436441940553E+00
    0.925690315065E+00    0.148625155422E+00    0.000000000000E+00    0.326540264696E+00    0.415001369212E+00    0.617949150737E+00    0.361477519212E+00    0.379276325637E+00    0.337095064314E+00    0.321889541490E+00    0.639637851586E+00
    0.701823977773E+00    0.531383298274E+00    0.854907380054E+00    0.000000000000E+00    0.930859368547E+00    0.147120093749E+00    0.330527648682E+00    0.305858065234E+00    0.978983324826E+00    0.582433298009E+00    0.118117269139E+01
    0.721116273019E+00    0.928451994015E+00    0.112359272003E-01    0.873653917548E+00    0.000000000000E+00    0.421105497416E+00    0.249394042940E-02    0.780701075269E+00    0.644530610091E+00    0.498589997869E-01    0.713420826943E+00
    0.588089619495E+00    0.540615574870E+00    0.392279512713E+00    0.571872531101E+00    0.341875969526E+00    0.000000000000E+00    0.422129122069E+00    0.453496077680E+00    0.649695139234E+00    0.808601003461E-01    0.786232600838E+00
    0.536805439654E+00    0.468080367725E+00    0.648215645779E+00    0.448063188982E+00    0.907845578557E+00    0.487983839088E-01    0.000000000000E+00    0.815913602587E+00    0.809017492699E+00    0.910193331163E+00    0.132237338071E+01
    0.271196368700E+00    0.634386569832E+00    0.489808334182E+00    0.828618819637E-01    0.293725233682E+00    0.421408710216E+00    0.702529838659E+00    0.000000000000E+00    0.600788629745E+00    0.762341338398E-01    0.382208747156E+00
    0.275252987874E+00    0.760889674099E+00    0.654089527581E+00    0.770262447502E+00    0.668491429872E+00    0.950198636619E+00    0.510120857007E+00    0.225899048585E+00    0.000000000000E+00    0.592691963292E+00    0.146369321815E+01
    0.718634490147E+00    0.936678185141E+00    0.244696882972E+00    0.544342027257E+00    0.722884046831E+00    0.509556619064E+00    0.554186140783E+00    0.817819658600E+00    0.999935726576E+00    0.000000000000E+00    0.162790271869E+01
    0.100000000000E+01    0.304285112581E+00    0.659980847179E+00    0.950252994286E+00    0.806112682047E+00    0.895816393222E+00    0.906486625574E+00    0.811614716377E+00    0.674728643684E+00    0.460441941929E+00    0.269995409663E+01
    0.997106622354E-01    0.100000000000E+01    0.561084004288E+00    0.585101212951E+00    0.536749156338E+00    0.978653129896E+00    0.148150960169E+00    0.145959107650E+00    0.595488543918E+00    0.212387105009E+00    0.110139090538E+01
    0.583240832743E+00    0.160383745223E+00    0.100000000000E+01    0.587832573716E+00    0.607491225275E+00    0.779004451922E+00    0.501371782636E+00    0.969605994189E+00    0.737243302921E+00    0.826389404616E+00    0.224999643175E+01
    0.263200591666E+00    0.336911920212E+00    0.482281991833E+00    0.100000000000E+01    0.990218602634E+00    0.838479020973E+00    0.718227045909E+00    0.199273262031E+00    0.766690785972E+00    0.993817836476E+00    0.230630935754E+01
    0.923504390198E+00    0.229249909671E+00    0.373381989055E+00    0.199504914795E+00    0.100000000000E+01    0.469042814273E+00    0.305300535355E+00    0.754015873981E+00    0.997452327583E+00    0.831557608579E-01    0.106839301143E+01
    0.899494393885E+00    0.501867099410E+00    0.105118920322E+00    0.582303630736E+00    0.872983386802E+00    0.100000000000E+01    0.368972937982E-01    0.413271764764E-01    0.807927647534E+00    0.227597745144E+00    0.157102852995E+01
    0.390345839222E+00    0.797135541543E+00    0.681084519569E+00    0.630879638518E+00    0.427436461695E+00    0.412237531681E+00    0.100000000000E+01    0.442734055863E+00    0.321370965152E+00    0.221271484686E+00    0.143089053582E+01
    0.307638503778E+00    0.614122279653E-01    0.615108268878E+00    0.271094866347E+00    0.389720021388E+00    0.934007489931E+00    0.708976114985E+00    0.100000000000E+01    0.264623667356E+00    0.481371253736E+00    0.138600522033E+01
    0.119763007386E+00    0.885512870653E+00    0.859272687347E+00    0.651239957864E-01    0.335765201606E-01    0.913209616931E+00    0.842158859433E+00    0.929846587568E+00    0.100000000000E+01    0.612278002672E+00    0.158802990076E+01
    0.735009686402E-01    0.177382337207E-01    0.585731562066E+00    0.142944614000E+00    0.906185028109E+00    0.438803160131E+00    0.239981518722E+00    0.137298253682E+00    0.862307916000E+00    0.100000000000E+01    0.137792476284E+01
    0.000000000000E+00    0.966194742509E+00    0.239973381930E+00    0.430140194573E+00    0.955836797405E+00    0.754257751138E+00    0.907233855593E+00    0.832012405962E+00    0.713887708595E+00    0.858350798353E+00    0.219176541803E+01
    0.660967840149E-01    0.000000000000E+00    0.898983886859E+00    0.473171490003E+00    0.106616914332E+00    0.720083338374E+00    0.399930877753E+00    0.380779367804E+00    0.458438033272E+00    0.238346983926E+00    0.763699358176E+00
    0.614766290809E+00    0.511719505922E+00    0.000000000000E+00    0.583687838492E+00    0.448860564814E+00    0.794865197132E+00    0.190280316436E+00    0.243446729262E+00    0.253719137605E+00    0.669166325133E+00    0.887474967533E+00
    0.447198867819E+00    0.541111428132E+00    0.533591408499E+00    0.000000000000E+00    0.254591155435E-01    0.699678005868E-01    0.368782504865E+00    0.580953155563E+00    0.892474576282E+00    0.644452342958E+00    0.103316842798E+01
    0.515693832435E+00    0.579814338578E+00    0.237002433089E+00    0.876731925092E+00    0.000000000000E+00    0.806141681824E+00    0.562232107877E+00    0.224539395958E+00    0.871844857599E+00    0.188895951571E+00    0.797725499664E+00
    0.240263742444E+00    0.139147663983E+00    0.603150388420E-02    0.633590118026E+00    0.192231012745E+00    0.000000000000E+00    0.855263415454E+00    0.728002536724E+00    0.694969498536E+00    0.177218406681E+00    0.783048962999E+00
    0.344185389434E+00    0.588071509090E+00    0.578713354531E+00    0.990640514877E+00    0.470997640462E+00    0.469786105236E+00    0.000000000000E+00    0.908803482610E-01    0.982096100345E+00    0.770443802465E+00    0.175362051789E+01
    0.908933751220E+00    0.924412803997E+00    0.927925017190E+00    0.453088203916E+00    0.270856786694E+00    0.388668658063E+00    0.991353174489E+00    0.000000000000E+00    0.170764968099E+00    0.843394190406E+00    0.150995760285E+01
    0.710639895691E+00    0.660811932096E+00    0.318425833541E+00    0.117168101989E-01    0.796441940703E+00    0.113648587070E+00    0.148655985124E+00    0.665192196285E+00    0.000000000000E+00    0.564221271386E+00    0.662729560030E+00
    0.321114162825E+00    0.931382149984E+00    0.430671607794E+00    0.219785174882E+00    0.373084605354E+00    0.225852800343E+00    0.865946115138E+00    0.614386698813E-02    0.359972382319E-02    0.000000000000E+00    0.483317694632E+00
    0.100000000000E+01    0.903676003169E+00    0.732468109678E-01    0.401574523501E+00    0.619793851530E+00    0.778335113376E+00    0.936139017602E+00    0.317611229128E-01    0.969478369899E+00    0.849404646688E+00    0.226870963274E+01
    0.254301282769E+00    0.100000000000E+01    0.812279159462E+00    0.353194348706E+00    0.267721213674E+00    0.673910547178E+00    0.995050931376E-01    0.178084454299E+00    0.739711650541E+00    0.603252727425E+00    0.118556722197E+01
    0.731945676338E+00    0.555279830402E+00    0.100000000000E+01    0.768592472691E+00    0.872776710410E+00    0.716421221970E+00    0.344767902386E+00    0.536609122644E+00    0.717709063110E+00    0.540602768217E+00    0.237330400900E+01
    0.424786486986E+00    0.575971328153E+00    0.265746849926E+00    0.100000000000E+01    0.989233751208E+00    0.665960571700E+00    0.132401944327E+00    0.977990042604E+00    0.585218276247E+00    0.725087493647E+00    0.172302459785E+01
    0.824031123599E+00    0.437649952044E+00    0.917530530026E+00    0.575703125629E+00    0.100000000000E+01    0.710823938930E+00    0.391118234826E+00    0.297418910817E+00    0.498001859632E+00    0.595997344170E+00    0.201282005979E+01
    0.763487831554E+00    0.629921220085E+00    0.584385214641E+00    0.814942795696E+00    0.387903616654E+00    0.100000000000E+01    0.814510877352E+00    0.341048059230E+00    0.307583434493E+00    0.480249230986E+00    0.177058538543E+01
    0.976219579805E+00    0.924261428023E+00    0.809347289756E+00    0.716313097845E+00    0.726941145399E+00    0.384055266993E+00    0.100000000000E+01    0.434297326045E+00    0.297016800090E+00    0.756108429902E+00    0.242008797535E+01
    0.914007919763E+00    0.984675010935E-01    0.136456008844E+00    0.378462120422E+00    0.187280680314E+00    0.737450645548E+00    0.381918492396E+00    0.100000000000E+01    0.366355324594E+00    0.839816901824E+00    0.969343650949E+00
    0.762003903553E+00    0.272817703777E-01    0.304976769841E+00    0.688457417863E+00    0.416053288989E+00    0.863420986806E+00    0.687575174380E+00    0.287212275252E+00    0.100000000000E+01    0.370897494059E+00    0.115835900064E+01
    0.894545109835E+00    0.340735984394E+00    0.101206385541E+00    0.301486601125E+00    0.945258598622E+00    0.789924295301E+00    0.668871220161E+00    0.331268120312E+00    0.900124703813E+00    0.100000000000E+01    0.220369922581E+01
    0.000000000000E+00    0.323453174980E+00    0.243983098889E+00    0.569761787473E+00    0.458137909627E-01    0.986403748627E+00    0.669244044733E+00    0.884948252567E+00    0.555590967919E+00    0.532360178303E+00    0.107222399635E+01
    0.864863881780E+00    0.000000000000E+00    0.556404009089E+00    0.438103917435E+00    0.338282557560E-01    0.653400365662E+00    0.514452857395E+00    0.408367578345E+00    0.500277058864E+00    0.609895339028E+00    0.781068684710E+00
    0.509095357537E+00    0.892734530246E+00    0.000000000000E+00    0.774546667894E+00    0.414380304871E+00    0.270230445590E-01    0.991720592291E+00    0.570589793249E+00    0.406593524648E+00    0.727767275067E+00    0.132745593151E+01
    0.922990504611E+00    0.299735127476E+00    0.509526027503E+00    0.000000000000E+00    0.474977889208E+00    0.260149345167E+00    0.525922761114E+00    0.732311713590E-02    0.259570158020E+00    0.865934020502E+00    0.628839887926E+00
    0.671826450954E+00    0.184693963938E+00    0.582601739809E+00    0.139902610502E+00    0.000000000000E+00    0.701371442377E+00    0.324118750993E+00    0.690867689535E+00    0.279540167462E+00    0.777030097466E+00    0.646724090789E+00
    0.724382777688E+00    0.767277350588E+00    0.718421820835E+00    0.780038806725E+00    0.777518718805E+00    0.000000000000E+00    0.833469656295E+00    0.842661950382E+00    0.252688257209E+00    0.454638897003E+00    0.193341447503E+01
    0.343827528417E+00    0.478267274624E+00    0.724057214674E+00    0.586923890536E+00    0.571666326086E+00    0.416465790657E+00    0.000000000000E+00    0.627959084040E+00    0.194817310608E+00    0.330778856086E+00    0.891928847998E+00
    0.213694498240E+00    0.185329087657E+00    0.836377872499E+00    0.588975928725E-01    0.687269064911E+00    0.514853772445E+00    0.447444201821E+00    0.000000000000E+00    0.643701780872E+00    0.640721892078E+00    0.855141343547E+00
    0.175472395451E+00    0.563864503788E+00    0.292699137658E+00    0.601576820824E+00    0.501064493250E+00    0.875607277561E+00    0.281926555531E+00    0.899282182067E+00    0.000000000000E+00    0.185111947956E+00    0.967290916737E+00
    0.363996713550E+00    0.733073587738E-01    0.866906380052E+00    0.623741264084E+00    0.651956993379E+00    0.237594203045E+00    0.304076184962E+00    0.714926039974E+00    0.656680882266E+00    0.000000000000E+00    0.939702104036E+00
    0.100000000000E+01    0.757424095375E+00    0.165020840618E+00    0.495334933704E+00    0.350223191308E-01    0.330439573337E+00    0.395670625559E+00    0.784723960326E+00    0.837023419587E-01    0.283880320284E+00    0.118499111063E+01
    0.742939662240E+00    0.100000000000E+01    0.551109473481E+00    0.919807195294E+00    0.521915845716E+00    0.648850446920E+00    0.119417033366E+00    0.196879043979E+00    0.998720787437E+00    0.605059240767E+00    0.221629540384E+01
    0.151317148276E+00    0.650684385558E+00    0.100000000000E+01    0.935649124252E+00    0.837723303423E-01    0.821660415921E+00    0.341053773239E+00    0.390924916453E+00    0.250417760028E+00    0.739529060739E+00    0.142145886637E+01
    0.845062089049E+00    0.645894755926E-02    0.845454866256E+00    0.100000000000E+01    0.219155551714E+00    0.298399155264E+00    0.262363037731E+00    0.971411195990E+00    0.707876847581E+00    0.409626164720E+00    0.146113617991E+01
    0.791435615659E+00    0.286276305387E+00    0.244167021686E+00    0.287700688950E+00    0.100000000000E+01    0.880432365528E+00    0.500808877845E+00    0.631080035914E+00    0.972426595198E+00    0.138282655368E+00    0.162776886624E+01
    0.523180124645E+00    0.951196121769E+00    0.462205687593E+00    0.246268166292E+00    0.371851531779E+00    0.100000000000E+01    0.482646284389E+00    0.389808092899E+00    0.602724892703E+00    0.977525736365E+00    0.176064350669E+01
    0.509717920953E+00    0.211553597160E+00    0.625137891803E+00    0.243236221705E+00    0.541741549185E+00    0.914769293472E+00    0.100000000000E+01    0.323540288180E+00    0.387619707347E+00    0.506454933933E+00    0.127530957421E+01
    0.543048698808E+00    0.832607902310E+00    0.416801079343E+00    0.808741834504E-01    0.714748663787E+00    0.665713629608E+00    0.974268168489E+00    0.100000000000E+01    0.640587602489E+00    0.546442005606E+00    0.228598515491E+01
    0.730407104995E+00    0.690498653050E+00    0.593799190282E+00    0.471994634279E+00    0.493274431832E+00    0.582010903991E+00    0.781176900568E+00    0.920951012994E-03    0.100000000000E+01    0.300427539014E+00    0.137285321649E+01
    0.799542421500E+00    0.539948569508E+00    0.470080968213E+00    0.587514892647E+00    0.413130688839E+00    0.390197534617E+00    0.914546431173E+00    0.606183825749E+00    0.674076182780E+00    0.100000000000E+01    0.209755336984E+01
    0.000000000000E+00    0.581916432183E+00    0.882713974676E+00    0.581544158109E+00    0.522832646877E-01    0.398840808782E-01    0.750720144968E+00    0.894350925054E+00    0.588357659955E+00    0.189858691174E-01    0.119800016285E+01
    0.820879621694E-01    0.000000000000E+00    0.722081928159E+00    0.893605597033E+00    0.870367960037E+00    0.860418464688E+00    0.604412126714E+00    0.428629363341E+00    0.365422108707E+00    0.759113210008E+00    0.193060265142E+01
    0.713534456944E+00    0.723962495386E+00    0.000000000000E+00    0.563700145409E+00    0.683956855207E+00    0.116533291246E+00    0.830752080440E+00    0.868721622830E+00    0.899807693666E+00    0.582239276071E+00    0.184187160505E+01
    0.462648228473E+00    0.757635178936E+00    0.439617801788E+00    0.000000000000E+00    0.420900101057E+00    0.224260191000E+00    0.998836316403E+00    0.131513195173E+00    0.982084743937E+00    0.786078229879E+00    0.134826530295E+01
    0.118168423053E+00    0.475869307225E+00    0.669536124606E-01    0.220977207384E+00    0.000000000000E+00    0.176650956041E+00    0.212818216842E+00    0.125481772161E+00    0.357995195526E-01    0.433079224076E+00    0.113236783068E+00
    0.940070581861E-01    0.896453974489E+00    0.979864998751E+00    0.538266854222E+00    0.404606840961E+00    0.000000000000E+00    0.459136837462E+00    0.411226250088E+00    0.843970986167E+00    0.157158946521E+00    0.933148562408E+00
    0.413020236711E+00    0.264974000824E+00    0.333254990504E+00    0.997028932784E+00    0.903697715801E+00    0.657533906120E+00    0.000000000000E+00    0.580812107287E+00    0.393568088531E+00    0.742324229506E+00    0.132807150917E+01
    0.639279557079E-01    0.468820008765E+00    0.192798193583E+00    0.962141440203E+00    0.556886986954E+00    0.581727018509E-01    0.601187214928E+00    0.000000000000E+00    0.455634535825E-02    0.178571184127E+00    0.248679089040E+00
    0.615497994009E+00    0.784649265567E+00    0.479262526163E+00    0.352433251509E+00    0.643991858317E+00    0.359697897972E-01    0.125485573953E+00    0.192883764866E+00    0.000000000000E+00    0.121444368281E+00    0.699226481094E+00
    0.428144177451E+00    0.192347879995E+00    0.703518192329E+00    0.903990833716E+00    0.992544329289E-01    0.663756614540E-01    0.197049812736E+00    0.636690289930E-01    0.846491238782E+00    0.000000000000E+00    0.737460670960E+00
    0.100000000000E+01    0.222771280081E+00    0.371824211924E+00    0.923682087880E+00    0.756206495471E+00    0.222546120878E+00    0.488152440585E+00    0.978861380391E+00    0.471897621735E+00    0.165260008468E+00    0.129032884342E+01
    0.630027268239E+00    0.100000000000E+01    0.318249194857E+00    0.292874928595E+00    0.705453984863E-01    0.667550720229E+00    0.427666543498E+00    0.139844055829E+00    0.251801069682E+00    0.107315066532E-01    0.832835938866E+00
    0.785824146214E+00    0.683948877935E-01    0.100000000000E+01    0.534753793688E+00    0.253038427819E+00    0.990696326971E+00    0.532979596101E+00    0.162197353042E+00    0.257564644457E+00    0.366185045078E-02    0.926575431938E+00
    0.166423767837E-01    0.129484253230E-01    0.588537244174E+00    0.100000000000E+01    0.727921572813E+00    0.331828382588E+00    0.161565674487E+00    0.241734126537E+00    0.502095358501E+00    0.109713874744E+00    0.924440539377E+00
    0.311896955605E+00    0.439841847061E+00    0.906007714876E+00    0.364569213299E+00    0.100000000000E+01    0.274887099324E-01    0.142769150349E+00    0.848102805645E+00    0.902712836917E+00    0.367411676139E-01    0.649226203452E+00
    0.795280308215E-01    0.741037409519E+00    0.487292524436E+00    0.317017917665E+00    0.972220619142E+00    0.100000000000E+01    0.467555122427E+00    0.435629014224E+00    0.622674363973E-01    0.374106376560E+00    0.141260954856E+01
    0.450240690147E+00    0.256157605035E+00    0.518370034707E+00    0.808210805356E+00    0.389803264555E-01    0.888753051892E+00    0.100000000000E+01    0.420961587888E+00    0.328856661830E+00    0.852001283368E+00    0.127007661001E+01
    0.615981718236E-01    0.246525213697E+00    0.801946467735E+00    0.360108305335E+00    0.677063518057E+00    0.442737764696E-01    0.232071008609E+00    0.100000000000E+01    0.569332635016E+00    0.554096001932E+00    0.881485190232E+00
    0.835317382842E+00    0.470997996566E+00    0.688624819732E+00    0.545908210643E-01    0.390487701123E+00    0.705289764967E+00    0.641722131603E+00    0.925835733963E+00    0.100000000000E+01    0.336821405577E+00    0.163738307337E+01
    0.525868624431E+00    0.410129215395E+00    0.193629299741E+00    0.797762866865E+00    0.248506699186E+00    0.523096138406E-01    0.962575495104E-01    0.967069914865E+00    0.416738662002E-01    0.100000000000E+01    0.517905287490E+00
    0.000000000000E+00    0.427408919846E+00    0.129248468340E+00    0.427699922748E-01    0.691794214500E+00    0.239642974403E+00    0.417349989819E+00    0.861994234061E-01    0.209469870177E+00    0.729241756481E+00    0.360041083769E+00
    0.602047357301E+00    0.000000000000E+00    0.320346647933E-01    0.799193471582E+00    0.402252250607E+00    0.411698770911E+00    0.632558438332E-01    0.550810172592E+00    0.370549059382E+00    0.865167828295E+00    0.546637739380E+00
    0.476038717786E+00    0.374329133912E+00    0.000000000000E+00    0.255739668432E+00    0.327811664710E+00    0.962041094951E+00    0.534246422339E+00    0.595251722095E+00    0.524729638444E+00    0.602487970903E+00    0.112771785185E+01
    0.411149629734E-01    0.893157901407E+00    0.949922209583E+00    0.000000000000E+00    0.831646923940E+00    0.795233393934E+00    0.268552805204E+00    0.353138231211E+00    0.545607350450E+00    0.379624082072E+00    0.100003751213E+01
    0.858621560354E+00    0.911051619697E+00    0.823949114115E+00    0.193716298685E+00    0.000000000000E+00    0.632625598744E+00    0.218243447297E+00    0.391427278702E+00    0.213620122344E+00    0.986722085595E+00    0.123807106727E+01
    0.520688323059E+00    0.474760392124E-01    0.421497729994E+00    0.363899272411E-01    0.768507835530E+00    0.000000000000E+00    0.413802511018E-01    0.996611514853E-01    0.921413014136E+00    0.640820895455E+00    0.634643207246E+00
    0.309680772254E+00    0.799017738275E+00    0.969040380696E+00    0.265363561589E-01    0.967902086012E+00    0.793204170437E+00    0.000000000000E+00    0.684248816394E+00    0.537810427214E+00    0.664590268340E+00    0.139832277825E+01
    0.402850992487E+00    0.709346834991E+00    0.869700287531E-01    0.344407221418E+00    0.788728242116E+00    0.897364416873E+00    0.337627007081E+00    0.000000000000E+00    0.742113125019E+00    0.362123173768E+00    0.129222720163E+01
    0.677507025785E+00    0.685892487338E+00    0.680517399832E+00    0.194244895642E+00    0.479313152119E+00    0.165789982016E+00    0.339201617844E+00    0.904201559110E+00    0.000000000000E+00    0.406043438356E+00    0.983055960994E+00
    0.922202973821E+00    0.580662758773E-02    0.384977727521E+00    0.651922347437E+00    0.971085825527E-01    0.460543100998E+00    0.183146784936E+00    0.977237623211E+00    0.905669238175E+00    0.000000000000E+00    0.480031089617E+00
    0.100000000000E+01    0.764860254383E-01    0.618804470122E-01    0.328318323829E-01    0.293539281167E+00    0.817241388094E+00    0.512239326839E+00    0.888972170638E+00    0.918380076468E+00    0.369617675070E+00    0.111322613846E+01
    0.243698937879E+00    0.100000000000E+01    0.873302323883E+00    0.212658132939E+00    0.341808988952E+00    0.272769734767E+00    0.787317951157E+00    0.190263177111E+00    0.292338015904E+00    0.424163521154E-01    0.684846453829E+00
    0.483561086502E+00    0.366375501555E+00    0.100000000000E+01    0.241972141477E-01    0.313114936678E+00    0.566545347865E+00    0.401327495055E+00    0.275077101740E+00    0.245133488676E+00    0.771370961609E+00    0.678240819540E+00
    0.619981217955E+00    0.609956911807E+00    0.745488520945E+00    0.100000000000E+01    0.442450430688E+00    0.848005158161E+00    0.278574512014E+00    0.836134225869E+00    0.636649652364E+00    0.268904023752E+00    0.190297393467E+01
    0.630573084039E-01    0.730960427601E+00    0.214518877271E+00    0.617524765921E+00    0.100000000000E+01    0.427838341050E-01    0.961575867609E+00    0.794698725122E+00    0.443818351920E+00    0.310196546133E+00    0.112318098667E+01
    0.704847035967E+00    0.188275793397E+00    0.897588843766E+00    0.586099647109E+00    0.356489585430E+00    0.100000000000E+01    0.467998830636E+00    0.181149828932E+00    0.464559948152E+00    0.623701088978E+00    0.138979617860E+01
    0.151494662125E+00    0.402880522722E+00    0.452906036303E+00    0.116765319841E+00    0.790492681461E+00    0.721476953532E+00    0.100000000000E+01    0.698672058536E+00    0.247283330320E+00    0.200386130719E+00    0.143246442675E+01
    0.364283070571E+00    0.844937353578E+00    0.963033389910E+00    0.609371741873E+00    0.993467961682E+00    0.786053951703E+00    0.733934089107E+00    0.100000000000E+01    0.431703257315E+00    0.988035121505E+00    0.283603319447E+01
    0.678708258038E+00    0.170957833078E+00    0.282890970047E+00    0.261919577625E+00    0.390878696474E+00    0.982250540660E+00    0.538067852362E-01    0.998423975374E+00    0.100000000000E+01    0.888450387191E+00    0.151623835903E+01
    0.797136702159E+00    0.787741669055E+00    0.105170359576E+00    0.967635926378E+00    0.977420632025E+00    0.301255916800E+00    0.963529265904E+00    0.884888483056E+00    0.871776649519E+00    0.100000000000E+01    0.274855076314E+01
    0.000000000000E+00    0.544049143150E+00    0.808096850093E+00    0.281436209323E+00    0.568651991849E+00    0.376527565861E+00    0.720046837869E-01    0.725293418579E+00    0.907858398171E+00    0.366226743206E+00    0.826247412281E+00
    0.372341188051E-01    0.000000000000E+00    0.218063606924E-01    0.468282508957E+00    0.912594147194E+00    0.266120395408E+00    0.261685895529E+00    0.624786628861E+00    0.564711110283E+00    0.184781513904E+00    0.520917474959E+00
    0.724786425190E+00    0.737852010140E+00    0.000000000000E+00    0.467305188744E+00    0.517366850402E-02    0.284323744449E-01    0.823517826954E+00    0.430203410253E+00    0.546304565642E+00    0.726004767301E+00    0.128583211704E+01
    0.586783082648E+00    0.526167458237E+00    0.700483882206E+00    0.000000000000E+00    0.728581787526E+00    0.173924920208E-01    0.209517729302E+00    0.218487911771E+00    0.792229622538E+00    0.457407475962E+00    0.729566859241E+00
    0.772140033619E+00    0.380485888222E+00    0.537272919073E+00    0.699767142265E+00    0.000000000000E+00    0.763095222177E+00    0.650276249818E+00    0.585116027409E+00    0.706773004303E+00    0.890723207869E+00    0.167978049536E+01
    0.563544537763E+00    0.468179898300E+00    0.601009061398E+00    0.844918573631E+00    0.508119163931E+00    0.000000000000E+00    0.928631862507E+00    0.891590929717E+00    0.141242482072E-01    0.633042178955E+00    0.160854493379E+01
    0.867567007722E+00    0.472146464975E-01    0.768924330711E+00    0.993986410062E-01    0.678005558457E+00    0.213412002757E+00    0.000000000000E+00    0.901035097447E+00    0.979812475022E+00    0.781620535572E+00    0.102792797869E+01
    0.687329917194E+00    0.834521901343E+00    0.815507391588E+00    0.633286888875E+00    0.705890657454E+00    0.647547845204E+00    0.122930508316E+00    0.000000000000E+00    0.282662831381E+00    0.832936672807E+00    0.178258022070E+01
    0.718581324353E+00    0.478389644128E+00    0.280103750628E+00    0.223714671513E+00    0.897898555230E+00    0.918389905216E+00    0.456496057596E-01    0.973896302861E+00    0.000000000000E+00    0.668684777371E+00    0.127550413390E+01
    0.857585409896E+00    0.223148498595E+00    0.638116963125E+00    0.932684363699E+00    0.712044563859E+00    0.369361928852E+00    0.438197987495E-01    0.924318677024E+00    0.445307430670E-01    0.000000000000E+00    0.109003622230E+01
    0.100000000000E+01    0.728749478454E+00    0.285935330182E+00    0.465177715064E+00    0.456031302853E+00    0.846235927088E+00    0.153360024934E+00    0.469602513263E+00    0.616751974085E+00    0.694968105466E-01    0.136255084260E+01
    0.758680080445E-01    0.100000000000E+01    0.955999871236E+00    0.722091590698E+00    0.255003693250E+00    0.210488218908E+00    0.922670856176E+00    0.678607179568E+00    0.440156827400E+00    0.420708290777E+00    0.163117144289E+01
    0.165231704964E+00    0.899237155005E+00    0.100000000000E+01    0.152242774203E+00    0.635860845635E+00    0.324400162049E+00    0.618102035765E+00    0.102125957112E+00    0.400545984448E+00    0.466332532963E+00    0.757010509348E+00
    0.529071106224E+00    0.747638937721E-01    0.772831022029E-01    0.100000000000E+01    0.951896608003E+00    0.465936017011E+00    0.368345993738E+00    0.685474529608E+00    0.246786205870E+00    0.683097545625E+00    0.981432280640E+00
    0.801276163941E+00    0.782224934761E+00    0.475518825562E+00    0.651714708993E+00    0.100000000000E+01    0.489128975704E+00    0.962934040286E+00    0.530359941791E+00    0.160894487668E+00    0.394264886330E+00    0.199994647224E+01
    0.654516245032E+00    0.221729331828E+00    0.349454003501E+00    0.190867736254E+00    0.201102469739E+00    0.100000000000E+01    0.931800465876E+00    0.379369778092E+00    0.743317691340E+00    0.529926685681E+00    0.116032823054E+01
    0.963253412263E+00    0.627921251818E+00    0.282697252427E+00    0.295408326419E+00    0.553525718373E+00    0.153526186880E+00    0.100000000000E+01    0.184530304806E-01    0.487545444082E+00    0.860348488403E-01    0.833738032616E+00
    0.515914966214E+00    0.704793829174E+00    0.717429038353E+00    0.398856511998E+00    0.267347916533E+00    0.842932225347E+00    0.112240055395E+00    0.100000000000E+01    0.851368259003E+00    0.818774821744E+00    0.168444005253E+01
    0.112973451781E+00    0.769085827919E+00    0.839573570923E+00    0.648301809167E+00    0.203862590562E+00    0.777773360873E-01    0.527189797431E+00    0.829872070132E+00    0.100000000000E+01    0.354863318812E+00    0.143940264223E+01
    0.291074751729E+00    0.259385658569E+00    0.787412258544E+00    0.547196857362E-01    0.206407328089E-02    0.734721231592E+00    0.628867633727E+00    0.438651227936E+00    0.435160482657E+00    0.100000000000E+01    0.831118128366E+00
    0.000000000000E+00    0.594174306465E+00    0.939792696542E+00    0.861970913777E+00    0.708802356603E+00    0.471099637683E+00    0.731567127044E+00    0.799271426926E-01    0.164603741108E+00    0.675464645876E+00    0.131364658063E+01
    0.166881787050E+00    0.000000000000E+00    0.549705088776E+00    0.609977420371E+00    0.303955432241E+00    0.111019335817E+00    0.243836994943E+00    0.367464793182E+00    0.372068500195E+00    0.243778953583E+00    0.549356602778E+00
    0.598057219081E+00    0.631387549057E+00    0.000000000000E+00    0.156492737240E+00    0.689897995359E-01    0.160873843627E+00    0.698059105304E-01    0.380255849506E+00    0.542184186974E+00    0.178779676639E+00    0.512180155409E+00
    0.476223894039E+00    0.361888127269E+00    0.311138108538E+00    0.000000000000E+00    0.627768799780E+00    0.161780616115E+00    0.961116836945E+00    0.308926341836E+00    0.861791203642E+00    0.809565750593E+00    0.126849154753E+01
    0.405850855643E+00    0.373080121998E+00    0.834208306432E+00    0.798785103116E+00    0.000000000000E+00    0.137341551674E+00    0.737102251111E+00    0.643181442818E+00    0.877842298733E-01    0.866800518928E+00    0.136794996019E+01
    0.667840078754E+00    0.578679484904E-01    0.596639269708E+00    0.443160314827E-01    0.942444022718E+00    0.000000000000E+00    0.766656304159E+00    0.952821979757E+00    0.787156906594E+00    0.540474874390E+00    0.122101272768E+01
    0.113667482912E+00    0.329521930724E-01    0.872085605000E+00    0.952651960055E-02    0.175040483805E+00    0.312245646944E+00    0.000000000000E+00    0.369875270681E+00    0.221788296954E+00    0.738631932896E+00    0.230529081033E+00
    0.417980436594E+00    0.970198420301E+00    0.259052235608E+00    0.485346525627E+00    0.978396159005E+00    0.672640727595E+00    0.861676630732E+00    0.000000000000E+00    0.456704112625E+00    0.433078300877E+00    0.138715180718E+01
    0.502336097097E+00    0.703758171110E+00    0.144630831711E+00    0.692654477853E+00    0.491199349561E+00    0.594193567202E+00    0.927401183805E+00    0.122854330134E+00    0.000000000000E+00    0.636188232366E+00    0.859505071121E+00
    0.978547596575E+00    0.950635896114E+00    0.681341686480E+00    0.570097627182E+00    0.330636424276E+00    0.770054361087E+00    0.364275771975E+00    0.703219360021E+00    0.701816134674E+00    0.000000000000E+00    0.182944754581E+01
    0.100000000000E+01    0.347171611018E+00    0.433569616880E+00    0.418118146641E-01    0.599535670281E+00    0.926917541868E+00    0.139645261660E+00    0.629225012833E+00    0.840105302274E+00    0.865535005988E+00    0.173602891264E+01
    0.608841020815E+00    0.100000000000E+01    0.500890404252E+00    0.867035566475E+00    0.931679059805E+00    0.533064731892E+00    0.619197138408E+00    0.799919441957E+00    0.653986179797E+00    0.540286206445E+00    0.238842360600E+01
    0.913801256176E+00    0.526156420221E+00    0.100000000000E+01    0.889822212763E+00    0.613962715009E+00    0.223045440890E-02    0.788665943897E+00    0.167047425313E+00    0.599382870464E+00    0.998466799381E+00    0.210220253799E+01
    0.925846188723E+00    0.804106786342E+00    0.446599023422E+00    0.100000000000E+01    0.296998211396E+00    0.247517445595E+00    0.170484416031E+00    0.919250620162E+00    0.569143801752E-01    0.657200579086E+00    0.145871253429E+01
    0.120104108261E+00    0.512668223145E+00    0.749639734101E+00    0.677656196018E+00    0.100000000000E+01    0.175790153348E+00    0.905543390473E+00    0.306588273244E+00    0.273931197189E+00    0.754465993711E+00    0.122966248105E+01
    0.629500938456E+00    0.639006807045E+00    0.527600208994E+00    0.821467047836E+00    0.929006392900E+00    0.100000000000E+01    0.338837816972E+00    0.998153528878E+00    0.563669743377E-01    0.884175068851E+00    0.215271839988E+01
    0.997699492451E+00    0.802562670114E+00    0.950668267702E-01    0.619164862148E+00    0.552878101981E+00    0.913875815451E+00    0.100000000000E+01    0.316587445644E+00    0.237912254929E+00    0.147400994523E+00    0.171649628225E+01
    0.528858425359E+00    0.562372476669E+00    0.158261481757E+00    0.217386590331E+00    0.569653715639E+00    0.555705659099E+00    0.127537350876E+00    0.100000000000E+01    0.666395124022E+00    0.656784902323E+00    0.121359474720E+01
    0.170957009617E+00    0.697788699412E+00    0.205130945950E+00    0.948959214356E+00    0.313281623437E+00    0.733331255315E-02    0.838772002886E+00    0.749577058004E+00    0.100000000000E+01    0.207208811732E+00    0.115218322476E+01
    0.326204774277E+00    0.520218719629E+00    0.432705923026E+00    0.751225592859E+00    0.266716135146E+00    0.786460002453E-01    0.537574214467E+00    0.897422106512E+00    0.399145466464E+00    0.100000000000E+01    0.139731020122E+01
    0.000000000000E+00    0.259877714612E+00    0.683916669774E+00    0.904220003421E-01    0.448295382988E+00    0.194847090092E+00    0.970105686663E+00    0.440677074213E+00    0.405319377138E+00    0.424826588125E+00    0.748883947991E+00
    0.550920709946E+00    0.000000000000E+00    0.194353449809E-01    0.979545675342E+00    0.533165477538E+00    0.272817191808E+00    0.251997014670E-01    0.657640042950E+00    0.909442504739E+00    0.190930919142E+00    0.354707542567E+00
    0.151320925233E+00    0.811140490961E+00    0.000000000000E+00    0.209713552012E+00    0.308155309618E+00    0.553211954852E+00    0.247263993661E+00    0.754268507866E+00    0.952494746419E+00    0.136028569951E+00    0.609287672607E+00
    0.908789363142E+00    0.901544610100E-01    0.142590873458E+00    0.000000000000E+00    0.304731643995E+00    0.880624098876E+00    0.312643661176E-01    0.247778267277E+00    0.608178314780E+00    0.670683952699E+00    0.765927511165E+00
    0.985516855690E+00    0.228080374886E+00    0.942104022179E+00    0.640996805240E+00    0.000000000000E+00    0.599497416130E+00    0.816936853605E+00    0.663735516561E+00    0.153815174509E+00    0.673218326767E+00    0.147444392126E+01
    0.129013115176E-01    0.724142051677E+00    0.313661246165E-01    0.291230316826E-01    0.331988355507E+00    0.000000000000E+00    0.736188831854E+00    0.441297178120E+00    0.404404333218E+00    0.467359377989E+00    0.524136070522E+00
    0.602810074888E+00    0.584455208084E+00    0.111978029377E+00    0.622638113276E+00    0.106155404712E-01    0.888157888490E+00    0.000000000000E+00    0.952337556726E-01    0.129952873533E+00    0.366413840303E+00    0.479082084153E+00
    0.553575469913E+00    0.680783515615E+00    0.314783877631E+00    0.661805820978E+00    0.834539867927E+00    0.683204791744E+00    0.955811124541E+00    0.000000000000E+00    0.743230429050E+00    0.920009795997E+00    0.183913176921E+01
    0.807729870187E+00    0.146008805405E+00    0.290849080501E+00    0.496663696986E-01    0.885864531608E+00    0.725895256674E+00    0.223779418165E+00    0.525659115236E+00    0.000000000000E+00    0.826704695548E+00    0.893057643905E+00
    0.618959332918E+00    0.651022935917E+00    0.142241085628E+00    0.930031211020E+00    0.626091542790E+00    0.296096076794E+00    0.890152164695E+00    0.618069053137E-01    0.219652375142E+00    0.000000000000E+00    0.775646171345E+00
    0.100000000000E+01    0.168698578139E+00    0.297086170308E-01    0.306384356490E+00    0.374897989687E+00    0.305882999658E+00    0.723894661052E+00    0.963566326293E+00    0.539547565011E+00    0.479973201315E+00    0.124896464651E+01
    0.533491441182E-01    0.100000000000E+01    0.233420373573E+00    0.165864125425E+00    0.998353348996E+00    0.265162160255E+00    0.398372455556E+00    0.783016562769E+00    0.841147142398E+00    0.635065890663E+00    0.120290683097E+01
    0.471543958016E+00    0.687650740166E+00    0.100000000000E+01    0.503441108225E+00    0.218212085325E+00    0.555043582459E+00    0.829921735113E+00    0.685011661920E+00    0.529588422237E+00    0.832023264799E+00    0.195795183265E+01
    0.949607277407E+00    0.948905214628E+00    0.659284492878E+00    0.100000000000E+01    0.469983666087E+00    0.457896074652E+00    0.101226642322E+00    0.914071882125E+00    0.542775212220E+00    0.858000552050E+00    0.233380532530E+01
    0.348319299630E+00    0.857989133177E+00    0.348075144747E+00    0.347223974906E+00    0.100000000000E+01    0.802007174330E+00    0.611246595906E+00    0.844308106969E+00    0.241216595563E-01    0.627815817241E+00    0.175294579930E+01
    0.190077423132E+00    0.105144285464E+00    0.257338008263E+00    0.870662713164E-02    0.277418248489E+00    0.100000000000E+01    0.120800300210E+00    0.986707353755E+00    0.707760146149E-01    0.898191376222E+00    0.482409299935E+00
    0.351449342685E+00    0.391801219197E-01    0.590988402088E+00    0.801996129087E-02    0.983915458523E-01    0.248656553155E+00    0.100000000000E+01    0.749237284249E+00    0.837573169328E-01    0.140335435484E+00    0.803966638650E+00
    0.983758495884E+00    0.312473077184E+00    0.900126738495E+00    0.497341260524E+00    0.532833130833E+00    0.894288551325E+00    0.135287804740E-01    0.100000000000E+01    0.641871242567E+00    0.959822645644E+00    0.186118611452E+01
    0.368804332402E-02    0.284536302164E+00    0.444807857022E+00    0.620257679769E+00    0.681388400991E+00    0.358948123715E+00    0.793081542053E+00    0.358054706621E+00    0.100000000000E+01    0.357102343036E-02    0.809065561903E+00
    0.334235412280E+00    0.859129679234E+00    0.812127297446E+00    0.819006189114E+00    0.718415943013E+00    0.230375454053E+00    0.973077153649E-01    0.556493669589E+00    0.378572598013E+00    0.100000000000E+01    0.155051797018E+01
    0.000000000000E+00    0.323983640378E+00    0.393587191379E+00    0.263119233109E+00    0.202401732588E+00    0.309846051476E+00    0.625391142492E+00    0.531462793892E+00    0.494230381786E+00    0.338174819927E+00    0.665782131839E+00
    0.728421575884E+00    0.000000000000E+00    0.800976599698E+00    0.695461909570E-01    0.850488555254E+00    0.828785268112E+00    0.411818141331E-01    0.760624472990E+00    0.856509099778E+00    0.648019043689E+00    0.134693536027E+01
    0.160497972208E+00    0.588631606774E+00    0.000000000000E+00    0.319203516003E-01    0.962101800204E+00    0.869474739612E+00    0.158251787153E+00    0.333742630166E+00    0.823192218486E+00    0.499005207644E+00    0.139458996307E+01
    0.932260799569E+00    0.231746875652E+00    0.927283417508E+00    0.000000000000E+00    0.166495872546E+00    0.403832990497E+00    0.235186540534E-01    0.178504318633E+00    0.709693137156E+00    0.402709180056E+00    0.573283176381E+00
    0.889584366250E+00    0.322482249868E-01    0.548011809981E+00    0.373659064066E+00    0.000000000000E+00    0.454712909176E+00    0.289409402057E+00    0.479763859769E+00    0.577370632203E+00    0.389106373305E+00    0.596963861335E+00
    0.343998313330E+00    0.961731971861E+00    0.647008908993E+00    0.172262344484E+00    0.781717679642E-01    0.000000000000E+00    0.923641659908E+00    0.522342810370E+00    0.820874941757E+00    0.192198255314E+00    0.108251775981E+01
    0.148252324602E+00    0.269329198079E-01    0.591674502041E+00    0.624722998770E+00    0.770911083271E+00    0.412953163765E+00    0.000000000000E+00    0.332962198908E+00    0.602853513538E+00    0.355267519307E-01    0.713393135225E+00
    0.628485819779E+00    0.167138982251E+00    0.347474436341E+00    0.504322974396E+00    0.134575062111E+00    0.624703403384E+00    0.278171189506E+00    0.000000000000E+00    0.195176124170E+00    0.219825211649E+00    0.407257953655E+00
    0.888863186264E-01    0.648342641233E+00    0.596817203096E+00    0.353234279547E+00    0.941534045744E+00    0.486626382471E+00    0.886726498680E+00    0.267603932461E+00    0.000000000000E+00    0.370224280352E-01    0.963911890062E+00
    0.393048674589E+00    0.653900028222E+00    0.787133751506E+00    0.180366090326E+00    0.798283629201E+00    0.304224274862E+00    0.277486210616E+00    0.608604290543E+00    0.909669383689E+00    0.000000000000E+00    0.810723333304E+00
    0.100000000000E+01    0.650595570484E+00    0.898731509083E+00    0.411869363283E+00    0.460006188775E+00    0.905334438129E-01    0.181879102748E+00    0.655315013989E+00    0.950589553113E+00    0.760785559574E-01    0.125390907661E+01
    0.427354633570E+00    0.100000000000E+01    0.157088019353E+00    0.337482370244E+00    0.436260941523E+00    0.528182762626E+00    0.977755105443E-02    0.885853320145E+00    0.308571844268E+00    0.811335840604E+00    0.969811452718E+00
    0.471422589126E+00    0.284314184410E+00    0.100000000000E+01    0.484327039056E+00    0.398476028052E+00    0.845216311561E+00    0.936361925958E+00    0.937835836702E+00    0.576300170793E+00    0.960606977177E+00    0.238690934197E+01
    0.821181066486E-01    0.481424054158E+00    0.250737112547E+00    0.100000000000E+01    0.840428247295E+00    0.477159645880E+00    0.638582269593E+00    0.205144343282E+00    0.191856277944E+00    0.273500645846E+00    0.874763545492E+00
    0.582614555416E-01    0.337672082622E+00    0.130346521177E+00    0.401831251155E-01    0.100000000000E+01    0.283022653488E+00    0.379797403419E+00    0.624978722735E+00    0.798232480588E+00    0.170352655107E+00    0.681279969634E+00
    0.398351121380E+00    0.213496502071E+00    0.971409027533E+00    0.821726007896E+00    0.200389346832E+00    0.100000000000E+01    0.659245907781E-01    0.474387073963E+00    0.495347605633E+00    0.988476162725E+00    0.160458105423E+01
    0.409113750233E+00    0.484805640147E+00    0.462560550413E+00    0.459731371038E+00    0.389421595038E-01    0.116016959230E+00    0.100000000000E+01    0.247021074560E+00    0.132798563360E+00    0.533673780407E+00    0.733404386436E+00
    0.689289698195E+00    0.312732556489E+00    0.292569799186E+00    0.555839703014E+00    0.475890425000E+00    0.914614528633E+00    0.218270692250E+00    0.100000000000E+01    0.183394288315E+00    0.520987070564E+00    0.112725828179E+01
    0.392916219134E+00    0.487733212693E+00    0.301025836555E-01    0.917232313403E+00    0.154887390609E+00    0.296670989032E+00    0.468798681498E+00    0.286438383129E+00    0.100000000000E+01    0.555394897167E+00    0.954876781192E+00
    0.360673793418E+00    0.569340833617E+00    0.955610914544E+00    0.863743265208E+00    0.318013467178E+00    0.524678884193E-01    0.667530898752E-01    0.891551598426E-01    0.849041971160E+00    0.100000000000E+01    0.190242765848E+01
    0.000000000000E+00    0.852655934042E-01    0.193098970152E+00    0.440304655933E+00    0.710846637401E+00    0.614964068133E+00    0.681411504207E+00    0.206683407746E-01    0.662034022589E-01    0.566478410268E-01    0.540001440552E+00
    0.426544619591E+00    0.000000000000E+00    0.513317281330E+00    0.928443293116E+00    0.520240802228E+00    0.730385854616E-01    0.909750297601E+00    0.867019851043E+00    0.989869087666E+00    0.379002643287E+00    0.167851820763E+01
    0.369339882012E+00    0.148323051269E+00    0.000000000000E+00    0.427860304991E+00    0.818488197403E+00    0.696589477234E+00    0.443309070803E+00    0.957420826661E+00    0.859961778058E+00    0.451705252317E+00    0.143781447278E+01
    0.624317736955E+00    0.293108522364E+00    0.394729146435E+00    0.000000000000E+00    0.854317963292E+00    0.382114314673E-03    0.844087910354E+00    0.108064072412E+00    0.232862982583E+00    0.162945830822E+00    0.312478925719E+00
    0.604924647961E+00    0.263760243868E+00    0.743147914410E+00    0.330398242264E-01    0.000000000000E+00    0.992651294694E+00    0.467869960144E+00    0.695014600190E+00    0.918571978530E+00    0.132370119470E+00    0.630876484965E+00
    0.585570150719E+00    0.187643861315E+00    0.609835731989E+00    0.112424340073E+00    0.169658994368E+00    0.000000000000E+00    0.332067737422E-01    0.521696990388E+00    0.366613715369E+00    0.884302904693E+00    0.519960471196E+00
    0.768672064822E-01    0.606664644581E+00    0.669129733517E+00    0.421070986409E+00    0.947660287232E+00    0.618746437168E-01    0.000000000000E+00    0.780910862289E+00    0.492795605139E+00    0.782734098324E+00    0.772747799711E+00
    0.289735998363E+00    0.915067965235E+00    0.524554463204E+00    0.630735465314E+00    0.124595928397E+00    0.265860173746E+00    0.629525505202E-01    0.000000000000E+00    0.555138473442E+00    0.573644591595E+00    0.947560511957E+00
    0.478453158136E+00    0.274987689089E+00    0.921285446716E+00    0.142774226010E+00    0.790261548240E+00    0.470977467049E+00    0.202796853025E+00    0.441357418279E+00    0.000000000000E+00    0.742262590547E+00    0.724805822665E+00
    0.728420652905E+00    0.972140628684E+00    0.181239780360E+00    0.692449357118E+00    0.420982800561E+00    0.784016281702E+00    0.185007533680E-01    0.538366351976E+00    0.900966882185E+00    0.000000000000E+00    0.117364423391E+01
    0.100000000000E+01    0.496815421093E-01    0.130072755434E+00    0.451032127607E+00    0.591260122894E+00    0.901529542259E+00    0.261539540353E+00    0.808209842310E+00    0.828790365914E+00    0.636524855509E+00    0.138031150026E+01
    0.570961304076E+00    0.100000000000E+01    0.871768459477E+00    0.740896213965E+00    0.508648690234E+00    0.364879801215E+00    0.270054516984E+00    0.167539445611E+00    0.970650785759E+00    0.274196707311E+00    0.171384092160E+01
    0.525046862722E+00    0.975749347323E+00    0.100000000000E+01    0.722218850496E+00    0.756478281451E+00    0.481571256264E+00    0.236791674384E+00    0.994589896961E+00    0.931430715888E+00    0.380424116000E-01    0.186977565814E+01
    0.910037196361E+00    0.754003431623E-01    0.307183611430E+00    0.100000000000E+01    0.540737753285E+00    0.238671114252E+00    0.287379025508E+00    0.154272797595E-01    0.572633697257E+00    0.363983137802E+00    0.717721696983E+00
    0.136079319906E-01    0.404999117722E+00    0.461446120965E+00    0.208231591172E+00    0.100000000000E+01    0.159193669506E+00    0.769662828736E+00    0.703545557602E+00    0.411630112426E+00    0.564944346078E-02    0.804610875020E+00
    0.110085760212E+00    0.247845350504E+00    0.347201434977E+00    0.452065688313E+00    0.694509982603E+00    0.100000000000E+01    0.796193019367E-01    0.188213447766E+00    0.942058083717E+00    0.875781244755E+00    0.171877430663E+01
    0.690063075996E+00    0.156894134686E-02    0.636553049914E+00    0.277635481851E+00    0.854587112166E+00    0.448072197764E-02    0.100000000000E+01    0.361007541517E-01    0.523010204477E+00    0.701860182978E+00    0.584822340449E+00
    0.343440238758E+00    0.843833262579E+00    0.547809687895E+00    0.727181978173E+00    0.580469571903E+00    0.668521730893E+00    0.481251981574E+00    0.100000000000E+01    0.314654970122E+00    0.156602695076E+00    0.160674795053E+01
    0.149538541547E+00    0.147343879143E+00    0.742122722522E+00    0.194743994789E+00    0.923250681175E+00    0.387523845450E+00    0.158979393135E+00    0.465431310643E-01    0.100000000000E+01    0.835912154408E+00    0.136765073982E+01
    0.765058511287E+00    0.117125338246E+00    0.601895447015E-01    0.346578150377E+00    0.360330919944E-01    0.456684272238E+00    0.700487543715E-01    0.726212388203E-01    0.253132783096E-01    0.100000000000E+01    0.157324170011E+00
    0.000000000000E+00    0.870574273074E+00    0.863179360382E+00    0.809200386589E+00    0.978290669537E+00    0.560538812274E+00    0.922379410841E+00    0.748336882248E+00    0.748455817586E+00    0.944007937647E-01    0.200776031791E+01
    0.129616686237E+00    0.000000000000E+00    0.457856566097E-01    0.633105057276E+00    0.292947601563E+00    0.114153184224E+00    0.244678146997E+00    0.233597636533E+00    0.978125327915E+00    0.122958022343E+00    0.239852625053E+00
    0.797340351789E-01    0.794362772462E+00    0.000000000000E+00    0.761183882823E+00    0.426094526839E+00    0.178373387380E+00    0.817015452989E+00    0.541712410872E+00    0.165043849481E-01    0.715969498603E+00    0.593745720315E+00
    0.435913092855E+00    0.818339165920E-02    0.733034461857E+00    0.000000000000E+00    0.824244664225E+00    0.622027336390E+00    0.859680477566E+00    0.137664545023E-01    0.367723654648E+00    0.126057053510E+00    0.574458873182E+00
    0.911179867106E-01    0.847412238989E+00    0.808590213665E+00    0.287101207745E+00    0.000000000000E+00    0.388448996806E+00    0.454512583711E+00    0.505406014990E+00    0.337409029621E+00    0.561560253608E+00    0.728550617985E+00
    0.193529273348E+00    0.501626324573E+00    0.839114517618E+00    0.881911249261E+00    0.864965491172E+00    0.000000000000E+00    0.625621535975E+00    0.266960727088E+00    0.321165234507E+00    0.633582184656E+00    0.120760486163E+01
    0.834326932537E+00    0.373485477102E+00    0.270437117883E+00    0.248898939567E+00    0.472993880624E+00    0.739295034685E+00    0.000000000000E+00    0.383713821927E-01    0.913430868611E+00    0.670031088056E+00    0.134062961046E+01
    0.834028223288E+00    0.896026835299E+00    0.309169734907E+00    0.773957790030E+00    0.830457544404E+00    0.513259351312E+00    0.720348716825E+00    0.000000000000E+00    0.465645062098E+00    0.165841024386E+00    0.149005914887E+01
    0.723133782339E+00    0.934715322492E+00    0.888476965311E-01    0.664633620801E+00    0.413965384534E+00    0.342482485419E+00    0.222945817901E+00    0.227328390932E+00    0.000000000000E+00    0.403964645825E+00    0.927433200631E+00
    0.227535992515E-01    0.641756636751E+00    0.934853717043E+00    0.936579723929E+00    0.307183910634E+00    0.215102692009E+00    0.801036187257E+00    0.414427171551E+00    0.901157813843E+00    0.000000000000E+00    0.128821455707E+01
    0.100000000000E+01    0.475156245169E+00    0.915168333619E+00    0.380364996519E+00    0.760465948144E+00    0.798624449544E+00    0.494690492631E+00    0.771878891984E+00    0.665091250961E+00    0.494184118798E+00    0.214109962754E+01
    0.101175293896E+00    0.100000000000E+01    0.381744626006E+00    0.369741077842E-01    0.679427782920E+00    0.226352961926E+00    0.526317017599E+00    0.324309969305E-01    0.919086242274E+00    0.721872365255E-01    0.352495733463E+00
    0.692923818507E+00    0.260420463152E+00    0.100000000000E+01    0.417063572100E+00    0.624560002180E+00    0.801433647771E+00    0.690577390314E+00    0.636361359758E+00    0.118074298832E+00    0.713434558082E+00    0.162175356697E+01
    0.310791764362E+00    0.355495320698E-01    0.293889712949E+00    0.100000000000E+01    0.725697362175E+00    0.255213531198E+00    0.989586053682E+00    0.907158866344E-01    0.576471622785E+00    0.580841552644E+00    0.914755849819E+00
    0.454512328813E+00    0.624892791883E+00    0.290981947672E+00    0.438607836524E+00    0.100000000000E+01    0.269131738136E-01    0.104120834169E+00    0.862671777806E+00    0.352511900131E+00    0.262349051643E+00    0.620864882259E+00
    0.174871074630E-01    0.198562029033E+00    0.305573046016E+00    0.910144511057E+00    0.587872106527E+00    0.100000000000E+01    0.321202564279E+00    0.478791276784E+00    0.513043499974E+00    0.306038442776E+00    0.118026003229E+01
    0.936767300393E+00    0.831930652418E+00    0.131283948709E+00    0.455901237091E+00    0.753553276211E+00    0.824587358699E+00    0.100000000000E+01    0.569531934442E+00    0.201016190957E+00    0.185657490385E+00    0.206740054766E+01
    0.670842112366E+00    0.661152248660E+00    0.450031122721E+00    0.222786738015E+00    0.970126625727E+00    0.551569491176E+00    0.981932817991E+00    0.100000000000E+01    0.145874964496E+00    0.285201448955E+00    0.210241855548E+01
    0.230938421368E+00    0.324264459010E+00    0.621136032179E+00    0.330909833946E-02    0.828359688625E+00    0.918464459636E+00    0.703179002567E+00    0.810918025158E+00    0.100000000000E+01    0.293689719705E+00    0.170166970408E+01
    0.314236565322E+00    0.554511912991E+00    0.336624234863E+00    0.554651982346E+00    0.813827876944E+00    0.972146164344E+00    0.814980189482E+00    0.758009304343E+00    0.820625836890E+00    0.100000000000E+01    0.259050527052E+01
    0.000000000000E+00    0.126309777715E+00    0.602468391036E-01    0.459737357676E+00    0.989141129000E+00    0.380915732022E+00    0.406015522510E+00    0.478819104860E+00    0.390146445106E+00    0.737945693999E+00    0.886792018087E+00
    0.460819099544E+00    0.000000000000E+00    0.956788777944E+00    0.778445104961E+00    0.501613145110E+00    0.964195770978E+00    0.642904389481E+00    0.148062710958E+00    0.815404573671E+00    0.491024469435E-01    0.136368934046E+01
    0.784939812122E+00    0.609487681164E+00    0.000000000000E+00    0.982651293608E+00    0.904587760582E+00    0.961329433262E+00    0.650350512386E+00    0.636838900690E+00    0.276012529310E+00    0.579289805868E+00    0.192207773505E+01
    0.370715867864E+00    0.103004605448E+00    0.752080212188E+00    0.000000000000E+00    0.346296008085E+00    0.165437577111E+00    0.441893846600E+00    0.442225503334E+00    0.454843178776E+00    0.465240887228E+00    0.502504187019E+00
    0.683695351338E+00    0.185191355923E+00    0.980679797280E+00    0.985728301362E+00    0.000000000000E+00    0.747828478804E+00    0.923340630848E+00    0.910076093552E+00    0.403312504800E+00    0.258867840218E+00    0.203801317130E+01
    0.763045010625E+00    0.894614053998E+00    0.113973850190E+00    0.259004384358E+00    0.870274027424E+00    0.000000000000E+00    0.166478577077E+00    0.380736549980E+00    0.954738748646E+00    0.219638552409E+00    0.985232433003E+00
    0.545250641138E+00    0.611821008239E+00    0.475889667177E+00    0.683863087063E+00    0.487802711809E+00    0.240550078531E+00    0.000000000000E+00    0.242406801464E+00    0.599704256086E+00    0.677234620497E-01    0.816994202963E+00
    0.756610458470E+00    0.926149632289E+00    0.914475775361E+00    0.922873422058E+00    0.540641613996E+00    0.347915677083E+00    0.158302692466E+00    0.000000000000E+00    0.943154300626E+00    0.320973914226E+00    0.203550550688E+01
    0.464809431529E+00    0.687419693753E+00    0.190034401616E+00    0.651068269638E+00    0.496604259109E+00    0.622989315326E+00    0.642992295769E+00    0.397208636456E-01    0.000000000000E+00    0.242902579018E+00    0.778163882783E+00
    0.644809968053E+00    0.878282068809E+00    0.927370991523E-01    0.978394572412E+00    0.742960968098E+00    0.950758517491E+00    0.778906705435E+00    0.244326954953E+00    0.857270249519E-01    0.000000000000E+00    0.155374287931E+01
    0.100000000000E+01    0.186471792507E+00    0.485763197554E+00    0.271727192784E+00    0.139245187220E+00    0.408908179842E+00    0.933346847840E+00    0.779965248647E+00    0.483741915292E+00    0.474176689005E+00    0.133276260457E+01
    0.124746340560E+00    0.100000000000E+01    0.229588277643E+00    0.719766002993E+00    0.631331087471E+00    0.212984103719E+00    0.121277575233E+00    0.940469298151E+00    0.361822886930E+00    0.769337661050E+00    0.816881472915E+00
    0.606500749297E+00    0.538470580808E+00    0.100000000000E+01    0.678701604212E+00    0.698183534862E+00    0.159750083711E+00    0.284444726517E+00    0.675567577541E+00    0.112931703035E+00    0.679811955515E+00    0.138575324980E+01
    0.429747322450E-02    0.427738197861E+00    0.689445632467E+00    0.100000000000E+01    0.294003729051E-01    0.382251088814E+00    0.159396657592E+00    0.535799438091E+00    0.751893318480E+00    0.722795927936E+00    0.133139221888E+01
    0.552199202147E+00    0.108119275140E+00    0.824689828647E+00    0.810124541980E+00    0.100000000000E+01    0.601465085398E+00    0.569266701225E+00    0.571435201976E+00    0.211355878951E-01    0.864341899807E-01    0.165639580239E+01
    0.339475913811E+00    0.331994252738E+00    0.997314474584E+00    0.801523113250E+00    0.743904307408E+00    0.100000000000E+01    0.555679959779E+00    0.224195947082E+00    0.989903363435E+00    0.326443212194E+00    0.210370739087E+01
    0.775678712349E+00    0.325193423816E+00    0.511810994850E+00    0.261194409921E+00    0.467133587771E+00    0.404869312021E+00    0.100000000000E+01    0.694448797397E+00    0.564233137306E+00    0.835237498149E+00    0.174077331272E+01
    0.847990854488E+00    0.178394663949E-01    0.740544588140E+00    0.112623327216E-01    0.895795670604E+00    0.276136106784E+00    0.372282255224E+00    0.100000000000E+01    0.908717862129E+00    0.893145105877E+00    0.145472865926E+01
    0.654689427026E+00    0.546643511139E+00    0.673584514844E+00    0.316110297838E+00    0.532910610112E+00    0.442583978908E+00    0.175814715042E+00    0.532681569365E+00    0.100000000000E+01    0.805226289357E+00    0.170554597461E+01
    0.901312216131E+00    0.393014361161E+00    0.841475897424E+00    0.720786685759E+00    0.865270257343E+00    0.183091086289E+00    0.945458286420E+00    0.689941346980E+00    0.537507386528E+00    0.100000000000E+01    0.230899468960E+01
    0.000000000000E+00    0.937188841223E+00    0.960546228260E+00    0.603299809816E+00    0.323587242670E+00    0.364631329019E+00    0.579528063151E+00    0.675446469040E-01    0.721691976422E+00    0.546896229895E+00    0.113132204262E+01
    0.446103441163E+00    0.000000000000E+00    0.342296533887E+00    0.852135440671E+00    0.703439720683E+00    0.427066376577E+00    0.397923575317E+00    0.265978744074E+00    0.716592484865E+00    0.688466986026E+00    0.119128794146E+01
    0.544064585590E+00    0.797726784155E+00    0.000000000000E+00    0.202568517995E+00    0.437986823669E+00    0.304522444792E+00    0.491750767022E+00    0.311909816240E+00    0.418247727889E+00    0.288930047027E+00    0.841617937631E+00
    0.662442186742E+00    0.443951897669E+00    0.640641425933E+00    0.000000000000E+00    0.119793258125E+00    0.417747418517E+00    0.350901695022E+00    0.740081864550E+00    0.643029195833E-01    0.447930512485E+00    0.632635010687E+00
    0.741947943993E+00    0.552112193672E+00    0.205985764318E+00    0.357340993064E+00    0.000000000000E+00    0.980986362567E+00    0.118341541148E+00    0.287379449745E+00    0.983454603324E+00    0.251651081612E+00    0.764742006147E+00
    0.246234833125E+00    0.606132305655E+00    0.604267852916E+00    0.668681502553E-01    0.353832631040E+00    0.000000000000E+00    0.892892027928E+00    0.392008902984E+00    0.492599246603E+00    0.143896989463E-01    0.546767139928E+00
    0.488242137449E+00    0.572227638284E+00    0.583077445999E-01    0.108014336515E-01    0.820925906754E-01    0.672042657750E+00    0.000000000000E+00    0.196939556072E+00    0.198662096948E+00    0.930628917884E+00    0.520065867584E+00
    0.813569109941E+00    0.236116692854E+00    0.611135641472E+00    0.345736802336E+00    0.843748504709E+00    0.112047729747E+00    0.544283723009E+00    0.000000000000E+00    0.339457325923E+00    0.579247488045E+00    0.694559237893E+00
    0.748812439062E+00    0.643614201798E+00    0.250366397802E-01    0.271552008270E+00    0.938974834119E+00    0.791623590832E+00    0.118199314927E+00    0.464835671514E+00    0.000000000000E+00    0.845605136448E-03    0.128700295789E+01
    0.191920059005E+00    0.738937266743E+00    0.642824540952E+00    0.417173985274E+00    0.326725639389E+00    0.398893211673E+00    0.142787393702E-01    0.927636005836E+00    0.622283484955E+00    0.000000000000E+00    0.553560671805E+00
    0.100000000000E+01    0.259168914363E+00    0.186032160030E+00    0.588149016182E+00    0.443636531272E+00    0.528743539404E+00    0.575075992279E+00    0.598439369040E+00    0.611760156167E+00    0.404381941682E+00    0.119468636978E+01
    0.148771787807E+00    0.100000000000E+01    0.349994882249E+00    0.381185457985E+00    0.901484328075E+00    0.371650648968E+00    0.664773018723E+00    0.876203326334E+00    0.307024537856E+00    0.861492590548E+00    0.146419767759E+01
    0.243479032947E+00    0.133890156481E+00    0.100000000000E+01    0.679292022686E+00    0.415658777208E+00    0.512763394283E+00    0.363545942858E-01    0.993270795168E+00    0.456811479201E+00    0.557387664534E+00    0.121575711427E+01
    0.479325964042E+00    0.796930186336E+00    0.559167235296E+00    0.100000000000E+01    0.457392950712E+00    0.557533424635E+00    0.398948213852E+00    0.763397711935E+00    0.328067905220E+00    0.700061273488E+00    0.173039221250E+01
    0.985149530876E+00    0.666601922311E+00    0.842693673114E+00    0.613440599941E-01    0.100000000000E+01    0.359082045626E+00    0.566771078575E+00    0.116405169094E+00    0.316594726910E+00    0.997047173073E+00    0.144911382863E+01
    0.469179626935E+00    0.410742000148E+00    0.708947344905E+00    0.381257253532E+00    0.667664156014E+00    0.100000000000E+01    0.469803473782E+00    0.950177501193E+00    0.842081714117E+00    0.253406332214E+00    0.179045278140E+01
    0.582752261533E+00    0.475413619213E+00    0.844354483128E+00    0.174792012801E+00    0.226266218780E+00    0.211474056860E+00    0.100000000000E+01    0.401068654883E-01    0.392169949902E+00    0.788915214365E+00    0.821979922181E+00
    0.176749073889E+00    0.418948259133E+00    0.739262352473E+00    0.423321834198E-01    0.441978778046E+00    0.881554031487E+00    0.733564932303E+00    0.100000000000E+01    0.600186601583E+00    0.816707198634E+00    0.171871313027E+01
    0.797163812239E+00    0.694007272939E+00    0.316226956359E+00    0.388053138621E+00    0.895545272904E+00    0.744943512190E+00    0.572691477770E+00    0.255936617379E+00    0.100000000000E+01    0.366349088475E+00    0.185600279537E+01
    0.878110069463E+00    0.748153179541E+00    0.541532023724E+00    0.543939577985E+00    0.350787472982E+00    0.382902142516E+00    0.510591578238E+00    0.918532855704E+00    0.395149511705E+00    0.100000000000E+01    0.194998346804E+01
    0.000000000000E+00    0.464177408317E+00    0.934784207931E+00    0.735844077362E+00    0.131669020352E+00    0.481566296302E-01    0.111281070825E+00    0.671778580301E+00    0.466985522706E+00    0.679649733661E+00    0.108633898517E+01
    0.727127756050E+00    0.000000000000E+00    0.806277422505E+00    0.736496446859E+00    0.172719872600E+00    0.785841434294E+00    0.143960837325E+00    0.992206055616E+00    0.222682303852E+00    0.197933276268E+00    0.916465941806E+00
    0.865934652059E+00    0.676693382059E+00    0.000000000000E+00    0.619361825827E+00    0.647445877578E+00    0.606296791277E+00    0.883991805428E-01    0.180088050655E+00    0.202065201021E+00    0.557402471444E+00    0.110706788499E+01
    0.109875853365E-01    0.959374367884E+00    0.585195910732E+00    0.000000000000E+00    0.870092767540E+00    0.146692251534E+00    0.640080916589E+00    0.443050574922E+00    0.212089377647E+00    0.871205583780E+00    0.606538743008E+00
    0.483124411929E+00    0.195638181194E+00    0.665462580334E+00    0.538685468523E+00    0.000000000000E+00    0.664640553880E+00    0.666549318853E+00    0.622323353463E+00    0.550680624415E-01    0.442607983243E+00    0.892175374528E+00
    0.925794151436E+00    0.113241626632E+00    0.344599615970E+00    0.150137688306E+00    0.133869882962E+00    0.000000000000E+00    0.271711039896E+00    0.727100046747E+00    0.881623519668E+00    0.975626568516E+00    0.121427226439E+01
    0.442953304138E+00    0.342917114598E+00    0.204351564788E+00    0.924781249478E+00    0.726372979118E+00    0.111633547805E+00    0.000000000000E+00    0.969090897287E+00    0.395280064182E+00    0.725709369529E+00    0.708822803227E+00
    0.487126827301E+00    0.424063917577E+00    0.306597451520E+00    0.630505514557E+00    0.460973707781E-01    0.164419340210E+00    0.421040694302E+00    0.000000000000E+00    0.178353110485E+00    0.256801772751E+00    0.453264988911E+00
    0.598530110245E+00    0.834585650447E+00    0.964525798979E+00    0.454146335514E-01    0.578126045740E+00    0.342320535962E+00    0.614667195332E+00    0.593553814408E+00    0.000000000000E+00    0.866945497130E-01    0.110607070329E+01
    0.508477333893E+00    0.160238103564E+00    0.731901689662E+00    0.838044413742E+00    0.326478818344E+00    0.688959172968E-01    0.889465198909E+00    0.948936100020E+00    0.102185118422E+00    0.000000000000E+00    0.156138226074E+01
    0.100000000000E+01    0.830274760572E+00    0.340852508390E+00    0.887641423775E+00    0.376317719053E+00    0.118662058025E+00    0.486968571401E+00    0.833395520150E+00    0.844616858041E-01    0.122637060797E+00    0.159367976019E+01
    0.672980697189E+00    0.100000000000E+01    0.588589619140E-01    0.295368229081E+00    0.892935452863E+00    0.373140298742E+00    0.578579808684E+00    0.601606657449E+00    0.632042318359E+00    0.577167941484E+00    0.173642799476E+01
    0.238452947892E-01    0.770572992586E+00    0.100000000000E+01    0.912429890197E+00    0.749741355765E+00    0.332718902399E+00    0.131242676805E+00    0.735193257083E+00    0.453906087768E-01    0.928984129661E+00    0.131891343755E+01
    0.358759733598E+00    0.435698687833E+00    0.714246729526E+00    0.100000000000E+01    0.216847988199E+00    0.648961884659E+00    0.698368783782E+00    0.373199836503E+00    0.235539158885E+00    0.471056947722E+00    0.138286742699E+01
    0.468198137338E+00    0.528257046608E+00    0.487590744222E+00    0.652750974490E+00    0.100000000000E+01    0.888623864054E+00    0.276234719748E+00    0.500480606350E+00    0.585080337920E+00    0.617972434845E+00    0.195404180379E+01
    0.177489732218E+00    0.768953923327E+00    0.637225324381E+00    0.532233454072E+00    0.811210563711E+00    0.100000000000E+01    0.184333288324E+00    0.583058338322E+00    0.721296684752E+00    0.746602205510E+00    0.193284338152E+01
    0.622047527168E+00    0.381880582622E+00    0.880793934887E+00    0.860135194490E+00    0.405835270727E+00    0.114517968258E-01    0.100000000000E+01    0.296718049737E+00    0.611269594733E+00    0.701104661216E+00    0.172507928951E+01
    0.987638133858E+00    0.492751701870E+00    0.878544604215E+00    0.500883681421E+00    0.851425595948E+00    0.762888173526E+00    0.461258244438E+00    0.100000000000E+01    0.683738062027E+00    0.259936201245E+00    0.221523806366E+01
    0.408136436305E-01    0.667155324813E-02    0.441725697327E+00    0.372788465916E+00    0.698261677996E+00    0.645389818588E+00    0.834638262639E+00    0.615558355933E+00    0.100000000000E+01    0.247466433892E+00    0.137682850379E+01
    0.911194572390E+00    0.636081555120E-01    0.549508342987E+00    0.633050555950E+00    0.502910922778E+00    0.333607004971E+00    0.963511417227E+00    0.172323633270E-01    0.587260509589E+00    0.100000000000E+01    0.117746466321E+01
    0.000000000000E+00    0.962939104620E+00    0.354847434109E+00    0.242673269449E-01    0.114298496928E+00    0.216452517890E+00    0.364239851204E+00    0.924513684439E+00    0.489290276020E+00    0.656477957006E+00    0.691304403791E+00
    0.375380979091E+00    0.000000000000E+00    0.911769466114E+00    0.637310317089E+00    0.280434243404E+00    0.389547646263E+00    0.906453983785E+00    0.177469518634E+00    0.789780980500E+00    0.980773415334E+00    0.162578672879E+01
    0.902921201849E+00    0.331529394867E+00    0.000000000000E+00    0.486138946948E+00    0.298642990279E+00    0.935878302755E+00    0.627494221106E+00    0.403352277213E+00    0.389053647767E+00    0.980521044287E+00    0.121341492655E+01
    0.839584793467E-01    0.520872627819E+00    0.765759143123E+00    0.000000000000E+00    0.491193778271E+00    0.689602161025E+00    0.133789627917E+00    0.715514141409E+00    0.608088498346E+00    0.160494271890E+00    0.575783056277E+00
    0.769706882200E+00    0.456491819514E+00    0.183897807847E+00    0.240561212580E+00    0.000000000000E+00    0.286519286229E+00    0.239858850517E+00    0.712910911471E+00    0.331792539623E+00    0.205559090779E+00    0.634804539313E+00
    0.994798342644E+00    0.688886278384E+00    0.207453243246E+00    0.709138851075E+00    0.498547270524E+00    0.000000000000E+00    0.250026417737E+00    0.478758413724E+00    0.692445134867E+00    0.891229774141E+00    0.156924605487E+01
    0.181281933222E+00    0.925210519021E+00    0.831483663562E+00    0.370528089307E+00    0.991826007224E+00    0.231969550819E+00    0.000000000000E+00    0.207638926465E+00    0.398936295195E+00    0.771387352411E+00    0.101361985059E+01
    0.618409704830E+00    0.961324051772E+00    0.697138013796E+00    0.648166965742E+00    0.864796508673E+00    0.903125432672E-01    0.301392669646E+00    0.000000000000E+00    0.503614746374E+00    0.397725357558E+00    0.132475628139E+01
    0.150309924431E+00    0.591603723680E+00    0.352234833760E+00    0.922785042248E+00    0.829841772722E+00    0.307138991233E+00    0.353813072953E+00    0.822608696057E+00    0.000000000000E+00    0.275410823752E+00    0.959887422499E+00
    0.131643560748E+00    0.716071959757E+00    0.823393782220E+00    0.851063119006E+00    0.762070971498E+00    0.209276099333E+00    0.683112151685E-01    0.170486238184E+00    0.524160997408E+00    0.000000000000E+00    0.966155705430E+00
    0.100000000000E+01    0.887711512126E+00    0.769515723415E+00    0.695911266910E+00    0.464240651896E-01    0.958153223202E+00    0.387708445750E+00    0.303097124294E+00    0.488121169807E+00    0.798893831088E+00    0.197517784816E+01
    0.249926520891E+00    0.100000000000E+01    0.524034248265E+00    0.976178548787E+00    0.381588380028E+00    0.879892005709E+00    0.554376814539E+00    0.334367221010E+00    0.892553770710E-01    0.580417648190E+00    0.133440490885E+01
    0.207680679567E+00    0.427023515305E+00    0.100000000000E+01    0.243991004376E+00    0.245762843362E+00    0.385775473834E+00    0.772386183504E+00    0.826181203952E-01    0.282629459237E+00    0.915431412136E-01    0.517170698773E+00
    0.984812863511E+00    0.865608757703E+00    0.568575517801E+00    0.100000000000E+01    0.545820825805E+00    0.140601303715E+00    0.223734624284E+00    0.845745644382E-01    0.980120215872E+00    0.948432820936E-01    0.160966135338E+01
    0.383493936151E+00    0.465780826807E+00    0.793985812685E+00    0.417739391882E+00    0.100000000000E+01    0.804190731328E+00    0.592422895638E+00    0.981997141092E+00    0.681631701867E+00    0.200530327795E-01    0.190992037723E+01
    0.270555784487E+00    0.569315500571E+00    0.351970277051E+00    0.313750040491E+00    0.770283163602E-01    0.100000000000E+01    0.272798148593E+00    0.266130132474E+00    0.933374736873E+00    0.334649586710E+00    0.726443884277E+00
    0.599308574352E+00    0.265229548008E+00    0.551836342142E+00    0.155835108880E+00    0.100707985357E+00    0.763597796087E+00    0.100000000000E+01    0.524854643891E+00    0.343183144390E+00    0.226104506847E+00    0.924300113933E+00
    0.259705375247E+00    0.405471338327E+00    0.594988926843E+00    0.121864360640E+00    0.444173467027E+00    0.593758154748E+00    0.122371109227E+00    0.100000000000E+01    0.685818816668E+00    0.593519041480E+00    0.970960285325E+00
    0.425574152747E+00    0.114321103907E+00    0.644037571916E+00    0.165079992485E+00    0.657472112736E-01    0.119754837685E-01    0.563417993830E+00    0.823993617206E+00    0.100000000000E+01    0.308052876563E+00    0.928062886428E+00
    0.809979383060E+00    0.978646820789E-01    0.796181800202E+00    0.924117751009E+00    0.794617869213E+00    0.741878192065E+00    0.894150482787E+00    0.294435709897E+00    0.955226356895E-01    0.100000000000E+01    0.176333624545E+01
    0.000000000000E+00    0.322002154405E+00    0.381279769995E+00    0.917217363266E+00    0.507169380209E+00    0.156767959045E+00    0.408185807197E+00    0.478245239745E+00    0.564380675384E+00    0.814068898010E+00    0.108388200762E+01
    0.999730207687E+00    0.000000000000E+00    0.767908909267E-01    0.969235858598E+00    0.539893470782E+00    0.130581307870E+00    0.417845961622E+00    0.760248178839E+00    0.122329697670E+00    0.122863706666E+00    0.477624992074E+00
    0.608533305039E-01    0.101402526933E+00    0.000000000000E+00    0.189300760594E+00    0.543293836210E+00    0.340507033571E+00    0.173195380726E+00    0.705154137194E+00    0.445250688979E+00    0.771119445749E+00    0.656636957777E+00
    0.880364776236E+00    0.128512122410E-01    0.440435692820E+00    0.000000000000E+00    0.450960101671E+00    0.521293954603E+00    0.953593411678E+00    0.741394761545E+00    0.852707330561E+00    0.823342157033E+00    0.165545558228E+01
    0.892399619844E+00    0.391335791711E+00    0.661228872325E+00    0.282757052137E+00    0.000000000000E+00    0.433306075257E+00    0.794708169889E+00    0.201576316660E+00    0.727988366514E+00    0.173430144437E+00    0.822644511740E+00
    0.677341857166E+00    0.425397856443E+00    0.245119374051E+00    0.369426174171E+00    0.340506977253E+00    0.000000000000E+00    0.506790091685E+00    0.213886348418E+00    0.896989124768E+00    0.123019974522E+00    0.597436348088E+00
    0.870274224982E+00    0.891626453875E+00    0.210858188110E+00    0.938596995203E+00    0.139046879168E+00    0.409220536737E+00    0.000000000000E+00    0.842739191805E+00    0.958787560827E+00    0.752050957922E+00    0.175182832498E+01
    0.375520377640E+00    0.929293000368E+00    0.564872050427E+00    0.184281788032E+00    0.600418654447E+00    0.479272162344E+00    0.381040998672E+00    0.000000000000E+00    0.997912398787E+00    0.893438145493E+00    0.163240103966E+01
    0.348443688649E+00    0.503705729615E+00    0.484774150855E+00    0.510691019936E+00    0.915370237696E+00    0.474218119815E+00    0.632285665547E-01    0.652502392952E+00    0.000000000000E+00    0.496976266711E+00    0.898424831994E+00
    0.375392064233E+00    0.334486788794E+00    0.447010796343E+00    0.667271464791E+00    0.783575207505E+00    0.857612459375E+00    0.400455100841E+00    0.363989795314E+00    0.649249233890E+00    0.000000000000E+00    0.124160666596E+01
    0.100000000000E+01    0.878177094079E+00    0.585033493507E+00    0.291719211102E+00    0.835059778266E+00    0.646184299410E+00    0.490438628392E+00    0.532238860899E+00    0.858853555503E+00    0.899877960044E+00    0.262233900348E+01
    0.346223739166E-01    0.100000000000E+01    0.689964452080E-02    0.514051453198E+00    0.150651452616E+00    0.526872718619E+00    0.780389566122E+00    0.485341282588E+00    0.617326011220E+00    0.333362108886E+00    0.702091660522E+00
    0.117701317108E+00    0.951200602274E+00    0.100000000000E+01    0.982955800798E+00    0.937163259885E+00    0.551560195473E+00    0.182671456053E+00    0.839370394688E+00    0.925265660158E+00    0.173282734532E+00    0.192547689126E+01
    0.332044833620E+00    0.580280955977E+00    0.624417999371E+00    0.100000000000E+01    0.202244627769E+00    0.848323095140E+00    0.229534920625E+00    0.399105682783E+00    0.761283005610E+00    0.860354635934E+00    0.173524813581E+01
    0.823429276725E+00    0.623635898381E+00    0.900537747401E+00    0.184247507935E+00    0.100000000000E+01    0.449744199383E+00    0.564838020000E-01    0.163932891545E+00    0.361537315687E-01    0.346364431332E+00    0.115096801155E+01
    0.725609860195E+00    0.325327798946E+00    0.658569746922E-01    0.142464268982E+00    0.906738748810E+00    0.100000000000E+01    0.760378228767E+00    0.238696444766E+00    0.284473055319E+00    0.839998713148E+00    0.157263865355E+01
    0.372913005993E+00    0.122021525011E+00    0.603385499865E+00    0.585580054399E+00    0.547967206575E+00    0.374188516144E+00    0.100000000000E+01    0.125260837918E-01    0.842566999827E+00    0.911577687578E+00    0.138446832457E+01
    0.275857278425E+00    0.262930841458E+00    0.560685159259E+00    0.600826994765E+00    0.864110565403E+00    0.711012435781E+00    0.413578935300E+00    0.100000000000E+01    0.377645862058E+00    0.178686899161E+00    0.150485882685E+01
    0.707778205619E+00    0.203686218893E+00    0.173816627559E+00    0.272432041693E+00    0.230572997521E+00    0.929247209064E+00    0.866230767053E+00    0.672843322830E+00    0.100000000000E+01    0.596825841406E-01    0.104829737146E+01
    0.861863419467E+00    0.744463109529E+00    0.854475406879E+00    0.406997443741E+00    0.916848236790E+00    0.818236662827E+00    0.518429160271E+00    0.719295508192E+00    0.609427560989E-01    0.100000000000E+01    0.217344019157E+01
    0.000000000000E+00    0.312320090926E+00    0.373618439627E-01    0.527093915130E+00    0.174422773064E+00    0.236584008634E+00    0.963217271404E-02    0.430287268200E+00    0.785446738630E+00    0.915447119405E+00    0.784138395068E+00
    0.465667641021E+00    0.000000000000E+00    0.484952534080E+00    0.880023060635E+00    0.374918386501E+00    0.309286689778E+00    0.542956121175E+00    0.894444125931E+00    0.433750731623E+00    0.520673158815E+00    0.125421295680E+01
    0.735508166831E+00    0.736937007567E-01    0.000000000000E+00    0.360518192225E+00    0.284476322466E-01    0.344495877289E+00    0.470708831105E+00    0.822746818688E+00    0.718630283438E+00    0.489381534100E+00    0.802960994657E+00
    0.306799318236E+00    0.823847495374E+00    0.170232935503E+00    0.000000000000E+00    0.979474444218E+00    0.221756259624E+00    0.478479464036E+00    0.570022144830E+00    0.203079897817E+00    0.234525185360E+00    0.790331680083E+00
    0.985685946274E+00    0.197772701610E+00    0.875385987185E+00    0.510357476448E+00    0.000000000000E+00    0.453115662539E+00    0.215941881774E+00    0.859020020352E+00    0.192525864545E+00    0.180926276321E+00    0.862032943316E+00
    0.271218202997E+00    0.959434400804E-01    0.683645391520E+00    0.976773506883E+00    0.709274406146E+00    0.000000000000E+00    0.822505729459E+00    0.323641411955E+00    0.343284457636E+00    0.481916764319E-01    0.976528683077E+00
    0.453474821723E+00    0.220336393305E+00    0.295549901153E+00    0.854406734591E+00    0.647176775867E+00    0.413772075275E+00    0.000000000000E+00    0.668064556040E+00    0.138140575178E+00    0.273776585222E+00    0.658040165199E+00
    0.873252844300E+00    0.838335208855E-01    0.791928471694E+00    0.327949496484E+00    0.432396702466E+00    0.145903267122E+00    0.541771778488E+00    0.000000000000E+00    0.637687206744E+00    0.565291012453E+00    0.756487342416E+00
    0.691363384649E+00    0.729308649111E+00    0.352404915590E+00    0.493569897024E+00    0.253987225736E+00    0.287921481792E-01    0.858685474055E+00    0.531249111219E+00    0.000000000000E+00    0.715837639346E+00    0.114164248675E+01
    0.146890107260E+00    0.719455396039E+00    0.301696577441E-01    0.159278954325E+00    0.683731824713E+00    0.134738592483E+00    0.217766950791E+00    0.800648716512E+00    0.350356703386E+00    0.000000000000E+00    0.376966165178E+00
    0.100000000000E+01    0.488920301673E+00    0.521411009403E+00    0.162305736570E+00    0.270091169122E-01    0.714108293560E+00    0.582087697867E+00    0.990295235509E+00    0.710535636428E+00    0.277731542489E+00    0.136661256614E+01
    0.753696290870E+00    0.100000000000E+01    0.992712847892E+00    0.254916777081E+00    0.278646271193E+00    0.899427402829E+00    0.830552713039E+00    0.107667544028E+00    0.361250787927E+00    0.947792940448E+00    0.168919205996E+01
    0.614273156082E+00    0.152865843724E+00    0.100000000000E+01    0.606414508442E+00    0.320499884369E+00    0.596335451079E+00    0.367797971032E+00    0.763843186674E+00    0.621541733507E+00    0.284824891892E-01    0.119008436579E+01
    0.752670634465E+00    0.899797716257E-01    0.371114019278E+00    0.100000000000E+01    0.257338073065E+00    0.912432503415E+00    0.710695436510E+00    0.853842332396E+00    0.400268792551E+00    0.556708601042E+00    0.150329770198E+01
    0.105566083294E+00    0.253694164894E+00    0.834533472578E+00    0.228057380250E-01    0.100000000000E+01    0.234253602889E+00    0.728772136478E+00    0.336543790921E+00    0.858832281694E+00    0.701038087024E+00    0.112740513134E+01
    0.708764345404E+00    0.757052505271E-01    0.381831427256E+00    0.808004271117E-01    0.368875876903E-01    0.100000000000E+01    0.405148424682E+00    0.365406674263E+00    0.193736823277E+00    0.907665854856E+00    0.445289150194E+00
    0.477322448490E+00    0.606095016211E+00    0.724984539284E+00    0.521214892696E+00    0.460837049228E+00    0.726176608822E+00    0.100000000000E+01    0.767701196456E+00    0.622301257019E+00    0.153199763891E+00    0.186486218373E+01
    0.838128382942E+00    0.689804626276E+00    0.914792305631E+00    0.205296991231E+00    0.622981720718E+00    0.616098186336E+00    0.419026502303E+00    0.100000000000E+01    0.611912322835E+00    0.307526728313E+00    0.175697274913E+01
    0.929031984932E+00    0.988690874957E+00    0.104327333728E+00    0.582328793140E+00    0.374379380889E+00    0.942178922672E+00    0.733116155324E+00    0.519451156697E+00    0.100000000000E+01    0.673691413960E+00    0.238652006698E+01
    0.949857085574E+00    0.132946811977E+00    0.163157108006E+00    0.864331267059E-01    0.536055517502E+00    0.381076932343E+00    0.663854537928E+00    0.110433011638E+00    0.619305626323E+00    0.100000000000E+01    0.103727812476E+01
    0.000000000000E+00    0.785174543722E+00    0.166827056819E+00    0.905800875224E+00    0.602252723721E+00    0.402173261260E+00    0.965074704456E+00    0.448161394790E+00    0.353598202076E+00    0.952395552970E+00    0.116259661690E+01
    0.262903221282E+00    0.000000000000E+00    0.740500839944E+00    0.987541351949E+00    0.958670436470E+00    0.829738970729E+00    0.802042506942E+00    0.697594430765E+00    0.723240566041E+00    0.730853835850E+00    0.261480494984E+01
    0.771123473933E+00    0.169166753574E+00    0.000000000000E+00    0.749667548332E+00    0.749292928723E+00    0.647758997402E+00    0.621211739305E+00    0.581401012344E+00    0.226989030085E+00    0.462963979117E+00    0.108207056966E+01
    0.230953748349E+00    0.582814407796E+00    0.293646730722E+00    0.000000000000E+00    0.571614473972E+00    0.256784035755E+00    0.778375611117E-01    0.158065889256E+00    0.634387928227E+00    0.189441865927E+00    0.413867739754E+00
    0.161301646386E+00    0.721667504447E+00    0.271448239814E+00    0.503359425454E+00    0.000000000000E+00    0.708730110338E+00    0.217074625466E+00    0.249114604245E+00    0.310864779949E+00    0.626453779747E+00    0.501861062448E+00
    0.658188618296E+00    0.484393301519E+00    0.447929872013E+00    0.995292691096E+00    0.549817392207E+00    0.000000000000E+00    0.740925537229E+00    0.427771249232E-01    0.802820114050E+00    0.378632074348E+00    0.110031159495E+01
    0.502745200105E-02    0.212200102039E+00    0.295246961367E+00    0.965847069668E+00    0.176671398485E+00    0.439773824414E+00    0.000000000000E+00    0.285722140178E+00    0.620009188054E+00    0.320936749990E+00    0.562909428646E+00
    0.392316906595E+00    0.513298443160E+00    0.890796536418E+00    0.948071746101E+00    0.591023463576E+00    0.811319094744E+00    0.405302426971E+00    0.000000000000E+00    0.204030058898E+00    0.690033480429E+00    0.166621087818E+01
    0.374590237638E+00    0.752288518989E+00    0.372239155846E-01    0.888457693724E+00    0.513898104353E+00    0.773149544655E-01    0.987855176939E+00    0.283320056409E+00    0.000000000000E+00    0.572577563734E-01    0.634483002284E+00
    0.536230945001E+00    0.456664237828E+00    0.963288294418E+00    0.308744360247E+00    0.968438154122E+00    0.554658893772E+00    0.421936858181E+00    0.406236105968E+00    0.575124901747E+00    0.000000000000E+00    0.125084614548E+01
    0.100000000000E+01    0.621104152949E+00    0.476508665403E+00    0.562880587602E+00    0.864678111722E+00    0.288212872845E+00    0.753333553446E+00    0.683473547873E+00    0.181335511659E+00    0.977528781961E+00    0.183067723154E+01
    0.754363924705E+00    0.100000000000E+01    0.299533449967E+00    0.782903394642E+00    0.791607481746E-01    0.933272780645E+00    0.863095171073E-01    0.392622891464E+00    0.979645990045E+00    0.363220708904E+00    0.145246305421E+01
    0.453375949590E+00    0.870513192797E+00    0.100000000000E+01    0.669035056874E+00    0.666396216633E+00    0.202383191655E+00    0.288257211762E+00    0.509615836212E+00    0.412581924151E-01    0.403738115396E+00    0.136213014038E+01
    0.182042928619E+00    0.785604335060E+00    0.392963553967E+00    0.100000000000E+01    0.946572111070E-02    0.327346410544E+00    0.399433535553E+00    0.479293934411E+00    0.398048864735E+00    0.256131908373E-01    0.740717210012E+00
    0.676536028927E+00    0.651170142228E+00    0.914896381893E+00    0.854334379686E+00    0.100000000000E+01    0.235595647776E+00    0.568569074638E+00    0.911173479054E+00    0.183663294337E+00    0.621052918913E-01    0.198723466718E+01
    0.314852684596E+00    0.992021628907E+00    0.339285500763E+00    0.247387791603E-01    0.949905097174E+00    0.100000000000E+01    0.926119036914E+00    0.353191802713E+00    0.987990139436E+00    0.947164682946E+00    0.253352629864E+01
    0.686517530924E+00    0.115117183070E+00    0.103275894302E+00    0.735702696428E+00    0.731398015220E+00    0.177204120209E+00    0.100000000000E+01    0.789611242872E+00    0.271776908820E+00    0.641419995101E+00    0.124855144641E+01
    0.333699446174E+00    0.817866281556E-01    0.498920606528E+00    0.910097592684E+00    0.708606778180E+00    0.580611031298E+00    0.214374922511E+00    0.100000000000E+01    0.869068918266E-01    0.674422024937E+00    0.116577035220E+01
    0.365964312457E+00    0.266561519512E+00    0.271641307681E+00    0.954047201178E+00    0.433001712526E+00    0.917263084456E-01    0.648671352040E+00    0.581353458069E+00    0.100000000000E+01    0.885302867862E+00    0.165883848269E+01
    0.704361200183E+00    0.172596623743E+00    0.787299019213E+00    0.828325348107E+00    0.586841756802E+00    0.887972377194E+00    0.841194097407E+00    0.810648929455E+00    0.932816672841E+00    0.100000000000E+01    0.290953913639E+01
    0.000000000000E+00    0.568853174163E+00    0.450643498703E+00    0.312232230452E+00    0.582473854103E+00    0.472446050733E-01    0.588428795869E-01    0.669556716260E+00    0.399870598744E+00    0.704464026021E+00    0.489317269051E+00
    0.596754392363E+00    0.000000000000E+00    0.403875017919E+00    0.908927975434E-01    0.650158130129E+00    0.201752895167E+00    0.279161543762E+00    0.821669082110E+00    0.594924096918E-02    0.750466092622E+00    0.401723728354E+00
    0.995426694883E+00    0.735643007359E+00    0.000000000000E+00    0.887954080890E+00    0.379648035011E+00    0.348725659665E+00    0.241601142719E+00    0.207853073050E+00    0.242944498100E+00    0.338176540203E-01    0.923105051829E+00
    0.919109307861E+00    0.338892746906E-01    0.336134027923E+00    0.000000000000E+00    0.827329310222E+00    0.514128944705E+00    0.777005330729E+00    0.931997590847E+00    0.153573743158E+00    0.149358500543E+00    0.120360653331E+01
    0.917823039521E+00    0.557826405204E+00    0.454720195258E+00    0.532670125205E+00    0.000000000000E+00    0.377385878390E+00    0.735091437084E+00    0.925342591758E-02    0.873195012683E+00    0.602661179554E+00    0.128724464057E+01
    0.886008909908E+00    0.267055181252E-01    0.792419036397E-01    0.789246783039E+00    0.954045089408E+00    0.000000000000E+00    0.361552925808E+00    0.573526581591E+00    0.154537304061E+00    0.595911785211E-01    0.302772018209E+00
    0.435945597036E+00    0.568675915650E+00    0.113785048974E+00    0.225005036518E+00    0.335606995806E+00    0.382776909937E+00    0.000000000000E+00    0.831701156268E+00    0.453453275146E+00    0.435085834792E+00    0.599267676232E+00
    0.805492939543E-01    0.870380288536E+00    0.565191614483E-01    0.913574425726E+00    0.400144182052E+00    0.267078989314E+00    0.297818644315E+00    0.000000000000E+00    0.498489045365E+00    0.414942566275E-01    0.249297514273E+00
    0.149400084128E+00    0.286162685342E+00    0.164422924463E-03    0.509810749751E-02    0.122178624445E+00    0.505343641589E+00    0.989594140525E+00    0.958638002697E+00    0.000000000000E+00    0.900522979271E+00    0.105315830887E+01
    0.150370382374E+00    0.367711481431E+00    0.895235223590E-01    0.840487870346E+00    0.870159654854E+00    0.958134833109E+00    0.276990068949E+00    0.634425001951E+00    0.485592799950E+00    0.000000000000E+00    0.113999605143E+01
    0.100000000000E+01    0.981991797964E+00    0.957774849027E+00    0.541637704981E-01    0.242209997028E+00    0.140014294456E+00    0.970167237593E+00    0.845784275690E+00    0.419218496270E+00    0.583156850375E+00    0.213280368917E+01
    0.801127593163E+00    0.100000000000E+01    0.566241477369E+00    0.284230429340E+00    0.264287641813E+00    0.384574532652E+00    0.685275192782E+00    0.408573000698E+00    0.557821790988E+00    0.622567165928E+00    0.169097542105E+01
    0.234666606173E+00    0.171441342894E+00    0.100000000000E+01    0.145369578705E+00    0.695787959896E+00    0.753912600423E-01    0.830453395275E+00    0.463556679474E+00    0.134456777617E+00    0.403883008124E+00    0.677324493997E+00
    0.257045190602E-01    0.612795485272E+00    0.219189685689E+00    0.100000000000E+01    0.712683185775E+00    0.453031096250E+00    0.426476568708E+00    0.946936846312E+00    0.883539678178E+00    0.930686035856E+00    0.178395336146E+01
    0.466337372314E+00    0.485316493343E+00    0.953610946353E-01    0.443583801152E+00    0.100000000000E+01    0.924446254117E+00    0.186773206697E+00    0.915427192661E+00    0.108595002042E+00    0.151855197239E-01    0.136569445302E+01
    0.316115867257E+00    0.560392771000E+00    0.307706230522E+00    0.819708820014E-01    0.994877955133E+00    0.100000000000E+01    0.308896293033E+00    0.238216019255E-01    0.459971671057E+00    0.348999218340E+00    0.136513811124E+01
    0.755675946542E+00    0.709438543223E-02    0.814368058816E+00    0.660890357688E+00    0.218374352658E-01    0.534122731555E+00    0.100000000000E+01    0.571414797901E-01    0.645024252830E+00    0.275630558456E+00    0.790162799497E+00
    0.240853356434E+00    0.299817491420E+00    0.854676955364E+00    0.182297777063E+00    0.316981008166E+00    0.274607705334E+00    0.638890233720E+00    0.100000000000E+01    0.685654780209E+00    0.909602454732E+00    0.157762669038E+01
    0.634907450784E+00    0.458399254537E+00    0.443317624785E-01    0.491912732668E+00    0.992112237041E+00    0.691337547862E+00    0.727897597204E+00    0.398751693352E+00    0.100000000000E+01    0.120339403878E+00    0.140932270507E+01
    0.648444163222E-01    0.986759620551E+00    0.414565789183E+00    0.194833624549E+00    0.154057872467E+00    0.843661236652E+00    0.771091974766E+00    0.376974903373E+00    0.418135944064E+00    0.100000000000E+01    0.983548128909E+00
    0.000000000000E+00    0.413442553956E+00    0.148937851462E+00    0.416867860682E+00    0.538990550137E+00    0.476237680593E+00    0.570040091238E+00    0.376773218387E+00    0.797269675661E+00    0.225840149428E+00    0.713606355443E+00
    0.396769071842E+00    0.000000000000E+00    0.694224163297E+00    0.672315072884E+00    0.236292959024E+00    0.979102502360E+00    0.331201324050E+00    0.387609357821E+00    0.444885018861E+00    0.141054415604E+00    0.889222125286E+00
    0.818949226680E+00    0.172914357360E+00    0.000000000000E+00    0.363254681894E+00    0.500932396095E+00    0.940286344321E+00    0.279529085351E+00    0.187507213594E+00    0.510890874395E+00    0.713153827219E+00    0.102938547300E+01
    0.499414763420E+00    0.743670772431E+00    0.903555055024E+00    0.000000000000E+00    0.394511741726E+00    0.632747550665E-02    0.996419488996E+00    0.219869500480E+00    0.303788235222E+00    0.999215886971E+00    0.896528712480E+00
    0.292665822119E+00    0.333799358818E+00    0.373369282769E+00    0.824655080652E+00    0.000000000000E+00    0.953918034421E+00    0.422886847048E+00    0.121294357503E+00    0.672879832869E+00    0.378743824521E+00    0.711735409519E+00
    0.797650435995E+00    0.894888364762E+00    0.955842204270E-01    0.885909900659E+00    0.299756067869E+00    0.000000000000E+00    0.564847485993E+00    0.942687689023E+00    0.830973280381E+00    0.176199634112E+00    0.147737906072E+01
    0.842648103574E+00    0.987503007452E+00    0.753045173278E+00    0.669639459364E+00    0.351374008093E+00    0.307346824975E-01    0.000000000000E+00    0.575269483863E+00    0.701250081719E+00    0.577487705437E+00    0.175214896842E+01
    0.855523600174E+00    0.660988043878E+00    0.718046587588E+00    0.332662815235E-01    0.572824465944E+00    0.686137023972E+00    0.807409708537E+00    0.000000000000E+00    0.518910548573E+00    0.321630927445E+00    0.114931136622E+01
    0.984233300068E+00    0.737208829364E+00    0.284622811812E+00    0.279818631943E+00    0.628502014239E+00    0.230437433100E+00    0.830270892812E+00    0.727178174697E+00    0.000000000000E+00    0.558721707693E+00    0.155381350798E+01
    0.941840150132E+00    0.508266214346E+00    0.537626485278E+00    0.752510806516E+00    0.783957886630E-01    0.938853958470E-01    0.521403444392E+00    0.783732361065E+00    0.990321588340E+00    0.000000000000E+00    0.129927623986E+01
    0.100000000000E+01    0.785876812408E+00    0.161543826974E+00    0.354128266125E+00    0.935045648548E-02    0.617214247096E+00    0.803064550223E+00    0.687561088449E+00    0.417516856751E+00    0.499006457175E+00    0.160935482646E+01
    0.775880623078E+00    0.100000000000E+01    0.929535481915E+00    0.361169260475E-01    0.415784632735E+00    0.251698301365E+00    0.998597762922E+00    0.761309695066E+00    0.404790795388E+00    0.632728185605E+00    0.193046957703E+01
    0.936228974717E+00    0.399026320740E+00    0.100000000000E+01    0.291785059359E-01    0.585787843215E+00    0.355571475556E+00    0.176555110208E+00    0.426863026193E+00    0.588930773355E+00    0.255772883861E+00    0.837045327792E+00
    0.294961282044E+00    0.546401583933E+00    0.950303103258E+00    0.100000000000E+01    0.105563560370E+00    0.526801777235E+00    0.260506009956E+00    0.905634795279E+00    0.725681493325E+00    0.857743430003E+00    0.202545332635E+01
    0.274332221521E+00    0.262954049333E+00    0.276562815785E+00    0.393151948669E+00    0.100000000000E+01    0.103994072356E+00    0.553399940081E+00    0.308180376994E+00    0.706259716856E+00    0.973733781657E+00    0.114311799791E+01
    0.768062047650E+00    0.450103784963E+00    0.883267585829E+00    0.825098022589E+00    0.447937325500E+00    0.100000000000E+01    0.690061732127E+00    0.117775304114E+00    0.327913606472E+00    0.443945229898E-01    0.161825709722E+01
    0.488865602236E+00    0.224006871618E+00    0.613327444371E+00    0.906942977678E+00    0.294426896533E+00    0.477254698791E+00    0.100000000000E+01    0.199074558012E+00    0.205199273069E+00    0.695943381773E+00    0.114816052676E+01
    0.726697093657E-01    0.493278588266E+00    0.540960417226E+00    0.581834960401E+00    0.933967619540E-01    0.484631848889E+00    0.675715444877E+00    0.100000000000E+01    0.199111085656E+00    0.350285682317E+00    0.114132034738E+01
    0.230601372633E+00    0.540166188581E-01    0.640064027482E+00    0.428588483199E+00    0.545105049578E+00    0.235622310657E+00    0.995449735233E+00    0.430873764132E+00    0.100000000000E+01    0.797417236402E+00    0.164154969930E+01
    0.683219113552E+00    0.924379642457E-01    0.256095872700E+00    0.700318223126E+00    0.883022113076E+00    0.854769175968E+00    0.628755128536E+00    0.451535398866E+00    0.977057822096E+00    0.100000000000E+01    0.225824709431E+01
    0.000000000000E+00    0.987090931595E+00    0.412821168619E+00    0.241731174774E+00    0.258605910663E+00    0.901468468316E-01    0.348016596134E+00    0.159703170021E+00    0.846611741406E+00    0.432664501996E+00    0.544982454583E+00
    0.837151376352E+00    0.000000000000E+00    0.353769148286E+00    0.293461004997E+00    0.623139136711E+00    0.634988949761E+00    0.918502743256E-01    0.431248099549E+00    0.901757218158E+00    0.615257492297E+00    0.109392705672E+01
    0.348858148925E-02    0.112217550805E+00    0.000000000000E+00    0.109699835400E+00    0.707647902834E+00    0.155722260977E+00    0.173248147700E+00    0.132352241442E+00    0.875848836753E+00    0.879249092943E+00    0.903607087420E+00
    0.317055138311E-01    0.142301555558E+00    0.771540270843E+00    0.000000000000E+00    0.638384524465E+00    0.648807038579E+00    0.774982736950E+00    0.593696335895E+00    0.623115371043E+00    0.934903961903E+00    0.146135755715E+01
    0.785310626983E+00    0.785645011327E+00    0.129697676178E+00    0.474416427352E+00    0.000000000000E+00    0.153727441612E+00    0.243994718271E+00    0.836448134419E+00    0.272220456282E+00    0.689760299669E+00    0.107036187501E+01
    0.745999877704E+00    0.779117441429E+00    0.732333778757E+00    0.726888598357E+00    0.197984022185E+00    0.000000000000E+00    0.361936065243E+00    0.929870690759E+00    0.836693053582E+00    0.526168752263E+00    0.189034206902E+01
    0.250270233732E+00    0.849189095029E+00    0.704620325308E+00    0.567150716920E+00    0.651676381202E+00    0.752458459284E+00    0.000000000000E+00    0.940531946524E+00    0.621906348501E+00    0.875594105914E+00    0.164704961488E+01
    0.654960847823E+00    0.756547393100E+00    0.811026562019E+00    0.712959066507E+00    0.573221460792E+00    0.144843574150E+00    0.721482524904E+00    0.000000000000E+00    0.500704650908E+00    0.493121877083E+00    0.140367352505E+01
    0.543771786101E-01    0.211511109662E+00    0.220687135318E+00    0.660756167327E+00    0.742227572545E+00    0.441474648207E+00    0.481432928256E-01    0.192138962093E+00    0.000000000000E+00    0.199503273938E+00    0.494246621893E+00
    0.312616799797E+00    0.881687398314E+00    0.921063139915E+00    0.922655165280E-01    0.506432861921E+00    0.415188774118E-01    0.872558405732E+00    0.429830858703E+00    0.222034009175E+00    0.000000000000E+00    0.756691711957E+00
    0.100000000000E+01    0.326582310120E+00    0.796673649429E+00    0.334315771365E+00    0.855716522328E+00    0.793669374454E-01    0.532342512967E+00    0.188428401689E+00    0.970430738523E+00    0.926387943976E+00    0.166014226095E+01
    0.177151328527E+00    0.100000000000E+01    0.610059375344E+00    0.412691551167E+00    0.718582947259E+00    0.612011661540E+00    0.998517858538E+00    0.327301386311E+00    0.627835021738E-01    0.263062115052E+00    0.121203106218E+01
    0.465243245721E+00    0.229904245917E+00    0.100000000000E+01    0.760765862018E+00    0.877789258381E-02    0.512422567242E+00    0.351674682742E+00    0.740101167867E+00    0.333848554123E+00    0.264374855606E+00    0.122076125654E+01
    0.981646251987E+00    0.374915362778E+00    0.535909081461E+00    0.100000000000E+01    0.100880386972E+00    0.298387329361E+00    0.553235378129E+00    0.867336476467E+00    0.294761586550E+00    0.640119431656E+00    0.160256861418E+01
    0.589427692189E+00    0.241394447554E+00    0.463944006289E+00    0.265689176435E+00    0.100000000000E+01    0.935846431271E+00    0.867192511850E+00    0.182947651067E+00    0.272650033197E+00    0.489333933628E+00    0.149346365066E+01
    0.728958802751E+00    0.749462115415E+00    0.425764247595E-02    0.574508265796E+00    0.307849855211E+00    0.100000000000E+01    0.641515184035E-01    0.512417449584E+00    0.794647880475E+00    0.598580088953E+00    0.136515566880E+01
    0.832042933030E+00    0.430657160055E+00    0.281534621414E+00    0.598576507698E+00    0.373225887148E+00    0.755296855491E+00    0.100000000000E+01    0.445640108648E+00    0.821664390092E+00    0.177660753288E-01    0.126897945611E+01
    0.651000084583E+00    0.718814635536E+00    0.418215200945E-02    0.123485975870E+00    0.689293544730E+00    0.893179209922E+00    0.678998972494E+00    0.100000000000E+01    0.400155224360E+00    0.663359046169E+00    0.202857304979E+01
    0.232269121161E+00    0.530461013466E+00    0.120343983818E+00    0.922105995432E+00    0.149527959389E+00    0.818487847050E+00    0.225046697880E+00    0.448448178044E+00    0.100000000000E+01    0.282187258327E+00    0.739675479921E+00
    0.279777531935E+00    0.845512264377E+00    0.266297849621E+00    0.241005726124E+00    0.816849208209E+00    0.677238630156E+00    0.134445725098E-01    0.629596438633E+00    0.105468070009E+00    0.100000000000E+01    0.967869204953E+00
    0.000000000000E+00    0.879530403967E+00    0.611866915138E-02    0.774742010520E-01    0.564574492501E+00    0.793901766952E+00    0.140381998464E+00    0.524106674475E+00    0.966585681221E+00    0.943561290680E+00    0.143429870147E+01
    0.930252487960E+00    0.000000000000E+00    0.968239865807E+00    0.917620487652E+00    0.701242694236E+00    0.298768517397E+00    0.520678870617E+00    0.914415810368E+00    0.490402981403E+00    0.449097008819E+00    0.179434148140E+01
    0.404996677461E+00    0.278346642094E+00    0.000000000000E+00    0.305073238007E-01    0.871683524089E+00    0.960894167504E-01    0.648844550788E+00    0.980629167975E+00    0.708091835545E+00    0.672315923987E+00    0.130882633532E+01
    0.371020591017E+00    0.130301822215E+00    0.306277115720E+00    0.000000000000E+00    0.719541959047E+00    0.476857208798E+00    0.752794532447E+00    0.653071870038E-01    0.520886933565E+00    0.575542758520E+00    0.740419025220E+00
    0.234561830104E+00    0.130770257546E+00    0.298251548605E+00    0.162605339924E+00    0.000000000000E+00    0.655258612551E+00    0.319963768449E+00    0.939248690276E+00    0.253748901496E+00    0.738473448668E+00    0.567083382212E+00
    0.991169064820E-01    0.229876937567E-01    0.342004627555E+00    0.196067876110E+00    0.925089073996E+00    0.000000000000E+00    0.358184959974E+00    0.421783758891E+00    0.298316542093E+00    0.808300280116E+00    0.461540533371E+00
    0.575329376590E-01    0.915969264710E+00    0.812667688408E+00    0.488031069416E+00    0.431701414881E+00    0.787751121513E+00    0.000000000000E+00    0.552081976731E+00    0.749335999553E+00    0.324703461169E+00    0.103269075002E+01
    0.846299151510E+00    0.228681385113E+00    0.638878649318E-01    0.434442282156E+00    0.139727128697E+00    0.267478294993E+00    0.223806297280E+00    0.000000000000E+00    0.698994504156E+00    0.358792340431E+00    0.509456300273E+00
    0.895907431811E+00    0.425306212720E+00    0.505967104190E+00    0.776900809605E+00    0.980341542356E+00    0.204107583144E+00    0.474936160956E+00    0.183128695054E+00    0.000000000000E+00    0.655570167908E-01    0.106119083191E+01
    0.678814239667E+00    0.520295205593E+00    0.542986802663E-01    0.930652581162E+00    0.136253726637E+00    0.308608516745E+00    0.235780760474E+00    0.607275387562E+00    0.313056328480E+00    0.000000000000E+00    0.588949914505E+00
    0.100000000000E+01    0.851974580404E+00    0.419204210521E-01    0.862412136845E+00    0.921569487531E+00    0.925513012294E+00    0.876814581063E+00    0.604949727647E+00    0.775268120083E+00    0.841371587918E+00    0.292376912401E+01
    0.919876152854E+00    0.100000000000E+01    0.531580307328E+00    0.825031633427E+00    0.677801325215E+00    0.388253447122E+00    0.757686955538E+00    0.682817363976E+00    0.775909769882E+00    0.245981276584E-01    0.215805316036E+01
    0.166456191857E-01    0.214730387231E-02    0.100000000000E+01    0.900582128184E+00    0.618396976959E+00    0.589234889974E+00    0.282182410730E+00    0.946062106295E+00    0.931048075986E+00    0.447654239101E+00    0.194874864994E+01
    0.951566554460E+00    0.412624782956E+00    0.440624489603E-01    0.100000000000E+01    0.517885222962E+00    0.659506888499E+00    0.802486496127E+00    0.363970473514E-01    0.461596941249E+00    0.899304723372E+00    0.122257571252E+01
    0.683333377691E+00    0.872841334005E+00    0.912964944373E-01    0.702807023348E+00    0.100000000000E+01    0.892405535180E+00    0.480156965260E+00    0.487425110427E+00    0.532514026961E+00    0.760565521798E+00    0.219206334023E+01
    0.393219943466E+00    0.644097679270E+00    0.111335553314E+00    0.813262176165E+00    0.279477623802E+00    0.100000000000E+01    0.845219493747E+00    0.709756664268E+00    0.445427613926E+00    0.471730710426E+00    0.143331672442E+01
    0.386212918350E-01    0.110226393245E+00    0.382138967137E+00    0.244750921556E+00    0.406445484849E+00    0.226621037121E+00    0.100000000000E+01    0.754602071801E+00    0.916850884747E+00    0.988376699992E+00    0.185069117103E+01
    0.635898245900E+00    0.148684598825E-01    0.746886473312E+00    0.799997396792E+00    0.694896992365E+00    0.271525870334E+00    0.140089101751E+00    0.100000000000E+01    0.873437458584E+00    0.780241726830E+00    0.161722602527E+01
    0.671596362841E+00    0.324478287809E+00    0.284023174534E+00    0.963587323303E+00    0.476888826497E+00    0.207219078687E+00    0.976145800078E+00    0.736053720086E+00    0.100000000000E+01    0.558446328450E+00    0.186736210763E+01
    0.309174492012E+00    0.173827982346E+00    0.350079230639E+00    0.794911275323E+00    0.730873060493E+00    0.759879228547E+00    0.734651620877E+00    0.239211607647E+00    0.704851325126E+00    0.100000000000E+01    0.176798888362E+01
    0.000000000000E+00    0.447510642113E+00    0.282590029183E+00    0.122241131028E+00    0.863596265443E+00    0.207480951148E+00    0.556335884902E-01    0.667904925624E+00    0.358147966684E+00    0.576878872397E+00    0.457489842301E+00
    0.335352686647E+00    0.000000000000E+00    0.262563971138E+00    0.601234622227E+00    0.786438317210E+00    0.542875438020E+00    0.611793132052E+00    0.939429706450E+00    0.771419526616E+00    0.458643677214E+00    0.151334392674E+01
    0.496544226087E+00    0.149243150228E+00    0.000000000000E+00    0.268953190367E+00    0.895045226171E+00    0.763174759313E+00    0.554531206136E+00    0.388504341096E+00    0.725366215309E+00    0.971639752377E+00    0.167741418027E+01
    0.740991737163E+00    0.739753557554E+00    0.187663948780E+00    0.000000000000E+00    0.257133747722E-02    0.502478486184E+00    0.835664606921E+00    0.623245533626E+00    0.954771524016E+00    0.595533465652E+00    0.163886594392E+01
    0.635888787403E+00    0.470000605903E+00    0.538729507245E+00    0.507918870303E+00    0.000000000000E+00    0.403112998333E+00    0.649957280314E+00    0.821546141333E+00    0.824562662661E+00    0.947881370863E+00    0.188805648080E+01
    0.951539500031E+00    0.511733488664E+00    0.102392877346E+00    0.451920404650E+00    0.840097455127E+00    0.000000000000E+00    0.101723817983E+00    0.799763719659E+00    0.335408371567E-01    0.309795504730E+00    0.624953878140E+00
    0.433972622625E+00    0.954940900890E+00    0.450200260987E+00    0.657153134167E+00    0.848127207437E+00    0.547996606567E+00    0.000000000000E+00    0.923202046964E-02    0.315454037865E+00    0.732292702396E+00    0.140604424120E+01
    0.643634442200E-01    0.944846072406E+00    0.452180013509E+00    0.328843906195E+00    0.671444415516E-01    0.912156827327E+00    0.997736608465E-01    0.000000000000E+00    0.951649766902E+00    0.104914706302E+00    0.370598505998E+00
    0.467965317515E+00    0.275400124896E+00    0.871732948037E+00    0.699150841693E+00    0.807821052517E+00    0.477737508117E+00    0.254896124661E+00    0.466837690193E+00    0.000000000000E+00    0.497791094959E+00    0.124327206595E+01
    0.459955341274E+00    0.116352550055E-01    0.473979836986E+00    0.636443101417E+00    0.964599696661E+00    0.821985688813E+00    0.503477854482E+00    0.571293579605E-01    0.499419041535E+00    0.000000000000E+00    0.112866340781E+01
    0.100000000000E+01    0.133328998370E+00    0.407823545324E+00    0.595862614716E+00    0.882013095135E+00    0.867518925621E+00    0.889341686780E+00    0.316829608261E+00    0.107167955008E+00    0.907348757481E+00    0.152050734415E+01
    0.544865009564E+00    0.100000000000E+01    0.147506612241E+00    0.814903942526E+00    0.594899466576E+00    0.161980880897E+00    0.909855459797E-01    0.465275780134E-01    0.670106566571E-01    0.471779267772E+00    0.797278644689E+00
    0.444466930727E+00    0.404502826915E+00    0.100000000000E+01    0.775353411978E+00    0.407117963181E+00    0.680644712250E+00    0.967879624540E+00    0.296815151722E+00    0.995154544788E+00    0.521693731558E-01    0.157144215723E+01
    0.999833920722E-01    0.287991658432E+00    0.217485818634E+00    0.100000000000E+01    0.630277378602E+00    0.166141799844E+00    0.320418836142E+00    0.616515800685E+00    0.834853436607E+00    0.698936580187E+00    0.113204850087E+01
    0.821107003810E+00    0.637381945442E-01    0.168548805624E+00    0.197767475739E+00    0.100000000000E+01    0.168112585345E+00    0.145261436312E+00    0.197481684291E+00    0.959591354345E+00    0.138897790354E+00    0.415753526989E+00
    0.459896457131E-02    0.195837585901E+00    0.754223327025E+00    0.701736174945E+00    0.979663551352E+00    0.100000000000E+01    0.317088369672E+00    0.828513263663E+00    0.186642896229E+00    0.712369831044E+00    0.190550068251E+01
    0.588273266033E+00    0.134575298428E+00    0.882494444480E+00    0.590062556358E+00    0.627704393858E-01    0.218781736526E+00    0.100000000000E+01    0.348358403953E-01    0.893186785668E+00    0.900670560242E+00    0.145292988699E+01
    0.948720327020E-01    0.218397921322E+00    0.334883534928E+00    0.803960226625E-01    0.134042054635E+00    0.440919925475E+00    0.417874527617E+00    0.100000000000E+01    0.660454058782E+00    0.414354904736E+00    0.798281877964E+00
    0.320829351357E+00    0.125037554274E+00    0.942915634857E+00    0.876750424756E+00    0.329231378730E+00    0.776000719071E+00    0.922210360964E+00    0.630054436425E+00    0.100000000000E+01    0.956625325379E+00    0.265996924206E+01
    0.245070229046E+00    0.924994012935E+00    0.563189843579E+00    0.576921797113E+00    0.373048194173E+00    0.322232304734E+00    0.342076656427E+00    0.255465532233E+00    0.824073733076E+00    0.100000000000E+01    0.158327569885E+01
    0.000000000000E+00    0.422802058416E+00    0.867240313877E-01    0.480084362824E+00    0.729522762076E+00    0.732683432899E+00    0.917879688708E-01    0.800683713516E+00    0.286479361365E+00    0.385769667999E+00    0.760152272940E+00
    0.666142660093E+00    0.000000000000E+00    0.941981970194E+00    0.880535831250E+00    0.135426919271E+00    0.853042297349E+00    0.262700270890E+00    0.125215891329E+00    0.867636647212E+00    0.393292868865E+00    0.131910332217E+01
    0.811469835405E+00    0.515603989113E+00    0.000000000000E+00    0.881267037852E-01    0.889848924212E+00    0.373329820999E+00    0.781581351358E+00    0.802264249529E+00    0.835148323980E+00    0.472044594578E+00    0.177186625207E+01
    0.915687317229E-01    0.445515123218E+00    0.274960362037E+00    0.000000000000E+00    0.470897010152E+00    0.911832416602E+00    0.763348551313E+00    0.887735342750E+00    0.636761619162E-01    0.925385172253E+00    0.120675087743E+01
    0.511891850475E+00    0.708405164081E+00    0.249578953164E+00    0.199637255696E+00    0.000000000000E+00    0.666605177508E+00    0.472694021675E+00    0.534409154890E+00    0.324765566212E+00    0.658390652370E+00    0.878886713267E+00
    0.924612970569E+00    0.946381576703E+00    0.895342511358E-02    0.375331121467E-01    0.840465590534E-01    0.000000000000E+00    0.371116254106E+00    0.698435320080E+00    0.986631513598E+00    0.266842912400E+00    0.139784905711E+01
    0.927931697270E+00    0.826905696929E-01    0.606021164918E+00    0.504988698667E+00    0.681052899651E+00    0.945326488888E+00    0.000000000000E+00    0.368762579901E+00    0.571568345530E-01    0.723336159840E+00    0.106792599171E+01
    0.250046853928E+00    0.641724021217E+00    0.945768393663E+00    0.247715917866E+00    0.511862801222E+00    0.758080652062E+00    0.233085271871E+00    0.000000000000E+00    0.934897822585E+00    0.222282372985E+00    0.990587550940E+00
    0.523773457043E+00    0.523002963634E+00    0.389536053968E+00    0.495071708070E+00    0.718630797616E+00    0.468733322086E+00    0.714667052102E+00    0.594862142365E+00    0.000000000000E+00    0.238309334221E-01    0.122875792471E+01
    0.738749949667E+00    0.215582599393E-01    0.368119114159E+00    0.220301296173E+00    0.981535727360E+00    0.834089933467E+00    0.466231874530E+00    0.998774478200E+00    0.662512374913E-01    0.000000000000E+00    0.138137284817E+01
    0.100000000000E+01    0.267321339860E+00    0.240534469649E+00    0.297836721045E-01    0.988244582176E+00    0.847493627300E-01    0.344951940218E+00    0.918359115864E+00    0.192345186755E+00    0.423700166804E+00    0.756524884740E+00
    0.416842303751E+00    0.100000000000E+01    0.662142547274E+00    0.767044670220E-01    0.991549014981E+00    0.450095459273E-01    0.570061588270E+00    0.281707779516E+00    0.664455711068E+00    0.720301553786E+00    0.115146003118E+01
    0.363860664795E+00    0.376989771131E+00    0.100000000000E+01    0.497866873936E+00    0.409400653881E+00    0.834700706136E+00    0.220184468151E-01    0.850751406652E+00    0.853414821719E+00    0.202400789293E+00    0.116822969568E+01
    0.240809592805E+00    0.187896224058E-01    0.830147458562E+00    0.100000000000E+01    0.538409647980E+00    0.558663669108E+00    0.789444596480E+00    0.254639182456E+00    0.682560410321E+00    0.887506061361E+00    0.194226211735E+01
    0.460425631411E+00    0.782751741835E+00    0.100921168681E+00    0.111729815137E+00    0.100000000000E+01    0.427663638261E+00    0.962645052937E+00    0.396501596967E+00    0.976808727431E+00    0.848809245147E+00    0.201015308614E+01
    0.599068753452E+00    0.144310893790E+00    0.388680066388E+00    0.455434633595E+00    0.677296596006E+00    0.100000000000E+01    0.637560892525E+00    0.526716472086E+00    0.500398990103E+00    0.930847087669E+00    0.174237587354E+01
    0.115518910569E+00    0.605578561043E+00    0.581867729015E+00    0.558664706459E+00    0.807826376015E+00    0.100338129693E+00    0.100000000000E+01    0.217494706552E+00    0.271735876351E+00    0.330610124482E+00    0.783413865809E+00
    0.929793073265E+00    0.804976091301E-01    0.319610612282E+00    0.848172347352E+00    0.931977769351E+00    0.222492894262E+00    0.784637685619E+00    0.100000000000E+01    0.254026374121E+00    0.231911058031E+00    0.139683864474E+01
    0.997179014819E+00    0.841151141469E+00    0.509434592670E+00    0.448769893367E+00    0.150125852676E+00    0.729489446669E+00    0.788614283041E-01    0.308673971785E+00    0.100000000000E+01    0.830467534799E+00    0.203172240469E+01
    0.971060935616E+00    0.325350034757E+00    0.620403288141E+00    0.290848080116E+00    0.474489353039E+00    0.328143140463E+00    0.219010298176E-01    0.603424807866E+00    0.924095063812E+00    0.100000000000E+01    0.158938892935E+01
    0.000000000000E+00    0.802630454822E+00    0.757969024566E+00    0.777355217719E+00    0.569799587661E-01    0.556729865406E-01    0.516544508924E+00    0.205436217706E+00    0.475266791573E+00    0.535453865451E+00    0.952983811451E+00
    0.529602843179E+00    0.000000000000E+00    0.995986129485E+00    0.342991896752E-01    0.759482474870E+00    0.478214897384E+00    0.736240441376E+00    0.606785779268E+00    0.979665721124E+00    0.442462877710E+00    0.127756329507E+01
    0.817573237012E+00    0.174043788324E+00    0.000000000000E+00    0.621203436389E+00    0.827408365062E+00    0.669955988549E+00    0.559581070292E+00    0.334716792332E+00    0.465467680304E+00    0.295434125699E-01    0.897673417166E+00
    0.307391595460E+00    0.803116861256E+00    0.601935360476E+00    0.000000000000E+00    0.966871078704E+00    0.149073356905E+00    0.508826954238E+00    0.992443962029E+00    0.726874045965E+00    0.201119021802E+00    0.104217652627E+01
    0.748322193493E+00    0.595545073448E+00    0.469160230258E+00    0.399196811174E+00    0.000000000000E+00    0.455888906965E+00    0.796564925241E+00    0.860324684385E+00    0.525176179912E+00    0.655332097919E+00    0.166241613919E+01
    0.635396613500E+00    0.978302925725E+00    0.212081689572E+00    0.957519145718E+00    0.458950632333E+00    0.000000000000E+00    0.769417307087E+00    0.372444883405E+00    0.159002915307E+00    0.792348200070E+00    0.123723385718E+01
    0.937575123264E+00    0.325571634027E+00    0.307143924098E+00    0.840255839802E+00    0.120059204185E+00    0.941986073651E+00    0.000000000000E+00    0.522203501218E+00    0.228515277974E+00    0.986594311640E+00    0.901873312514E+00
    0.759738853146E+00    0.535896685582E+00    0.449341588317E+00    0.415130410649E-01    0.371390259983E+00    0.579860740127E+00    0.147467638541E+00    0.000000000000E+00    0.319358932665E+00    0.395654430252E+00    0.767505476696E+00
    0.364835985529E+00    0.353055019886E+00    0.214029640462E-01    0.354730959418E+00    0.263175035384E+00    0.686690219242E-01    0.491263642300E+00    0.734675693052E+00    0.000000000000E+00    0.774685150818E+00    0.515390899249E+00
    0.157289532420E+00    0.767897817418E+00    0.777822151977E+00    0.705197562509E+00    0.645527042541E+00    0.278350965353E+00    0.979156388272E-01    0.365506217340E+00    0.726996379800E+00    0.000000000000E+00    0.884772424507E+00
    0.100000000000E+01    0.920364014326E+00    0.891770283162E+00    0.181187060947E+00    0.753429292850E+00    0.937910974031E+00    0.553974445450E+00    0.704276329570E+00    0.884817904125E-01    0.112535910383E+00    0.218869932084E+01
    0.361177754518E+00    0.100000000000E+01    0.175426612232E+00    0.779953610329E+00    0.103404851933E+00    0.922602909876E+00    0.626013928009E+00    0.131302698153E+00    0.616437978060E+00    0.572034723054E+00    0.102822523725E+01
    0.856615988593E+00    0.269078496945E+00    0.100000000000E+01    0.217420096050E+00    0.429441421718E+00    0.482405453932E+00    0.739541539857E+00    0.943739667426E+00    0.118412637079E+00    0.900338508955E-01    0.136367775529E+01
    0.740549845037E-02    0.452050946564E+00    0.273605803147E+00    0.100000000000E+01    0.486033680784E+00    0.416378406013E-01    0.213504013266E+00    0.853347739278E+00    0.188222890501E+00    0.501045647488E+00    0.573692285750E+00
    0.750337280577E+00    0.944553729088E+00    0.797100520721E+00    0.845237668031E+00    0.100000000000E+01    0.363404780930E+00    0.918972685593E+00    0.811467253103E+00    0.621197759147E-01    0.914027523579E+00    0.254837346849E+01
    0.803767697904E+00    0.694225280964E+00    0.201836398409E+00    0.366783788546E+00    0.879598438852E-01    0.100000000000E+01    0.711537676666E+00    0.180202122879E+00    0.921039771811E+00    0.168927673911E+00    0.100379572474E+01
    0.302909566743E+00    0.263954737350E-01    0.192154639647E+00    0.362410125842E+00    0.928340763188E+00    0.177547077680E+00    0.100000000000E+01    0.483076259965E+00    0.654985740884E+00    0.784109112909E+00    0.123911496646E+01
    0.429365008055E+00    0.135353468070E+00    0.538648021484E+00    0.430735277045E+00    0.248597916643E+00    0.935426714962E+00    0.727520011382E+00    0.100000000000E+01    0.444747291656E+00    0.277760539115E+00    0.137372913907E+01
    0.687930813109E+00    0.561100951478E+00    0.206452978960E+00    0.825524873015E+00    0.636443272408E+00    0.122519021338E+00    0.425738109725E+00    0.720777659295E+00    0.100000000000E+01    0.230400286761E+00    0.117166991486E+01
    0.602413841599E+00    0.863441115115E+00    0.160660538908E-01    0.830988561861E+00    0.479525772885E+00    0.953195317850E-01    0.557765379964E+00    0.840061312333E+00    0.319754639469E+00    0.100000000000E+01    0.136751951485E+01
    0.000000000000E+00    0.164217826771E+00    0.968531663740E-01    0.881289839916E+00    0.370565124685E+00    0.890691506600E+00    0.990678856372E+00    0.130693251756E+00    0.955838365732E+00    0.564892872166E+00    0.108483624162E+01
    0.426988677866E+00    0.000000000000E+00    0.958496189571E+00    0.477040549787E+00    0.129957064952E+00    0.719283441784E+00    0.218413642049E+00    0.276226589286E+00    0.542735242162E+00    0.880736355034E+00    0.108905582853E+01
    0.420224559998E+00    0.873600673555E+00    0.000000000000E+00    0.996311328572E+00    0.718352115958E-01    0.881983898905E+00    0.112836627192E+00    0.191330977271E+00    0.715310785220E+00    0.807100768246E+00    0.102938298510E+01
    0.200869340038E+00    0.312740333170E+00    0.630752534787E+00    0.000000000000E+00    0.544873741957E+00    0.584339994818E+00    0.225028058310E+00    0.805701719131E+00    0.167043341664E+00    0.910824882702E+00    0.714664189389E+00
    0.786115555217E+00    0.962285942866E+00    0.508894712530E+00    0.500377495139E+00    0.000000000000E+00    0.952460001494E+00    0.665086897726E-01    0.903120589442E+00    0.864203076958E+00    0.475891113387E+00    0.148243934139E+01
    0.594627443729E+00    0.858075139790E+00    0.443925231312E+00    0.926568206886E+00    0.912560106403E+00    0.000000000000E+00    0.997265780133E-01    0.613363282152E+00    0.229722513746E+00    0.165753394354E+00    0.102080794009E+01
    0.500368926269E+00    0.163140948602E-01    0.809719845681E+00    0.709416620394E+00    0.694220535699E+00    0.474070912963E+00    0.000000000000E+00    0.802475296226E+00    0.137479869803E+00    0.448521660103E+00    0.973364245108E+00
    0.398793968203E+00    0.704276515331E+00    0.949751626103E+00    0.911735266011E+00    0.271355356101E+00    0.310297324230E+00    0.818346395981E-01    0.000000000000E+00    0.779031145650E+00    0.383379265315E+00    0.152964850692E+01
    0.105743357870E+00    0.661563260889E-01    0.881588427407E+00    0.682862851158E+00    0.868176114556E+00    0.802582730364E+00    0.587910552361E+00    0.446436627779E+00    0.000000000000E+00    0.790824528412E+00    0.156824754004E+01
    0.304707355842E+00    0.959996566578E+00    0.977336305529E+00    0.215815802451E+00    0.649385769253E+00    0.436368860637E+00    0.245149675949E+00    0.525854543840E+00    0.128099426153E+00    0.000000000000E+00    0.915727433723E+00
    0.100000000000E+01    0.109684646049E+00    0.290567750724E-01    0.364684523062E+00    0.985469471644E+00    0.814605152926E+00    0.428914962270E+00    0.291209406251E+00    0.109419123944E+00    0.569646943930E+00    0.111028405292E+01
    0.442780978892E+00    0.100000000000E+01    0.959993241727E+00    0.390995432180E+00    0.233509949204E+00    0.712287846813E+00    0.669565392457E+00    0.903299411028E+00    0.799882983699E+00    0.580894270308E-01    0.163574301912E+01
    0.889184604368E+00    0.732548029405E+00    0.100000000000E+01    0.927718028976E+00    0.830407748312E+00    0.892815090598E+00    0.405224047106E+00    0.484014330996E+00    0.973420922317E+00    0.277556133926E+00    0.278680222167E+01
    0.154774674603E+00    0.705656993530E+00    0.354026970448E+00    0.100000000000E+01    0.755161691185E+00    0.728931477183E+00    0.623740265496E+00    0.772903852309E+00    0.761676644614E+00    0.779368983294E+00    0.208942433522E+01
    0.606517912132E-01    0.227045336578E-01    0.378854908386E+00    0.107042642804E+00    0.100000000000E+01    0.579336023977E+00    0.307878662188E+00    0.302156667119E+00    0.551497163450E+00    0.710026742838E+00    0.110587205034E+01
    0.796526760685E+00    0.778266191615E+00    0.652172786611E+00    0.106370562139E+00    0.362405620344E+00    0.100000000000E+01    0.766164487695E+00    0.515467844026E+00    0.864149094726E+00    0.467757212763E+00    0.185083258343E+01
    0.302114538108E+00    0.968918766891E+00    0.167756385996E+00    0.274919306316E+00    0.647163089973E+00    0.532551174886E+00    0.100000000000E+01    0.348399425856E+00    0.209589725764E+00    0.488793039282E+00    0.113433680381E+01
    0.267921229255E+00    0.816726542377E+00    0.368852791634E+00    0.239687698350E+00    0.890930666322E+00    0.605639762678E+00    0.661352461924E+00    0.100000000000E+01    0.748249588379E+00    0.509480034588E+00    0.188938158126E+01
    0.630053150649E+00    0.539903605847E+00    0.124979983865E+00    0.500880968273E+00    0.415321622286E+00    0.441856237466E+00    0.469238367525E+00    0.255103080056E+00    0.100000000000E+01    0.367269335377E+00    0.107325400082E+01
    0.467926452805E+00    0.759187704671E+00    0.169774964679E+00    0.198673204793E+00    0.640796613784E+00    0.145617139129E+00    0.474288314093E+00    0.232867535350E+00    0.797721436387E+00    0.100000000000E+01    0.139045250278E+01
    0.000000000000E+00    0.229229008450E+00    0.522078266231E+00    0.463968725888E+00    0.677852342035E+00    0.427876369284E+00    0.541079281954E+00    0.122024356925E+00    0.808136573296E+00    0.991476242717E+00    0.139953805174E+01
    0.137868399927E+00    0.000000000000E+00    0.974029874870E+00    0.165168511011E+00    0.703511747384E+00    0.258982506848E+00    0.883542778825E+00    0.799082519848E+00    0.281965679912E+00    0.398523377181E+00    0.116146980515E+01
    0.911639513148E+00    0.452220465516E+00    0.000000000000E+00    0.687204802114E+00    0.699922014990E+00    0.439416943342E+00    0.243111879971E+00    0.976529373606E+00    0.509803138374E+00    0.204552627074E+00    0.106150710053E+01
    0.661344460426E+00    0.515638262885E+00    0.795261337083E+00    0.000000000000E+00    0.504368249213E+00    0.752457200950E+00    0.584331871840E+00    0.993578565276E+00    0.350850384619E+00    0.586117565479E+00    0.150674922594E+01
    0.135453902140E+00    0.603661091897E-02    0.553330816066E+00    0.645413996115E+00    0.000000000000E+00    0.247189997624E+00    0.350612587079E-01    0.856819108547E+00    0.481818620085E+00    0.202386612698E+00    0.485499930560E+00
    0.190468890504E+00    0.346600771806E+00    0.792158007225E+00    0.962353477127E-01    0.866930695074E+00    0.000000000000E+00    0.905817751253E+00    0.493036765840E+00    0.260817939172E+00    0.463057680367E+00    0.709625470152E+00
    0.980893065605E+00    0.875936207618E+00    0.196334406981E+00    0.315259176913E+00    0.870814549743E+00    0.575237067273E+00    0.000000000000E+00    0.440937801345E+00    0.902960780206E-01    0.392821112622E+00    0.145749098908E+01
    0.653463009958E+00    0.301445575078E+00    0.411646923921E-01    0.464329296093E+00    0.708428787572E+00    0.740597534155E+00    0.827213228559E+00    0.000000000000E+00    0.724890410693E+00    0.528887546854E+00    0.112414362972E+01
    0.697257380529E+00    0.836783999956E+00    0.639856266681E+00    0.659251582993E+00    0.435333658340E+00    0.486042422244E+00    0.384838546632E+00    0.681953715522E-01    0.000000000000E+00    0.113893306207E+00    0.124311491003E+01
    0.547113209635E+00    0.997493925583E+00    0.292477826960E+00    0.908993828558E+00    0.700738725913E+00    0.819694285971E+00    0.294634811361E-01    0.206524300263E+00    0.470052599076E-01    0.000000000000E+00    0.139207909733E+01
    0.100000000000E+01    0.334300013078E+00    0.389037776073E+00    0.131723481282E-02    0.896406146988E+00    0.881104696730E+00    0.968740238960E+00    0.153238261335E+00    0.907727990814E+00    0.761930961086E+00    0.196471426382E+01
    0.927476671192E+00    0.100000000000E+01    0.388368296247E+00    0.763558281791E+00    0.356717649518E+00    0.607480475508E+00    0.739778663167E+00    0.738887987263E+00    0.388425696941E+00    0.691028687077E+00    0.225574437436E+01
    0.668042269741E+00    0.599453303936E+00    0.100000000000E+01    0.492415823467E+00    0.750066123033E+00    0.689695492325E+00    0.232951920296E+00    0.255444107525E+00    0.294467873643E-01    0.958099997331E+00    0.149791235550E+01
    0.912711931669E+00    0.410734232021E-01    0.861454604758E+00    0.100000000000E+01    0.230477561617E+00    0.963289314703E+00    0.695763134261E+00    0.146879721676E+00    0.861514983778E+00    0.620139272586E+00    0.175741215145E+01
    0.450739706835E+00    0.419122373495E+00    0.746840002450E+00    0.132076251895E+00    0.100000000000E+01    0.294159308759E+00    0.455070313408E+00    0.110009328113E+00    0.878393492892E-01    0.679510371096E+00    0.691463961060E+00
    0.148909174353E+00    0.257475536973E+00    0.401683854776E+00    0.773358755991E-01    0.735760171332E-01    0.100000000000E+01    0.211423970301E+00    0.282984912326E+00    0.542611597514E+00    0.494435267791E+00    0.471097163606E+00
    0.967979343486E+00    0.467153515094E+00    0.136839280619E-01    0.823497090322E+00    0.632238291696E+00    0.900832633277E+00    0.100000000000E+01    0.643518443228E+00    0.337608920461E+00    0.496386561797E+00    0.184410748745E+01
    0.999274843854E+00    0.972528643359E+00    0.429348091716E+00    0.987618974870E+00    0.963847373723E+00    0.396008446655E+00    0.880562000948E+00    0.100000000000E+01    0.719617938574E-01    0.240968958150E-01    0.265984348852E+01
    0.702602200702E-01    0.730779210593E+00    0.658632179390E+00    0.794632426848E+00    0.961970774886E+00    0.930639384729E+00    0.355513225224E+00    0.149463770175E+00    0.100000000000E+01    0.742939114576E+00    0.226603854690E+01
    0.331182401054E+00    0.181706002725E+00    0.442411239616E+00    0.580485358879E+00    0.427010972823E+00    0.212446082197E+00    0.280002932313E+00    0.808904280936E+00    0.970044381154E-01    0.100000000000E+01    0.731207894439E+00
    0.000000000000E+00    0.167969082933E+00    0.559665122627E-01    0.161422569158E+00    0.385830792161E-01    0.649637823891E+00    0.885938567636E+00    0.329561453619E-01    0.964841104804E+00    0.551929657235E+00    0.595820826295E+00
    0.850074316170E+00    0.000000000000E+00    0.719595117690E+00    0.974196730633E+00    0.177264597444E+00    0.894777593748E+00    0.174956890450E+00    0.952527521220E+00    0.299351022002E+00    0.698962124496E+00    0.123552588048E+01
    0.643880735302E+00    0.743215376431E-01    0.000000000000E+00    0.127816875857E+00    0.749413243841E+00    0.321466017744E+00    0.461017387058E+00    0.570906486132E+00    0.351448153950E+00    0.332268664331E+00    0.668738122634E+00
    0.390640177655E+00    0.916895864360E+00    0.372444510473E+00    0.000000000000E+00    0.952745777541E+00    0.665087144479E+00    0.687987636746E+00    0.957810964208E-01    0.739437378281E+00    0.160631222068E+00    0.117650827183E+01
    0.960149246281E+00    0.279933704025E+00    0.177144659587E+00    0.392017109058E+00    0.000000000000E+00    0.570674007134E+00    0.614532805096E+00    0.476700988570E+00    0.796131278150E+00    0.297521023636E+00    0.868036060786E+00
    0.902400592913E+00    0.442443435103E+00    0.496837166368E+00    0.714952047784E+00    0.857984638893E+00    0.000000000000E+00    0.811272488912E+00    0.227432465304E+00    0.428778196969E+00    0.807364691404E+00    0.128516604654E+01
    0.404214377228E-01    0.846709580053E+00    0.125974050898E+00    0.202748932574E+00    0.346450564702E+00    0.819984960165E+00    0.000000000000E+00    0.485186617113E+00    0.246762302742E+00    0.301783197403E+00    0.418319292128E+00
    0.576144405675E+00    0.609762204851E+00    0.256807633590E+00    0.627102223001E+00    0.327390460115E+00    0.145626019843E+00    0.402575061587E+00    0.000000000000E+00    0.622922721312E+00    0.413147664568E-01    0.585768197418E+00
    0.534376490972E+00    0.378027219800E+00    0.188222063619E+00    0.929849763151E+00    0.282759905029E+00    0.957314233918E+00    0.736952623340E+00    0.657349653834E+00    0.000000000000E+00    0.567323231992E+00    0.113215273419E+01
    0.749454954674E+00    0.231413740381E+00    0.921445175845E+00    0.881732723337E+00    0.629471054155E+00    0.673850287007E+00    0.624029864382E+00    0.755185554141E+00    0.676047509885E+00    0.000000000000E+00    0.188133012805E+01
    0.100000000000E+01    0.839107966967E+00    0.443640566326E-01    0.980434339314E+00    0.138726695554E+00    0.928263555870E+00    0.343078383906E-01    0.180026538193E+00    0.371957499493E+00    0.131073264680E+00    0.106630895239E+01
    0.953783249832E+00    0.100000000000E+01    0.558410461777E+00    0.948280320245E+00    0.281572130045E+00    0.358672585653E+00    0.825106114999E+00    0.791407111334E+00    0.309319225679E+00    0.204251023594E+00    0.230047872076E+01
    0.998767393336E+00    0.176494203141E+00    0.100000000000E+01    0.627093912783E+00    0.815550910987E+00    0.287894593818E+00    0.608026758591E+00    0.748987109715E+00    0.620799008354E+00    0.190039764785E+00    0.161154396832E+01
    0.984628178838E+00    0.267176760222E+00    0.799884786929E+00    0.100000000000E+01    0.767683490201E+00    0.772744774043E-01    0.535277110311E+00    0.300968845440E+00    0.513344224665E+00    0.195257116338E+00    0.138361274117E+01
    0.338538605973E+00    0.946553675596E+00    0.600122083727E+00    0.877205024493E+00    0.100000000000E+01    0.959949986065E+00    0.439274842581E+00    0.499896479769E+00    0.243997740609E+00    0.217491956901E+00    0.207948454858E+01
    0.989714612410E+00    0.311907227368E+00    0.937607435940E+00    0.385544170740E+00    0.219687258919E+00    0.100000000000E+01    0.889067416847E+00    0.474419796142E+00    0.969436312937E+00    0.881264756845E+00    0.216599672018E+01
    0.754983263358E+00    0.595560763227E+00    0.367948722965E+00    0.189047151421E+00    0.470833215274E+00    0.269664290177E+00    0.100000000000E+01    0.626844562675E+00    0.755158582684E+00    0.342685991277E+00    0.153179180144E+01
    0.506635761566E+00    0.192073072136E+00    0.299992662561E+00    0.145842284362E+00    0.806770312703E+00    0.254316888987E+00    0.363256316370E+00    0.100000000000E+01    0.528456131290E+00    0.696606808712E+00    0.107762047396E+01
    0.479108928619E+00    0.590337847130E+00    0.417876193556E+00    0.734571890406E+00    0.247680365636E+00    0.912094125475E-01    0.297425535012E+00    0.311162324016E+00    0.100000000000E+01    0.838930197461E-01    0.788827660009E+00
    0.491973920340E+00    0.965466712482E+00    0.193426070482E+00    0.736998847591E+00    0.721817378571E+00    0.927612844598E+00    0.942186589226E+00    0.367784873806E+00    0.405879173662E+00    0.100000000000E+01    0.203950745584E+01
    0.000000000000E+00    0.692277892666E+00    0.524178858500E+00    0.551124342212E+00    0.191287203033E+00    0.234487691653E+00    0.193866223566E+00    0.178100428159E+00    0.109598639721E+00    0.977546305756E+00    0.475407626072E+00
    0.161650753369E+00    0.000000000000E+00    0.898908738606E+00    0.795561954664E-01    0.552295666316E+00    0.172090319445E+00    0.471224976421E+00    0.707373552714E+00    0.625624803299E+00    0.317396395111E-01    0.519747688383E+00
    0.269067093311E+00    0.950606638626E+00    0.000000000000E+00    0.360856948216E+00    0.839668626359E+00    0.136853862721E+00    0.624881349716E+00    0.859616090054E+00    0.792838143847E-03    0.211173859061E+00    0.908014349342E+00
    0.819407667842E+00    0.907958494926E+00    0.104150086785E+00    0.000000000000E+00    0.814472221530E-01    0.992246830691E+00    0.323702987588E+00    0.400084637593E+00    0.115485576992E+00    0.852350933322E+00    0.105274673269E+01
    0.223709570385E+00    0.203405299532E+00    0.467431713387E+00    0.479630800764E+00    0.000000000000E+00    0.127048438490E+00    0.280859028462E-01    0.924320879865E+00    0.940555115099E+00    0.872614016970E+00    0.111640032277E+01
    0.495969371814E+00    0.975218208168E+00    0.545382728990E+00    0.131106525968E+00    0.857509766805E+00    0.000000000000E+00    0.818986533980E+00    0.503875462529E+00    0.927196336850E+00    0.682673281878E+00    0.160082098184E+01
    0.386854511585E+00    0.994755911213E+00    0.711080232642E+00    0.149483551715E+00    0.936611142839E-01    0.690163647952E+00    0.000000000000E+00    0.462905793516E+00    0.386687637827E+00    0.187574970259E+00    0.628295029379E+00
    0.236502547050E-01    0.403426998392E+00    0.368302840660E-01    0.543410784573E+00    0.850071905240E+00    0.461480050878E+00    0.305797928982E+00    0.000000000000E+00    0.207982512672E+00    0.849901844213E+00    0.598611071991E+00
    0.587358176134E+00    0.861536138416E+00    0.673298028294E+00    0.271648139913E+00    0.313484194636E-01    0.493678794846E+00    0.162417161711E+00    0.785721881469E+00    0.000000000000E+00    0.314408776438E-01    0.832021219750E+00
    0.377822363370E+00    0.473688491128E+00    0.543235845184E+00    0.878112831889E-01    0.693412943090E+00    0.909912905578E+00    0.428257432551E+00    0.201105975565E+00    0.844621097269E+00    0.000000000000E+00    0.943742856438E+00
    0.100000000000E+01    0.751811307640E+00    0.563937312540E+00    0.568922742919E+00    0.656186259757E+00    0.152000449947E+00    0.511287627570E-01    0.133171405870E+00    0.308541639353E+00    0.626946923591E+00    0.137263679787E+01
    0.379336545506E+00    0.100000000000E+01    0.336263774750E+00    0.614545267349E+00    0.842184880252E+00    0.187150929440E+00    0.281769483262E+00    0.516816308313E+00    0.288353625758E+00    0.775957893245E+00    0.111297487605E+01
    0.182299642597E-01    0.755311408152E+00    0.100000000000E+01    0.235948211292E-01    0.963221456180E-01    0.704971412977E+00    0.800670632362E+00    0.225565543287E+00    0.894996878583E+00    0.503303154021E+00    0.736326938215E+00
    0.405540176386E+00    0.793461733842E+00    0.946152349276E-01    0.100000000000E+01    0.498125252444E+00    0.594546276470E+00    0.148009592858E+00    0.736586096362E+00    0.986177348711E+00    0.837475480118E+00    0.164747551730E+01
    0.248941025048E+00    0.444422056141E+00    0.942785454027E+00    0.858589627216E+00    0.100000000000E+01    0.840759351785E+00    0.886585875592E+00    0.669588381799E+00    0.889416724068E+00    0.349792213666E+00    0.266561869206E+01
    0.963450268179E+00    0.459022092409E+00    0.362986818316E+00    0.714668069282E+00    0.216844543179E+00    0.100000000000E+01    0.935442456641E+00    0.517220811241E+00    0.923406637749E+00    0.102456554478E+00    0.149694395861E+01
    0.859139758615E+00    0.653470131367E+00    0.710343520048E+00    0.352287740683E+00    0.409583192706E+00    0.650461918443E+00    0.100000000000E+01    0.358947728773E+00    0.601066959392E-01    0.392180658179E+00    0.146060616635E+01
    0.383211043349E+00    0.194664295386E+00    0.634838234756E+00    0.439655118870E+00    0.396061782521E+00    0.773898098166E+00    0.869411382627E+00    0.100000000000E+01    0.954177093854E+00    0.427571066586E+00    0.193760874791E+01
    0.380574776310E+00    0.552992221954E-01    0.545783075870E+00    0.757858090910E+00    0.665694333565E+00    0.490357284649E+00    0.136647988582E+00    0.722345615304E+00    0.100000000000E+01    0.384834096957E+00    0.124464084721E+01
    0.181774792454E+00    0.789286378652E+00    0.828752807476E+00    0.551172169409E+00    0.796478266872E+00    0.171128583604E+00    0.443860508199E-01    0.966381944059E+00    0.942986823586E+00    0.100000000000E+01    0.172243874981E+01
    0.000000000000E+00    0.114140189939E+00    0.128829229192E+00    0.697498556892E+00    0.760695467901E+00    0.776157361815E+00    0.228046347156E-01    0.476738932093E+00    0.566744500903E+00    0.883799002318E+00    0.119203767063E+01
    0.247922000772E+00    0.000000000000E+00    0.834259192322E+00    0.464928837490E+00    0.546061378296E+00    0.490529971700E+00    0.309188026724E+00    0.768712842465E+00    0.287907200311E+00    0.796420927147E+00    0.112270275518E+01
    0.826932783163E+00    0.457428749444E+00    0.000000000000E+00    0.732011526145E+00    0.641606142839E+00    0.442808399875E+00    0.723324654180E-01    0.317218910458E+00    0.970787104581E+00    0.493794843615E+00    0.116468631070E+01
    0.742676847602E+00    0.979801522422E+00    0.548144594858E-01    0.000000000000E+00    0.298091820760E+00    0.431663861992E-01    0.342771152699E+00    0.673338543034E+00    0.310655335470E-01    0.549076120508E+00    0.988401823800E+00
    0.161248558452E+00    0.150978540338E+00    0.884042148263E+00    0.828954478161E+00    0.000000000000E+00    0.563374138405E+00    0.925457517553E+00    0.642973157074E+00    0.699878929697E+00    0.495815478562E+00    0.169923091793E+01
    0.371184462342E+00    0.389019780242E-01    0.850332018551E+00    0.893298829463E+00    0.334918945141E+00    0.000000000000E+00    0.541296613042E+00    0.507047322427E+00    0.671559270555E+00    0.908740527703E+00    0.165877653081E+01
    0.317788852780E+00    0.872340426214E+00    0.261513051579E+00    0.460140919300E+00    0.356130148167E-02    0.855463489472E+00    0.000000000000E+00    0.825216933550E+00    0.224131614400E+00    0.772097452865E+00    0.573650931220E+00
    0.897775423538E+00    0.258343313948E+00    0.543541831291E+00    0.770501374476E+00    0.271129413604E+00    0.442389219418E+00    0.118656126580E+00    0.000000000000E+00    0.841462631998E+00    0.253285616891E+00    0.983809117674E+00
    0.578488469535E+00    0.485410198273E+00    0.750455320508E+00    0.132875049801E+00    0.402463756795E+00    0.391602241210E+00    0.508969009128E+00    0.893792761149E+00    0.000000000000E+00    0.856068630764E+00    0.993039515956E+00
    0.935258341632E+00    0.951589008937E+00    0.131434764026E+00    0.697289372312E+00    0.959518995468E+00    0.832914508458E+00    0.501983364475E+00    0.810053876860E-01    0.780616428364E+00    0.000000000000E+00    0.182149027204E+01
    0.100000000000E+01    0.225409947235E+00    0.516293764320E+00    0.773430930778E+00    0.376499557133E+00    0.314651374571E+00    0.426526611744E+00    0.335393845047E+00    0.905907325324E+00    0.977895026760E+00    0.177213028557E+01
    0.912849636377E+00    0.100000000000E+01    0.813609631123E+00    0.954772702158E+00    0.113255165570E+00    0.959273989554E+00    0.411362543243E+00    0.842241019209E+00    0.132218187987E+00    0.562919802407E-01    0.215221386821E+01
    0.136873517300E+00    0.193876734834E-01    0.100000000000E+01    0.617773066808E-01    0.190828397342E+00    0.156732220313E+00    0.471796731013E+00    0.534448883834E-01    0.233885813890E+00    0.346243344256E+00    0.200536454161E+00
    0.274148395664E+00    0.786989183317E+00    0.781906104545E-01    0.100000000000E+01    0.515077724218E+00    0.443361456505E+00    0.515945665875E-02    0.814330864624E+00    0.830292973189E+00    0.187556050010E+00    0.682236017693E+00
    0.163262192571E+00    0.447902566391E+00    0.651864485915E+00    0.688664444481E+00    0.100000000000E+01    0.475399941363E+00    0.772433516023E+00    0.645462653542E+00    0.716444974615E+00    0.366306482867E+00    0.175845681624E+01
    0.275560484522E+00    0.440062764055E+00    0.969771727252E+00    0.805554755701E+00    0.390166384526E+00    0.100000000000E+01    0.270821156874E+00    0.680074593220E+00    0.381664179113E+00    0.475457541895E+00    0.165827822037E+01
    0.585129184576E+00    0.897864824565E+00    0.405780089000E+00    0.691016044071E+00    0.948538677848E+00    0.344176122609E+00    0.100000000000E+01    0.165651656118E+00    0.718969489784E+00    0.355922722183E+00    0.155378106290E+01
    0.151907605638E+00    0.378174911980E+00    0.268653652011E+00    0.335014659967E+00    0.507695640326E+00    0.702800746163E+00    0.192726889193E+00    0.100000000000E+01    0.439830052334E+00    0.621547913346E+00    0.970361772562E+00
    0.360858318831E+00    0.164139590815E+00    0.952603725234E+00    0.412565820081E+00    0.862876550535E+00    0.825833724080E+00    0.858031810970E+00    0.272051183895E+00    0.100000000000E+01    0.161182506975E+00    0.155944650603E+01
    0.232281022309E+00    0.256020420909E+00    0.933420139594E+00    0.921607617285E+00    0.283360373697E-01    0.255486335874E+00    0.409524780617E+00    0.517943948574E+00    0.943264195945E+00    0.100000000000E+01    0.208233034409E+01
    0.000000000000E+00    0.395555309223E+00    0.191787749121E+00    0.679596417823E+00    0.558937006923E-01    0.994090169042E+00    0.623685365871E+00    0.871126246529E-01    0.376803642583E-01    0.840975854740E+00    0.271920791372E+00
    0.802800230214E+00    0.000000000000E+00    0.423501428685E+00    0.809890913826E-01    0.561302237266E+00    0.797270777801E-01    0.491740215604E+00    0.441896476242E+00    0.105874081482E+00    0.195026065806E+00    0.316996457121E+00
    0.934334325278E+00    0.621440186549E+00    0.000000000000E+00    0.459850130647E+00    0.542763698771E+00    0.383007112591E+00    0.849814010881E+00    0.190874471757E+00    0.542758694114E+00    0.133574766837E-02    0.951448043564E+00
    0.642531870563E-01    0.859914015391E+00    0.405222788785E+00    0.000000000000E+00    0.434098696019E+00    0.754467552101E+00    0.477005561618E+00    0.296479506263E+00    0.645436455527E+00    0.104381239109E+00    0.591559427026E+00
    0.557021196639E+00    0.623136791928E+00    0.757748728510E+00    0.496243592358E+00    0.000000000000E+00    0.881874025656E+00    0.545231003030E+00    0.550779862001E+00    0.678420795328E-01    0.476416296086E+00    0.105575168151E+01
    0.566582293057E+00    0.635815272801E+00    0.664976919972E+00    0.817435021283E-01    0.721407563666E+00    0.000000000000E+00    0.885277238538E+00    0.164005120393E+00    0.383123120187E+00    0.799323039249E+00    0.866028354418E+00
    0.341338142712E+00    0.424811385065E-01    0.423680638410E+00    0.690222437792E-01    0.880325059911E+00    0.473194422166E+00    0.000000000000E+00    0.656212772336E+00    0.962694795483E+00    0.190076205270E+00    0.643294102828E+00
    0.854456669632E+00    0.805521884008E+00    0.691003205911E-01    0.186683357148E-01    0.257442881754E+00    0.838154659109E+00    0.250410700070E+00    0.000000000000E+00    0.603689751235E+00    0.701567577753E+00    0.132887964159E+01
    0.287290102009E+00    0.100258712813E+00    0.323645202558E+00    0.153344504367E+00    0.824896131934E+00    0.509599782682E-02    0.748591914398E+00    0.762892935187E+00    0.000000000000E+00    0.826453691195E+00    0.653731700737E+00
    0.645173408998E+00    0.488557639695E-01    0.345691874109E+00    0.718438233042E-01    0.766241132398E+00    0.317877567205E+00    0.442880181444E+00    0.332156628128E+00    0.463924997139E+00    0.000000000000E+00    0.447032720503E+00
    0.100000000000E+01    0.933372186607E+00    0.898908542936E+00    0.937139337031E+00    0.240752630977E+00    0.750966541288E+00    0.166073567099E+00    0.394234335039E+00    0.778126294260E+00    0.584600223080E+00    0.247693662068E+01
    0.599995026850E+00    0.100000000000E+01    0.933061639859E+00    0.122331219575E+00    0.746720856528E+00    0.966837463898E+00    0.460385551596E+00    0.404766342945E+00    0.978207272556E+00    0.812581106914E+00    0.241731661875E+01
    0.824584491222E+00    0.295286493266E-01    0.100000000000E+01    0.519394065333E+00    0.224144690212E+00    0.843633892078E-01    0.155860727343E+00    0.787495272637E+00    0.715955947599E+00    0.331784555544E+00    0.922935249189E+00
    0.823021302190E+00    0.374652409485E+00    0.661035928465E+00    0.100000000000E+01    0.512347135781E+00    0.241102008414E+00    0.978855189145E+00    0.231100400382E+00    0.977489533142E-01    0.655402269638E+00    0.138318947781E+01
    0.149084322653E+00    0.237697011855E+00    0.153820739797E+00    0.659176898342E+00    0.100000000000E+01    0.948888328567E+00    0.223438802434E+00    0.943904689529E+00    0.289324095684E+00    0.865073824426E+00    0.154691194013E+01
    0.330492563817E+00    0.576151511427E+00    0.465594119825E+00    0.267558961697E+00    0.955576851916E+00    0.100000000000E+01    0.230258422682E+00    0.291157699258E+00    0.104221748891E+00    0.350863266073E+00    0.137417361714E+01
    0.836307883080E+00    0.685524057838E+00    0.518366833886E+00    0.776202800384E+00    0.238977648034E+00    0.223589121266E-01    0.100000000000E+01    0.751393914926E+00    0.834147047588E+00    0.324698917283E+00    0.200325080007E+01
    0.634242054914E+00    0.250621350405E+00    0.733074711991E+00    0.921004479111E+00    0.155436182059E+00    0.919119821848E-01    0.749847887065E-01    0.100000000000E+01    0.926252703246E+00    0.408100574107E+00    0.130139518982E+01
    0.438581019764E+00    0.555312077257E+00    0.732243150892E+00    0.465215478598E+00    0.801272987358E+00    0.878134024461E+00    0.414771317733E+00    0.751442046056E+00    0.100000000000E+01    0.945055662294E+00    0.254455752804E+01
    0.515418217127E+00    0.481366478995E+00    0.533199608444E-01    0.292671969759E+00    0.160711573089E-02    0.497814794633E+00    0.912039411816E+00    0.467568483688E+00    0.608011650675E+00    0.100000000000E+01    0.129896289186E+01
    0.000000000000E+00    0.319382836084E-01    0.476042664676E+00    0.654180267598E+00    0.202132721857E+00    0.230221541511E+00    0.544791631803E+00    0.859288235883E+00    0.448801253426E+00    0.188849005162E+00    0.910841735022E+00
    0.301006070300E+00    0.000000000000E+00    0.439850547174E+00    0.398446830541E+00    0.799824398104E+00    0.184188037968E+00    0.315657798157E+00    0.958353659589E+00    0.124538453716E+00    0.173713314207E+00    0.646720936622E+00
    0.804356735857E+00    0.832494070310E+00    0.000000000000E+00    0.150604248037E+00    0.230522325551E-02    0.355544216551E+00    0.791464018087E+00    0.493900171702E+00    0.917149558085E+00    0.806913380625E+00    0.180140628669E+01
    0.283547502779E+00    0.846470578471E+00    0.847768850108E+00    0.000000000000E+00    0.979387631588E+00    0.965838808328E+00    0.833797764727E+00    0.119913671766E+00    0.778052416416E+00    0.247228086351E-01    0.130516459416E+01
    0.941869092042E+00    0.274201832772E+00    0.581897536432E+00    0.554371396690E+00    0.000000000000E+00    0.919169903905E+00    0.652825696739E+00    0.339943390510E+00    0.804135320095E+00    0.881698674770E+00    0.151177840810E+01
    0.229779712618E+00    0.572127251794E+00    0.256032187103E-02    0.388930120660E+00    0.273141270779E+00    0.000000000000E+00    0.879310361218E+00    0.459279133747E+00    0.825415589273E+00    0.330277931727E+00    0.808924476427E+00
    0.590119411869E+00    0.298991404840E+00    0.124887644637E-02    0.999960315513E+00    0.528393072361E+00    0.992680827307E-02    0.000000000000E+00    0.955215782990E+00    0.486728481420E+00    0.114683957320E+00    0.238754663975E+00
    0.989251250648E+00    0.733269300305E+00    0.597682603849E+00    0.878420760567E+00    0.316655679803E+00    0.622002263473E+00    0.656489233713E+00    0.000000000000E+00    0.204989200194E+00    0.714422463743E+00    0.159381381886E+01
    0.720032748950E+00    0.617076913822E+00    0.993236590815E+00    0.454000614596E+00    0.385578231140E+00    0.615901926779E+00    0.656189778343E-01    0.368011922748E+00    0.000000000000E+00    0.923700361140E+00    0.115687255093E+01
    0.830879975426E+00    0.363508001555E+00    0.481045502887E+00    0.836334035893E+00    0.820511692965E+00    0.160783083683E+00    0.511441892339E+00    0.567952093135E+00    0.946771304147E+00    0.000000000000E+00    0.112674513974E+01
    0.100000000000E+01    0.108507913675E+00    0.726369217585E+00    0.591920826605E-01    0.372507987328E+00    0.620987454219E+00    0.967749899844E+00    0.784076630263E+00    0.438617021288E+00    0.542174888566E-01    0.116539680104E+01
    0.836923022575E+00    0.100000000000E+01    0.389181678245E+00    0.961272001115E+00    0.764491814166E+00    0.781078915791E+00    0.372159034291E+00    0.774987378799E+00    0.756001036297E+00    0.755070791596E+00    0.266741376596E+01
    0.372410256316E+00    0.477579266605E+00    0.100000000000E+01    0.332743998937E+00    0.481857762679E+00    0.325838974978E+00    0.822103750438E+00    0.684305145341E+00    0.639769964990E+00    0.877515632780E+00    0.179158542759E+01
    0.156857872632E+00    0.285963811045E+00    0.418286224881E+00    0.100000000000E+01    0.246553522633E+00    0.445584660747E+00    0.281559946510E+00    0.717982578476E-01    0.142490264855E+00    0.107551755298E+00    0.608542959407E+00
    0.165612898008E+00    0.600395059208E+00    0.674141488159E+00    0.471722015840E+00    0.100000000000E+01    0.808378205298E+00    0.819122185172E+00    0.223131816470E+00    0.892307890441E+00    0.256885698661E+00    0.163781210970E+01
    0.417405987499E+00    0.314117844913E+00    0.871398065336E+00    0.741615424842E+00    0.693486553180E+00    0.100000000000E+01    0.140884010337E+00    0.995902055007E+00    0.929735214345E+00    0.876830154296E+00    0.242637001572E+01
    0.163490775983E+00    0.295467990409E+00    0.632762548193E+00    0.220848783812E+00    0.969807984690E+00    0.718316381845E+00    0.100000000000E+01    0.306200805239E+00    0.733521825481E+00    0.559996673293E+00    0.160165068018E+01
    0.224154154448E+00    0.365594119060E+00    0.426995002876E-02    0.895431836040E+00    0.215762689385E+00    0.169418366623E+00    0.635987010639E+00    0.100000000000E+01    0.160157773906E+00    0.459569589720E+00    0.831917705320E+00
    0.377511772960E-02    0.551809003963E+00    0.654267077388E+00    0.881279277539E+00    0.649740195523E+00    0.193197810113E+00    0.986808842201E+00    0.210251128064E+00    0.100000000000E+01    0.791287466972E+00    0.170296868338E+01
    0.532283343999E+00    0.394815621588E+00    0.683965710021E+00    0.250899785107E+00    0.697407949811E+00    0.304980543552E+00    0.441547783791E+00    0.997502080493E+00    0.364664066409E+00    0.100000000000E+01    0.139956538397E+01
    0.000000000000E+00    0.838575886099E+00    0.947963477902E+00    0.624203190382E-01    0.782131153299E+00    0.227814284682E+00    0.903055039759E+00    0.727271081284E+00    0.254463988717E+00    0.806729580611E+00    0.109940227407E+01
    0.371728126520E+00    0.000000000000E+00    0.826510511731E+00    0.319806832347E+00    0.666035557901E+00    0.378621645505E+00    0.775056653888E+00    0.244855744743E+00    0.120319418230E+00    0.522507714257E+00    0.769144085961E+00
    0.968811939437E+00    0.134869686882E+00    0.000000000000E+00    0.195044394817E+00    0.777072326693E+00    0.327467144224E+00    0.529354190208E+00    0.719048779968E+00    0.569910517177E+00    0.665419246361E+00    0.114498993007E+01
    0.227238102663E+00    0.639713095079E+00    0.561515258080E+00    0.000000000000E+00    0.979154491110E+00    0.108640862145E+00    0.492907108166E+00    0.480192218743E+00    0.380148788963E+00    0.450714092374E+00    0.659771952350E+00
    0.736220147367E+00    0.245847505200E+00    0.803425648892E+00    0.814965916697E+00    0.000000000000E+00    0.885474319029E+00    0.732513576557E+00    0.747217836445E+00    0.711849165223E+00    0.473943756492E+00    0.172048608422E+01
    0.643965475536E+00    0.629567951013E+00    0.387187247337E+00    0.622074691510E+00    0.423404082620E+00    0.000000000000E+00    0.796759885100E-01    0.735872568725E+00    0.991252481798E+00    0.415210798438E+00    0.111648952115E+01
    0.110037474439E+00    0.930835329468E+00    0.974237667497E+00    0.568204872569E+00    0.504446763941E+00    0.411846353722E+00    0.000000000000E+00    0.569284056538E+00    0.837038643816E+00    0.267900291282E+00    0.108799081535E+01
    0.386763346780E+00    0.757404422127E+00    0.399206298205E+00    0.827767909701E+00    0.441674343930E+00    0.109858105487E+00    0.787722004265E+00    0.000000000000E+00    0.945633014651E+00    0.297451585264E+00    0.953187978125E+00
    0.831723171928E+00    0.745710588317E+00    0.630552930147E-01    0.861844805997E+00    0.538339590255E+00    0.229325423035E+00    0.738038971248E+00    0.135579262520E+00    0.000000000000E+00    0.343741157306E-02    0.898086386335E+00
    0.498532719476E+00    0.895731519877E+00    0.811863676175E+00    0.950661835225E-01    0.977633543629E+00    0.590790140718E+00    0.394376306052E+00    0.928712807984E-02    0.465616723715E+00    0.000000000000E+00    0.110497113384E+01
    0.100000000000E+01    0.207013108786E+00    0.978724012869E+00    0.145628433298E+00    0.299098150861E+00    0.376797700336E+00    0.300424059968E+00    0.908755738918E+00    0.180992566911E+00    0.109725852718E+00    0.755114301176E+00
    0.827576118681E+00    0.100000000000E+01    0.449283435489E+00    0.659610637502E+00    0.394702041572E-01    0.651042479913E+00    0.252168993238E+00    0.504544513629E+00    0.357402343965E+00    0.159583281144E+00    0.133389095236E+01
    0.917814507588E+00    0.823728168278E+00    0.100000000000E+01    0.460950741865E+00    0.947500399165E+00    0.836371591520E+00    0.152775664505E+00    0.710490204263E-01    0.399347202700E+00    0.719058825362E+00    0.230745151363E+01
    0.783095414161E+00    0.928549891486E+00    0.406201159044E+00    0.100000000000E+01    0.545780961315E+00    0.337623160955E+00    0.354818163280E+00    0.706360849820E+00    0.351297448177E+00    0.355425549712E+00    0.169310236221E+01
    0.607282666697E+00    0.360629254631E+00    0.139221268429E+00    0.923852604607E+00    0.100000000000E+01    0.776951578393E+00    0.990517080778E+00    0.109711617501E+00    0.973078027467E+00    0.617493802933E-01    0.129333360156E+01
    0.454104911049E+00    0.937729615525E+00    0.516509744029E+00    0.134741547351E+00    0.818079840091E+00    0.100000000000E+01    0.603805701316E+00    0.553067242257E-01    0.916550056217E+00    0.754498600462E+00    0.203843303595E+01
    0.523961251279E+00    0.192087262490E+00    0.692016082239E+00    0.962362594147E+00    0.925911588060E+00    0.292815485663E+00    0.100000000000E+01    0.288708479030E+00    0.658816348794E+00    0.434734883629E+00    0.161285685360E+01
    0.910588641849E+00    0.438956203900E+00    0.111593903867E+00    0.500339403296E+00    0.414992546036E+00    0.657439158222E+00    0.844698933604E+00    0.100000000000E+01    0.868180540658E+00    0.848890820834E+00    0.231006513634E+01
    0.572838756787E+00    0.923170142592E+00    0.566217521669E+00    0.365362077310E-01    0.447404971987E+00    0.529690452146E+00    0.696750055610E+00    0.374041044446E+00    0.100000000000E+01    0.884258944585E+00    0.193137328278E+01
    0.318834311206E-01    0.572815535956E+00    0.428563376138E+00    0.611772272601E+00    0.848319997740E+00    0.775453698722E+00    0.382895825392E+00    0.506580945620E+00    0.137097034765E+00    0.100000000000E+01    0.126934415927E+01
    0.000000000000E+00    0.445918156181E+00    0.248284981551E+00    0.746261287272E+00    0.757868472103E+00    0.254485237453E+00    0.407932072439E+00    0.209975920862E+00    0.907574915632E+00    0.634637448292E+00    0.103978874917E+01
    0.134595924078E+00    0.000000000000E+00    0.921281959195E+00    0.767766399694E+00    0.390350062514E+00    0.210810376990E+00    0.398022422470E+00    0.426893025300E+00    0.358829682987E+00    0.544484923086E+00    0.115490952516E+01
    0.513147392340E+00    0.359003424010E+00    0.000000000000E+00    0.477433157407E+00    0.685557593147E+00    0.304501821805E+00    0.156686756196E+00    0.750216337560E+00    0.308000567098E+00    0.966321133368E+00    0.808151628392E+00
    0.258996990011E+00    0.818777677413E+00    0.671742553655E+00    0.000000000000E+00    0.835611728232E+00    0.475204681117E+00    0.590645050270E+00    0.369801860809E+00    0.892241670682E+00    0.836633155161E+00    0.157404816157E+01
    0.258626092574E+00    0.814019778753E+00    0.894261004441E+00    0.148402723053E+00    0.000000000000E+00    0.585910787198E+00    0.980323097070E-01    0.849283927767E-01    0.815468697592E+00    0.543944504426E+00    0.795132965926E+00
    0.478909448760E+00    0.572451127915E+00    0.573682686573E-01    0.987781302130E+00    0.876744436958E+00    0.000000000000E+00    0.156571684541E+00    0.862116378780E-02    0.581381023395E+00    0.297190091970E+00    0.504950067176E+00
    0.247163209726E+00    0.582286787165E+00    0.809455897417E+00    0.239974436557E+00    0.231978074357E+00    0.474404091638E+00    0.000000000000E+00    0.316425254211E+00    0.727058049755E+00    0.978017956626E+00    0.115929577001E+01
    0.646375200045E+00    0.604595681258E+00    0.896700410406E+00    0.385944467004E+00    0.755027090189E-01    0.967843692272E+00    0.774056607082E+00    0.000000000000E+00    0.279204681415E+00    0.606610818848E+00    0.979315617469E+00
    0.322439750937E+00    0.704160303634E+00    0.356256698740E+00    0.919101506427E+00    0.420136464256E+00    0.353848960362E+00    0.899787503366E+00    0.637278863540E+00    0.000000000000E+00    0.194512641006E+00    0.127656575007E+01
    0.116451470310E+00    0.289849079930E+00    0.498407190730E+00    0.654526978829E+00    0.798832517622E+00    0.787194767354E+00    0.452777499756E+00    0.425929306339E+00    0.358363726605E+00    0.000000000000E+00    0.118166228856E+01
    0.100000000000E+01    0.807157063383E+00    0.270776276572E+00    0.653114180721E+00    0.887307447612E+00    0.239530040962E+00    0.998143119750E+00    0.205346946115E+00    0.535748379023E+00    0.600305366521E+00    0.172311994715E+01
    0.240750976531E+00    0.100000000000E+01    0.981327805085E+00    0.360728192238E+00    0.536694914136E-01    0.280696341008E+00    0.186640831741E+00    0.686924382509E+00    0.991621210647E-01    0.274044409315E+00    0.765191374505E+00
    0.864886117841E+00    0.802392229377E+00    0.100000000000E+01    0.896464718590E+00    0.747274176550E+00    0.373411831172E+00    0.934538165549E+00    0.870015726836E+00    0.724636017989E+00    0.902662160661E-01    0.274795669022E+01
    0.594473489414E+00    0.455265285868E+00    0.798401917746E+00    0.100000000000E+01    0.964074893171E+00    0.320801861620E+00    0.250845788212E-01    0.479439701239E+00    0.169849428813E+00    0.605806474983E+00    0.149324450804E+01
    0.688513321543E+00    0.798970798843E+00    0.258093257292E+00    0.778099835740E+00    0.100000000000E+01    0.955256702255E+00    0.572552528730E+00    0.788083537803E+00    0.426454804711E+00    0.784286733976E+00    0.249186313028E+01
    0.410566000158E+00    0.720532681012E+00    0.741268844975E+00    0.984066928285E+00    0.397583124693E+00    0.100000000000E+01    0.481997767149E-01    0.122152073392E+00    0.230781374670E+00    0.647894147081E+00    0.157827710540E+01
    0.165121303281E-01    0.889399943614E+00    0.390977053642E+00    0.956396177792E-01    0.399066092131E+00    0.580180461128E+00    0.100000000000E+01    0.358229780213E+00    0.125952988265E+00    0.640323701116E+00    0.722489596931E+00
    0.946352176182E+00    0.463558644325E+00    0.319325473002E+00    0.867332527999E+00    0.693909273867E-01    0.296851802751E+00    0.794342598083E+00    0.100000000000E+01    0.217016840187E+00    0.960161929434E+00    0.173896382956E+01
    0.760111533083E+00    0.638525530330E+00    0.818005422785E+00    0.148350932705E+00    0.241297007947E+00    0.798289784778E+00    0.678020427991E+00    0.870200886690E+00    0.100000000000E+01    0.574683440114E+00    0.196402484149E+01
    0.118551368671E+00    0.614297037855E+00    0.553331452107E+00    0.968977620955E-01    0.784502579432E+00    0.609929638721E+00    0.540467676630E+00    0.547209129470E+00    0.654119743238E+00    0.100000000000E+01    0.155480229894E+01
    0.000000000000E+00    0.866542373234E+00    0.733517415295E+00    0.887768703690E+00    0.949686908756E+00    0.942808214924E+00    0.169321096476E+00    0.912462398243E+00    0.492716620569E+00    0.874025522262E+00    0.213171245948E+01
    0.376464568841E+00    0.000000000000E+00    0.413169745444E+00    0.600076364290E+00    0.995157029133E+00    0.767806984587E+00    0.535647044541E+00    0.779583298358E+00    0.729041486351E+00    0.760335575806E+00    0.198391958446E+01
    0.297803792521E+00    0.496613177368E+00    0.000000000000E+00    0.412681389920E-01    0.372829448969E+00    0.189751318336E+00    0.661990443627E+00    0.789606183355E+00    0.791283814704E+00    0.394021994835E+00    0.105313314185E+01
    0.833635314349E+00    0.600384509752E-01    0.992513422882E+00    0.000000000000E+00    0.107962932487E-01    0.644226138212E+00    0.403413717221E+00    0.182704424814E+00    0.762514950767E+00    0.153553974760E+00    0.247798099929E+00
    0.983479957170E+00    0.559335415693E+00    0.939390337354E+00    0.885770213088E+00    0.000000000000E+00    0.710828710418E-02    0.229392600496E+00    0.204316095869E-01    0.219226056040E+00    0.136111110980E+00    0.141670511206E+01
    0.238114166949E+00    0.829785229442E+00    0.704388536938E+00    0.830530962248E+00    0.947753106574E+00    0.000000000000E+00    0.707990812780E+00    0.655669935491E+00    0.881924968172E+00    0.549471454214E+00    0.173140099335E+01
    0.243928220586E+00    0.219735361180E+00    0.564584175216E+00    0.546835491639E+00    0.122738465985E+00    0.744985521969E+00    0.000000000000E+00    0.879845283527E+00    0.443578091442E+00    0.664726272802E+00    0.748630712247E+00
    0.348352829158E+00    0.111318169335E+00    0.242960110496E-01    0.284385814731E+00    0.442812095314E+00    0.467171694862E+00    0.906900167747E+00    0.000000000000E+00    0.910397307884E+00    0.542283268376E+00    0.746249944834E+00
    0.790969088252E+00    0.394742540071E+00    0.623567307355E+00    0.862614829621E+00    0.156437548253E+00    0.461977519272E+00    0.540352600171E+00    0.812107749178E+00    0.000000000000E+00    0.502363556369E+00    0.136122271795E+01
    0.297973081283E-01    0.206065754118E+00    0.754725097937E+00    0.719117708347E+00    0.770224949912E+00    0.278925809658E-02    0.151457723098E+00    0.993759508743E+00    0.745230797121E+00    0.000000000000E+00    0.701537296309E+00
    0.100000000000E+01    0.556410908523E+00    0.937622779609E+00    0.516396303734E-01    0.134575388725E+00    0.894789809709E+00    0.875186303913E+00    0.987838916160E+00    0.257986434271E+00    0.635998336010E+00    0.175386812157E+01
    0.664847880163E+00    0.100000000000E+01    0.404922999970E+00    0.137530023399E+00    0.714115436186E+00    0.279862803924E+00    0.852531796611E+00    0.313923555017E+00    0.166767861237E+00    0.693138517147E+00    0.130361433852E+01
    0.958990098943E+00    0.428611547060E-01    0.100000000000E+01    0.355162741739E+00    0.774521894182E+00    0.962195043104E+00    0.370964882442E+00    0.274473309273E+00    0.759846427055E+00    0.297782651854E+00    0.146959633505E+01
    0.851548747378E+00    0.382777429712E+00    0.671738950107E+00    0.100000000000E+01    0.530470260226E+00    0.169544300631E+00    0.197260970997E+00    0.735539657379E+00    0.642430003251E+00    0.116957783646E+00    0.130786125653E+01
    0.174943347548E+00    0.506035136364E+00    0.419099560159E+00    0.741931261546E+00    0.100000000000E+01    0.562391576833E+00    0.438700234404E+00    0.955525577197E+00    0.878690500209E+00    0.883880342043E-01    0.145871714363E+01
    0.198084425137E+00    0.694111990279E-02    0.763575785562E+00    0.667535033015E+00    0.815535497253E+00    0.100000000000E+01    0.480418448797E+00    0.538037360474E-02    0.329488999888E+00    0.761933586756E-01    0.135431371651E+01
    0.134131300316E+00    0.343851244720E+00    0.731188982475E+00    0.266662768393E+00    0.219939115404E-01    0.740442692147E+00    0.100000000000E+01    0.601506370649E-01    0.780461020783E+00    0.999080876847E+00    0.109728164198E+01
    0.295553498994E+00    0.776115021215E+00    0.107358527532E+00    0.784623148039E+00    0.759244590101E+00    0.897911316181E+00    0.863110482669E+00    0.100000000000E+01    0.551876231656E+00    0.580748657971E-01    0.189051442594E+01
    0.193153658484E+00    0.788460925193E+00    0.940902358811E+00    0.855700615387E+00    0.138647222392E+00    0.333349460308E+00    0.722553542926E+00    0.744184346044E+00    0.100000000000E+01    0.213723900618E+00    0.175507975293E+01
    0.242380395519E+00    0.777119396411E+00    0.425875851928E+00    0.957793517536E+00    0.703712015272E+00    0.874114266404E+00    0.834000351273E+00    0.147102630038E+00    0.503373949669E+00    0.100000000000E+01    0.183744194370E+01
    0.000000000000E+00    0.508380299394E+00    0.870793135438E+00    0.417781859389E+00    0.595222510888E+00    0.809633523126E+00    0.924296497467E+00    0.685512122000E+00    0.672437949553E-01    0.964206340276E+00    0.154416702058E+01
    0.492074396553E+00    0.000000000000E+00    0.845148472873E+00    0.117933577664E+00    0.463964531352E+00    0.643776885653E-01    0.520951550926E+00    0.959648629501E+00    0.912310191821E+00    0.570287244779E+00    0.114974965473E+01
    0.998049052438E+00    0.167464587135E+00    0.000000000000E+00    0.341852449768E+00    0.772260912150E+00    0.598177886318E+00    0.106981801280E+00    0.787014726274E-01    0.613755690361E+00    0.873383503668E+00    0.117355099317E+01
    0.707611671010E+00    0.937294185263E-01    0.468892746144E-01    0.000000000000E+00    0.789534651147E+00    0.727101249348E+00    0.734801076331E+00    0.826082118514E+00    0.908134638601E+00    0.495303119435E+00    0.169720361091E+01
    0.150447455350E+00    0.638715041506E+00    0.336229973198E+00    0.534045997606E+00    0.000000000000E+00    0.483415656788E+00    0.499871513787E+00    0.619156867765E+00    0.874049686126E+00    0.303209620808E+00    0.850174478808E+00
    0.428938936719E-01    0.465088122492E+00    0.199947484759E+00    0.686304241495E+00    0.557693714433E+00    0.000000000000E+00    0.379825468309E+00    0.209564384615E+00    0.664856950637E+00    0.892833458023E+00    0.830378668196E+00
    0.396369699396E+00    0.547613768562E+00    0.172079964435E+00    0.528771030223E+00    0.978493355813E+00    0.379337170758E+00    0.000000000000E+00    0.454607260480E+00    0.197689982751E+00    0.425854741824E+00    0.763414522670E+00
    0.328790696989E+00    0.865565933417E+00    0.494786396094E+00    0.258491701618E+00    0.408223285799E+00    0.828930696478E+00    0.317898965366E+00    0.000000000000E+00    0.310990748077E+00    0.324724657437E+00    0.851863380753E+00
    0.965278552492E+00    0.395703893184E+00    0.658958376790E+00    0.698483801284E+00    0.535055010778E+00    0.222948532507E+00    0.495886191782E+00    0.213323820023E+00    0.000000000000E+00    0.786654645808E+00    0.106731029933E+01
    0.973305336074E+00    0.697750741602E+00    0.970362955101E+00    0.866478035760E+00    0.907924212578E+00    0.106376321177E-01    0.502578694464E+00    0.319392047779E+00    0.655046702168E+00    0.000000000000E+00    0.169010050952E+01
    0.100000000000E+01    0.486229166413E+00    0.553577664560E+00    0.943287086451E+00    0.909665471503E+00    0.511052411064E+00    0.657465983299E+00    0.124247736636E+00    0.657706968003E+00    0.586215233348E+00    0.194054506528E+01
    0.459452579207E+00    0.100000000000E+01    0.148825284142E+00    0.879607223171E+00    0.494344025867E+00    0.242245599235E+00    0.644171253706E+00    0.306304966077E+00    0.712111582208E+00    0.596327574201E+00    0.133207766530E+01
    0.492230377653E-01    0.802289185883E+00    0.100000000000E+01    0.401469526535E-01    0.707939239379E+00    0.850562382442E+00    0.254445374216E-01    0.831861844111E-01    0.920715746960E+00    0.336287122918E+00    0.993526033172E+00
    0.293616588364E+00    0.518168099680E+00    0.406741716228E+00    0.100000000000E+01    0.848337817660E+00    0.856184527521E+00    0.715583119424E+00    0.734136051684E+00    0.582729568329E+00    0.116214367722E+00    0.187827509373E+01
    0.155292966998E+00    0.727528037022E+00    0.772447429070E+00    0.219246517094E+00    0.100000000000E+01    0.654539810878E+00    0.262311118389E+00    0.523741059546E+00    0.539210949470E+00    0.265677830670E+00    0.121751570519E+01
    0.147990145481E+00    0.297582578166E+00    0.247588973656E+00    0.668714930080E+00    0.609173933739E+00    0.100000000000E+01    0.746332573116E+00    0.239952773411E+00    0.869096737003E+00    0.983303392094E+00    0.185245000634E+01
    0.634289848304E+00    0.989953725827E+00    0.981400667155E+00    0.905768407320E+00    0.226596818703E+00    0.487452728250E+00    0.100000000000E+01    0.712099162668E+00    0.852973123160E-01    0.332513102447E+00    0.236775619192E+01
    0.341128512235E+00    0.938685218545E+00    0.527682634994E+00    0.743956440122E+00    0.414468315448E+00    0.109342793631E+00    0.708120311018E+00    0.100000000000E+01    0.826984102541E+00    0.723674608411E+00    0.206469201777E+01
    0.269216210681E+00    0.984464251794E+00    0.855143634267E+00    0.313606276488E+00    0.885207785420E+00    0.310825880686E+00    0.569625081236E+00    0.291378434412E+00    0.100000000000E+01    0.414054174543E+00    0.138838827483E+01
    0.111562839317E+00    0.550446312796E+00    0.302132205783E+00    0.836624076387E+00    0.654140731261E+00    0.507521015075E+00    0.159549614845E+00    0.238360404383E+00    0.883519828160E+00    0.100000000000E+01    0.156772073796E+01
    0.000000000000E+00    0.750141506916E+00    0.672233578621E+00    0.191888043250E+00    0.311332448614E+00    0.301701228832E+00    0.778305290391E-01    0.492470360153E+00    0.737882155415E+00    0.761342290005E+00    0.823033086955E+00
    0.946336098642E-01    0.000000000000E+00    0.646987805269E+00    0.141872444337E+00    0.510045140240E+00    0.974511620349E+00    0.766786236139E+00    0.289505289717E+00    0.874587621550E+00    0.745962245158E+00    0.146323267466E+01
    0.896750229495E+00    0.505260963414E+00    0.000000000000E+00    0.176373040952E+00    0.178790760471E+00    0.940016707423E+00    0.663384113022E+00    0.151301562445E+00    0.204149870773E+00    0.269897910668E+00    0.776629863258E+00
    0.524256554767E+00    0.601450120356E-01    0.997511445644E+00    0.000000000000E+00    0.986436657287E+00    0.918701454169E+00    0.416742046979E+00    0.378957228847E-01    0.684933461576E+00    0.706537473466E+00    0.143749610685E+01
    0.802191826014E+00    0.451130108898E+00    0.431489492954E-01    0.146946902936E+00    0.000000000000E+00    0.509431347889E+00    0.590528840791E+00    0.663102082663E-01    0.543568385902E+00    0.606307433563E+00    0.736961133733E+00
    0.248402908990E+00    0.517627046809E+00    0.676992858223E+00    0.463707410094E+00    0.794146262680E-01    0.000000000000E+00    0.957487451304E+00    0.439828500059E+00    0.663658321912E+00    0.893020972620E+00    0.145629773879E+01
    0.863454801516E+00    0.375684983304E+00    0.985045624198E+00    0.907880614841E+00    0.766037539442E+00    0.952910989871E+00    0.000000000000E+00    0.988050336866E+00    0.772263534597E+00    0.488402216550E+00    0.232583164168E+01
    0.518143991158E-01    0.405911199062E+00    0.410447559350E+00    0.659385655708E+00    0.265439625556E+00    0.506509312355E-01    0.905400001456E+00    0.000000000000E+00    0.160339630266E+00    0.102202149822E+00    0.321507097065E+00
    0.422727440423E+00    0.521931191793E+00    0.493004848678E+00    0.534162651797E-01    0.470801029998E+00    0.611143519795E+00    0.800083049854E+00    0.317994601581E+00    0.000000000000E+00    0.288836183625E-01    0.789118203782E+00
    0.553238663103E+00    0.781529921392E+00    0.686740287614E+00    0.586700102754E+00    0.483500366492E+00    0.422063436751E+00    0.708471753663E+00    0.969152843766E-01    0.830686981731E-01    0.000000000000E+00    0.110801273403E+01
    0.100000000000E+01    0.763174368881E+00    0.106682436705E+00    0.542827111195E+00    0.894033528760E+00    0.271132297350E+00    0.558239016106E+00    0.654339593576E+00    0.491491668431E+00    0.526836372910E+00    0.168769943120E+01
    0.427433886418E-01    0.100000000000E+01    0.978715256734E+00    0.878061977219E+00    0.547407420161E+00    0.411967082660E+00    0.484120175261E+00    0.222631596730E+00    0.847806573562E-01    0.592415842348E+00    0.128563573218E+01
    0.570473746040E+00    0.761865846516E+00    0.100000000000E+01    0.254828773639E+00    0.563232183078E+00    0.967389520076E+00    0.364805922327E+00    0.160357680628E+00    0.280568799998E+00    0.464504054697E+00    0.142314292516E+01
    0.282350154377E+00    0.743223201463E-01    0.465732448751E+00    0.100000000000E+01    0.584734598229E-01    0.941805764097E+00    0.391143280587E+00    0.384894814615E+00    0.385296677912E+00    0.967002303345E+00    0.106491980431E+01
    0.588116894791E+00    0.393017164645E+00    0.689702007644E-01    0.593295574457E+00    0.100000000000E+01    0.497149439668E+00    0.647899276132E+00    0.645651374792E+00    0.805233048860E+00    0.167458571251E+00    0.132236942327E+01
    0.916299950191E-01    0.570385436845E+00    0.172762537501E+00    0.567986239273E+00    0.214632963933E+00    0.100000000000E+01    0.593399876796E+00    0.480699418538E+00    0.432472179845E+00    0.615507497345E+00    0.916460967457E+00
    0.713684626107E+00    0.539977470785E+00    0.346590210146E-01    0.988650963091E+00    0.116468507125E+00    0.674686219779E+00    0.100000000000E+01    0.857855507094E+00    0.312554635230E-01    0.891875284318E-01    0.135886209528E+01
    0.991319815106E+00    0.203615915027E-01    0.235196282191E+00    0.833494452534E-01    0.669547564242E+00    0.605458916183E+00    0.433011324134E+00    0.100000000000E+01    0.448557797339E+00    0.603209380255E+00    0.114875746642E+01
    0.802194849891E+00    0.449079444481E+00    0.633174493780E+00    0.335122457671E-01    0.848218929963E+00    0.857294253518E+00    0.688033872644E+00    0.846380629118E+00    0.100000000000E+01    0.171251229689E+00    0.186223130286E+01
    0.357061206583E+00    0.370861862967E+00    0.553937947375E+00    0.561365754646E+00    0.771566506636E+00    0.711040696009E+00    0.747502085366E+00    0.848592000150E+00    0.541364059856E-01    0.100000000000E+01    0.168045805974E+01
    0.000000000000E+00    0.141737481802E+00    0.535499392170E+00    0.838026793669E+00    0.151556850032E+00    0.500263746314E+00    0.466344202333E+00    0.589726372313E+00    0.120316533461E+00    0.520016887550E+00    0.862163340151E+00
    0.895342685882E+00    0.000000000000E+00    0.530081992114E+00    0.630171705981E+00    0.576576867151E+00    0.808752293936E+00    0.215340027585E+00    0.201864797806E+00    0.979078915565E+00    0.986940234793E+00    0.181011248316E+01
    0.281138061053E+00    0.407725996723E+00    0.000000000000E+00    0.317870857047E+00    0.827344545337E+00    0.127324301007E+00    0.275912380195E+00    0.333764452917E-01    0.120388858990E+00    0.665478508881E+00    0.309293534916E+00
    0.612626339717E+00    0.214941045452E+00    0.612257592711E+00    0.000000000000E+00    0.237712850542E+00    0.633588846541E+00    0.479216699749E+00    0.148656437135E+00    0.560864329676E+00    0.961991280529E+00    0.893075998621E+00
    0.528907055701E+00    0.426654964201E+00    0.176604422380E+00    0.258747734087E-01    0.000000000000E+00    0.236184653537E+00    0.122983919607E+00    0.823188220984E+00    0.439594675191E+00    0.593387331420E-01    0.357554325440E+00
    0.299192083639E+00    0.815330937949E+00    0.240860370442E+00    0.887625881964E+00    0.143247013734E-01    0.000000000000E+00    0.994878063848E+00    0.154049342984E+00    0.599697452303E-01    0.303665770893E+00    0.629205531925E+00
    0.781479657916E+00    0.545342708640E+00    0.524339655153E+00    0.457554972236E+00    0.822881396735E+00    0.487644263985E+00    0.000000000000E+00    0.465264079615E+00    0.320959803633E+00    0.891582986740E+00    0.135352414316E+01
    0.975668302257E+00    0.803111509962E+00    0.406314898014E+00    0.990108767044E+00    0.981551130184E+00    0.197120340169E+00    0.391935771504E-01    0.000000000000E+00    0.209362325443E+00    0.453345354120E+00    0.147426351639E+01
    0.257291257317E+00    0.508253292886E+00    0.890013141647E+00    0.808094421734E+00    0.975868556097E+00    0.632373173770E+00    0.739717224459E-01    0.246779158829E+00    0.000000000000E+00    0.738965147347E+00    0.148535155924E+01
    0.635949507817E+00    0.349126390941E+00    0.891545991221E+00    0.104672235334E+00    0.326010039950E+00    0.652560612531E+00    0.625845287082E+00    0.100019292376E+00    0.815029440919E+00    0.000000000000E+00    0.590684782401E+00
    0.100000000000E+01    0.932232073375E+00    0.447665353881E+00    0.124959116958E+00    0.212351337627E-01    0.650298809139E+00    0.597569213264E+00    0.570611367334E+00    0.549662029782E+00    0.842199807353E+00    0.180588616433E+01
    0.430322974674E+00    0.100000000000E+01    0.416699588812E+00    0.487505717390E+00    0.445527244070E+00    0.935533383715E+00    0.641290092293E+00    0.963883815893E+00    0.651908072302E+00    0.339066919082E+00    0.188944161969E+01
    0.616244475295E+00    0.534929185243E+00    0.100000000000E+01    0.328262970002E+00    0.229235366197E+00    0.604739662515E+00    0.470174173168E-01    0.514710726401E+00    0.696649115290E+00    0.963386240660E+00    0.149188038433E+01
    0.939257943669E+00    0.861846316400E-01    0.306649829780E+00    0.100000000000E+01    0.404078892090E-01    0.975029884007E+00    0.376799377522E+00    0.378840102448E+00    0.968161818135E+00    0.914626339398E+00    0.145525134365E+01
    0.118589414428E+00    0.573784343974E+00    0.900467751248E+00    0.271355779304E+00    0.100000000000E+01    0.386513894972E+00    0.248162571674E+00    0.934579828108E+00    0.516372471783E+00    0.371244776017E+00    0.112253408892E+01
    0.476359133834E+00    0.799357893420E+00    0.584513896687E+00    0.649545806452E+00    0.221464429381E+00    0.100000000000E+01    0.535989991404E+00    0.964047959704E+00    0.215783715224E+00    0.832601106708E+00    0.167829623126E+01
    0.838581066021E+00    0.342993624230E+00    0.211227370923E+00    0.659550269623E+00    0.417620064790E+00    0.920229250789E+00    0.100000000000E+01    0.560986731579E+00    0.656575856832E+00    0.907478700639E+00    0.196806456483E+01
    0.920027831757E+00    0.626998100136E-01    0.418957516261E+00    0.983454206248E-02    0.837183026264E+00    0.507375046462E+00    0.665266554604E+00    0.100000000000E+01    0.260965114503E+00    0.254691624921E+00    0.121830378609E+01
    0.302622792427E+00    0.765398396865E+00    0.649966945568E+00    0.906410804957E+00    0.320433787686E+00    0.115128467562E+00    0.546400333077E+00    0.999653057641E+00    0.100000000000E+01    0.808267430231E+00    0.221213330732E+01
    0.847914325065E+00    0.170004594810E+00    0.659098398335E+00    0.668672448589E+00    0.830024004554E+00    0.595099952687E+00    0.969708174976E+00    0.375749024825E+00    0.900559179219E+00    0.100000000000E+01    0.234374359731E+01
    0.000000000000E+00    0.601369927623E+00    0.256248924244E+00    0.711872922748E+00    0.945150937948E+00    0.941865124519E+00    0.397571332801E+00    0.285984893845E+00    0.145010530239E+00    0.896567802412E-01    0.119932194916E+01
    0.626759264745E+00    0.000000000000E+00    0.391103071909E+00    0.959827312617E+00    0.460542882945E+00    0.750999590924E+00    0.512197315583E+00    0.480554931085E+00    0.880967741739E+00    0.158166633772E+00    0.110673757503E+01
    0.658773574582E+00    0.378583109406E+00    0.000000000000E+00    0.671366389903E+00    0.448490256700E+00    0.290957551516E+00    0.677272367105E+00    0.669400612144E-01    0.741709023852E+00    0.540020601881E+00    0.825766982422E+00
    0.366711466297E+00    0.316351722377E+00    0.846554905920E+00    0.000000000000E+00    0.593162465983E+00    0.958674685675E+00    0.734771104850E+00    0.640876664862E+00    0.784409980235E+00    0.925444599512E+00    0.188148527973E+01
    0.595998372283E+00    0.791845793391E+00    0.242942091733E-01    0.775611992122E+00    0.000000000000E+00    0.773927682080E+00    0.308144716141E+00    0.127518139732E+00    0.595400532301E+00    0.979277369055E+00    0.111313799171E+01
    0.776838504002E+00    0.811037975215E+00    0.917675530716E+00    0.812976265563E+00    0.409084551966E+00    0.000000000000E+00    0.584013686944E-01    0.883584023950E+00    0.860990681787E+00    0.470573248208E+00    0.183285565147E+01
    0.241491622880E+00    0.189047221761E+00    0.118329918020E+00    0.706583052626E+00    0.596654309247E+00    0.219325173492E+00    0.000000000000E+00    0.755164018229E+00    0.684731393738E-01    0.969139707999E+00    0.326484583264E+00
    0.958614317410E+00    0.384985846954E+00    0.683550313191E+00    0.445393017803E+00    0.604683303414E+00    0.177270501120E+00    0.704583760968E+00    0.000000000000E+00    0.242674639226E-01    0.848516912665E+00    0.801285347484E+00
    0.906062535769E+00    0.247882389274E+00    0.342438175759E+00    0.799709477821E+00    0.492095841232E+00    0.646784404466E+00    0.910622936189E+00    0.496090116315E+00    0.000000000000E+00    0.534877291527E+00    0.126847895487E+01
    0.835630933370E+00    0.939708953512E+00    0.994357666654E+00    0.634742708458E+00    0.561857530582E+00    0.967542576598E+00    0.339356875731E+00    0.373572600716E-01    0.942437355224E-02    0.000000000000E+00    0.197270967431E+01
    0.100000000000E+01    0.643892957041E-01    0.558784281084E-01    0.141181939924E+00    0.284883453823E+00    0.733349313591E+00    0.510754701671E+00    0.434975471241E+00    0.232969498369E+00    0.284970410929E+00    0.569752586631E+00
    0.620690283641E+00    0.100000000000E+01    0.444599174324E+00    0.461051288859E+00    0.658669660406E+00    0.796185097465E-01    0.779167176637E-01    0.845904959264E+00    0.942770511593E+00    0.379318934431E-01    0.979786811234E+00
    0.304318219286E-01    0.131856247834E-01    0.100000000000E+01    0.763729581538E+00    0.111034031493E+00    0.138454393990E+00    0.264636061020E+00    0.650346954769E+00    0.300835600447E+00    0.576580447008E+00    0.112506517505E+01
    0.510759187769E+00    0.607856979768E+00    0.858695574805E+00    0.100000000000E+01    0.573186261336E+00    0.118750076924E+00    0.482613893495E+00    0.742462770690E+00    0.304318666111E+00    0.971032736812E+00    0.189105626045E+01
    0.665217875836E+00    0.396944491823E+00    0.951685414799E+00    0.408436727472E+00    0.100000000000E+01    0.315982333219E+00    0.150114020123E+00    0.693332343270E+00    0.986110613316E+00    0.212631272876E+00    0.128249704153E+01
    0.935633260932E-01    0.876150454290E+00    0.792304376089E+00    0.534980113085E+00    0.294579198838E+00    0.100000000000E+01    0.671447463945E-01    0.578495214152E+00    0.746118549198E+00    0.458529630584E+00    0.118138221140E+01
    0.355940941312E+00    0.207113336387E+00    0.907140801205E-01    0.917488395475E+00    0.560572852699E+00    0.887302200380E+00    0.100000000000E+01    0.370352436640E+00    0.952822331796E+00    0.936053701990E+00    0.191659206506E+01
    0.323486240787E+00    0.240088869262E+00    0.592102968629E+00    0.230808555343E+00    0.766747639528E+00    0.720410855438E+00    0.858265277133E+00    0.100000000000E+01    0.168844821042E+00    0.554957403455E+00    0.171866816008E+01
    0.571979262762E+00    0.939798496966E+00    0.785183612653E+00    0.471324086216E+00    0.726901069316E+00    0.710238014693E+00    0.833435117003E+00    0.904014898891E+00    0.100000000000E+01    0.701808461920E+00    0.287914019748E+01
    0.840071149685E-01    0.959146351529E+00    0.861286262216E+00    0.796947022294E+00    0.951805721677E+00    0.199584719973E+00    0.570422857791E+00    0.724323272649E+00    0.192392009843E+00    0.100000000000E+01    0.156250307926E+01
    0.000000000000E+00    0.174979256683E+00    0.941059591812E+00    0.729674680345E+00    0.247674330088E+00    0.169283310204E+00    0.533766116047E+00    0.781577788190E+00    0.231957214876E+00    0.110168671153E+00    0.117132864581E+01
    0.135668470783E+00    0.000000000000E+00    0.424273461204E-02    0.314468173460E+00    0.500704281047E-01    0.855528452875E+00    0.855026711941E+00    0.589481318749E+00    0.207370389486E+00    0.108673419714E+00    0.570728803989E+00
    0.707242833832E+00    0.998358043021E+00    0.000000000000E+00    0.384811459228E+00    0.432194119232E+00    0.630816985368E+00    0.347620879941E+00    0.992381874272E+00    0.934465468742E+00    0.612834391730E-01    0.138095688100E+01
    0.123341639740E+00    0.972162233307E+00    0.869677296386E+00    0.000000000000E+00    0.545877963705E+00    0.652501105195E+00    0.348819355152E+00    0.116181934535E+00    0.709625816741E+00    0.257767915731E+00    0.699539333783E+00
    0.478508365401E+00    0.875386414045E+00    0.958096683784E+00    0.582969060392E-01    0.000000000000E+00    0.161137542633E+00    0.564490998506E+00    0.814674699513E+00    0.466867756491E+00    0.523671936120E+00    0.117909587097E+01
    0.665311230278E+00    0.299192228744E+00    0.799860019973E+00    0.541294025914E+00    0.155763560756E+00    0.000000000000E+00    0.293592114233E+00    0.963632921032E+00    0.570892373932E-01    0.473199983508E+00    0.941945052998E+00
    0.594842200987E+00    0.680270510957E-01    0.989582251632E+00    0.285974417785E+00    0.508391291329E+00    0.540800789190E+00    0.000000000000E+00    0.534012569737E+00    0.762303547304E+00    0.924404058576E+00    0.130307547362E+01
    0.456108973347E+00    0.307927433088E+00    0.428800350119E+00    0.356535878445E-01    0.235125612339E+00    0.678627528713E+00    0.825391629559E+00    0.000000000000E+00    0.697195960411E+00    0.686241068302E+00    0.793743950249E+00
    0.990526340792E-01    0.991556107594E+00    0.328790955227E+00    0.794437129108E+00    0.143160082020E-01    0.177022354677E+00    0.625980994901E+00    0.471636683010E+00    0.000000000000E+00    0.703528044081E+00    0.657189840385E+00
    0.966531358470E+00    0.261740422521E-01    0.926638483553E+00    0.940283555642E+00    0.772850811164E+00    0.746143212816E+00    0.651385645358E+00    0.570440786115E+00    0.319574286923E+00    0.000000000000E+00    0.184483528760E+01
    0.100000000000E+01    0.739988787168E+00    0.972757395045E-01    0.952687904858E+00    0.374183405938E+00    0.858503896216E+00    0.866986860531E+00    0.809204705452E+00    0.604040710018E+00    0.185437711185E-01    0.186667115931E+01
    0.197448517319E+00    0.100000000000E+01    0.865114253110E+00    0.898374634470E+00    0.630183355825E+00    0.591804901551E+00    0.711892385744E+00    0.815748644799E+00    0.260761693153E+00    0.469824673532E-01    0.194056729373E+01
    0.635878712923E+00    0.882386707475E+00    0.100000000000E+01    0.292377279559E+00    0.955716726009E+00    0.633380496683E+00    0.668242952376E+00    0.203720546038E+00    0.394187666674E+00    0.772790908643E+00    0.189956000227E+01
    0.727245547252E+00    0.892806883489E+00    0.286990871205E+00    0.100000000000E+01    0.637705598489E+00    0.849680097080E+00    0.885803208606E+00    0.554353726234E+00    0.852250342705E+00    0.645478669613E+00    0.251928418340E+01
    0.151707512871E+00    0.815838586178E-01    0.429246517508E+00    0.862939527395E+00    0.100000000000E+01    0.291049135256E+00    0.687727449748E+00    0.105216253397E+00    0.723815744207E+00    0.130360098096E+00    0.840556603531E+00
    0.578165888134E+00    0.902771535352E+00    0.723157779917E+00    0.599207567065E+00    0.809409900902E+00    0.100000000000E+01    0.451010876152E+00    0.646127301366E-01    0.927891304489E+00    0.102655947781E+00    0.188907782666E+01
    0.828154400243E-01    0.466328782790E+00    0.716833902093E+00    0.347043853652E+00    0.224294685911E+00    0.957964008192E+00    0.100000000000E+01    0.829317125231E+00    0.462411975739E+00    0.323999854037E+00    0.148139679736E+01
    0.259065025706E+00    0.938222775652E+00    0.141189362127E+00    0.545409671111E+00    0.716412892258E+00    0.803015470955E+00    0.421369161064E+00    0.100000000000E+01    0.687498840444E+00    0.985938470443E+00    0.199455810337E+01
    0.710557213961E+00    0.360705447934E+00    0.127709636790E-01    0.369984890117E-02    0.714838311511E+00    0.389778534312E+00    0.732351783165E+00    0.406795080449E+00    0.100000000000E+01    0.842580902371E+00    0.167547574303E+01
    0.217827197635E+00    0.241171866323E+00    0.258925298680E+00    0.954480208466E+00    0.132890620861E+00    0.677328892690E+00    0.128219307310E+00    0.742417354790E-01    0.264342446358E-01    0.100000000000E+01    0.425636990459E+00
    0.000000000000E+00    0.252490094482E+00    0.706353703634E+00    0.239710731303E+00    0.360935717144E+00    0.699391012119E+00    0.569741429165E+00    0.493599020467E+00    0.669181766953E+00    0.965024987077E+00    0.134875669674E+01
    0.699319411940E+00    0.000000000000E+00    0.925040370179E+00    0.314946306449E+00    0.832156856758E+00    0.684659814661E+00    0.806338498939E+00    0.502590337274E+00    0.210904944663E+00    0.283961269436E-01    0.127232922894E+01
    0.607515318728E+00    0.873823962966E-02    0.000000000000E+00    0.122227361720E-01    0.468615690994E+00    0.387635921733E+00    0.875262909668E+00    0.927756266863E+00    0.281274953942E+00    0.493359496388E+00    0.113776120897E+01
    0.162911087129E-01    0.516858115009E+00    0.419499316285E-01    0.000000000000E+00    0.956565826927E+00    0.168611857116E+00    0.498328548260E-01    0.401751893258E-01    0.891665499255E+00    0.882712657870E-01    0.250419018928E+00
    0.303707614510E+00    0.790833401506E+00    0.202077020522E+00    0.634615706671E-01    0.000000000000E+00    0.966983437235E+00    0.432337104419E+00    0.721388113038E+00    0.264646925590E+00    0.968610783415E+00    0.821228964841E+00
    0.939566674848E+00    0.753306056771E+00    0.430203015422E+00    0.246025868106E+00    0.268169202885E+00    0.000000000000E+00    0.193672449775E+00    0.534515422868E+00    0.736926223550E+00    0.481845288429E+00    0.127222767736E+01
    0.491235529666E+00    0.444387164037E+00    0.359847982275E+00    0.209924763047E+00    0.161980271065E+00    0.458030618261E+00    0.000000000000E+00    0.873894946346E-01    0.798959515669E+00    0.494550327953E+00    0.763157380511E+00
    0.715443598332E-01    0.197706669348E+00    0.919434028293E+00    0.832841841639E+00    0.709461359727E+00    0.553677538189E+00    0.466896005325E+00    0.000000000000E+00    0.465972495673E+00    0.380794053436E+00    0.135014030099E+01
    0.309045028306E+00    0.535059667037E+00    0.443021946755E+00    0.300683503786E+00    0.955621890734E+00    0.939503989649E+00    0.937976818034E+00    0.195118942555E+00    0.000000000000E+00    0.109264594405E+00    0.137939454497E+01
    0.479951933265E+00    0.998883083566E+00    0.427693167496E+00    0.653189153284E+00    0.811223891473E+00    0.703544777837E+00    0.405788105416E+00    0.796134713037E+00    0.386424371014E+00    0.000000000000E+00    0.165257473437E+01
    0.100000000000E+01    0.287485044462E+00    0.631141623013E+00    0.304459873600E+00    0.344186107400E+00    0.598876072884E+00    0.756045775877E+00    0.235012251027E+00    0.954705932756E+00    0.779536458630E-01    0.937869995423E+00
    0.401966963251E-01    0.100000000000E+01    0.844866572851E-01    0.550113136604E-02    0.454959127162E+00    0.399396033827E+00    0.809758777402E+00    0.439079556348E+00    0.473676512884E+00    0.652384363043E+00    0.886938014344E+00
    0.642638515740E+00    0.499329571715E+00    0.100000000000E+01    0.643814557739E+00    0.214795574011E+00    0.554969441950E+00    0.366269863359E+00    0.403617986650E+00    0.183412656243E-01    0.800841318123E+00    0.124642950057E+01
    0.385562571743E+00    0.114184089278E+00    0.306903357736E+00    0.100000000000E+01    0.573735994775E+00    0.138061525545E+00    0.512830656491E+00    0.456571211124E+00    0.773038168177E+00    0.319739171747E+00    0.911453633107E+00
    0.506250530595E+00    0.757066857757E+00    0.170165467655E+00    0.934451554408E+00    0.100000000000E+01    0.369439967305E+00    0.382841722174E-01    0.105388838214E+00    0.147110528908E+00    0.489540321935E+00    0.987768111610E+00
    0.407900746966E+00    0.792707719935E+00    0.157889685304E+00    0.234698177256E+00    0.930909268118E+00    0.100000000000E+01    0.194335672455E+00    0.315536099098E+00    0.645023877667E+00    0.627972025535E+00    0.175768863153E+01
    0.459147372068E+00    0.472070171409E+00    0.194626882197E+00    0.187553473100E-01    0.845768292826E+00    0.699942385660E+00    0.100000000000E+01    0.817136743972E-01    0.964652394740E-01    0.486138601534E+00    0.940998301013E+00
    0.896182274862E+00    0.313209536442E+00    0.967278226612E+00    0.553825231278E-01    0.144885574018E+00    0.156186570590E+00    0.996864487068E-01    0.100000000000E+01    0.185493810630E+00    0.658249538991E+00    0.578679988607E+00
    0.991425400577E+00    0.422219526202E+00    0.179579099854E+00    0.631106277216E-01    0.330451405268E+00    0.108171626422E+00    0.976245177930E+00    0.364292000720E+00    0.100000000000E+01    0.724208168278E+00    0.154552445591E+01
    0.496742824271E+00    0.296344483483E+00    0.866908737446E+00    0.142591035467E+00    0.919846827461E+00    0.915485495414E+00    0.144031055837E+00    0.368793415184E+00    0.950486528212E+00    0.100000000000E+01    0.211653107194E+01
    0.000000000000E+00    0.539091201623E+00    0.852340509460E+00    0.861588220398E+00    0.955248111613E+00    0.100225165886E+00    0.252036280142E+00    0.228406679083E+00    0.584120765487E-01    0.276741767321E+00    0.903838274219E+00
    0.337486689282E+00    0.000000000000E+00    0.678089034466E+00    0.276898756265E+00    0.824027883603E+00    0.817474984469E+00    0.870246365119E+00    0.472604743209E+00    0.940003282871E+00    0.533867721832E+00    0.177450416269E+01
    0.489720461372E+00    0.834444330331E+00    0.000000000000E+00    0.470852501230E-01    0.118206547993E+00    0.662818584171E+00    0.926995481886E+00    0.930622915891E+00    0.175085507608E+00    0.444618434593E+00    0.142752344190E+01
    0.806678596918E-01    0.656443493776E+00    0.292457110879E+00    0.000000000000E+00    0.809856632664E+00    0.112131578680E+00    0.595823587037E+00    0.787939953393E+00    0.579887385534E+00    0.973031325360E+00    0.117748619508E+01
    0.822981221486E+00    0.615722285475E-01    0.620941173944E+00    0.654855073059E+00    0.000000000000E+00    0.634886536700E+00    0.655876555968E+00    0.995350630655E+00    0.387670445250E-01    0.967936193901E-01    0.111387881186E+01
    0.922003716374E+00    0.886762320279E+00    0.233700294020E+00    0.750026183682E+00    0.356517675365E+00    0.000000000000E+00    0.394545602869E+00    0.844168686416E+00    0.824285075913E+00    0.691192940741E+00    0.189568256342E+01
    0.251853095678E+00    0.198018717707E+00    0.401542655928E+00    0.452617998093E-01    0.987490390008E+00    0.283558957097E+00    0.000000000000E+00    0.906183608653E+00    0.248121094052E+00    0.404618216552E+00    0.448452230063E+00
    0.564574154235E-02    0.724605888166E+00    0.246398921844E+00    0.182624157485E+00    0.483628043500E+00    0.343777638712E+00    0.292479174333E+00    0.000000000000E+00    0.746962439383E+00    0.714821659017E+00    0.749294770024E+00
    0.962861729046E+00    0.635323678714E+00    0.150584620872E+00    0.578551315224E+00    0.398059854344E+00    0.315008358233E+00    0.460066104353E+00    0.156259675733E+00    0.000000000000E+00    0.970891068175E+00    0.896131747726E+00
    0.468143405070E+00    0.158370251632E+00    0.387389666668E+00    0.355549977649E-01    0.497144239484E+00    0.535147953219E+00    0.436435866077E+00    0.269058108894E+00    0.416991956424E+00    0.000000000000E+00    0.471385958588E+00
    0.100000000000E+01    0.571942914349E+00    0.864450491407E+00    0.206660642197E+00    0.905427785433E+00    0.706097047851E+00    0.455985328753E+00    0.738432979405E+00    0.428866328461E+00    0.583517755220E+00    0.197687641654E+01
    0.193130025892E-01    0.100000000000E+01    0.503632998598E+00    0.362564902993E+00    0.727351001432E+00    0.923980104716E+00    0.301409499978E+00    0.826942123063E+00    0.968646677194E+00    0.552353310217E-01    0.117672223802E+01
    0.630667178569E+00    0.292221171892E+00    0.100000000000E+01    0.482539449984E+00    0.641434072601E+00    0.586608018399E+00    0.959548499787E+00    0.896618305096E+00    0.235070699578E-01    0.108142935493E+00    0.190599499533E+01
    0.161317608865E+00    0.982473512349E+00    0.257153182885E+00    0.100000000000E+01    0.928326955290E+00    0.494011207078E+00    0.319667493208E+00    0.299784431560E+00    0.824225593769E-02    0.842613521231E+00    0.977023754455E+00
    0.223767387588E+00    0.170734823704E+00    0.367116731647E+00    0.367683671723E+00    0.100000000000E+01    0.161813943157E-01    0.420160741646E+00    0.448421713255E+00    0.633582662278E+00    0.990363159312E+00    0.100525523434E+01
    0.433964552844E+00    0.900862036274E+00    0.613947951438E+00    0.621521775665E+00    0.315096987189E+00    0.100000000000E+01    0.643273504800E+00    0.563451273280E+00    0.597964759408E+00    0.461985597002E+00    0.172632558059E+01
    0.425821529492E+00    0.222256248096E+00    0.229490835638E+00    0.957240121524E+00    0.852572738869E+00    0.557094485830E+00    0.100000000000E+01    0.910872164249E+00    0.674616791032E+00    0.187840146423E+00    0.182687518355E+01
    0.760033722303E-01    0.383001608222E+00    0.825746249408E+00    0.242816699858E+00    0.940824275848E-01    0.552915902938E+00    0.767003739492E+00    0.100000000000E+01    0.987063256592E+00    0.308550770668E+00    0.135319693141E+01
    0.530883717447E+00    0.393409801643E+00    0.985726720229E+00    0.738758358211E-01    0.589779486517E+00    0.731986894264E+00    0.165179716866E+00    0.661718995358E+00    0.100000000000E+01    0.817235135065E-01    0.904413167765E+00
    0.527457274733E+00    0.709062205628E+00    0.411801287904E+00    0.108878118226E-01    0.793555298252E-01    0.473803625344E+00    0.879359522880E+00    0.897353440830E+00    0.528445676857E+00    0.100000000000E+01    0.173362454169E+01
    0.000000000000E+00    0.839760879308E+00    0.135145562286E+00    0.119256900753E+00    0.241341374829E+00    0.628729763964E+00    0.419673031762E+00    0.535058412930E+00    0.289675309963E+00    0.541475606930E+00    0.549257247139E+00
    0.513630248101E+00    0.000000000000E+00    0.538367808738E+00    0.400053491626E+00    0.957441808758E+00    0.693697636689E+00    0.109209476978E+00    0.265148501463E+00    0.134881213224E+00    0.244448773715E+00    0.941479318003E+00
    0.304254713710E-01    0.740251459138E+00    0.000000000000E+00    0.791405401862E+00    0.660549006778E+00    0.545052051790E+00    0.369526989758E+00    0.567888528932E+00    0.389009202895E+00    0.527540730219E+00    0.797624428601E+00
    0.842862408918E+00    0.760351414952E+00    0.607660458733E+00    0.000000000000E+00    0.453465341828E+00    0.525165464538E+00    0.540917137802E+00    0.922564163393E+00    0.753073651556E+00    0.316824177838E+00    0.161663866933E+01
    0.796132352198E+00    0.658725738336E-01    0.241279666848E-01    0.266813129405E+00    0.000000000000E+00    0.289054848890E-01    0.633362274310E+00    0.181701742020E+00    0.652867483977E+00    0.233256771667E+00    0.326249735660E+00
    0.323943860925E+00    0.606135594025E+00    0.712604931846E+00    0.613331312279E+00    0.770136103377E+00    0.000000000000E+00    0.797019513824E+00    0.167048748127E-01    0.768257233136E+00    0.986215389711E-01    0.722497644418E+00
    0.520768919287E+00    0.413607672328E-01    0.818359311592E+00    0.280829048489E+00    0.578505608032E-01    0.403985421740E+00    0.000000000000E+00    0.577298725186E+00    0.588717523215E+00    0.106267404738E+00    0.337290735369E+00
    0.342764079267E+00    0.148610045036E+00    0.908810898961E+00    0.559966817357E+00    0.568169633176E-01    0.946027104353E+00    0.256265839249E+00    0.000000000000E+00    0.501708428820E+00    0.414645875346E+00    0.821623849849E+00
    0.398657234444E+00    0.361871527870E+00    0.520388646782E+00    0.611192512201E-01    0.629973072640E+00    0.373419945370E+00    0.967131175872E+00    0.227544893728E+00    0.000000000000E+00    0.432567316620E+00    0.631378737964E+00
    0.213262966467E+00    0.287707060998E+00    0.741282824832E-01    0.154420951196E-02    0.404524796635E+00    0.218261976006E+00    0.843032253864E-01    0.132405947586E+00    0.994528012044E+00    0.000000000000E+00    0.160926360800E+00
    0.100000000000E+01    0.798038121353E+00    0.528664876962E+00    0.949486385417E+00    0.767740886620E+00    0.292911987147E+00    0.248698632892E+00    0.770482521363E-01    0.690114397233E+00    0.908300239179E+00    0.217087160023E+01
    0.464090503258E+00    0.100000000000E+01    0.402159844831E+00    0.990408825217E+00    0.885451779124E-01    0.500464689293E+00    0.966095176124E+00    0.726921178052E+00    0.365422413943E+00    0.446279466898E+00    0.177206246130E+01
    0.716922408955E+00    0.414306551216E+00    0.100000000000E+01    0.505831021775E+00    0.339800466868E+00    0.677431472183E+00    0.396246838938E+00    0.939976547250E+00    0.543039797808E+00    0.180792518279E+00    0.150368847113E+01
    0.117181934880E+00    0.812637759935E+00    0.957917055436E+00    0.100000000000E+01    0.612677577468E+00    0.512659057112E+00    0.853629395895E+00    0.435983781795E-01    0.110340592406E+00    0.781356000323E+00    0.149067037086E+01
    0.354631493750E+00    0.485215787080E-01    0.236367607883E+00    0.859004259942E+00    0.100000000000E+01    0.953238050779E+00    0.490783972460E+00    0.269099983906E+00    0.819560690010E+00    0.286884493981E+00    0.154067532573E+01
    0.288948373456E+00    0.702165897487E+00    0.410689446679E+00    0.700715970188E+00    0.117959541573E-01    0.100000000000E+01    0.766183093360E-01    0.198069092911E+00    0.445463425370E-01    0.306715035164E+00    0.531301054257E+00
    0.440719808920E+00    0.941205230695E+00    0.698125084179E+00    0.557529905983E+00    0.376465835415E+00    0.871139700080E+00    0.100000000000E+01    0.157431533619E+00    0.703362770248E+00    0.225088537327E+00    0.144773816771E+01
    0.218838769138E+00    0.604601055563E+00    0.545460898717E+00    0.293126344649E+00    0.805610626870E+00    0.356746131361E+00    0.179837317972E+00    0.100000000000E+01    0.808021421237E+00    0.741137903516E+00    0.135829020483E+01
    0.316292085579E+00    0.471715918003E+00    0.202918393731E+00    0.823571229101E+00    0.311187959023E-01    0.849078941706E-01    0.757767017288E+00    0.728450578319E+00    0.100000000000E+01    0.464008838523E+00    0.133496465436E+01
    0.421881361404E+00    0.150007152811E+00    0.462184909023E+00    0.574193898516E+00    0.414707279768E+00    0.819723166094E+00    0.554053307493E+00    0.425036891230E+00    0.967045461381E+00    0.100000000000E+01    0.187115269774E+01
    0.000000000000E+00    0.980622692877E+00    0.939221867114E-01    0.191044080175E+00    0.828593886176E+00    0.271454651998E+00    0.995022268551E-01    0.220667291684E-01    0.512258580784E+00    0.634929462313E+00    0.570312696742E+00
    0.810907160253E+00    0.000000000000E+00    0.828098218526E+00    0.293583325735E-01    0.941248810584E-01    0.633085544157E+00    0.836612010343E+00    0.677730936426E-01    0.747733897103E+00    0.225184726748E+00    0.308978721866E+00
    0.261228466146E+00    0.168398877039E+00    0.000000000000E+00    0.978195449776E+00    0.361353738988E+00    0.276069489872E+00    0.519615339401E+00    0.998776487524E+00    0.502456756148E+00    0.965435670495E+00    0.114781858155E+01
    0.639105338540E+00    0.116698823492E+00    0.257011649558E-01    0.000000000000E+00    0.387976885184E+00    0.532271672361E+00    0.764169803450E+00    0.507885941740E+00    0.371926730786E-01    0.695729437211E+00    0.695079084394E+00
    0.328954293809E+00    0.841567737289E+00    0.256290128888E+00    0.118309969886E+00    0.000000000000E+00    0.563051381386E+00    0.875462014233E+00    0.660361803841E+00    0.771883360108E+00    0.534982989576E-01    0.926575119816E+00
    0.434134589700E+00    0.712575833521E+00    0.483394831078E-01    0.716174031863E+00    0.359204791823E+00    0.000000000000E+00    0.182163722336E+00    0.674633920109E+00    0.521453353660E+00    0.678909567798E+00    0.820886796693E+00
    0.145379557423E+00    0.169661595268E+00    0.585025017360E+00    0.590249727943E+00    0.772742927484E+00    0.379108146645E+00    0.000000000000E+00    0.622635586071E+00    0.405852999204E+00    0.420183561114E+00    0.833462082534E+00
    0.704252770548E+00    0.898562142546E+00    0.202814177523E+00    0.571402718623E+00    0.642448151261E+00    0.279293406620E+00    0.334087081735E+00    0.000000000000E+00    0.791616964910E+00    0.116766554607E+00    0.102056936911E+01
    0.840405382867E+00    0.650025812800E+00    0.555571768104E+00    0.904524492924E+00    0.966014886248E+00    0.924366183293E+00    0.205682341579E+00    0.268806835124E-02    0.000000000000E+00    0.690039434211E+00    0.194231784550E+01
    0.416899055796E+00    0.439738688328E+00    0.400903648212E+00    0.173729513231E+00    0.171762423119E+00    0.487533745419E+00    0.950173029373E+00    0.923519284609E-01    0.668384621456E+00    0.000000000000E+00    0.424465728717E+00
    0.100000000000E+01    0.411336737000E+00    0.401911135910E+00    0.968146700738E-01    0.257129381313E+00    0.114883969519E+00    0.363162347413E+00    0.770441818476E+00    0.248677310357E+00    0.556128940407E+00    0.897879783482E+00
    0.860368130429E+00    0.100000000000E+01    0.131547890769E+00    0.499491578120E+00    0.742353300938E-01    0.987484510067E+00    0.393280146621E+00    0.979585072528E+00    0.487679965090E+00    0.213733876595E+00    0.148886652298E+01
    0.859606903570E+00    0.961253916894E+00    0.100000000000E+01    0.913980370808E+00    0.396928954340E+00    0.681797644743E+00    0.820394825730E+00    0.130394704504E-01    0.213007159625E+00    0.413382263901E+00    0.210965699601E+01
    0.922788689683E-01    0.188029674019E+00    0.752484783935E+00    0.100000000000E+01    0.224927708966E-01    0.537927469872E+00    0.210090628494E+00    0.598378489484E-01    0.830405141849E+00    0.202008485354E+00    0.962255685153E+00
    0.272092210378E-01    0.267233372475E+00    0.170834179281E+00    0.640671052097E+00    0.100000000000E+01    0.114280795587E+00    0.808158492167E+00    0.527113899162E-01    0.682017537914E+00    0.578229757367E+00    0.667962513725E+00
    0.356013271868E+00    0.523906216962E+00    0.625457920697E+00    0.221678765905E+00    0.324935803357E+00    0.100000000000E+01    0.677828987909E-02    0.523325796579E+00    0.444263832568E+00    0.607615552262E+00    0.923592977721E+00
    0.171878616008E-01    0.743820898372E+00    0.771499227513E+00    0.122827621177E+00    0.906593940092E+00    0.226693788439E+00    0.100000000000E+01    0.371725639360E+00    0.385791587132E+00    0.192520281874E+00    0.759063664827E+00
    0.116145618545E+00    0.943428943024E+00    0.399545341678E+00    0.421954926665E-01    0.438511149241E+00    0.860602647853E+00    0.300408160945E+00    0.100000000000E+01    0.167944897181E+00    0.619049925270E+00    0.908192443820E+00
    0.896433080723E+00    0.146374554005E+00    0.512803565438E+00    0.337316545087E+00    0.930759135874E+00    0.964814123656E+00    0.126135038552E-01    0.929768686461E+00    0.100000000000E+01    0.932658050114E+00    0.214658737043E+01
    0.384032050298E+00    0.523269919598E+00    0.467407269906E+00    0.428271364616E+00    0.215933749029E+00    0.131489346675E+00    0.227668073494E+00    0.184289354762E+00    0.236149602308E+00    0.100000000000E+01    0.707628961654E+00
    0.000000000000E+00    0.662155075518E+00    0.675005439277E+00    0.609096401879E+00    0.185237096613E-02    0.204524524975E+00    0.820213567597E+00    0.558061047023E+00    0.357660767893E+00    0.762366834110E+00    0.114192018922E+01
    0.463148851637E+00    0.000000000000E+00    0.197543557929E+00    0.937292282139E+00    0.645463652893E+00    0.494113097755E+00    0.290839909821E+00    0.872741680676E-01    0.852443600667E+00    0.176951369865E+00    0.680311971293E+00
    0.875126753480E+00    0.277521023305E+00    0.000000000000E+00    0.407876494607E+00    0.699103231449E+00    0.226972650702E+00    0.756294624903E+00    0.814110386075E-01    0.785007696264E+00    0.163067493460E-01    0.475915040348E+00
    0.731275631373E+00    0.881512434954E+00    0.498258545266E+00    0.000000000000E+00    0.645672228874E+00    0.395642787427E+00    0.567724559499E+00    0.342044389073E+00    0.182457546770E+00    0.793173627003E+00    0.123899163709E+01
    0.722446392214E+00    0.483885028434E+00    0.588127683859E+00    0.946397209632E+00    0.000000000000E+00    0.364195183841E+00    0.360961131162E-01    0.564747254860E+00    0.270562317532E+00    0.647384789828E+00    0.110172650181E+01
    0.992642564525E+00    0.924738678133E+00    0.940098075284E+00    0.690155490713E+00    0.146988569344E+00    0.000000000000E+00    0.326156478819E+00    0.234247445195E+00    0.957357551262E+00    0.157723022504E+00    0.179414746994E+01
    0.211989123399E+00    0.511899103551E+00    0.727440614722E+00    0.132077852493E+00    0.284545619776E+00    0.561170128863E+00    0.000000000000E+00    0.679127940671E+00    0.506954146622E+00    0.274194900224E+00    0.503278580208E+00
    0.900429381842E+00    0.892018836295E+00    0.794353500511E+00    0.213002593361E+00    0.452601887054E+00    0.318213843054E+00    0.141504058527E+00    0.000000000000E+00    0.478990398947E+00    0.320379914673E+00    0.126988241401E+01
    0.709429001521E+00    0.249839368910E+00    0.156290108880E+00    0.885719411302E+00    0.613899271962E+00    0.912696634705E+00    0.717499580430E+00    0.755345045456E-02    0.000000000000E+00    0.814809245458E+00    0.881395874355E+00
    0.733489087264E+00    0.156950125937E+00    0.379689101603E+00    0.729603192903E+00    0.858105149422E+00    0.269036480491E+00    0.476511355681E+00    0.653050527651E+00    0.514550102184E+00    0.000000000000E+00    0.934191167010E+00
    0.100000000000E+01    0.480381665283E+00    0.162330732250E+00    0.868002994443E+00    0.919121616392E+00    0.863653556877E+00    0.643915370156E+00    0.408725466462E+00    0.636902957376E+00    0.437278818457E+00    0.195677666287E+01
    0.390908973634E+00    0.100000000000E+01    0.288365439992E+00    0.552093758021E+00    0.919751168648E+00    0.668352312212E+00    0.817694666726E+00    0.525860394241E+00    0.337795516214E+00    0.385849252163E+00    0.172516294044E+01
    0.753736742344E+00    0.187312696327E+00    0.100000000000E+01    0.995281087128E+00    0.520333964713E+00    0.111768232134E+00    0.768036167253E+00    0.213030693347E+00    0.440272510367E+00    0.678359874533E+00    0.165690083813E+01
    0.456832943803E+00    0.241672675847E+00    0.950650158254E+00    0.100000000000E+01    0.718424620457E+00    0.722350103534E+00    0.460672693894E+00    0.147065711702E+00    0.470188348995E-01    0.255792030061E+00    0.165978449799E+01
    0.404519461292E+00    0.384667197866E+00    0.593225437758E-01    0.788548574609E-01    0.100000000000E+01    0.185941498932E-02    0.113590653448E+00    0.319456143615E+00    0.253171909343E+00    0.436850239676E+00    0.309028094758E+00
    0.736834065891E+00    0.532450123836E-01    0.855096176378E+00    0.306887625401E+00    0.810873222587E+00    0.100000000000E+01    0.372632878781E+00    0.859963410817E+00    0.663805670965E+00    0.886854097055E+00    0.202167381697E+01
    0.754883391775E+00    0.345663537661E+00    0.968675626844E+00    0.406620496372E+00    0.382768581513E+00    0.493982422039E+00    0.100000000000E+01    0.592961382285E+00    0.301556334651E+00    0.364883818606E+00    0.154689438811E+01
    0.869986289559E+00    0.580610778595E+00    0.243770641242E+00    0.681165775402E+00    0.856482299502E+00    0.695979251637E+00    0.916330842083E+00    0.100000000000E+01    0.411081360171E+00    0.719477247349E+00    0.247936007219E+01
    0.238758156454E+00    0.822413901224E-01    0.870886034272E+00    0.637085533462E+00    0.663110911571E+00    0.111843368186E+00    0.490356608319E+00    0.850012044890E+00    0.100000000000E+01    0.876622988536E-02    0.107420450750E+01
    0.866791804730E+00    0.262543634277E+00    0.194446353229E+00    0.358249291760E-01    0.462279639164E+00    0.803562918949E+00    0.883450710709E+00    0.804081302777E+00    0.784493064771E+00    0.100000000000E+01    0.210086673680E+01
    0.000000000000E+00    0.445213740935E+00    0.703731382546E+00    0.935326909049E+00    0.818805252487E+00    0.735676726183E+00    0.258147981914E+00    0.361143040433E+00    0.296166095718E+00    0.298323132250E+00    0.144217641078E+01
    0.900543916105E+00    0.000000000000E+00    0.875994170556E+00    0.320992648803E+00    0.841124657786E+00    0.965998031169E+00    0.591013917162E+00    0.339034156994E+00    0.848753947553E+00    0.478877733624E+00    0.170053572452E+01
    0.437393352040E+00    0.876843823441E+00    0.000000000000E+00    0.580854123666E+00    0.703133300170E+00    0.425813045907E+00    0.804398329112E+00    0.576426589441E+00    0.328656025074E+00    0.727363219539E+00    0.138565788130E+01
    0.453835811272E+00    0.248348924476E+00    0.880759214138E+00    0.000000000000E+00    0.238285902176E+00    0.426075370779E+00    0.618136084063E+00    0.724393624966E+00    0.414329555963E+00    0.979698593500E-01    0.702603036718E+00
    0.803373616151E-01    0.717020150516E-02    0.374676470151E+00    0.246472155233E+00    0.000000000000E+00    0.159779694875E+00    0.429482533750E-01    0.649620482707E+00    0.215882811493E+00    0.776714152151E+00    0.288502652166E+00
    0.392485558989E+00    0.642405177306E+00    0.810516778613E+00    0.879897548920E+00    0.202428226858E+00    0.000000000000E+00    0.766424147090E+00    0.539940981839E+00    0.260651112385E+00    0.889608978560E+00    0.161100785831E+01
    0.956729489718E+00    0.894823366066E+00    0.786788238114E+00    0.212189335089E+00    0.112692650796E+00    0.337364166471E+00    0.000000000000E+00    0.614814220417E-01    0.552475582823E-01    0.304802163512E+00    0.107791001300E+01
    0.438310181764E+00    0.674041621684E+00    0.440700868049E-01    0.684676104567E+00    0.483610374682E+00    0.188048644348E+00    0.794117760067E+00    0.000000000000E+00    0.619351919747E+00    0.749589080496E+00    0.880814752456E+00
    0.278972663095E+00    0.932431402680E-01    0.528915432593E+00    0.455339230387E-01    0.927167747340E-01    0.847093881405E+00    0.273531338703E+00    0.259765556096E+00    0.000000000000E+00    0.224586627629E+00    0.199689714646E+00
    0.548683183452E+00    0.947123020943E+00    0.620179072159E+00    0.588614752514E-01    0.627433973101E+00    0.417423217570E+00    0.629708267318E-01    0.664146136588E+00    0.144291809539E-01    0.000000000000E+00    0.859902468516E+00
    0.100000000000E+01    0.740007356576E+00    0.618108815748E+00    0.696631629214E+00    0.252884391523E+00    0.599325268623E+00    0.660364339334E+00    0.391950683685E-01    0.554443155391E+00    0.236740571057E-01    0.136117045815E+01
    0.258792174470E+00    0.100000000000E+01    0.848520227040E+00    0.541878338539E+00    0.653544643249E+00    0.720951494726E-01    0.288482654208E+00    0.137786658177E+00    0.340920461303E+00    0.231779674532E+00    0.884471798484E+00
    0.390345928030E+00    0.299187922970E-01    0.100000000000E+01    0.260330532739E+00    0.702264537004E+00    0.680097231398E+00    0.465458246404E-01    0.110044721534E+00    0.659566487641E+00    0.958783975831E+00    0.138712128047E+01
    0.235996045207E+00    0.478684984769E+00    0.800393007597E+00    0.100000000000E+01    0.849831236112E+00    0.575004963723E+00    0.704417272646E+00    0.637473812503E+00    0.407737008526E+00    0.686179268948E+00    0.213084619681E+01
    0.668803764449E+00    0.149385211988E+00    0.583147748690E-01    0.336926732503E+00    0.100000000000E+01    0.546680710441E+00    0.752061907866E-01    0.584426857780E+00    0.202065518375E+00    0.366224213137E+00    0.784191712360E+00
    0.336516151954E-01    0.203171250924E+00    0.383315332631E+00    0.896863362176E+00    0.249241028493E+00    0.100000000000E+01    0.594758620602E+00    0.551429014753E-03    0.429436119795E+00    0.999579765255E-02    0.604480070964E+00
    0.604805594882E+00    0.596615261658E+00    0.871266765499E+00    0.734708196849E+00    0.908612698235E+00    0.194916923499E+00    0.100000000000E+01    0.947142417556E+00    0.323916128165E+00    0.546082277185E-01    0.214289797753E+01
    0.948824118844E+00    0.659881207493E+00    0.787816216490E+00    0.831265662422E+00    0.994562307482E+00    0.143400589770E+00    0.354619162939E+00    0.100000000000E+01    0.668491466969E+00    0.645181496188E+00    0.220953408355E+01
    0.781579584256E+00    0.504961992695E+00    0.805883564197E+00    0.121321116862E+00    0.358781765146E+00    0.608413985412E+00    0.605177384011E+00    0.803876363363E+00    0.100000000000E+01    0.197972397249E+00    0.139518671391E+01
    0.891199993666E-01    0.343867908537E+00    0.388522256951E+00    0.332664883301E+00    0.465920796293E+00    0.612736347179E+00    0.717662389654E+00    0.931921905157E-01    0.313693429710E+00    0.100000000000E+01    0.825953785707E+00
    0.000000000000E+00    0.764038008479E+00    0.742484728666E+00    0.731753181418E+00    0.578677001571E-02    0.290761427316E+00    0.238475900574E+00    0.462607168766E-01    0.619110272487E+00    0.947987614332E+00    0.114293906821E+01
    0.957781485987E+00    0.000000000000E+00    0.737427997990E+00    0.944620494205E+00    0.726008596170E+00    0.246412847414E+00    0.115353021103E+00    0.295295811296E+00    0.828781320594E+00    0.834792426528E+00    0.160141107896E+01
    0.812875782194E+00    0.209802398974E+00    0.000000000000E+00    0.888731730102E+00    0.478317338893E+00    0.388801583304E+00    0.814516095923E+00    0.692926772406E+00    0.441874002971E+00    0.520008177257E+00    0.115069193214E+01
    0.222394958014E+00    0.385726857343E+00    0.442735791475E-01    0.000000000000E+00    0.424629830691E+00    0.215762876177E+00    0.677443836353E+00    0.738110360264E+00    0.255505907774E+00    0.254338547333E+00    0.742416377351E+00
    0.826505282979E+00    0.643585377955E+00    0.686158419108E+00    0.304270686542E+00    0.000000000000E+00    0.546982384372E+00    0.347948758216E-01    0.546412639844E+00    0.650484197166E+00    0.172566811788E+00    0.871968952160E+00
    0.711489503756E+00    0.465479920286E-01    0.601376033044E+00    0.545498743894E+00    0.582660562060E+00    0.000000000000E+00    0.194082692197E+00    0.996824009408E+00    0.217600213232E+00    0.121799680315E+00    0.581138202183E+00
    0.903091853155E+00    0.566442115427E+00    0.797421318116E-01    0.133141966566E+00    0.839976547665E+00    0.373239336548E+00    0.000000000000E+00    0.411920164532E-01    0.104778397090E+00    0.369680373867E+00    0.874413090348E+00
    0.520354826014E+00    0.838634650427E+00    0.204471170640E+00    0.926560202424E-03    0.735909768513E+00    0.812185778389E+00    0.858316985823E+00    0.000000000000E+00    0.296622056683E+00    0.652229210968E+00    0.122773806061E+01
    0.756757442768E+00    0.515783413772E+00    0.103153613352E+00    0.879217151481E+00    0.448845344593E+00    0.412328813206E+00    0.961565347260E+00    0.678458099066E+00    0.000000000000E+00    0.567272868330E+00    0.131847102920E+01
    0.506754546722E+00    0.313013233890E+00    0.453419125007E-01    0.204626341144E+00    0.761667699602E-01    0.409084448524E+00    0.327094665068E+00    0.956668470560E-01    0.128976990133E+00    0.000000000000E+00    0.230349785494E+00
    0.100000000000E+01    0.142425998784E+00    0.898373984824E-02    0.996782770959E+00    0.402894281971E+00    0.208716981081E+00    0.719597580372E+00    0.677698634521E+00    0.416041088757E+00    0.367122976808E+00    0.875880254713E+00
    0.366001326925E+00    0.100000000000E+01    0.419289374582E+00    0.751111330738E+00    0.447192305032E+00    0.387789511561E-01    0.462269916544E-02    0.231207595404E+00    0.294061289451E+00    0.667392115816E+00    0.895598964891E+00
    0.756425974284E+00    0.101713727659E+00    0.100000000000E+01    0.529350399282E+00    0.239765317702E+00    0.322729417986E+00    0.680132069159E+00    0.509077705235E+00    0.413680434312E+00    0.326876867171E+00    0.116513126366E+01
    0.671821623615E+00    0.376162064045E+00    0.478806443023E+00    0.100000000000E+01    0.312845730786E+00    0.152911372805E+00    0.499498681634E+00    0.894581217407E+00    0.358368843177E+00    0.337094268634E+00    0.134700414360E+01
    0.423648846210E-01    0.336091559729E-01    0.659185113847E+00    0.787867783074E-01    0.100000000000E+01    0.885316305716E-01    0.732235978232E+00    0.169868660252E+00    0.152348395614E+00    0.883334879237E+00    0.400849146267E+00
    0.760113746829E+00    0.902037312095E+00    0.335899191639E+00    0.726521369540E+00    0.334658281920E+00    0.100000000000E+01    0.930581425163E-01    0.540401332664E+00    0.901693697650E+00    0.785648096649E+00    0.202304986528E+01
    0.956945622786E+00    0.456648659600E+00    0.318946795404E+00    0.109493862686E+00    0.506421277057E+00    0.914544594867E+00    0.100000000000E+01    0.406310516395E+00    0.258989631212E+00    0.514185381901E+00    0.147453469306E+01
    0.714911743516E+00    0.196224869677E+00    0.367836302444E+00    0.722972347302E+00    0.486340697012E+00    0.491816891006E+00    0.206776781894E-01    0.100000000000E+01    0.451981661401E+00    0.560784300549E+00    0.919551406316E+00
    0.976786573039E+00    0.207105305493E-01    0.125334690704E+00    0.656313430254E+00    0.719221877780E+00    0.894181473671E+00    0.395119066337E+00    0.998191746770E+00    0.100000000000E+01    0.277224545276E+00    0.141723262380E+01
    0.232568207964E+00    0.931092449643E+00    0.327135609170E+00    0.383903489082E+00    0.126851416852E+00    0.797755919369E+00    0.632775252735E+00    0.960424960235E+00    0.212247520013E+00    0.100000000000E+01    0.126330813986E+01
    0.000000000000E+00    0.513777249247E+00    0.714756086481E+00    0.964332804927E+00    0.720676618167E+00    0.951021508922E+00    0.679039013194E-01    0.498749817106E+00    0.351558071788E+00    0.884413066148E-01    0.143960102015E+01
    0.346213944288E+00    0.000000000000E+00    0.218087159831E+00    0.176072739397E+00    0.708370646163E+00    0.828606433419E+00    0.129551687893E+00    0.221882924780E-01    0.427861097272E+00    0.568085771779E+00    0.871296010715E+00
    0.668593124913E+00    0.603210734495E+00    0.000000000000E+00    0.444980299092E+00    0.181985679088E+00    0.785881806931E+00    0.829272632766E+00    0.307785090259E+00    0.343140676228E+00    0.372899190199E+00    0.929516416688E+00
    0.535876596063E+00    0.128415869493E+00    0.331328713608E+00    0.000000000000E+00    0.348078958523E+00    0.358121357213E+00    0.962357673939E+00    0.160167625627E+00    0.187477197634E+00    0.455201923067E+00    0.432948092601E+00
    0.892428450816E+00    0.656618669899E+00    0.464098075508E+00    0.113853404181E+00    0.000000000000E+00    0.542960319765E+00    0.439254381579E+00    0.751005900419E+00    0.412827597108E+00    0.683144691762E+00    0.125072794205E+01
    0.831231467224E-01    0.508931693561E+00    0.278515703892E+00    0.761347707555E+00    0.190946512393E+00    0.000000000000E+00    0.825017071835E-01    0.538948490405E+00    0.264955309841E+00    0.647412741048E+00    0.470350910454E+00
    0.704243353209E+00    0.205374872625E-01    0.811802989404E+00    0.498670861143E+00    0.134544817793E+00    0.331253197512E+00    0.000000000000E+00    0.945983539434E+00    0.733977313027E+00    0.598178539433E+00    0.902903762887E+00
    0.420249185055E+00    0.191054876355E+00    0.351087658568E+00    0.327641808636E+00    0.808175279518E+00    0.795669704646E+00    0.876692064619E+00    0.000000000000E+00    0.696227385692E+00    0.644383746939E-01    0.883225998639E+00
    0.615612565951E+00    0.629390529140E+00    0.997804566795E+00    0.833747353629E+00    0.588131632310E+00    0.536835449831E+00    0.390785220025E+00    0.886488752001E+00    0.000000000000E+00    0.975711730457E+00    0.188153424703E+01
    0.991052242706E+00    0.746494826434E+00    0.971496193867E+00    0.294285672872E+00    0.685874082574E+00    0.972741407359E-01    0.497494396579E+00    0.345611078063E-02    0.500965035683E-01    0.000000000000E+00    0.109414999079E+01
    0.100000000000E+01    0.113742591077E+00    0.221728545159E+00    0.941384839394E-02    0.587109872260E+00    0.607199151904E+00    0.833355887487E-01    0.647890072918E+00    0.397260376168E+00    0.521058216462E+00    0.733310610245E+00
    0.689047380315E+00    0.100000000000E+01    0.609352262358E-01    0.437559496699E+00    0.106717092863E+00    0.441770641219E+00    0.187161290392E+00    0.738292683675E+00    0.837690844791E+00    0.340277235122E+00    0.118608158170E+01
    0.384514529783E+00    0.732987231484E+00    0.100000000000E+01    0.111780217805E+00    0.827536725161E+00    0.170211958097E+00    0.683534289918E+00    0.211954253201E-01    0.454644632602E+00    0.522502258620E+00    0.786521752242E+00
    0.352855481344E+00    0.967169346821E+00    0.946301607713E+00    0.100000000000E+01    0.432012615819E+00    0.937000223954E+00    0.417433780898E-01    0.969175363704E-01    0.746121736867E+00    0.742961098942E-01    0.175184813882E+01
    0.214835560685E+00    0.752897331896E+00    0.521287419065E+00    0.434759976379E+00    0.100000000000E+01    0.238360440490E+00    0.282940871247E+00    0.100157206120E+00    0.979558179513E+00    0.238502663048E+00    0.888710268512E+00
    0.926567064038E+00    0.377342787137E+00    0.292695833991E+00    0.676470662968E+00    0.160904872702E+00    0.100000000000E+01    0.192031451641E+00    0.744639905757E+00    0.161122008137E+00    0.689796691830E+00    0.962674126229E+00
    0.487223894977E+00    0.264322667754E+00    0.727233551682E+00    0.844583403453E+00    0.720788911730E+00    0.958800810808E+00    0.100000000000E+01    0.980797388062E+00    0.893862729825E+00    0.387317057962E+00    0.276109237169E+01
    0.791416397236E+00    0.822657949479E+00    0.284599099778E+00    0.966479000164E+00    0.184429837467E+00    0.868830474401E+00    0.460884356708E+00    0.100000000000E+01    0.257952368125E+00    0.183875378388E+00    0.159467775312E+01
    0.227350261720E+00    0.174880695197E+00    0.718306785183E+00    0.209871231457E+00    0.716441741278E-02    0.328913831862E+00    0.730853519767E+00    0.631203317590E+00    0.100000000000E+01    0.384987437606E+00    0.103917218133E+01
    0.543193610081E+00    0.607495982556E+00    0.862321611512E+00    0.306417767955E+00    0.747947254939E+00    0.415500606420E+00    0.408177789066E+00    0.871653352365E+00    0.500450763397E+00    0.100000000000E+01    0.176123143893E+01
    0.000000000000E+00    0.687787114344E+00    0.433127947772E+00    0.210135783713E+00    0.291257825056E+00    0.796470540627E+00    0.757055249436E+00    0.770011320575E+00    0.974930729025E+00    0.199954240944E+00    0.110087660440E+01
    0.688165342614E+00    0.000000000000E+00    0.855783456852E+00    0.862743187937E+00    0.565123240265E+00    0.944877141823E+00    0.363038948210E+00    0.333112313789E+00    0.567833417764E+00    0.717975941430E+00    0.180091685652E+01
    0.524839174354E+00    0.335983553258E+00    0.000000000000E+00    0.162479589982E+00    0.252779461766E+00    0.834567123619E+00    0.410256953786E+00    0.448051835578E+00    0.268181850242E+00    0.663866562283E+00    0.749152103194E+00
    0.469707495029E+00    0.673715381094E+00    0.529118791090E+00    0.000000000000E+00    0.865086464250E+00    0.465487849194E+00    0.830968354872E+00    0.309939030922E+00    0.102406056332E+00    0.141738449275E+00    0.991200803884E+00
    0.860454171919E+00    0.658355339659E+00    0.269809533273E+00    0.363299201273E+00    0.000000000000E+00    0.595793973366E+00    0.957709263229E+00    0.501894416501E+00    0.957578327636E+00    0.179377485962E+00    0.131694311142E+01
    0.921921183193E+00    0.731830811787E+00    0.134523469570E+00    0.481424023497E+00    0.484337507226E+00    0.000000000000E+00    0.860417350646E+00    0.358007718246E+00    0.827104779866E+00    0.618016566519E-01    0.109860565594E+01
    0.660190605383E+00    0.984911485197E+00    0.386917944510E+00    0.225619534025E+00    0.295506005162E+00    0.170779509124E-01    0.000000000000E+00    0.572538828185E+00    0.802784812553E+00    0.764935975699E+00    0.135665117692E+01
    0.917096644840E+00    0.858236184864E+00    0.471550096333E+00    0.110019600706E+00    0.760817575965E+00    0.724577803795E+00    0.178917813260E+00    0.000000000000E+00    0.680781006972E+00    0.727845999003E+00    0.188574053933E+01
    0.635918391401E+00    0.979476899249E+00    0.883434392606E+00    0.700196514028E+00    0.353390291275E+00    0.677381398903E-01    0.271045468688E-01    0.763234925813E+00    0.000000000000E+00    0.913677059065E+00    0.128607019406E+01
    0.803874023702E+00    0.848336052367E+00    0.797990415815E+00    0.453707291969E+00    0.197889498320E+00    0.557239171500E+00    0.464575055028E+00    0.309276464634E+00    0.977233176708E+00    0.000000000000E+00    0.129796329711E+01
    0.100000000000E+01    0.576634092054E+00    0.380678702432E+00    0.781023999694E+00    0.768821695395E+00    0.883536976101E+00    0.943337654269E+00    0.186519747653E+00    0.551244040726E+00    0.607771013636E+00    0.206421694135E+01
    0.743730286291E-01    0.100000000000E+01    0.948681896913E+00    0.169115236261E+00    0.493305372136E+00    0.609337955638E+00    0.449816562580E-01    0.663067173490E+00    0.102830036642E+00    0.110260912107E+00    0.576563272031E+00
    0.115422081507E+00    0.551021227978E+00    0.100000000000E+01    0.869893053581E+00    0.861049507404E+00    0.729869944364E+00    0.558061139581E+00    0.862675773331E-01    0.608698412359E+00    0.173188339547E+00    0.171550927657E+01
    0.998086038668E+00    0.437467219694E-01    0.333568914739E+00    0.100000000000E+01    0.417437784267E+00    0.124890789283E+00    0.834877263881E+00    0.480330136523E+00    0.981207016206E+00    0.159120283690E+00    0.986512690444E+00
    0.338726371066E+00    0.575162639072E+00    0.609634159209E+00    0.775286504789E+00    0.100000000000E+01    0.346922053191E+00    0.787366315962E+00    0.316997387167E+00    0.296796128835E-01    0.195877412565E+00    0.126979257387E+01
    0.278188392725E-01    0.106021526625E+00    0.175819031630E+00    0.662979620499E+00    0.116438098962E+00    0.100000000000E+01    0.150848388424E+00    0.536988148687E+00    0.452360207896E+00    0.335111361705E+00    0.468546771719E+00
    0.920087003305E-01    0.852977864336E+00    0.735318133640E+00    0.154629802869E+00    0.405075609023E+00    0.330388786250E+00    0.100000000000E+01    0.387520792820E+00    0.533796699683E+00    0.387038387284E+00    0.920136528167E+00
    0.389362160928E+00    0.962469323775E+00    0.177288036297E+00    0.110912177471E+00    0.812840444910E+00    0.422696164245E+00    0.324010442728E+00    0.100000000000E+01    0.485040247595E+00    0.357414828885E+00    0.123536809591E+01
    0.238018176424E+00    0.915923435299E+00    0.155298589948E+00    0.790171470953E+00    0.198745313896E+00    0.499968453235E+00    0.298384829395E+00    0.185287867184E+00    0.100000000000E+01    0.467571318038E+00    0.962943734923E+00
    0.337938097099E+00    0.855368025538E-01    0.639408641137E+00    0.595510943052E+00    0.195765090504E+00    0.826333552756E+00    0.205383355766E+00    0.805591902971E+00    0.797055173998E+00    0.100000000000E+01    0.153395859232E+01
    0.000000000000E+00    0.670551377530E+00    0.289888336164E+00    0.940922210956E+00    0.175295522978E+00    0.999116867854E+00    0.751390132082E+00    0.121175724679E+00    0.694324451140E-01    0.837975957453E+00    0.597136051504E+00
    0.722342985872E+00    0.000000000000E+00    0.614709358950E+00    0.670096281547E+00    0.947833412467E-01    0.734848002862E+00    0.959030784267E+00    0.388371945980E+00    0.715524961920E+00    0.333283679400E+00    0.109249924864E+01
    0.120404348402E+00    0.896429567747E+00    0.000000000000E+00    0.738955793284E+00    0.192492518881E+00    0.631860622120E+00    0.196611592542E+00    0.227880437028E+00    0.759406362424E-01    0.187530322430E+00    0.288607568360E+00
    0.373936247158E+00    0.659646305695E+00    0.158161576177E+00    0.000000000000E+00    0.526129897103E+00    0.722229748374E+00    0.250165589513E+00    0.784712750462E+00    0.472970723933E-01    0.328652201262E+00    0.838504741973E+00
    0.814423182982E+00    0.300954778427E+00    0.542369976568E+00    0.625537571358E+00    0.000000000000E+00    0.747819703958E+00    0.692727718132E+00    0.802417120609E+00    0.200670609772E-01    0.197235952633E-01    0.114062972204E+01
    0.208377761807E-01    0.842009534401E+00    0.702257383448E+00    0.550165068755E+00    0.627519610237E+00    0.000000000000E+00    0.659975248586E+00    0.137736897330E-01    0.480838935968E+00    0.182839996519E+00    0.500909971552E+00
    0.222467307545E+00    0.558162513907E+00    0.521073884563E+00    0.701617489410E-01    0.812468850369E+00    0.203517253718E+00    0.000000000000E+00    0.627135565407E+00    0.558992139097E+00    0.605377599417E-01    0.359923927795E+00
    0.284113777589E+00    0.913989278946E+00    0.282772251887E+00    0.511922773091E+00    0.314700185470E+00    0.481548026464E+00    0.956414761578E+00    0.000000000000E+00    0.787447460765E-01    0.286360640485E+00    0.578527151219E+00
    0.142736981818E+00    0.193194366991E+00    0.783706289624E+00    0.686353303724E+00    0.759406673507E+00    0.163585713811E+00    0.870288421872E+00    0.441637334053E+00    0.000000000000E+00    0.790775862087E+00    0.107405532313E+01
    0.519735967069E+00    0.275815154837E+00    0.448187268573E-01    0.322404945318E+00    0.856581782326E+00    0.665925024030E+00    0.343318557337E+00    0.253657023025E+00    0.608510928714E+00    0.000000000000E+00    0.815305242596E+00
    0.100000000000E+01    0.853871792588E+00    0.282789829522E+00    0.572644423743E+00    0.883816314493E+00    0.796820560934E+00    0.414715558337E+00    0.328167090368E+00    0.726269513894E+00    0.273369219321E+00    0.205468855117E+01
    0.264792124879E+00    0.100000000000E+01    0.711101941695E+00    0.344481823239E-02    0.376069881946E+00    0.884593646238E-01    0.849268041037E+00    0.480453690324E+00    0.118468749705E+00    0.175431100111E+00    0.729325712104E+00
    0.798402225417E+00    0.937672711037E+00    0.100000000000E+01    0.531199480563E+00    0.800685094725E+00    0.166079740829E+00    0.222900048001E-01    0.116948188746E+00    0.581555937252E+00    0.736071969715E+00    0.184349083271E+01
    0.205939963928E+00    0.876515025147E+00    0.175133419009E+00    0.100000000000E+01    0.300872462659E+00    0.100858326031E+00    0.320365883311E+00    0.914170940473E+00    0.824409492335E+00    0.714118037124E+00    0.126758325390E+01
    0.494923323765E+00    0.791393284393E+00    0.481705101152E+00    0.157017675365E+00    0.100000000000E+01    0.150804585123E+00    0.533467793171E+00    0.121667962507E+00    0.349271036092E+00    0.310185861471E+00    0.791364671710E+00
    0.451704238973E+00    0.296823355213E+00    0.495147279408E+00    0.345446988203E+00    0.951749574542E-01    0.100000000000E+01    0.763663341949E+00    0.974834461281E+00    0.136692228085E+00    0.320945143726E-01    0.114913087485E+01
    0.563040089959E+00    0.359081871402E+00    0.690221307542E+00    0.179615872156E+00    0.735857619825E+00    0.427780401989E+00    0.100000000000E+01    0.208374739610E+00    0.618065162065E+00    0.499275412554E+00    0.115789713811E+01
    0.484510780817E+00    0.111416710088E-01    0.476172868797E+00    0.295244562599E+00    0.443804297151E+00    0.794421983598E+00    0.262682675411E+00    0.100000000000E+01    0.145158428123E+00    0.575714147126E+00    0.844806036217E+00
    0.790105189296E+00    0.902326389048E+00    0.870829912468E+00    0.540421138175E+00    0.973955366895E+00    0.650422909752E+00    0.159329052406E+00    0.853416356824E+00    0.100000000000E+01    0.796015518872E+00    0.274902007690E+01
    0.997178940644E+00    0.559515838078E+00    0.477417294225E+00    0.451478769320E+00    0.563224163909E+00    0.168072212017E+00    0.160708213094E-01    0.718167049713E-01    0.997603346647E+00    0.100000000000E+01    0.186690101431E+01
    0.000000000000E+00    0.729186892039E-01    0.994552725100E+00    0.514333816978E+00    0.802230791080E+00    0.426652153002E+00    0.354492266240E+00    0.219412899757E+00    0.856173388725E+00    0.110592362760E+00    0.102627200757E+01
    0.304745244014E+00    0.000000000000E+00    0.421652116662E+00    0.236709069985E+00    0.344710236651E+00    0.501447462264E+00    0.465824806500E+00    0.926126683799E+00    0.757030526949E-01    0.328268356830E+00    0.728926653768E+00
    0.676467000448E+00    0.375855483385E+00    0.000000000000E+00    0.318261858944E+00    0.498421493770E+00    0.519673721840E+00    0.219113115367E+00    0.975024574004E+00    0.344354043177E+00    0.300950002330E+00    0.830544406227E+00
    0.143846976837E+00    0.215770325269E+00    0.161056770051E+00    0.000000000000E+00    0.824318449666E+00    0.240000507698E+00    0.865941788794E+00    0.267991943981E+00    0.194868939444E+00    0.683541165026E+00    0.594141120654E+00
    0.264783385639E+00    0.858648543945E+00    0.603268963335E+00    0.562176011559E+00    0.000000000000E+00    0.549537008097E+00    0.925466325879E+00    0.426507064745E+00    0.253372481229E+00    0.844918690460E+00    0.117529627945E+01
    0.747614855943E-01    0.123316650320E+00    0.824094031243E-01    0.871814063432E+00    0.195339395563E+00    0.000000000000E+00    0.623020936235E+00    0.765016607709E+00    0.746155363596E+00    0.881330837276E+00    0.121529610709E+01
    0.909314835477E+00    0.225075979733E+00    0.913491033322E-01    0.874545439284E+00    0.506279765401E+00    0.729259272511E+00    0.000000000000E+00    0.517139513382E+00    0.626776573233E+00    0.816991454979E-02    0.658883793631E+00
    0.271147005310E+00    0.161092981075E+00    0.447132132227E+00    0.993289942214E+00    0.546529089559E-01    0.999208142148E+00    0.216766115435E+00    0.000000000000E+00    0.811071185047E+00    0.568662093016E+00    0.100364679847E+01
    0.717639366042E+00    0.487614583767E+00    0.475367164265E+00    0.302871472134E+00    0.820167124379E+00    0.749923422561E+00    0.976141914708E+00    0.690794966986E+00    0.000000000000E+00    0.885304125193E+00    0.178328303234E+01
    0.982992095450E+00    0.826150505330E+00    0.699102975876E+00    0.645764466243E+00    0.840414126765E+00    0.310854487715E+00    0.245293798829E+00    0.975803901743E+00    0.704309758972E+00    0.000000000000E+00    0.176416042527E+01
    0.100000000000E+01    0.150951238156E+00    0.603190679945E+00    0.988804914924E+00    0.302558223323E+00    0.833956036047E+00    0.906238702367E+00    0.765706987194E+00    0.458040459217E+00    0.538356180980E+00    0.194021162254E+01
    0.670326009655E+00    0.100000000000E+01    0.278166898225E+00    0.392542763177E+00    0.391712313624E+00    0.565312965025E+00    0.285534007731E+00    0.213328395675E+00    0.897127392993E-01    0.147630284013E+00    0.107511529092E+01
    0.947470388090E+00    0.450594364390E+00    0.100000000000E+01    0.729579560112E+00    0.342311106958E+00    0.472391876835E+00    0.417456151107E+00    0.166085664079E+00    0.303495219679E+00    0.986053146761E+00    0.168680526216E+01
    0.101504457182E+00    0.413707165607E+00    0.345460930801E+00    0.100000000000E+01    0.357686425856E+00    0.860759592897E-01    0.655158906699E+00    0.151589116859E+00    0.926797955352E+00    0.195391991368E+00    0.698646112469E+00
    0.885812540424E+00    0.321473374451E+00    0.130895469792E+00    0.159545408771E+00    0.100000000000E+01    0.305118460119E+00    0.783967458387E+00    0.101371533847E+00    0.299511393039E+00    0.797104317391E+00    0.928981186095E+00
    0.289272788820E+00    0.130930066335E+00    0.877381950521E+00    0.271992397341E+00    0.300660507180E+00    0.100000000000E+01    0.531548296305E+00    0.878049215632E+00    0.327574426283E+00    0.545565542986E+00    0.122261511710E+01
    0.719797985660E+00    0.148640211886E+00    0.508307028069E+00    0.949430259207E+00    0.255258354104E+00    0.788283680163E+00    0.100000000000E+01    0.198366957743E+00    0.317818605945E+00    0.877015584828E+00    0.126790782159E+01
    0.409130523371E+00    0.814291570075E+00    0.223041950948E+00    0.206139424765E+00    0.745829689858E+00    0.935806221732E+00    0.563828943416E+00    0.100000000000E+01    0.934152261589E-01    0.762454977540E+00    0.171213518741E+01
    0.998274011450E+00    0.557795442267E+00    0.850991048199E+00    0.766560876598E+00    0.548166729553E+00    0.544470425610E+00    0.190457531141E+00    0.187217667755E+00    0.100000000000E+01    0.179335623946E+00    0.172262234888E+01
    0.697597015668E+00    0.637283718399E+00    0.329235823772E+00    0.717600259952E+00    0.331530801172E+00    0.616425286052E+00    0.668081187781E+00    0.547340350618E+00    0.872628981123E+00    0.100000000000E+01    0.212348767444E+01
    0.000000000000E+00    0.898497758994E+00    0.208349039476E+00    0.845424792904E+00    0.939265952258E+00    0.150519878621E+00    0.187370025230E+00    0.631890403946E+00    0.891834708873E+00    0.349265987713E+00    0.747406492078E+00
    0.947844158480E+00    0.000000000000E+00    0.137920730220E+00    0.429217629978E+00    0.822493712902E+00    0.551882804128E+00    0.842949444377E+00    0.573302318094E+00    0.499165293181E+00    0.441704371991E+00    0.121686650845E+01
    0.816604064555E+00    0.300746731896E+00    0.000000000000E+00    0.948424821802E+00    0.114256910568E+00    0.346645931991E+00    0.744857368003E+00    0.358343238129E+00    0.620636594124E+00    0.213309815230E+00    0.684500175330E+00
    0.253010556813E+00    0.320967926982E+00    0.865175153345E+00    0.000000000000E+00    0.303267674801E+00    0.512165908976E+00    0.939290564032E+00    0.730118465425E+00    0.219937250488E+00    0.478402979078E+00    0.102754365930E+01
    0.678275945064E+00    0.610722590515E+00    0.538776278736E+00    0.578405972303E+00    0.000000000000E+00    0.942633201901E+00    0.114673103263E+00    0.645479741371E+00    0.192482280234E+00    0.358098676284E+00    0.868816674406E+00
    0.772921864611E+00    0.221465414493E+00    0.976095008059E+00    0.160943589777E+00    0.304747869681E+00    0.000000000000E+00    0.305402757855E+00    0.987450094451E+00    0.503852425296E+00    0.932527239302E+00    0.109969778894E+01
    0.559623302062E+00    0.951881960516E-01    0.437380708826E+00    0.758779339404E+00    0.362369248194E+00    0.786697320160E+00    0.000000000000E+00    0.174978537049E+00    0.746554264401E+00    0.595404549134E+00    0.111472169957E+01
    0.463356048876E+00    0.387018440729E+00    0.582282600060E+00    0.541120677508E+00    0.740593637017E-01    0.214336152694E+00    0.716563713066E+00    0.000000000000E+00    0.240570428277E+00    0.754160439633E+00    0.691714789623E+00
    0.512462696397E+00    0.648953886543E+00    0.682204483581E-01    0.834284349745E+00    0.810429401330E+00    0.992566494820E+00    0.307531028783E+00    0.603213073221E-01    0.000000000000E+00    0.365998895232E-01    0.121243565481E+01
    0.414628893293E+00    0.976585697763E+00    0.167194078470E+00    0.954903854654E+00    0.844332927100E+00    0.537456567131E+00    0.556799112618E+00    0.525537033134E+00    0.474596493584E-01    0.000000000000E+00    0.131098574729E+01
    0.100000000000E+01    0.100062288415E+00    0.114393996364E+00    0.721553248805E+00    0.893388802311E+00    0.734960090522E+00    0.775511818918E+00    0.921954348968E+00    0.443747291491E+00    0.810864079982E+00    0.191401399654E+01
    0.388032926515E+00    0.100000000000E+01    0.831236569651E-01    0.865282459389E+00    0.822366187908E+00    0.252624280784E+00    0.158795332455E-01    0.716346781595E-01    0.318578656411E+00    0.186437690978E+00    0.728240629958E+00
    0.424430403004E+00    0.781045750226E+00    0.100000000000E+01    0.460493131831E+00    0.335870193910E+00    0.880429381596E+00    0.482468739653E+00    0.909092626245E+00    0.642169198083E+00    0.973954612344E+00    0.215175510748E+01
    0.860037242030E+00    0.229713695671E+00    0.605458080512E+00    0.100000000000E+01    0.712921022175E+00    0.998353917783E+00    0.603443092665E+00    0.607243215060E+00    0.892473478325E-01    0.144588256620E-01    0.188249504489E+01
    0.666902985376E+00    0.529005575527E+00    0.897961095330E+00    0.615657695185E+00    0.100000000000E+01    0.911407872570E+00    0.291877771617E+00    0.377589462371E+00    0.269543760394E-01    0.364736024318E+00    0.193708113130E+01
    0.833479593732E+00    0.785233355267E+00    0.672465573955E+00    0.131282870435E+00    0.930204615337E-01    0.100000000000E+01    0.830921758329E+00    0.247614696947E+00    0.830713707807E-01    0.807499337397E+00    0.110860816652E+01
    0.201260492853E-01    0.467894982897E+00    0.943372588320E-01    0.370137758636E+00    0.779203689452E+00    0.490559143831E+00    0.100000000000E+01    0.260092840453E+00    0.895513799645E+00    0.690157134763E+00    0.130471823235E+01
    0.562172722071E+00    0.873673092310E+00    0.595309580807E+00    0.641960685941E+00    0.834704850949E+00    0.349004780967E+00    0.704781756255E+00    0.100000000000E+01    0.604540253499E+00    0.733441016668E+00    0.231281288542E+01
    0.974797102447E+00    0.974926527104E-01    0.955932773888E+00    0.929224268141E+00    0.622106300261E+00    0.117461082389E+00    0.958207055623E+00    0.889872231275E+00    0.100000000000E+01    0.614860403682E-01    0.197055265795E+01
    0.965679959997E-01    0.316876797143E+00    0.177573666451E+00    0.990427955623E+00    0.407364094808E+00    0.436426403783E+00    0.652826018847E+00    0.642404568960E+00    0.356455687811E+00    0.100000000000E+01    0.116009263270E+01
    0.000000000000E+00    0.723809035775E+00    0.845557777774E+00    0.104367387849E+00    0.921953267987E+00    0.997462980997E+00    0.640807733372E+00    0.932834246621E+00    0.734433031865E+00    0.899820082078E+00    0.226648790177E+01
    0.774040934454E+00    0.000000000000E+00    0.565549269088E+00    0.152577504189E+00    0.795015509874E+00    0.186701299505E+00    0.489702832181E+00    0.767606326833E+00    0.462376649834E+00    0.980099927441E+00    0.106379483800E+01
    0.275873638465E+00    0.452337108867E+00    0.000000000000E+00    0.578872447365E+00    0.595865199471E+00    0.149593906097E+00    0.269480030188E+00    0.112428291111E+00    0.489242016740E+00    0.168447432635E+00    0.326634427671E+00
    0.789769045200E+00    0.307984378413E+00    0.775586890400E+00    0.000000000000E+00    0.553503875293E+00    0.630012087226E+00    0.312953790039E+00    0.592778791379E+00    0.665515159723E+00    0.855992176483E+00    0.134713879971E+01
    0.374898412284E-01    0.580909896905E+00    0.780866339157E-01    0.474269382658E+00    0.000000000000E+00    0.427702121916E+00    0.502395082093E+00    0.452060093372E+00    0.422479353371E+00    0.660719575997E+00    0.565065466411E+00
    0.987281991889E-01    0.563386901634E+00    0.938017929199E-01    0.493365938255E+00    0.452206857948E+00    0.000000000000E+00    0.128789129443E+00    0.163050936242E+00    0.354559268140E+00    0.900586472601E+00    0.442211252575E+00
    0.763057447707E+00    0.454219554908E+00    0.296139514066E+00    0.896467507609E+00    0.416582253834E+00    0.549816319853E+00    0.000000000000E+00    0.766276115627E+00    0.287771370963E+00    0.701518622564E-01    0.861306485642E+00
    0.763217311031E+00    0.618021899292E+00    0.891571912403E+00    0.436249412522E+00    0.290767998372E+00    0.904816996871E+00    0.771389672006E+00    0.000000000000E+00    0.546648861427E+00    0.196832114685E+00    0.123132261360E+01
    0.299691925814E+00    0.341698800070E+00    0.797245911061E+00    0.553326552376E+00    0.440931025232E+00    0.782445740794E+00    0.869084142558E+00    0.571185832374E+00    0.000000000000E+00    0.250178742429E-01    0.138495485485E+01
    0.919138001308E+00    0.992070263756E+00    0.225983691024E+00    0.260889019281E+00    0.385766164994E+00    0.677512523614E+00    0.160202640256E-01    0.607610725556E+00    0.986383668085E+00    0.000000000000E+00    0.124190163513E+01
    0.100000000000E+01    0.381474598374E+00    0.988586928670E+00    0.234032545420E+00    0.551833512314E+00    0.542866375414E+00    0.872146473781E+00    0.864105325041E+00    0.107987809170E+00    0.330821151689E+00    0.170175903593E+01
    0.213058304963E+00    0.100000000000E+01    0.555520435354E+00    0.946789562654E+00    0.854408130017E+00    0.851494147721E-01    0.162122991445E+00    0.955322453729E-01    0.121548399337E+00    0.524961229582E+00    0.891067777815E+00
    0.385474606281E+00    0.435222467484E+00    0.100000000000E+01    0.421431959566E+00    0.877288827458E-01    0.584509771803E+00    0.873690673168E+00    0.188880388371E+00    0.552771703573E+00    0.608831813086E+00    0.114204559027E+01
    0.714791680407E+00    0.273835062770E+00    0.413197216417E+00    0.100000000000E+01    0.884788102821E+00    0.764507297234E+00    0.247499634280E-01    0.672369465621E-01    0.430202245322E+00    0.836602836343E-01    0.132301415603E+01
    0.598434404449E+00    0.452838084920E+00    0.469725810133E-01    0.251258708142E+00    0.100000000000E+01    0.659252121021E+00    0.132683251458E+00    0.874000959064E+00    0.176642767629E+00    0.826998636443E+00    0.120409689770E+01
    0.618365191800E+00    0.368207391154E+00    0.940697446098E+00    0.553448690689E+00    0.632627566347E+00    0.100000000000E+01    0.723314827154E+00    0.566298263402E+00    0.649458885438E+00    0.602991256861E+00    0.218217193040E+01
    0.801930537629E+00    0.101089595486E+00    0.368582755715E+00    0.145466822858E+00    0.740062555036E+00    0.133040255691E+00    0.100000000000E+01    0.302898828908E+00    0.936798974849E+00    0.994595732728E+00    0.146777659936E+01
    0.510061961424E-01    0.535547866709E+00    0.482734572341E+00    0.594799364637E+00    0.336706119625E+00    0.599742666323E+00    0.981144644534E+00    0.100000000000E+01    0.739133253829E+00    0.998216663703E+00    0.223534327760E+01
    0.185825449929E+00    0.835789714796E+00    0.579325318894E+00    0.571285278479E+00    0.823380045697E+00    0.253000114000E+00    0.973965761750E+00    0.953266394841E+00    0.100000000000E+01    0.611656043762E-01    0.168420070614E+01
    0.969483022854E+00    0.155035200990E+00    0.855953065929E+00    0.323344644873E-01    0.867766848394E+00    0.434344547228E+00    0.447722232970E+00    0.154613430535E+00    0.346946728745E+00    0.100000000000E+01    0.971061177294E+00
    0.000000000000E+00    0.620900217412E-01    0.270130673933E+00    0.203340021829E+00    0.158057761305E+00    0.173246708660E-01    0.835780546509E+00    0.511271304121E-01    0.960755769205E+00    0.207100514478E+00    0.299370750914E+00
    0.997530812836E+00    0.000000000000E+00    0.273488812173E+00    0.535353014646E+00    0.860621783704E-01    0.870542587751E+00    0.364228465200E+00    0.950406043248E+00    0.312364400267E+00    0.186579967949E+00    0.625779725774E+00
    0.175100298839E+00    0.891687374036E+00    0.000000000000E+00    0.124907937758E+00    0.728498967221E-02    0.727102573584E+00    0.735024112630E-01    0.566404082519E-01    0.600203439624E+00    0.983577498683E-01    0.224629526770E+00
    0.627772781063E+00    0.944176806390E+00    0.735081032760E+00    0.000000000000E+00    0.847726523866E+00    0.499278422738E+00    0.119196651731E+00    0.813171401855E+00    0.642014970898E+00    0.912367932609E+00    0.169866124140E+01
    0.690974735717E+00    0.278221085841E-01    0.883295891260E+00    0.904433744395E+00    0.000000000000E+00    0.480556664208E+00    0.166242273883E+00    0.833248726075E+00    0.920128497416E+00    0.523213077980E+00    0.143805141067E+01
    0.624144806945E+00    0.742437314902E+00    0.221552242035E+00    0.497999264045E+00    0.921586773509E-01    0.000000000000E+00    0.638146384848E+00    0.296847417864E+00    0.170465620799E+00    0.853545690269E+00    0.908653550593E+00
    0.467480240590E-01    0.112012208357E+00    0.565535264632E+00    0.628248117792E+00    0.638031423281E+00    0.201612687582E+00    0.000000000000E+00    0.173967913993E+00    0.212793803880E+00    0.413126248488E+00    0.577078750869E+00
    0.953735513328E+00    0.240570390474E+00    0.212407082378E+00    0.600901349462E+00    0.559368250453E+00    0.570849494563E+00    0.612485690491E-01    0.000000000000E+00    0.765028112962E+00    0.176230581699E+00    0.811212659696E+00
    0.109497225331E+00    0.197876080024E+00    0.865221487112E+00    0.601406195375E+00    0.469418660885E+00    0.732149415292E+00    0.718581525040E+00    0.651029084774E+00    0.000000000000E+00    0.115290257442E-01    0.135351851512E+01
    0.121302791644E+00    0.558367728867E+00    0.610544852541E+00    0.247044733916E+00    0.313941956602E+00    0.755848634182E+00    0.590158786594E+00    0.270964075174E-01    0.944277482773E+00    0.000000000000E+00    0.471847237007E+00
    0.100000000000E+01    0.919425782269E+00    0.874920223333E+00    0.597313533832E+00    0.187405389274E+00    0.912899785956E+00    0.977694430178E+00    0.941113828499E+00    0.291900444919E+00    0.290508243580E+00    0.261803104629E+01
    0.875759565465E-02    0.100000000000E+01    0.210711625575E+00    0.280385374702E+00    0.413453554972E+00    0.390390694286E+00    0.367958101960E+00    0.535253117676E+00    0.678799725392E+00    0.140079617590E-01    0.435705795970E+00
    0.315199070347E+00    0.518956819522E+00    0.100000000000E+01    0.697602386113E+00    0.720423213042E+00    0.131331366551E+00    0.630581959454E+00    0.420609761619E+00    0.484487826561E-01    0.480929107755E+00    0.124432061570E+01
    0.186587511530E+00    0.574917764819E+00    0.985797654003E+00    0.100000000000E+01    0.462057703265E+00    0.255978154686E+00    0.155195039214E+00    0.356206586660E+00    0.225841777396E+00    0.469646438586E+00    0.137269408894E+01
    0.398065502965E+00    0.291259892604E-01    0.744658407799E+00    0.206170978829E+00    0.100000000000E+01    0.944349676146E+00    0.482434960789E+00    0.557806589663E+00    0.209107563960E+00    0.756548737861E+00    0.153677614434E+01
    0.134221787460E+00    0.773821056297E+00    0.809470853442E+00    0.772919953705E+00    0.287479220102E-01    0.100000000000E+01    0.741375762112E+00    0.292887776667E+00    0.102839342676E+00    0.144994509251E+00    0.990318780591E+00
    0.428670971555E+00    0.568469916903E+00    0.542278925048E+00    0.130819976223E+00    0.362473369571E+00    0.434464497011E+00    0.100000000000E+01    0.151653525912E+00    0.733606709520E+00    0.222182633285E+00    0.786757474279E+00
    0.597754798795E+00    0.456383818088E+00    0.808167537260E+00    0.912558781980E+00    0.595507155341E+00    0.556239001470E+00    0.952945758629E+00    0.100000000000E+01    0.132468349906E-01    0.987206271915E+00    0.230757342346E+01
    0.827785491280E+00    0.687297078426E+00    0.329824592476E+00    0.583497665756E+00    0.805183073644E+00    0.701493127233E-01    0.937396786158E-01    0.663747907572E+00    0.100000000000E+01    0.913875491793E+00    0.179396447610E+01
    0.982592586754E-01    0.818626891922E+00    0.334719678627E-01    0.103762254959E+00    0.213778242593E+00    0.388653981239E+00    0.938746822556E+00    0.376497431505E+00    0.834111633663E+00    0.100000000000E+01    0.135454396467E+01
    0.000000000000E+00    0.475794901369E+00    0.660708792887E+00    0.704907783702E+00    0.328664541742E+00    0.994651150921E+00    0.521141422662E+00    0.914516206683E+00    0.107560932093E+00    0.876645467334E+00    0.136353041616E+01
    0.324810042998E-01    0.000000000000E+00    0.867466084657E+00    0.415454122266E-01    0.955402965590E+00    0.208195404083E+00    0.870775403848E+00    0.744848489717E+00    0.901943672796E+00    0.238448756392E+00    0.109861283412E+01
    0.880158644983E+00    0.941322391888E+00    0.000000000000E+00    0.482809211421E+00    0.935829291108E+00    0.690958294746E+00    0.783845088932E+00    0.373070223847E+00    0.523463741028E+00    0.439286222118E+00    0.199751172409E+01
    0.413085821522E+00    0.638432663104E+00    0.188766192593E+00    0.000000000000E+00    0.165450043943E+00    0.984763795102E+00    0.872871550415E+00    0.600723260840E+00    0.947345142409E+00    0.955853731499E+00    0.185653432775E+01
    0.958889639854E+00    0.569130996061E+00    0.162565626275E-01    0.505341578146E+00    0.000000000000E+00    0.849315742924E+00    0.125798014229E+00    0.746637453854E+00    0.163108430160E+00    0.102878732480E+00    0.664654830451E+00
    0.298076296562E+00    0.906180064286E+00    0.395115840822E+00    0.906107325197E+00    0.480964155219E+00    0.000000000000E+00    0.973050335298E+00    0.505759132653E+00    0.810640168386E+00    0.269836806999E+00    0.133899780352E+01
    0.215488716076E+00    0.175848845552E+00    0.257225509972E+00    0.869043223128E+00    0.384361491146E+00    0.372300935284E+00    0.000000000000E+00    0.805509126943E-01    0.689069878717E+00    0.265266783465E+00    0.587319021160E+00
    0.755910690025E+00    0.561558779105E+00    0.343959405798E+00    0.228138703763E+00    0.634638890688E-01    0.254782202981E+00    0.390861750703E+00    0.000000000000E+00    0.893929950349E+00    0.274558873492E-01    0.543671846670E+00
    0.763478051752E+00    0.428156011440E+00    0.282807833681E+00    0.944653895942E+00    0.155198437476E+00    0.902035751302E+00    0.805108894880E+00    0.797996058097E+00    0.000000000000E+00    0.201639088846E+00    0.137651150295E+01
    0.445497991630E-01    0.641767036286E+00    0.374720937440E+00    0.374721161604E+00    0.396865039894E-01    0.211772230268E+00    0.343018722336E+00    0.688837074213E+00    0.833150222443E+00    0.000000000000E+00    0.413694970086E+00
    0.100000000000E+01    0.788791175276E+00    0.206989357669E+00    0.993267755098E+00    0.366542371401E+00    0.832544047718E+00    0.290612188221E+00    0.569460987548E+00    0.986213951881E+00    0.934268900086E+00    0.238643102721E+01
    0.488313984020E+00    0.100000000000E+01    0.188099903764E+00    0.917823427538E-01    0.208681699170E+00    0.811489399789E+00    0.631729850354E+00    0.944862681880E-01    0.335942706890E-01    0.723358562425E+00    0.758911720080E+00
    0.280238896176E+00    0.773203093570E-02    0.100000000000E+01    0.774613850953E+00    0.631467123984E+00    0.481448951360E+00    0.129291994821E+00    0.401116623476E+00    0.453411664291E+00    0.211230874430E+00    0.122843556216E+01
    0.773856768905E+00    0.822627096003E+00    0.730254447620E-01    0.100000000000E+01    0.276935352230E+00    0.552059767028E+00    0.484657058810E+00    0.277748882589E+00    0.354367285508E+00    0.327322722834E+00    0.111311127862E+01
    0.513246167499E+00    0.438208238117E+00    0.444314034163E+00    0.293663056262E+00    0.100000000000E+01    0.444074747641E-05    0.432267034901E-01    0.929485419835E+00    0.847576881227E+00    0.848022165739E-01    0.467446745626E+00
    0.656634159190E+00    0.652601997904E-01    0.264687115723E+00    0.368507213798E+00    0.821933628328E+00    0.100000000000E+01    0.433356223194E+00    0.491364778050E+00    0.417194265439E+00    0.736914523358E+00    0.148269731398E+01
    0.307585045944E+00    0.103337864411E+00    0.475227281551E+00    0.759305649394E+00    0.139384758889E+00    0.551475371865E+00    0.100000000000E+01    0.299195170873E+00    0.607076230782E+00    0.948540094078E+00    0.134452651907E+01
    0.736417237980E+00    0.102657196238E+00    0.657718188289E-01    0.838872544724E+00    0.340281324650E+00    0.582807669918E+00    0.136933572933E+00    0.100000000000E+01    0.960870150825E+00    0.860755801513E+00    0.129309939764E+01
    0.436312746739E+00    0.988068662841E+00    0.968904675468E+00    0.836068534767E+00    0.326374074729E+00    0.243935237467E+00    0.728640919040E+00    0.220979577265E+00    0.100000000000E+01    0.705026904982E+00    0.218683346927E+01
    0.420851371789E+00    0.351450411412E+00    0.808361844684E+00    0.133890082294E+00    0.992361582833E+00    0.172341499428E+00    0.448768663653E+00    0.743759542537E+00    0.876410281515E+00    0.100000000000E+01    0.163735136233E+01
    0.000000000000E+00    0.723534239140E+00    0.628423060941E+00    0.784527504292E+00    0.530137561299E+00    0.383538889866E+00    0.189129804504E-01    0.238971124022E+00    0.187460109810E-01    0.840217018401E+00    0.716613921026E+00
