 -1.79067033913029e+00   2.09604860833488e+00   1.65494670391293e-01   1.82561629182851e-01   4.73427155133566e-01   3.28047143659744e-01
 -1.78649009519328e+00  -2.86051474922957e+00   1.62740131448670e-01  -5.74675180481137e-02   9.08440089527495e-01   1.45883745756934e-02
  5.16888470857162e-02   1.70137415704538e+00   3.79610143948281e-01  -9.17770320728368e-01  -6.23541706926480e-03  -6.13607620636315e-03
 -8.73206309741643e-01   9.30295957500848e-01   2.04256917689722e-01  -4.94435666709096e-01  -4.39660980714471e-01   1.06086358018988e-01
 -1.95145098474260e+00   8.47737425872177e-02   2.10202881280488e-01   3.01630334189039e-02  -8.87002471955274e-01  -6.01553094291648e-02
  6.24053972052362e-01  -9.81595524859354e-01   3.96848607912570e-01   6.23203115712274e-01   2.99934262898843e-01   1.39255723506193e-02
  2.52380231077885e+00  -1.48802687469055e+00   7.74056315111170e-02  -7.99890157847832e-01   4.71526149534038e-02   1.59328873592456e-01
 -2.14004409096184e+00  -1.42094162185045e+00   9.19350001915485e-02  -5.23247957223518e-01  -1.23460655783583e-01   3.31189953643337e-01
  2.04060235618599e+00   4.30317963893120e-01   3.25055729706381e-01   1.76966784198130e-01   7.59359749733916e-01  -1.35781561756321e-02
  6.91145063296251e-01   1.82138259032341e+00   3.42565848064400e-01  -6.97022116844778e-01  -1.47595557300023e-01   1.50329822546535e-01
 -8.09521400572332e-01   2.91046766245488e+00   1.19657577905310e-01  -1.54287809899371e-01   6.88042078642702e-01  -2.01811685225607e-01
  2.19720667922170e-01  -9.09151041467816e-01   4.98780143798692e-01   6.96907472667742e-01   1.21201982297299e-01  -1.35157119237629e-01
  2.30343528873871e+00   2.37686537943117e+00   4.50900510204483e-01   4.23129261590322e-01  -4.90166943636887e-01   1.33579864575602e-02
  2.24881135607005e+00   1.56996911530948e-01   1.08381554587309e-01   9.59690435417768e-02   7.52745955586806e-01  -1.76669602264991e-01
  2.99650421504592e+00  -2.19758727086484e+00   2.34642447937070e-01  -7.64664400635012e-01  -8.09154304551808e-02  -1.47093622211852e-01
  8.94883405792823e-02  -8.34101264072736e-01   3.29002198295706e-01   6.90748891370372e-01   5.62183497613877e-02  -1.94356689077728e-01
 -1.40098924318215e+00   1.42429391651386e+00   1.94818249085540e-01  -1.60793170634354e-01  -1.38381098613040e-01   4.39451000531369e-01
  1.85361403068751e+00   4.02749957897095e-02   4.33819955418749e-01   1.03024015474665e-02   8.79753983450945e-01  -3.20534160517866e-02
 -1.02914855552743e+00   2.71927380895246e+00   3.66476271964881e-01  -1.96377208923089e-01   7.26340518629192e-01  -4.22286858129531e-02
  8.02283975506893e-01  -1.26205030038815e+00   7.31674522958325e-02   6.52580751817593e-01   2.15288208332362e-01   2.06151972633611e-01
  2.52304451348154e+00   1.90788813715458e+00   1.93874987540426e-01   7.39626798246579e-01  -1.84488805016977e-01   1.04955677258903e-01
  1.13884179906232e+00  -8.95481060255861e-01   1.42105032067293e-01   3.17601762572113e-01   5.51815371239679e-01   2.04976578147621e-01
  1.39210403078923e+00   3.06519059471657e+00   3.73208867968319e-01  -1.25909378208758e-02  -9.10633817580519e-01  -1.10967035718490e-02
 -2.86525655535677e+00   6.24451937578013e-01   8.28124669861074e-02   5.53232680387155e-01  -2.17708796692108e-01  -2.82361911603353e-01
  1.47156111700534e+00   4.31113614035080e-01   2.09384083690140e-01  -3.97027298430824e-02   8.66955114179709e-01   7.57847112167617e-02
 -2.61289560742312e+00  -2.37509952418212e+00   6.66960530940126e-02  -5.90974911771186e-01   3.58534946403151e-01  -1.28754979543239e-01
 -1.23300197320304e+00  -2.01560367456765e+00   2.83106964534836e-01   2.82690711715129e-01   3.83619935426713e-01   3.14770413211683e-01
  2.99028700419346e+00  -1.99610717030252e+00   5.44688244238347e-02  -8.90746846112873e-01  -6.15175569120990e-02  -7.21716981131981e-02
 -1.04695270615253e+00   9.14706380103202e-01   3.12892914340536e-01  -3.72316277063463e-01  -4.96178662879315e-01   1.66615502670508e-01
 -1.12085049420035e+00   1.07990285835281e+00   7.70169638905111e-02  -3.77695486104992e-01  -4.18005955274358e-01   2.85379657273754e-01
  1.76806309629964e+00   2.05916771873746e+00   1.14973643092194e-01   1.69143791117529e-01  -4.49629910785193e-01   3.54061821427352e-01
  3.04557732096129e+00   1.96025939229377e+00   3.67804374868913e-01   8.55544846373778e-01  -3.38187202268965e-02  -5.82545335317815e-02
  3.46963295568998e-01   2.52990194981144e+00   2.40155927971289e-01  -5.14707194148753e-01  -2.65331154762943e-01  -2.51903395675935e-01
  1.74700001856672e+00   8.62261190285249e-01   1.81135922470654e-01   1.28367355898299e-01   6.17853101075413e-01   2.53841825998006e-01
 -1.12686339003767e+00   1.73583516239942e+00   3.77489901433970e-01  -3.92850743529045e-01   1.37576933930693e-01   3.39014839987613e-01
 -1.69166967975365e+00  -2.02141405438843e+00   2.44399229431073e-01  -1.03364827345094e-01   4.11719253675223e-01   3.60833919031560e-01
  7.96631715750649e-01  -2.93563120798062e+00   2.82097813664202e-01   1.35132407843989e-01  -6.61499142772631e-01  -1.99626149391698e-01
 -1.57693340438697e+00  -4.84368850804398e-01   7.93552079182019e-02  -2.81271481476308e-03  -8.71018106740591e-01   1.05009402256537e-01
  8.71204509522410e-01  -2.76468375773360e+00   6.17245369752334e-02   2.34080561890148e-01  -7.02671690086388e-01  -1.36173457747749e-01
  1.21733654331430e+00   6.80919583075187e-01   4.08998226575648e-01  -2.00786734462606e-01   6.71705856579946e-01   1.17369978355616e-01
 -2.73833804146547e+00  -1.87645392655448e+00   2.16936500923320e-02  -8.73358339236814e-01   1.17574122661387e-01   3.14437912893252e-02
 -5.29458915897473e-01   2.93578238437768e+00   2.50192344311414e-01  -1.67770886421129e-01   4.70276729969460e-01  -3.18091363145279e-01
 -2.04218338188397e+00   1.60200665515375e+00   3.00095244883431e-01   4.27460045468755e-01   2.61824317685332e-02   3.51561416230610e-01
  1.64601517573739e+00  -2.35153320468916e+00   2.04502706238370e-01  -5.12453143676427e-02  -6.73687569869832e-01   2.29909533485073e-01
  2.49304292989040e+00  -2.46504743353060e-01   1.50491159683128e-01  -1.88705010432141e-01   5.68404093794560e-01  -2.70987782711760e-01
  8.56180518818943e-01  -8.56256025175900e-01   2.76152382408367e-01   4.68431178301417e-01   4.68359729125301e-01   6.32020114223290e-02
  7.21497583881057e-01  -9.11981546779806e-01   1.79431640086210e-01   5.72757673191480e-01   3.90097583725258e-01   2.86244004441672e-02
 -1.24189950832031e+00   1.37906213079473e+00   5.38839669085542e-02  -3.13681530691243e-01  -1.78414221658054e-01   4.20516875596085e-01
  2.02738134814718e+00  -2.99674661202698e+00   3.64701232066192e-01  -5.91609651427236e-02  -8.25687500151065e-01  -7.49945118097231e-02
  1.70362425369510e-01  -7.11556048989484e-01   4.29676785470261e-01   5.90564762194191e-01   1.17826904472740e-01  -2.29397550425482e-01
 -2.65819371443380e+00   2.61032088694802e+00   4.42208029080848e-01   4.10611244276655e-01   3.66807273746445e-01  -2.20904270095130e-01
  1.60095490757110e-01   6.96518205186272e-01   4.75951721275706e-01  -5.75838688167484e-01   1.11178972734350e-01  -2.32700508366491e-01
  1.17809882458565e+00  -1.31720292523937e+00   1.17729905059765e-01   3.61822162413665e-01   2.26392890857691e-01   3.77121648641218e-01
 -1.56868199081024e+00   2.34317899843931e-01   5.76719367153279e-02  -4.85275512241121e-04  -9.61516056876840e-01   2.63368230485632e-02
 -2.95258066492060e+00  -1.92554453220856e+00   1.17428420442091e-01  -8.99654204253540e-01   6.37489874714743e-02  -4.07182129688585e-02
 -2.59287887876262e+00   2.90703699520049e+00   1.81200093987585e-01   1.91234566470591e-01   4.89252218140430e-01  -3.13405305629873e-01
 -1.25699375921226e+00  -2.82229670905430e+00   4.92063371360944e-01   8.78120275370575e-02   8.18449128351295e-01   1.33471549999393e-03
 -2.87556495565042e+00   1.54758531401045e+00   2.22252140946705e-01   9.22626651667441e-01  -5.83636815422753e-03   3.13723675745300e-02
 -2.43833152811414e+00  -2.47112357273511e-01   2.26908898607462e-01  -1.78291785527898e-01  -5.99242120258552e-01  -2.38324966606724e-01
  1.82657077338591e+00   5.90666407701057e-01   4.70601082410961e-01   1.28240213790918e-01   7.31369194214719e-01   1.01956237826493e-01
  2.60137881496634e+00  -2.00151373396979e+00   3.68963774030633e-01  -7.23837086447815e-01  -1.99464357375022e-01   3.89114030563719e-02
  1.26380358321883e+00   1.24785599067763e-01   1.01546000287348e-01  -3.68554326363191e-02   9.26819167078269e-01  -3.64058260523659e-02
 -4.44382634128228e-01  -1.40726880108917e+00   4.65046043468782e-01   8.11712034002228e-01  -6.37717247551818e-02   6.57194090610319e-02
 -1.84689092533972e+00  -1.04209866224903e+00   2.66470649209098e-01  -2.23164693367147e-01  -4.60119110079136e-01   3.01696554173596e-01
  1.60076685590727e+00   2.95760628678918e+00   1.26319449537170e-01   5.34552150349542e-03  -9.58165340408413e-01   1.54839173499816e-02
 -5.58772813172141e-01  -1.85057963309097e+00   3.14800667306764e-01   7.65209113556054e-01   1.37465348249824e-01   9.02834403247289e-02
  2.47125972184160e-01  -1.26195732854685e+00   4.88577090622314e-01   8.37749821109285e-01   6.74307067592438e-02  -1.33855339661031e-02
  3.00399409103379e+00  -9.09960036430498e-01   1.87000575775490e-01  -7.53309887621854e-01   8.10981126951626e-02  -1.66056762998301e-01
  7.74555221250932e-01  -6.16118489954978e-01   1.67551390598256e-01   3.99412309789603e-01   5.51987550789158e-01  -8.27192957725024e-02
 -2.01881579356462e+00  -4.67189439784826e-01   1.49376677694766e-01  -1.89353292282341e-01  -7.81034898628593e-01   7.15679992170431e-03
  1.48368164004421e-01   1.31156855659369e+00   6.52667665716581e-02  -9.43571400290090e-01   3.74010456205293e-02  -2.13625321693808e-02
  2.08448874045516e+00  -2.89337699398579e+00   1.36416558534011e-01  -1.17474457347662e-01  -8.21521464494336e-01  -8.57482027618278e-02
 -2.87766411952893e-01  -2.75147033076854e+00   9.01726025545228e-02   3.58146033956504e-01   2.57794956800517e-01  -3.73686430643510e-01
 -2.45541453449181e+00  -2.91825215200942e+00   2.62332486834775e-02  -1.70462907153673e-01   6.14615440973148e-01  -2.71888486974765e-01
 -2.51363441657180e+00  -9.14152904049276e-01   3.66350387784660e-01  -5.95663192227252e-01  -3.33304280556139e-01  -1.18820760245950e-02
  1.88256622906337e+00   7.27746909878077e-01   1.29167455155194e-01   1.98838903819087e-01   6.92555215864966e-01   1.65420909700381e-01
  2.86207998937202e+00   1.73205338645493e+00   6.56084197229134e-02   9.36352262957336e-01  -4.37187615974969e-02   2.45153971526068e-02
  2.17254482059880e+00   1.22133362566423e+00   4.69326347403339e-01   4.84216181696297e-01   2.56962563239134e-01   2.33034073743223e-01
  2.30596956466584e-01  -3.13419590031589e-02   4.32366051430044e-01   2.79801212321638e-02   2.09521991409630e-01  -3.98207014319828e-01
 -6.81129825853378e-01  -2.75528297735180e+00   3.71665655893603e-01   2.71731903600523e-01   5.41484083514327e-01  -1.98897842707989e-01
 -9.44266065063888e-01   2.55016764048622e-01   3.67014141928458e-01  -1.37442320975798e-01  -7.28391333899305e-01  -1.20951919768442e-01
  1.20218699909207e+00   1.53679097154792e+00   3.91888386820183e-01  -3.32963358570636e-01   2.93242432636412e-02   3.71466038409291e-01
  1.87460547265352e+00  -2.90130925534209e+00   2.15366744060453e-01  -6.81913623691203e-02  -8.87717724664458e-01  -1.50745384998530e-02
  8.18740435877260e-01  -1.58658976469829e+00   1.41288378544522e-01   6.64024966029559e-01  -1.12119051313659e-02   2.51888556651756e-01
  2.31421416028932e-01  -1.59289146985650e+00   1.05465164252886e-01   9.52793030600539e-01  -4.96159135509413e-03   2.49827687949385e-02
 -1.63151414264703e-01  -1.98184584381524e+00   3.21265103717348e-01   8.48237556905498e-01   6.08628596196912e-02  -5.86013280618357e-02
 -9.93287166301326e-01   2.09052321618344e+00   3.31649376689732e-01  -4.43439476124950e-01   3.89395634564487e-01   1.99365922957197e-01
  2.53179746683183e-02  -1.74326127665783e+00   4.13580309789894e-01   9.06664324213913e-01  -3.99949526961181e-03  -1.22084447728769e-02
 -7.50627462476302e-01   2.11959983627760e+00   1.48687921334524e-01  -6.05595439766840e-01   3.45402081321444e-01   9.09850165957041e-02
  1.46348805545834e+00  -1.67630203448603e+00   2.36800728397523e-01   1.01580296947763e-01  -9.98611138895144e-02   4.44552547030787e-01
 -1.50605723332751e+00   8.41500842209340e-01   4.27524459588724e-01  -4.42853878261803e-02  -6.10455161687559e-01   2.32532084171815e-01
  1.79320748788204e+00  -2.16347214008681e+00   3.75867442036332e-01  -1.69711934641394e-01  -5.05368960532446e-01   2.75042417017769e-01
 -2.62759535791345e+00  -1.72439202992636e+00   2.23768254967940e-01  -8.22871687887954e-01   7.19284069853667e-02   9.98160784142389e-02
 -5.76564838087314e-01   1.78922493326761e+00   3.29285038858654e-01  -7.66258345307590e-01   1.10602034180973e-01   1.09674115811231e-01
 -2.02898648651363e+00  -4.04431473760628e-01   6.00357830942894e-02  -1.71976063105653e-01  -8.14661170758422e-01  -1.99221755081567e-02
  1.56029544967346e+00  -2.82252765336918e+00   3.58211609551313e-01   3.06611909682408e-03  -8.83833542308776e-01   4.25819843070335e-02
 -2.77173819810386e+00   1.18737775566168e+00   2.75832074358130e-01   8.18271512258052e-01  -1.27969085774080e-01  -4.15438119834996e-03
  1.48052775589441e+00  -3.79691774042134e-01   3.41256974255780e-01   3.12069199622080e-02   8.63971330061103e-01   5.63762280474434e-02
  1.01967376454075e+00   9.42028192142259e-02   2.39200265961654e-01  -4.69548830361870e-02   8.08539182158698e-01  -1.20571295541744e-01
  2.65727586453613e-01   1.22294757558224e+00   7.66461799409955e-02  -8.93312685283177e-01   8.81561914501375e-02  -2.29028768196400e-02
 -2.12379858637917e+00  -5.61426692185369e-01   3.07833488381499e-01  -2.62940104295712e-01  -6.77316757676946e-01   3.34303480118241e-03
 -2.55770293928635e-01   8.67813586059173e-01   8.76451086284568e-02  -7.25273158665421e-01  -1.60715502555249e-01  -1.70879529142152e-01
 -1.72665277909922e+00  -2.65815968380118e+00   3.17370601741959e-01  -6.77149912747186e-02   8.20878647678859e-01   8.45388766231432e-02
  2.91646938101929e+00  -5.74938318387653e-01   8.14033137776471e-02  -5.21501646869890e-01   1.84312185320522e-01  -3.16751370736224e-01
  3.07256225580147e+00  -1.12796697234271e+00   1.74192993442598e-01  -8.70528510399125e-01   2.85439194850552e-02  -8.34074393145766e-02
  2.95933724788802e+00   1.33277306515282e+00   1.99697456006927e-01   9.18291950900577e-01   4.10618696159863e-02  -1.04981753335127e-02
 -1.71023686588972e+00   2.36789263621126e+00   4.02004632522008e-01   8.96205785108185e-02   6.53661488337955e-01   1.99661142902631e-01
 -2.39662171677309e+00   7.88235263177968e-02   1.68100261901822e-01   5.59700838122112e-02  -6.53501186209579e-01  -2.49722676169356e-01
  2.02334032563663e+00  -2.10264346834753e+00   4.23430820053166e-01  -3.46257019869006e-01  -4.19044445100115e-01   2.32842019937792e-01
 -2.55706172652205e+00   1.93362064107567e+00   1.35306636640301e-02   7.77570907793370e-01   1.95316359492503e-01   8.87816437771476e-02
 -1.98677350812891e+00  -2.94067721365016e+00   1.45441701229340e-01  -7.83296576271861e-02   8.70624664875726e-01  -5.82398488655050e-02
 -8.79803066809591e-01   4.04495182286221e-01   2.53933623804522e-01  -2.38393631152876e-01  -6.73345522488334e-01  -1.13500376700874e-01
  2.93248729558183e+00  -2.48427500031467e+00   7.72372266128451e-02  -5.88524529288916e-01  -1.61812213066035e-01  -2.82919264684606e-01
  9.65121871296324e-02   2.38824926753124e+00   3.13574595739165e-01  -6.39506796791010e-01  -6.60146317541403e-02  -2.30562225422932e-01
  2.79700186901286e+00  -2.88337259027501e+00   5.97748073918433e-02  -2.37492130329532e-01  -3.22730370070155e-01  -4.00642535541077e-01
  1.91809184062972e+00  -1.15211142286259e+00   1.98561818483463e-01  -2.98850704353307e-01   3.67402345369186e-01   3.31990009163904e-01
 -1.19610312671924e+00  -8.42497425141782e-01   3.80608962403927e-01   2.53118778286474e-01  -5.74020082006696e-01   1.81644108203143e-01
 -1.37807011063014e+00   2.21430395318605e+00   1.92818841775569e-01  -1.47430983279745e-01   5.66618795152312e-01   2.79262738294312e-01
  2.79069901121151e-01   3.48541452345176e-01   2.52889316476171e-01  -3.12121840031451e-01   2.46129745278332e-01  -3.64897078445091e-01
 -1.75639233294975e+00  -3.03075022667884e+00   3.81022576184373e-01  -1.89144470402451e-02   9.05124396128754e-01  -9.36617254294062e-03
 -2.69418224834389e-01  -1.96118524331191e-01   4.68716260530581e-01   1.71026146064512e-01  -2.37706984784993e-01  -3.69412602903513e-01
 -4.09190031485478e-01  -2.78376750938533e-01   1.39743512460681e-01   2.45160518548627e-01  -3.72005867162569e-01  -3.62268447173618e-01
  2.06311398441672e+00   2.74694262398224e+00   3.48110887057341e-01   1.69512089760170e-01  -7.58788894595071e-01  -3.28812295373094e-02
 -2.92973794085688e+00  -1.53338969590944e+00   2.12491225128910e-01  -9.36309539893008e-01  -7.53659385674711e-03   1.96637380248919e-02
  2.28088555420319e+00   2.84051214558029e+00   3.36768905983864e-01   1.80730659305354e-01  -6.77021928493469e-01  -1.47278272149634e-01
  2.99108161181352e+00   1.36795880697682e+00   4.08068196277969e-01   8.92527805496024e-01   2.78387166754275e-02  -7.68657184268615e-03
 -6.69143631841576e-01  -2.92078706820410e+00   3.42660258964699e-01   1.60407198618931e-01   5.65164212970645e-01  -2.47293219366462e-01
 -2.92764473374739e+00   2.08833245199463e+00   2.09951024752259e-02   8.45668490755245e-01   1.04602865258745e-01  -9.90092881958924e-02
  5.98397897793833e-01   2.20593240525714e+00   4.39189117398875e-01  -6.09185148427036e-01  -3.06106226093139e-01  -1.45382596770034e-02
  3.04692452878830e+00  -1.15186869872399e+00   1.44030967784942e-01  -8.83611568574138e-01   3.73598587380206e-02  -7.38859954964253e-02
  2.45656849370219e+00   4.12918975175466e-01   2.10809974926128e-01   2.97926620824706e-01   5.55590489188185e-01  -2.01598951911829e-01
 -1.37241100309338e+00   4.54210341383476e-01   3.25940752642539e-01  -8.10151353577930e-02  -8.25384780068199e-01   6.74391063868973e-02
  2.43427435075605e-01   2.69839343136323e+00   3.50122091563924e-01  -3.88042366345899e-01  -2.03017375714667e-01  -3.29474000770920e-01
  7.86115320997389e-01  -2.79188497816257e+00   2.01977259203734e-01   2.32512633396431e-01  -6.38464826044677e-01  -1.76126108414006e-01
  2.20584828572805e+00  -2.79393384316888e+00   5.74784001824931e-02  -1.99798348424031e-01  -7.48226631646869e-01  -1.15237013275533e-01
 -8.40340354972836e-01  -2.68463811045838e+00   2.77827506880640e-01   2.78472765168460e-01   6.32317324234894e-01  -1.12074481849903e-01
  7.41495838670112e-01  -4.78004929402178e-01   4.16209981022276e-01   3.12142132116420e-01   5.51791941603840e-01  -1.40642380884228e-01
 -1.66442957333136e+00  -1.73614257442632e+00   4.54166641893637e-01  -8.42137432831643e-02   1.49643781720805e-01   4.01999543998917e-01
 -2.01250385802655e+00   1.43580844671035e+00   1.47531969708669e-01   4.11278737794941e-01  -1.18124525557875e-01   3.76675513823003e-01
 -1.14608508198409e-01   2.06099279332886e+00   1.94324243660771e-01  -8.43042798383757e-01   5.17872255370349e-02  -9.64879409075407e-02
  1.38429742034760e+00   9.48472393592894e-01   4.82349742720601e-01  -1.36803326196168e-01   5.20138896687966e-01   2.58003339801612e-01
 -1.50091071880268e-01  -2.95767725707203e+00   1.10954643167886e-01   1.76855826685734e-01   1.43780136047499e-01  -4.51603620110639e-01
  9.79065278386955e-01  -7.29744482162722e-01   3.76689823181077e-02   3.69081633801050e-01   6.13975499188249e-01   6.56640603511176e-02
  2.32257682711924e+00   1.92636267641888e+00   4.40026689421813e-01   5.86287287372613e-01  -2.32870895745690e-01   1.72922804464013e-01
 -2.02423820903170e+00  -5.07965397622022e-01   1.14426687277437e-01  -2.08252798296646e-01  -7.67669330937062e-01   2.13438824332240e-02
  2.82639872416713e+00  -9.73222638937621e-04   1.18827379587156e-02  -9.23081567721141e-04   3.09264849297159e-01  -4.49806201312532e-01
 -2.11608891882827e+00   3.45531663090983e-01   1.57767477379895e-01   1.70214862120082e-01  -7.79455980217037e-01  -7.24322752808913e-02
 -2.38315198509040e+00   7.81143331459639e-01   2.76117579403506e-01   4.83646902937065e-01  -4.62165817314377e-01  -1.39684161851570e-02
  8.35135314468945e-01   1.73534239100714e-01   3.68908792971518e-01  -1.07629874094749e-01   6.78312560662926e-01  -1.81419014105863e-01
 -8.31612788917866e-01  -1.63144043582091e+00   1.30806086636845e-02   6.70689424755572e-01   4.46726515178488e-02   2.69822348332115e-01
 -4.93282601088145e-01   1.69156440129815e+00   6.23632472697410e-02  -8.63529998058562e-01   5.63400437258051e-02   1.02270126134020e-01
  8.49409793134335e-01   5.37432039557020e-01   3.68173459354756e-01  -3.14092355725019e-01   5.99244406091694e-01  -7.51247446235412e-02
 -2.54913893476445e+00   1.83935243362973e+00   2.25539783439452e-01   7.64559613842898e-01   1.41630222376244e-01   1.10289279883727e-01
  1.81322309594242e+00  -3.01431583409805e+00   1.63523056515508e-01  -2.94910977209435e-02  -9.31923951703436e-01  -1.94438215775125e-02
 -1.69131600420212e+00  -1.23398800949995e-01   4.92623929704615e-01  -1.34098993983579e-02  -8.92759576789344e-01   2.85484025623774e-04
 -8.29982935291447e-01   2.64626689033460e+00   3.54597920601434e-01  -2.98824686637866e-01   6.04783644999017e-01  -9.95958644629491e-02
  1.74230345892217e+00  -1.71283442395949e+00   2.51851000340141e-01  -1.60649644790330e-01  -1.32632262652883e-01   4.29856287414374e-01
 -8.29221565126061e-01  -2.15648012772316e+00   3.15562603371576e-01   5.28448943727143e-01   3.82684684410641e-01   1.04982591471804e-01
 -1.41290890779919e+00   2.05522844279891e+00   1.31825822083665e-01  -1.35520503704383e-01   4.47946043016031e-01   3.59720816452513e-01
 -8.07573125402563e-01  -2.77154865872251e+00   9.05844917407498e-02   2.45508142115674e-01   6.61603724494375e-01  -1.67343768890042e-01
 -8.77290553159111e-01   1.21721050372110e+00   5.02263118074319e-02  -5.93698114771715e-01  -2.63618932271522e-01   2.31049739088188e-01
 -1.21799822560065e+00   5.29354638972722e-01   3.46533203029939e-01  -1.62798717546125e-01  -7.55737079936187e-01   5.90302481996470e-02
  2.99362702673803e+00  -2.45608578515113e+00   1.65938633719465e-01  -6.05708596994662e-01  -1.10397134287143e-01  -2.70203329386887e-01
 -1.82161382471694e+00  -5.24872021995145e-01   4.30953353988156e-01  -1.14100864729797e-01  -7.69081720801782e-01   7.97480519346734e-02
 -9.15437716002310e-01  -2.48269932619190e-01   4.87631644420318e-01   1.35841288852695e-01  -6.97108373162284e-01  -1.27960339991323e-01
  8.33876693316169e-01   1.72725995792763e+00   2.65441280182543e-01  -6.29480077066262e-01  -1.09429343167814e-01   2.35662010357807e-01
  7.20788357591725e-01   2.67199193373175e-01   3.55465705951112e-02  -1.96957526895466e-01   6.32047889551652e-01  -2.43866657355144e-01
  2.85999493426342e+00  -2.87447387186718e+00   4.12163657276539e-01  -2.33493962303111e-01  -2.46826764677360e-01  -3.61719950077726e-01
 -8.72904805604635e-01   1.60311845607905e+00   4.66871392632415e-02  -6.36298742876523e-01   2.45307382388537e-02   2.87587018901100e-01
 -2.52560189018197e+00  -1.55319358624346e+00   3.32299231296090e-01  -7.63601744352945e-01  -9.51585465108790e-03   1.45997902125839e-01
  7.59528934643457e-01   2.31088123881323e+00   4.01783044410770e-01  -4.94121802538294e-01  -4.28490977456835e-01   8.25715978634641e-03
 -1.86291361691065e+00  -2.87314801641187e+00   3.17116369909919e-01  -7.16877142958806e-02   8.66595447387552e-01  -5.54272597389835e-03
  1.06753527007911e+00  -2.70195665360312e+00   3.27231587211838e-01   1.92261603785246e-01  -7.42492515348853e-01  -2.25709095613104e-02
 -1.43853618546373e+00  -7.41178871749284e-02   3.76172879455694e-01   9.05760636981608e-03  -9.16900960130647e-01  -5.12206866407605e-03
  2.59604021480516e+00   1.00481201239595e+00   3.62235508608283e-01   6.71113185923057e-01   2.58807624059558e-01  -7.92161797612817e-03
  4.48280861212441e-01   2.93152464999501e-01   3.37259933615878e-01  -2.43432887187260e-01   3.87861755350451e-01  -3.18345016076833e-01
 -2.53910942904592e+00  -7.49716847658002e-01   4.19996019141396e-01  -5.16217423824210e-01  -3.81334681806660e-01  -9.06699343887677e-02
 -2.97032853193834e+00   7.06157994218266e-01   2.43252568568500e-01   6.09058171400641e-01  -1.23514428343150e-01  -2.49440699800102e-01
  4.03108230498452e-01  -2.65372594207786e+00   2.13048279447576e-01   4.13184889519923e-01  -3.32059292349086e-01  -2.87613748076939e-01
 -2.55655003797130e+00  -2.14266152726584e+00   2.50936154582804e-01  -6.66727751900937e-01   2.84241018601483e-01   5.45612419871355e-03
  1.71683218455701e+00  -3.81883057284507e-01   4.29258935833758e-01  -4.97682671340707e-02   8.42556197424620e-01   4.95679204261574e-02
  2.05436393917373e-01   2.53678031508748e+00   5.79118712990601e-02  -5.50240916074022e-01  -1.65875191754253e-01  -3.10264681948024e-01
  2.05448561193348e+00  -2.61130494464006e+00   4.43789702713351e-02  -2.33134441824543e-01  -7.56953119727605e-01   1.94245875741113e-02
 -1.48350013614123e+00   2.42946397904820e+00   2.22820909972552e-01  -5.44878506302158e-02   7.21222533885025e-01   1.91814454382502e-01
 -2.38198997100324e-01  -3.04092907930605e-01   4.17003676339195e-01   2.67690344681551e-01  -2.07112966312596e-01  -3.61682180835815e-01
 -2.16633533248001e+00   1.70120989543134e+00   1.19317564870282e-01   5.43075960039183e-01   1.05117959464403e-01   3.18632825698689e-01
 -2.09174772210813e+00   1.46574140010100e+00   8.98092272311421e-02   4.86150548418936e-01  -8.93323907989671e-02   3.57567923845060e-01
 -6.80036183520186e-01   1.95841604816370e+00   2.05564872499683e-01  -6.90868974603520e-01   2.28111663817285e-01   1.16304011689855e-01
 -1.55132958775042e+00  -2.84623087669818e+00   7.29190663609925e-02   5.58410268582716e-03   9.42667211926733e-01   4.09636624510103e-02
  3.04595347791600e+00  -2.01684577784310e+00   1.77404926166901e-01  -8.66731066982667e-01  -3.97602784555189e-02  -8.24334047658765e-02
  5.77181533659956e-01   7.77822360811151e-01   4.76896428356916e-01  -5.34555952004152e-01   3.53389069192711e-01  -8.66930048676444e-02
  1.58763103683605e+00  -1.23388444876261e+00   3.98724663877027e-01  -1.46697637643380e-02   3.05193009356464e-01   3.79583914073955e-01
 -2.15660848937898e+00  -2.71634338998377e+00   4.36912117039347e-01  -2.09003044916319e-01   6.95537259379973e-01  -5.68767139453327e-02
 -1.89992340622230e+00   7.00535290022534e-01   4.10753942460774e-02   2.06649825469252e-01  -7.17543770589203e-01   1.53002723203253e-01
  1.90581514316577e+00   5.54338730499124e-01   3.18830440655581e-01   1.62375927517321e-01   7.53373940895451e-01   7.43719629397220e-02
 -2.48451230240624e+00  -1.24952688495739e+00   3.73760877166077e-01  -6.97156594977209e-01  -1.78983394008131e-01   1.17706167366762e-01
  2.28612830823061e+00  -2.13152377615432e+00   3.18690071116501e-01  -5.21136364636530e-01  -3.76655727829855e-01   1.26335391858276e-01
  8.79050481774387e-01  -2.12129109565292e-01   4.25813078094636e-01   1.23337008883043e-01   6.91408724492614e-01  -1.52892562103575e-01
  1.27441351949211e-01  -9.46575734890336e-01   1.56550871732061e-01   7.80029349178511e-01   7.19937572793480e-02  -1.52845623210771e-01
 -2.59540595146705e+00  -1.83968480458682e+00   8.46186478511226e-02  -8.09981570286663e-01   1.35676753251073e-01   9.63020692071917e-02
 -2.42135862327859e+00  -1.99814089834556e+00   3.75985669682444e-01  -6.34502492677496e-01   2.53556681795608e-01   1.13244611810980e-01
  4.16412607791942e-01   1.17878815916206e-02   4.74922723812500e-01  -9.80347240127291e-03   3.67805320082757e-01  -3.45785117678949e-01
 -1.48433282639012e-01   1.65840417150684e+00   4.61778353871362e-01  -8.98296516728030e-01   1.17981281493455e-02   5.90902260621165e-03
  1.62987497483404e+00  -2.76395794928181e+00   6.74541230971760e-02  -2.14792427043491e-02  -9.15483354569693e-01   6.44719231575424e-02
 -4.63308840711293e-01   2.54051343094191e+00   1.03454908009671e-01  -4.95553324851648e-01   3.61030757969645e-01  -2.30483791689236e-01
  2.90892644789341e+00   1.83507886957874e+00   1.81080508975577e-01   9.05862664827366e-01  -5.80872112746563e-02  -7.00872430007079e-03
 -2.94204455587134e+00   1.73083399584962e+00   4.77104329030705e-01   8.79567289561159e-01   2.87135932115114e-02   5.74235277453050e-03
 -2.52349225933913e+00  -3.95629511988167e-01   3.16337680240154e-01  -2.94828918493502e-01  -5.01942253756063e-01  -2.27189033713303e-01
  2.14876047246986e+00  -1.32957691118187e+00   1.40993100433791e-02  -5.29008665345600e-01   1.99522671891360e-01   3.20421617299149e-01
 -2.51467251241766e+00  -2.74573359780690e+00   1.80634009912585e-01  -3.01194239753793e-01   5.22079022116933e-01  -2.35899420313492e-01
 -2.60052960006530e+00   2.13174732435956e+00   4.73464232541198e-02   7.18960872631199e-01   2.71418640367858e-01  -8.70420666248915e-03
 -1.23783357336733e+00  -5.17041087357139e-01   4.78189096179511e-01   1.46826935835738e-01  -7.46612445141414e-01   5.67872463233087e-02
  1.96848416898988e+00  -2.26904876322649e+00   4.30254576582097e-01  -2.72190015538565e-01  -5.43838707363120e-01   1.83833093776998e-01
  1.91845130115243e+00  -1.58064411485222e+00   1.16271121334154e-01  -3.32846705110496e-01  -9.04567202063049e-03   4.21833126631532e-01
  1.65773212018844e-01  -1.60870413686084e+00   1.80212311664773e-01   9.50692215184324e-01  -6.03246816059275e-03   1.19998674676193e-02
  3.57092165479382e-01  -1.56144551461867e+00   2.46688830070084e-01   8.91774633629573e-01   3.11119208355879e-03   5.53129418282658e-02
  2.89535705104636e+00   1.55534935689042e+00   1.38859626070744e-01   9.43160678907690e-01   3.66199788647173e-03   2.79902437506363e-02
  1.52681833531488e+00   1.83630835393771e+00   1.18538192662520e-01  -4.14293219370582e-02  -2.56007818190907e-01   4.43090516609528e-01
  1.38305132297197e+00  -3.46563138693400e-01   2.69426343328805e-01   6.00711150013006e-02   8.75544789193586e-01   3.61548107207072e-02
  1.74529425490925e+00   2.56476378896911e+00   3.01013203375901e-01   8.91514718101235e-02  -7.77238317766661e-01   1.18482343697039e-01
  1.88751539182021e+00  -2.60685025763577e+00   2.38276031454404e-01  -1.51334725779490e-01  -7.79556349694695e-01   7.39593178260936e-02
  3.50782090914642e-01  -2.71521976681448e+00   3.24979066895401e-01   3.63945801107613e-01  -2.93179267131343e-01  -3.12110963928357e-01
 -1.50329301100065e-01  -3.58007020200966e-01   4.31251330155050e-01   3.17826789024037e-01  -1.28677142434705e-01  -3.59675442728626e-01
 -1.48020535602752e+00   2.96469065240331e+00   2.17875272549295e-01  -1.52416344955314e-02   9.38555301627076e-01   1.04416460079221e-02
  2.01761217513885e+00  -2.35729947445318e+00   3.98503239886800e-01  -2.81819767313755e-01  -5.89487090656114e-01   1.33094155781064e-01
  5.78479495867472e-01   8.97800108717292e-01   4.89139902502353e-01  -5.93711545843056e-01   3.09045916828067e-01  -3.68409769802691e-02
 -2.02173253263147e+00  -2.85028966761639e+00   2.51007807562686e-01  -1.19036066115118e-01   8.19909821763467e-01  -4.85904248607014e-02
 -2.92313514293138e+00   2.57916015658355e+00   4.67291666946048e-01   4.74124349213461e-01   1.66981653922032e-01  -2.77339266065667e-01
  1.83610794960716e+00   1.94897862546753e+00   2.00052869655452e-01   2.34124174412859e-01  -3.42337869169500e-01   3.66891191672294e-01
  2.03273223799279e+00  -1.90748236154901e+00   3.77295989562596e-01  -3.90084464744859e-01  -2.74241491120749e-01   2.97630129330649e-01
  1.60544938573994e+00   2.67693484533450e-01   1.02344732056244e-01   8.97849508224982e-03   9.44277049300684e-01   3.30028996067881e-02
  1.97123602783642e+00   2.56823041138859e+00   1.78408829037125e-01   2.04051057246368e-01  -7.46505154328931e-01   6.62495602330930e-02
  2.45209636853761e+00   1.77256081656996e+00   2.91884174529322e-01   7.13050339542564e-01  -1.20254119608875e-01   1.62178216756611e-01
  2.71996132046092e+00   2.73012199093735e+00   4.34254183055954e-01   3.34573233992180e-01  -3.43888517027966e-01  -2.82654620146541e-01
  1.39687340756153e+00   2.11599816959612e+00   3.15021498914134e-01  -1.38924962253615e-01  -4.79579242468357e-01   3.09055493712662e-01
  1.63298089114507e+00  -1.36813624125972e+00   3.72839961652215e-01  -5.64986396828720e-02   1.86451814700649e-01   4.11613015590621e-01
 -2.61751193304717e+00  -3.00764010622752e+00   1.94690449256525e-01  -1.11211716766304e-01   4.76994850741984e-01  -3.38461547940690e-01
 -3.71283692730604e-01  -1.47926601809621e+00   1.38923583082603e-01   9.02533365412785e-01  -3.22532284730208e-02   5.83072278550918e-02
  2.29109908898333e+00  -2.88116433294555e+00   4.56894463284198e-01  -1.55014116111225e-01  -6.62838633383161e-01  -1.53593375365692e-01
  2.44711514379151e+00  -1.10817485902243e+00   1.70744972489111e-01  -6.64534440785045e-01   2.76032989978432e-01   9.82548564329429e-02
  2.89377774211161e+00   5.85011307243900e-01   6.34795693079226e-02   5.28585562988923e-01   2.01916687925753e-01  -3.09490892243588e-01
  2.35779306804498e-01  -2.65171340018128e+00   1.59035226416707e-01   4.43178520028790e-01  -1.99673818945245e-01  -3.39708678103264e-01
  2.54820558101290e+00   2.32888211635879e+00   2.22306908580843e-01   5.75838310984803e-01  -3.67730505441447e-01  -7.32059088300851e-02
 -1.78332074149863e+00   1.59562869474747e+00   2.93851601897675e-01   1.98827787765397e-01   2.28858650475341e-02   4.24499674968289e-01
 -1.41906106045793e+00  -5.88385550834133e-01   4.08541085744851e-01   7.73109488468073e-02  -7.57764783280618e-01   1.21100589876576e-01
  2.57056490779972e+00  -2.16400336036649e+00   4.16695549518119e-01  -6.41822749756893e-01  -2.77990066274899e-01  -8.62118773117902e-03
 -8.05884948667881e-02  -1.44804232863761e+00   4.02163609816303e-01   9.12801565060731e-01  -9.09527359840419e-03  -3.62382108292026e-03
 -1.45318221664161e+00  -1.01358901209742e+00   3.40107910373150e-01   9.30440339138113e-02  -4.90629973016015e-01   3.08354178971397e-01
 -7.76224530828261e-01  -1.12674008263097e+00   3.03449753783368e-01   6.06416645287354e-01  -2.83254645187272e-01   1.35629369989904e-01
  7.09045431673216e-01   9.57811568182128e-02   1.27358918834665e-02  -7.24005872295275e-02   6.46476409464958e-01  -2.82014811794488e-01
 -2.57412345442755e+00   2.43706096891554e-02   1.34498816470798e-02   2.04936214997205e-02  -5.35896539773064e-01  -3.53344067318358e-01
  2.29953864736704e+00  -1.87804204233823e+00   2.46182934497094e-01  -6.04250609590835e-01  -2.14780203140508e-01   2.10726990980926e-01
 -1.99408166534083e+00  -1.55184569824955e+00   1.89898865050905e-01  -3.95379086110255e-01  -1.66332193686658e-02   3.85070053770699e-01
 -2.79948773771076e+00   4.38144187794176e-01   1.68097078608022e-02   3.98332670951574e-01  -3.02762808997708e-01  -3.51361070149774e-01
  1.92739149789841e+00  -2.27516405339479e+00   2.65893365229083e-01  -2.52234090157941e-01  -5.75388576930103e-01   2.06261234593333e-01
 -1.95074316770401e+00   1.11671789903168e+00   2.38269798359052e-01   3.17779063870986e-01  -3.88396117767437e-01   3.04570944637278e-01
  2.12952448158388e+00  -1.37960928697400e+00   4.52086347285258e-01  -4.75456393314394e-01   1.47197944978669e-01   2.84955092537807e-01
 -1.64986384688760e+00   1.31889203108464e+00   3.56015604174539e-01   7.12352413577411e-02  -2.31393238353786e-01   4.03989654592374e-01
  5.16675525605180e-01  -8.15015656494580e-01   2.10804919497546e-01   6.06619692452301e-01   3.24820567131525e-01  -1.04032959353670e-01
  1.24803608711457e+00  -8.96773361896790e-01   5.55432266166239e-02   2.45084707175156e-01   5.85367258648683e-01   2.49323624021331e-01
  1.07760825227365e+00  -5.08648898572623e-02   4.44244935323161e-01   2.20244906882899e-02   8.04900925106531e-01  -9.27432542835664e-02
  1.08672276531110e+00   2.58260543623675e+00   1.97695856322187e-01  -2.37240313124229e-01  -7.21296003961370e-01   2.98723805122915e-02
  1.51307823535173e+00  -2.15892224688713e+00   9.33341776805884e-02   4.71061670934599e-02  -5.43635660462357e-01   3.31811212584229e-01
  1.55091326984938e+00   1.33290420316205e+00   4.44227951114823e-01  -1.76792061508263e-02   2.15578275308655e-01   3.95188812552919e-01
 -9.15606669646632e-01   2.74892205736956e+00   3.83536454533518e-01  -2.15940592523359e-01   6.78489406289983e-01  -9.64274264255876e-02
 -1.96538060536081e+00   2.27624915505003e+00   1.14078195175155e-02   2.92002277879452e-01   5.97190846020220e-01   2.14928503438732e-01
 -1.25438038972325e+00  -2.09166257444214e+00   2.01462655908053e-01   2.59239964928539e-01   4.54250980502636e-01   3.02393168181579e-01
 -1.57670257560645e+00  -1.05614810334357e-01   1.38492334272963e-01  -6.05615603983640e-04  -9.67244905488445e-01   5.24059162297158e-03
 -8.28786024996028e-01   2.68201415735133e+00   3.39169967749669e-01  -2.80092975387644e-01   6.17301576805849e-01  -1.13468755796961e-01
 -2.62422241068434e+00   2.29110753030816e+00   3.93812314390015e-01   6.03756918357625e-01   3.01534930552540e-01  -8.13555517889962e-02
 -1.26377520450783e+00   2.79988117795863e+00   8.30185870108785e-02  -9.96064447884000e-02   8.83335176969708e-01   1.01352385020439e-02
  1.53737296130750e+00  -2.56951679166891e+00   2.19872944344035e-01   1.73130045165141e-02  -8.04157819112174e-01   1.33695993393018e-01
 -2.22006921960980e+00  -7.05111602735450e-01   4.19616917990271e-01  -3.60313584637983e-01  -5.57755004629199e-01   2.30427584015460e-02
 -1.25558711967524e+00   2.33754081311125e+00   1.64360998122737e-01  -2.16044861345113e-01   6.38281811557937e-01   1.97826839683590e-01
  2.92552566480132e+00  -2.96793599679609e+00   2.67773537306588e-01  -1.59967048738531e-01  -2.00153805740056e-01  -4.15155350146302e-01
  9.02986984666708e-01  -1.48788967051717e+00   4.23637090149175e-01   5.67005536767272e-01   5.97398911565970e-02   2.57310404311053e-01
  3.81635627310015e-01  -7.32783593504748e-01   3.01562508221277e-01   5.84479312185737e-01   2.60636179963119e-01  -1.83392184684254e-01
 -1.63956764684404e+00   6.78437684880930e-01   3.22353688716095e-01   4.04327252299849e-02  -7.28218531940688e-01   1.71028195906375e-01
  1.69066075508994e+00   2.75807251661394e+00   2.20058354906171e-01   4.28178403157990e-02  -8.81056557167035e-01   5.75621256552547e-02
  1.58574650472211e+00  -2.90413359445378e+00   3.55194924248127e-01  -3.27550279939549e-03  -9.05187517799293e-01   2.39060581764379e-02
 -6.27584523056628e-01   8.33759782626486e-01   3.29736059838683e-01  -5.61115461708411e-01  -3.69462815802184e-01  -4.68542086018668e-02
  2.70863792273232e+00  -6.36103762906465e-01   1.71716616251261e-01  -5.21046059844100e-01   3.26102750956423e-01  -2.19895187898737e-01
  8.20043693409569e-01   5.04251578058134e-01   2.53065528504601e-01  -3.13334301969702e-01   6.08576092455113e-01  -1.04808130892648e-01
 -2.77999536501733e+00   2.64940891484514e+00   3.47886996376026e-01   4.12285767504129e-01   2.90822206610136e-01  -2.83451501962659e-01
  1.92286045795561e+00   4.75506887207382e-01   2.33106995997789e-01   1.50671380482133e-01   7.96514534416172e-01   4.12939200384626e-02
 -3.57918655313860e-01   2.64121383970664e+00   1.01871091459676e-01  -4.40292108346459e-01   3.01176767494144e-01  -3.10632924731986e-01
 -2.45647896430885e+00   7.47959665826343e-01   1.17070156613215e-01   5.14479719209382e-01  -4.53128531610292e-01  -6.53743246837677e-02
  1.48926289090832e+00   1.34940086163889e+00   3.71702072281711e-01  -7.37627407296510e-02   2.03181540714802e-01   4.07284577016872e-01
 -2.55200419109889e+00  -2.11470130149834e+00   4.20497908596336e-01  -6.53859399704429e-01   2.64521146961744e-01   1.74827249196554e-02
  2.16085442187006e+00  -9.99450050076853e-01   3.53595666856760e-01  -4.36080977552240e-01   4.18647753174669e-01   1.72745796686564e-01
  2.05484568288353e+00   2.73016332588314e+00   8.70338449687466e-02   1.82897993289865e-01  -7.97255666258597e-01  -2.73465720494288e-02
  1.34755915153751e+00  -2.98862308007977e+00   4.49509703807077e-01   3.08332590405989e-02  -8.80931973074134e-01  -1.07749006011628e-02
 -1.64357236868180e+00  -2.86910230411688e+00   1.60809064853249e-01  -1.89496240505898e-02   9.30152650049489e-01   3.14806752209288e-02
  1.30136402378463e+00   7.71735484748375e-01   2.50182531246692e-01  -1.76571805312882e-01   6.57127549537345e-01   1.87959444969274e-01
 -4.08730393048276e-01   1.81331898407038e+00   4.43041692851263e-01  -8.15238105155347e-01   8.73536629449750e-02   4.20010055262125e-02
 -1.10562733572576e+00   2.51836735737490e-01   4.94479575979718e-01  -1.01251790983072e-01  -7.84050636402798e-01  -5.70793661927626e-02
 -2.58075402751132e+00   1.47782691176001e+00   2.83097469966083e-01   7.96739828244340e-01  -4.66607727316300e-02   1.22464328914051e-01
  1.21451162406571e+00   1.34024750165205e+00   2.35869852913370e-01  -3.23919247295308e-01   2.04292887342605e-01   3.75872688758193e-01
  2.57045741619151e+00  -1.53092385587607e+00   2.87979269589610e-01  -7.93570884957514e-01   2.03427880165987e-02   1.29511094992566e-01
 -1.34978390750666e+00  -5.54743667432845e-01   3.24236118952924e-01   1.08217318505969e-01  -7.77284291249015e-01   1.00741012443028e-01
  1.88058144504784e+00  -1.06905302055166e+00   1.65531226597061e-01  -2.58575600352676e-01   4.43144428631759e-01   3.16226429937655e-01
 -2.66451702363899e+00  -6.17208955466835e-01   4.66139371582230e-01  -4.68372216910700e-01  -3.41130140740685e-01  -1.88463417294864e-01
 -8.29254292621839e-01  -1.39688042676640e+00   9.28452975704622e-02   6.52998019653247e-01  -1.25257250187517e-01   2.47561622537379e-01
 -2.26058137215708e+00   5.75616750114501e-01   5.75003720179653e-02   3.42449276910737e-01  -6.39680835939070e-01  -5.30893646584860e-02
 -2.55035324892075e+00   2.02645314326698e+00   3.37005429382967e-01   6.96947563528516e-01   2.29293543079979e-01   5.11391775287077e-02
 -2.66249983349330e+00   2.24434989400462e+00   2.09226365949643e-01   6.65185782387744e-01   2.75756813749989e-01  -8.12056063097091e-02
 -1.23811463664421e+00  -2.90287232205642e+00   3.23630034812532e-01   7.23826653010411e-02   8.60806931940136e-01  -2.22897905519878e-02
 -2.90650245380234e+00   1.91961129250554e-01   3.88478783781620e-01   1.71666907018588e-01  -2.11559531819316e-01  -3.89235842542448e-01
  5.83557413611397e-01   1.22526583931521e+00   1.72990690608908e-01  -7.58483622970856e-01   1.80273809228903e-01   8.81269243381256e-02
 -2.85000709434812e+00   1.87116045680632e+00   4.08675241852534e-01   8.43102362297106e-01   7.83782139357483e-02  -2.07975771516331e-03
 -8.34841508819710e-01  -1.17169756982550e+00   1.57910926695285e-01   5.99309573742603e-01  -2.79063563776604e-01   1.86989011050453e-01
 -8.24639241328881e-01  -1.30240492223792e+00   4.64382435835862e-01   5.96467323343510e-01  -1.77452268587081e-01   1.94697415614240e-01
 -1.38323761094278e+00   1.74965150803407e+00   4.13412794108289e-01  -1.68925680000303e-01   1.60912929893025e-01   3.95644995997755e-01
 -1.96692696149794e+00  -2.36585791019760e+00   1.39007202901937e-01  -2.62780787806544e-01   6.40563969105885e-01   1.61494026028105e-01
 -1.39627550884418e+00  -3.93156413956971e-01   4.24321986461220e-01   6.11087110717813e-02  -8.35659336084034e-01   4.92076884142449e-02
 -3.06891348726843e+00   1.89566390827905e+00   2.40272356410538e-01   9.00844521273523e-01   2.20901106361247e-02  -4.38763073278985e-02
 -7.70402171801834e-02  -1.20289685337266e+00   5.67548987315802e-02   9.19816915180424e-01  -2.73681702180349e-02  -6.03293222372737e-02
  2.57315296032049e+00   2.60561739050502e+00   1.44632681453433e-01   4.18100455050371e-01  -4.49633714208923e-01  -2.12078802279401e-01
 -1.32808871279983e+00  -2.23172149844883e+00   8.42434878245233e-02   1.86553996358117e-01   5.85900797961678e-01   2.73347900150192e-01
  6.34807711828248e-01   1.46959072140663e-01   3.53465105615645e-01  -1.09856692879091e-01   5.46591692133145e-01  -2.72115151158535e-01
 -1.15806696157868e+00  -2.55562758600959e+00   3.07591734626001e-01   2.08581381181721e-01   7.17679541171808e-01   6.40727532593166e-02
 -1.31639453087794e+00  -2.62156641805316e+00   4.49058439473541e-01   1.14312107269720e-01   7.67732467768748e-01   7.66968582548700e-02
  5.62464595808912e-01   2.07091606783140e+00   1.50453585985374e-01  -7.20331878881807e-01  -2.48140401288316e-01   2.56255589584189e-02
 -1.08281515079110e+00  -2.51348787590080e+00   6.96469605042841e-02   2.71687382665571e-01   7.04814110337739e-01   6.10132726104133e-02
  5.38620527317637e-01   2.17899854618414e+00   5.82909074214503e-02  -6.96317513779981e-01  -2.89700215645278e-01  -3.09547022742299e-02
  2.94155344101666e+00  -1.07445033645537e+00   2.34671734058808e-01  -8.22280441744780e-01   9.02890673355471e-02  -8.52576140401618e-02
 -1.84507100008847e+00  -2.00250834725585e+00   2.80571220077748e-01  -2.32574744114694e-01   3.80806776789280e-01   3.35887336324382e-01
 -1.86933506303384e+00   1.22824991198790e-01   2.86311033649976e-01   3.40295242765653e-02  -8.95775870614326e-01  -3.18808723353602e-02
 -1.86444916426097e+00  -2.81535122617818e+00   2.43752726904154e-01  -8.83507150214919e-02   8.63562273009874e-01   8.58524313299614e-03
  6.45557614573047e-02  -1.10930729758657e+00   2.01759600015046e-01   8.58187657890345e-01   2.75894921222044e-02  -8.95319926361422e-02
  1.43528327226840e+00  -1.12114440575598e+00   1.67206708061610e-01   1.17668145762885e-01   4.16503315133878e-01   3.70766990314774e-01
  2.40698706735540e+00   7.78212250449525e-01   2.01152576469518e-01   5.00413927483496e-01   4.58540035540434e-01  -2.67077152603154e-02
  2.08611366253154e-01  -3.89071467423681e-01   2.59857331022818e-01   3.52311093700704e-01   1.81918577305106e-01  -3.66467280323285e-01
 -4.29815117202219e-02  -2.51873126467688e+00   5.71283330946175e-02   5.76201589070391e-01   3.45028964532482e-02  -3.21490418234917e-01
 -1.90000718338336e+00  -2.62707981827526e+00   2.73578277368274e-01  -1.50626374501795e-01   7.79920128576426e-01   6.16919843106939e-02
 -5.56900070680315e-01  -1.60258483217287e+00   4.11696248370210e-02   8.41511258680204e-01   1.66614588121553e-02   1.36908035120794e-01
 -1.89811196081443e+00  -2.51461795352343e-01   1.50809839274347e-01  -7.76194083972895e-02  -8.89878870138032e-01  -1.95128495744904e-02
  7.45224580426056e-01   3.98549662883349e-01   5.88292471952208e-02  -2.81879212883099e-01   6.17677353859349e-01  -1.90231772214930e-01
  2.77804098163517e+00  -1.33200074758281e+00   3.85894063993884e-01  -8.40666921252441e-01   7.78627001946010e-02   3.02084055185812e-02
  2.01838632003826e+00  -1.32682716352561e+00   4.06030141190799e-01  -3.87221080150724e-01   2.00776554802224e-01   3.20628687974682e-01
  3.04879345521385e+00   2.69352860995020e+00   1.41096697266111e-01   4.19354972432264e-01  -8.11948623095287e-02  -3.79813442993316e-01
  2.11544256706662e+00   1.44754401361523e-01   4.62369690200861e-01   6.81364860225285e-02   7.71608321193661e-01  -1.02910963973132e-01
 -1.41682000594786e+00  -1.61591036201796e+00   2.56873741523857e-01   1.45540080982982e-01   4.23334656118580e-02   4.39646305475548e-01
 -1.60671413677993e+00   2.42762979167097e+00   2.32500829260441e-02   2.34060517692736e-02   7.51781409670265e-01   2.11780219586788e-01
  4.63755156046344e-02   1.84663546734308e+00   1.49444922505221e-01  -9.32859396890093e-01  -1.22542553155799e-02  -3.39241451369651e-02
 -9.21279068492357e-01  -2.66955118711711e+00   2.33049428291343e-01   2.62482880062934e-01   6.76984585428490e-01  -7.24369258364267e-02
 -2.39310773288626e+00  -3.82900784604232e-01   2.66242569365170e-01  -2.59558147319953e-01  -5.98514908646827e-01  -1.78578878755382e-01
 -2.53715748533674e+00  -1.21864108193731e+00   3.08488782576181e-01  -7.26117110268217e-01  -1.84289697973797e-01   9.01552695853189e-02
 -1.72506843653626e+00   1.11337322298779e-01   3.28548322120253e-01   1.59870804742724e-02  -9.19552667466189e-01  -4.93964983964254e-03
 -2.86631713508707e+00  -6.01736320551641e-01   5.64355745471978e-04  -5.44700668219336e-01  -2.24044088344406e-01  -3.02770472058469e-01
 -1.52713387565172e+00  -2.39328331189039e+00   5.71700594400961e-02   2.93608868346652e-02   7.23818163857262e-01   2.25308272781068e-01
 -4.17919241082008e-01  -4.10139418161641e-01   5.53200416961674e-03   3.64017064890220e-01  -3.71788206575213e-01  -3.37395881604584e-01
 -2.45546413005614e+00   1.16483948352162e+00   2.82463909650311e-01   6.71778613859756e-01  -2.36444374338545e-01   1.09607601464358e-01
 -1.89553516659712e+00   2.86252124345447e+00   3.57159914194987e-01   8.18304673373200e-02   8.48258435872633e-01  -1.12347403341006e-02
  1.17985602807410e+00  -2.10463949986438e+00   1.00444614447586e-01   3.21512564207397e-01  -4.61097101225053e-01   2.86202419970666e-01
 -3.40785662645342e-01  -1.26239592816049e-01   2.99922596002783e-01   1.11755356854610e-01  -3.12263828629680e-01  -3.86904368703010e-01
 -1.26907250963104e+00  -2.40740926691780e-01   2.60375997833774e-01   6.72559631916937e-02  -8.80236961211012e-01  -1.41754096364016e-02
 -2.35663242635028e-01  -1.83040293841612e+00   1.70684643343369e-01   9.08237228888495e-01   5.79249241966182e-02  -5.31376548314805e-03
 -1.06165470227092e+00  -1.31252895952457e+00   2.48979782444275e-01   4.48369632541980e-01  -2.12177842118868e-01   3.15546884884256e-01
  1.77808102294152e+00   9.82195268563089e-01   2.19025686600792e-01   1.63834208726398e-01   5.20026950775254e-01   2.97463491150784e-01
 -6.93353799774640e-01  -2.62164152462476e+00   4.43840751067861e-01   3.49663044370245e-01   5.07542510574578e-01  -1.44304568595931e-01
 -2.58681154421083e-01  -2.59468538065467e+00   4.66127604800608e-01   4.57994827037034e-01   1.99044689324508e-01  -2.75573567457110e-01
 -2.81959153177705e+00  -4.56554570755626e-01   2.22552593040681e-01  -3.99993753643035e-01  -2.71685996613340e-01  -3.22702088745311e-01
 -2.45533506376301e+00  -1.55770191204374e+00   3.63971316088161e-01  -7.19246695571497e-01  -7.71447747143169e-03   1.73480305052007e-01
  1.56291015821038e-01  -2.09999057776412e+00   4.85479550127459e-02   8.44453518642405e-01  -7.78215159219362e-02  -1.13098623409827e-01
  3.05152583577543e+00   1.20759080558948e+00   1.07925884726904e-01   9.11094034592563e-01   3.12726515470309e-02  -5.65686310713312e-02
  3.02151795451795e+00   2.91486821860964e+00   4.02101523627838e-01   2.05923886955146e-01  -1.07701589590113e-01  -3.98094432724245e-01
  7.80482135655343e-01  -1.99770174520513e-01   1.49724946769026e-01   1.36849353816068e-01   6.69283817832933e-01  -2.19236716958115e-01
 -1.92876185168796e+00  -2.11286213689127e+00   8.23228692952332e-02  -2.95240891963183e-01   4.75313626275736e-01   2.95643388559432e-01
 -2.65289101297201e+00  -9.20445967597519e-01   1.52335883371088e-01  -6.81622769289113e-01  -2.75723974108941e-01  -6.87677923001804e-02
  2.65795837711100e+00   1.41029738019357e+00   8.42423633815711e-02   8.59331447912155e-01   7.30704018081148e-02   9.21833945739002e-02
 -1.11471351927026e-02   4.20181201038943e-01   2.66185587650422e-01  -3.86753016778223e-01  -9.64965127450428e-03  -3.74645011487263e-01
  2.55896161792044e+00   2.99688393092825e+00   2.31034407088640e-01   1.14975763674116e-01  -5.19885893339884e-01  -3.08373712796777e-01
 -3.73445511652406e-01  -2.22584618154716e+00   1.87207103125606e-01   7.11225417802576e-01   2.14083775999358e-01  -1.10426201947438e-01
  1.55907546611057e+00   1.04390665690011e+00   3.02533777005728e-01  -9.53617348362055e-03   4.73291307130469e-01   3.30932418057212e-01
  2.00775964220307e+00   2.59454435644172e+00   2.54846285199880e-01   2.09191429362276e-01  -7.35364019251775e-01   4.13095950741733e-02
  4.93786650924906e-01  -4.93505400992913e-01   3.55131976305855e-01   3.88528506898636e-01   3.88790473574227e-01  -2.38996103053546e-01
  2.56150394499679e+00   5.09595767991127e-01   2.55758747838999e-01   3.87676897016892e-01   4.54599212453454e-01  -2.08363094494764e-01
 -1.01664032653952e+00   1.21027198386698e+00   9.08751289299888e-02  -4.83527314025361e-01  -2.94569089411824e-01   2.88636680936142e-01
  4.16243009599766e-01  -2.56003336531538e+00   2.38513582054130e-01   4.79018641759239e-01  -3.22120205299164e-01  -2.43049037837719e-01
  1.25194604843052e+00   7.21548845445374e-01   4.32311736053086e-01  -1.89914171215361e-01   6.53888513652498e-01   1.42187146023168e-01
  2.28419560384781e+00   4.51732395884006e-01   4.40952812582070e-01   2.61551238270010e-01   6.22868688388893e-01  -9.96299929224435e-02
 -2.30222571283526e+00  -3.00040090362994e+00   2.55158274457522e-01  -8.93174378353503e-02   7.00157114846538e-01  -1.92483445887884e-01
 -2.05950435675986e+00   4.11259448490094e-01   1.40589819048199e-01   1.82479683208626e-01  -7.86879454812949e-01  -2.86456116385632e-02
 -2.78417505469552e+00  -1.72293610652356e+00   4.10885127118924e-01  -8.52930657835080e-01   4.88389855587979e-02   4.21806484965947e-02
  5.80565371161153e-01   1.66521784320330e-01   3.45888088565888e-01  -1.29331464957202e-01   5.04755649384206e-01  -2.92444643040283e-01
  9.65762035845263e-01  -3.05747340621568e-01   1.91213160662700e-01   1.64785376293247e-01   7.54908879849782e-01  -1.07883634448466e-01
  1.58946375597902e+00   2.63100066178101e+00   2.81670371247661e-01   8.62244747188943e-03  -8.24521457149370e-01   1.06531602043464e-01
  2.72628692843342e+00  -2.91527235857766e+00   2.93532098389446e-01  -1.93611684090579e-01  -3.70762921845554e-01  -3.49845003874984e-01
 -3.06291797987202e-03   2.09275079200168e+00   2.09250000962274e-01  -8.31313594333486e-01   1.46450288685254e-03  -1.14304861396107e-01
 -2.28855509785365e+00   5.31911963425122e-01   2.76032012206046e-01   3.15656408382348e-01  -6.14338416201768e-01  -7.85022613925103e-02
 -1.73116892111868e+00  -1.76997059469100e+00   9.17008095994888e-02  -1.53684480749140e-01   1.91771452550343e-01   4.50832199075260e-01
 -2.11704443799043e+00  -2.19222707227190e+00   4.50573962847589e-01  -3.85968553025132e-01   4.54607714280410e-01   1.63332854791298e-01
 -1.21600267199341e+00  -5.89050555867306e-01   3.86582324593820e-02   1.91517439230098e-01  -7.73678184197589e-01   9.25455584421847e-02
  1.69617738223021e-01   2.85157642313424e+00   1.85463181921480e-01  -2.71600409581612e-01  -1.55866087337562e-01  -4.13055653504966e-01
 -2.63772452298640e+00  -1.81256552334535e+00   1.10182588155094e-01  -8.31720303193023e-01   1.13076818105902e-01   8.41050989545947e-02
 -1.61679247928294e-01   2.98690351330607e+00   1.10475352554786e-01  -1.48740584712688e-01   1.55577883515712e-01  -4.54633340912532e-01
 -5.61851184204480e-01  -4.43453325596829e-01   1.17166632636657e-01   3.54692103155118e-01  -4.70077739146647e-01  -2.53859195881121e-01
 -4.91246232089102e-01  -2.24565831852049e+00   2.28210395320366e-01   6.57744527978794e-01   2.81579260289757e-01  -7.65974994298117e-02
  2.18549311021844e+00   2.63656185629944e+00   4.66308995166227e-01   2.54186080231596e-01  -6.51296530943491e-01  -4.08694323892935e-02
 -8.70250535327139e-01  -2.00907237578879e-01   4.00144603401758e-01   1.18748410406034e-01  -6.91498875213501e-01  -1.60079062921323e-01
 -2.57739061383001e+00  -3.05820287338473e+00   2.61772812920030e-01  -6.67938981776238e-02   5.05702369887597e-01  -3.18408445070319e-01
 -8.72884600315768e-01   8.34276235329883e-01   1.37698196793871e-02  -4.74749746868827e-01  -5.13242367533798e-01   6.75474138983248e-02
 -2.39484668306892e+00  -1.63058282676562e+00   1.46256415979565e-01  -7.11472945679212e-01   3.94160451271784e-02   2.15900549153697e-01
 -3.89507362739156e-01  -3.02057844389442e+00   4.75554689567621e-01   1.01544548439846e-01   3.42755220357555e-01  -3.47754235332522e-01
  4.25634719577289e-01   2.21172773970566e+00   2.40560120835045e-01  -6.95731946198336e-01  -2.35292588036818e-01  -8.49447936651776e-02
 -8.46109760901726e-01  -3.01651348489683e+00   1.76609734295828e-01   7.98289480635311e-02   7.17076983449902e-01  -1.97481595285932e-01
  1.69007150977809e+00  -1.51459370658296e-01   2.97723343363667e-01  -1.69158706800461e-02   9.24789645240213e-01   3.81982065883452e-03
  1.65629967288624e+00   1.70542576496618e+00   4.20258226860374e-01   7.78041713066501e-02  -1.22951738426489e-01   4.11936891912054e-01
  1.37374723033304e+00  -1.97508427644222e+00   8.38344341005715e-02   1.77000659593216e-01  -3.79338111097637e-01   3.90162630933600e-01
  2.05753453591342e+00   2.04011191685195e+00   2.11322017358335e-02   4.15412422904997e-01  -3.98064161816054e-01   2.85903386619271e-01
 -2.29049835985770e+00  -1.99119957919488e+00   1.10267958705344e-01  -5.88638058855628e-01   3.00219154278560e-01   1.90862329253648e-01
  1.10103433166361e+00  -6.49296826008023e-02   3.42147881547729e-01   2.74286932777719e-02   8.30945247636164e-01  -8.75162274734647e-02
 -2.86149279658953e+00   6.06867171150669e-01   2.52893696566351e-01   5.21039756983083e-01  -2.15887858314165e-01  -2.70385264779815e-01
 -2.77050738923056e+00   2.59929474801558e+00   1.88995101133786e-01   4.63135376504532e-01   2.99077894118711e-01  -2.79147197443957e-01
  2.35305956503783e+00   1.32675380662507e+00   4.67776982276548e-01   6.22910455967447e-01   1.56083746309853e-01   1.84427589072078e-01
  1.94321456713852e+00   2.86327073136308e+00   3.88800117549318e-01   9.24911470296767e-02  -8.28602442616415e-01  -2.43596895385609e-02
 -3.05639865003246e+00   8.40320235886590e-01   7.26531441551225e-02   7.31449356355990e-01  -5.59557666141690e-02  -2.12701836864658e-01
 -2.25398616656672e+00  -1.31751402209156e+00   7.93270768129662e-02  -6.01510257296516e-01  -1.91283820382440e-01   2.60940483102901e-01
 -1.39605200191554e+00  -1.65774830525488e+00   3.34171564534317e-01   1.62002220534143e-01   7.99910798171091e-02   4.20918886937417e-01
  7.24103393404266e-01  -7.90261327015603e-01   9.64766143564534e-02   5.22087261956465e-01   4.57240958415403e-01  -2.70739152342469e-02
  2.22028218133325e+00   2.27849019410553e+00   1.60810996432593e-01   4.45002813623590e-01  -5.01336689842217e-01   9.92259204842074e-02
 -3.78458058744320e-01  -3.75242387458672e-01   1.30390739268792e-01   3.31796549196254e-01  -3.34929440328497e-01  -3.46051149061193e-01
  2.26193630181037e+00  -7.89991112077917e-01   3.59202884744619e-01  -4.21399032963283e-01   5.04736836032777e-01   4.25692546213457e-02
 -1.79111453284902e+00   1.18550130335933e+00   4.30666978274855e-01   1.85804968995603e-01  -3.36480876159373e-01   3.41327311451161e-01
 -5.99224447430618e-01  -2.02919847397800e+00   3.29619469370800e-01   6.93277357776937e-01   2.33657210332485e-01   5.35868904854169e-02
  2.69928066908816e+00   2.46412894396451e+00   4.73908479421958e-01   5.15269162747529e-01  -3.03347615488045e-01  -1.75345716736591e-01
 -3.43691059680283e-01   1.53385552453109e+00   4.49177068757103e-02  -9.32460453928046e-01  -1.23336122011895e-02   5.50917774304220e-02
 -2.62949034567177e+00  -2.26035773829059e+00   4.90823332783868e-01  -6.09667233214678e-01   2.82596184984139e-01  -6.76450528687639e-02
  1.33394920710335e-01   8.09411399814292e-01   2.03938297265355e-01  -6.88775945690799e-01   8.80923781147402e-02  -2.11202406824347e-01
 -1.89815797011382e+00  -2.74540125671153e+00   2.61942216231945e-02  -1.23438626943288e-01   8.68980767355105e-01   2.25291472425005e-02
  1.19506709068982e+00  -1.57362307222233e+00   3.80229852961898e-01   3.40079133068976e-01  -2.43699654348444e-03   3.71623851999584e-01
 -4.44338391118456e-01   2.70727262716802e-01   1.81512057528489e-01  -2.32854837887953e-01  -3.99436718665435e-01  -3.45808618434939e-01
 -8.89347648221441e-01   1.45538182984553e+00   1.84973575259123e-01  -6.03002378769757e-01  -8.61907485077205e-02   2.73933565048552e-01
  1.68132514816721e-01   2.57320189491413e+00   2.41939965373762e-02  -5.28124606280931e-01  -1.40349332353660e-01  -3.37842229024972e-01
  1.51324350674823e+00   2.65533769516784e+00   1.39403563521815e-02  -2.68057954897256e-02  -8.80167993149032e-01   1.06940841637484e-01
  2.98781357695279e+00  -2.80620091763537e+00   1.97507590501869e-01  -3.12657409139509e-01  -1.39036991920982e-01  -4.01126947373337e-01
 -1.31896510257926e+00  -1.37238584965513e+00   3.78132554765407e-01   2.26495815249259e-01  -1.76989660166263e-01   3.86428500821061e-01
  8.40435716385247e-01  -1.63870753617393e+00   4.76501399558817e-01   6.05097355882249e-01  -4.59554399118729e-02   2.27410134668811e-01
 -2.45335013107302e+00   2.38834465303206e+00   4.60641630705692e-01   4.81808494853716e-01   4.22566015977264e-01  -5.35102793005960e-02
 -2.20579268853976e+00  -2.70905202086490e+00   1.80433861650620e-01  -2.39833343535199e-01   7.05022899766982e-01  -8.19400632032668e-02
  8.93021367986718e-01   2.49017501030609e+00   2.32814441656640e-01  -3.62899085133611e-01  -5.91273914539403e-01  -1.16567160271073e-02
  3.05848255720477e+00  -1.47301188421101e+00   2.47384307279180e-01  -9.43911350299488e-01   7.71336023276255e-03  -1.19561796530538e-03
  1.16341619439318e+00   2.13444378503093e+00   3.60959066518760e-02  -3.32507912961285e-01  -4.87020529838699e-01   2.74790590561283e-01
 -1.15698246101426e+00   8.99146764661159e-01   4.28953247833832e-01  -2.88887621535637e-01  -5.22912485362877e-01   1.89980427321251e-01
  1.44539802743489e+00  -1.32106340971337e+00   3.01858125224489e-01   1.14090088415814e-01   2.30839165433950e-01   4.09132322249733e-01
  3.66893630767154e-01  -3.02820797350557e-01   1.83273797410819e-01   2.68347840211348e-01   3.30072367938992e-01  -3.63542764705937e-01
  1.15221717092560e+00   1.11547327585092e+00   7.74984163748207e-02  -3.59437301261309e-01   3.95607928205152e-01   3.10913847308323e-01
 -2.91814812441923e+00  -2.25495965344499e+00   7.63249311624499e-02  -7.44234987376454e-01   1.37928648376536e-01  -1.69909357582772e-01
  2.55865579379999e+00  -2.57334511937194e+00   3.07043510198690e-01  -4.22519551548872e-01  -4.36333466493034e-01  -1.80140654030099e-01
  4.03535635007843e-02  -1.47242559327536e+00   2.71411700689044e-01   9.41818224705892e-01   3.75279421133074e-03  -3.59660312548525e-03
  2.62635054396812e+00  -1.85428862301849e-01   7.95741412623155e-02  -1.57899150653447e-01   4.76652018170365e-01  -3.50276605984683e-01
  1.43429986115697e+00  -1.42275864354689e+00   1.13627396229707e-01   1.31560689361226e-01   1.42842334582199e-01   4.58542234522394e-01
 -1.26845578326403e+00  -1.21319363897736e+00   3.68554062893822e-01   2.59099089721069e-01  -3.10408197390639e-01   3.40348683521145e-01
 -1.82852259028944e+00   2.44432677473610e+00   2.57573820124104e-01   1.55448502366876e-01   7.04061401357917e-01   1.56675995881500e-01
  2.58366720894953e+00  -1.49458076146784e+00   3.30269655485381e-01  -7.91823359348425e-01   3.77348542306016e-02   1.20262977964171e-01
 -2.67842827346684e+00   2.84265586960340e+00   4.23523749412161e-01   2.42077659945503e-01   3.92289915636207e-01  -3.01220057514041e-01
  1.39695754109029e+00   2.81825363291656e+00   3.21552585969208e-01  -5.15337211239645e-02  -8.75720458390912e-01   3.12322699586526e-02
 -7.76326100224386e-01   2.23592349267047e+00   2.20665921610148e-01  -5.37165508026204e-01   4.13751422824893e-01   5.03730993976894e-02
 -2.23342298706096e+00   2.90040798248441e+00   4.00715422509897e-01   1.35623337940247e-01   7.06599815101523e-01  -1.36903570723792e-01
 -1.52178263028327e+00  -1.64590587747065e+00   8.28473440794490e-02   4.80530932959253e-02   7.37172025071227e-02   4.79817332036777e-01
  2.21885311592214e-01   7.67827170491246e-01   4.83296834636444e-01  -6.15120189279714e-01   1.43735450460688e-01  -1.93335853270273e-01
 -2.25805559753917e+00   2.02443605533074e+00   3.67585300104612e-01   5.29834933999184e-01   3.14743354318554e-01   1.75007738813051e-01
  7.09323556639778e-01  -2.60017422254785e+00   1.48772433620625e-01   3.79586403059826e-01  -5.41804465182272e-01  -1.46136438710747e-01
 -1.70816762045136e+00  -2.30422271439907e+00   1.27374076525568e-01  -9.91715890914825e-02   6.46433319647068e-01   2.53321784695129e-01
  3.04667215206691e+00  -1.77350542017645e+00   4.98108886459007e-01  -8.82654650198796e-01  -1.72717906111125e-02  -1.29245767150702e-02
  2.26408521459682e+00  -7.46938541502589e-02   2.68946011672418e-01  -4.51927974688850e-02   7.26837168672847e-01  -1.80877295611576e-01
 -7.63488206325476e-01   8.18510397318267e-01   3.32502036603339e-01  -4.93530028401270e-01  -4.42073798337582e-01   4.89607396393070e-03
  2.33681842856731e+00  -5.84890964680322e-01   3.25568466797418e-01  -3.58633443163118e-01   5.62999328452877e-01  -7.71692429017059e-02
  1.56009100578776e+00  -6.80541015755530e-01   2.54532264914816e-01   6.40149065985096e-03   7.38614158734352e-01   1.78740805141489e-01
 -2.60506271946352e+00  -9.12895711262608e-01   1.43882522589934e-01  -6.60801532207519e-01  -3.03684353855235e-01  -5.31505851033584e-02
 -2.09717819140844e+00  -1.66028037996350e+00   4.40816051111787e-01  -4.58170252628453e-01   7.07469394728792e-02   3.10019661654628e-01
  1.41809178023166e+00  -8.81795905193071e-01   2.61299323668783e-01   1.11433937635639e-01   5.96372624769135e-01   2.57915415472365e-01
  2.49556823913543e+00   1.59508052100543e-01   3.24006952774835e-01   1.18867322096998e-01   5.57079593163784e-01  -2.68956840745643e-01
 -2.25820796462679e-01   8.18549452550102e-01   2.37340543185863e-01  -6.78627349031650e-01  -1.45898469384047e-01  -1.89497634064759e-01
 -2.12352347053211e+00   1.35908400843654e+00   3.07283418255462e-01   4.82692875129216e-01  -1.68184179077765e-01   3.00767587501470e-01
 -1.40114728609239e+00  -2.65272935939317e+00   5.42643316133004e-02   7.84335478407032e-02   8.60799857852615e-01   9.39581121680556e-02
 -2.95853112870623e+00   8.51213960807200e-01   3.73663792254436e-01   6.86263140772254e-01  -1.11338317149271e-01  -1.72765506425859e-01
  1.06758643072584e-01  -1.31246552072351e+00   4.24769139529127e-01   8.83018911038879e-01   2.50044762847296e-02  -2.27427759938464e-02
 -2.75181489779059e+00  -8.27512265706765e-01   1.43554554302997e-01  -6.61751780266091e-01  -2.49860293084408e-01  -1.48025672033842e-01
 -1.76243501393328e+00  -1.26539961123235e+00   2.99846367732684e-01  -1.71080986592847e-01  -2.77986630777731e-01   3.87305864952704e-01
 -3.07308980814807e+00  -1.61642893125442e+00   1.23645444529153e-01  -9.72272878199199e-01   3.04616699716624e-03   1.23936919678164e-03
 -2.36375395954020e-02   1.37543237966202e+00   4.22370692916120e-01  -9.01261607646570e-01  -4.21651303273988e-03  -1.56771474808943e-02
  2.56325087215470e+00   1.56247097703914e+00   1.88922182931673e-01   8.06293020305152e-01   4.38213996011946e-03   1.38499053106885e-01
  1.54747374723628e+00  -2.37876987177778e+00   1.91827307031203e-01   1.55071217121117e-02  -6.95490579260564e-01   2.20832498731333e-01
  2.95654217912273e+00   1.17335925796466e+00   4.34568981308013e-01   8.30868654390527e-01   6.52885245864511e-02  -4.87280218937234e-02
  3.05335045282900e+00  -9.87119680333626e-01   2.11309071609876e-01  -7.96799556809725e-01   4.65570483438665e-02  -1.35976962124176e-01
 -2.71847680834043e+00  -1.82266239765922e-01   8.77926458010228e-02  -1.62397608862820e-01  -3.96773761261004e-01  -3.85496986500503e-01
 -1.63396382905012e+00  -1.54584986704338e+00   2.55630164206989e-01  -5.99605967310389e-02  -2.36533739757842e-02   4.49321362806509e-01
  1.44344710127957e+00  -1.30179333463552e+00   2.30647284284168e-01   1.16918013807148e-01   2.51733870428509e-01   4.16375692813593e-01
 -3.01525395557809e+00  -6.87070752175154e-01   1.79307448209838e-01  -6.07055073377496e-01  -9.39822346463414e-02  -2.70774877355151e-01
 -2.11960912744084e-01   3.05060968459028e+00   4.73959681684163e-01  -8.07910671458215e-02   1.90559812874346e-01  -3.91929281076932e-01
 -1.69420511992459e+00  -3.42134293846231e-01   3.49262700544422e-01  -3.85120929625504e-02  -8.71801473368622e-01   4.23531192985479e-02
  8.38456728689573e-01  -2.70123797680260e+00   3.51346965809039e-01   2.65662936064502e-01  -6.27026235046746e-01  -1.15276973054835e-01
  2.57648302843616e+00   1.21642945289228e+00   1.70351196222276e-02   7.89362228868174e-01   1.85187605014746e-01   8.26164126333057e-02
  2.08339842474058e+00  -2.98595195083395e+00   1.60978282058894e-01  -7.36169239625927e-02  -8.33660302725052e-01  -1.01503426381825e-01
 -6.05833940177536e-01   8.99788345853735e-01   3.92664606210189e-01  -5.95182314807199e-01  -3.27326586232747e-01  -2.66369311781525e-02
  2.00615680384404e-01  -1.23345400444758e+00   4.70461695710654e-01   8.41671771689264e-01   6.00324783337796e-02  -2.89292205005130e-02
  2.45319366686445e+00   1.83417926809213e+00   1.64815901577780e-01   7.21454678853474e-01  -1.60036478970980e-01   1.57200523529325e-01
  9.42832163342707e-01   1.19978718585064e-01   3.55651857814964e-01  -6.54903083674819e-02   7.48246252311310e-01  -1.43479531002939e-01
  2.27880395418816e+00   1.07059137587739e+00   3.06137453550982e-01   5.36755772966048e-01   3.42698354249725e-01   1.53530177655668e-01
 -6.82277088654350e-01   2.77991955712325e+00   1.83098383012475e-01  -2.64753760237447e-01   5.68562020962414e-01  -2.21744619050607e-01
  1.10410759284025e-01   1.45255981130212e+00   7.71285739909761e-02  -9.71863718784713e-01   1.27987809961422e-02  -8.59940833287786e-04
  1.54428868610456e+00   1.76408266796803e+00   2.71713264494967e-01  -2.46351914135352e-02  -1.81861303286584e-01   4.31642865565098e-01
 -1.08006680766860e+00   1.22584511468673e+00   2.66155812368837e-01  -4.20516788319445e-01  -2.82784555004342e-01   2.98272807616531e-01
  1.42925549508438e+00  -5.54394816607724e-01   2.92246546435245e-01   7.00464539800688e-02   7.93929239817204e-01   1.14424248791902e-01
  1.59417293675793e+00  -3.00965436589469e+00   2.12323519262528e-01  -2.94720189847530e-03  -9.49834815636833e-01   7.69793815163548e-03
 -2.84584813871639e+00   2.95623716860838e+00   1.39858903203857e-01   1.71431859563318e-01   2.78558018931086e-01  -4.16576363950328e-01
  1.70639255313631e+00   2.65925869591731e+00   2.79452348380570e-02   6.23540191356974e-02  -8.72890557474666e-01   9.73463271528870e-02
  1.23933320610641e+00   3.54296454594825e-02   4.47650870039677e-01  -1.05401519705573e-02   8.64046893179416e-01  -4.37457246633116e-02
 -2.88120052357722e+00   7.53977405191662e-01   3.47020020544958e-01   6.17115431507804e-01  -1.75096685309611e-01  -2.02416781387128e-01
 -1.75093657462820e+00   1.17052995497423e+00   1.40390863539995e-01   1.60437036219525e-01  -3.72744069567394e-01   3.85748590709319e-01
 -1.12598275772256e+00   9.57056812512560e-01   5.47899633227550e-02  -3.47928205881329e-01  -5.14219644655105e-01   2.36341755207994e-01
 -8.31840578577649e-01   6.08899493777866e-01   3.58125643892697e-01  -3.58600833035437e-01  -5.64417304912214e-01  -5.47999319239428e-02
  1.98141905279916e+00   5.00256913274914e-01   4.81891764981141e-01   1.73875313393398e-01   7.30599439366310e-01   2.91608190491557e-02
  1.08098134865068e+00   2.89484445830729e+00   4.84523569839427e-01  -1.04298479119262e-01  -7.76663336510053e-01  -6.65955781786695e-02
 -2.57808149676419e+00   1.70904201914869e-01   3.80867672752207e-01   1.33232203780118e-01  -4.87768994567129e-01  -2.94423621271804e-01
 -1.96981378624409e-01  -2.92622333932211e-01   2.40760677281235e-01   2.69586905550493e-01  -1.78581036590871e-01  -3.98915100049222e-01
  7.47217759070185e-01   1.94750181673690e+00   3.19818565535449e-01  -6.39878528054420e-01  -2.34507036549870e-01   1.43662534053044e-01
  1.12065484173658e+00   1.38190603611764e+00   2.41567755776524e-01  -4.07197860531168e-01   1.61090598118239e-01   3.52007460072042e-01
 -7.34141654755005e-03   1.31791438145188e+00   3.54925193590189e-01  -9.01826303531984e-01  -1.71090804334903e-03  -2.71329696767518e-02
  2.05410505313139e+00   1.65025047568832e+00   1.07798208943066e-01   4.53364872917374e-01  -6.87806560422939e-02   3.72460278668658e-01
 -2.74146367968643e+00  -8.55365032320911e-01   3.72864903269374e-01  -6.45232077461295e-01  -2.37152848521624e-01  -1.19965496196230e-01
  4.83060720285681e-01   8.86347355725384e-01   3.06158323707750e-01  -6.45364943190755e-01   2.76230573674567e-01  -8.13882140855603e-02
  2.11321992730176e+00   2.41040249787930e+00   1.29733460058580e-01   3.35875589833566e-01  -6.21202853719562e-01   8.51743377507406e-02
  2.69620716500729e+00  -2.54643025551971e+00   6.02257954921739e-02  -4.99891810170518e-01  -3.52460834563170e-01  -2.44091130699732e-01
  1.07994968734019e+00  -9.26015344147493e-01   4.32573824340707e-02   3.73490639032132e-01   5.25496985190878e-01   2.04716284208703e-01
 -2.59898315043118e+00   1.73067560303610e+00   1.23802133210501e-01   8.24766010352378e-01   8.01955243992144e-02   1.14819005447821e-01
 -2.83204342746821e+00  -1.17540519931477e+00   3.69506348050010e-01  -8.16368179358422e-01  -1.08975357231864e-01  -2.39614575818276e-02
  2.45618673531384e+00   1.93516827535438e+00   1.01793962365764e-01   7.08759319538478e-01  -2.21027008554867e-01   1.31379478387705e-01
  6.52767547442068e-01   1.20369604864044e+00   3.41486659398582e-02  -7.36429371665744e-01   2.16513835954729e-01   1.18422622190997e-01
  1.06810953693801e+00  -4.37624559568974e-01   1.76211872049146e-01   1.97103565829999e-01   7.66225307554097e-01  -2.44711212040050e-02
  6.93696594442116e-01  -2.75561578391187e-01   1.22138758075675e-01   2.04156155182904e-01   6.00414117677542e-01  -2.46249055217659e-01
 -2.04105000986666e-01   1.49929874330560e-01   1.53877446395701e-01  -1.41835397211469e-01  -1.94342958868691e-01  -4.40347372224421e-01
 -2.79523092015721e+00  -2.49784250861806e+00   3.44189638128670e-01  -5.27000403228473e-01   2.53468718889423e-01  -2.28526530389539e-01
  2.12642594974929e-01  -1.08346553117097e+00   4.30308585477923e-01   7.92463072788513e-01   9.06758781680461e-02  -7.35531638219476e-02
  6.40071923500573e-01  -9.44215515685131e-01   4.36276252689478e-01   5.95406319056847e-01   3.20953424418790e-01   5.40519364240228e-03
  6.49610888640941e-02  -2.88182829252690e+00   2.11636852918063e-01   2.45688489399139e-01  -6.01374332783346e-02  -4.27169613399894e-01
 -8.22145001744512e-01  -2.67159025098979e+00   2.33623461047178e-01   2.94187113347490e-01   6.23351737720337e-01  -1.17572349768408e-01
  2.11995722406568e+00  -2.85366678672127e+00   6.21912356218507e-02  -1.46389019898295e-01  -8.07740901571568e-01  -9.35529627223960e-02
  1.03071696125184e+00  -2.35302809434458e+00   1.51056228875255e-01   3.53891988854437e-01  -5.86548672132270e-01   1.12380622284347e-01
 -1.04265056829684e+00   4.80784711433593e-01   4.07789733602779e-01  -2.14803142612480e-01  -7.05842655576353e-01  -1.70174194208196e-02
 -4.05574281614575e-01  -2.96341614029849e+00   2.42553305920621e-01   1.55145464888196e-01   3.69913150396925e-01  -3.68877671101154e-01
  1.41116194310596e+00  -5.50270135370444e-01   3.57369544353902e-01   7.73878528709383e-02   7.83496299264440e-01   1.07559093186756e-01
  4.43550087500693e-01  -2.09492188538380e+00   6.38799754478439e-02   7.72058347811141e-01  -2.12043663702895e-01  -3.23076970616067e-02
  7.58143333396265e-01   1.85651986125260e+00   2.30025952515182e-01  -6.65351104082760e-01  -1.85080492721361e-01   1.79371947509121e-01
 -2.73184691421179e+00  -1.27690490367604e+00   1.29064094229786e-01  -8.55524221803396e-01  -1.12460478691637e-01   3.55132676538603e-02
 -2.38759964240753e+00  -1.55424346393323e+00   2.74768923726022e-01  -6.89888360751938e-01  -1.07249550409515e-02   2.09797551568523e-01
 -1.34815632598193e+00   2.25106438567734e+00   4.88413936118076e-01  -1.55680101949140e-01   5.56384146757713e-01   2.28500841553516e-01
 -1.17951432652107e+00  -2.10115442654473e+00   1.99446504594277e-01   3.16118365424383e-01   4.49325615427046e-01   2.76385717058888e-01
 -2.64334703764059e+00  -2.04318622752345e+00   5.46689045960702e-03  -7.81365678676512e-01   2.17207665619311e-01   1.06441570181701e-02
  2.05500582870620e+00  -1.55554839501893e+00   1.66226145180221e-01  -4.50235009396997e-01   1.30533013980586e-02   3.66347808153631e-01
 -5.86934323090652e-01  -9.58037742080615e-01   9.41282784981794e-02   6.68452019927800e-01  -3.12571210823786e-01  -1.15872436420768e-02
  1.33800712583867e+00   8.98439280188296e-01   3.76445558100685e-01  -1.67394011515473e-01   5.62079673583138e-01   2.40369298363296e-01
  2.43018325303630e+00  -6.58393269621929e-01   2.51544787136648e-01  -4.40700342561957e-01   4.91091654167099e-01  -9.01396445503374e-02
 -2.11379394707862e+00   1.70016992893239e+00   2.05043305400729e-02   5.10289683982949e-01   1.10004205913231e-01   3.55260185782902e-01
  1.79889841732092e+00   2.80555721741962e+00   1.45272029664262e-01   7.24301072231169e-02  -8.93280996287191e-01   2.71734966001748e-02
 -1.41473676604409e+00  -2.67128762773414e+00   2.63609826774452e-01   6.68157892163086e-02   8.35372740852919e-01   8.15308841556095e-02
  2.82913453196645e+00   2.55333026683230e+00   3.50038372057173e-01   4.92344668839511e-01  -2.38436298773476e-01  -2.59748920795083e-01
  3.02355009770088e+00  -1.68649629586633e+00   1.70829670210959e-01  -9.53269689981367e-01  -1.31387891531635e-02   2.53375721571376e-04
  3.58199644845934e-01   1.79330646311020e+00   2.66810478851729e-01  -8.65975448776115e-01  -7.33471476002989e-02   3.33505275681812e-02
 -1.23833730558259e+00  -2.97187410932850e+00   3.86371648883538e-01   5.10258946938538e-02   8.62379538806771e-01  -3.34098904752851e-02
  2.84835641121925e+00  -1.68614245443846e+00   2.32329420496048e-01  -9.07776150230100e-01  -3.17567033387663e-02   3.20329756812103e-02
  1.39801021827742e-01   2.43249175346830e+00   2.93284082348146e-01  -6.08064893402825e-01  -9.97314737315909e-02  -2.47486890229813e-01
  2.21358357839334e+00   4.07149384798298e-01   2.40907036274011e-01   2.26204142732121e-01   7.00422271735447e-01  -9.19504788027625e-02
 -2.46038699994348e+00   1.70741345956381e+00   1.97533326431202e-01   7.39765348769826e-01   8.24423292286295e-02   1.74646542115283e-01
  2.62355784530046e+00   1.46666293055605e+00   2.06888098258364e-01   8.29063439182770e-01   4.93846968025891e-02   1.07888068018910e-01
  1.55301567246221e+00   1.39025007211658e+00   2.84360901924440e-01  -1.65237437049686e-02   1.69612767165479e-01   4.31713181019067e-01
 -2.77560800658494e+00  -2.19961338418624e+00   1.92583004545094e-02  -7.52260533970578e-01   2.09685178609300e-01  -1.08111741904211e-01
  2.91317856410014e+00  -3.40537581502118e-01   3.33448340065134e-01  -3.04331137227911e-01   1.99660875455569e-01  -3.66320268539492e-01
 -1.47841584338044e+00  -2.09766476746650e+00   2.82369765818918e-01   7.53604880543316e-02   4.73192797047215e-01   3.29881462017033e-01
  2.29052354750025e+00  -1.33374415673729e+00   4.36235473978033e-01  -5.87211387387324e-01   1.61840579581870e-01   2.14309802754087e-01
  2.13597927225332e+00   2.31675895601026e+00   1.61032372664158e-01   3.80875230132222e-01  -5.54973475795417e-01   1.18401941764336e-01
  2.76824402196695e+00  -2.66418944813688e+00   9.87351075430740e-02  -4.19456311487538e-01  -3.17620352079772e-01  -3.15227030144579e-01
  1.14429174643334e+00  -2.05705677473131e+00   1.55710952092819e-01   3.54524337882503e-01  -4.12413489304333e-01   2.86803045239734e-01
  9.48026295463552e-01   1.77433433950940e+00   3.81496210211363e-01  -5.29282493148320e-01  -1.52126402336640e-01   2.65662193095734e-01
  2.87237025392081e+00   1.26157770048982e+00   4.74423218532661e-01   8.35135416359334e-01   7.36150780112071e-02  -9.04111177308560e-03
 -2.84967867023022e+00  -1.04217137710300e+00   2.76057802216877e-01  -7.82550006383349e-01  -1.37347325359939e-01  -7.68052972541670e-02
 -2.81074367734626e-02  -2.12427081568745e+00   4.07489718804968e-01   7.83812959470882e-01   1.36164357604533e-02  -1.17037640266130e-01
 -2.63573630915142e+00   7.69528051692481e-01   4.71981812705445e-01   5.53828325165996e-01  -3.16677973789158e-01  -1.16358018781037e-01
  1.73730737564343e+00   7.23612817145669e-01   2.68990981438831e-01   1.03989947907450e-01   7.00344246936807e-01   1.84492549824079e-01
 -2.36781057063288e+00   1.96102336716660e+00   2.19060579409781e-01   6.33144412988606e-01   2.54444144296023e-01   1.57424419793139e-01
  2.85776241472599e+00   7.50420635063108e-01   3.49529730543051e-01   6.10459951143901e-01   1.90988954497416e-01  -1.98481208515835e-01
 -2.58786043867968e+00  -2.01970126881075e-02   2.51446631886475e-01  -1.63352647051938e-02  -4.99971931457700e-01  -3.26935608738293e-01
 -2.65107571413690e+00   2.44862519217231e+00   7.51057555683770e-02   5.55097900175620e-01   3.57025231477304e-01  -1.79518501285157e-01
 -2.16515098611999e+00  -8.77063527878449e-01   9.42695762789870e-02  -4.22502927025717e-01  -5.19864509846349e-01   1.33654763080134e-01
 -1.18061814505800e+00   7.10130412432319e-01   8.16617622913438e-02  -2.43947728447970e-01  -6.89925140171985e-01   1.35669055002635e-01
 -1.99042551838125e+00  -2.65881827018782e+00   3.20241335175603e-01  -1.77406460048763e-01   7.58683916559375e-01   2.17850912521216e-02
  4.55014039739762e-01  -1.07730312829901e+00   1.64254073880349e-01   7.65512878610119e-01   2.01453724841040e-01  -1.46353343580124e-02
 -1.50790907878889e+00   2.01870637519558e+00   3.88872734561675e-01  -5.24076541349001e-02   3.99884372233707e-01   3.46011416178781e-01
 -6.34310033555092e-02  -6.83633326244529e-01   3.75413829628890e-01   5.84748975438696e-01  -4.55892588239276e-02  -2.56898427578652e-01
  2.42952328955456e+00   2.78164694174148e+00   2.20388841456022e-01   2.55139621764693e-01  -5.85159656484287e-01  -2.05558575185391e-01
  2.00363079291615e+00  -3.69125746677198e-01   3.20599419718754e-01  -1.41936947361260e-01   7.94052891276101e-01  -2.01252463919355e-02
 -2.27336320576237e+00  -1.17273942004204e+00   2.89289816881051e-02  -5.92221525833173e-01  -2.94125520031828e-01   2.13612576865629e-01
  1.10248648033232e+00  -2.31292012295437e+00   2.63186911907955e-01   3.15623264079618e-01  -5.72163218429306e-01   1.52778013090859e-01
  1.18349313637302e+00  -1.83115436301756e+00   3.52943446992052e-01   3.40089616650050e-01  -2.22113859262494e-01   3.43461237670952e-01
  2.51033702671638e+00   2.47631146467015e+00   3.14934236023039e-01   4.67902817226576e-01  -4.35960481908499e-01  -1.19319761335117e-01
 -2.31078405899045e+00  -2.25953989500534e+00   4.48747723512481e-01  -4.75887741712641e-01   4.29062870668460e-01   5.90839342154753e-02
  2.69732175426543e+00   3.34808270112699e-01   1.71675041650802e-01   2.86676203307500e-01   3.92233129010664e-01  -3.30180900232402e-01
  4.82228496990043e-01   2.46375524632524e+00   4.59601686199355e-01  -5.06802934495001e-01  -3.29508525486316e-01  -1.62945884411993e-01
 -2.53086777143387e+00  -1.16606685704762e+00   3.45142567932268e-01  -7.02817780423171e-01  -2.10750332655950e-01   7.56955319627365e-02
 -9.52996213746829e-01   1.51497620937535e+00   4.02365911646058e-01  -5.33623582318309e-01  -4.19619984861545e-02   2.81522289785776e-01
 -2.90993026801362e+00  -2.28454157347714e+00   3.46876658318566e-01  -6.86411115714285e-01   1.40235096952919e-01  -1.63590501270823e-01
  6.99622359812342e-01  -2.53364396874521e+00   2.95453210449057e-01   4.11930454280389e-01  -4.98223028518375e-01  -1.15111260456244e-01
  1.16999285647066e+00  -2.22941603021003e+00   1.24959244492657e-01   3.00936166156810e-01  -5.49612542144856e-01   2.25064977139039e-01
 -3.77367382278399e-01   1.03360989593644e+00   3.86168408726179e-02  -7.92555225995744e-01  -1.87105297219730e-01  -6.20760599876334e-02
 -1.88011733299998e+00  -2.31241225705235e-01   1.18446147267277e-01  -6.81336176817514e-02  -9.05480187598719e-01  -1.91415063279617e-02
  1.37070797363166e+00   1.01468662184054e+00   4.53605730315952e-01  -1.54166233935097e-01   4.72485346877383e-01   2.84346711888739e-01
 -2.58090334842389e+00   6.29759307824081e-01   1.93868373060648e-01   4.79806127894289e-01  -4.13415784863807e-01  -1.71361615394802e-01
 -2.64682861137152e+00  -4.41119123719840e-01   2.64597912143002e-01  -3.56384350529640e-01  -4.07239810502031e-01  -2.66386938741240e-01
  1.81201034409056e+00   3.01596329667433e+00   7.92870320726482e-02   2.94607764566837e-02  -9.48239384154638e-01  -2.00366449452777e-02
 -2.21265255970358e+00  -5.74703413842865e-01   1.59058952581286e-02  -3.24402153898049e-01  -6.70174976951826e-01  -3.12684632351524e-02
  2.51209892405049e-02   8.71883504385095e-01   2.20588723644458e-01  -7.32271186610175e-01   1.54633087894898e-02  -1.89203990416371e-01
  1.12605065626968e+00   2.81673434191995e+00   3.57505246315035e-01  -1.27842328366417e-01  -7.96470394304080e-01  -3.60673060364033e-02
  1.18763271981973e+00  -1.67332840238807e+00   1.48232717560568e-01   3.61029597922653e-01  -9.21575298595893e-02   4.00417638976147e-01
 -2.35758020030681e-02  -4.60868708932586e-01   3.97624558011735e-01   4.10615107854516e-01  -1.95000328433381e-02  -3.41890673093592e-01
  2.98563124582295e+00   7.85127784552667e-01   3.28021106914203e-01   6.53992189171199e-01   1.02888286147455e-01  -2.08797023718655e-01
 -2.00690576778222e+00   2.24053584291325e+00   2.61200528917790e-01   3.14311233456946e-01   5.34038066136411e-01   1.96460379456299e-01
  2.30820358744390e+00  -2.07701840407879e+00   1.65529780822889e-01  -5.68894915110878e-01  -3.47225000506689e-01   1.46385424239429e-01
 -2.53164564707020e+00  -1.53813042044498e+00   4.93058261892532e-01  -7.42309861889114e-01  -1.69516587152651e-02   1.34259599197400e-01
  2.35260815182743e+00  -1.90769149000471e+00   1.02073651149719e-02  -6.63603389947603e-01  -2.34098451428650e-01   1.96355381859639e-01
 -2.28867337902409e+00   1.57884992067874e+00   2.38803737768866e-01   6.27088832978882e-01   5.78302868509839e-03   2.57786981526268e-01
  2.21535266223662e+00   2.48099923842624e+00   4.14184842054784e-01   3.39360346291547e-01  -5.81022491109340e-01   6.55568440173708e-03
  5.38467875866284e-01   2.76013915447984e+00   3.20254024109243e-01  -2.99763651208769e-01  -4.46432052770942e-01  -2.63238347275626e-01
 -5.06703184649137e-01   4.04013344187208e-01   5.77487758880595e-02  -3.39769915435533e-01  -4.41102222025830e-01  -2.98010811319099e-01
  1.87794998472999e-01  -1.67548109489071e+00   4.75195832222026e-01   8.88459009607945e-01  -1.77395784046892e-02   9.89602081451360e-03
 -2.88743725532353e-01   1.43824622092808e+00   3.63225048659925e-01  -8.83614358923753e-01  -3.49960672236533e-02   2.75060677262011e-02
 -2.34450021029139e+00   1.79957749147131e+00   3.18527612397690e-01   6.38576899473685e-01   1.52216927483656e-01   2.02599606537292e-01
  2.10033579118108e+00  -2.54566935301414e+00   2.21059901127464e-01  -2.71257346367024e-01  -6.83386439364088e-01   2.73994997998114e-02
 -1.30372776148039e+00  -9.90401058111483e-02   4.82574246558404e-01   2.36936912317388e-02  -8.71514865822012e-01  -2.46797102070432e-02
  1.18062390087543e+00   1.64518198296174e+00   1.55671173641322e-01  -3.67668944237520e-01  -6.66247257888527e-02   3.99254890258082e-01
 -2.70330441802086e+00  -1.03794812704254e+00   1.13192322921158e-01  -7.62488693152593e-01  -2.10759706728119e-01  -3.72475727901211e-02
 -1.50088362349911e+00  -1.04662564460615e-01   8.37691787646442e-02   7.17669246225012e-03  -9.75615351413024e-01   2.91781652304799e-03
  1.45736710216175e+00   1.50322756065870e+00   1.49639960488298e-01  -1.09598236642336e-01   6.51055545546266e-02   4.62769825249896e-01
  1.83346315106443e+00   2.57902279779948e+00   1.09643962057571e-01   1.35487138736476e-01  -7.99156032455829e-01   1.03869705263347e-01
  2.34888840787376e+00   1.18656060085192e+00   4.45689127875865e-01   5.95245736768986e-01   2.44219975181550e-01   1.53449912825487e-01
  1.02748568688944e+00   1.34622301155343e+00   3.66092659935124e-02  -5.00314469339015e-01   1.89232788578969e-01   3.36608621101702e-01
  5.14241128862971e-02   1.53322599155839e+00   2.59798317300093e-02  -9.92801335062973e-01   1.92070955395576e-03   6.09257184708596e-04
  2.23837848203129e+00   1.22916364864942e+00   3.01135448094257e-01   5.49217063978306e-01   2.47724609477765e-01   2.23618091633270e-01
 -1.15276575177072e+00   2.36705201460545e-01   1.70692313227453e-01  -9.20032691480228e-02  -8.58590194241109e-01  -5.12832137085311e-02
  2.26589610229589e+00   8.83273054253801e-02   3.54748916486387e-01   5.26272216403531e-02   7.12600342225596e-01  -1.74587362625467e-01
 -8.94021158617738e-01   2.47549398709772e+00   3.31266268809178e-01  -3.62185653150729e-01   5.73654822816372e-01  -4.55474775243541e-03
 -2.37488830483211e+00   3.51921370938310e-01   4.41714866388854e-01   2.27264038825178e-01  -5.96181173244189e-01  -1.67554093709564e-01
  1.25436579268872e+00   1.58343261165773e+00   2.34743342171641e-02  -3.09694066233617e-01  -1.19523549262132e-02   4.47285153187271e-01
 -2.00380519605744e+00  -2.92849524814350e+00   1.57483594522299e-01  -8.59897892553767e-02   8.59667834739411e-01  -6.16608820522538e-02
  1.24467839349228e+00   1.75189389823609e+00   3.92834043326140e-01  -2.91317845863619e-01  -1.57724595428417e-01   3.69578062484019e-01
 -2.27873279485437e+00  -2.52734659255629e+00   3.50647413748692e-01  -3.49394351999969e-01   5.78790042510029e-01  -3.94052134671934e-02
  9.36129827306608e-01  -1.09572133610317e+00   2.25910893351656e-01   5.03957196937609e-01   3.52062608380327e-01   2.00644206569566e-01
  3.19374705889528e-01   5.19891174411015e-01   3.48752616145475e-01  -4.39886512725775e-01   2.54130192029679e-01  -2.84693814588173e-01
  2.21236023888343e-01  -1.90100348586147e+00   1.01235059223389e-01   9.04420461039964e-01  -6.97235275236853e-02  -2.73588479539628e-02
  2.81486178639693e+00   1.50125708442867e+00   1.64060860770488e-01   9.14309508955609e-01   2.15806822417439e-02   4.59719606319170e-02
 -1.82237531885921e+00  -2.49755875290994e+00   1.45710677372183e-01  -1.45173307122909e-01   7.52261658896801e-01   1.40820310490638e-01
 -1.19676274903518e+00  -1.45185568334997e+00   2.09385133424839e-01   3.47912775531278e-01  -1.05926290576953e-01   3.91968203271086e-01
 -5.39674535165787e-01   5.20365507421584e-01   1.35318387100409e-02  -4.25380818553258e-01  -4.44636463024520e-01  -2.43053858990886e-01
  1.95388662976610e+00   2.11194569528670e+00   4.36129283990461e-01   2.93619223580404e-01  -4.37873231252980e-01   2.49846866613618e-01
 -2.61274564989156e+00   4.23478374828242e-01   1.69261031256020e-01   3.42986476777701e-01  -4.44659462107446e-01  -2.69414970691529e-01
 -1.99186336201502e-01  -1.65150113978130e-01   2.66250069110307e-01   1.52793104539843e-01  -1.85058077661958e-01  -4.19740090901358e-01
  1.80609880207611e+00  -6.25315703855205e-01   4.22491701491325e-01  -1.25410050339921e-01   7.24551948247420e-01   1.21730249914270e-01
  2.62135837444599e+00  -1.20429040069839e+00   4.30201364213413e-01  -7.43289671038017e-01   1.63446898647376e-01   4.99561570177046e-02
 -1.59063206140967e+00  -1.72294273257835e+00   3.38498194386552e-01  -1.83219661711444e-02   1.41611274995958e-01   4.26480946826040e-01
  1.70846104539755e+00   1.32689676552891e+00   1.73899997042727e-01   1.28616795601060e-01   2.31027419801476e-01   4.30419674319308e-01
  1.22647499124674e+00   2.50130191775032e+00   4.01336473718526e-01  -1.86112132268533e-01  -6.96630992312443e-01   1.03469743981458e-01
 -2.60350438586586e+00  -2.14175982639833e+00   4.20642784437612e-01  -6.64190039901232e-01   2.54626281324958e-01  -1.24349691943265e-02
 -2.58652876043492e+00   1.71727566557700e+00   4.56948963095911e-01   7.67334729893051e-01   7.02005902404590e-02   1.06794113036065e-01
 -3.45496249491978e-01  -2.83420828039271e+00   8.15863386707240e-02   2.80079605452218e-01   3.17565569918926e-01  -3.84137240943978e-01
 -6.95944918013204e-01  -1.51396056142312e+00   2.82997726752958e-01   7.24046400283159e-01  -3.44143967902430e-02   1.82075541061489e-01
  2.41947648052299e+00  -8.15131777202416e-01   3.65457764632425e-02  -5.42182010018449e-01   4.49976885421509e-01  -1.64562145229224e-02
  2.43528615138441e+00  -2.37167777675803e+00   9.07480369126887e-02  -5.20023905603439e-01  -4.57601698053371e-01  -4.54417216888108e-02
  1.01164865095660e+00   2.13794917465509e+00   2.29405752838770e-01  -4.27347304913075e-01  -4.34993407134630e-01   1.96144187438436e-01
  1.79133055901841e+00  -9.50912562228763e-01   3.54625621378979e-01  -1.65860564868540e-01   5.28057895090006e-01   2.66684279784225e-01
 -1.36680791161441e+00  -1.47655904220873e+00   3.52710868659532e-01   1.87941219609912e-01  -8.58706103675671e-02   4.12544649547913e-01
  2.94356397229035e+00  -1.95054752749780e+00   2.36864183507766e-02  -9.06301963257312e-01  -7.25836281043020e-02  -4.88872233630369e-02
 -2.71618735687940e+00   2.34436214286166e+00   2.00975422558564e-01   6.25985146671773e-01   2.76982557431077e-01  -1.46651680022996e-01
  1.06831451169932e+00  -5.01995155488676e-01   1.09616446323203e-01   2.26709998252669e-01   7.51605165353743e-01  -1.96532512987238e-04
 -8.42991853773780e-01  -2.72522482863299e+00   6.60596277111223e-02   2.65516013653716e-01   6.73884669018214e-01  -1.35843079527737e-01
 -2.93486546612381e+00   9.98621759710894e-01   1.49746720712427e-01   7.98547033404067e-01  -1.07860049119151e-01  -1.18226878317986e-01
  1.44770415996678e+00   1.96948732431879e+00   4.07934142250288e-01  -1.04286656711952e-01  -3.55089750049445e-01   3.54309692198276e-01
 -2.78709525198210e+00   1.29262181617074e+00   4.32856621515445e-01   8.26986018610625e-01  -8.74143638131690e-02   1.89590806477555e-02
 -1.26041142865999e+00  -1.48229692987139e+00   2.35194991554102e-01   2.90250573899314e-01  -8.02934259448029e-02   4.09096385490996e-01
  2.97190703979622e+00   2.11568754358381e+00   3.03711333569377e-01   7.93225690309302e-01  -8.23722780133137e-02  -1.06335870977686e-01
 -5.11996832427888e-01   4.61120159748277e-01   3.41882899909034e-01  -3.62258059367716e-01  -4.09751732182313e-01  -2.45083029969594e-01
 -2.26621393575880e+00  -6.73638565541483e-01   6.57280676453394e-02  -3.94474334895080e-01  -5.92232020926363e-01  -1.03910165249354e-02
 -2.39567094372901e+00   2.75215722376041e+00   1.29791649121363e-01   2.71705290331472e-01   6.11746413202559e-01  -1.87645288865366e-01
  2.01786132846557e+00   2.48158215240451e+00   1.78049330550492e-01   2.55793877922371e-01  -6.87425662007675e-01   8.80136464163991e-02
 -1.61402240641102e+00  -1.30192639372376e+00   1.56932983423459e-01  -4.03728032790049e-02  -2.57193554974432e-01   4.35565231997323e-01
 -1.15073261500247e-01  -1.27024634665370e+00   1.54917620972098e-01   9.19908503653600e-01  -3.29547579731844e-02  -3.49927460056426e-02
  2.93262925724625e+00  -7.94609480473687e-01   1.08969297595410e-01  -6.83017989058472e-01   1.42196047176395e-01  -2.14328986328446e-01
 -2.66035403373130e+00   1.46532198342291e+00   1.67142868429571e-01   8.52516110961389e-01  -4.71291369644209e-02   9.50162692916457e-02
 -1.47954928735783e+00   3.79108354672101e-01   9.69726923678333e-02  -3.30752431421426e-02  -9.07360661141064e-01   6.18850509394500e-02
  9.57015974684678e-01  -3.06183752465439e+00   4.25608245500152e-01   4.21428608573764e-02  -7.48384378127883e-01  -1.37224431735769e-01
 -1.86326061409071e+00  -5.52106675468260e-01   2.78544719963135e-01  -1.43021190376669e-01  -7.71091243435397e-01   8.58590785129737e-02
 -1.05985519027701e+00  -2.08025778002724e+00   8.54403004685184e-03   4.26170303758211e-01   4.24693147344272e-01   2.60618925031534e-01
 -2.70373592105595e+00  -4.21033634606290e-01   2.19413873484014e-01  -3.54256035546053e-01  -3.70356093541615e-01  -2.99151014452521e-01
  2.99979325913860e+00   4.77949648251497e-02   6.82818675106533e-02   4.66557304766132e-02   1.39248614453674e-01  -4.75700608086868e-01
  1.95382587728685e+00  -4.07547185477004e-01   3.93820108316921e-01  -1.36912161404265e-01   7.87068063680956e-01   7.44241578990016e-03
  1.58667659755853e+00  -2.14431492717449e+00   1.51238395543325e-01  -1.29413920312191e-02  -5.26358250482157e-01   3.31968945609070e-01
 -1.68633622855896e+00  -1.86833904888710e+00   3.21814247677950e-01  -1.03347009607139e-01   2.73064016934445e-01   3.95980954802814e-01
  9.05214049271828e-01  -1.05402975903764e+00   2.61061878459308e-01   5.09569933013590e-01   3.68845645311126e-01   1.68712415876710e-01
  1.76879117557470e+00  -2.83114411684354e+00   4.78899455397686e-01  -5.46017972041251e-02  -8.48322847864954e-01   2.25528469151733e-02
 -3.04377007819328e+00  -1.16700063267997e+00   9.29034858785128e-02  -8.98332251141684e-01  -3.76679144908948e-02  -6.97785240698437e-02
 -4.73560841015893e-01   2.67923018137282e+00   2.87578712916682e-01  -3.74786358922343e-01   3.85358596633796e-01  -2.64298716084380e-01
 -1.47173658752544e+00  -1.72829160100384e+00   1.53000058216844e-01   9.47302217500446e-02   1.51372461075607e-01   4.54147490906817e-01
  2.84519894373616e+00   2.93705413096715e+00   4.92691059000153e-01   1.76029656546471e-01  -2.59148251959576e-01  -3.58601934417632e-01
  4.18170960468078e-01  -1.18729119221940e+00   4.48501684297899e-01   7.74744287041767e-01   1.38911556725102e-01   1.04066852059697e-02
  6.41162165970746e-01  -2.19730054368256e+00   2.38153757770382e-01   6.19003682929215e-01  -3.34379683317163e-01   6.35901227845530e-03
  1.47730070568418e+00  -2.27223082786542e+00   4.58246485286310e-01   6.50731611924396e-02  -5.86229247682745e-01   2.39288427433497e-01
  1.62068856707218e+00   4.12930590458430e-01   3.01596498893950e-01   1.88417209299369e-02   8.61259585739340e-01   7.02660690296879e-02
  2.72009001405707e+00  -2.73753224069131e+00   2.62835658106895e-01  -3.40373127448611e-01  -3.56921309450584e-01  -3.05187093522447e-01
  1.66023998994364e+00   1.13406516369422e+00   1.35932486004879e-01   7.87695386744983e-02   4.09989800347476e-01   3.85039288116279e-01
  1.70673019483437e+00   1.48817391485411e+00   4.92557444339163e-01   1.22383349059482e-01   7.40961727153788e-02   4.00249207020102e-01
 -3.06377485446630e+00   1.97873276749544e+00   2.98748755549566e-01   8.62084214868817e-01   2.90516770167052e-02  -6.71469329800453e-02
  1.67077316024055e+00   1.24457727046670e+00   3.85758582722630e-01   8.75263126827774e-02   2.95187732635403e-01   3.80230850421663e-01
 -1.57325466404713e+00   2.36271603873401e+00   2.48337036062777e-01   1.64325484682621e-03   6.77216125119676e-01   2.23404789670657e-01
  2.87688904242692e+00  -2.94138211885897e+00   4.05573506773991e-01  -1.76993708635869e-01  -2.36420778980167e-01  -3.79210525406976e-01
  1.19598837267883e+00   2.14235598987484e+00   7.96526609988469e-02  -3.03040003830153e-01  -4.95435248615995e-01   2.77687328123820e-01
  4.11455075830772e-01  -2.90007908070049e+00   3.66623432036915e-02   2.17609686437315e-01  -3.85498815293600e-01  -3.85722612795923e-01
 -8.80728759404281e-01   1.09694093335761e+00   2.64563868945894e-03  -5.66147446451055e-01  -3.51729394405005e-01   1.93058534641513e-01
  2.64523327541918e+00   2.66515432022414e+00   1.26438942741166e-01   3.93202150170641e-01  -4.12624467254789e-01  -2.67558928506367e-01
  9.89706966939819e-01   1.86412714452672e+00   1.68614952546438e-01  -5.08062133255037e-01  -2.33669618001264e-01   2.87475734780876e-01
  1.81031762713454e-01  -2.95909659404703e+00   9.77720439357483e-02   1.75062079755492e-01  -1.73626138758836e-01  -4.49399917423493e-01
  2.66356134817882e+00  -7.21515353220675e-01   1.23847110798142e-01  -5.72131703500877e-01   3.36944534830945e-01  -1.67531502492908e-01
 -1.89868869594813e+00   2.28095791706722e+00   1.10756031480826e-01   2.38845555713230e-01   6.03700264469247e-01   2.25408262786388e-01
 -2.71807728042273e+00   1.27413937740854e+00   3.65325247119524e-01   8.10399475808971e-01  -1.11671337313178e-01   3.60482760857938e-02
 -1.57869239250810e+00  -7.37035136551399e-01   2.31158489595297e-01  -5.06709507031531e-03  -7.06988779396609e-01   2.05880721224162e-01
 -2.47630430746318e+00   1.97011946183949e+00   2.62136388125087e-01   6.87819150070254e-01   2.27739324033003e-01   1.03498626786488e-01
 -1.63433960045501e-01   8.97148549782619e-01   6.59625616625120e-03  -7.70119923956508e-01  -1.01369710672412e-01  -1.80874122072215e-01
 -1.57513656451485e+00   2.28776487642379e+00   4.87558754588966e-02   3.23991842342226e-03   6.50720071656396e-01   2.78611764175717e-01
  5.35937925061588e-01  -1.04736412753105e+00   2.60645128279654e-01   7.06847069653264e-01   2.42285093577340e-01   4.91279872647333e-03
  1.57457248616307e+00  -1.64754780982553e+00   7.86043808554301e-02  -3.70630679886067e-03  -7.54796219640098e-02   4.81668163515729e-01
  3.02347978346331e+00  -2.85010034069163e+00   4.67152555383908e-01  -2.59924160617029e-01  -1.02799911059186e-01  -3.74763964403899e-01
  4.27638049452455e-02  -1.78484844213805e+00   2.92399142338811e-01   9.20829169514692e-01  -8.56533790494713e-03  -1.92581471715222e-02
 -6.15155724141292e-01   1.41281802153603e+00   2.59969956019043e-01  -7.65651358984099e-01  -8.61884561031053e-02   1.38915499414737e-01
  6.84600571737277e-01   1.88125805302873e+00   1.83664399966677e-01  -7.11032756107368e-01  -1.86218502175392e-01   1.42420330166741e-01
 -1.41552894615678e+00  -9.97556898693545e-01   2.54849254010256e-01   1.23467865829589e-01  -5.09205128977302e-01   3.07922109104388e-01
 -2.64100178128811e+00   1.61066026138253e+00   4.54522317379607e-01   8.00429754187345e-01   1.74653134638400e-02   9.53646850076239e-02
  3.65885130101527e-01  -9.36140688345591e-01   3.15544126423496e-01   7.05982978079872e-01   1.99152145152409e-01  -9.85109396593189e-02
  2.52759454440502e+00  -1.80282837545656e+00   7.85251727807851e-02  -7.83052059290575e-01  -1.30422140555146e-01   1.35214318712096e-01
  2.01710107983836e+00  -8.02544191374189e-01   3.58019236760735e-01  -2.88951452429902e-01   5.83501572452286e-01   1.43345962879062e-01
 -1.94543638868202e+00   1.69843243363003e+00   1.74524017845215e-01   3.50510361694592e-01   1.14397411544582e-01   3.96290129838953e-01
  1.42230197049072e+00   3.07238578428280e+00   3.79409531691200e-01  -9.48331273026765e-03  -9.14530315748821e-01  -7.34910245773261e-03
 -1.82109821844405e+00  -2.09616281448133e+00   4.00784838550365e-01  -1.97785546508751e-01   4.48472998462688e-01   2.92668080468807e-01
 -3.05922141028095e+00   1.58762702471852e+00   3.74967949294861e-02   9.89023332066346e-01   1.37438714646320e-03   3.19494103148996e-03
  1.65473900212471e+00   5.11283591105729e-01   2.91967821025444e-01   3.86977116885475e-02   8.19752845483143e-01   1.03383711968418e-01
  1.71359920765458e+00  -2.36724665503280e+00   6.41785356342696e-02  -9.82464984231734e-02  -6.98577210499372e-01   2.28407698492268e-01
  2.21318087193947e+00   2.92919446158265e+00   4.00575715836433e-01   1.16571096159699e-01  -7.22418687678843e-01  -1.33964404107423e-01
  1.62107720793702e+00  -2.30883961075399e+00   3.86036751620862e-02  -3.68954845930622e-02  -6.66823009988625e-01   2.68205413078738e-01
  1.40984176624748e-01   2.72445184330113e+00   1.00331979536106e-01  -3.93159312228910e-01  -1.25916156536634e-01  -3.92002793013650e-01
 -2.34992028407145e+00   2.95094920859920e+00   2.91208466402124e-01   1.25613664191117e-01   6.59110619268939e-01  -2.03739829397097e-01
  2.31689266853947e+00  -3.09554478865908e-01   4.85374092372965e-01  -1.87649361042745e-01   6.34733791872052e-01  -1.51504258634333e-01
 -9.86883292964205e-02  -5.53561158968070e-01   1.30739969279772e-01   5.09659531679161e-01  -8.16506300066652e-02  -3.38767777189226e-01
  2.83971854355781e+00   2.16732198864797e+00   1.32925111626821e-01   7.69160647742646e-01  -1.62638621592049e-01  -1.07714812499252e-01
 -1.34147017016559e-02  -6.82165669106841e-01   7.97810492068609e-02   6.20439518776582e-01  -1.02474793536732e-02  -2.91701319482613e-01
 -2.06200583495253e+00   6.48917700738105e-01   8.50583007957045e-02   2.80247199040092e-01  -6.90684171330008e-01   6.89700381433841e-02
  1.06858537217009e+00   9.51875094074227e-01   1.23182164846114e-01  -3.82532532973912e-01   4.96144282372477e-01   2.05475129967065e-01
  1.44304880709130e-01   1.09763938728060e+00   1.36641263702998e-01  -8.57135143707553e-01   6.37649351164527e-02  -8.85180094975187e-02
  2.78150108249603e+00  -1.68655715819542e+00   2.07471521647465e-01  -8.91817182488452e-01  -3.90442431954630e-02   5.09957211427662e-02
 -1.22513845131097e+00   8.09201717973559e-01   1.67241346497128e-01  -2.37147002543936e-01  -6.27902826022389e-01   1.91266493576118e-01
 -2.48099178089427e+00  -2.64407257105216e+00   1.76369170071053e-01  -3.63785018419939e-01   5.20516713614654e-01  -1.84391827515704e-01
  2.83068507578243e-01  -8.11618809708312e-02   4.99503613829544e-01   7.04452776852247e-02   2.51917207591083e-01  -3.74814372952293e-01
 -2.62323391469877e+00   2.55101425705242e+00   1.50119860037236e-01   4.69384741440920e-01   3.99362083650283e-01  -2.09274385063733e-01
  1.89887481127022e+00  -5.94677038553058e-01   4.65669610725812e-01  -1.64469826337685e-01   7.14415859126791e-01   8.71726390522815e-02
 -2.77901367581245e-01   1.12057157837738e-01   2.15959895977613e-01  -1.02986851633226e-01  -2.61093313057164e-01  -4.18369774564190e-01
 -2.21427888079101e+00  -5.06441749939218e-01   4.84949566863210e-01  -2.64132347512600e-01  -6.34924022312272e-01  -5.13522040020662e-02
 -1.58401524487711e+00  -1.93015299613013e+00   4.08374600280054e-01  -1.14036881346869e-02   3.24062639061190e-01   3.72055337875705e-01
 -9.88996343290771e-01  -7.88320007935193e-02   3.10948810394770e-01   4.06662680842268e-02  -7.82661297001697e-01  -1.30593531180926e-01
 -2.81975533230391e+00   2.50804665007536e-01   3.84981089504209e-01   2.17993033648913e-01  -2.83706404584691e-01  -3.59350947689608e-01
  1.68121281096438e+00   1.22887780568463e-01   6.20513776866969e-02   1.33406331885965e-02   9.74248974687925e-01   1.40626311293061e-03
 -5.94807000707557e-01  -2.99613378346248e-02   2.92061516848343e-01   2.34041579062137e-02  -5.28318031840200e-01  -3.04786057451641e-01
 -1.56565169109565e-01  -9.04087035792279e-01   4.97473603522194e-01   7.02733941667508e-01  -8.72933589672427e-02  -1.46745902468463e-01
  6.97989735402621e-01  -2.45496844642837e+00   8.92947075810802e-02   4.77079718229375e-01  -4.88243831537672e-01  -8.93010367442678e-02
  2.75638831885392e-01   1.54008321109429e+00   2.49553237024803e-01  -9.14972043469982e-01   7.95072442499480e-03   3.30908394617608e-02
  1.35241322774779e+00  -2.40464228806230e+00   2.40072259554967e-01   1.38771257933384e-01  -6.89042243452543e-01   1.83817903758724e-01
  1.23131067220118e+00  -1.25925616397207e+00   3.88617972838972e-02   3.14518215939969e-01   2.86792693710277e-01   3.91443570244683e-01
  4.12470692216461e-01  -1.49476944744669e+00   3.24019677381594e-01   8.56166600559636e-01   2.85372841947886e-02   6.80487940270319e-02
 -6.06546415082646e-01  -1.50913598283780e+00   2.47321276078691e-01   7.80483386981151e-01  -3.34309642705538e-02   1.45445870911099e-01
  8.47651026198356e-01  -3.03830049485538e+00   3.56846039471107e-01   6.35317654132712e-02  -6.94364602034486e-01  -1.85220253950896e-01
  1.55885631811224e+00  -2.41372262649799e+00   1.15276671435741e-01   7.76223145878781e-03  -7.29525075111030e-01   2.11258713082307e-01
 -7.48395097982014e-01  -1.20499373989864e+00   2.73323377206437e-01   6.47895893496439e-01  -2.30452766486967e-01   1.50189728615361e-01
  5.96088948658270e-01  -1.14982632030339e+00   5.62982825944048e-02   7.46831214877793e-01   2.26849345737828e-01   7.24450428982265e-02
 -1.94490613548400e+00  -1.69906428341880e+00   9.43871302018999e-02  -3.55664113405661e-01   1.16842325164285e-01   4.09295688257783e-01
 -2.13195104480194e+00  -6.17363667143879e-01   1.03544089026048e-01  -3.01749167723492e-01  -6.76208031646996e-01   2.49029253796891e-02
 -7.21342966549377e-01  -7.74951801801203e-01   1.54851599213482e-01   5.09382045671923e-01  -4.57432937985370e-01  -3.49308128591921e-02
 -1.82633877747879e+00  -2.02910555148306e+00   1.12958279293192e-01  -2.21621080109202e-01   4.18502763504144e-01   3.53826621865239e-01
 -1.04083101845514e+00   9.58443309359317e-01   1.01752520459881e-01  -4.05319362886798e-01  -4.85956089835393e-01   1.98781279708093e-01
  5.56783243003109e-01   7.30381696514041e-01   4.89331614883092e-01  -5.13582519573834e-01   3.56958088870890e-01  -1.13319039046228e-01
 -1.92730998055012e+00   4.51646602327298e-01   3.13253338992401e-01   1.43073834134537e-01  -7.91950570429182e-01   3.02954064161008e-02
 -1.36302884186376e+00  -2.48474996690719e+00   1.20458698997251e-01   1.22957864561463e-01   7.56447433876427e-01   1.57384253126081e-01
 -1.86846557503150e+00   2.96263868247527e+00   2.36216422088439e-01   4.97971724721306e-02   8.97344536409810e-01  -2.47187666189582e-02
  2.50512321780149e-01  -1.31904867637302e+00   4.21372305562715e-01   8.62417836837668e-01   5.67604044083265e-02  -2.51226531541242e-04
  4.32142591408009e-01   4.33271766540726e-01   6.76546646591522e-02  -3.76122693000069e-01   3.75008693993561e-01  -3.15507343707179e-01
 -7.54590673972273e-02   3.05118405022670e+00   3.15183917959957e-01  -8.45286263641872e-02   7.04928962656224e-02  -4.34676987492459e-01
 -2.90279748735021e+00   1.65709474666444e-01   2.50697789594968e-01   1.52433588286975e-01  -2.21883280703867e-01  -4.14681318047494e-01
  1.49792689708194e-01  -2.76439628229293e+00   3.33366356036524e-01   3.40700976151694e-01  -1.29793432577438e-01  -3.68475151378124e-01
 -1.13460600973583e+00   6.31032935532254e-01   3.93670898069517e-01  -2.30387431342981e-01  -6.76408963660865e-01   7.24355201184175e-02
  1.54091606130096e+00   5.26272410254735e-01   4.55326518222026e-01  -1.37007910257880e-02   7.89069231898165e-01   1.04781020169201e-01
 -2.10072502075464e+00   6.99034056850019e-01   3.14455507095915e-01   3.05434289092086e-01  -6.20216637279693e-01   6.99109466439495e-02
 -6.93706190468897e-01  -9.48947048552309e-01   2.26567272780814e-02   6.22123483663442e-01  -3.70786491821715e-01   3.44211884704581e-02
  8.72473051025473e-01  -2.67888031925293e+00   2.00763724745979e-02   2.85840983452667e-01  -6.82634410868990e-01  -1.06199861477216e-01
  2.04527183291257e+00   1.19276972686402e+00   9.25771126186622e-02   4.16824841307507e-01   3.22292019357426e-01   3.15614779691147e-01
  1.48698578798707e+00   8.06801572831329e-01   2.35880145825396e-01  -5.76615094005895e-02   6.57616044464811e-01   2.34037355203705e-01
