   -1.7906703391E+00    2.0960486083E+00    1.6549467039E-01    8.3046390243E-02    4.9085474932E-01    3.0310545102E-01    1.8256162918E-01    4.7342715513E-01    3.2804714366E-01
   -1.7864900952E+00   -2.8605147492E+00    1.6274013145E-01    9.2821980848E-03    8.0756431106E-01    6.8096902152E-02   -5.7467518048E-02    9.0844008953E-01    1.4588374576E-02
    5.1688847086E-02    1.7013741570E+00    3.7961014395E-01   -8.8791362903E-01    4.1736006446E-02   -2.6746310030E-02   -9.1777032073E-01   -6.2354170693E-03   -6.1360762064E-03
   -8.7320630974E-01    9.3029595750E-01    2.0425691769E-01   -5.0742311001E-01   -4.6092859724E-01    7.3153696722E-02   -4.9443566671E-01   -4.3966098071E-01    1.0608635802E-01
   -1.9514509847E+00    8.4773742587E-02    2.1020288128E-01    3.6352807680E-02   -8.1286977350E-01   -6.4134555654E-02    3.0163033419E-02   -8.8700247196E-01   -6.0155309429E-02
    6.2405397205E-01   -9.8159552486E-01    3.9684860791E-01    6.3481427848E-01    3.3137040508E-01    5.7904168265E-04    6.2320311571E-01    2.9993426290E-01    1.3925572351E-02
    2.5238023108E+00   -1.4880268747E+00    7.7405631511E-02   -8.2511893947E-01    1.3739118674E-01    1.6819743699E-01   -7.9989015785E-01    4.7152614953E-02    1.5932887359E-01
   -2.1400440910E+00   -1.4209416219E+00    9.1935000192E-02   -4.7284475262E-01   -1.8774705533E-01    3.3361139010E-01   -5.2324795722E-01   -1.2346065578E-01    3.3118995364E-01
    2.0406023562E+00    4.3031796389E-01    3.2505572971E-01    1.6141292706E-01    7.5169478505E-01   -5.1310980266E-02    1.7696678420E-01    7.5935974973E-01   -1.3578156176E-02
    6.9114506330E-01    1.8213825903E+00    3.4256584806E-01   -6.8379313154E-01   -1.0111448018E-01    1.2492115704E-01   -6.9702211684E-01   -1.4759555730E-01    1.5032982255E-01
   -8.0952140057E-01    2.9104676625E+00    1.1965757791E-01   -1.1549284109E-01    7.0144554213E-01   -1.8143443094E-01   -1.5428780990E-01    6.8804207864E-01   -2.0181168523E-01
    2.1972066792E-01   -9.0915104147E-01    4.9878014380E-01    6.5982513229E-01    1.5150239667E-01   -1.8596617748E-01    6.9690747267E-01    1.2120198230E-01   -1.3515711924E-01
    2.3034352887E+00    2.3768653794E+00    4.5090051020E-01    2.8753244113E-01   -4.0063796116E-01    6.2730423421E-03    4.2312926159E-01   -4.9016694364E-01    1.3357986458E-02
    2.2488113561E+00    1.5699691153E-01    1.0838155459E-01    9.5664752539E-02    7.1925985044E-01   -2.0017384022E-01    9.5969043542E-02    7.5274595559E-01   -1.7666960226E-01
    2.9965042150E+00   -2.1975872709E+00    2.3464244794E-01   -7.3385710947E-01   -1.7316063629E-02   -1.3970089724E-01   -7.6466440064E-01   -8.0915430455E-02   -1.4709362221E-01
    8.9488340579E-02   -8.3410126407E-01    3.2900219830E-01    6.4756358149E-01    7.1303688387E-02   -2.3828025081E-01    6.9074889137E-01    5.6218349761E-02   -1.9435668908E-01
   -1.4009892432E+00    1.4242939165E+00    1.9481824909E-01   -1.1069230487E-01   -7.4425676862E-02    4.8416442154E-01   -1.6079317063E-01   -1.3838109861E-01    4.3945100053E-01
    1.8536140307E+00    4.0274995790E-02    4.3381995542E-01    1.2537881314E-02    8.7949397843E-01   -6.6914423511E-02    1.0302401547E-02    8.7975398345E-01   -3.2053416052E-02
   -1.0291485555E+00    2.7192738090E+00    3.6647627196E-01   -1.6288525928E-01    7.4411843101E-01    3.3354427646E-03   -1.9637720892E-01    7.2634051863E-01   -4.2228685813E-02
    8.0228397551E-01   -1.2620503004E+00    7.3167452296E-02    6.5877780043E-01    2.1635270062E-01    2.0560576961E-01    6.5258075182E-01    2.1528820833E-01    2.0615197263E-01
    2.5230445135E+00    1.9078881372E+00    1.9387498754E-01    6.4809142478E-01   -1.1248629691E-01    1.0982572871E-01    7.3962679825E-01   -1.8448880502E-01    1.0495567726E-01
    1.1388417991E+00   -8.9548106026E-01    1.4210503207E-01    2.8248540431E-01    5.2687950162E-01    2.3727456679E-01    3.1760176257E-01    5.5181537124E-01    2.0497657815E-01
    1.3921040308E+00    3.0651905947E+00    3.7320886797E-01   -1.6506689438E-02   -8.8433038733E-01   -5.3301141619E-03   -1.2590937821E-02   -9.1063381758E-01   -1.1096703572E-02
   -2.8652565554E+00    6.2445193758E-01    8.2812466986E-02    5.3920963735E-01   -1.7606590257E-01   -2.6467830422E-01    5.5323268039E-01   -2.1770879669E-01   -2.8236191160E-01
    1.4715611170E+00    4.3111361404E-01    2.0938408369E-01   -5.7367293286E-02    8.4863033174E-01    5.2651349656E-02   -3.9702729843E-02    8.6695511418E-01    7.5784711217E-02
   -2.6128956074E+00   -2.3750995242E+00    6.6696053094E-02   -3.7790233543E-01    1.4094602674E-01   -1.0685770493E-01   -5.9097491177E-01    3.5853494640E-01   -1.2875497954E-01
   -1.2330019732E+00   -2.0156036746E+00    2.8310696453E-01    3.1823250585E-01    3.5932772250E-01    3.6998902918E-01    2.8269071172E-01    3.8361993543E-01    3.1477041321E-01
    2.9902870042E+00   -1.9961071703E+00    5.4468824424E-02   -8.7511498775E-01   -1.1658202692E-02   -7.8452122817E-02   -8.9074684611E-01   -6.1517556912E-02   -7.2171698113E-02
   -1.0469527062E+00    9.1470638010E-01    3.1289291434E-01   -3.6211088792E-01   -4.8431555570E-01    1.4955955184E-01   -3.7231627706E-01   -4.9617866288E-01    1.6661550267E-01
   -1.1208504942E+00    1.0799028584E+00    7.7016963891E-02   -3.4843317355E-01   -3.7610856025E-01    2.7066380301E-01   -3.7769548610E-01   -4.1800595527E-01    2.8537965727E-01
    1.7680630963E+00    2.0591677187E+00    1.1497364309E-01    1.4662615385E-01   -4.8135662505E-01    3.1792506042E-01    1.6914379112E-01   -4.4962991079E-01    3.5406182143E-01
    3.0455773210E+00    1.9602593923E+00    3.6780437487E-01    7.9954972761E-01    4.1929979567E-03   -5.9921508559E-02    8.5554484637E-01   -3.3818720227E-02   -5.8254533532E-02
    3.4696329557E-01    2.5299019498E+00    2.4015592797E-01   -4.2068940563E-01   -1.8082068924E-01   -2.4514117233E-01   -5.1470719415E-01   -2.6533115476E-01   -2.5190339568E-01
    1.7470000186E+00    8.6226119029E-01    1.8113592247E-01    1.1213090966E-01    6.2555235833E-01    2.2301318264E-01    1.2836735590E-01    6.1785310108E-01    2.5384182600E-01
   -1.1268633900E+00    1.7358351624E+00    3.7748990143E-01   -3.9818688892E-01    1.2763775347E-01    4.0743362456E-01   -3.9285074353E-01    1.3757693393E-01    3.3901483999E-01
   -1.6916696798E+00   -2.0214140544E+00    2.4439922943E-01   -4.7546623464E-02    3.3688518220E-01    3.8886660562E-01   -1.0336482735E-01    4.1171925368E-01    3.6083391903E-01
    7.9663171575E-01   -2.9356312080E+00    2.8209781366E-01    1.2408242502E-01   -6.4844954215E-01   -1.6379071062E-01    1.3513240784E-01   -6.6149914277E-01   -1.9962614939E-01
   -1.5769334044E+00   -4.8436885080E-01    7.9355207918E-02   -2.3012845234E-02   -9.0210360557E-01    1.1842400406E-01   -2.8127148148E-03   -8.7101810674E-01    1.0500940226E-01
    8.7120450952E-01   -2.7646837577E+00    6.1724536975E-02    2.2728171682E-01   -6.8377879314E-01   -1.0052317402E-01    2.3408056189E-01   -7.0267169009E-01   -1.3617345775E-01
    1.2173365433E+00    6.8091958308E-01    4.0899822658E-01   -2.9188356006E-01    6.6464120467E-01    6.5265002065E-02   -2.0078673446E-01    6.7170585658E-01    1.1736997836E-01
   -2.7383380415E+00   -1.8764539266E+00    2.1693650092E-02   -7.4368814595E-01   -1.1422576433E-02    4.1231913541E-02   -8.7335833924E-01    1.1757412266E-01    3.1443791289E-02
   -5.2945891590E-01    2.9357823844E+00    2.5019234431E-01   -1.1813226918E-01    5.0016150652E-01   -3.0036408385E-01   -1.6777088642E-01    4.7027672997E-01   -3.1809136315E-01
   -2.0421833819E+00    1.6020066552E+00    3.0009524488E-01    4.7228331132E-01    4.0561841602E-02    3.4855700675E-01    4.2746004547E-01    2.6182431769E-02    3.5156141623E-01
    1.6460151757E+00   -2.3515332047E+00    2.0450270624E-01    2.9272807460E-02   -6.1586044098E-01    2.4668487057E-01   -5.1245314368E-02   -6.7368756987E-01    2.2990953349E-01
    2.4930429299E+00   -2.4650474335E-01    1.5049115968E-01   -1.8335433734E-01    5.4302219238E-01   -2.7318228746E-01   -1.8870501043E-01    5.6840409379E-01   -2.7098778271E-01
    8.5618051882E-01   -8.5625602518E-01    2.7615238241E-01    4.8144725899E-01    4.7117315612E-01    6.2459443845E-02    4.6843117830E-01    4.6835972913E-01    6.3202011422E-02
    7.2149758388E-01   -9.1198154678E-01    1.7943164009E-01    5.8026615644E-01    3.9754672093E-01    1.7180373750E-02    5.7275767319E-01    3.9009758373E-01    2.8624400444E-02
   -1.2418995083E+00    1.3790621308E+00    5.3883966909E-02   -2.6647014995E-01   -1.2980235760E-01    4.3986833528E-01   -3.1368153069E-01   -1.7841422166E-01    4.2051687560E-01
    2.0273813481E+00   -2.9967466120E+00    3.6470123207E-01   -5.0670120508E-03   -7.7881230208E-01   -4.9179858755E-02   -5.9160965143E-02   -8.2568750015E-01   -7.4994511810E-02
    1.7036242537E-01   -7.1155604899E-01    4.2967678547E-01    5.7132876199E-01    1.2034483593E-01   -3.0328480851E-01    5.9056476219E-01    1.1782690447E-01   -2.2939755043E-01
   -2.6581937144E+00    2.6103208869E+00    4.4220802908E-01    2.0939309337E-01    2.7471917148E-01   -2.1311204730E-01    4.1061124428E-01    3.6680727375E-01   -2.2090427010E-01
    1.6009549076E-01    6.9651820519E-01    4.7595172128E-01   -6.4385562498E-01    1.5159369576E-01   -3.7191568913E-01   -5.7583868817E-01    1.1117897273E-01   -2.3270050837E-01
    1.1780988246E+00   -1.3172029252E+00    1.1772990506E-01    3.0996415332E-01    1.8598878084E-01    4.2595411126E-01    3.6182216241E-01    2.2639289086E-01    3.7712164864E-01
   -1.5686819908E+00    2.3431789984E-01    5.7671936715E-02    4.0814465310E-02   -9.0899562882E-01    3.5945625924E-02   -4.8527551224E-04   -9.6151605688E-01    2.6336823049E-02
   -2.9525806649E+00   -1.9255445322E+00    1.1742842044E-01   -8.1905885202E-01   -1.3808318838E-02   -2.2659077758E-02   -8.9965420425E-01    6.3748987471E-02   -4.0718212969E-02
   -2.5928788788E+00    2.9070369952E+00    1.8120009399E-01    6.8460373274E-02    4.3770600300E-01   -2.9643374512E-01    1.9123456647E-01    4.8925221814E-01   -3.1340530563E-01
   -1.2569937592E+00   -2.8222967091E+00    4.9206337136E-01    1.2255501679E-01    7.5286234280E-01    8.2611041754E-02    8.7812027537E-02    8.1844912835E-01    1.3347155000E-03
   -2.8755649557E+00    1.5475853140E+00    2.2225214095E-01    9.3908746603E-01   -5.4125275631E-02    5.6670598850E-02    9.2262665167E-01   -5.8363681542E-03    3.1372367575E-02
   -2.4383315281E+00   -2.4711235727E-01    2.2690889861E-01   -1.8605814807E-01   -4.9823397388E-01   -2.3186677608E-01   -1.7829178553E-01   -5.9924212026E-01   -2.3832496661E-01
    1.8265707734E+00    5.9066640770E-01    4.7060108241E-01    8.5481116747E-02    7.3923379967E-01    6.4231361276E-02    1.2824021379E-01    7.3136919421E-01    1.0195623783E-01
    2.6013788150E+00   -2.0015137340E+00    3.6896377403E-01   -6.5217853199E-01   -5.6233634145E-02    5.1678699855E-02   -7.2383708645E-01   -1.9946435738E-01    3.8911403056E-02
    1.2638035832E+00    1.2478559907E-01    1.0154600029E-01   -3.7312993945E-02    9.0800478924E-01   -4.2156286633E-02   -3.6855432636E-02    9.2681916708E-01   -3.6405826052E-02
   -4.4438263413E-01   -1.4072688011E+00    4.6504604347E-01    8.0222962635E-01   -7.3873196741E-02    7.6524725195E-02    8.1171203400E-01   -6.3771724755E-02    6.5719409061E-02
   -1.8468909253E+00   -1.0420986622E+00    2.6647064921E-01   -2.2891758743E-01   -5.0475940371E-01    3.3410713469E-01   -2.2316469337E-01   -4.6011911008E-01    3.0169655417E-01
    1.6007668559E+00    2.9576062868E+00    1.2631944954E-01   -2.1530536809E-02   -9.2371115011E-01    1.0051973105E-02    5.3455215035E-03   -9.5816534041E-01    1.5483917350E-02
   -5.5877281317E-01   -1.8505796331E+00    3.1480066731E-01    8.1722545721E-01    1.2117887567E-01    1.1538054330E-01    7.6520911356E-01    1.3746534825E-01    9.0283440325E-02
    2.4712597218E-01   -1.2619573285E+00    4.8857709062E-01    8.1402603232E-01    1.3879247960E-01   -1.3898670943E-02    8.3774982111E-01    6.7430706759E-02   -1.3385533966E-02
    3.0039940910E+00   -9.0996003643E-01    1.8700057578E-01   -7.5563083197E-01    6.9628543981E-02   -1.5374807181E-01   -7.5330988762E-01    8.1098112695E-02   -1.6605676300E-01
    7.7455522125E-01   -6.1611848995E-01    1.6755139060E-01    4.2182241096E-01    5.5225771175E-01   -1.1818606282E-01    3.9941230979E-01    5.5198755079E-01   -8.2719295773E-02
   -2.0188157936E+00   -4.6718943978E-01    1.4937667769E-01   -2.0921963104E-01   -7.4578544738E-01    2.3969449421E-03   -1.8935329228E-01   -7.8103489863E-01    7.1567999217E-03
    1.4836816400E-01    1.3115685566E+00    6.5266766572E-02   -9.7080441595E-01    3.1708709163E-02   -5.5800181882E-02   -9.4357140029E-01    3.7401045621E-02   -2.1362532169E-02
    2.0844887405E+00   -2.8933769940E+00    1.3641655853E-01   -2.4783379214E-02   -7.3955969434E-01   -5.9818558842E-02   -1.1747445735E-01   -8.2152146449E-01   -8.5748202762E-02
   -2.8776641195E-01   -2.7514703308E+00    9.0172602555E-02    3.6429450679E-01    2.3046759934E-01   -3.1459232653E-01    3.5814603396E-01    2.5779495680E-01   -3.7368643064E-01
   -2.4554145345E+00   -2.9182521520E+00    2.6233248683E-02   -2.4436989081E-02    4.7294534625E-01   -2.2477562103E-01   -1.7046290715E-01    6.1461544097E-01   -2.7188848697E-01
   -2.5136344166E+00   -9.1415290405E-01    3.6635038778E-01   -5.6170976967E-01   -3.2212553080E-01    2.2114200808E-02   -5.9566319223E-01   -3.3330428056E-01   -1.1882076025E-02
    1.8825662291E+00    7.2774690988E-01    1.2916745516E-01    1.8602450316E-01    7.0007448046E-01    1.2652680458E-01    1.9883890382E-01    6.9255521586E-01    1.6542090970E-01
    2.8620799894E+00    1.7320533865E+00    6.5608419723E-02    8.6104088318E-01    1.4512537909E-02    2.9220988347E-02    9.3635226296E-01   -4.3718761597E-02    2.4515397153E-02
    2.1725448206E+00    1.2213336257E+00    4.6932634740E-01    4.5029300281E-01    2.8253502560E-01    2.4785163746E-01    4.8421618170E-01    2.5696256324E-01    2.3303407374E-01
    2.3059695647E-01   -3.1341959003E-02    4.3236605143E-01    1.6151854067E-01    2.0090537115E-01   -5.1244960723E-01    2.7980121232E-02    2.0952199141E-01   -3.9820701432E-01
   -6.8112982585E-01   -2.7552829774E+00    3.7166565589E-01    3.0166482657E-01    4.9422603991E-01   -1.2542902007E-01    2.7173190360E-01    5.4148408351E-01   -1.9889784271E-01
   -9.4426606506E-01    2.5501676405E-01    3.6701414193E-01   -8.8466644652E-02   -7.3729794253E-01   -1.5422700851E-01   -1.3744232098E-01   -7.2839133390E-01   -1.2095191977E-01
    1.2021869991E+00    1.5367909715E+00    3.9188838682E-01   -3.4036036427E-01    1.0795751944E-02    3.9565732214E-01   -3.3296335857E-01    2.9324243264E-02    3.7146603841E-01
    1.8746054727E+00   -2.9013092553E+00    2.1536674406E-01    2.0828068123E-03   -8.2880853253E-01    9.7780709480E-03   -6.8191362369E-02   -8.8771772466E-01   -1.5074538500E-02
    8.1874043588E-01   -1.5865897647E+00    1.4128837854E-01    6.8521353971E-01   -1.7727498732E-03    2.3748624994E-01    6.6402496603E-01   -1.1211905131E-02    2.5188855665E-01
    2.3142141603E-01   -1.5928914699E+00    1.0546516425E-01    9.7234020104E-01    8.5297832158E-03    2.0940154020E-02    9.5279303060E-01   -4.9615913551E-03    2.4982768795E-02
   -1.6315141426E-01   -1.9818458438E+00    3.2126510372E-01    8.8924689275E-01    6.2252135265E-02   -2.9870609209E-02    8.4823755691E-01    6.0862859620E-02   -5.8601328062E-02
   -9.9328716630E-01    2.0905232162E+00    3.3164937669E-01   -4.1430217565E-01    4.1223422987E-01    2.3592391854E-01   -4.4343947612E-01    3.8939563456E-01    1.9936592296E-01
    2.5317974668E-02   -1.7432612767E+00    4.1358030979E-01    9.3034697813E-01    3.4258439747E-02    1.1368718566E-02    9.0666432421E-01   -3.9994952696E-03   -1.2208444773E-02
   -7.5062746248E-01    2.1195998363E+00    1.4868792133E-01   -5.1247521886E-01    3.9452117717E-01    9.0444183749E-02   -6.0559543977E-01    3.4540208132E-01    9.0985016596E-02
    1.4634880555E+00   -1.6763020345E+00    2.3680072840E-01    4.6512099968E-02   -1.4193885098E-01    4.8990262516E-01    1.0158029695E-01   -9.9861113890E-02    4.4455254703E-01
   -1.5060572333E+00    8.4150084221E-01    4.2752445959E-01    7.3261437963E-03   -5.2529559196E-01    2.1193941042E-01   -4.4285387826E-02   -6.1045516169E-01    2.3253208417E-01
    1.7932074879E+00   -2.1634721401E+00    3.7586744204E-01   -9.5912896770E-02   -4.5187723531E-01    3.0320001876E-01   -1.6971193464E-01   -5.0536896053E-01    2.7504241702E-01
   -2.6275953579E+00   -1.7243920299E+00    2.2376825497E-01   -6.9115975057E-01   -4.4486680042E-02    1.2216446848E-01   -8.2287168789E-01    7.1928406985E-02    9.9816078414E-02
   -5.7656483809E-01    1.7892249333E+00    3.2928503886E-01   -7.1740503736E-01    1.2157733644E-01    1.1615632313E-01   -7.6625834531E-01    1.1060203418E-01    1.0967411581E-01
   -2.0289864865E+00   -4.0443147376E-01    6.0035783094E-02   -1.9492820003E-01   -7.6810284285E-01   -2.8663958689E-02   -1.7197606311E-01   -8.1466117076E-01   -1.9922175508E-02
    1.5602954497E+00   -2.8225276534E+00    3.5821160955E-01    5.3242478972E-02   -8.3722902098E-01    9.3294432920E-02    3.0661190968E-03   -8.8383354231E-01    4.2581984307E-02
   -2.7717381981E+00    1.1873777557E+00    2.7583207436E-01    8.4457663380E-01   -1.3985664043E-01    1.7881831013E-02    8.1827151226E-01   -1.2796908577E-01   -4.1543811983E-03
    1.4805277559E+00   -3.7969177404E-01    3.4125697426E-01    3.0642138878E-02    8.7940174018E-01    3.1129783787E-02    3.1206919962E-02    8.6397133006E-01    5.6376228047E-02
    1.0196737645E+00    9.4202819214E-02    2.3920026596E-01   -4.9861900948E-02    8.1715029292E-01   -1.5487462924E-01   -4.6954883036E-02    8.0853918216E-01   -1.2057129554E-01
    2.6572758645E-01    1.2229475756E+00    7.6646179941E-02   -9.5159227335E-01    8.3028874159E-02   -7.6407150144E-02   -8.9331268528E-01    8.8156191450E-02   -2.2902876820E-02
   -2.1237985864E+00   -5.6142669219E-01    3.0783348838E-01   -2.7455521170E-01   -6.4403888035E-01    1.6372625425E-03   -2.6294010430E-01   -6.7731675768E-01    3.3430348012E-03
   -2.5577029393E-01    8.6781358606E-01    8.7645108628E-02   -8.0827289020E-01   -1.8958666122E-01   -2.1019622003E-01   -7.2527315867E-01   -1.6071550256E-01   -1.7087952914E-01
   -1.7266527791E+00   -2.6581596838E+00    3.1737060174E-01    7.7386069802E-03    7.0911809739E-01    1.5043263622E-01   -6.7714991275E-02    8.2087864768E-01    8.4538876623E-02
    2.9164693810E+00   -5.7493831839E-01    8.1403313778E-02   -5.1406458573E-01    1.6111344128E-01   -3.0305859337E-01   -5.2150164687E-01    1.8431218532E-01   -3.1675137074E-01
    3.0725622558E+00   -1.1279669723E+00    1.7419299344E-01   -8.7667239633E-01    2.0772208585E-02   -7.3475485609E-02   -8.7052851040E-01    2.8543919485E-02   -8.3407439315E-02
    2.9593372479E+00    1.3327730652E+00    1.9969745601E-01    8.7617166631E-01    5.6235651225E-02   -8.6279588597E-04    9.1829195090E-01    4.1061869616E-02   -1.0498175334E-02
   -1.7102368659E+00    2.3678926362E+00    4.0200463252E-01   -4.1651243739E-02    6.4302975068E-01    2.0438735756E-01    8.9620578511E-02    6.5366148834E-01    1.9966114290E-01
   -2.3966217168E+00    7.8823526318E-02    1.6810026190E-01    4.2809253019E-02   -5.4020125217E-01   -2.5020199998E-01    5.5970083812E-02   -6.5350118621E-01   -2.4972267617E-01
    2.0233403256E+00   -2.1026434683E+00    4.2343082005E-01   -2.6329377636E-01   -3.3678198090E-01    2.5536207481E-01   -3.4625701987E-01   -4.1904444510E-01    2.3284201994E-01
   -2.5570617265E+00    1.9336206411E+00    1.3530663664E-02    7.2246244011E-01    6.7875372621E-02    6.8132556665E-02    7.7757090779E-01    1.9531635949E-01    8.8781643777E-02
   -1.9867735081E+00   -2.9406772137E+00    1.4544170123E-01    7.1694578688E-04    7.6793456173E-01   -2.1346901716E-02   -7.8329657627E-02    8.7062466488E-01   -5.8239848866E-02
   -8.7980306681E-01    4.0449518229E-01    2.5393362380E-01   -2.0075641238E-01   -6.8388073088E-01   -1.4801716805E-01   -2.3839363115E-01   -6.7334552249E-01   -1.1350037670E-01
    2.9324872956E+00   -2.4842750003E+00    7.7237226613E-02   -4.9702383506E-01   -6.3091336355E-02   -2.5172388277E-01   -5.8852452929E-01   -1.6181221307E-01   -2.8291926468E-01
    9.6512187130E-02    2.3882492675E+00    3.1357459574E-01   -5.2743416221E-01    3.1957655352E-02   -2.2449406047E-01   -6.3950679679E-01   -6.6014631754E-02   -2.3056222542E-01
    2.7970018690E+00   -2.8833725903E+00    5.9774807392E-02   -1.4697878573E-01   -2.2039959877E-01   -3.4654589305E-01   -2.3749213033E-01   -3.2273037007E-01   -4.0064253554E-01
    1.9180918406E+00   -1.1521114229E+00    1.9856181848E-01   -4.2474923566E-01    3.8716844035E-01    3.4419059324E-01   -2.9885070435E-01    3.6740234537E-01    3.3199000916E-01
   -1.1961031267E+00   -8.4249742514E-01    3.8060896240E-01    2.1512574424E-01   -6.6086857178E-01    2.0391777062E-01    2.5311877829E-01   -5.7402008201E-01    1.8164410820E-01
   -1.3780701106E+00    2.2143039532E+00    1.9281884178E-01   -1.8423596548E-01    5.9350468889E-01    2.9709176717E-01   -1.4743098328E-01    5.6661879515E-01    2.7926273829E-01
    2.7906990112E-01    3.4854145235E-01    2.5288931648E-01   -2.9623763952E-01    2.9005990508E-01   -4.5092910815E-01   -3.1212184003E-01    2.4612974528E-01   -3.6489707845E-01
   -1.7563923329E+00   -3.0307502267E+00    3.8102257618E-01    9.3465819354E-03    8.5245455195E-01    2.5927447827E-02   -1.8914447040E-02    9.0512439613E-01   -9.3661725429E-03
   -2.6941822483E-01   -1.9611852433E-01    4.6871626053E-01    2.4484028465E-01   -2.8750619489E-01   -4.8550151149E-01    1.7102614606E-01   -2.3770698478E-01   -3.6941260290E-01
   -4.0919003149E-01   -2.7837675094E-01    1.3974351246E-01    2.5177442518E-01   -3.9850867149E-01   -4.0880008489E-01    2.4516051855E-01   -3.7200586716E-01   -3.6226844717E-01
    2.0631139844E+00    2.7469426240E+00    3.4811088706E-01    6.4615523425E-02   -6.8088297190E-01   -4.6279415083E-02    1.6951208976E-01   -7.5878889460E-01   -3.2881229537E-02
   -2.9297379409E+00   -1.5333896959E+00    2.1249122513E-01   -8.7554114182E-01   -3.7981553687E-02    5.9264581680E-02   -9.3630953989E-01   -7.5365938567E-03    1.9663738025E-02
    2.2808855542E+00    2.8405121456E+00    3.3676890598E-01    6.2575764386E-02   -5.8104458791E-01   -1.4686681544E-01    1.8073065931E-01   -6.7702192849E-01   -1.4727827215E-01
    2.9910816118E+00    1.3679588070E+00    4.0806819628E-01    8.5880511054E-01    4.3929388952E-02    7.6074146087E-03    8.9252780550E-01    2.7838716675E-02   -7.6865718427E-03
   -6.6914363184E-01   -2.9207870682E+00    3.4266025896E-01    1.7768178749E-01    5.2981457421E-01   -1.8797294923E-01    1.6040719862E-01    5.6516421297E-01   -2.4729321937E-01
   -2.9276447337E+00    2.0883324520E+00    2.0995102475E-02    7.9352940117E-01    1.7672960031E-02   -9.5682300599E-02    8.4566849076E-01    1.0460286526E-01   -9.9009288196E-02
    5.9839789779E-01    2.2059324053E+00    4.3918911740E-01   -5.6985126145E-01   -2.0629607582E-01   -4.2410161763E-02   -6.0918514843E-01   -3.0610622609E-01   -1.4538259677E-02
    3.0469245288E+00   -1.1518686987E+00    1.4403096778E-01   -8.8740931713E-01    3.3123908461E-02   -5.8614588529E-02   -8.8361156857E-01    3.7359858738E-02   -7.3885995496E-02
    2.4565684937E+00    4.1291897518E-01    2.1080997493E-01    2.7627097248E-01    5.1945810003E-01   -2.0922761988E-01    2.9792662082E-01    5.5559048919E-01   -2.0159895191E-01
   -1.3724110031E+00    4.5421034138E-01    3.2594075264E-01   -3.8026699955E-02   -7.5648174760E-01    6.3193461436E-02   -8.1015135358E-02   -8.2538478007E-01    6.7439106387E-02
    2.4342743508E-01    2.6983934314E+00    3.5012209156E-01   -3.0273653636E-01   -1.3142298628E-01   -3.0590572856E-01   -3.8804236635E-01   -2.0301737571E-01   -3.2947400077E-01
    7.8611532100E-01   -2.7918849782E+00    2.0197725920E-01    2.2221180149E-01   -6.2395703710E-01   -1.3776898267E-01    2.3251263340E-01   -6.3846482604E-01   -1.7612610841E-01
    2.2058482857E+00   -2.7939338432E+00    5.7478400182E-02   -6.5726661407E-02   -6.2792205150E-01   -8.3305326053E-02   -1.9979834842E-01   -7.4822663165E-01   -1.1523701328E-01
   -8.4034035497E-01   -2.6846381105E+00    2.7782750688E-01    3.0947441564E-01    5.8696844621E-01   -3.6424884448E-02    2.7847276517E-01    6.3231732423E-01   -1.1207448185E-01
    7.4149583867E-01   -4.7800492940E-01    4.1620998102E-01    3.7125124456E-01    5.6333645649E-01   -2.0637924408E-01    3.1214213212E-01    5.5179194160E-01   -1.4064238088E-01
   -1.6644295733E+00   -1.7361425744E+00    4.5416664189E-01   -4.5599473902E-02    7.4123529745E-02    4.3318790538E-01   -8.4213743283E-02    1.4964378172E-01    4.0199954400E-01
   -2.0125038580E+00    1.4358084467E+00    1.4753196971E-01    5.1359838890E-01   -8.9608120436E-02    3.6499581463E-01    4.1127873779E-01   -1.1812452556E-01    3.7667551382E-01
   -1.1460850820E-01    2.0609927933E+00    1.9432424366E-01   -7.2109569249E-01    1.3659180744E-01   -1.0572819828E-01   -8.4304279838E-01    5.1787225537E-02   -9.6487940908E-02
    1.3842974203E+00    9.4847239359E-01    4.8234974272E-01   -2.1428266641E-01    5.1368459410E-01    2.2800664638E-01   -1.3680332620E-01    5.2013889669E-01    2.5800333980E-01
   -1.5009107188E-01   -2.9576772571E+00    1.1095464317E-01    1.8272069856E-01    1.2829465628E-01   -4.0124026878E-01    1.7685582669E-01    1.4378013605E-01   -4.5160362011E-01
    9.7906527839E-01   -7.2974448216E-01    3.7668982318E-02    3.5610651808E-01    5.9561026156E-01    6.1546317811E-02    3.6908163380E-01    6.1397549919E-01    6.5664060351E-02
    2.3225768271E+00    1.9263626764E+00    4.4002668942E-01    5.1431730005E-01   -1.9231092198E-01    1.8341210365E-01    5.8628728737E-01   -2.3287089575E-01    1.7292280446E-01
   -2.0242382090E+00   -5.0796539762E-01    1.1442668728E-01   -2.2992580915E-01   -7.3506890102E-01    1.4438991995E-02   -2.0825279830E-01   -7.6766933094E-01    2.1343882433E-02
    2.8263987242E+00   -9.7322263894E-04    1.1882737959E-02   -6.6504271970E-03    2.7370015890E-01   -4.1677500207E-01   -9.2308156772E-04    3.0926484930E-01   -4.4980620131E-01
   -2.1160889188E+00    3.4553166309E-01    1.5776747738E-01    1.8618455735E-01   -6.8527612998E-01   -9.8871949031E-02    1.7021486212E-01   -7.7945598022E-01   -7.2432275281E-02
   -2.3831519851E+00    7.8114333146E-01    2.7611757940E-01    5.2153494226E-01   -4.0495033660E-01   -4.4983857598E-02    4.8364690294E-01   -4.6216581731E-01   -1.3968416185E-02
    8.3513531447E-01    1.7353423910E-01    3.6890879297E-01   -1.1167511420E-01    7.0894135792E-01   -2.6132498540E-01   -1.0762987409E-01    6.7831256066E-01   -1.8141901411E-01
   -8.3161278892E-01   -1.6314404358E+00    1.3080608664E-02    6.9136518816E-01    4.7749045182E-02    2.6623717531E-01    6.7068942476E-01    4.4672651518E-02    2.6982234833E-01
   -4.9328260109E-01    1.6915644013E+00    6.2363247270E-02   -7.8783848695E-01    7.0357808182E-02    9.7801216187E-02   -8.6352999806E-01    5.6340043726E-02    1.0227012613E-01
    8.4940979313E-01    5.3743203956E-01    3.6817345935E-01   -4.1569046936E-01    6.3057712988E-01   -1.7296500838E-01   -3.1409235573E-01    5.9924440609E-01   -7.5124744624E-02
   -2.5491389348E+00    1.8393524336E+00    2.2553978344E-01    7.3392121794E-01    4.3275708720E-02    1.0837248070E-01    7.6455961384E-01    1.4163022238E-01    1.1028927988E-01
    1.8132230959E+00   -3.0143158341E+00    1.6352305652E-01    4.7509279170E-03   -8.9992125332E-01   -8.5275843568E-03   -2.9491097721E-02   -9.3192395170E-01   -1.9443821578E-02
   -1.6913160042E+00   -1.2339880095E-01    4.9262392970E-01   -1.6805950107E-02   -8.7762145182E-01    3.8435519008E-03   -1.3409899398E-02   -8.9275957679E-01    2.8548402562E-04
   -8.2998293529E-01    2.6462668903E+00    3.5459792060E-01   -2.3119646102E-01    6.4286921239E-01   -6.2086155222E-02   -2.9882468664E-01    6.0478364500E-01   -9.9595864463E-02
    1.7423034589E+00   -1.7128344240E+00    2.5185100034E-01   -2.1998607856E-01   -1.5348251247E-01    4.5715977190E-01   -1.6064964479E-01   -1.3263226265E-01    4.2985628741E-01
   -8.2922156513E-01   -2.1564801277E+00    3.1556260337E-01    5.8463074552E-01    3.5157616139E-01    1.5016313185E-01    5.2844894373E-01    3.8268468441E-01    1.0498259147E-01
   -1.4129089078E+00    2.0552284428E+00    1.3182582208E-01   -1.6563601718E-01    4.8453024709E-01    3.7002110299E-01   -1.3552050370E-01    4.4794604302E-01    3.5972081645E-01
   -8.0757312540E-01   -2.7715486587E+00    9.0584491741E-02    2.6181826272E-01    6.2350136144E-01   -1.0969340808E-01    2.4550814212E-01    6.6160372449E-01   -1.6734376889E-01
   -8.7729055316E-01    1.2172105037E+00    5.0226311807E-02   -5.9470532310E-01   -2.8562826199E-01    2.1648563630E-01   -5.9369811477E-01   -2.6361893227E-01    2.3104973909E-01
   -1.2179982256E+00    5.2935463897E-01    3.4653320303E-01   -1.2312289404E-01   -7.0114980459E-01    4.4093397022E-02   -1.6279871755E-01   -7.5573707994E-01    5.9030248200E-02
    2.9936270267E+00   -2.4560857852E+00    1.6593863372E-01   -5.4159702306E-01   -3.5542637141E-02   -2.4660643765E-01   -6.0570859699E-01   -1.1039713429E-01   -2.7020332939E-01
   -1.8216138247E+00   -5.2487202200E-01    4.3095335399E-01   -1.3220462972E-01   -7.8781419389E-01    8.6778590288E-02   -1.1410086473E-01   -7.6908172080E-01    7.9748051935E-02
   -9.1543771600E-01   -2.4826993262E-01    4.8763164442E-01    1.2937275860E-01   -7.2745526661E-01   -1.8537867847E-01    1.3584128885E-01   -6.9710837316E-01   -1.2796033999E-01
    8.3387669332E-01    1.7272599579E+00    2.6544128018E-01   -6.1993135264E-01   -9.8076052943E-02    2.2427156749E-01   -6.2948007707E-01   -1.0942934317E-01    2.3566201036E-01
    7.2078835759E-01    2.6719919337E-01    3.5546570595E-02   -2.4934856432E-01    6.7696885890E-01   -2.8288913429E-01   -1.9695752690E-01    6.3204788955E-01   -2.4386665736E-01
    2.8599949343E+00   -2.8744738719E+00    4.1216365728E-01   -1.5260291223E-01   -1.4561466150E-01   -3.2086617622E-01   -2.3349396230E-01   -2.4682676468E-01   -3.6171995008E-01
   -8.7290480560E-01    1.6031184561E+00    4.6687139263E-02   -5.9981096079E-01    1.5725271504E-02    2.9859845375E-01   -6.3629874288E-01    2.4530738239E-02    2.8758701890E-01
   -2.5256018902E+00   -1.5531935862E+00    3.3229923130E-01   -6.4808305859E-01   -1.0504863406E-01    1.7723384410E-01   -7.6360174435E-01   -9.5158546511E-03    1.4599790213E-01
    7.5952893464E-01    2.3108812388E+00    4.0178304441E-01   -4.5960214465E-01   -3.3659440793E-01   -1.3466664774E-02   -4.9412180254E-01   -4.2849097746E-01    8.2571597863E-03
   -1.8629136169E+00   -2.8731480164E+00    3.1711636991E-01   -1.6109993123E-03    7.6731090504E-01    4.5641213906E-02   -7.1687714296E-02    8.6659544739E-01   -5.5427259739E-03
    1.0675352701E+00   -2.7019566536E+00    3.2723158721E-01    1.9627109110E-01   -7.1410583963E-01    3.4396182139E-02    1.9226160379E-01   -7.4249251535E-01   -2.2570909561E-02
   -1.4385361855E+00   -7.4117887175E-02    3.7617287946E-01    2.1473097626E-02   -9.1275330383E-01    1.8381308218E-02    9.0576063698E-03   -9.1690096013E-01   -5.1220686641E-03
    2.5960402148E+00    1.0048120124E+00    3.6223550861E-01    6.2972903164E-01    2.6223729330E-01    1.2154955083E-02    6.7111318592E-01    2.5880762406E-01   -7.9216179761E-03
    4.4828086121E-01    2.9315246500E-01    3.3725993362E-01   -2.2383909166E-01    4.3848885630E-01   -4.2905357579E-01   -2.4343288719E-01    3.8786175535E-01   -3.1834501608E-01
   -2.5391094290E+00   -7.4971684766E-01    4.1999601914E-01   -4.9539272704E-01   -3.4485217029E-01   -6.6075930563E-02   -5.1621742382E-01   -3.8133468181E-01   -9.0669934389E-02
   -2.9703285319E+00    7.0615799422E-01    2.4325256857E-01    5.9828701073E-01   -9.8597971861E-02   -2.3616445983E-01    6.0905817140E-01   -1.2351442834E-01   -2.4944069980E-01
    4.0310823050E-01   -2.6537259421E+00    2.1304827945E-01    4.0841362751E-01   -3.3107480384E-01   -2.5029172114E-01    4.1318488952E-01   -3.3205929235E-01   -2.8761374808E-01
   -2.5565500380E+00   -2.1426615273E+00    2.5093615458E-01   -4.6917601255E-01    8.2016189317E-02    1.1634493496E-02   -6.6672775190E-01    2.8424101860E-01    5.4561241987E-03
    1.7168321846E+00   -3.8188305728E-01    4.2925893583E-01   -6.2666735233E-02    8.7140401670E-01    1.2903932215E-02   -4.9768267134E-02    8.4255619742E-01    4.9567920426E-02
    2.0543639392E-01    2.5367803151E+00    5.7911871299E-02   -4.3306047618E-01   -8.3186379275E-02   -2.9234498916E-01   -5.5024091607E-01   -1.6587519175E-01   -3.1026468195E-01
    2.0544856119E+00   -2.6113049446E+00    4.4378970271E-02   -8.2160874811E-02   -6.3134655216E-01    3.3750775668E-02   -2.3313444182E-01   -7.5695311973E-01    1.9424587574E-02
   -1.4835001361E+00    2.4294639790E+00    2.2282090997E-01   -1.1811172288E-01    7.3043644743E-01    2.0748411847E-01   -5.4487850630E-02    7.2122253389E-01    1.9181445438E-01
   -2.3819899710E-01   -3.0409290793E-01    4.1700367634E-01    3.0666836567E-01   -2.4616043095E-01   -4.6954487044E-01    2.6769034468E-01   -2.0711296631E-01   -3.6168218084E-01
   -2.1663353325E+00    1.7012098954E+00    1.1931756487E-01    5.7158365486E-01    7.3760550286E-02    2.9295032652E-01    5.4307596004E-01    1.0511795946E-01    3.1863282570E-01
   -2.0917477221E+00    1.4657414001E+00    8.9809227231E-02    5.8678574125E-01   -8.4426225634E-02    3.3773172785E-01    4.8615054842E-01   -8.9332390799E-02    3.5756792385E-01
   -6.8003618352E-01    1.9584160482E+00    2.0556487250E-01   -6.1024161951E-01    2.6364112021E-01    1.1858647679E-01   -6.9086897460E-01    2.2811166382E-01    1.1630401169E-01
   -1.5513295878E+00   -2.8462308767E+00    7.2919066361E-02    4.7925816042E-02    8.5869755494E-01    1.0476800362E-01    5.5841026858E-03    9.4266721193E-01    4.0963662451E-02
    3.0459534779E+00   -2.0168457778E+00    1.7740492617E-01   -8.6556665254E-01   -6.4827143033E-03   -8.8861081295E-02   -8.6673106698E-01   -3.9760278456E-02   -8.2433404766E-02
    5.7718153366E-01    7.7782236081E-01    4.7689642836E-01   -6.6623360171E-01    4.0558014835E-01   -2.3567193158E-01   -5.3455595200E-01    3.5338906919E-01   -8.6693004868E-02
    1.5876310368E+00   -1.2338844488E+00    3.9872466388E-01   -1.2653495866E-01    2.6481391150E-01    4.6153797371E-01   -1.4669763764E-02    3.0519300936E-01    3.7958391407E-01
   -2.1566084894E+00   -2.7163433900E+00    4.3691211704E-01   -7.3598099490E-02    5.3268670723E-01   -1.8418794366E-02   -2.0900304492E-01    6.9553725938E-01   -5.6876713945E-02
   -1.8999234062E+00    7.0053529002E-01    4.1075394246E-02    2.8789032964E-01   -6.3551269689E-01    1.0616425365E-01    2.0664982547E-01   -7.1754377059E-01    1.5300272320E-01
    1.9058151432E+00    5.5433873050E-01    3.1883044066E-01    1.4060648434E-01    7.5517101102E-01    3.4351972642E-02    1.6237592752E-01    7.5337394090E-01    7.4371962940E-02
   -2.4845123024E+00   -1.2495268850E+00    3.7376087717E-01   -6.2536493975E-01   -2.2510767677E-01    1.6112278818E-01   -6.9715659498E-01   -1.7898339401E-01    1.1770616737E-01
    2.2861283082E+00   -2.1315237762E+00    3.1869007112E-01   -4.0865205012E-01   -2.3376277589E-01    1.2863159988E-01   -5.2113636464E-01   -3.7665572783E-01    1.2633539186E-01
    8.7905048177E-01   -2.1212910957E-01    4.2581307809E-01    1.7922714679E-01    7.1154960060E-01   -2.1999028357E-01    1.2333700888E-01    6.9140872449E-01   -1.5289256210E-01
    1.2744135195E-01   -9.4657573489E-01    1.5655087173E-01    7.4025019055E-01    9.2775724950E-02   -1.6073008672E-01    7.8002934918E-01    7.1993757279E-02   -1.5284562321E-01
   -2.5954059515E+00   -1.8396848046E+00    8.4618647851E-02   -6.6419701917E-01   -8.2314013147E-03    1.0102314966E-01   -8.0998157029E-01    1.3567675325E-01    9.6302069207E-02
   -2.4213586233E+00   -1.9981408983E+00    3.7598566968E-01   -4.5307372183E-01    6.6681886505E-02    1.1096393756E-01   -6.3450249268E-01    2.5355668180E-01    1.1324461181E-01
    4.1641260779E-01    1.1787881592E-02    4.7492272381E-01    1.0639200084E-01    3.8511204082E-01   -4.7210568332E-01   -9.8034724013E-03    3.6780532008E-01   -3.4578511768E-01
   -1.4843328264E-01    1.6584041715E+00    4.6177835387E-01   -8.8391030640E-01    4.3626323533E-02   -1.3149000139E-02   -8.9829651673E-01    1.1798128149E-02    5.9090226062E-03
    1.6298749748E+00   -2.7639579493E+00    6.7454123097E-02    4.3929406234E-02   -8.5377831171E-01    9.2344973387E-02   -2.1479242704E-02   -9.1548335457E-01    6.4471923158E-02
   -4.6330884071E-01    2.5405134309E+00    1.0345490801E-01   -3.6590786903E-01    4.2954201731E-01   -2.1703757708E-01   -4.9555332485E-01    3.6103075797E-01   -2.3048379169E-01
    2.9089264479E+00    1.8350788696E+00    1.8108050898E-01    8.3016989215E-01   -1.6060633923E-03   -6.2825406928E-04    9.0586266483E-01   -5.8087211275E-02   -7.0087243001E-03
   -2.9420445559E+00    1.7308339958E+00    4.7710432903E-01    8.8693690055E-01   -1.4270407406E-02    3.7755529373E-02    8.7956728956E-01    2.8713593212E-02    5.7423527745E-03
   -2.5234922593E+00   -3.9562951199E-01    3.1633768024E-01   -2.9334584684E-01   -4.1377430883E-01   -2.1588275868E-01   -2.9482891849E-01   -5.0194225376E-01   -2.2718903371E-01
    2.1487604725E+00   -1.3295769112E+00    1.4099310043E-02   -6.3919746565E-01    2.4642421667E-01    3.0825746841E-01   -5.2900866535E-01    1.9952267189E-01    3.2042161730E-01
   -2.5146725124E+00   -2.7457335978E+00    1.8063400991E-01   -1.1312860188E-01    3.3223856311E-01   -1.9023861556E-01   -3.0119423975E-01    5.2207902212E-01   -2.3589942031E-01
   -2.6005296001E+00    2.1317473244E+00    4.7346423254E-02    6.0200223050E-01    1.3692739422E-01   -2.4738802960E-02    7.1896087263E-01    2.7141864037E-01   -8.7042066625E-03
   -1.2378335734E+00   -5.1704108736E-01    4.7818909618E-01    1.1599710546E-01   -8.1222524547E-01    6.0815893744E-02    1.4682693584E-01   -7.4661244514E-01    5.6787246323E-02
    1.9684841690E+00   -2.2690487632E+00    4.3025457658E-01   -1.5586800639E-01   -4.5027607566E-01    2.1386410834E-01   -2.7219001554E-01   -5.4383870736E-01    1.8383309378E-01
    1.9184513012E+00   -1.5806441149E+00    1.1627112133E-01   -4.2886047837E-01   -6.9739927715E-03    4.1987919020E-01   -3.3284670511E-01   -9.0456720206E-03    4.2183312663E-01
    1.6577321202E-01   -1.6087041369E+00    1.8021231166E-01    9.7028930708E-01    1.7295554960E-02    1.8848434576E-02    9.5069221518E-01   -6.0324681606E-03    1.1999867468E-02
    3.5709216548E-01   -1.5614455146E+00    2.4668883007E-01    9.1261375712E-01    4.6049913523E-02    5.0307120919E-02    8.9177463363E-01    3.1111920836E-03    5.5312941828E-02
    2.8953570510E+00    1.5553493569E+00    1.3885962607E-01    8.8326088710E-01    4.1850355467E-02    3.6588791092E-02    9.4316067891E-01    3.6619978865E-03    2.7990243751E-02
    1.5268183353E+00    1.8363083539E+00    1.1853819266E-01   -2.1992717284E-02   -3.0756802812E-01    4.4019046428E-01   -4.1429321937E-02   -2.5600781819E-01    4.4309051661E-01
    1.3830513230E+00   -3.4656313869E-01    2.6942634333E-01    6.7199796321E-02    8.8236780711E-01    1.4360563550E-02    6.0071115001E-02    8.7554478919E-01    3.6154810721E-02
    1.7452942549E+00    2.5647637890E+00    3.0101320338E-01    1.9544067314E-02   -7.3312083318E-01    9.5551096822E-02    8.9151471810E-02   -7.7723831777E-01    1.1848234370E-01
    1.8875153918E+00   -2.6068502576E+00    2.3827603145E-01   -2.8289100425E-02   -6.8281000170E-01    1.0035251100E-01   -1.5133472578E-01   -7.7955634969E-01    7.3959317826E-02
    3.5078209091E-01   -2.7152197668E+00    3.2497906690E-01    3.6053845200E-01   -2.9061433037E-01   -2.6704747632E-01    3.6394580111E-01   -2.9317926713E-01   -3.1211096393E-01
   -1.5032930110E-01   -3.5800702020E-01    4.3125133016E-01    3.5090813526E-01   -1.6399573464E-01   -4.6946211941E-01    3.1782678902E-01   -1.2867714243E-01   -3.5967544273E-01
   -1.4802053560E+00    2.9646906524E+00    2.1787527255E-01   -2.5268568398E-02    9.3715085940E-01    2.4628380586E-02   -1.5241634496E-02    9.3855530163E-01    1.0441646008E-02
    2.0176121751E+00   -2.3572994745E+00    3.9850323989E-01   -1.4536153022E-01   -4.7742038753E-01    1.6076353324E-01   -2.8181976731E-01   -5.8948709066E-01    1.3309415578E-01
    5.7847949587E-01    8.9780010872E-01    4.8913990250E-01   -7.3204113175E-01    3.5310785980E-01   -1.8061810859E-01   -5.9371154584E-01    3.0904591683E-01   -3.6840976980E-02
   -2.0217325326E+00   -2.8502896676E+00    2.5100780756E-01   -1.8718869397E-02    6.9816560850E-01   -3.8413344637E-03   -1.1903606612E-01    8.1990982176E-01   -4.8590424861E-02
   -2.9231351429E+00    2.5791601566E+00    4.6729166695E-01    3.5907169096E-01    1.0565282022E-01   -2.5791858322E-01    4.7412434921E-01    1.6698165392E-01   -2.7733926607E-01
    1.8361079496E+00    1.9489786255E+00    2.0005286966E-01    2.2134868293E-01   -3.7678359817E-01    3.4199806528E-01    2.3412417441E-01   -3.4233786917E-01    3.6689119167E-01
    2.0327322380E+00   -1.9074823615E+00    3.7729598956E-01   -3.6762644655E-01   -2.1658447747E-01    3.1383647359E-01   -3.9008446474E-01   -2.7424149112E-01    2.9763012933E-01
    1.6054493857E+00    2.6769348453E-01    1.0234473206E-01    1.8726701351E-02    9.1994791658E-01    9.2032241047E-03    8.9784950822E-03    9.4427704930E-01    3.3002899607E-02
    1.9712360278E+00    2.5682304114E+00    1.7840882904E-01    9.5989407340E-02   -6.8710204363E-01    3.3946704525E-02    2.0405105725E-01   -7.4650515433E-01    6.6249560233E-02
    2.4520963685E+00    1.7725608166E+00    2.9188417453E-01    6.4604580177E-01   -6.8973974990E-02    1.7390241243E-01    7.1305033954E-01   -1.2025411961E-01    1.6217821676E-01
    2.7199613205E+00    2.7301219909E+00    4.3425418306E-01    1.8605164670E-01   -2.1765783495E-01   -2.6144931514E-01    3.3457323399E-01   -3.4388851703E-01   -2.8265462015E-01
    1.3968734076E+00    2.1159981696E+00    3.1502149891E-01   -1.4289394068E-01   -4.7900713841E-01    3.0294612253E-01   -1.3892496225E-01   -4.7957924247E-01    3.0905549371E-01
    1.6329808911E+00   -1.3681362413E+00    3.7283996165E-01   -1.6919530157E-01    1.3910582630E-01    4.9003527860E-01   -5.6498639683E-02    1.8645181470E-01    4.1161301559E-01
   -2.6175119330E+00   -3.0076401062E+00    1.9469044926E-01    6.8253994367E-04    3.6170839112E-01   -2.9648729564E-01   -1.1121171677E-01    4.7699485074E-01   -3.3846154794E-01
   -3.7128369273E-01   -1.4792660181E+00    1.3892358308E-01    9.2006266897E-01   -4.0913423764E-02    8.9183593029E-02    9.0253336541E-01   -3.2253228473E-02    5.8307227855E-02
    2.2910990890E+00   -2.8811643329E+00    4.5689446328E-01   -4.6817468958E-02   -5.5687984019E-01   -1.0626786007E-01   -1.5501411611E-01   -6.6283863338E-01   -1.5359337537E-01
    2.4471151438E+00   -1.1081748590E+00    1.7074497249E-01   -7.1263281037E-01    3.3682561944E-01    1.1480786782E-01   -6.6453444079E-01    2.7603298998E-01    9.8254856433E-02
    2.8937777421E+00    5.8501130724E-01    6.3479569308E-02    4.8574804338E-01    1.7415973450E-01   -2.9653125749E-01    5.2858556299E-01    2.0191668793E-01   -3.0949089224E-01
    2.3577930680E-01   -2.6517134002E+00    1.5903522642E-01    4.4091065936E-01   -2.0592553202E-01   -2.9375778753E-01    4.4317852003E-01   -1.9967381895E-01   -3.3970867810E-01
    2.5482055810E+00    2.3288821164E+00    2.2230690858E-01    4.2109733812E-01   -2.4835420509E-01   -6.6057638342E-02    5.7583831098E-01   -3.6773050544E-01   -7.3205908830E-02
   -1.7833207415E+00    1.5956286947E+00    2.9385160190E-01    2.3885938539E-01    7.8635881640E-02    4.4301001767E-01    1.9882778777E-01    2.2885865048E-02    4.2449967497E-01
   -1.4190610605E+00   -5.8838555083E-01    4.0854108574E-01    5.3639418220E-02   -8.2690644862E-01    1.4684486708E-01    7.7310948847E-02   -7.5776478328E-01    1.2110058988E-01
    2.5705649078E+00   -2.1640033604E+00    4.1669554952E-01   -5.2990769699E-01   -1.1742469940E-01    1.0890995327E-02   -6.4182274976E-01   -2.7799006627E-01   -8.6211877312E-03
   -8.0588494867E-02   -1.4480423286E+00    4.0216360982E-01    9.0659126266E-01    2.7883283945E-02    2.1154690306E-02    9.1280156506E-01   -9.0952735984E-03   -3.6238210829E-03
   -1.4531822166E+00   -1.0135890121E+00    3.4010791037E-01    6.9645435135E-02   -5.5902248838E-01    3.6203786388E-01    9.3044033914E-02   -4.9062997302E-01    3.0835417897E-01
   -7.7622453083E-01   -1.1267400826E+00    3.0344975378E-01    5.7704287915E-01   -3.4572455017E-01    1.3130358538E-01    6.0641664529E-01   -2.8325464519E-01    1.3562936999E-01
    7.0904543167E-01    9.5781156818E-02    1.2735891883E-02   -8.7329282403E-02    6.8561962344E-01   -3.1162906050E-01   -7.2400587230E-02    6.4647640946E-01   -2.8201481179E-01
   -2.5741234544E+00    2.4370609689E-02    1.3449881647E-02    3.5684826608E-03   -4.3509187376E-01   -3.3415456352E-01    2.0493621500E-02   -5.3589653977E-01   -3.5334406732E-01
    2.2995386474E+00   -1.8780420423E+00    2.4618293450E-01   -5.6994271723E-01   -1.0007553586E-01    2.0190491398E-01   -6.0425060959E-01   -2.1478020314E-01    2.1072699098E-01
   -1.9940816653E+00   -1.5518456982E+00    1.8989886505E-01   -3.3861845985E-01   -9.0999743869E-02    3.9342259144E-01   -3.9537908611E-01   -1.6633219369E-02    3.8507005377E-01
   -2.7994877377E+00    4.3814418779E-01    1.6809707861E-02    3.8012108995E-01   -2.4183984634E-01   -3.2934483739E-01    3.9833267095E-01   -3.0276280900E-01   -3.5136107015E-01
    1.9273914979E+00   -2.2751640534E+00    2.6589336523E-01   -1.3830223262E-01   -4.8197820404E-01    2.1403102274E-01   -2.5223409016E-01   -5.7538857693E-01    2.0626123459E-01
   -1.9507431677E+00    1.1167178990E+00    2.3826979836E-01    4.2873932481E-01   -3.2563298687E-01    2.8310087487E-01    3.1777906387E-01   -3.8839611777E-01    3.0457094464E-01
    2.1295244816E+00   -1.3796092870E+00    4.5208634729E-01   -5.5714702877E-01    1.9977223496E-01    3.1827560501E-01   -4.7545639331E-01    1.4719794498E-01    2.8495509254E-01
   -1.6498638469E+00    1.3188920311E+00    3.5601560417E-01    1.4257812430E-01   -1.5407589072E-01    4.2957162117E-01    7.1235241358E-02   -2.3139323835E-01    4.0398965459E-01
    5.1667552561E-01   -8.1501565649E-01    2.1080491950E-01    6.0973714791E-01    3.3734589155E-01   -1.3793645620E-01    6.0661969245E-01    3.2482056713E-01   -1.0403295935E-01
    1.2480360871E+00   -8.9677336190E-01    5.5543226617E-02    1.8131489190E-01    5.5119610270E-01    2.7997077825E-01    2.4508470718E-01    5.8536725865E-01    2.4932362402E-01
    1.0776082523E+00   -5.0864889857E-02    4.4424493532E-01    4.3265584913E-02    8.1656172093E-01   -1.3861734055E-01    2.2024490688E-02    8.0490092511E-01   -9.2743254284E-02
    1.0867227653E+00    2.5826054362E+00    1.9769585632E-01   -2.2367813082E-01   -6.5756556732E-01    2.8764078501E-02   -2.3724031312E-01   -7.2129600396E-01    2.9872380512E-02
    1.5130782354E+00   -2.1589222469E+00    9.3334177681E-02    8.6159355897E-02   -5.2161578629E-01    3.2849946059E-01    4.7106167093E-02   -5.4363566046E-01    3.3181121258E-01
    1.5509132698E+00    1.3329042032E+00    4.4422795111E-01   -3.4179635283E-02    2.0136054845E-01    4.1243670517E-01   -1.7679206151E-02    2.1557827531E-01    3.9518881255E-01
   -9.1560666965E-01    2.7489220574E+00    3.8353645453E-01   -1.6868902507E-01    7.0462844379E-01   -5.3883185333E-02   -2.1594059252E-01    6.7848940629E-01   -9.6427426426E-02
   -1.9653806054E+00    2.2762491551E+00    1.1407819518E-02    1.3977031891E-01    5.6772439124E-01    1.5847919694E-01    2.9200227788E-01    5.9719084602E-01    2.1492850344E-01
   -1.2543803897E+00   -2.0916625744E+00    2.0146265591E-01    2.9354678982E-01    4.3300558655E-01    3.5568365613E-01    2.5923996493E-01    4.5425098050E-01    3.0239316818E-01
   -1.5767025756E+00   -1.0561481033E-01    1.3849233427E-01    1.1070481544E-02   -9.5853679640E-01    3.2234063819E-02   -6.0561560398E-04   -9.6724490549E-01    5.2405916230E-03
   -8.2878602500E-01    2.6820141574E+00    3.3916996775E-01   -2.1419818184E-01    6.5337375000E-01   -7.6053248118E-02   -2.8009297539E-01    6.1730157681E-01   -1.1346875580E-01
   -2.6242224107E+00    2.2911075303E+00    3.9381231439E-01    4.3201552964E-01    1.9551864445E-01   -8.3220471789E-02    6.0375691836E-01    3.0153493055E-01   -8.1355551789E-02
   -1.2637752045E+00    2.7998811780E+00    8.3018587011E-02   -9.6655957239E-02    8.7941771661E-01    3.5060735658E-02   -9.9606444788E-02    8.8333517697E-01    1.0135238502E-02
    1.5373729613E+00   -2.5695167917E+00    2.1987294434E-01    8.3837305963E-02   -7.4854100865E-01    1.7143415948E-01    1.7313004517E-02   -8.0415781911E-01    1.3369599339E-01
   -2.2200692196E+00   -7.0511160274E-01    4.1961691799E-01   -3.6005112111E-01   -5.3942922912E-01    2.8248281720E-02   -3.6031358464E-01   -5.5775500463E-01    2.3042758402E-02
   -1.2555871197E+00    2.3375408131E+00    1.6436099812E-01   -2.2243999419E-01    6.6322593768E-01    2.1993712511E-01   -2.1604486135E-01    6.3828181156E-01    1.9782683968E-01
    2.9255256648E+00   -2.9679359968E+00    2.6777353731E-01   -1.2047139933E-01   -1.3714319902E-01   -3.8540934022E-01   -1.5996704874E-01   -2.0015380574E-01   -4.1515535015E-01
    9.0298698467E-01   -1.4878896705E+00    4.2363709015E-01    5.7978143539E-01    8.9626857843E-02    3.0134631790E-01    5.6700553677E-01    5.9739891157E-02    2.5731040431E-01
    3.8163562731E-01   -7.3278359350E-01    3.0156250822E-01    5.8688026592E-01    2.7010485256E-01   -2.3539870944E-01    5.8447931219E-01    2.6063617996E-01   -1.8339218468E-01
   -1.6395676468E+00    6.7843768488E-01    3.2235368872E-01    1.0011995046E-01   -6.3739066010E-01    1.4526071716E-01    4.0432725230E-02   -7.2821853194E-01    1.7102819591E-01
    1.6906607551E+00    2.7580725166E+00    2.2005835491E-01   -1.3220368647E-02   -8.3296058593E-01    4.6787620846E-02    4.2817840316E-02   -8.8105655717E-01    5.7562125655E-02
    1.5857465047E+00   -2.9041335945E+00    3.5519492425E-01    3.7539396705E-02   -8.6638330575E-01    6.7335203240E-02   -3.2755027994E-03   -9.0518751780E-01    2.3906058176E-02
   -6.2758452306E-01    8.3375978263E-01    3.2973605984E-01   -5.9392214639E-01   -4.3304917254E-01   -1.0557175905E-01   -5.6111546171E-01   -3.6946281580E-01   -4.6854208602E-02
    2.7086379227E+00   -6.3610376291E-01    1.7171661625E-01   -5.2117935688E-01    3.1836689795E-01   -2.0581584411E-01   -5.2104605984E-01    3.2610275096E-01   -2.1989518790E-01
    8.2004369341E-01    5.0425157806E-01    2.5306552850E-01   -4.0903949150E-01    6.4183902681E-01   -1.8769711461E-01   -3.1333430197E-01    6.0857609246E-01   -1.0480813089E-01
   -2.7799953650E+00    2.6494089148E+00    3.4788699638E-01    2.5138492498E-01    2.0703732825E-01   -2.6521160505E-01    4.1228576750E-01    2.9082220661E-01   -2.8345150196E-01
    1.9228604580E+00    4.7550688721E-01    2.3310699600E-01    1.4053351438E-01    7.9040244642E-01    5.0837554653E-04    1.5067138048E-01    7.9651453442E-01    4.1293920038E-02
   -3.5791865531E-01    2.6412138397E+00    1.0187109146E-01   -3.1883533015E-01    3.6613534658E-01   -2.8750320739E-01   -4.4029210835E-01    3.0117676749E-01   -3.1063292473E-01
   -2.4564789643E+00    7.4795966583E-01    1.1707015661E-01    5.4239233743E-01   -3.9037876461E-01   -8.7661947912E-02    5.1447971921E-01   -4.5312853161E-01   -6.5374324684E-02
    1.4892628909E+00    1.3494008616E+00    3.7170207228E-01   -8.2709205409E-02    1.8138574784E-01    4.2466910637E-01   -7.3762740730E-02    2.0318154071E-01    4.0728457702E-01
   -2.5520041911E+00   -2.1147013015E+00    4.2049790860E-01   -4.5962070053E-01    6.4327549719E-02    2.2934651700E-02   -6.5385939970E-01    2.6452114696E-01    1.7482724920E-02
    2.1608544219E+00   -9.9945005008E-01    3.5359566686E-01   -5.1527069600E-01    4.8104487197E-01    1.7245338615E-01   -4.3608097755E-01    4.1864775317E-01    1.7274579669E-01
    2.0548456829E+00    2.7301633259E+00    8.7033844969E-02    6.8354580892E-02   -7.2041375063E-01   -4.8791306727E-02    1.8289799329E-01   -7.9725566626E-01   -2.7346572049E-02
    1.3475591515E+00   -2.9886230801E+00    4.4950970381E-01    4.0684572184E-02   -8.6034154077E-01    3.9650034601E-02    3.0833259041E-02   -8.8093197307E-01   -1.0774900601E-02
   -1.6435723687E+00   -2.8691023041E+00    1.6080906485E-01    2.9662807160E-02    8.4446131967E-01    9.3171151177E-02   -1.8949624051E-02    9.3015265005E-01    3.1480675221E-02
    1.3013640238E+00    7.7173548475E-01    2.5018253125E-01   -2.4018726146E-01    6.3989638568E-01    1.5391447000E-01   -1.7657180531E-01    6.5712754954E-01    1.8795944497E-01
   -4.0873039305E-01    1.8133189841E+00    4.4304169285E-01   -7.6960804334E-01    1.1848852750E-01    3.7847061481E-02   -8.1523810516E-01    8.7353662945E-02    4.2001005526E-02
   -1.1056273357E+00    2.5183673574E-01    4.9447957598E-01   -5.7802013605E-02   -7.7174499050E-01   -8.2456727130E-02   -1.0125179098E-01   -7.8405063640E-01   -5.7079366193E-02
   -2.5807540275E+00    1.4778269118E+00    2.8309746997E-01    8.4162498274E-01   -1.0140232039E-01    1.3957550236E-01    7.9673982824E-01   -4.6660772732E-02    1.2246432891E-01
    1.2145116241E+00    1.3402475017E+00    2.3586985291E-01   -3.3854893023E-01    1.6839247603E-01    3.8553434454E-01   -3.2391924730E-01    2.0429288734E-01    3.7587268876E-01
    2.5704574162E+00   -1.5309238559E+00    2.8797926959E-01   -8.0257605171E-01    1.1931359420E-01    1.5383471028E-01   -7.9357088496E-01    2.0342788017E-02    1.2951109499E-01
   -1.3497839075E+00   -5.5474366743E-01    3.2423611895E-01    8.6615793173E-02   -8.4401171388E-01    1.2429729814E-01    1.0821731851E-01   -7.7728429125E-01    1.0074101244E-01
    1.8805814450E+00   -1.0690530206E+00    1.6553122660E-01   -3.8312353278E-01    4.6241845341E-01    3.2025461377E-01   -2.5857560035E-01    4.4314442863E-01    3.1622642994E-01
   -2.6645170236E+00   -6.1720895547E-01    4.6613937158E-01   -4.5405823143E-01   -2.8695365665E-01   -1.6506646319E-01   -4.6837221691E-01   -3.4113014074E-01   -1.8846341729E-01
   -8.2925429262E-01   -1.3968804268E+00    9.2845297570E-02    6.6015455577E-01   -1.4893987587E-01    2.5793644738E-01    6.5299801965E-01   -1.2525725019E-01    2.4756162254E-01
   -2.2605813722E+00    5.7561675011E-01    5.7500372018E-02    3.7079103624E-01   -5.5329593019E-01   -9.0129257045E-02    3.4244927691E-01   -6.3968083594E-01   -5.3089364658E-02
   -2.5503532489E+00    2.0264531433E+00    3.3700542938E-01    5.9736415954E-01    1.2765754355E-01    4.5892483781E-02    6.9694756353E-01    2.2929354308E-01    5.1139177529E-02
   -2.6624998335E+00    2.2443498940E+00    2.0922636595E-01    5.2093105830E-01    1.5661883407E-01   -8.3387388651E-02    6.6518578239E-01    2.7575681375E-01   -8.1205606310E-02
   -1.2381146366E+00   -2.9028723221E+00    3.2363003481E-01    9.7227025832E-02    8.1495865893E-01    5.4163043347E-02    7.2382665301E-02    8.6080693194E-01   -2.2289790552E-02
   -2.9065024538E+00    1.9196112925E-01    3.8847878378E-01    1.6309973356E-01   -1.4756088278E-01   -3.7068987332E-01    1.7166690702E-01   -2.1155953182E-01   -3.8923584254E-01
    5.8355741361E-01    1.2252658393E+00    1.7299069061E-01   -8.2933313972E-01    1.7201352946E-01    1.8788151325E-02   -7.5848362297E-01    1.8027380923E-01    8.8126924338E-02
   -2.8500070943E+00    1.8711604568E+00    4.0867524185E-01    8.2177269331E-01    7.9555324521E-03    2.2904314885E-02    8.4310236230E-01    7.8378213936E-02   -2.0797577152E-03
   -8.3484150882E-01   -1.1716975698E+00    1.5791092670E-01    5.8276455779E-01   -3.3400185145E-01    1.9255625489E-01    5.9930957374E-01   -2.7906356378E-01    1.8698901105E-01
   -8.2463924133E-01   -1.3024049222E+00    4.6438243584E-01    5.7915860523E-01   -2.3400035421E-01    2.0195390884E-01    5.9646732334E-01   -1.7745226859E-01    1.9469741561E-01
   -1.3832376109E+00    1.7496515080E+00    4.1341279411E-01   -1.8627375585E-01    1.7419573138E-01    4.6019031760E-01   -1.6892568000E-01    1.6091292989E-01    3.9564499600E-01
   -1.9669269615E+00   -2.3658579102E+00    1.3900720290E-01   -1.2984295493E-01    4.8649229408E-01    1.7953727833E-01   -2.6278078781E-01    6.4056396911E-01    1.6149402603E-01
   -1.3962755088E+00   -3.9315641396E-01    4.2432198646E-01    4.7339577390E-02   -8.8212447626E-01    6.9169756254E-02    6.1108711072E-02   -8.3565933608E-01    4.9207688414E-02
   -3.0689134873E+00    1.8956639083E+00    2.4027235641E-01    9.0431771879E-01    7.0541255411E-04   -3.5811552329E-02    9.0084452127E-01    2.2090110636E-02   -4.3876307328E-02
   -7.7040217180E-02   -1.2028968534E+00    5.6754898732E-02    8.9865019768E-01   -2.4014667777E-02   -2.7921536127E-02    9.1981691518E-01   -2.7368170218E-02   -6.0329322237E-02
    2.5731529603E+00    2.6056173905E+00    1.4463268145E-01    2.4508842648E-01   -3.0749364435E-01   -1.9667389502E-01    4.1810045505E-01   -4.4963371421E-01   -2.1207880228E-01
   -1.3280887128E+00   -2.2317214984E+00    8.4243487825E-02    2.2035029660E-01    5.5365140452E-01    3.2266836644E-01    1.8655399636E-01    5.8590079796E-01    2.7334790015E-01
    6.3480771183E-01    1.4695907214E-01    3.5346510562E-01   -7.8186949961E-02    5.8819824329E-01   -3.7198310968E-01   -1.0985669288E-01    5.4659169213E-01   -2.7211515116E-01
   -1.1580669616E+00   -2.5556275860E+00    3.0759173463E-01    2.4921198003E-01    6.6347461065E-01    1.5457428509E-01    2.0858138118E-01    7.1767954117E-01    6.4072753259E-02
   -1.3163945309E+00   -2.6215664181E+00    4.4905843947E-01    1.5862560450E-01    6.8980357641E-01    1.6597419610E-01    1.1431210727E-01    7.6773246777E-01    7.6696858255E-02
    5.6246459581E-01    2.0709160678E+00    1.5045358599E-01   -6.5785828899E-01   -1.8271300365E-01   -8.8515683170E-03   -7.2033187888E-01   -2.4814040129E-01    2.5625558958E-02
   -1.0828151508E+00   -2.5134878759E+00    6.9646960504E-02    2.9970559999E-01    6.6697576812E-01    1.2562161443E-01    2.7168738267E-01    7.0481411034E-01    6.1013272610E-02
    5.3862052732E-01    2.1789985462E+00    5.8290907421E-02   -6.1723291129E-01   -2.1940950804E-01   -6.4095661160E-02   -6.9631751378E-01   -2.8970021565E-01   -3.0954702274E-02
    2.9415534410E+00   -1.0744503365E+00    2.3467173406E-01   -8.2468418698E-01    1.0100284783E-01   -5.7413828356E-02   -8.2228044174E-01    9.0289067336E-02   -8.5257614040E-02
   -1.8450710001E+00   -2.0025083473E+00    2.8057122008E-01   -1.5126398966E-01    2.7587039548E-01    3.4796945316E-01   -2.3257474411E-01    3.8080677679E-01    3.3588733632E-01
   -1.8693350630E+00    1.2282499120E-01    2.8631103365E-01    4.6677923764E-02   -8.3033699945E-01   -3.4553192538E-02    3.4029524277E-02   -8.9577587061E-01   -3.1880872335E-02
   -1.8644491643E+00   -2.8153512262E+00    2.4375272690E-01   -5.9502483647E-03    7.5146714150E-01    6.2216390270E-02   -8.8350715021E-02    8.6356227301E-01    8.5852431330E-03
    6.4555761457E-02   -1.1093072976E+00    2.0175960002E-01    8.2448863982E-01    5.4022653331E-02   -8.0401613176E-02    8.5818765789E-01    2.7589492122E-02   -8.9531992636E-02
    1.4352832723E+00   -1.1211444058E+00    1.6720670806E-01    1.2232316571E-02    3.7126543506E-01    4.3103863391E-01    1.1766814576E-01    4.1650331513E-01    3.7076699031E-01
    2.4069870674E+00    7.7821225045E-01    2.0115257647E-01    4.6553307117E-01    4.5235610402E-01   -3.5379361895E-02    5.0041392748E-01    4.5854003554E-01   -2.6707715260E-02
    2.0861136625E-01   -3.8907146742E-01    2.5985733102E-01    4.0117882230E-01    1.7124542837E-01   -4.3764556744E-01    3.5231109370E-01    1.8191857731E-01   -3.6646728032E-01
   -4.2981511720E-02   -2.5187312647E+00    5.7128333095E-02    5.8010852939E-01    1.7050968156E-02   -2.7198186830E-01    5.7620158907E-01    3.4502896453E-02   -3.2149041823E-01
   -1.9000071834E+00   -2.6270798183E+00    2.7357827737E-01   -4.2097382752E-02    6.4203479955E-01    1.1133766430E-01   -1.5062637450E-01    7.7992012858E-01    6.1691984311E-02
   -5.5690007068E-01   -1.6025848322E+00    4.1169624837E-02    8.6819687833E-01    1.0150669727E-02    1.5061771400E-01    8.4151125868E-01    1.6661458812E-02    1.3690803512E-01
   -1.8981119608E+00   -2.5146179535E-01    1.5080983927E-01   -8.9841489436E-02   -8.5091606168E-01   -1.5466543732E-02   -7.7619408397E-02   -8.8987887014E-01   -1.9512849574E-02
    7.4522458043E-01    3.9854966288E-01    5.8829247195E-02   -3.6453958080E-01    6.6048430135E-01   -2.4061387228E-01   -2.8187921288E-01    6.1767735386E-01   -1.9023177221E-01
    2.7780409816E+00   -1.3320007476E+00    3.8589406399E-01   -8.4430386917E-01    1.4423752430E-01    7.2709210158E-02   -8.4066692125E-01    7.7862700195E-02    3.0208405519E-02
    2.0183863200E+00   -1.3268271635E+00    4.0603014119E-01   -4.8911890252E-01    2.3231104861E-01    3.5571481005E-01   -3.8722108015E-01    2.0077655480E-01    3.2062868797E-01
    3.0487934552E+00    2.6935286100E+00    1.4109669727E-01    3.4270270725E-01   -7.5276065926E-03   -3.6060023802E-01    4.1935497243E-01   -8.1194862310E-02   -3.7981344299E-01
    2.1154425671E+00    1.4475440136E-01    4.6236969020E-01    5.9738187711E-02    7.6196822525E-01   -1.3070813131E-01    6.8136486023E-02    7.7160832119E-01   -1.0291096397E-01
   -1.4168200059E+00   -1.6159103620E+00    2.5687374152E-01    1.5415921082E-01    2.3194510023E-02    4.9087010221E-01    1.4554008098E-01    4.2333465612E-02    4.3964630548E-01
   -1.6067141368E+00    2.4276297917E+00    2.3250082926E-02   -6.1811600324E-02    7.5265857989E-01    1.8850258622E-01    2.3406051769E-02    7.5178140967E-01    2.1178021959E-01
    4.6375515605E-02    1.8466354673E+00    1.4944492251E-01   -8.4099950777E-01    4.7157200219E-02   -4.5060138694E-02   -9.3285939689E-01   -1.2254255316E-02   -3.3924145137E-02
   -9.2127906849E-01   -2.6695511871E+00    2.3304942829E-01    2.9240599769E-01    6.3326526315E-01    4.8313645068E-03    2.6248288006E-01    6.7698458543E-01   -7.2436925836E-02
   -2.3931077329E+00   -3.8290078460E-01    2.6624256937E-01   -2.6452841653E-01   -5.1163056255E-01   -1.7506433957E-01   -2.5955814732E-01   -5.9851490865E-01   -1.7857887876E-01
   -2.5371574853E+00   -1.2186410819E+00    3.0848878258E-01   -6.5958523088E-01   -2.1759802874E-01    1.3566891780E-01   -7.2611711027E-01   -1.8428969797E-01    9.0155269585E-02
   -1.7250684365E+00    1.1133732230E-01    3.2854832212E-01    3.4106959634E-02   -8.6983907860E-01    2.2060016171E-03    1.5987080474E-02   -9.1955266747E-01   -4.9396498396E-03
   -2.8663171351E+00   -6.0173632055E-01    5.6435574547E-04   -5.1970613245E-01   -2.0199240148E-01   -2.7823321523E-01   -5.4470066822E-01   -2.2404408834E-01   -3.0277047206E-01
   -1.5271338757E+00   -2.3932833119E+00    5.7170059440E-02    8.2299638992E-02    6.4854367134E-01    2.7829575180E-01    2.9360886835E-02    7.2381816386E-01    2.2530827278E-01
   -4.1791924108E-01   -4.1013941816E-01    5.5320041696E-03    3.3323112357E-01   -3.8687577377E-01   -3.6294479583E-01    3.6401706489E-01   -3.7178820658E-01   -3.3739588160E-01
   -2.4554641301E+00    1.1648394835E+00    2.8246390965E-01    7.3993223380E-01   -2.3888499947E-01    1.0657134923E-01    6.7177861386E-01   -2.3644437434E-01    1.0960760146E-01
   -1.8955351666E+00    2.8625212435E+00    3.5715991419E-01   -1.0521061525E-02    8.2733912926E-01   -4.2507685607E-04    8.1830467337E-02    8.4825843587E-01   -1.1234740334E-02
    1.1798560281E+00   -2.1046394999E+00    1.0044461445E-01    3.3509220802E-01   -4.6082147590E-01    2.8332031100E-01    3.2151256421E-01   -4.6109710123E-01    2.8620241997E-01
   -3.4078566265E-01   -1.2623959282E-01    2.9992259600E-01    1.7932698258E-01   -3.5801034786E-01   -4.6055834467E-01    1.1175535685E-01   -3.1226382863E-01   -3.8690436870E-01
   -1.2690725096E+00   -2.4074092669E-01    2.6037599783E-01    6.9475667091E-02   -9.1231073491E-01    4.8080091620E-03    6.7255963192E-02   -8.8023696121E-01   -1.4175409636E-02
   -2.3566324264E-01   -1.8304029384E+00    1.7068464334E-01    9.4386448905E-01    5.6328081863E-02    1.8208297810E-02    9.0823722889E-01    5.7924924197E-02   -5.3137654831E-03
   -1.0616547023E+00   -1.3125289595E+00    2.4897978244E-01    4.4057555118E-01   -2.5353543938E-01    3.4998891221E-01    4.4836963254E-01   -2.1217784212E-01    3.1554688488E-01
    1.7780810229E+00    9.8219526856E-01    2.1902568660E-01    1.4874318255E-01    5.3157599020E-01    2.7427290007E-01    1.6383420873E-01    5.2002695078E-01    2.9746349115E-01
   -6.9335379977E-01   -2.6216415246E+00    4.4384075107E-01    3.9463046035E-01    4.5131892667E-01   -6.5842608906E-02    3.4966304437E-01    5.0754251057E-01   -1.4430456860E-01
   -2.5868115442E-01   -2.5946853807E+00    4.6612760480E-01    4.9016709978E-01    1.6504261271E-01   -2.0674521129E-01    4.5799482704E-01    1.9904468932E-01   -2.7557356746E-01
   -2.8195915318E+00   -4.5655457076E-01    2.2255259304E-01   -3.8237747669E-01   -2.1945504284E-01   -2.9585820658E-01   -3.9999375364E-01   -2.7168599661E-01   -3.2270208875E-01
   -2.4553350638E+00   -1.5577019120E+00    3.6397131609E-01   -6.0156465359E-01   -1.1052345600E-01    1.9965320426E-01   -7.1924669557E-01   -7.7144774714E-03    1.7348030505E-01
    1.5629101582E-01   -2.0999905778E+00    4.8547955013E-02    8.6098028347E-01   -8.6661680720E-02   -1.1617376613E-01    8.4445351864E-01   -7.7821515922E-02   -1.1309862341E-01
    3.0515258358E+00    1.2075908056E+00    1.0792588473E-01    8.7661806680E-01    3.6037664070E-02   -6.2391881655E-02    9.1109403459E-01    3.1272651547E-02   -5.6568631071E-02
    3.0215179545E+00    2.9148682186E+00    4.0210152363E-01    1.3444634191E-01   -4.8212381026E-02   -3.9836570159E-01    2.0592388696E-01   -1.0770158959E-01   -3.9809443272E-01
    7.8048213566E-01   -1.9977017452E-01    1.4972494677E-01    1.7426260657E-01    6.8742610596E-01   -2.6693457752E-01    1.3684935382E-01    6.6928381783E-01   -2.1923671696E-01
   -1.9287618517E+00   -2.1128621369E+00    8.2322869295E-02   -1.8868554665E-01    3.5048537932E-01    2.8983503900E-01   -2.9524089196E-01    4.7531362628E-01    2.9564338856E-01
   -2.6528910130E+00   -9.2044596760E-01    1.5233588337E-01   -6.4336147709E-01   -2.5564539404E-01   -3.4098364403E-02   -6.8162276929E-01   -2.7572397411E-01   -6.8767792300E-02
    2.6579583771E+00    1.4102973802E+00    8.4242363382E-02    8.0434081690E-01    1.1467694142E-01    1.0904340083E-01    8.5933144791E-01    7.3070401808E-02    9.2183394574E-02
   -1.1147135193E-02    4.2018120104E-01    2.6618558765E-01   -3.5733692395E-01   -7.7560065486E-03   -4.4162414862E-01   -3.8675301678E-01   -9.6496512745E-03   -3.7464501149E-01
    2.5589616179E+00    2.9968839309E+00    2.3103440709E-01    1.5470026625E-02   -4.2622675758E-01   -2.9114155410E-01    1.1497576367E-01   -5.1988589334E-01   -3.0837371280E-01
   -3.7344551165E-01   -2.2258461815E+00    1.8720710313E-01    7.4805758015E-01    1.9304586301E-01   -7.8411042472E-02    7.1122541780E-01    2.1408377600E-01   -1.1042620195E-01
    1.5590754661E+00    1.0439066569E+00    3.0253377701E-01   -3.8519046341E-02    4.6734488222E-01    3.1728990762E-01   -9.5361734836E-03    4.7329130713E-01    3.3093241806E-01
    2.0077596422E+00    2.5945443564E+00    2.5484628520E-01    9.8192244688E-02   -6.6874900239E-01    1.4231590648E-02    2.0919142936E-01   -7.3536401925E-01    4.1309595074E-02
    4.9378665092E-01   -4.9350540099E-01    3.5513197631E-01    4.4181137861E-01    3.9086687152E-01   -3.1649740706E-01    3.8852850690E-01    3.8879047357E-01   -2.3899610305E-01
    2.5615039450E+00    5.0959576799E-01    2.5575874784E-01    3.5870466259E-01    4.1858482645E-01   -2.0875276903E-01    3.8767689702E-01    4.5459921245E-01   -2.0836309449E-01
   -1.0166403265E+00    1.2102719839E+00    9.0875128930E-02   -4.6998265636E-01   -2.9005538652E-01    2.8738426303E-01   -4.8352731403E-01   -2.9456908941E-01    2.8863668094E-01
    4.1624300960E-01   -2.5600333653E+00    2.3851358205E-01    4.7722738917E-01   -3.1883918867E-01   -2.1293777982E-01    4.7901864176E-01   -3.2212020530E-01   -2.4304903784E-01
    1.2519460484E+00    7.2154884545E-01    4.3231173605E-01   -2.8128974088E-01    6.4630519333E-01    9.1961747380E-02   -1.8991417122E-01    6.5388851365E-01    1.4218714602E-01
    2.2841956038E+00    4.5173239588E-01    4.4095281258E-01    2.3331912764E-01    6.0738257849E-01   -1.2077000120E-01    2.6155123827E-01    6.2286868839E-01   -9.9629992922E-02
   -2.3022257128E+00   -3.0004009036E+00    2.5515827446E-01    5.4207874679E-03    5.9595224884E-01   -1.5810259543E-01   -8.9317437835E-02    7.0015711485E-01   -1.9248344589E-01
   -2.0595043568E+00    4.1125944849E-01    1.4058981905E-01    2.1021023650E-01   -6.9746679444E-01   -5.9475794461E-02    1.8247968321E-01   -7.8687945481E-01   -2.8645611639E-02
   -2.7841750547E+00   -1.7229361065E+00    4.1088512712E-01   -7.3659244446E-01   -4.7188102902E-02    7.8357252568E-02   -8.5293065784E-01    4.8838985559E-02    4.2180648497E-02
    5.8056537116E-01    1.6652178432E-01    3.4588808857E-01   -9.3873634928E-02    5.4830633473E-01   -3.9549107543E-01   -1.2933146496E-01    5.0475564938E-01   -2.9244464304E-01
    9.6576203585E-01   -3.0574734062E-01    1.9121316066E-01    1.9569941266E-01    7.6154445985E-01   -1.4216457190E-01    1.6478537629E-01    7.5490887985E-01   -1.0788363445E-01
    1.5894637560E+00    2.6310006618E+00    2.8167037125E-01   -3.9373619098E-02   -7.7867919598E-01    9.6005294688E-02    8.6224474719E-03   -8.2452145715E-01    1.0653160204E-01
    2.7262869284E+00   -2.9152723586E+00    2.9353209839E-01   -1.0337159049E-01   -2.5777085089E-01   -3.0530678011E-01   -1.9361168409E-01   -3.7076292185E-01   -3.4984500387E-01
   -3.0629179799E-03    2.0927507920E+00    2.0925000096E-01   -7.1468359067E-01    9.0698751978E-02   -1.2393257884E-01   -8.3131359433E-01    1.4645028869E-03   -1.1430486140E-01
   -2.2885550979E+00    5.3191196343E-01    2.7603201221E-01    3.3369232743E-01   -5.2785370281E-01   -1.1412899998E-01    3.1565640838E-01   -6.1433841620E-01   -7.8502261393E-02
   -1.7311689211E+00   -1.7699705947E+00    9.1700809599E-02   -1.1957557581E-01    1.4636520565E-01    4.5710322115E-01   -1.5368448075E-01    1.9177145255E-01    4.5083219908E-01
   -2.1170444380E+00   -2.1922270723E+00    4.5057396285E-01   -2.3415465202E-01    2.7189121331E-01    1.6118215474E-01   -3.8596855303E-01    4.5460771428E-01    1.6333285479E-01
   -1.2160026720E+00   -5.8905055587E-01    3.8658232459E-02    1.6311182705E-01   -8.4480023339E-01    8.6384060733E-02    1.9151743923E-01   -7.7367818420E-01    9.2545558442E-02
    1.6961773822E-01    2.8515764231E+00    1.8546318192E-01   -1.9944334486E-01   -1.1012465217E-01   -3.8243349577E-01   -2.7160040958E-01   -1.5586608734E-01   -4.1305565350E-01
   -2.6377245230E+00   -1.8125655233E+00    1.1018258816E-01   -6.9292862832E-01   -1.9718724848E-02    9.5267079369E-02   -8.3172030319E-01    1.1307681811E-01    8.4105098955E-02
   -1.6167924793E-01    2.9869035133E+00    1.1047535255E-01   -1.0850824054E-01    1.7869901506E-01   -4.3124017716E-01   -1.4874058471E-01    1.5557788352E-01   -4.5463334091E-01
   -5.6185118420E-01   -4.4345332560E-01    1.1716663264E-01    3.1916394036E-01   -5.0178931528E-01   -3.0715165261E-01    3.5469210316E-01   -4.7007773915E-01   -2.5385919588E-01
   -4.9124623209E-01   -2.2456583185E+00    2.2821039532E-01    7.0192003641E-01    2.5486182316E-01   -4.1240725234E-02    6.5774452798E-01    2.8157926029E-01   -7.6597499430E-02
    2.1854931102E+00    2.6365618563E+00    4.6630899517E-01    1.2632670021E-01   -5.5747364300E-01   -5.1166969812E-02    2.5418608023E-01   -6.5129653094E-01   -4.0869432389E-02
   -8.7025053533E-01   -2.0090723758E-01    4.0014460340E-01    1.2334359815E-01   -7.2347112424E-01   -2.1512857538E-01    1.1874841041E-01   -6.9149887521E-01   -1.6007906292E-01
   -2.5773906138E+00   -3.0582028734E+00    2.6177281292E-01    2.1719944951E-02    4.0790484300E-01   -2.8329397558E-01   -6.6793898178E-02    5.0570236989E-01   -3.1840844507E-01
   -8.7288460032E-01    8.3427623533E-01    1.3769819679E-02   -4.8356138221E-01   -5.1149873692E-01    1.9510737591E-02   -4.7474974687E-01   -5.1324236753E-01    6.7547413898E-02
   -2.3948466831E+00   -1.6305828268E+00    1.4625641598E-01   -5.9750077691E-01   -7.1726866582E-02    2.2137688390E-01   -7.1147294568E-01    3.9416045127E-02    2.1590054915E-01
   -3.8950736274E-01   -3.0205784439E+00    4.7555468957E-01    1.1184639971E-01    3.2084910013E-01   -2.9576593112E-01    1.0154454844E-01    3.4275522036E-01   -3.4775423533E-01
    4.2563471958E-01    2.2117277397E+00    2.4056012084E-01   -6.1749804256E-01   -1.4610680938E-01   -1.0887632132E-01   -6.9573194620E-01   -2.3529258804E-01   -8.4944793665E-02
   -8.4610976090E-01   -3.0165134849E+00    1.7660973430E-01    9.0874529799E-02    6.9340779297E-01   -1.5898232234E-01    7.9828948064E-02    7.1707698345E-01   -1.9748159529E-01
    1.6900715098E+00   -1.5145937066E-01    2.9772334336E-01   -5.7885160601E-03    9.2946092201E-01   -3.3143620966E-02   -1.6915870680E-02    9.2478964524E-01    3.8198206588E-03
    1.6562996729E+00    1.7054257650E+00    4.2025822686E-01    8.7019830382E-02   -1.5677510362E-01    4.3023115974E-01    7.7804171307E-02   -1.2295173843E-01    4.1193689191E-01
    1.3737472303E+00   -1.9750842764E+00    8.3834434101E-02    1.7959438787E-01   -3.8934447299E-01    3.8621193168E-01    1.7700065959E-01   -3.7933811110E-01    3.9016263093E-01
    2.0575345359E+00    2.0401119169E+00    2.1132201736E-02    3.5777193889E-01   -3.8956097596E-01    2.3992650977E-01    4.1541242290E-01   -3.9806416182E-01    2.8590338662E-01
   -2.2904983599E+00   -1.9911995792E+00    1.1026795871E-01   -4.2543308836E-01    1.2590200261E-01    1.7303376326E-01   -5.8863805886E-01    3.0021915428E-01    1.9086232925E-01
    1.1010343317E+00   -6.4929682601E-02    3.4214788155E-01    4.7971915571E-02    8.3811553725E-01   -1.2201635472E-01    2.7428693278E-02    8.3094524764E-01   -8.7516227473E-02
   -2.8614927966E+00    6.0686717115E-01    2.5289369657E-01    5.0868264589E-01   -1.6826014711E-01   -2.5794532131E-01    5.2103975698E-01   -2.1588785831E-01   -2.7038526478E-01
   -2.7705073892E+00    2.5992947480E+00    1.8899510113E-01    3.0535112017E-01    2.0247532482E-01   -2.5944793194E-01    4.6313537650E-01    2.9907789412E-01   -2.7914719744E-01
    2.3530595650E+00    1.3267538066E+00    4.6777698228E-01    5.8342127605E-01    1.8605681295E-01    2.1332065064E-01    6.2291045597E-01    1.5608374631E-01    1.8442758907E-01
    1.9432145671E+00    2.8632707314E+00    3.8880011755E-01    2.2935382508E-02   -7.6661936026E-01   -3.2274106096E-02    9.2491147030E-02   -8.2860244262E-01   -2.4359689539E-02
   -3.0563986500E+00    8.4032023589E-01    7.2653144155E-02    7.2136417392E-01   -5.4930237046E-02   -2.0105742685E-01    7.3144935636E-01   -5.5955766614E-02   -2.1270183686E-01
   -2.2539861666E+00   -1.3175140221E+00    7.9327076813E-02   -5.5449165294E-01   -2.4263453179E-01    2.6973381517E-01   -6.0151025730E-01   -1.9128382038E-01    2.6094048310E-01
   -1.3960520019E+00   -1.6577483053E+00    3.3417156453E-01    1.7582472785E-01    5.1002871938E-02    4.7472570945E-01    1.6200222053E-01    7.9991079817E-02    4.2091888694E-01
    7.2410339340E-01   -7.9026132702E-01    9.6476614356E-02    5.2590895974E-01    4.5610761540E-01   -4.9554340713E-02    5.2208726196E-01    4.5724095842E-01   -2.7073915234E-02
    2.2202821813E+00    2.2784901941E+00    1.6081099643E-01    3.2278287431E-01   -4.3571145334E-01    7.0388433055E-02    4.4500281362E-01   -5.0133668984E-01    9.9225920484E-02
   -3.7845805874E-01   -3.7524238746E-01    1.3039073927E-01    3.1829898236E-01   -3.5549281158E-01   -3.9543622479E-01    3.3179654920E-01   -3.3492944033E-01   -3.4605114906E-01
    2.2619363018E+00   -7.8999111208E-01    3.5920288474E-01   -4.7098270843E-01    5.5583832229E-01    2.7570126716E-02   -4.2139903296E-01    5.0473683603E-01    4.2569254621E-02
   -1.7911145328E+00    1.1855013034E+00    4.3066697827E-01    2.6597561783E-01   -2.6451156613E-01    3.3592424816E-01    1.8580496900E-01   -3.3648087616E-01    3.4132731145E-01
   -5.9922444743E-01   -2.0291984740E+00    3.2961946937E-01    7.5171773666E-01    2.0870279885E-01    8.4650535162E-02    6.9327735778E-01    2.3365721033E-01    5.3586890485E-02
    2.6992806691E+00    2.4641289440E+00    4.7390847942E-01    3.6322322904E-01   -1.7669699715E-01   -1.5447101430E-01    5.1526916275E-01   -3.0334761549E-01   -1.7534571674E-01
   -3.4369105968E-01    1.5338555245E+00    4.4917706876E-02   -8.8362025248E-01   -1.2997066355E-02    5.0516486319E-02   -9.3246045393E-01   -1.2333612201E-02    5.5091777430E-02
   -2.6294903457E+00   -2.2603577383E+00    4.9082333278E-01   -4.1318743683E-01    7.3796452715E-02   -5.5411005172E-02   -6.0966723321E-01    2.8259618498E-01   -6.7645052869E-02
    1.3339492071E-01    8.0941139981E-01    2.0393829727E-01   -7.9629622977E-01    1.1375023535E-01   -2.9602675980E-01   -6.8877594569E-01    8.8092378115E-02   -2.1120240682E-01
   -1.8981579701E+00   -2.7454012567E+00    2.6194221623E-02   -1.9329032399E-02    7.3325305155E-01    6.6630267249E-02   -1.2343862694E-01    8.6898076736E-01    2.2529147243E-02
    1.1950670907E+00   -1.5736230722E+00    3.8022985296E-01    3.1498912423E-01   -2.3502033381E-02    4.4442461525E-01    3.4007913307E-01   -2.4369965435E-03    3.7162385200E-01
   -4.4433839112E-01    2.7072726272E-01    1.8151205753E-01   -1.7485575224E-01   -4.5052295327E-01   -3.7423007524E-01   -2.3285483789E-01   -3.9943671867E-01   -3.4580861843E-01
   -8.8934764822E-01    1.4553818298E+00    1.8497357526E-01   -5.9664383050E-01   -1.1699418808E-01    3.0173872225E-01   -6.0300237877E-01   -8.6190748508E-02    2.7393356505E-01
    1.6813251482E-01    2.5732018949E+00    2.4193996537E-02   -4.0964975146E-01   -6.0107160148E-02   -3.1372265729E-01   -5.2812460628E-01   -1.4034933235E-01   -3.3784222902E-01
    1.5132435067E+00    2.6553376952E+00    1.3940356352E-02   -6.8960915107E-02   -8.3885997204E-01    9.2906390416E-02   -2.6805795490E-02   -8.8016799315E-01    1.0694084164E-01
    2.9878135770E+00   -2.8062009176E+00    1.9750759050E-01   -2.4922885731E-01   -7.2009004711E-02   -3.6488372038E-01   -3.1265740914E-01   -1.3903699192E-01   -4.0112694737E-01
   -1.3189651026E+00   -1.3723858497E+00    3.7813255477E-01    2.2071646511E-01   -2.2284401532E-01    4.4592883274E-01    2.2649581525E-01   -1.7698966017E-01    3.8642850082E-01
    8.4043571639E-01   -1.6387075362E+00    4.7650139956E-01    6.2521751232E-01   -5.9556091864E-04    2.6044662999E-01    6.0509735588E-01   -4.5955439912E-02    2.2741013467E-01
   -2.4533501311E+00    2.3883446530E+00    4.6064163071E-01    2.5776843387E-01    3.2822263584E-01   -6.7480416099E-02    4.8180849485E-01    4.2256601598E-01   -5.3510279301E-02
   -2.2057926885E+00   -2.7090520209E+00    1.8043386165E-01   -7.8045565032E-02    5.3261975146E-01   -4.3337740787E-02   -2.3983334354E-01    7.0502289977E-01   -8.1940063203E-02
    8.9302136799E-01    2.4901750103E+00    2.3281444166E-01   -3.2761734072E-01   -5.1704440674E-01   -2.2769398159E-02   -3.6289908513E-01   -5.9127391454E-01   -1.1656716027E-02
    3.0584825572E+00   -1.4730118842E+00    2.4738430728E-01   -9.5004064464E-01    2.5375311855E-02    1.0660836069E-02   -9.4391135030E-01    7.7133602328E-03   -1.1956179653E-03
    1.1634161944E+00    2.1344437850E+00    3.6095906652E-02   -3.1526537836E-01   -4.8150570680E-01    2.5678419158E-01   -3.3250791296E-01   -4.8702052984E-01    2.7479059056E-01
   -1.1569824610E+00    8.9914676466E-01    4.2895324783E-01   -2.6807538080E-01   -4.9684806632E-01    1.7758805738E-01   -2.8888762154E-01   -5.2291248536E-01    1.8998042732E-01
    1.4453980274E+00   -1.3210634097E+00    3.0185812522E-01    1.7517990902E-02    1.7679590579E-01    4.9298003469E-01    1.1409008842E-01    2.3083916543E-01    4.0913232225E-01
    3.6689363077E-01   -3.0282079735E-01    1.8327379741E-01    3.2941065184E-01    3.3379097768E-01   -4.2485331766E-01    2.6834784021E-01    3.3007236794E-01   -3.6354276471E-01
    1.1522171709E+00    1.1154732759E+00    7.7498416375E-02   -3.9774607121E-01    3.5558577821E-01    2.9423486252E-01   -3.5943730126E-01    3.9560792821E-01    3.1091384731E-01
   -2.9181481244E+00   -2.2549596534E+00    7.6324931162E-02   -6.2039887997E-01    4.3728761883E-03   -1.4532466198E-01   -7.4423498738E-01    1.3792864838E-01   -1.6990935758E-01
    2.5586557938E+00   -2.5733451194E+00    3.0704351020E-01   -2.4833894887E-01   -2.5593772061E-01   -1.4160050324E-01   -4.2251955155E-01   -4.3633346649E-01   -1.8014065403E-01
    4.0353563501E-02   -1.4724255933E+00    2.7141170069E-01    9.4677870380E-01    3.7105074062E-02    2.0195119388E-02    9.4181822471E-01    3.7527942113E-03   -3.5966031255E-03
    2.6263505440E+00   -1.8542886230E-01    7.9574141262E-02   -1.5163339555E-01    4.4110789061E-01   -3.3488767961E-01   -1.5789915065E-01    4.7665201817E-01   -3.5027660598E-01
    1.4342998612E+00   -1.4227586435E+00    1.1362739623E-01    3.1150612620E-02    8.2011215035E-02    5.0642440779E-01    1.3156068936E-01    1.4284233458E-01    4.5854223452E-01
   -1.2684557833E+00   -1.2131936390E+00    3.6855406289E-01    2.4101172584E-01   -3.7027821011E-01    3.9527077563E-01    2.5909908972E-01   -3.1040819739E-01    3.4034868352E-01
   -1.8285225903E+00    2.4443267747E+00    2.5757382012E-01    6.0382783975E-03    6.8993319956E-01    1.4538967411E-01    1.5544850237E-01    7.0406140136E-01    1.5667599588E-01
    2.5836672089E+00   -1.4945807615E+00    3.3026965549E-01   -8.0201526448E-01    1.3400245933E-01    1.5008000323E-01   -7.9182335935E-01    3.7734854231E-02    1.2026297796E-01
   -2.6784282735E+00    2.8426558696E+00    4.2352374941E-01    8.6162796079E-02    3.2880306989E-01   -2.8848960163E-01    2.4207765995E-01    3.9228991564E-01   -3.0122005751E-01
    1.3969575411E+00    2.8182536329E+00    3.2155258597E-01   -7.0460423398E-02   -8.2315649421E-01    4.2292211568E-02   -5.1533721124E-02   -8.7572045839E-01    3.1232269959E-02
   -7.7632610022E-01    2.2359234927E+00    2.2066592161E-01   -4.4815305377E-01    4.6527464713E-01    5.9686407967E-02   -5.3716550803E-01    4.1375142282E-01    5.0373099398E-02
   -2.2334229871E+00    2.9004079825E+00    4.0071542251E-01    1.0010098664E-03    6.7025079307E-01   -1.2927324773E-01    1.3562333794E-01    7.0659981510E-01   -1.3690357072E-01
   -1.5217826303E+00   -1.6459058775E+00    8.2847344079E-02    5.2371725288E-02    6.6343243566E-02    5.0379354256E-01    4.8053093296E-02    7.3717202507E-02    4.7981733204E-01
    2.2188531159E-01    7.6782717049E-01    4.8329683464E-01   -7.1058436332E-01    1.8997082892E-01   -3.3752614328E-01   -6.1512018928E-01    1.4373545046E-01   -1.9333585327E-01
   -2.2580555975E+00    2.0244360553E+00    3.6758530010E-01    4.0745769809E-01    2.5657957103E-01    1.5094702435E-01    5.2983493400E-01    3.1474335432E-01    1.7500773881E-01
    7.0932355664E-01   -2.6001742225E+00    1.4877243362E-01    3.7278985288E-01   -5.3305110272E-01   -1.2116608900E-01    3.7958640306E-01   -5.4180446518E-01   -1.4613643871E-01
   -1.7081676205E+00   -2.3042227144E+00    1.2737407653E-01   -2.2955396393E-02    5.4705318562E-01    2.8976275672E-01   -9.9171589091E-02    6.4643331965E-01    2.5332178470E-01
    3.0466721521E+00   -1.7735054202E+00    4.9810888646E-01   -8.9209958178E-01    1.7074636585E-02    2.2029745291E-03   -8.8265465020E-01   -1.7271790611E-02   -1.2924576715E-02
    2.2640852146E+00   -7.4693854150E-02    2.6894601167E-01   -4.0648855845E-02    7.0789714142E-01   -2.0400642345E-01   -4.5192797469E-02    7.2683716867E-01   -1.8087729561E-01
   -7.6348820633E-01    8.1851039732E-01    3.3250203660E-01   -5.0917124508E-01   -4.9032670348E-01   -4.4960393767E-02   -4.9353002840E-01   -4.4207379834E-01    4.8960739639E-03
    2.3368184286E+00   -5.8489096468E-01    3.2556846680E-01   -3.8181297874E-01    5.8833563259E-01   -9.6876987482E-02   -3.5863344316E-01    5.6299932845E-01   -7.7169242902E-02
    1.5600910058E+00   -6.8054101576E-01    2.5453226491E-01   -4.5328036248E-02    7.5265786189E-01    1.6767135370E-01    6.4014906599E-03    7.3861415873E-01    1.7874080514E-01
   -2.6050627195E+00   -9.1289571126E-01    1.4388252259E-01   -6.2519541633E-01   -2.8287587349E-01   -2.1783112497E-02   -6.6080153221E-01   -3.0368435386E-01   -5.3150585103E-02
   -2.0971781914E+00   -1.6602803800E+00    4.4081605111E-01   -3.5636441986E-01   -4.8493744154E-02    3.1499447686E-01   -4.5817025263E-01    7.0746939473E-02    3.1001966165E-01
    1.4180917802E+00   -8.8179590519E-01    2.6129932367E-01    4.1197302120E-02    5.8054065640E-01    2.9511209441E-01    1.1143393764E-01    5.9637262477E-01    2.5791541547E-01
    2.4955682391E+00    1.5950805210E-01    3.2400695277E-01    1.1163430496E-01    5.1928980325E-01   -2.6763456804E-01    1.1886732210E-01    5.5707959316E-01   -2.6895684075E-01
   -2.2582079646E-01    8.1854945255E-01    2.3734054319E-01   -7.5372089495E-01   -1.7523842813E-01   -2.5344861658E-01   -6.7862734903E-01   -1.4589846938E-01   -1.8949763406E-01
   -2.1235234705E+00    1.3590840084E+00    3.0728341826E-01    5.7651997299E-01   -1.5172248921E-01    2.9423682446E-01    4.8269287513E-01   -1.6818417908E-01    3.0076758750E-01
   -1.4011472861E+00   -2.6527293594E+00    5.4264331613E-02    1.1816547349E-01    7.8793129731E-01    1.6872740354E-01    7.8433547841E-02    8.6079985785E-01    9.3958112168E-02
   -2.9585311287E+00    8.5121396081E-01    3.7366379225E-01    6.7829828351E-01   -9.3472273292E-02   -1.6254082402E-01    6.8626314077E-01   -1.1133831715E-01   -1.7276550643E-01
    1.0675864307E-01   -1.3124655207E+00    4.2476913953E-01    8.5993017945E-01    8.3637084343E-02   -1.2223547784E-02    8.8301891104E-01    2.5004476285E-02   -2.2742775994E-02
   -2.7518148978E+00   -8.2751226571E-01    1.4355455430E-01   -6.2659054275E-01   -2.2226447164E-01   -1.1469397599E-01   -6.6175178027E-01   -2.4986029308E-01   -1.4802567203E-01
   -1.7624350139E+00   -1.2653996112E+00    2.9984636773E-01   -1.6382745554E-01   -3.3005538975E-01    4.3129327152E-01   -1.7108098659E-01   -2.7798663078E-01    3.8730586495E-01
   -3.0730898081E+00   -1.6164289313E+00    1.2364544453E-01   -9.4992334502E-01   -1.1768024235E-03    1.6535518289E-02   -9.7227287820E-01    3.0461669972E-03    1.2393691968E-03
   -2.3637539595E-02    1.3754323797E+00    4.2237069292E-01   -9.4818752342E-01   -8.0178439509E-05   -6.4202793811E-02   -9.0126160765E-01   -4.2165130327E-03   -1.5677147481E-02
    2.5632508722E+00    1.5624709770E+00    1.8892218293E-01    7.4888831610E-01    5.3893144630E-02    1.5386878392E-01    8.0629302031E-01    4.3821399601E-03    1.3849905311E-01
    1.5474737472E+00   -2.3787698718E+00    1.9182730703E-01    8.2085862288E-02   -6.4694438963E-01    2.4301749905E-01    1.5507121712E-02   -6.9549057926E-01    2.2083249873E-01
    2.9565421791E+00    1.1733592580E+00    4.3456898131E-01    8.0030238366E-01    7.0390130173E-02   -2.9004281615E-02    8.3086865439E-01    6.5288524586E-02   -4.8728021894E-02
    3.0533504528E+00   -9.8711968033E-01    2.1130907161E-01   -8.0252576739E-01    3.5767767810E-02   -1.2821293317E-01   -7.9679955681E-01    4.6557048344E-02   -1.3597696212E-01
   -2.7184768083E+00   -1.8226623977E-01    8.7792645801E-02   -1.6272365176E-01   -3.1910684295E-01   -3.5677675258E-01   -1.6239760886E-01   -3.9677376126E-01   -3.8549698650E-01
   -1.6339638291E+00   -1.5458498670E+00    2.5563016421E-01   -4.5417303233E-02   -6.0627964289E-02    4.9151983793E-01   -5.9960596731E-02   -2.3653373976E-02    4.4932136281E-01
    1.4434471013E+00   -1.3017933346E+00    2.3064728428E-01    1.4490072510E-02    1.9651274945E-01    4.9016885664E-01    1.1691801381E-01    2.5173387043E-01    4.1637569281E-01
   -3.0152539556E+00   -6.8707075218E-01    1.7930744821E-01   -5.8385030988E-01   -8.9227982426E-02   -2.5154243756E-01   -6.0705507338E-01   -9.3982234646E-02   -2.7077487736E-01
   -2.1196091274E-01    3.0506096846E+00    4.7395968168E-01   -5.8479423229E-02    2.2175452628E-01   -3.7984415421E-01   -8.0791067146E-02    1.9055981287E-01   -3.9192928108E-01
   -1.6942051199E+00   -3.4213429385E-01    3.4926270054E-01   -4.8619221551E-02   -8.8191115904E-01    5.9632105662E-02   -3.8512092963E-02   -8.7180147337E-01    4.2353119299E-02
    8.3845672869E-01   -2.7012379768E+00    3.5134696581E-01    2.5970143314E-01   -6.0681384310E-01   -6.8235316234E-02    2.6566293606E-01   -6.2702623505E-01   -1.1527697305E-01
    2.5764830284E+00    1.2164294529E+00    1.7035119622E-02    7.4363530771E-01    2.1555374094E-01    9.7714913394E-02    7.8936222887E-01    1.8518760501E-01    8.2616412633E-02
    2.0833984247E+00   -2.9859519508E+00    1.6097828206E-01   -1.2794279327E-02   -7.7703491561E-01   -8.2008393768E-02   -7.3616923963E-02   -8.3366030273E-01   -1.0150342638E-01
   -6.0583394018E-01    8.9978834585E-01    3.9266460621E-01   -6.3776416669E-01   -3.9919113286E-01   -8.8320542834E-02   -5.9518231481E-01   -3.2732658623E-01   -2.6636931178E-02
    2.0061568038E-01   -1.2334540044E+00    4.7046169571E-01    8.1270862176E-01    1.2589126654E-01   -3.0408970438E-02    8.4167177169E-01    6.0032478334E-02   -2.8929220501E-02
    2.4531936669E+00    1.8341792681E+00    1.6481590158E-01    6.4579975641E-01   -1.0054094177E-01    1.5631273624E-01    7.2145467885E-01   -1.6003647897E-01    1.5720052353E-01
    9.4283216334E-01    1.1997871859E-01    3.5565185781E-01   -6.6315356024E-02    7.6749630971E-01   -2.0331602135E-01   -6.5490308367E-02    7.4824625231E-01   -1.4347953100E-01
    2.2788039542E+00    1.0705913759E+00    3.0613745355E-01    5.0509337900E-01    3.6544297069E-01    1.5484014060E-01    5.3675577297E-01    3.4269835425E-01    1.5353017766E-01
   -6.8227708865E-01    2.7799195571E+00    1.8309838301E-01   -1.9078704319E-01    6.0261102424E-01   -1.9656802767E-01   -2.6475376024E-01    5.6856202096E-01   -2.2174461905E-01
    1.1041075928E-01    1.4525598113E+00    7.7128573991E-02   -9.5822988873E-01    1.5795251708E-02   -2.0274021670E-02   -9.7186371878E-01    1.2798780996E-02   -8.5994083329E-04
    1.5442886861E+00    1.7640826680E+00    2.7171326449E-01   -7.0588617137E-03   -2.2569807346E-01    4.4322905791E-01   -2.4635191414E-02   -1.8186130329E-01    4.3164286557E-01
   -1.0800668077E+00    1.2258451147E+00    2.6615581237E-01   -4.1142065765E-01   -2.8235449845E-01    3.2527067637E-01   -4.2051678832E-01   -2.8278455500E-01    2.9827280762E-01
    1.4292554951E+00   -5.5439481661E-01    2.9224654644E-01    5.0207413241E-02    8.0467041656E-01    1.0176436930E-01    7.0046453980E-02    7.9392923982E-01    1.1442424879E-01
    1.5941729368E+00   -3.0096543659E+00    2.1232351926E-01    1.6996591910E-02   -9.2341172074E-01    2.8033484734E-02   -2.9472018985E-03   -9.4983481564E-01    7.6979381516E-03
   -2.8458481387E+00    2.9562371686E+00    1.3985890320E-01    1.1746458601E-01    2.4939920581E-01   -3.9261128133E-01    1.7143185956E-01    2.7855801893E-01   -4.1657636395E-01
    1.7063925531E+00    2.6592586959E+00    2.7945234838E-02   -6.7754295717E-03   -8.2945807355E-01    7.2653427284E-02    6.2354019136E-02   -8.7289055747E-01    9.7346327153E-02
    1.2393332061E+00    3.5429645459E-02    4.4765087004E-01   -7.0934572326E-03    8.6565212956E-01   -7.4654373386E-02   -1.0540151971E-02    8.6404689318E-01   -4.3745724663E-02
   -2.8812005236E+00    7.5397740519E-01    3.4702002054E-01    6.0727137933E-01   -1.4192482218E-01   -1.9362914300E-01    6.1711543151E-01   -1.7509668531E-01   -2.0241678139E-01
   -1.7509365746E+00    1.1705299550E+00    1.4039086354E-01    2.7542919052E-01   -2.8418420349E-01    3.7550681724E-01    1.6043703622E-01   -3.7274406957E-01    3.8574859071E-01
   -1.1259827577E+00    9.5705681251E-01    5.4789963323E-02   -3.1744932110E-01   -4.6096674633E-01    2.0571344719E-01   -3.4792820588E-01   -5.1421964466E-01    2.3634175521E-01
   -8.3184057858E-01    6.0889949378E-01    3.5812564389E-01   -3.3592366685E-01   -5.9334218400E-01   -1.0553359503E-01   -3.5860083304E-01   -5.6441730491E-01   -5.4799931924E-02
    1.9814190528E+00    5.0025691327E-01    4.8189176498E-01    1.3856435545E-01    7.3413271909E-01   -6.9767677570E-03    1.7387531339E-01    7.3059943937E-01    2.9160819049E-02
    1.0809813487E+00    2.8948444583E+00    4.8452356984E-01   -9.9862647186E-02   -7.1603150083E-01   -4.7964945795E-02   -1.0429847912E-01   -7.7666333651E-01   -6.6595578179E-02
   -2.5780814968E+00    1.7090420191E-01    3.8086767275E-01    1.1736889346E-01   -3.7899034556E-01   -2.9316222701E-01    1.3323220378E-01   -4.8776899457E-01   -2.9442362127E-01
   -1.9698137862E-01   -2.9262233393E-01    2.4076067728E-01    3.0386074614E-01   -2.0663209809E-01   -4.6585402579E-01    2.6958690555E-01   -1.7858103659E-01   -3.9891510005E-01
    7.4721775907E-01    1.9475018167E+00    3.1981856554E-01   -6.1723313357E-01   -1.7904438636E-01    1.1737545563E-01   -6.3987852805E-01   -2.3450703655E-01    1.4366253405E-01
    1.1206548417E+00    1.3819060361E+00    2.4156775578E-01   -4.2414289802E-01    1.2716443362E-01    3.5836840761E-01   -4.0719786053E-01    1.6109059812E-01    3.5200746007E-01
   -7.3414165476E-03    1.3179143815E+00    3.5492519359E-01   -9.5435306687E-01   -3.5680851964E-03   -7.8663557619E-02   -9.0182630353E-01   -1.7109080433E-03   -2.7132969677E-02
    2.0541050531E+00    1.6502504757E+00    1.0779820894E-01    4.4996652007E-01   -7.1189174403E-02    3.5186218245E-01    4.5336487292E-01   -6.8780656042E-02    3.7246027867E-01
   -2.7414636797E+00   -8.5536503232E-01    3.7286490327E-01   -6.1173764571E-01   -2.1482643554E-01   -7.8949412539E-02   -6.4523207746E-01   -2.3715284852E-01   -1.1996549620E-01
    4.8306072029E-01    8.8634735573E-01    3.0615832371E-01   -7.7603566484E-01    3.1307644081E-01   -2.0473603880E-01   -6.4536494319E-01    2.7623057367E-01   -8.1388214086E-02
    2.1132199273E+00    2.4104024979E+00    1.2973346006E-01    2.1112594368E-01   -5.5702556508E-01    4.8551817535E-02    3.3587558983E-01   -6.2120285372E-01    8.5174337751E-02
    2.6962071650E+00   -2.5464302555E+00    6.0225795492E-02   -3.3799248987E-01   -1.8439472998E-01   -2.0588749155E-01   -4.9989181017E-01   -3.5246083456E-01   -2.4409113070E-01
    1.0799496873E+00   -9.2601534415E-01    4.3257382434E-02    3.3633774393E-01    4.9606443462E-01    2.2917532294E-01    3.7349063903E-01    5.2549698519E-01    2.0471628421E-01
   -2.5989831504E+00    1.7306756030E+00    1.2380213321E-01    8.2701659741E-01   -1.6977164486E-02    1.1529890646E-01    8.2476601035E-01    8.0195524399E-02    1.1481900545E-01
   -2.8320434275E+00   -1.1754051993E+00    3.6950634805E-01   -7.6434116269E-01   -1.2092450894E-01    3.2556305158E-02   -8.1636817936E-01   -1.0897535723E-01   -2.3961457582E-02
    2.4561867353E+00    1.9351682754E+00    1.0179396237E-01    6.1743229808E-01   -1.4977747501E-01    1.2407412018E-01    7.0875931954E-01   -2.2102700855E-01    1.3137947839E-01
    6.5276754744E-01    1.2036960486E+00    3.4148665940E-02   -7.9942950323E-01    1.9345559577E-01    5.8824851637E-02   -7.3642937167E-01    2.1651383595E-01    1.1842262219E-01
    1.0681095369E+00   -4.3762455957E-01    1.7621187205E-01    2.1421543285E-01    7.6491707210E-01   -4.5873927398E-02    1.9710356583E-01    7.6622530755E-01   -2.4471121204E-02
    6.9369659444E-01   -2.7556157839E-01    1.2213875808E-01    2.4446463620E-01    6.1649640434E-01   -2.9592491338E-01    2.0415615518E-01    6.0041411768E-01   -2.4624905522E-01
   -2.0410500099E-01    1.4992987433E-01    1.5387744640E-01   -6.2147643482E-02   -2.3070668346E-01   -4.6130637511E-01   -1.4183539721E-01   -1.9434295887E-01   -4.4034737222E-01
   -2.7952309202E+00   -2.4978425086E+00    3.4418963813E-01   -3.5134428553E-01    6.9745205582E-02   -1.9399627088E-01   -5.2700040323E-01    2.5346871889E-01   -2.2852653039E-01
    2.1264259497E-01   -1.0834655312E+00    4.3030858548E-01    7.5746317001E-01    1.4060482942E-01   -9.0198577294E-02    7.9246307279E-01    9.0675878168E-02   -7.3553163822E-02
    6.4007192350E-01   -9.4421551569E-01    4.3627625269E-01    6.0975983288E-01    3.5009919597E-01   -1.1914368024E-02    5.9540631906E-01    3.2095342442E-01    5.4051936424E-03
    6.4961088864E-02   -2.8818282925E+00    2.1163685292E-01    2.4519583388E-01   -6.9917894858E-02   -3.7244519889E-01    2.4568848940E-01   -6.0137433278E-02   -4.2716961340E-01
   -8.2214500174E-01   -2.6715902510E+00    2.3362346105E-01    3.2274180362E-01    5.8024275707E-01   -4.6292343541E-02    2.9418711335E-01    6.2335173772E-01   -1.1757234977E-01
    2.1199572241E+00   -2.8536667867E+00    6.2191235622E-02   -3.7514095473E-02   -7.1131966706E-01   -6.5787714793E-02   -1.4638901990E-01   -8.0774090157E-01   -9.3552962722E-02
    1.0307169613E+00   -2.3530280943E+00    1.5105622888E-01    3.6351185640E-01   -5.7261141153E-01    1.2739603064E-01    3.5389198885E-01   -5.8654867213E-01    1.1238062228E-01
   -1.0426505683E+00    4.8078471143E-01    4.0778973360E-01   -1.7364525766E-01   -6.9183824588E-01   -4.8631632062E-02   -2.1480314261E-01   -7.0584265558E-01   -1.7017419421E-02
   -4.0557428161E-01   -2.9634161403E+00    2.4255330592E-01    1.6204021763E-01    3.4422168193E-01   -3.2348459877E-01    1.5514546489E-01    3.6991315040E-01   -3.6887767110E-01
    1.4111619431E+00   -5.5027013537E-01    3.5736954435E-01    6.1337907416E-02    7.9681929126E-01    9.7353707832E-02    7.7387852871E-02    7.8349629926E-01    1.0755909319E-01
    4.4355008750E-01   -2.0949218854E+00    6.3879975448E-02    7.9052731587E-01   -2.1638498065E-01   -6.2872758949E-02    7.7205834781E-01   -2.1204366370E-01   -3.2307697062E-02
    7.5814333340E-01    1.8565198613E+00    2.3002595252E-01   -6.4053129584E-01   -1.5400313080E-01    1.5647132823E-01   -6.6535110408E-01   -1.8508049272E-01    1.7937194751E-01
   -2.7318469142E+00   -1.2769049037E+00    1.2906409423E-01   -7.9144378723E-01   -1.3452572350E-01    7.9002038828E-02   -8.5552422180E-01   -1.1246047869E-01    3.5513267654E-02
   -2.3875996424E+00   -1.5542434639E+00    2.7476892373E-01   -5.8034545203E-01   -1.1118692210E-01    2.2897680502E-01   -6.8988836075E-01   -1.0724955041E-02    2.0979755157E-01
   -1.3481563260E+00    2.2510643857E+00    4.8841393612E-01   -2.0856268950E-01    5.5151038764E-01    2.6710363133E-01   -1.5568010195E-01    5.5638414676E-01    2.2850084155E-01
   -1.1795143265E+00   -2.1011544265E+00    1.9944650459E-01    3.5237666316E-01    4.3160691567E-01    3.2792456022E-01    3.1611836542E-01    4.4932561543E-01    2.7638571706E-01
   -2.6433470376E+00   -2.0431862275E+00    5.4668904596E-03   -6.1029352635E-01    3.9239922042E-02    1.2675118642E-02   -7.8136567868E-01    2.1720766562E-01    1.0644157018E-02
    2.0550058287E+00   -1.5555483950E+00    1.6622614518E-01   -5.3441548816E-01    4.7140919541E-02    3.6535913683E-01   -4.5023500940E-01    1.3053301398E-02    3.6634780815E-01
   -5.8693432309E-01   -9.5803774208E-01    9.4128278498E-02    6.2752568289E-01   -3.6282248038E-01   -2.5019199514E-02    6.6845201993E-01   -3.1257121082E-01   -1.1587243642E-02
    1.3380071258E+00    8.9843928019E-01    3.7644555810E-01   -2.3822307591E-01    5.4969411917E-01    2.0708034332E-01   -1.6739401152E-01    5.6207967358E-01    2.4036929836E-01
    2.4301832530E+00   -6.5839326962E-01    2.5154478714E-01   -4.6233408450E-01    5.1202814987E-01   -9.9945148217E-02   -4.4070034256E-01    4.9109165417E-01   -9.0139644550E-02
   -2.1137939471E+00    1.7001699289E+00    2.0504330540E-02    5.4805323562E-01    8.2145528414E-02    3.1661746981E-01    5.1028968398E-01    1.1000420591E-01    3.5526018578E-01
    1.7988984173E+00    2.8055572174E+00    1.4527202966E-01    5.6899425413E-03   -8.4289893370E-01    1.1837565609E-02    7.2430107223E-02   -8.9328099629E-01    2.7173496600E-02
   -1.4147367660E+00   -2.6712876277E+00    2.6360982677E-01    1.1030885819E-01    7.6237179445E-01    1.6999879922E-01    6.6815789216E-02    8.3537274085E-01    8.1530884156E-02
    2.8291345320E+00    2.5533302668E+00    3.5003837206E-01    3.5102252313E-01   -1.1735655668E-01   -2.3647119801E-01    4.9234466884E-01   -2.3843629877E-01   -2.5974892080E-01
    3.0235500977E+00   -1.6864962959E+00    1.7082967021E-01   -9.5525059681E-01    1.7649738503E-02    2.7851192577E-03   -9.5326968998E-01   -1.3138789153E-02    2.5337572157E-04
    3.5819964485E-01    1.7933064631E+00    2.6681047885E-01   -8.2494722207E-01   -2.0840849908E-02    6.7178153324E-03   -8.6597544878E-01   -7.3347147600E-02    3.3350527568E-02
   -1.2383373056E+00   -2.9718741093E+00    3.8637164888E-01    7.1942288958E-02    8.2368278607E-01    3.1338112017E-02    5.1025894694E-02    8.6237953881E-01   -3.3409890475E-02
    2.8483564112E+00   -1.6861424544E+00    2.3232942050E-01   -8.9396627418E-01    4.5966621629E-02    5.0119272860E-02   -9.0777615023E-01   -3.1756703339E-02    3.2032975681E-02
    1.3980102183E-01    2.4324917535E+00    2.9328408235E-01   -4.9732668801E-01   -4.6561895807E-03   -2.3886865887E-01   -6.0806489340E-01   -9.9731473732E-02   -2.4748689023E-01
    2.2135835784E+00    4.0714938480E-01    2.4090703627E-01    2.1161672391E-01    6.7990531589E-01   -1.2140413974E-01    2.2620414273E-01    7.0042227174E-01   -9.1950478803E-02
   -2.4603869999E+00    1.7074134596E+00    1.9753332643E-01    7.5148273172E-01    1.8160054633E-03    1.7052574457E-01    7.3976534877E-01    8.2442329229E-02    1.7464654212E-01
    2.6235578453E+00    1.4666629306E+00    2.0688809826E-01    7.7457297742E-01    9.2129871970E-02    1.2938832273E-01    8.2906343918E-01    4.9384696803E-02    1.0788806802E-01
    1.5530156725E+00    1.3902500721E+00    2.8436090192E-01   -9.9213506233E-03    1.4285953129E-01    4.4702611489E-01   -1.6523743705E-02    1.6961276717E-01    4.3171318102E-01
   -2.7756080066E+00   -2.1996133842E+00    1.9258300455E-02   -5.8646004684E-01    3.5727112128E-02   -8.9979809850E-02   -7.5226053397E-01    2.0968517861E-01   -1.0811174190E-01
    2.9131785641E+00   -3.4053758150E-01    3.3344834007E-01   -3.0141707284E-01    1.8120292670E-01   -3.5005043262E-01   -3.0433113723E-01    1.9966087546E-01   -3.6632026854E-01
   -1.4784158434E+00   -2.0976647675E+00    2.8236976582E-01    1.1575327723E-01    4.2080131258E-01    3.8313472192E-01    7.5360488054E-02    4.7319279705E-01    3.2988146202E-01
    2.2905235475E+00   -1.3337441567E+00    4.3623547398E-01   -6.4850595481E-01    2.4044889019E-01    2.4256558785E-01   -5.8721138739E-01    1.6184057958E-01    2.1430980275E-01
    2.1359792723E+00    2.3167589560E+00    1.6103237266E-01    2.6517391023E-01   -5.0007594688E-01    8.3038691738E-02    3.8087523013E-01   -5.5497347580E-01    1.1840194176E-01
    2.7682440220E+00   -2.6641894481E+00    9.8735107543E-02   -2.7736333891E-01   -1.7128927803E-01   -2.6754556132E-01   -4.1945631149E-01   -3.1762035208E-01   -3.1522703014E-01
    1.1442917464E+00   -2.0570567747E+00    1.5571095209E-01    3.6649471311E-01   -4.1169764090E-01    2.8970703989E-01    3.5452433788E-01   -4.1241348930E-01    2.8680304524E-01
    9.4802629546E-01    1.7743343395E+00    3.8149621021E-01   -5.2725291455E-01   -1.3007189121E-01    2.6537659375E-01   -5.2928249315E-01   -1.5212640234E-01    2.6566219310E-01
    2.8723702539E+00    1.2615777005E+00    4.7442321853E-01    7.9528964522E-01    9.0751154851E-02    2.3513533618E-02    8.3513541636E-01    7.3615078011E-02   -9.0411117731E-03
   -2.8496786702E+00   -1.0421713771E+00    2.7605780222E-01   -7.3929992973E-01   -1.3243468099E-01   -2.8109796064E-02   -7.8255000638E-01   -1.3734732536E-01   -7.6805297254E-02
   -2.8107436773E-02   -2.1242708157E+00    4.0748971880E-01    8.2043501622E-01    2.0811514415E-02   -8.5175367088E-02    7.8381295947E-01    1.3616435760E-02   -1.1703764027E-01
   -2.6357363092E+00    7.6952805169E-01    4.7198181271E-01    5.5456270226E-01   -2.7216888716E-01   -1.3159181209E-01    5.5382832517E-01   -3.1667797379E-01   -1.1635801878E-01
    1.7373073756E+00    7.2361281715E-01    2.6899098144E-01    7.7896825721E-02    7.0513426720E-01    1.4881803162E-01    1.0398994791E-01    7.0034424694E-01    1.8449254982E-01
   -2.3678105706E+00    1.9610233672E+00    2.1906057941E-01    5.5124127837E-01    1.6944574977E-01    1.3361289146E-01    6.3314441299E-01    2.5444414430E-01    1.5742441979E-01
    2.8577624147E+00    7.5042063506E-01    3.4952973054E-01    5.7625808591E-01    1.6491420863E-01   -1.9020307866E-01    6.1045995114E-01    1.9098895450E-01   -1.9848120852E-01
   -2.5878604387E+00   -2.0197012688E-02    2.5144663189E-01   -2.6255261575E-02   -3.9204519392E-01   -3.1261078551E-01   -1.6335264705E-02   -4.9997193146E-01   -3.2693560874E-01
   -2.6510757141E+00    2.4486251922E+00    7.5105755568E-02    3.7743271792E-01    2.3259518016E-01   -1.7672296190E-01    5.5509790018E-01    3.5702523148E-01   -1.7951850129E-01
   -2.1651509861E+00   -8.7706352788E-01    9.4269576279E-02   -4.2717391680E-01   -5.1478893544E-01    1.3470583637E-01   -4.2250292703E-01   -5.1986450985E-01    1.3365476308E-01
   -1.1806181451E+00    7.1013041243E-01    8.1661762291E-02   -2.0625915849E-01   -6.2069767435E-01    1.0466432211E-01   -2.4394772845E-01   -6.8992514017E-01    1.3566905500E-01
   -1.9904255184E+00   -2.6588182702E+00    3.2024133518E-01   -5.6534687728E-02    6.1085453531E-01    6.6661126921E-02   -1.7740646005E-01    7.5868391656E-01    2.1785091252E-02
    4.5501403974E-01   -1.0773031283E+00    1.6425407388E-01    7.5929156935E-01    2.2900050059E-01   -2.4713504281E-02    7.6551287861E-01    2.0145372484E-01   -1.4635334358E-02
   -1.5079090788E+00    2.0187063752E+00    3.8887273456E-01   -1.1438789191E-01    4.1678166655E-01    3.7863723183E-01   -5.2407654135E-02    3.9988437223E-01    3.4601141618E-01
   -6.3431003356E-02   -6.8363332624E-01    3.7541382963E-01    5.4053123758E-01   -5.0667007178E-02   -3.3356935319E-01    5.8474897544E-01   -4.5589258824E-02   -2.5689842758E-01
    2.4295232896E+00    2.7816469417E+00    2.2038884146E-01    1.0605655530E-01   -4.6532071671E-01   -1.9745204240E-01    2.5513962176E-01   -5.8515965648E-01   -2.0555857519E-01
    2.0036307929E+00   -3.6912574668E-01    3.2059941972E-01   -1.5351454567E-01    8.1612373131E-01   -6.6923880452E-02   -1.4193694736E-01    7.9405289128E-01   -2.0125246392E-02
   -2.2733632058E+00   -1.1727394200E+00    2.8928981688E-02   -5.6604940023E-01   -3.2062285205E-01    2.1928833726E-01   -5.9222152583E-01   -2.9412552003E-01    2.1361257687E-01
    1.1024864803E+00   -2.3129201230E+00    2.6318691191E-01    3.3163169099E-01   -5.5194425463E-01    1.8282020661E-01    3.1562326408E-01   -5.7216321843E-01    1.5277801309E-01
    1.1834931364E+00   -1.8311543630E+00    3.5294344699E-01    3.3922002016E-01   -2.2608334400E-01    3.8986219138E-01    3.4008961665E-01   -2.2211385926E-01    3.4346123767E-01
    2.5103370267E+00    2.4763114647E+00    3.1493423602E-01    3.0278794903E-01   -3.0980662299E-01   -1.1228667887E-01    4.6790281723E-01   -4.3596048191E-01   -1.1931976134E-01
   -2.3107840590E+00   -2.2595398950E+00    4.4874772351E-01   -2.8636044924E-01    2.1715735469E-01    5.8796870477E-02   -4.7588774171E-01    4.2906287067E-01    5.9083934215E-02
    2.6973217543E+00    3.3480827011E-01    1.7167504165E-01    2.6405954253E-01    3.4691354482E-01   -3.1611238267E-01    2.8667620331E-01    3.9223312901E-01   -3.3018090023E-01
    4.8222849699E-01    2.4637552463E+00    4.5960168620E-01   -4.4395749596E-01   -2.3005816996E-01   -1.6857411480E-01   -5.0680293450E-01   -3.2950852549E-01   -1.6294588441E-01
   -2.5308677714E+00   -1.1660668570E+00    3.4514256793E-01   -6.4175791083E-01   -2.3800286628E-01    1.2143667209E-01   -7.0281778042E-01   -2.1075033266E-01    7.5695531963E-02
   -9.5299621375E-01    1.5149762094E+00    4.0236591165E-01   -5.4583166887E-01   -8.7373919126E-02    3.3720740630E-01   -5.3362358232E-01   -4.1961998486E-02    2.8152228979E-01
   -2.9099302680E+00   -2.2845415735E+00    3.4687665832E-01   -5.5321374529E-01    8.9796635303E-04   -1.3845586170E-01   -6.8641111571E-01    1.4023509695E-01   -1.6359050127E-01
    6.9962235981E-01   -2.5336439687E+00    2.9545321045E-01    4.0916459225E-01   -4.8294178074E-01   -8.7251067322E-02    4.1193045428E-01   -4.9822302852E-01   -1.1511126046E-01
    1.1699928565E+00   -2.2294160302E+00    1.2495924449E-01    3.1832970406E-01   -5.3944122766E-01    2.3301880184E-01    3.0093616616E-01   -5.4961254214E-01    2.2506497714E-01
   -3.7736738228E-01    1.0336098959E+00    3.8616840873E-02   -8.5735397067E-01   -2.2863278728E-01   -9.6082969377E-02   -7.9255522600E-01   -1.8710529722E-01   -6.2076059988E-02
   -1.8801173330E+00   -2.3124122571E-01    1.1844614727E-01   -7.9561496610E-02   -8.6669764401E-01   -1.4638403577E-02   -6.8133617682E-02   -9.0548018760E-01   -1.9141506328E-02
    1.3707079736E+00    1.0146866218E+00    4.5360573032E-01   -2.2293286366E-01    4.6307632532E-01    2.6102336243E-01   -1.5416623394E-01    4.7248534688E-01    2.8434671189E-01
   -2.5809033484E+00    6.2975930782E-01    1.9386837306E-01    4.8268802371E-01   -3.4104671683E-01   -1.8025947127E-01    4.7980612789E-01   -4.1341578486E-01   -1.7136161539E-01
   -2.6468286114E+00   -4.4111912372E-01    2.6459791214E-01   -3.4618987306E-01   -3.3057946549E-01   -2.4594116394E-01   -3.5638435053E-01   -4.0723981050E-01   -2.6638693874E-01
    1.8120103441E+00    3.0159632967E+00    7.9287032073E-02   -1.9850453105E-03   -9.1753544487E-01   -3.5381316350E-02    2.9460776457E-02   -9.4823938415E-01   -2.0036644945E-02
   -2.2126525597E+00   -5.7470341384E-01    1.5905895258E-02   -3.4221294507E-01   -6.1976216150E-01   -4.3049358109E-02   -3.2440215390E-01   -6.7017497695E-01   -3.1268463235E-02
    2.5120989241E-02    8.7188350439E-01    2.2058872364E-01   -8.3494975418E-01    2.2988216718E-02   -2.6776574000E-01   -7.3227118661E-01    1.5463308789E-02   -1.8920399042E-01
    1.1260506563E+00    2.8167343419E+00    3.5750524632E-01   -1.2271009745E-01   -7.3421514533E-01   -2.0166369481E-02   -1.2784232837E-01   -7.9647039430E-01   -3.6067306036E-02
    1.1876327198E+00   -1.6733284024E+00    1.4823271756E-01    3.3938650817E-01   -1.1947433304E-01    4.2090721069E-01    3.6102959792E-01   -9.2157529860E-02    4.0041763898E-01
   -2.3575802003E-02   -4.6086870893E-01    3.9762455801E-01    4.2561603649E-01   -4.3508972101E-02   -4.3931785624E-01    4.1061510785E-01   -1.9500032843E-02   -3.4189067309E-01
    2.9856312458E+00    7.8512778455E-01    3.2802110691E-01    6.2391264735E-01    8.1774474050E-02   -2.1058887721E-01    6.5399218917E-01    1.0288828615E-01   -2.0879702372E-01
   -2.0069057678E+00    2.2405358429E+00    2.6120052892E-01    1.4558839851E-01    5.1010119858E-01    1.6564834319E-01    3.1431123346E-01    5.3403806614E-01    1.9646037946E-01
    2.3082035874E+00   -2.0770184041E+00    1.6552978082E-01   -4.7018550216E-01   -2.0301639144E-01    1.2913820474E-01   -5.6889491511E-01   -3.4722500051E-01    1.4638542424E-01
   -2.5316456471E+00   -1.5381304204E+00    4.9305826189E-01   -6.2280547835E-01   -1.1920707934E-01    1.6660875481E-01   -7.4230986189E-01   -1.6951658715E-02    1.3425959920E-01
    2.3526081518E+00   -1.9076914900E+00    1.0207365115E-02   -6.1861868707E-01   -1.0566374906E-01    1.6248688282E-01   -6.6360338995E-01   -2.3409845143E-01    1.9635538186E-01
   -2.2886733790E+00    1.5788499207E+00    2.3880373777E-01    6.7994039619E-01   -3.2412247590E-02    2.5167647565E-01    6.2708883298E-01    5.7830286851E-03    2.5778698153E-01
    2.2153526622E+00    2.4809992384E+00    4.1418484205E-01    2.0505208882E-01   -4.9344650579E-01   -8.5327915703E-03    3.3936034629E-01   -5.8102249111E-01    6.5556844017E-03
    5.3846787587E-01    2.7601391545E+00    3.2025402411E-01   -2.4056326674E-01   -3.8279052227E-01   -2.5187903355E-01   -2.9976365121E-01   -4.4643205277E-01   -2.6323834728E-01
   -5.0670318465E-01    4.0401334419E-01    5.7748775888E-02   -3.2820738087E-01   -4.7902950544E-01   -3.0551937919E-01   -3.3976991544E-01   -4.4110222203E-01   -2.9801081132E-01
    1.8779499847E-01   -1.6754810949E+00    4.7519583222E-01    9.0261407638E-01    4.5894757264E-02    2.5003856432E-02    8.8845900961E-01   -1.7739578405E-02    9.8960208145E-03
   -2.8874372553E-01    1.4382462209E+00    3.6322504866E-01   -9.0275950356E-01   -5.5023344428E-02    3.9657891624E-03   -8.8361435892E-01   -3.4996067224E-02    2.7506067726E-02
   -2.3445002103E+00    1.7995774915E+00    3.1852761240E-01    6.1281338204E-01    8.8873895440E-02    1.9282714914E-01    6.3857689947E-01    1.5221692748E-01    2.0259960654E-01
    2.1003357912E+00   -2.5456693530E+00    2.2105990113E-01   -1.1257164599E-01   -5.4876952021E-01    4.7526606366E-02   -2.7125734637E-01   -6.8338643936E-01    2.7399499800E-02
   -1.3037277615E+00   -9.9040105811E-02    4.8257424656E-01    3.1177688293E-02   -8.7619624627E-01   -1.8035688824E-02    2.3693691232E-02   -8.7151486582E-01   -2.4679710207E-02
    1.1806239009E+00    1.6451819830E+00    1.5567117364E-01   -3.4953652446E-01   -1.0603251989E-01    4.1904959571E-01   -3.6766894424E-01   -6.6624725789E-02    3.9925489026E-01
   -2.7033044180E+00   -1.0379481270E+00    1.1319232292E-01   -7.1602232941E-01   -2.0408383672E-01    1.4119481988E-03   -7.6248869315E-01   -2.1075970673E-01   -3.7247572790E-02
   -1.5008836235E+00   -1.0466256446E-01    8.3769178765E-02    2.1016088741E-02   -9.7569058840E-01    2.9622736520E-02    7.1766924623E-03   -9.7561535141E-01    2.9178165230E-03
    1.4573671022E+00    1.5032275607E+00    1.4963996049E-01   -8.7466158932E-02    2.0589840843E-02    4.8001531479E-01   -1.0959823664E-01    6.5105554555E-02    4.6276982525E-01
    1.8334631511E+00    2.5790227978E+00    1.0964396206E-01    4.7437392708E-02   -7.5366221889E-01    7.0709061808E-02    1.3548713874E-01   -7.9915603246E-01    1.0386970526E-01
    2.3488884079E+00    1.1865606009E+00    4.4568912788E-01    5.5537577440E-01    2.7062719276E-01    1.7456598925E-01    5.9524573677E-01    2.4421997518E-01    1.5344991283E-01
    1.0274856869E+00    1.3462230116E+00    3.6609265994E-02   -5.1201065570E-01    1.3967797148E-01    3.3218434916E-01   -5.0031446934E-01    1.8923278858E-01    3.3660862110E-01
    5.1424112886E-02    1.5332259916E+00    2.5979831730E-02   -9.4716240264E-01    1.3235584148E-02   -8.1812702473E-03   -9.9280133506E-01    1.9207095540E-03    6.0925718471E-04
    2.2383784820E+00    1.2291636486E+00    3.0113544809E-01    5.2435274581E-01    2.7434903859E-01    2.3052217443E-01    5.4921706398E-01    2.4772460948E-01    2.2361809163E-01
   -1.1527657518E+00    2.3670520146E-01    1.7069231323E-01   -5.6001357665E-02   -8.3386957456E-01   -4.9284359501E-02   -9.2003269148E-02   -8.5859019424E-01   -5.1283213709E-02
    2.2658961023E+00    8.8327305425E-02    3.5474891649E-01    5.1046510393E-02    6.9049025647E-01   -1.9430626114E-01    5.2627221640E-02    7.1260034223E-01   -1.7458736263E-01
   -8.9402115862E-01    2.4754939871E+00    3.3126626881E-01   -2.9780135309E-01    6.1289736563E-01    2.9578930119E-02   -3.6218565315E-01    5.7365482282E-01   -4.5547477524E-03
   -2.3748883048E+00    3.5192137094E-01    4.4171486639E-01    2.1847303989E-01   -4.9780460476E-01   -1.9693309393E-01    2.2726403883E-01   -5.9618117324E-01   -1.6755409371E-01
    1.2543657927E+00    1.5834326117E+00    2.3474334217E-02   -2.8358492259E-01   -6.6955887135E-02    4.6506409922E-01   -3.0969406623E-01   -1.1952354926E-02    4.4728515319E-01
   -2.0038051961E+00   -2.9284952481E+00    1.5748359452E-01   -2.0277615259E-03    7.5338164598E-01   -2.3563466484E-02   -8.5989789255E-02    8.5966783474E-01   -6.1660882052E-02
    1.2446783935E+00    1.7518938982E+00    3.9283404333E-01   -2.8497567119E-01   -1.6832905313E-01    3.9407404405E-01   -2.9131784586E-01   -1.5772459543E-01    3.6957806248E-01
   -2.2787327949E+00   -2.5273465926E+00    3.5064741375E-01   -1.6384958809E-01    3.7532087574E-01   -1.4926207874E-02   -3.4939435200E-01    5.7879004251E-01   -3.9405213467E-02
    9.3612982731E-01   -1.0957213361E+00    2.2591089335E-01    5.0089010425E-01    3.5059501940E-01    2.3319330269E-01    5.0395719694E-01    3.5206260838E-01    2.0064420657E-01
    3.1937470589E-01    5.1989117441E-01    3.4875261615E-01   -4.8216753299E-01    3.1004264981E-01   -4.0478229259E-01   -4.3988651273E-01    2.5413019203E-01   -2.8469381459E-01
    2.2123602389E-01   -1.9010034859E+00    1.0123505922E-01    9.2931663970E-01   -6.7130537633E-02   -4.0792352718E-02    9.0442046104E-01   -6.9723527524E-02   -2.7358847954E-02
    2.8148617864E+00    1.5012570844E+00    1.6406086077E-01    8.5443794227E-01    6.1376232317E-02    6.2857978449E-02    9.1430950896E-01    2.1580682242E-02    4.5971960632E-02
   -1.8223753189E+00   -2.4975587529E+00    1.4571067737E-01   -4.2796912252E-02    6.2164170787E-01    1.8446921061E-01   -1.4517330712E-01    7.5226165890E-01    1.4082031049E-01
   -1.1967627490E+00   -1.4518556833E+00    2.0938513342E-01    3.4683486914E-01   -1.2384052511E-01    4.3618766585E-01    3.4791277553E-01   -1.0592629058E-01    3.9196820327E-01
   -5.3967453517E-01    5.2036550742E-01    1.3531838710E-02   -4.4067916083E-01   -4.7688930037E-01   -2.5361783007E-01   -4.2538081855E-01   -4.4463646302E-01   -2.4305385899E-01
    1.9538866298E+00    2.1119456953E+00    4.3612928399E-01    2.4223033999E-01   -4.3548040619E-01    2.3237746267E-01    2.9361922358E-01   -4.3787323125E-01    2.4984686661E-01
   -2.6127456499E+00    4.2347837483E-01    1.6926103126E-01    3.3212406563E-01   -3.5396050191E-01   -2.6742588358E-01    3.4298647678E-01   -4.4465946211E-01   -2.6941497069E-01
   -1.9918633620E-01   -1.6515011398E-01    2.6625006911E-01    2.2386843746E-01   -2.2325822218E-01   -4.8668308740E-01    1.5279310454E-01   -1.8505807766E-01   -4.1974009090E-01
    1.8060988021E+00   -6.2531570386E-01    4.2249170149E-01   -1.7362813080E-01    7.6723690552E-01    9.1304405736E-02   -1.2541005034E-01    7.2455194825E-01    1.2173024991E-01
    2.6213583744E+00   -1.2042904007E+00    4.3020136421E-01   -7.6452136544E-01    2.3612201353E-01    8.9328245710E-02   -7.4328967104E-01    1.6344689865E-01    4.9956157018E-02
   -1.5906320614E+00   -1.7229427326E+00    3.3849819439E-01    8.3567575051E-03    9.3430244925E-02    4.6801657710E-01   -1.8321966171E-02    1.4161127500E-01    4.2648094683E-01
    1.7084610454E+00    1.3268967655E+00    1.7389999704E-01    1.4266232137E-01    2.1753414866E-01    4.2960218536E-01    1.2861679560E-01    2.3102741980E-01    4.3041967432E-01
    1.2264749912E+00    2.5013019178E+00    4.0133647372E-01   -1.9271233728E-01   -6.3110494629E-01    1.0511166331E-01   -1.8611213227E-01   -6.9663099231E-01    1.0346974398E-01
   -2.6035043859E+00   -2.1417598264E+00    4.2064278444E-01   -4.7099618502E-01    5.6032818218E-02   -3.2401091848E-03   -6.6419003990E-01    2.5462628132E-01   -1.2434969194E-02
   -2.5865287604E+00    1.7172756656E+00    4.5694896310E-01    7.6223709813E-01   -5.9258490585E-03    1.2407116435E-01    7.6733472989E-01    7.0200590240E-02    1.0679411304E-01
   -3.4549624949E-01   -2.8342082804E+00    8.1586338671E-02    2.8694338544E-01    2.8994762839E-01   -3.2894536027E-01    2.8007960545E-01    3.1756556992E-01   -3.8413724094E-01
   -6.9594491801E-01   -1.5139605614E+00    2.8299772675E-01    7.4739446391E-01   -5.9083087135E-02    2.0134998836E-01    7.2404640028E-01   -3.4414396790E-02    1.8207554106E-01
    2.4194764805E+00   -8.1513177720E-01    3.6545776463E-02   -5.7987385960E-01    4.7647213013E-01   -2.5416771382E-02   -5.4218201002E-01    4.4997688542E-01   -1.6456214523E-02
    2.4352861514E+00   -2.3716777768E+00    9.0748036913E-02   -3.4546849427E-01   -2.7324797061E-01   -3.9372516100E-02   -5.2002390560E-01   -4.5760169805E-01   -4.5441721689E-02
    1.0116486510E+00    2.1379491747E+00    2.2940575284E-01   -4.0672871045E-01   -3.9395416220E-01    1.7874587789E-01   -4.2734730491E-01   -4.3499340713E-01    1.9614418744E-01
    1.7913305590E+00   -9.5091256223E-01    3.5462562138E-01   -2.6604432767E-01    5.5294495340E-01    2.7931697121E-01   -1.6586056487E-01    5.2805789509E-01    2.6668427978E-01
   -1.3668079116E+00   -1.4765590422E+00    3.5271086866E-01    1.8976231410E-01   -1.2150993003E-01    4.7161434341E-01    1.8794121961E-01   -8.5870610368E-02    4.1254464955E-01
    2.9435639723E+00   -1.9505475275E+00    2.3686418351E-02   -8.8377862175E-01   -9.2926946263E-03   -5.3605842184E-02   -9.0630196326E-01   -7.2583628104E-02   -4.8887223363E-02
   -2.7161873569E+00    2.3443621429E+00    2.0097542256E-01    4.7240721604E-01    1.6105694556E-01   -1.4175826984E-01    6.2598514667E-01    2.7698255743E-01   -1.4665168002E-01
    1.0683145117E+00   -5.0199515549E-01    1.0961644632E-01    2.3238044651E-01    7.4388503689E-01   -1.6358023502E-02    2.2670999825E-01    7.5160516535E-01   -1.9653251299E-04
   -8.4299185377E-01   -2.7252248286E+00    6.6059627711E-02    2.8283580593E-01    6.3537613625E-01   -7.7849237353E-02    2.6551601365E-01    6.7388466902E-01   -1.3584307953E-01
   -2.9348654661E+00    9.9862175971E-01    1.4974672071E-01    7.9857854265E-01   -1.0171518748E-01   -1.0024536782E-01    7.9854703340E-01   -1.0786004912E-01   -1.1822687832E-01
    1.4477041600E+00    1.9694873243E+00    4.0793414225E-01   -1.0320877680E-01   -3.6706500902E-01    3.6191166280E-01   -1.0428665671E-01   -3.5508975005E-01    3.5430969220E-01
   -2.7870952520E+00    1.2926218162E+00    4.3285662152E-01    8.5325513956E-01   -1.1294427166E-01    4.6554806886E-02    8.2698601861E-01   -8.7414363813E-02    1.8959080648E-02
   -1.2604114287E+00   -1.4822969299E+00    2.3519499155E-01    2.9032442687E-01   -9.8052814241E-02    4.5930643948E-01    2.9025057390E-01   -8.0293425945E-02    4.0909638549E-01
    2.9719070398E+00    2.1156875436E+00    3.0371133357E-01    7.1058688732E-01   -1.7455953449E-02   -9.6290949107E-02    7.9322569031E-01   -8.2372278013E-02   -1.0633587098E-01
   -5.1199683243E-01    4.6112015975E-01    3.4188289991E-01   -3.1604398790E-01   -4.7153165085E-01   -3.1022310023E-01   -3.6225805937E-01   -4.0975173218E-01   -2.4508302997E-01
   -2.2662139358E+00   -6.7363856554E-01    6.5728067645E-02   -4.0226003595E-01   -5.5091733943E-01   -1.5314766894E-02   -3.9447433490E-01   -5.9223202093E-01   -1.0391016525E-02
   -2.3956709437E+00    2.7521572238E+00    1.2979164912E-01    9.2746037791E-02    5.4029792410E-01   -1.8478403890E-01    2.7170529033E-01    6.1174641320E-01   -1.8764528887E-01
    2.0178613285E+00    2.4815821524E+00    1.7804933055E-01    1.4246957439E-01   -6.3042530976E-01    5.1860535107E-02    2.5579387792E-01   -6.8742566201E-01    8.8013646416E-02
   -1.6140224064E+00   -1.3019263937E+00    1.5693298342E-01   -5.0685118156E-02   -2.8391518662E-01    4.7795163039E-01   -4.0372803279E-02   -2.5719355497E-01    4.3556523200E-01
   -1.1507326150E-01   -1.2702463467E+00    1.5491762097E-01    9.0529144480E-01   -2.4101167130E-02   -4.2126417104E-03    9.1990850365E-01   -3.2954757973E-02   -3.4992746006E-02
    2.9326292572E+00   -7.9460948047E-01    1.0896929760E-01   -6.8046787062E-01    1.2619283008E-01   -1.9804093610E-01   -6.8301798906E-01    1.4219604718E-01   -2.1432898633E-01
   -2.6603540337E+00    1.4653219834E+00    1.6714286843E-01    8.9136654613E-01   -1.0429785203E-01    1.1161543900E-01    8.5251611096E-01   -4.7129136964E-02    9.5016269292E-02
   -1.4795492874E+00    3.7910835467E-01    9.6972692368E-02    1.7775900777E-02   -8.3934364186E-01    6.3088480272E-02   -3.3075243142E-02   -9.0736066114E-01    6.1885050939E-02
    9.5701597468E-01   -3.0618375247E+00    4.2560824550E-01    3.1235395868E-02   -7.3928866553E-01   -1.0546141372E-01    4.2142860857E-02   -7.4838437813E-01   -1.3722443174E-01
   -1.8632606141E+00   -5.5210667547E-01    2.7854471996E-01   -1.6179294691E-01   -7.7701017050E-01    9.3396929054E-02   -1.4302119038E-01   -7.7109124344E-01    8.5859078513E-02
   -1.0598551903E+00   -2.0802577800E+00    8.5440300469E-03    4.5188333828E-01    4.2558360706E-01    2.7266122320E-01    4.2617030376E-01    4.2469314734E-01    2.6061892503E-01
   -2.7037359211E+00   -4.2103363461E-01    2.1941387348E-01   -3.4219570246E-01   -2.9895651045E-01   -2.7540960088E-01   -3.5425603555E-01   -3.7035609354E-01   -2.9915101445E-01
    2.9997932591E+00    4.7794964825E-02    6.8281867511E-02    3.4108290544E-02    1.1839842143E-01   -4.5648207077E-01    4.6655730477E-02    1.3924861445E-01   -4.7570060809E-01
    1.9538258773E+00   -4.0754718548E-01    3.9382010832E-01   -1.5505970575E-01    8.1773865254E-01   -3.6491771340E-02   -1.3691216140E-01    7.8706806368E-01    7.4424157899E-03
    1.5866765976E+00   -2.1443149272E+00    1.5123839554E-01    3.1819118670E-02   -4.9844250820E-01    3.3399822681E-01   -1.2941392031E-02   -5.2635825048E-01    3.3196894561E-01
   -1.6863362286E+00   -1.8683390489E+00    3.2181424768E-01   -5.7390960314E-02    2.0478819366E-01    4.2526912575E-01   -1.0334700961E-01    2.7306401693E-01    3.9598095480E-01
    9.0521404927E-01   -1.0540297590E+00    2.6106187846E-01    5.1209973671E-01    3.7247931878E-01    1.9626630720E-01    5.0956993301E-01    3.6884564531E-01    1.6871241588E-01
    1.7687911756E+00   -2.8311441168E+00    4.7889945540E-01    2.1017063096E-02   -7.9040024492E-01    7.4734384538E-02   -5.4601797204E-02   -8.4832284786E-01    2.2552846915E-02
   -3.0437700782E+00   -1.1670006327E+00    9.2903485879E-02   -8.7120399234E-01   -3.3704607679E-02   -4.7524006573E-02   -8.9833225114E-01   -3.7667914491E-02   -6.9778524070E-02
   -4.7356084102E-01    2.6792301814E+00    2.8757871292E-01   -2.7213949366E-01    4.4512671242E-01   -2.4009400560E-01   -3.7478635892E-01    3.8535859663E-01   -2.6429871608E-01
   -1.4717365875E+00   -1.7282916010E+00    1.5300005822E-01    1.0700483090E-01    1.3931027086E-01    4.8982601459E-01    9.4730221750E-02    1.5137246108E-01    4.5414749091E-01
    2.8451989437E+00    2.9370541310E+00    4.9269105900E-01    7.5186632460E-02   -1.7031838968E-01   -3.4611255921E-01    1.7602965655E-01   -2.5914825196E-01   -3.5860193442E-01
    4.1817096047E-01   -1.1872911922E+00    4.4850168430E-01    7.6700557299E-01    2.0237991426E-01    5.1056265190E-03    7.7474428704E-01    1.3891155673E-01    1.0406685206E-02
    6.4116216597E-01   -2.1973005437E+00    2.3815375777E-01    6.3357047647E-01   -3.1828255627E-01   -4.2028711906E-03    6.1900368293E-01   -3.3437968332E-01    6.3590122785E-03
    1.4773007057E+00   -2.2722308279E+00    4.5824648529E-01    1.1802042653E-01   -5.5159780884E-01    2.9979312250E-01    6.5073161192E-02   -5.8622924768E-01    2.3928842743E-01
    1.6206885671E+00    4.1293059046E-01    3.0159649889E-01    4.7004880155E-03    8.5058071176E-01    3.8851462787E-02    1.8841720930E-02    8.6125958574E-01    7.0266069030E-02
    2.7200900141E+00   -2.7375322407E+00    2.6283565811E-01   -2.0121791843E-01   -2.0735375667E-01   -2.5756175521E-01   -3.4037312745E-01   -3.5692130945E-01   -3.0518709352E-01
    1.6602399899E+00    1.1340651637E+00    1.3593248600E-01    8.0940429108E-02    4.0541609577E-01    3.7343117879E-01    7.8769538674E-02    4.0998980035E-01    3.8503928812E-01
    1.7067301948E+00    1.4881739149E+00    4.9255744434E-01    1.1805109057E-01    5.7218404833E-02    4.2441190687E-01    1.2238334906E-01    7.4096172715E-02    4.0024920702E-01
   -3.0637748545E+00    1.9787327675E+00    2.9874875555E-01    8.5927184060E-01    6.7073807397E-03   -5.5913276544E-02    8.6208421487E-01    2.9051677017E-02   -6.7146932980E-02
    1.6707731602E+00    1.2445772705E+00    3.8575858272E-01    7.2437193373E-02    2.9045637126E-01    3.8595593741E-01    8.7526312683E-02    2.9518773264E-01    3.8023085042E-01
   -1.5732546640E+00    2.3627160387E+00    2.4833703606E-01   -8.7058692893E-02    6.8612617594E-01    2.3099079187E-01    1.6432548468E-03    6.7721612512E-01    2.2340478967E-01
    2.8768890424E+00   -2.9413821189E+00    4.0557350677E-01   -1.1905449159E-01   -1.5248186377E-01   -3.4457704164E-01   -1.7699370864E-01   -2.3642077898E-01   -3.7921052541E-01
    1.1959883727E+00    2.1423559899E+00    7.9652660999E-02   -2.8970256249E-01   -4.8948204764E-01    2.6188519158E-01   -3.0304000383E-01   -4.9543524862E-01    2.7768732812E-01
    4.1145507583E-01   -2.9000790807E+00    3.6662343204E-02    2.2169221698E-01   -3.8342063285E-01   -3.4226495588E-01    2.1760968644E-01   -3.8549881529E-01   -3.8572261280E-01
   -8.8072875940E-01    1.0969409334E+00    2.6456386895E-03   -5.7078912132E-01   -3.6346823528E-01    1.5838082314E-01   -5.6614744645E-01   -3.5172939441E-01    1.9305853464E-01
    2.6452332754E+00    2.6651543202E+00    1.2643894274E-01    2.2562342494E-01   -2.6863468212E-01   -2.4393488538E-01    3.9320215017E-01   -4.1262446725E-01   -2.6755892851E-01
    9.8970696694E-01    1.8641271445E+00    1.6861495255E-01   -4.8537779048E-01   -2.3290856812E-01    2.8252352182E-01   -5.0806213326E-01   -2.3366961800E-01    2.8747573478E-01
    1.8103176271E-01   -2.9590965940E+00    9.7772043936E-02    1.8040569579E-01   -1.7744672043E-01   -4.0108524742E-01    1.7506207976E-01   -1.7362613876E-01   -4.4939991742E-01
    2.6635613482E+00   -7.2151535322E-01    1.2384711080E-01   -5.7796596573E-01    3.3700833161E-01   -1.5388219079E-01   -5.7213170350E-01    3.3694453483E-01   -1.6753150249E-01
   -1.8986886959E+00    2.2809579171E+00    1.1075603148E-01    9.0848502303E-02    5.9132113633E-01    1.8529474270E-01    2.3884555571E-01    6.0370026447E-01    2.2540826279E-01
   -2.7180772804E+00    1.2741393774E+00    3.6532524712E-01    8.4472918001E-01   -1.3641771023E-01    5.9700934414E-02    8.1039947581E-01   -1.1167133731E-01    3.6048276086E-02
   -1.5786923925E+00   -7.3703513655E-01    2.3115848960E-01   -3.0294399002E-02   -7.6024898898E-01    2.3560749703E-01   -5.0670950703E-03   -7.0698877940E-01    2.0588072122E-01
   -2.4763043075E+00    1.9701194618E+00    2.6213638813E-01    6.0570261354E-01    1.2963218617E-01    9.0586569798E-02    6.8781915007E-01    2.2773932403E-01    1.0349862679E-01
   -1.6343396005E-01    8.9714854978E-01    6.5962561663E-03   -8.6258184814E-01   -1.1585651671E-01   -2.1140617827E-01   -7.7011992396E-01   -1.0136971067E-01   -1.8087412207E-01
   -1.5751365645E+00    2.2877648764E+00    4.8755875459E-02   -7.3688399075E-02    6.6702013748E-01    2.5616038741E-01    3.2399184234E-03    6.5072007166E-01    2.7861176418E-01
    5.3593792506E-01   -1.0473641275E+00    2.6064512828E-01    7.0902874000E-01    2.7408107621E-01   -6.5134410313E-03    7.0684706965E-01    2.4228509358E-01    4.9127987265E-03
    1.5745724862E+00   -1.6475478098E+00    7.8604380855E-02   -8.3686845456E-02   -1.2114632703E-01    4.9321196804E-01   -3.7063067989E-03   -7.5479621964E-02    4.8166816352E-01
    3.0234797835E+00   -2.8501003407E+00    4.6715255538E-01   -2.1720119170E-01   -4.7440615446E-02   -3.4720126244E-01   -2.5992416062E-01   -1.0279991106E-01   -3.7476396440E-01
    4.2763804945E-02   -1.7848484421E+00    2.9239914234E-01    9.4939899658E-01    1.6098794831E-02   -1.6260387859E-03    9.2082916951E-01   -8.5653379049E-03   -1.9258147172E-02
   -6.1515572414E-01    1.4128180215E+00    2.5996995602E-01   -7.7733361719E-01   -1.3689258428E-01    1.3983250984E-01   -7.6565135898E-01   -8.6188456103E-02    1.3891549941E-01
    6.8460057174E-01    1.8812580530E+00    1.8366439997E-01   -6.7583576669E-01   -1.5068107052E-01    1.1390779204E-01   -7.1103275611E-01   -1.8621850218E-01    1.4242033017E-01
   -1.4155289462E+00   -9.9755689869E-01    2.5484925401E-01    9.6915757281E-02   -5.7025971199E-01    3.5706100776E-01    1.2346786583E-01   -5.0920512898E-01    3.0792210910E-01
   -2.6410017813E+00    1.6106602614E+00    4.5452231738E-01    8.1703839096E-01   -4.9133346333E-02    1.2013089770E-01    8.0042975419E-01    1.7465313464E-02    9.5364685008E-02
    3.6588513010E-01   -9.3614068835E-01    3.1554412642E-01    6.9160852564E-01    2.2825163183E-01   -1.2628754670E-01    7.0598297808E-01    1.9915214515E-01   -9.8510939659E-02
    2.5275945444E+00   -1.8028283755E+00    7.8525172781E-02   -7.5667586498E-01   -5.7704805102E-03    1.2272936676E-01   -7.8305205929E-01   -1.3042214056E-01    1.3521431871E-01
    2.0171010798E+00   -8.0254419137E-01    3.5801923676E-01   -3.5916607611E-01    6.3631868785E-01    1.1981495792E-01   -2.8895145243E-01    5.8350157245E-01    1.4334596288E-01
   -1.9454363887E+00    1.6984324336E+00    1.7452401785E-01    3.7587389171E-01    1.3876483775E-01    3.8344061923E-01    3.5051036169E-01    1.1439741154E-01    3.9629012984E-01
    1.4223019705E+00    3.0723857843E+00    3.7940953169E-01   -1.3336065475E-02   -8.8987020294E-01   -2.7369204045E-03   -9.4833127303E-03   -9.1453031575E-01   -7.3491024577E-03
   -1.8210982184E+00   -2.0961628145E+00    4.0078483855E-01   -1.1372452464E-01    3.2893238411E-01    3.1071009109E-01   -1.9778554651E-01    4.4847299846E-01    2.9266808047E-01
   -3.0592214103E+00    1.5876270247E+00    3.7496794929E-02    9.9540719757E-01   -2.3783267386E-02    2.0068608686E-03    9.8902333207E-01    1.3743871465E-03    3.1949410315E-03
    1.6547390021E+00    5.1128359111E-01    2.9196782103E-01    1.8393999800E-02    8.1279045079E-01    6.8967195524E-02    3.8697711689E-02    8.1975284548E-01    1.0338371197E-01
    1.7135992077E+00   -2.3672466550E+00    6.4178535634E-02   -4.8517606254E-03   -6.2933064759E-01    2.2531098993E-01   -9.8246498423E-02   -6.9857721050E-01    2.2840769849E-01
    2.2131808719E+00    2.9291944616E+00    4.0057571584E-01    3.0466985377E-02   -6.4476260417E-01   -1.3403073302E-01    1.1657109616E-01   -7.2241868768E-01   -1.3396440411E-01
    1.6210772079E+00   -2.3088396108E+00    3.8603675162E-02    3.5931289605E-02   -6.1532465256E-01    2.6158397967E-01   -3.6895484593E-02   -6.6682300999E-01    2.6820541308E-01
    1.4098417662E-01    2.7244518433E+00    1.0033197954E-01   -2.9500472117E-01   -6.2334295234E-02   -3.5906730333E-01   -3.9315931223E-01   -1.2591615654E-01   -3.9200279301E-01
   -2.3499202841E+00    2.9509492086E+00    2.9120846640E-01    1.1687313007E-02    6.2825313048E-01   -1.9563497599E-01    1.2561366419E-01    6.5911061927E-01   -2.0373982940E-01
    2.3168926685E+00   -3.0955447887E-01    4.8537409237E-01   -1.9872390190E-01    6.4492161191E-01   -1.6531508785E-01   -1.8764936104E-01    6.3473379187E-01   -1.5150425863E-01
   -9.8688329296E-02   -5.5356115897E-01    1.3073996928E-01    4.8124445904E-01   -8.4303730889E-02   -3.8124847916E-01    5.0965953168E-01   -8.1650630007E-02   -3.3876777719E-01
    2.8397185436E+00    2.1673219886E+00    1.3292511163E-01    6.5566416625E-01   -6.4556855105E-02   -9.0267607246E-02    7.6916064774E-01   -1.6263862159E-01   -1.0771481250E-01
   -1.3414701702E-02   -6.8216566911E-01    7.9781049207E-02    5.7766727052E-01   -2.5885793817E-03   -3.1598849773E-01    6.2043951878E-01   -1.0247479354E-02   -2.9170131948E-01
   -2.0620058350E+00    6.4891770074E-01    8.5058300796E-02    3.4007160218E-01   -6.1105916674E-01    2.3090460734E-02    2.8024719904E-01   -6.9068417133E-01    6.8970038143E-02
    1.0685853722E+00    9.5187509407E-01    1.2318216485E-01   -4.5855360215E-01    4.6982006324E-01    1.6358165738E-01   -3.8253253297E-01    4.9614428237E-01    2.0547512997E-01
    1.4430488071E-01    1.0976393873E+00    1.3664126370E-01   -9.4566018633E-01    6.4326372705E-02   -1.5336261639E-01   -8.5713514371E-01    6.3764935116E-02   -8.8518009498E-02
    2.7815010825E+00   -1.6865571582E+00    2.0747152165E-01   -8.7613361944E-01    5.0933968601E-02    6.7789814167E-02   -8.9181718249E-01   -3.9044243195E-02    5.0995721143E-02
   -1.2251384513E+00    8.0920171797E-01    1.6724134650E-01   -1.9654158328E-01   -5.5389999224E-01    1.7080172365E-01   -2.3714700254E-01   -6.2790282602E-01    1.9126649358E-01
   -2.4809917809E+00   -2.6440725711E+00    1.7636917007E-01   -1.5972927909E-01    3.1343745656E-01   -1.4564361580E-01   -3.6378501842E-01    5.2051671361E-01   -1.8439182752E-01
    2.8306850758E-01   -8.1161880971E-02    4.9950361383E-01    2.0627680179E-01    2.4409005607E-01   -5.0200206975E-01    7.0445277685E-02    2.5191720759E-01   -3.7481437295E-01
   -2.6232339147E+00    2.5510142571E+00    1.5011986004E-01    2.7687974352E-01    2.8909768606E-01   -2.0286289856E-01    4.6938474144E-01    3.9936208365E-01   -2.0927438506E-01
    1.8988748113E+00   -5.9467703855E-01    4.6566961073E-01   -2.0949062525E-01    7.6155680522E-01    5.3049957593E-02   -1.6446982634E-01    7.1441585913E-01    8.7172639052E-02
   -2.7790136758E-01    1.1205715784E-01    2.1595989598E-01   -1.2959278717E-02   -3.0899522529E-01   -4.5751855961E-01   -1.0298685163E-01   -2.6109331306E-01   -4.1836977456E-01
   -2.2142788808E+00   -5.0644174994E-01    4.8494956686E-01   -2.7486070831E-01   -5.8779719762E-01   -5.8060891838E-02   -2.6413234751E-01   -6.3492402231E-01   -5.1352204002E-02
   -1.5840152449E+00   -1.9301529961E+00    4.0837460028E-01    2.9159351774E-02    2.5405406468E-01    4.1074587551E-01   -1.1403688135E-02    3.2406263906E-01    3.7205533788E-01
   -9.8899634329E-01   -7.8832000794E-02    3.1094881039E-01    5.8928720767E-02   -8.0413582978E-01   -1.5231120923E-01    4.0666268084E-02   -7.8266129700E-01   -1.3059353118E-01
   -2.8197553323E+00    2.5080466501E-01    3.8498108950E-01    2.0408372619E-01   -2.0533924017E-01   -3.4458382805E-01    2.1799303365E-01   -2.8370640458E-01   -3.5935094769E-01
    1.6812128110E+00    1.2288778057E-01    6.2051377687E-02    3.0691291263E-02    9.4922511447E-01   -2.8191954222E-02    1.3340633189E-02    9.7424897469E-01    1.4062631129E-03
   -5.9480700071E-01   -2.9961337835E-02    2.9206151685E-01    7.7215734490E-02   -5.7459718211E-01   -3.6648865773E-01    2.3404157906E-02   -5.2831803184E-01   -3.0478605745E-01
   -1.5656516911E-01   -9.0408703579E-01    4.9747360352E-01    6.2214799601E-01   -7.7420431820E-02   -2.1214242445E-01    7.0273394167E-01   -8.7293358967E-02   -1.4674590247E-01
    6.9798973540E-01   -2.4549684464E+00    8.9294707581E-02    4.7573049172E-01   -4.8483977895E-01   -8.3688239939E-02    4.7707971823E-01   -4.8824383154E-01   -8.9301036744E-02
    2.7563883189E-01    1.5400832111E+00    2.4955323702E-01   -9.1160937224E-01    2.7826920092E-02    2.1129524290E-03   -9.1497204347E-01    7.9507244250E-03    3.3090839462E-02
    1.3524132277E+00   -2.4046422881E+00    2.4007225955E-01    1.7855648365E-01   -6.5472504413E-01    2.2155454159E-01    1.3877125793E-01   -6.8904224345E-01    1.8381790376E-01
    1.2313106722E+00   -1.2592561640E+00    3.8861797284E-02    2.4094051436E-01    2.3507606313E-01    4.3496856503E-01    3.1451821594E-01    2.8679269371E-01    3.9144357024E-01
    4.1247069222E-01   -1.4947694474E+00    3.2401967738E-01    8.7317404340E-01    8.6600161457E-02    6.7313697734E-02    8.5616660056E-01    2.8537284195E-02    6.8048794027E-02
   -6.0654641508E-01   -1.5091359828E+00    2.4732127608E-01    8.0427394926E-01   -5.3295040904E-02    1.6578780797E-01    7.8048338698E-01   -3.3430964271E-02    1.4544587091E-01
    8.4765102620E-01   -3.0383004949E+00    3.5684603947E-01    5.2346989454E-02   -6.8482666419E-01   -1.5712627190E-01    6.3531765413E-02   -6.9436460203E-01   -1.8522025395E-01
    1.5588563181E+00   -2.4137226265E+00    1.1527667144E-01    7.7441582264E-02   -6.7747151517E-01    2.2592214672E-01    7.7622314588E-03   -7.2952507511E-01    2.1125871308E-01
   -7.4839509798E-01   -1.2049937399E+00    2.7332337721E-01    6.3073400785E-01   -2.8370631069E-01    1.5400636647E-01    6.4789589350E-01   -2.3045276649E-01    1.5018972862E-01
    5.9608894866E-01   -1.1498263203E+00    5.6298282594E-02    7.4889060509E-01    2.3895442228E-01    6.0714138904E-02    7.4683121488E-01    2.2684934574E-01    7.2445042898E-02
   -1.9449061355E+00   -1.6990642834E+00    9.4387130202E-02   -2.9532593236E-01    3.9902063448E-02    4.0080318035E-01   -3.5566411341E-01    1.1684232516E-01    4.0929568826E-01
   -2.1319510448E+00   -6.1736366714E-01    1.0354408903E-01   -3.1865157934E-01   -6.4189054381E-01    1.7241760701E-02   -3.0174916772E-01   -6.7620803165E-01    2.4902925380E-02
   -7.2134296655E-01   -7.7495180180E-01    1.5485159921E-01    4.5712881645E-01   -5.2229204857E-01   -7.6297678169E-02    5.0938204567E-01   -4.5743293799E-01   -3.4930812859E-02
   -1.8263387775E+00   -2.0291055515E+00    1.1295827929E-01   -1.4475729881E-01    3.2451950647E-01    3.5624931378E-01   -2.2162108011E-01    4.1850276350E-01    3.5382662187E-01
   -1.0408310185E+00    9.5844330936E-01    1.0175252046E-01   -3.9093318572E-01   -4.5764902457E-01    1.7075283180E-01   -4.0531936289E-01   -4.8595608984E-01    1.9878127971E-01
    5.5678324300E-01    7.3038169651E-01    4.8933161488E-01   -6.3721735176E-01    4.1370185804E-01   -2.6600348199E-01   -5.1358251957E-01    3.5695808887E-01   -1.1331903905E-01
   -1.9273099806E+00    4.5164660233E-01    3.1325333899E-01    1.7855451138E-01   -7.1220563350E-01   -2.3992112776E-03    1.4307383413E-01   -7.9195057043E-01    3.0295406416E-02
   -1.3630288419E+00   -2.4847499669E+00    1.2045869900E-01    1.6378816906E-01    6.9664780774E-01    2.3260764065E-01    1.2295786456E-01    7.5644743388E-01    1.5738425313E-01
   -1.8684655750E+00    2.9626386825E+00    2.3621642209E-01    2.0276884706E-03    8.9111034399E-01   -2.2297017591E-02    4.9797172472E-02    8.9734453641E-01   -2.4718766619E-02
    2.5051232178E-01   -1.3190486764E+00    4.2137230556E-01    8.4950729729E-01    1.2379132949E-01    5.7300897176E-03    8.6241783684E-01    5.6760404408E-02   -2.5122653154E-04
    4.3214259141E-01    4.3327176654E-01    6.7654664659E-02   -4.4517194876E-01    4.3954217666E-01   -3.7312733860E-01   -3.7612269300E-01    3.7500869399E-01   -3.1550734371E-01
   -7.5459067397E-02    3.0511840502E+00    3.1518391796E-01   -5.9785866090E-02    8.9276679350E-02   -4.2190750765E-01   -8.4528626364E-02    7.0492896266E-02   -4.3467698749E-01
   -2.9027974874E+00    1.6570947467E-01    2.5069778959E-01    1.4826687937E-01   -1.6326718202E-01   -3.8895959121E-01    1.5243358829E-01   -2.2188328070E-01   -4.1468131805E-01
    1.4979268971E-01   -2.7643962823E+00    3.3336635604E-01    3.4090977967E-01   -1.3577762932E-01   -3.1321216981E-01    3.4070097615E-01   -1.2979343258E-01   -3.6847515138E-01
   -1.1346060097E+00    6.3103293553E-01    3.9367089807E-01   -1.9658091719E-01   -6.4001444938E-01    4.7019237205E-02   -2.3038743134E-01   -6.7640896366E-01    7.2435520118E-02
    1.5409160613E+00    5.2627241025E-01    4.5532651822E-01   -6.2561027931E-02    7.8459314417E-01    6.9053387389E-02   -1.3700791026E-02    7.8906923190E-01    1.0478102017E-01
   -2.1007250208E+00    6.9903405685E-01    3.1445550710E-01    3.5790028542E-01   -5.4913249665E-01    2.2301343902E-02    3.0543428909E-01   -6.2021663728E-01    6.9910946644E-02
   -6.9370619047E-01   -9.4894704855E-01    2.2656727278E-02    5.8526318184E-01   -4.3068179284E-01    1.9707235823E-02    6.2212348366E-01   -3.7078649182E-01    3.4421188470E-02
    8.7247305103E-01   -2.6788803193E+00    2.0076372475E-02    2.8131648491E-01   -6.6549124177E-01   -7.5977933404E-02    2.8584098345E-01   -6.8263441087E-01   -1.0619986148E-01
    2.0452718329E+00    1.1927697269E+00    9.2577112619E-02    4.1465465116E-01    3.4708843643E-01    2.9917328595E-01    4.1682484131E-01    3.2229201936E-01    3.1561477969E-01
    1.4869857880E+00    8.0680157283E-01    2.3588014583E-01   -9.6231213843E-02    6.4680311724E-01    2.0578754861E-01   -5.7661509401E-02    6.5761604446E-01    2.3403735520E-01
