# DNNF90 training history: one row per validation event
#  1:epoch  2:patience
#  3:cost_train    4:cost_val    5:cost_input   (per point;
#    the composite objective, Loss_term weights applied --
#    the same sum the optimizer descends)
#  6:cost_train_f  7:cost_train_df  8:cost_val_f  9:cost_val_df
# 10:cost_input_f 11:cost_input_df
# 12:rmse_train_f 13:rmse_train_df 14:rmse_val_f 15:rmse_val_df
# 16:rmse_input_f 17:rmse_input_df
# 18:mae_train_f  19:mae_train_df  20:mae_val_f  21:mae_val_df
# 22:mae_input_f  23:mae_input_df
# 24..: the same 21 metrics for each loss term in turn (2 terms: columns 24-44 are term 1, 45-65 term 2, ...)
1  0    0.54376E+00    0.85959E+00    0.57534E+00    0.14940E-01    0.52882E+02    0.22991E-01    0.83660E+02    0.15745E-01    0.55960E+02    0.35347E+00    0.10284E+02    0.35077E+00    0.12935E+02    0.35320E+00    0.10579E+02    0.23589E+00    0.24857E+01    0.22758E+00    0.32693E+01    0.23506E+00    0.25641E+01    0.43374E-01    0.98535E-01    0.47235E-01    0.43374E-01    0.00000E+00    0.98535E-01    0.00000E+00    0.47235E-01    0.00000E+00    0.29453E+00    0.00000E+00    0.44392E+00    0.00000E+00    0.30736E+00    0.00000E+00    0.18677E+00    0.00000E+00    0.28311E+00    0.00000E+00    0.19351E+00    0.00000E+00    0.80667E+00    0.10912E+01    0.83940E+00    0.00000E+00    0.80667E+02    0.00000E+00    0.10912E+03    0.00000E+00    0.83940E+02    0.38080E+00    0.12702E+02    0.31702E+00    0.14773E+02    0.37402E+00    0.12957E+02    0.26170E+00    0.37917E+01    0.21068E+00    0.42643E+01    0.25583E+00    0.38461E+01
200  0    0.97383E-02    0.16150E-01    0.10379E-01    0.93966E-02    0.34177E-01    0.15497E-01    0.65248E-01    0.10007E-01    0.37284E-01    0.31315E+00    0.26144E+00    0.31170E+00    0.36124E+00    0.31300E+00    0.27307E+00    0.22588E+00    0.12123E+00    0.22896E+00    0.18199E+00    0.22618E+00    0.12730E+00    0.27280E-01    0.66416E-01    0.30020E-01    0.27280E-01    0.00000E+00    0.66416E-01    0.00000E+00    0.30020E-01    0.00000E+00    0.23358E+00    0.00000E+00    0.36446E+00    0.00000E+00    0.24503E+00    0.00000E+00    0.16334E+00    0.00000E+00    0.25902E+00    0.00000E+00    0.17003E+00    0.00000E+00    0.52134E-03    0.85107E-03    0.55926E-03    0.00000E+00    0.52134E-01    0.00000E+00    0.85107E-01    0.00000E+00    0.55926E-01    0.34773E+00    0.32290E+00    0.29377E+00    0.41257E+00    0.34196E+00    0.33444E+00    0.25874E+00    0.18492E+00    0.21982E+00    0.23738E+00    0.25426E+00    0.19096E+00
400  0    0.58093E-02    0.10472E-01    0.62756E-02    0.55526E-02    0.25675E-01    0.10093E-01    0.37916E-01    0.60066E-02    0.26899E-01    0.29029E+00    0.22661E+00    0.29294E+00    0.27538E+00    0.29056E+00    0.23194E+00    0.21500E+00    0.11288E+00    0.22458E+00    0.16169E+00    0.21596E+00    0.11776E+00    0.16120E-01    0.43255E-01    0.18020E-01    0.16120E-01    0.00000E+00    0.43255E-01    0.00000E+00    0.18020E-01    0.00000E+00    0.17956E+00    0.00000E+00    0.29412E+00    0.00000E+00    0.18984E+00    0.00000E+00    0.12578E+00    0.00000E+00    0.20840E+00    0.00000E+00    0.13157E+00    0.00000E+00    0.39165E-03    0.49455E-03    0.40349E-03    0.00000E+00    0.39165E-01    0.00000E+00    0.49455E-01    0.00000E+00    0.40349E-01    0.33408E+00    0.27988E+00    0.29257E+00    0.31450E+00    0.32957E+00    0.28407E+00    0.26188E+00    0.17219E+00    0.22951E+00    0.21089E+00    0.25816E+00    0.17664E+00
600  0    0.11397E-02    0.18073E-02    0.12065E-02    0.63591E-03    0.50381E-01    0.10375E-02    0.76987E-01    0.67606E-03    0.53042E-01    0.23601E+00    0.31743E+00    0.24549E+00    0.39239E+00    0.23698E+00    0.32571E+00    0.15378E+00    0.17818E+00    0.18527E+00    0.28665E+00    0.15693E+00    0.18902E+00    0.18462E-02    0.44463E-02    0.20282E-02    0.18462E-02    0.00000E+00    0.44463E-02    0.00000E+00    0.20282E-02    0.00000E+00    0.60765E-01    0.00000E+00    0.94300E-01    0.00000E+00    0.63690E-01    0.00000E+00    0.38635E-01    0.00000E+00    0.63114E-01    0.00000E+00    0.40349E-01    0.00000E+00    0.76853E-03    0.10042E-02    0.79563E-03    0.00000E+00    0.76853E-01    0.00000E+00    0.10042E+00    0.00000E+00    0.79563E-01    0.28815E+00    0.39205E+00    0.27550E+00    0.44815E+00    0.28672E+00    0.39891E+00    0.21428E+00    0.27180E+00    0.22245E+00    0.37389E+00    0.21522E+00    0.28354E+00
800  0    0.56755E-03    0.73148E-03    0.58394E-03    0.21913E-03    0.34842E-01    0.19661E-03    0.53488E-01    0.21688E-03    0.36707E-01    0.21160E+00    0.26398E+00    0.20124E+00    0.32707E+00    0.21059E+00    0.27095E+00    0.13374E+00    0.14555E+00    0.15131E+00    0.22706E+00    0.13550E+00    0.15370E+00    0.63618E-03    0.84260E-03    0.65063E-03    0.63618E-03    0.00000E+00    0.84260E-03    0.00000E+00    0.65063E-03    0.00000E+00    0.35670E-01    0.00000E+00    0.41051E-01    0.00000E+00    0.36073E-01    0.00000E+00    0.25142E-01    0.00000E+00    0.29736E-01    0.00000E+00    0.25463E-01    0.00000E+00    0.53149E-03    0.69766E-03    0.55060E-03    0.00000E+00    0.53149E-01    0.00000E+00    0.69766E-01    0.00000E+00    0.55060E-01    0.26006E+00    0.32603E+00    0.22871E+00    0.37354E+00    0.25665E+00    0.33184E+00    0.19080E+00    0.22202E+00    0.18831E+00    0.29617E+00    0.19051E+00    0.23055E+00
1000  0    0.40392E-03    0.49935E-03    0.41346E-03    0.12619E-03    0.27773E-01    0.89172E-04    0.41018E-01    0.12249E-03    0.29097E-01    0.18683E+00    0.23568E+00    0.17379E+00    0.28642E+00    0.18557E+00    0.24124E+00    0.11653E+00    0.12864E+00    0.12936E+00    0.19059E+00    0.11781E+00    0.13483E+00    0.36637E-03    0.38217E-03    0.36747E-03    0.36637E-03    0.00000E+00    0.38217E-03    0.00000E+00    0.36747E-03    0.00000E+00    0.27069E-01    0.00000E+00    0.27647E-01    0.00000E+00    0.27110E-01    0.00000E+00    0.19720E-01    0.00000E+00    0.21081E-01    0.00000E+00    0.19815E-01    0.00000E+00    0.42365E-03    0.53502E-03    0.43646E-03    0.00000E+00    0.42365E-01    0.00000E+00    0.53502E-01    0.00000E+00    0.43646E-01    0.22991E+00    0.29108E+00    0.19789E+00    0.32711E+00    0.22646E+00    0.29545E+00    0.16740E+00    0.19622E+00    0.16232E+00    0.24860E+00    0.16681E+00    0.20225E+00
1200  0    0.30215E-03    0.37273E-03    0.30921E-03    0.86666E-04    0.21549E-01    0.50623E-04    0.32211E-01    0.83062E-04    0.22615E-01    0.15996E+00    0.20760E+00    0.14822E+00    0.25382E+00    0.15882E+00    0.21267E+00    0.99734E-01    0.11332E+00    0.10952E+00    0.17037E+00    0.10071E+00    0.11902E+00    0.25161E-03    0.21696E-03    0.24919E-03    0.25161E-03    0.00000E+00    0.21696E-03    0.00000E+00    0.24919E-03    0.00000E+00    0.22433E-01    0.00000E+00    0.20831E-01    0.00000E+00    0.22324E-01    0.00000E+00    0.17622E-01    0.00000E+00    0.17695E-01    0.00000E+00    0.17627E-01    0.00000E+00    0.32871E-03    0.42015E-03    0.33922E-03    0.00000E+00    0.32871E-01    0.00000E+00    0.42015E-01    0.00000E+00    0.33922E-01    0.19689E+00    0.25640E+00    0.16889E+00    0.28988E+00    0.19388E+00    0.26047E+00    0.14288E+00    0.17286E+00    0.13746E+00    0.22222E+00    0.14225E+00    0.17853E+00
1400  0    0.23591E-03    0.29390E-03    0.24171E-03    0.67478E-04    0.16844E-01    0.30576E-04    0.26332E-01    0.63787E-04    0.17793E-01    0.13769E+00    0.18354E+00    0.12661E+00    0.22949E+00    0.13662E+00    0.18864E+00    0.85901E-01    0.99660E-01    0.92952E-01    0.15267E+00    0.86606E-01    0.10496E+00    0.19590E-03    0.13104E-03    0.19136E-03    0.19590E-03    0.00000E+00    0.13104E-03    0.00000E+00    0.19136E-03    0.00000E+00    0.19794E-01    0.00000E+00    0.16189E-01    0.00000E+00    0.19563E-01    0.00000E+00    0.16321E-01    0.00000E+00    0.14661E-01    0.00000E+00    0.16205E-01    0.00000E+00    0.25694E-03    0.34347E-03    0.26689E-03    0.00000E+00    0.25694E-01    0.00000E+00    0.34347E-01    0.00000E+00    0.26689E-01    0.16945E+00    0.22669E+00    0.14432E+00    0.26209E+00    0.16675E+00    0.23104E+00    0.12246E+00    0.15202E+00    0.11678E+00    0.19914E+00    0.12181E+00    0.15744E+00
1600  0    0.18903E-03    0.24225E-03    0.19435E-03    0.53507E-04    0.13552E-01    0.21680E-04    0.22057E-01    0.50324E-04    0.14402E-01    0.12103E+00    0.16463E+00    0.11023E+00    0.21003E+00    0.12000E+00    0.16972E+00    0.75471E-01    0.88862E-01    0.80358E-01    0.14159E+00    0.75960E-01    0.94135E-01    0.15534E-03    0.92912E-04    0.15097E-03    0.15534E-03    0.00000E+00    0.92912E-04    0.00000E+00    0.15097E-03    0.00000E+00    0.17626E-01    0.00000E+00    0.13632E-01    0.00000E+00    0.17377E-01    0.00000E+00    0.14923E-01    0.00000E+00    0.12474E-01    0.00000E+00    0.14752E-01    0.00000E+00    0.20672E-03    0.28770E-03    0.21604E-03    0.00000E+00    0.20672E-01    0.00000E+00    0.28770E-01    0.00000E+00    0.21604E-01    0.14894E+00    0.20333E+00    0.12567E+00    0.23988E+00    0.14645E+00    0.20786E+00    0.10728E+00    0.13555E+00    0.10102E+00    0.18468E+00    0.10656E+00    0.14120E+00
1800  0    0.15303E-03    0.20326E-03    0.15805E-03    0.42152E-04    0.11088E-01    0.18328E-04    0.18493E-01    0.39769E-04    0.11828E-01    0.10896E+00    0.14892E+00    0.98206E-01    0.19232E+00    0.10793E+00    0.15381E+00    0.67662E-01    0.79761E-01    0.71086E-01    0.12813E+00    0.68005E-01    0.84598E-01    0.12238E-03    0.78547E-04    0.11931E-03    0.12238E-03    0.00000E+00    0.78547E-04    0.00000E+00    0.11931E-03    0.00000E+00    0.15645E-01    0.00000E+00    0.12534E-01    0.00000E+00    0.15447E-01    0.00000E+00    0.13471E-01    0.00000E+00    0.11256E-01    0.00000E+00    0.13316E-01    0.00000E+00    0.16914E-03    0.24121E-03    0.17743E-03    0.00000E+00    0.16914E-01    0.00000E+00    0.24121E-01    0.00000E+00    0.17743E-01    0.13409E+00    0.18392E+00    0.11195E+00    0.21964E+00    0.13173E+00    0.18838E+00    0.96136E-01    0.12167E+00    0.89295E-01    0.16713E+00    0.95349E-01    0.12690E+00
2000  0    0.12361E-03    0.16899E-03    0.12814E-03    0.33586E-04    0.90019E-02    0.16777E-04    0.15221E-01    0.31905E-04    0.96238E-02    0.99130E-01    0.13418E+00    0.88547E-01    0.17448E+00    0.98123E-01    0.13874E+00    0.61315E-01    0.70988E-01    0.63700E-01    0.11401E+00    0.61553E-01    0.75291E-01    0.97508E-04    0.71899E-04    0.95716E-04    0.97508E-04    0.00000E+00    0.71899E-04    0.00000E+00    0.95716E-04    0.00000E+00    0.13965E-01    0.00000E+00    0.11992E-01    0.00000E+00    0.13836E-01    0.00000E+00    0.12160E-01    0.00000E+00    0.10603E-01    0.00000E+00    0.12051E-01    0.00000E+00    0.13732E-03    0.19854E-03    0.14436E-03    0.00000E+00    0.13732E-01    0.00000E+00    0.19854E-01    0.00000E+00    0.14436E-01    0.12201E+00    0.16572E+00    0.10091E+00    0.19927E+00    0.11978E+00    0.16992E+00    0.87142E-01    0.10829E+00    0.79860E-01    0.14871E+00    0.86304E-01    0.11294E+00
2200  0    0.99707E-04    0.13742E-03    0.10348E-03    0.27663E-04    0.72044E-02    0.15819E-04    0.12161E-01    0.26479E-04    0.77000E-02    0.89948E-01    0.12004E+00    0.79858E-01    0.15595E+00    0.88991E-01    0.12410E+00    0.55575E-01    0.62470E-01    0.57157E-01    0.10166E+00    0.55734E-01    0.66389E-01    0.80312E-04    0.67796E-04    0.79436E-04    0.80312E-04    0.00000E+00    0.67796E-04    0.00000E+00    0.79436E-04    0.00000E+00    0.12674E-01    0.00000E+00    0.11644E-01    0.00000E+00    0.12604E-01    0.00000E+00    0.11092E-01    0.00000E+00    0.10213E-01    0.00000E+00    0.11031E-01    0.00000E+00    0.10990E-03    0.15862E-03    0.11550E-03    0.00000E+00    0.10990E-01    0.00000E+00    0.15862E-01    0.00000E+00    0.11550E-01    0.11071E+00    0.14825E+00    0.90977E-01    0.17811E+00    0.10863E+00    0.15199E+00    0.78948E-01    0.95293E-01    0.71444E-01    0.13260E+00    0.78085E-01    0.99584E-01
2400  0    0.81487E-04    0.10992E-03    0.84330E-04    0.23865E-04    0.57623E-02    0.15152E-04    0.94763E-02    0.22994E-04    0.61337E-02    0.80895E-01    0.10735E+00    0.71636E-01    0.13767E+00    0.80018E-01    0.11076E+00    0.50039E-01    0.55391E-01    0.51901E-01    0.89804E-01    0.50225E-01    0.58832E-01    0.69285E-04    0.64936E-04    0.68981E-04    0.69285E-04    0.00000E+00    0.64936E-04    0.00000E+00    0.68981E-04    0.00000E+00    0.11772E-01    0.00000E+00    0.11396E-01    0.00000E+00    0.11746E-01    0.00000E+00    0.10304E-01    0.00000E+00    0.99389E-02    0.00000E+00    0.10279E-01    0.00000E+00    0.87899E-04    0.12360E-03    0.92005E-04    0.00000E+00    0.87899E-02    0.00000E+00    0.12360E-01    0.00000E+00    0.92005E-02    0.99547E-01    0.13259E+00    0.81573E-01    0.15723E+00    0.97649E-01    0.13565E+00    0.70917E-01    0.84495E-01    0.64672E-01    0.11714E+00    0.70198E-01    0.88248E-01
2600  0    0.68432E-04    0.89011E-04    0.70490E-04    0.21455E-04    0.46977E-02    0.14481E-04    0.74530E-02    0.20758E-04    0.49732E-02    0.72341E-01    0.96930E-01    0.64070E-01    0.12209E+00    0.71557E-01    0.99732E-01    0.44914E-01    0.50800E-01    0.46802E-01    0.79967E-01    0.45103E-01    0.53716E-01    0.62290E-04    0.62061E-04    0.62274E-04    0.62290E-04    0.00000E+00    0.62061E-04    0.00000E+00    0.62274E-04    0.00000E+00    0.11162E-01    0.00000E+00    0.11141E-01    0.00000E+00    0.11160E-01    0.00000E+00    0.97029E-02    0.00000E+00    0.96547E-02    0.00000E+00    0.96995E-02    0.00000E+00    0.71660E-04    0.97213E-04    0.74599E-04    0.00000E+00    0.71660E-02    0.00000E+00    0.97213E-02    0.00000E+00    0.74599E-02    0.88980E-01    0.11972E+00    0.72914E-01    0.13944E+00    0.87283E-01    0.12215E+00    0.63415E-01    0.77491E-01    0.58108E-01    0.10430E+00    0.62805E-01    0.80575E-01
2800  0    0.59529E-04    0.75840E-04    0.61160E-04    0.19773E-04    0.39756E-02    0.13644E-04    0.62196E-02    0.19160E-04    0.42000E-02    0.65044E-01    0.89169E-01    0.57677E-01    0.11153E+00    0.64345E-01    0.91651E-01    0.40451E-01    0.47647E-01    0.42205E-01    0.72721E-01    0.40626E-01    0.50154E-01    0.57405E-04    0.58473E-04    0.57479E-04    0.57405E-04    0.00000E+00    0.58473E-04    0.00000E+00    0.57479E-04    0.00000E+00    0.10715E-01    0.00000E+00    0.10814E-01    0.00000E+00    0.10722E-01    0.00000E+00    0.92185E-02    0.00000E+00    0.93038E-02    0.00000E+00    0.92245E-02    0.00000E+00    0.60644E-04    0.81126E-04    0.63000E-04    0.00000E+00    0.60644E-02    0.00000E+00    0.81126E-02    0.00000E+00    0.63000E-02    0.79958E-01    0.11013E+00    0.65601E-01    0.12738E+00    0.78441E-01    0.11225E+00    0.56861E-01    0.72682E-01    0.52219E-01    0.94854E-01    0.56327E-01    0.75232E-01
3000  0    0.53813E-04    0.69075E-04    0.55339E-04    0.18467E-04    0.35346E-02    0.12746E-04    0.56329E-02    0.17895E-04    0.37444E-02    0.59619E-01    0.84078E-01    0.52888E-01    0.10614E+00    0.58980E-01    0.86538E-01    0.36985E-01    0.45803E-01    0.38462E-01    0.71442E-01    0.37132E-01    0.48367E-01    0.53614E-04    0.54625E-04    0.53685E-04    0.53614E-04    0.00000E+00    0.54625E-04    0.00000E+00    0.53685E-04    0.00000E+00    0.10355E-01    0.00000E+00    0.10452E-01    0.00000E+00    0.10362E-01    0.00000E+00    0.88320E-02    0.00000E+00    0.89312E-02    0.00000E+00    0.88389E-02    0.00000E+00    0.53917E-04    0.73473E-04    0.56166E-04    0.00000E+00    0.53917E-02    0.00000E+00    0.73473E-02    0.00000E+00    0.56166E-02    0.73251E-01    0.10384E+00    0.60127E-01    0.12122E+00    0.71863E-01    0.10599E+00    0.51777E-01    0.69869E-01    0.47449E-01    0.93186E-01    0.51279E-01    0.72551E-01
3200  0    0.49936E-04    0.65591E-04    0.51501E-04    0.17339E-04    0.32596E-02    0.11890E-04    0.53700E-02    0.16794E-04    0.34707E-02    0.56011E-01    0.80742E-01    0.49626E-01    0.10363E+00    0.55406E-01    0.83315E-01    0.34508E-01    0.44904E-01    0.35613E-01    0.70559E-01    0.34618E-01    0.47469E-01    0.50340E-04    0.50959E-04    0.50383E-04    0.50340E-04    0.00000E+00    0.50959E-04    0.00000E+00    0.50383E-04    0.00000E+00    0.10034E-01    0.00000E+00    0.10095E-01    0.00000E+00    0.10038E-01    0.00000E+00    0.85251E-02    0.00000E+00    0.85803E-02    0.00000E+00    0.85289E-02    0.00000E+00    0.49723E-04    0.70044E-04    0.52060E-04    0.00000E+00    0.49723E-02    0.00000E+00    0.70044E-02    0.00000E+00    0.52060E-02    0.68795E-01    0.99723E-01    0.56403E-01    0.11836E+00    0.67486E-01    0.10204E+00    0.48160E-01    0.68497E-01    0.43841E-01    0.92034E-01    0.47663E-01    0.71204E-01
3400  0    0.46699E-04    0.63093E-04    0.48339E-04    0.16242E-04    0.30457E-02    0.11077E-04    0.52017E-02    0.15726E-04    0.32613E-02    0.53572E-01    0.78048E-01    0.47388E-01    0.10200E+00    0.52986E-01    0.80763E-01    0.32674E-01    0.43841E-01    0.33400E-01    0.69466E-01    0.32747E-01    0.46403E-01    0.47154E-04    0.47471E-04    0.47177E-04    0.47154E-04    0.00000E+00    0.47471E-04    0.00000E+00    0.47177E-04    0.00000E+00    0.97113E-02    0.00000E+00    0.97438E-02    0.00000E+00    0.97135E-02    0.00000E+00    0.82283E-02    0.00000E+00    0.82543E-02    0.00000E+00    0.82301E-02    0.00000E+00    0.46460E-04    0.67848E-04    0.48920E-04    0.00000E+00    0.46460E-02    0.00000E+00    0.67848E-02    0.00000E+00    0.48920E-02    0.65791E-01    0.96395E-01    0.53853E-01    0.11649E+00    0.64530E-01    0.98914E-01    0.45519E-01    0.66876E-01    0.41053E-01    0.90607E-01    0.45005E-01    0.69605E-01
3600  0    0.43506E-04    0.60670E-04    0.45223E-04    0.15076E-04    0.28431E-02    0.10253E-04    0.50418E-02    0.14593E-04    0.30630E-02    0.51639E-01    0.75407E-01    0.45676E-01    0.10042E+00    0.51074E-01    0.78268E-01    0.31107E-01    0.42514E-01    0.31512E-01    0.68358E-01    0.31147E-01    0.45098E-01    0.43768E-04    0.43939E-04    0.43780E-04    0.43768E-04    0.00000E+00    0.43939E-04    0.00000E+00    0.43780E-04    0.00000E+00    0.93560E-02    0.00000E+00    0.93744E-02    0.00000E+00    0.93573E-02    0.00000E+00    0.78982E-02    0.00000E+00    0.79355E-02    0.00000E+00    0.79008E-02    0.00000E+00    0.43369E-04    0.65762E-04    0.45944E-04    0.00000E+00    0.43369E-02    0.00000E+00    0.65762E-02    0.00000E+00    0.45944E-02    0.63417E-01    0.93133E-01    0.51909E-01    0.11468E+00    0.62202E-01    0.95859E-01    0.43301E-01    0.64851E-01    0.38688E-01    0.89163E-01    0.42770E-01    0.67647E-01
3800  0    0.40109E-04    0.57888E-04    0.41887E-04    0.13770E-04    0.26339E-02    0.93457E-05    0.48542E-02    0.13327E-04    0.28559E-02    0.49810E-01    0.72580E-01    0.44202E-01    0.98532E-01    0.49278E-01    0.75577E-01    0.29585E-01    0.40907E-01    0.29743E-01    0.66182E-01    0.29601E-01    0.43434E-01    0.39977E-04    0.40053E-04    0.39982E-04    0.39977E-04    0.00000E+00    0.40053E-04    0.00000E+00    0.39982E-04    0.00000E+00    0.89417E-02    0.00000E+00    0.89502E-02    0.00000E+00    0.89423E-02    0.00000E+00    0.75164E-02    0.00000E+00    0.75968E-02    0.00000E+00    0.75221E-02    0.00000E+00    0.40178E-04    0.63316E-04    0.42839E-04    0.00000E+00    0.40178E-02    0.00000E+00    0.63316E-02    0.00000E+00    0.42839E-02    0.61177E-01    0.89642E-01    0.50240E-01    0.11253E+00    0.60021E-01    0.92563E-01    0.41181E-01    0.62400E-01    0.36483E-01    0.86324E-01    0.40641E-01    0.65151E-01
4000  0    0.36420E-04    0.54546E-04    0.38233E-04    0.12287E-04    0.24133E-02    0.82843E-05    0.46261E-02    0.11887E-04    0.26346E-02    0.47897E-01    0.69474E-01    0.42833E-01    0.96189E-01    0.47415E-01    0.72589E-01    0.27996E-01    0.39072E-01    0.27992E-01    0.63592E-01    0.27996E-01    0.41524E-01    0.35672E-04    0.35504E-04    0.35661E-04    0.35672E-04    0.00000E+00    0.35504E-04    0.00000E+00    0.35661E-04    0.00000E+00    0.84466E-02    0.00000E+00    0.84267E-02    0.00000E+00    0.84452E-02    0.00000E+00    0.70756E-02    0.00000E+00    0.72062E-02    0.00000E+00    0.70847E-02    0.00000E+00    0.36813E-04    0.60341E-04    0.39519E-04    0.00000E+00    0.36813E-02    0.00000E+00    0.60341E-02    0.00000E+00    0.39519E-02    0.58839E-01    0.85806E-01    0.48697E-01    0.10986E+00    0.57764E-01    0.88903E-01    0.38989E-01    0.59601E-01    0.34319E-01    0.82946E-01    0.38452E-01    0.62286E-01
4200  0    0.32594E-04    0.50976E-04    0.34432E-04    0.10693E-04    0.21901E-02    0.70760E-05    0.43900E-02    0.10331E-04    0.24101E-02    0.45837E-01    0.66183E-01    0.41443E-01    0.93702E-01    0.45417E-01    0.69427E-01    0.26351E-01    0.37302E-01    0.26280E-01    0.60268E-01    0.26344E-01    0.39599E-01    0.31045E-04    0.30326E-04    0.30994E-04    0.31045E-04    0.00000E+00    0.30326E-04    0.00000E+00    0.30994E-04    0.00000E+00    0.78797E-02    0.00000E+00    0.77879E-02    0.00000E+00    0.78733E-02    0.00000E+00    0.65847E-02    0.00000E+00    0.67476E-02    0.00000E+00    0.65961E-02    0.00000E+00    0.33408E-04    0.57261E-04    0.36151E-04    0.00000E+00    0.33408E-02    0.00000E+00    0.57261E-02    0.00000E+00    0.36151E-02    0.56323E-01    0.81741E-01    0.47136E-01    0.10701E+00    0.55345E-01    0.85030E-01    0.36737E-01    0.56902E-01    0.32225E-01    0.78610E-01    0.36218E-01    0.59398E-01
4400  0    0.29010E-04    0.47910E-04    0.30900E-04    0.92288E-05    0.19781E-02    0.59101E-05    0.42000E-02    0.88969E-05    0.22003E-02    0.43615E-01    0.62898E-01    0.39802E-01    0.91652E-01    0.43249E-01    0.66337E-01    0.24751E-01    0.35462E-01    0.25034E-01    0.56469E-01    0.24779E-01    0.37563E-01    0.26793E-04    0.25329E-04    0.26691E-04    0.26793E-04    0.00000E+00    0.25329E-04    0.00000E+00    0.26691E-04    0.00000E+00    0.73203E-02    0.00000E+00    0.71174E-02    0.00000E+00    0.73063E-02    0.00000E+00    0.60932E-02    0.00000E+00    0.62608E-02    0.00000E+00    0.61049E-02    0.00000E+00    0.30174E-04    0.54783E-04    0.33004E-04    0.00000E+00    0.30174E-02    0.00000E+00    0.54783E-02    0.00000E+00    0.33004E-02    0.53606E-01    0.77684E-01    0.45287E-01    0.10467E+00    0.52716E-01    0.81245E-01    0.34554E-01    0.54094E-01    0.30748E-01    0.73655E-01    0.34116E-01    0.56344E-01
4600  0    0.25834E-04    0.45305E-04    0.27781E-04    0.80893E-05    0.17745E-02    0.49839E-05    0.40322E-02    0.77787E-05    0.20002E-02    0.41249E-01    0.59573E-01    0.37778E-01    0.89802E-01    0.40915E-01    0.63249E-01    0.23232E-01    0.33391E-01    0.23746E-01    0.52720E-01    0.23284E-01    0.35324E-01    0.23485E-04    0.21360E-04    0.23336E-04    0.23485E-04    0.00000E+00    0.21360E-04    0.00000E+00    0.23336E-04    0.00000E+00    0.68535E-02    0.00000E+00    0.65360E-02    0.00000E+00    0.68317E-02    0.00000E+00    0.56746E-02    0.00000E+00    0.58132E-02    0.00000E+00    0.56843E-02    0.00000E+00    0.27068E-04    0.52593E-04    0.30003E-04    0.00000E+00    0.27068E-02    0.00000E+00    0.52593E-02    0.00000E+00    0.30003E-02    0.50703E-01    0.73577E-01    0.42995E-01    0.10256E+00    0.49878E-01    0.77464E-01    0.32458E-01    0.50935E-01    0.29204E-01    0.68765E-01    0.32083E-01    0.52986E-01
4800  0    0.23027E-04    0.42661E-04    0.24990E-04    0.71995E-05    0.15827E-02    0.42738E-05    0.38387E-02    0.69069E-05    0.18083E-02    0.38898E-01    0.56262E-01    0.35595E-01    0.87621E-01    0.38580E-01    0.60138E-01    0.21796E-01    0.31408E-01    0.22329E-01    0.49273E-01    0.21849E-01    0.33194E-01    0.20902E-04    0.18316E-04    0.20721E-04    0.20902E-04    0.00000E+00    0.18316E-04    0.00000E+00    0.20721E-04    0.00000E+00    0.64656E-02    0.00000E+00    0.60525E-02    0.00000E+00    0.64375E-02    0.00000E+00    0.53140E-02    0.00000E+00    0.54163E-02    0.00000E+00    0.53212E-02    0.00000E+00    0.24143E-04    0.50070E-04    0.27125E-04    0.00000E+00    0.24143E-02    0.00000E+00    0.50070E-02    0.00000E+00    0.27125E-02    0.47813E-01    0.69488E-01    0.40515E-01    0.10007E+00    0.47031E-01    0.73654E-01    0.30456E-01    0.47910E-01    0.27476E-01    0.64269E-01    0.30113E-01    0.49792E-01
5000  0    0.20590E-04    0.40069E-04    0.22538E-04    0.64160E-05    0.14174E-02    0.36847E-05    0.36384E-02    0.61428E-05    0.16395E-02    0.36866E-01    0.53242E-01    0.33639E-01    0.85304E-01    0.36557E-01    0.57262E-01    0.20549E-01    0.29852E-01    0.21015E-01    0.46350E-01    0.20596E-01    0.31501E-01    0.18627E-04    0.15791E-04    0.18429E-04    0.18627E-04    0.00000E+00    0.15791E-04    0.00000E+00    0.18429E-04    0.00000E+00    0.61036E-02    0.00000E+00    0.56199E-02    0.00000E+00    0.60710E-02    0.00000E+00    0.49744E-02    0.00000E+00    0.50505E-02    0.00000E+00    0.49797E-02    0.00000E+00    0.21621E-04    0.47457E-04    0.24592E-04    0.00000E+00    0.21621E-02    0.00000E+00    0.47457E-02    0.00000E+00    0.24592E-02    0.45318E-01    0.65759E-01    0.38293E-01    0.97424E-01    0.44566E-01    0.70132E-01    0.28732E-01    0.45536E-01    0.25874E-01    0.60457E-01    0.28403E-01    0.47252E-01
5200  0    0.18485E-04    0.37751E-04    0.20411E-04    0.56720E-05    0.12812E-02    0.31650E-05    0.34586E-02    0.54213E-05    0.14990E-02    0.35353E-01    0.50621E-01    0.32156E-01    0.83170E-01    0.35047E-01    0.54754E-01    0.19605E-01    0.28733E-01    0.19953E-01    0.44210E-01    0.19639E-01    0.30281E-01    0.16467E-04    0.13564E-04    0.16264E-04    0.16467E-04    0.00000E+00    0.13564E-04    0.00000E+00    0.16264E-04    0.00000E+00    0.57388E-02    0.00000E+00    0.52085E-02    0.00000E+00    0.57033E-02    0.00000E+00    0.46430E-02    0.00000E+00    0.47022E-02    0.00000E+00    0.46472E-02    0.00000E+00    0.19544E-04    0.45113E-04    0.22485E-04    0.00000E+00    0.19544E-02    0.00000E+00    0.45113E-02    0.00000E+00    0.22485E-02    0.43466E-01    0.62521E-01    0.36612E-01    0.94987E-01    0.42733E-01    0.67059E-01    0.27466E-01    0.43830E-01    0.24595E-01    0.57665E-01    0.27136E-01    0.45421E-01
5400  0    0.16607E-04    0.35666E-04    0.18513E-04    0.49551E-05    0.11652E-02    0.26925E-05    0.32974E-02    0.47289E-05    0.13784E-02    0.34299E-01    0.48275E-01    0.31127E-01    0.81208E-01    0.33995E-01    0.52506E-01    0.18925E-01    0.27545E-01    0.19177E-01    0.42011E-01    0.18950E-01    0.28992E-01    0.14386E-04    0.11539E-04    0.14187E-04    0.14386E-04    0.00000E+00    0.11539E-04    0.00000E+00    0.14187E-04    0.00000E+00    0.53639E-02    0.00000E+00    0.48040E-02    0.00000E+00    0.53267E-02    0.00000E+00    0.43038E-02    0.00000E+00    0.43624E-02    0.00000E+00    0.43079E-02    0.00000E+00    0.17774E-04    0.43009E-04    0.20676E-04    0.00000E+00    0.17774E-02    0.00000E+00    0.43009E-02    0.00000E+00    0.20676E-02    0.42183E-01    0.59623E-01    0.35450E-01    0.92746E-01    0.41464E-01    0.64306E-01    0.26607E-01    0.42018E-01    0.23686E-01    0.54797E-01    0.26271E-01    0.43488E-01
5600  0    0.14866E-04    0.33658E-04    0.16745E-04    0.42691E-05    0.10597E-02    0.22581E-05    0.31400E-02    0.40680E-05    0.12677E-02    0.33503E-01    0.46036E-01    0.30381E-01    0.79247E-01    0.33204E-01    0.50352E-01    0.18408E-01    0.26066E-01    0.18663E-01    0.40054E-01    0.18433E-01    0.27465E-01    0.12394E-04    0.96777E-05    0.12204E-04    0.12394E-04    0.00000E+00    0.96777E-05    0.00000E+00    0.12204E-04    0.00000E+00    0.49788E-02    0.00000E+00    0.43995E-02    0.00000E+00    0.49404E-02    0.00000E+00    0.39578E-02    0.00000E+00    0.40241E-02    0.00000E+00    0.39624E-02    0.00000E+00    0.16164E-04    0.40957E-04    0.19015E-04    0.00000E+00    0.16164E-02    0.00000E+00    0.40957E-02    0.00000E+00    0.19015E-02    0.41222E-01    0.56858E-01    0.34612E-01    0.90506E-01    0.40517E-01    0.61669E-01    0.26000E-01    0.39762E-01    0.23118E-01    0.52245E-01    0.25669E-01    0.41197E-01
5800  0    0.15652E-04    0.32578E-04    0.17345E-04    0.47230E-05    0.10929E-02    0.24791E-05    0.30099E-02    0.44986E-05    0.12846E-02    0.33959E-01    0.46754E-01    0.30869E-01    0.77588E-01    0.33663E-01    0.50688E-01    0.18523E-01    0.26191E-01    0.19192E-01    0.40706E-01    0.18590E-01    0.27643E-01    0.13712E-04    0.10625E-04    0.13496E-04    0.13712E-04    0.00000E+00    0.10625E-04    0.00000E+00    0.13496E-04    0.00000E+00    0.52368E-02    0.00000E+00    0.46097E-02    0.00000E+00    0.51953E-02    0.00000E+00    0.36171E-02    0.00000E+00    0.34503E-02    0.00000E+00    0.36054E-02    0.00000E+00    0.16672E-04    0.39260E-04    0.19270E-04    0.00000E+00    0.16672E-02    0.00000E+00    0.39260E-02    0.00000E+00    0.19270E-02    0.41770E-01    0.57744E-01    0.35163E-01    0.88611E-01    0.41065E-01    0.62080E-01    0.26355E-01    0.39953E-01    0.23984E-01    0.53095E-01    0.26082E-01    0.41464E-01
6000  0    0.11741E-04    0.29758E-04    0.13543E-04    0.30465E-05    0.86948E-03    0.15183E-05    0.28240E-02    0.28937E-05    0.10649E-02    0.32020E-01    0.41701E-01    0.29122E-01    0.75153E-01    0.31742E-01    0.46150E-01    0.17475E-01    0.23132E-01    0.17965E-01    0.37567E-01    0.17524E-01    0.24575E-01    0.88448E-05    0.65068E-05    0.86811E-05    0.88448E-05    0.00000E+00    0.65068E-05    0.00000E+00    0.86811E-05    0.00000E+00    0.42059E-02    0.00000E+00    0.36074E-02    0.00000E+00    0.41668E-02    0.00000E+00    0.32722E-02    0.00000E+00    0.33439E-02    0.00000E+00    0.32772E-02    0.00000E+00    0.13263E-04    0.36835E-04    0.15974E-04    0.00000E+00    0.13263E-02    0.00000E+00    0.36835E-02    0.00000E+00    0.15974E-02    0.39430E-01    0.51504E-01    0.33200E-01    0.85831E-01    0.38764E-01    0.56522E-01    0.24938E-01    0.35286E-01    0.22415E-01    0.49000E-01    0.24648E-01    0.36863E-01
6200  0    0.10392E-04    0.27893E-04    0.12142E-04    0.25360E-05    0.78557E-03    0.12245E-05    0.26668E-02    0.24048E-05    0.97369E-03    0.31262E-01    0.39638E-01    0.28501E-01    0.73032E-01    0.30997E-01    0.44129E-01    0.17041E-01    0.21758E-01    0.17619E-01    0.37223E-01    0.17098E-01    0.23305E-01    0.73625E-05    0.52478E-05    0.72144E-05    0.73625E-05    0.00000E+00    0.52478E-05    0.00000E+00    0.72144E-05    0.00000E+00    0.38373E-02    0.00000E+00    0.32397E-02    0.00000E+00    0.37985E-02    0.00000E+00    0.29486E-02    0.00000E+00    0.30024E-02    0.00000E+00    0.29524E-02    0.00000E+00    0.11983E-04    0.34784E-04    0.14605E-04    0.00000E+00    0.11983E-02    0.00000E+00    0.34784E-02    0.00000E+00    0.14605E-02    0.38511E-01    0.48956E-01    0.32502E-01    0.83408E-01    0.37869E-01    0.54047E-01    0.24445E-01    0.33191E-01    0.22067E-01    0.48552E-01    0.24171E-01    0.34957E-01
6400  1    0.18100E-04    0.29511E-04    0.19241E-04    0.49702E-05    0.13130E-02    0.39752E-05    0.25536E-02    0.48707E-05    0.14370E-02    0.29156E-01    0.51244E-01    0.26804E-01    0.71465E-01    0.28929E-01    0.53610E-01    0.16876E-01    0.26296E-01    0.17108E-01    0.35014E-01    0.16899E-01    0.27168E-01    0.14430E-04    0.17037E-04    0.14612E-04    0.14430E-04    0.00000E+00    0.17037E-04    0.00000E+00    0.14612E-04    0.00000E+00    0.53721E-02    0.00000E+00    0.58373E-02    0.00000E+00    0.54059E-02    0.00000E+00    0.44599E-02    0.00000E+00    0.47575E-02    0.00000E+00    0.44807E-02    0.00000E+00    0.20028E-04    0.33308E-04    0.21555E-04    0.00000E+00    0.20028E-02    0.00000E+00    0.33308E-02    0.00000E+00    0.21555E-02    0.35799E-01    0.63290E-01    0.30442E-01    0.81618E-01    0.35224E-01    0.65659E-01    0.23399E-01    0.40113E-01    0.20867E-01    0.45671E-01    0.23108E-01    0.40752E-01
6600  0    0.81346E-05    0.24210E-04    0.97422E-05    0.17299E-05    0.64047E-03    0.84031E-06    0.23370E-02    0.16410E-05    0.81012E-03    0.29672E-01    0.35790E-01    0.27152E-01    0.68367E-01    0.29429E-01    0.40252E-01    0.16162E-01    0.19521E-01    0.16920E-01    0.35677E-01    0.16238E-01    0.21137E-01    0.50224E-05    0.36013E-05    0.49229E-05    0.50224E-05    0.00000E+00    0.36013E-05    0.00000E+00    0.49229E-05    0.00000E+00    0.31693E-02    0.00000E+00    0.26838E-02    0.00000E+00    0.31378E-02    0.00000E+00    0.24035E-02    0.00000E+00    0.24038E-02    0.00000E+00    0.24035E-02    0.00000E+00    0.97699E-05    0.30483E-04    0.12152E-04    0.00000E+00    0.97699E-03    0.00000E+00    0.30483E-02    0.00000E+00    0.12152E-02    0.36575E-01    0.44204E-01    0.30975E-01    0.78080E-01    0.35975E-01    0.49299E-01    0.23391E-01    0.29778E-01    0.21338E-01    0.46535E-01    0.23155E-01    0.31705E-01
6800  0    0.72216E-05    0.22363E-04    0.87357E-05    0.14339E-05    0.57877E-03    0.72481E-06    0.21638E-02    0.13630E-05    0.73727E-03    0.28880E-01    0.34023E-01    0.26435E-01    0.65785E-01    0.28645E-01    0.38400E-01    0.15741E-01    0.18554E-01    0.16496E-01    0.34636E-01    0.15816E-01    0.20162E-01    0.41629E-05    0.31063E-05    0.40890E-05    0.41629E-05    0.00000E+00    0.31063E-05    0.00000E+00    0.40890E-05    0.00000E+00    0.28855E-02    0.00000E+00    0.24925E-02    0.00000E+00    0.28597E-02    0.00000E+00    0.21767E-02    0.00000E+00    0.21343E-02    0.00000E+00    0.21737E-02    0.00000E+00    0.88286E-05    0.28224E-04    0.11059E-04    0.00000E+00    0.88286E-03    0.00000E+00    0.28224E-02    0.00000E+00    0.11059E-02    0.35608E-01    0.42021E-01    0.30159E-01    0.75132E-01    0.35025E-01    0.47030E-01    0.22868E-01    0.28303E-01    0.20867E-01    0.45177E-01    0.22638E-01    0.30244E-01
7000  0    0.76239E-05    0.21020E-04    0.89635E-05    0.15781E-05    0.60458E-03    0.11706E-05    0.19849E-02    0.15374E-05    0.74261E-03    0.27476E-01    0.34773E-01    0.25206E-01    0.63007E-01    0.27257E-01    0.38539E-01    0.15301E-01    0.19189E-01    0.15894E-01    0.32195E-01    0.15360E-01    0.20490E-01    0.45817E-05    0.50168E-05    0.46122E-05    0.45817E-05    0.00000E+00    0.50168E-05    0.00000E+00    0.46122E-05    0.00000E+00    0.30271E-02    0.00000E+00    0.31676E-02    0.00000E+00    0.30372E-02    0.00000E+00    0.24523E-02    0.00000E+00    0.24476E-02    0.00000E+00    0.24520E-02    0.00000E+00    0.92224E-05    0.25891E-04    0.11139E-04    0.00000E+00    0.92224E-03    0.00000E+00    0.25891E-02    0.00000E+00    0.11139E-02    0.33864E-01    0.42947E-01    0.28734E-01    0.71959E-01    0.33314E-01    0.47200E-01    0.22052E-01    0.29272E-01    0.19987E-01    0.41993E-01    0.21814E-01    0.30735E-01
7200  0    0.57544E-05    0.18875E-04    0.70664E-05    0.10053E-05    0.47491E-03    0.60309E-06    0.18272E-02    0.96505E-06    0.61014E-03    0.27276E-01    0.30819E-01    0.24902E-01    0.60451E-01    0.27048E-01    0.34932E-01    0.14893E-01    0.16934E-01    0.15536E-01    0.32174E-01    0.14958E-01    0.18458E-01    0.29185E-05    0.25847E-05    0.28951E-05    0.29185E-05    0.00000E+00    0.25847E-05    0.00000E+00    0.28951E-05    0.00000E+00    0.24160E-02    0.00000E+00    0.22736E-02    0.00000E+00    0.24063E-02    0.00000E+00    0.18059E-02    0.00000E+00    0.17485E-02    0.00000E+00    0.18019E-02    0.00000E+00    0.72444E-05    0.23833E-04    0.91520E-05    0.00000E+00    0.72444E-03    0.00000E+00    0.23833E-02    0.00000E+00    0.91520E-03    0.33642E-01    0.38064E-01    0.28412E-01    0.69040E-01    0.33083E-01    0.42783E-01    0.21770E-01    0.25832E-01    0.19732E-01    0.41966E-01    0.21536E-01    0.27687E-01
7400  0    0.51761E-05    0.17260E-04    0.63846E-05    0.86115E-06    0.43150E-03    0.56878E-06    0.16691E-02    0.83191E-06    0.55526E-03    0.26524E-01    0.29377E-01    0.24129E-01    0.57778E-01    0.26294E-01    0.33325E-01    0.14483E-01    0.16297E-01    0.15038E-01    0.30865E-01    0.14539E-01    0.17754E-01    0.25001E-05    0.24376E-05    0.24957E-05    0.25001E-05    0.00000E+00    0.24376E-05    0.00000E+00    0.24957E-05    0.00000E+00    0.22361E-02    0.00000E+00    0.22080E-02    0.00000E+00    0.22342E-02    0.00000E+00    0.16564E-02    0.00000E+00    0.16800E-02    0.00000E+00    0.16581E-02    0.00000E+00    0.65822E-05    0.21772E-04    0.83290E-05    0.00000E+00    0.65822E-03    0.00000E+00    0.21772E-02    0.00000E+00    0.83290E-03    0.32719E-01    0.36283E-01    0.27531E-01    0.65987E-01    0.32165E-01    0.40814E-01    0.21223E-01    0.24860E-01    0.19103E-01    0.40259E-01    0.20979E-01    0.26631E-01
7600  0    0.46759E-05    0.15905E-04    0.57989E-05    0.73675E-06    0.39392E-03    0.54703E-06    0.15358E-02    0.71778E-06    0.50811E-03    0.25707E-01    0.28068E-01    0.23309E-01    0.55422E-01    0.25477E-01    0.31878E-01    0.14052E-01    0.15650E-01    0.14483E-01    0.29566E-01    0.14095E-01    0.17042E-01    0.21390E-05    0.23444E-05    0.21533E-05    0.21390E-05    0.00000E+00    0.23444E-05    0.00000E+00    0.21533E-05    0.00000E+00    0.20683E-02    0.00000E+00    0.21654E-02    0.00000E+00    0.20753E-02    0.00000E+00    0.15452E-02    0.00000E+00    0.15823E-02    0.00000E+00    0.15478E-02    0.00000E+00    0.60089E-05    0.20032E-04    0.76216E-05    0.00000E+00    0.60089E-03    0.00000E+00    0.20032E-02    0.00000E+00    0.76216E-03    0.31715E-01    0.34667E-01    0.26594E-01    0.63297E-01    0.31169E-01    0.39043E-01    0.20623E-01    0.23873E-01    0.18409E-01    0.38564E-01    0.20368E-01    0.25562E-01
7800  0    0.42538E-05    0.14595E-04    0.52879E-05    0.64502E-06    0.36088E-03    0.53232E-06    0.14063E-02    0.63375E-06    0.46541E-03    0.24967E-01    0.26865E-01    0.22523E-01    0.53033E-01    0.24733E-01    0.30509E-01    0.13662E-01    0.15072E-01    0.14025E-01    0.28098E-01    0.13698E-01    0.16375E-01    0.18727E-05    0.22814E-05    0.19013E-05    0.18727E-05    0.00000E+00    0.22814E-05    0.00000E+00    0.19013E-05    0.00000E+00    0.19353E-02    0.00000E+00    0.21361E-02    0.00000E+00    0.19500E-02    0.00000E+00    0.14549E-02    0.00000E+00    0.15039E-02    0.00000E+00    0.14584E-02    0.00000E+00    0.55049E-05    0.18343E-04    0.69812E-05    0.00000E+00    0.55049E-03    0.00000E+00    0.18343E-02    0.00000E+00    0.69812E-03    0.30804E-01    0.33181E-01    0.25696E-01    0.60568E-01    0.30261E-01    0.37366E-01    0.20075E-01    0.22992E-01    0.17836E-01    0.36650E-01    0.19818E-01    0.24562E-01
8000  0    0.38807E-05    0.13617E-04    0.48544E-05    0.56551E-06    0.33152E-03    0.50318E-06    0.13114E-02    0.55928E-06    0.42951E-03    0.24192E-01    0.25750E-01    0.21721E-01    0.51214E-01    0.23957E-01    0.29309E-01    0.13243E-01    0.14468E-01    0.13543E-01    0.27088E-01    0.13273E-01    0.15730E-01    0.16418E-05    0.21565E-05    0.16778E-05    0.16418E-05    0.00000E+00    0.21565E-05    0.00000E+00    0.16778E-05    0.00000E+00    0.18121E-02    0.00000E+00    0.20768E-02    0.00000E+00    0.18318E-02    0.00000E+00    0.13665E-02    0.00000E+00    0.14161E-02    0.00000E+00    0.13699E-02    0.00000E+00    0.50571E-05    0.17105E-04    0.64426E-05    0.00000E+00    0.50571E-03    0.00000E+00    0.17105E-02    0.00000E+00    0.64426E-03    0.29851E-01    0.31803E-01    0.24780E-01    0.58490E-01    0.29312E-01    0.35896E-01    0.19484E-01    0.22070E-01    0.17234E-01    0.35332E-01    0.19225E-01    0.23595E-01
8200  0    0.35707E-05    0.12655E-04    0.44791E-05    0.50720E-06    0.30635E-03    0.48763E-06    0.12167E-02    0.50524E-06    0.39739E-03    0.23481E-01    0.24753E-01    0.20956E-01    0.49330E-01    0.23241E-01    0.28192E-01    0.12859E-01    0.13990E-01    0.13098E-01    0.25676E-01    0.12883E-01    0.15159E-01    0.14725E-05    0.20898E-05    0.15157E-05    0.14725E-05    0.00000E+00    0.20898E-05    0.00000E+00    0.15157E-05    0.00000E+00    0.17161E-02    0.00000E+00    0.20444E-02    0.00000E+00    0.17411E-02    0.00000E+00    0.12956E-02    0.00000E+00    0.13695E-02    0.00000E+00    0.13008E-02    0.00000E+00    0.46732E-05    0.15870E-04    0.59609E-05    0.00000E+00    0.46732E-03    0.00000E+00    0.15870E-02    0.00000E+00    0.59609E-03    0.28975E-01    0.30572E-01    0.23907E-01    0.56339E-01    0.28438E-01    0.34528E-01    0.18935E-01    0.21341E-01    0.16668E-01    0.33491E-01    0.18674E-01    0.22739E-01
8400  0    0.32853E-05    0.11963E-04    0.41531E-05    0.45163E-06    0.28336E-03    0.45236E-06    0.11511E-02    0.45170E-06    0.37014E-03    0.22745E-01    0.23806E-01    0.20192E-01    0.47981E-01    0.22503E-01    0.27208E-01    0.12464E-01    0.13485E-01    0.12667E-01    0.25263E-01    0.12485E-01    0.14663E-01    0.13112E-05    0.19387E-05    0.13551E-05    0.13112E-05    0.00000E+00    0.19387E-05    0.00000E+00    0.13551E-05    0.00000E+00    0.16194E-02    0.00000E+00    0.19691E-02    0.00000E+00    0.16463E-02    0.00000E+00    0.12257E-02    0.00000E+00    0.13236E-02    0.00000E+00    0.12326E-02    0.00000E+00    0.43225E-05    0.15014E-04    0.55520E-05    0.00000E+00    0.43225E-03    0.00000E+00    0.15014E-02    0.00000E+00    0.55520E-03    0.28068E-01    0.29402E-01    0.23035E-01    0.54799E-01    0.27536E-01    0.33323E-01    0.18370E-01    0.20571E-01    0.16120E-01    0.32951E-01    0.18111E-01    0.21995E-01
8600  0    0.30376E-05    0.11190E-04    0.38528E-05    0.41109E-06    0.26265E-03    0.43110E-06    0.10759E-02    0.41309E-06    0.34397E-03    0.21947E-01    0.22920E-01    0.19361E-01    0.46387E-01    0.21703E-01    0.26229E-01    0.12035E-01    0.13044E-01    0.12195E-01    0.24944E-01    0.12051E-01    0.14234E-01    0.11935E-05    0.18476E-05    0.12393E-05    0.11935E-05    0.00000E+00    0.18476E-05    0.00000E+00    0.12393E-05    0.00000E+00    0.15450E-02    0.00000E+00    0.19223E-02    0.00000E+00    0.15743E-02    0.00000E+00    0.11700E-02    0.00000E+00    0.13143E-02    0.00000E+00    0.11801E-02    0.00000E+00    0.40066E-05    0.14033E-04    0.51596E-05    0.00000E+00    0.40066E-03    0.00000E+00    0.14033E-02    0.00000E+00    0.51596E-03    0.27084E-01    0.28308E-01    0.22086E-01    0.52977E-01    0.26557E-01    0.32124E-01    0.17744E-01    0.19897E-01    0.15506E-01    0.32535E-01    0.17487E-01    0.21350E-01
8800  0    0.28192E-05    0.10625E-04    0.35998E-05    0.37470E-06    0.24445E-03    0.39962E-06    0.10225E-02    0.37719E-06    0.32226E-03    0.21278E-01    0.22111E-01    0.18658E-01    0.45222E-01    0.21031E-01    0.25387E-01    0.11667E-01    0.12598E-01    0.11777E-01    0.24630E-01    0.11678E-01    0.13802E-01    0.10878E-05    0.17127E-05    0.11316E-05    0.10878E-05    0.00000E+00    0.17127E-05    0.00000E+00    0.11316E-05    0.00000E+00    0.14750E-02    0.00000E+00    0.18508E-02    0.00000E+00    0.15044E-02    0.00000E+00    0.11147E-02    0.00000E+00    0.12428E-02    0.00000E+00    0.11237E-02    0.00000E+00    0.37289E-05    0.13337E-04    0.48339E-05    0.00000E+00    0.37289E-03    0.00000E+00    0.13337E-02    0.00000E+00    0.48339E-03    0.26258E-01    0.27309E-01    0.21284E-01    0.51647E-01    0.25735E-01    0.31093E-01    0.17211E-01    0.19218E-01    0.14982E-01    0.32127E-01    0.16955E-01    0.20702E-01
9000  0    0.32875E-05    0.98321E-05    0.39420E-05    0.54512E-06    0.27424E-03    0.46557E-06    0.93665E-03    0.53717E-06    0.34048E-03    0.21041E-01    0.23420E-01    0.18318E-01    0.43282E-01    0.20785E-01    0.26095E-01    0.11671E-01    0.13485E-01    0.11819E-01    0.23817E-01    0.11686E-01    0.14518E-01    0.15826E-05    0.19953E-05    0.16115E-05    0.15826E-05    0.00000E+00    0.19953E-05    0.00000E+00    0.16115E-05    0.00000E+00    0.17791E-02    0.00000E+00    0.19977E-02    0.00000E+00    0.17953E-02    0.00000E+00    0.14298E-02    0.00000E+00    0.17314E-02    0.00000E+00    0.14509E-02    0.00000E+00    0.41833E-05    0.12217E-04    0.51072E-05    0.00000E+00    0.41833E-03    0.00000E+00    0.12217E-02    0.00000E+00    0.51072E-03    0.25956E-01    0.28925E-01    0.20892E-01    0.49431E-01    0.25425E-01    0.31960E-01    0.17052E-01    0.20570E-01    0.14889E-01    0.31065E-01    0.16803E-01    0.21777E-01
9200  0    0.24440E-05    0.97874E-05    0.31783E-05    0.31095E-06    0.21330E-03    0.33096E-06    0.94565E-03    0.31295E-06    0.28654E-03    0.19973E-01    0.20655E-01    0.17318E-01    0.43489E-01    0.19724E-01    0.23939E-01    0.10950E-01    0.11785E-01    0.10966E-01    0.24035E-01    0.10952E-01    0.13010E-01    0.90276E-06    0.14184E-05    0.93885E-06    0.90276E-06    0.00000E+00    0.14184E-05    0.00000E+00    0.93885E-06    0.00000E+00    0.13437E-02    0.00000E+00    0.16843E-02    0.00000E+00    0.13703E-02    0.00000E+00    0.10151E-02    0.00000E+00    0.11737E-02    0.00000E+00    0.10262E-02    0.00000E+00    0.32538E-05    0.12335E-04    0.42981E-05    0.00000E+00    0.32538E-03    0.00000E+00    0.12335E-02    0.00000E+00    0.42981E-03    0.24649E-01    0.25510E-01    0.19757E-01    0.49668E-01    0.24137E-01    0.29319E-01    0.16170E-01    0.17977E-01    0.13947E-01    0.31351E-01    0.15914E-01    0.19515E-01
9400  0    0.22920E-05    0.94817E-05    0.30110E-05    0.29007E-06    0.20020E-03    0.30943E-06    0.91722E-03    0.29200E-06    0.27190E-03    0.19346E-01    0.20010E-01    0.16668E-01    0.42830E-01    0.19095E-01    0.23319E-01    0.10609E-01    0.11449E-01    0.10581E-01    0.23890E-01    0.10606E-01    0.12693E-01    0.84213E-06    0.13261E-05    0.87600E-06    0.84213E-06    0.00000E+00    0.13261E-05    0.00000E+00    0.87600E-06    0.00000E+00    0.12978E-02    0.00000E+00    0.16286E-02    0.00000E+00    0.13236E-02    0.00000E+00    0.99026E-03    0.00000E+00    0.11552E-02    0.00000E+00    0.10018E-02    0.00000E+00    0.30538E-05    0.11964E-04    0.40785E-05    0.00000E+00    0.30538E-03    0.00000E+00    0.11964E-02    0.00000E+00    0.40785E-03    0.23875E-01    0.24714E-01    0.19014E-01    0.48916E-01    0.23367E-01    0.28560E-01    0.15662E-01    0.17465E-01    0.13450E-01    0.31161E-01    0.15408E-01    0.19040E-01
9600  0    0.21492E-05    0.92548E-05    0.28598E-05    0.26724E-06    0.18820E-03    0.27167E-06    0.89832E-03    0.26769E-06    0.25921E-03    0.18799E-01    0.19401E-01    0.16114E-01    0.42387E-01    0.18548E-01    0.22769E-01    0.10308E-01    0.11060E-01    0.10217E-01    0.23720E-01    0.10299E-01    0.12326E-01    0.77587E-06    0.11643E-05    0.80306E-06    0.77587E-06    0.00000E+00    0.11643E-05    0.00000E+00    0.80306E-06    0.00000E+00    0.12457E-02    0.00000E+00    0.15260E-02    0.00000E+00    0.12673E-02    0.00000E+00    0.96853E-03    0.00000E+00    0.10821E-02    0.00000E+00    0.97648E-03    0.00000E+00    0.28708E-05    0.11717E-04    0.38881E-05    0.00000E+00    0.28708E-03    0.00000E+00    0.11717E-02    0.00000E+00    0.38881E-03    0.23201E-01    0.23962E-01    0.18384E-01    0.48409E-01    0.22699E-01    0.27886E-01    0.15215E-01    0.16871E-01    0.12997E-01    0.30939E-01    0.14960E-01    0.18489E-01
9800  0    0.20670E-05    0.90828E-05    0.27685E-05    0.26112E-06    0.18058E-03    0.26711E-06    0.88157E-03    0.26172E-06    0.25068E-03    0.17988E-01    0.19004E-01    0.15329E-01    0.41990E-01    0.17740E-01    0.22391E-01    0.98698E-02    0.10866E-01    0.97189E-02    0.23401E-01    0.98547E-02    0.12120E-01    0.75810E-06    0.11447E-05    0.78517E-06    0.75810E-06    0.00000E+00    0.11447E-05    0.00000E+00    0.78517E-06    0.00000E+00    0.12313E-02    0.00000E+00    0.15131E-02    0.00000E+00    0.12531E-02    0.00000E+00    0.89783E-03    0.00000E+00    0.11209E-02    0.00000E+00    0.91344E-03    0.00000E+00    0.27547E-05    0.11499E-04    0.37602E-05    0.00000E+00    0.27547E-03    0.00000E+00    0.11499E-02    0.00000E+00    0.37602E-03    0.22199E-01    0.23472E-01    0.17487E-01    0.47956E-01    0.21709E-01    0.27423E-01    0.14584E-01    0.16576E-01    0.12336E-01    0.30523E-01    0.14325E-01    0.18180E-01
10000  0    0.18874E-05    0.85807E-05    0.25568E-05    0.22793E-06    0.16595E-03    0.22138E-06    0.83593E-03    0.22727E-06    0.23295E-03    0.17602E-01    0.18218E-01    0.14917E-01    0.40888E-01    0.17352E-01    0.21585E-01    0.96406E-02    0.10428E-01    0.94668E-02    0.23033E-01    0.96233E-02    0.11688E-01    0.66172E-06    0.94876E-06    0.68181E-06    0.66172E-06    0.00000E+00    0.94876E-06    0.00000E+00    0.68181E-06    0.00000E+00    0.11504E-02    0.00000E+00    0.13775E-02    0.00000E+00    0.11677E-02    0.00000E+00    0.89306E-03    0.00000E+00    0.10159E-02    0.00000E+00    0.90165E-03    0.00000E+00    0.25314E-05    0.10903E-04    0.34942E-05    0.00000E+00    0.25314E-03    0.00000E+00    0.10903E-02    0.00000E+00    0.34942E-03    0.21724E-01    0.22501E-01    0.17019E-01    0.46698E-01    0.21236E-01    0.26436E-01    0.14237E-01    0.15907E-01    0.12039E-01    0.30043E-01    0.13984E-01    0.17533E-01
10200  0    0.17944E-05    0.83121E-05    0.24462E-05    0.21832E-06    0.15761E-03    0.20633E-06    0.81058E-03    0.21712E-06    0.22291E-03    0.17127E-01    0.17755E-01    0.14425E-01    0.40264E-01    0.16877E-01    0.21114E-01    0.93817E-02    0.10209E-01    0.91741E-02    0.22727E-01    0.93609E-02    0.11461E-01    0.63383E-06    0.88429E-06    0.65137E-06    0.63383E-06    0.00000E+00    0.88429E-06    0.00000E+00    0.65137E-06    0.00000E+00    0.11259E-02    0.00000E+00    0.13299E-02    0.00000E+00    0.11414E-02    0.00000E+00    0.89202E-03    0.00000E+00    0.96393E-03    0.00000E+00    0.89705E-03    0.00000E+00    0.24043E-05    0.10573E-04    0.33436E-05    0.00000E+00    0.24043E-03    0.00000E+00    0.10573E-02    0.00000E+00    0.33436E-03    0.21138E-01    0.21928E-01    0.16458E-01    0.45984E-01    0.20654E-01    0.25860E-01    0.13842E-01    0.15573E-01    0.11673E-01    0.29643E-01    0.13593E-01    0.17191E-01
10400  0    0.16745E-05    0.81433E-05    0.23214E-05    0.19600E-06    0.14785E-03    0.17573E-06    0.79676E-03    0.19397E-06    0.21274E-03    0.16595E-01    0.17196E-01    0.13924E-01    0.39919E-01    0.16348E-01    0.20627E-01    0.90789E-02    0.98661E-02    0.88443E-02    0.22499E-01    0.90555E-02    0.11129E-01    0.56904E-06    0.75312E-06    0.58192E-06    0.56904E-06    0.00000E+00    0.75312E-06    0.00000E+00    0.58192E-06    0.00000E+00    0.10668E-02    0.00000E+00    0.12273E-02    0.00000E+00    0.10788E-02    0.00000E+00    0.83273E-03    0.00000E+00    0.91822E-03    0.00000E+00    0.83871E-03    0.00000E+00    0.22553E-05    0.10393E-04    0.31911E-05    0.00000E+00    0.22553E-03    0.00000E+00    0.10393E-02    0.00000E+00    0.31911E-03    0.20482E-01    0.21238E-01    0.15888E-01    0.45591E-01    0.20007E-01    0.25263E-01    0.13412E-01    0.15050E-01    0.11257E-01    0.29346E-01    0.13164E-01    0.16694E-01
10600  1    0.16015E-05    0.83784E-05    0.22792E-05    0.18941E-06    0.14121E-03    0.16832E-06    0.82100E-03    0.18730E-06    0.20919E-03    0.16092E-01    0.16805E-01    0.13421E-01    0.40522E-01    0.15845E-01    0.20454E-01    0.88057E-02    0.96680E-02    0.85576E-02    0.22518E-01    0.87809E-02    0.10953E-01    0.54991E-06    0.72136E-06    0.56191E-06    0.54991E-06    0.00000E+00    0.72136E-06    0.00000E+00    0.56191E-06    0.00000E+00    0.10487E-02    0.00000E+00    0.12011E-02    0.00000E+00    0.10601E-02    0.00000E+00    0.82137E-03    0.00000E+00    0.90319E-03    0.00000E+00    0.82709E-03    0.00000E+00    0.21540E-05    0.10709E-04    0.31378E-05    0.00000E+00    0.21540E-03    0.00000E+00    0.10709E-02    0.00000E+00    0.31378E-03    0.19860E-01    0.20756E-01    0.15313E-01    0.46279E-01    0.19392E-01    0.25051E-01    0.13001E-01    0.14748E-01    0.10887E-01    0.29372E-01    0.12758E-01    0.16430E-01
10800  0    0.15020E-05    0.79554E-05    0.21473E-05    0.17198E-06    0.13300E-03    0.14166E-06    0.78137E-03    0.16895E-06    0.19784E-03    0.15664E-01    0.16309E-01    0.13020E-01    0.39531E-01    0.15420E-01    0.19892E-01    0.85590E-02    0.93705E-02    0.82917E-02    0.22086E-01    0.85323E-02    0.10642E-01    0.49931E-06    0.60713E-06    0.50685E-06    0.49931E-06    0.00000E+00    0.60713E-06    0.00000E+00    0.50685E-06    0.00000E+00    0.99931E-03    0.00000E+00    0.11019E-02    0.00000E+00    0.10068E-02    0.00000E+00    0.78597E-03    0.00000E+00    0.83243E-03    0.00000E+00    0.78922E-03    0.00000E+00    0.20288E-05    0.10192E-04    0.29675E-05    0.00000E+00    0.20288E-03    0.00000E+00    0.10192E-02    0.00000E+00    0.29675E-03    0.19333E-01    0.20143E-01    0.14858E-01    0.45148E-01    0.18872E-01    0.24362E-01    0.12643E-01    0.14294E-01    0.10562E-01    0.28807E-01    0.12404E-01    0.15963E-01
11000  1    0.16521E-05    0.91746E-05    0.24044E-05    0.19468E-06    0.14574E-03    0.15632E-06    0.90182E-03    0.19085E-06    0.22135E-03    0.15078E-01    0.17073E-01    0.12448E-01    0.42469E-01    0.14836E-01    0.21040E-01    0.82867E-02    0.97917E-02    0.79240E-02    0.22844E-01    0.82504E-02    0.11097E-01    0.56521E-06    0.66995E-06    0.57254E-06    0.56521E-06    0.00000E+00    0.66995E-06    0.00000E+00    0.57254E-06    0.00000E+00    0.10632E-02    0.00000E+00    0.11575E-02    0.00000E+00    0.10701E-02    0.00000E+00    0.81077E-03    0.00000E+00    0.87690E-03    0.00000E+00    0.81540E-03    0.00000E+00    0.22232E-05    0.11763E-04    0.33203E-05    0.00000E+00    0.22232E-03    0.00000E+00    0.11763E-02    0.00000E+00    0.33203E-03    0.18606E-01    0.21086E-01    0.14202E-01    0.48503E-01    0.18154E-01    0.25769E-01    0.12215E-01    0.14937E-01    0.10069E-01    0.29796E-01    0.11968E-01    0.16645E-01
11200  0    0.13549E-05    0.77186E-05    0.19912E-05    0.15240E-06    0.12025E-03    0.11397E-06    0.76046E-03    0.14856E-06    0.18427E-03    0.14791E-01    0.15508E-01    0.12185E-01    0.38999E-01    0.14552E-01    0.19197E-01    0.80725E-02    0.89640E-02    0.77603E-02    0.21614E-01    0.80412E-02    0.10229E-01    0.44245E-06    0.48843E-06    0.44567E-06    0.44245E-06    0.00000E+00    0.48843E-06    0.00000E+00    0.44567E-06    0.00000E+00    0.94069E-03    0.00000E+00    0.98836E-03    0.00000E+00    0.94410E-03    0.00000E+00    0.74302E-03    0.00000E+00    0.74838E-03    0.00000E+00    0.74339E-03    0.00000E+00    0.18343E-05    0.99191E-05    0.27640E-05    0.00000E+00    0.18343E-03    0.00000E+00    0.99191E-03    0.00000E+00    0.27640E-03    0.18256E-01    0.19153E-01    0.13906E-01    0.44540E-01    0.17810E-01    0.23512E-01    0.11924E-01    0.13674E-01    0.98943E-02    0.28192E-01    0.11690E-01    0.15343E-01
11400  1    0.11052E-04    0.11392E-04    0.11086E-04    0.41928E-05    0.68592E-03    0.35759E-05    0.78166E-03    0.41311E-05    0.69550E-03    0.17662E-01    0.37038E-01    0.15026E-01    0.39539E-01    0.17416E-01    0.37296E-01    0.11573E-01    0.17090E-01    0.11162E-01    0.24356E-01    0.11532E-01    0.17816E-01    0.12173E-04    0.15325E-04    0.12393E-04    0.12173E-04    0.00000E+00    0.15325E-04    0.00000E+00    0.12393E-04    0.00000E+00    0.49341E-02    0.00000E+00    0.55363E-02    0.00000E+00    0.49786E-02    0.00000E+00    0.46465E-02    0.00000E+00    0.53938E-02    0.00000E+00    0.46988E-02    0.00000E+00    0.10463E-04    0.10196E-04    0.10432E-04    0.00000E+00    0.10463E-02    0.00000E+00    0.10196E-02    0.00000E+00    0.10432E-02    0.21519E-01    0.45745E-01    0.16887E-01    0.45157E-01    0.21038E-01    0.45678E-01    0.15212E-01    0.26069E-01    0.12918E-01    0.31769E-01    0.14949E-01    0.26724E-01
11600  0    0.12341E-05    0.76555E-05    0.18763E-05    0.13624E-06    0.10979E-03    0.93106E-07    0.75624E-03    0.13193E-06    0.17444E-03    0.14067E-01    0.14818E-01    0.11511E-01    0.38891E-01    0.13833E-01    0.18678E-01    0.76730E-02    0.86074E-02    0.73417E-02    0.21213E-01    0.76398E-02    0.98680E-02    0.39555E-06    0.39903E-06    0.39579E-06    0.39555E-06    0.00000E+00    0.39903E-06    0.00000E+00    0.39579E-06    0.00000E+00    0.88944E-03    0.00000E+00    0.89334E-03    0.00000E+00    0.88971E-03    0.00000E+00    0.70739E-03    0.00000E+00    0.67168E-03    0.00000E+00    0.70489E-03    0.00000E+00    0.16748E-05    0.98640E-05    0.26165E-05    0.00000E+00    0.16748E-03    0.00000E+00    0.98640E-03    0.00000E+00    0.26165E-03    0.17362E-01    0.18302E-01    0.13138E-01    0.44416E-01    0.16930E-01    0.22876E-01    0.11333E-01    0.13130E-01    0.93717E-02    0.27669E-01    0.11107E-01    0.14802E-01
11800  0    0.11685E-05    0.73159E-05    0.17832E-05    0.12642E-06    0.10421E-03    0.79428E-07    0.72365E-03    0.12172E-06    0.16615E-03    0.13712E-01    0.14437E-01    0.11191E-01    0.38043E-01    0.13482E-01    0.18229E-01    0.74794E-02    0.83839E-02    0.71226E-02    0.20807E-01    0.74437E-02    0.96262E-02    0.36704E-06    0.34041E-06    0.36517E-06    0.36704E-06    0.00000E+00    0.34041E-06    0.00000E+00    0.36517E-06    0.00000E+00    0.85678E-03    0.00000E+00    0.82511E-03    0.00000E+00    0.85460E-03    0.00000E+00    0.68643E-03    0.00000E+00    0.62041E-03    0.00000E+00    0.68181E-03    0.00000E+00    0.15896E-05    0.94389E-05    0.24923E-05    0.00000E+00    0.15896E-03    0.00000E+00    0.94389E-03    0.00000E+00    0.24923E-03    0.16925E-01    0.17830E-01    0.12773E-01    0.43448E-01    0.16500E-01    0.22326E-01    0.11049E-01    0.12789E-01    0.91015E-02    0.27140E-01    0.10825E-01    0.14439E-01
12000  1    0.11424E-05    0.76246E-05    0.17906E-05    0.12447E-06    0.10179E-03    0.77539E-07    0.75470E-03    0.11978E-06    0.16708E-03    0.13344E-01    0.14268E-01    0.10853E-01    0.38851E-01    0.13116E-01    0.18280E-01    0.72818E-02    0.84241E-02    0.69472E-02    0.20644E-01    0.72484E-02    0.96461E-02    0.36137E-06    0.33231E-06    0.35933E-06    0.36137E-06    0.00000E+00    0.33231E-06    0.00000E+00    0.35933E-06    0.00000E+00    0.85014E-03    0.00000E+00    0.81524E-03    0.00000E+00    0.84774E-03    0.00000E+00    0.68550E-03    0.00000E+00    0.61542E-03    0.00000E+00    0.68060E-03    0.00000E+00    0.15528E-05    0.98439E-05    0.25063E-05    0.00000E+00    0.15528E-03    0.00000E+00    0.98439E-03    0.00000E+00    0.25063E-03    0.16469E-01    0.17623E-01    0.12387E-01    0.44371E-01    0.16053E-01    0.22389E-01    0.10748E-01    0.12850E-01    0.88743E-02    0.26927E-01    0.10532E-01    0.14469E-01
12200  2    0.10774E-05    0.74699E-05    0.17166E-05    0.11532E-06    0.96205E-04    0.66721E-07    0.74032E-03    0.11046E-06    0.16062E-03    0.13065E-01    0.13871E-01    0.10609E-01    0.38479E-01    0.12841E-01    0.17923E-01    0.71282E-02    0.80853E-02    0.67707E-02    0.20540E-01    0.70924E-02    0.93308E-02    0.33479E-06    0.28595E-06    0.33137E-06    0.33479E-06    0.00000E+00    0.28595E-06    0.00000E+00    0.33137E-06    0.00000E+00    0.81828E-03    0.00000E+00    0.75624E-03    0.00000E+00    0.81409E-03    0.00000E+00    0.66730E-03    0.00000E+00    0.57173E-03    0.00000E+00    0.66061E-03    0.00000E+00    0.14675E-05    0.96564E-05    0.24093E-05    0.00000E+00    0.14675E-03    0.00000E+00    0.96564E-03    0.00000E+00    0.24093E-03    0.16125E-01    0.17132E-01    0.12110E-01    0.43946E-01    0.15716E-01    0.21951E-01    0.10523E-01    0.12334E-01    0.86574E-02    0.26791E-01    0.10308E-01    0.13996E-01
12400  0    0.10234E-05    0.71288E-05    0.16340E-05    0.10783E-06    0.91562E-04    0.57311E-07    0.70715E-03    0.10278E-06    0.15312E-03    0.12747E-01    0.13532E-01    0.10329E-01    0.37607E-01    0.12526E-01    0.17500E-01    0.69563E-02    0.78893E-02    0.65731E-02    0.20137E-01    0.69180E-02    0.91140E-02    0.31306E-06    0.24562E-06    0.30834E-06    0.31306E-06    0.00000E+00    0.24562E-06    0.00000E+00    0.30834E-06    0.00000E+00    0.79128E-03    0.00000E+00    0.70089E-03    0.00000E+00    0.78529E-03    0.00000E+00    0.64856E-03    0.00000E+00    0.52411E-03    0.00000E+00    0.63985E-03    0.00000E+00    0.13967E-05    0.92237E-05    0.22968E-05    0.00000E+00    0.13967E-03    0.00000E+00    0.92237E-03    0.00000E+00    0.22968E-03    0.15733E-01    0.16713E-01    0.11790E-01    0.42950E-01    0.15331E-01    0.21433E-01    0.10271E-01    0.12034E-01    0.84141E-02    0.26266E-01    0.10057E-01    0.13671E-01
12600  1    0.99893E-06    0.75183E-05    0.16509E-05    0.10636E-06    0.89257E-04    0.56951E-07    0.74613E-03    0.10142E-06    0.15494E-03    0.12381E-01    0.13361E-01    0.99998E-02    0.38630E-01    0.12164E-01    0.17604E-01    0.67603E-02    0.78250E-02    0.63889E-02    0.20181E-01    0.67232E-02    0.90607E-02    0.30878E-06    0.24408E-06    0.30425E-06    0.30878E-06    0.00000E+00    0.24408E-06    0.00000E+00    0.30425E-06    0.00000E+00    0.78585E-03    0.00000E+00    0.69868E-03    0.00000E+00    0.78007E-03    0.00000E+00    0.65106E-03    0.00000E+00    0.52359E-03    0.00000E+00    0.64213E-03    0.00000E+00    0.13616E-05    0.97321E-05    0.23242E-05    0.00000E+00    0.13616E-03    0.00000E+00    0.97321E-03    0.00000E+00    0.23242E-03    0.15281E-01    0.16502E-01    0.11414E-01    0.44118E-01    0.14888E-01    0.21560E-01    0.99703E-02    0.11936E-01    0.81741E-02    0.26323E-01    0.97637E-02    0.13591E-01
12800  2    0.95035E-06    0.72025E-05    0.15756E-05    0.99899E-07    0.85045E-04    0.49433E-07    0.71530E-03    0.94853E-07    0.14807E-03    0.12171E-01    0.13042E-01    0.98221E-02    0.37823E-01    0.11957E-01    0.17209E-01    0.66424E-02    0.76203E-02    0.62578E-02    0.19850E-01    0.66039E-02    0.88433E-02    0.29003E-06    0.21186E-06    0.28456E-06    0.29003E-06    0.00000E+00    0.21186E-06    0.00000E+00    0.28456E-06    0.00000E+00    0.76162E-03    0.00000E+00    0.65093E-03    0.00000E+00    0.75440E-03    0.00000E+00    0.63258E-03    0.00000E+00    0.48364E-03    0.00000E+00    0.62215E-03    0.00000E+00    0.12973E-05    0.93301E-05    0.22211E-05    0.00000E+00    0.12973E-03    0.00000E+00    0.93301E-03    0.00000E+00    0.22211E-03    0.15022E-01    0.16108E-01    0.11212E-01    0.43197E-01    0.14635E-01    0.21076E-01    0.98001E-02    0.11624E-01    0.80152E-02    0.25891E-01    0.95948E-02    0.13265E-01
13000  3    0.14573E-04    0.14643E-04    0.14580E-04    0.74235E-05    0.71498E-03    0.61388E-05    0.85043E-03    0.72950E-05    0.72852E-03    0.16576E-01    0.37815E-01    0.14357E-01    0.41241E-01    0.16368E-01    0.38171E-01    0.11997E-01    0.17706E-01    0.11467E-01    0.24707E-01    0.11944E-01    0.18406E-01    0.21552E-04    0.26309E-04    0.21885E-04    0.21552E-04    0.00000E+00    0.26309E-04    0.00000E+00    0.21885E-04    0.00000E+00    0.65654E-02    0.00000E+00    0.72538E-02    0.00000E+00    0.66159E-02    0.00000E+00    0.63183E-02    0.00000E+00    0.71291E-02    0.00000E+00    0.63750E-02    0.00000E+00    0.10906E-04    0.11093E-04    0.10928E-04    0.00000E+00    0.10906E-02    0.00000E+00    0.11093E-02    0.00000E+00    0.10928E-02    0.19912E-01    0.46704E-01    0.15900E-01    0.47101E-01    0.19493E-01    0.46750E-01    0.14981E-01    0.27009E-01    0.12788E-01    0.32227E-01    0.14729E-01    0.27609E-01
13200  4    0.88858E-06    0.73408E-05    0.15338E-05    0.92990E-07    0.79559E-04    0.42950E-07    0.72979E-03    0.87986E-07    0.14458E-03    0.11685E-01    0.12614E-01    0.94168E-02    0.38204E-01    0.11479E-01    0.17005E-01    0.63867E-02    0.73902E-02    0.60140E-02    0.19851E-01    0.63494E-02    0.86363E-02    0.26997E-06    0.18407E-06    0.26396E-06    0.26997E-06    0.00000E+00    0.18407E-06    0.00000E+00    0.26396E-06    0.00000E+00    0.73481E-03    0.00000E+00    0.60675E-03    0.00000E+00    0.72658E-03    0.00000E+00    0.61508E-03    0.00000E+00    0.44263E-03    0.00000E+00    0.60301E-03    0.00000E+00    0.12136E-05    0.95190E-05    0.21687E-05    0.00000E+00    0.12136E-03    0.00000E+00    0.95190E-03    0.00000E+00    0.21687E-03    0.14422E-01    0.15580E-01    0.10749E-01    0.43633E-01    0.14049E-01    0.20827E-01    0.94192E-02    0.11273E-01    0.77097E-02    0.25892E-01    0.92226E-02    0.12954E-01
13400  0    0.84913E-06    0.69971E-05    0.14639E-05    0.88139E-07    0.76099E-04    0.38317E-07    0.69587E-03    0.83157E-07    0.13808E-03    0.11444E-01    0.12337E-01    0.92152E-02    0.37306E-01    0.11241E-01    0.16618E-01    0.62578E-02    0.72225E-02    0.58659E-02    0.19467E-01    0.62186E-02    0.84469E-02    0.25589E-06    0.16422E-06    0.24947E-06    0.25589E-06    0.00000E+00    0.16422E-06    0.00000E+00    0.24947E-06    0.00000E+00    0.71538E-03    0.00000E+00    0.57309E-03    0.00000E+00    0.70636E-03    0.00000E+00    0.59838E-03    0.00000E+00    0.40510E-03    0.00000E+00    0.58485E-03    0.00000E+00    0.11608E-05    0.90766E-05    0.20711E-05    0.00000E+00    0.11608E-03    0.00000E+00    0.90766E-03    0.00000E+00    0.20711E-03    0.14125E-01    0.15237E-01    0.10520E-01    0.42607E-01    0.13758E-01    0.20353E-01    0.92314E-02    0.11017E-01    0.75279E-02    0.25392E-01    0.90355E-02    0.12670E-01
13600  1    0.96626E-06    0.83022E-05    0.16999E-05    0.12537E-06    0.84089E-04    0.54788E-07    0.82474E-03    0.11831E-06    0.15815E-03    0.10998E-01    0.12968E-01    0.88144E-02    0.40614E-01    0.10800E-01    0.17785E-01    0.60717E-02    0.76143E-02    0.56241E-02    0.20348E-01    0.60269E-02    0.88877E-02    0.36398E-06    0.23481E-06    0.35494E-06    0.36398E-06    0.00000E+00    0.23481E-06    0.00000E+00    0.35494E-06    0.00000E+00    0.85321E-03    0.00000E+00    0.68528E-03    0.00000E+00    0.84254E-03    0.00000E+00    0.68526E-03    0.00000E+00    0.49211E-03    0.00000E+00    0.67174E-03    0.00000E+00    0.12827E-05    0.10757E-04    0.23723E-05    0.00000E+00    0.12827E-03    0.00000E+00    0.10757E-02    0.00000E+00    0.23723E-03    0.13570E-01    0.16017E-01    0.10060E-01    0.46384E-01    0.13214E-01    0.21782E-01    0.89018E-02    0.11615E-01    0.71860E-02    0.26541E-01    0.87045E-02    0.13331E-01
13800  2    0.80293E-06    0.72847E-05    0.14511E-05    0.83230E-07    0.71970E-04    0.34712E-07    0.72500E-03    0.78378E-07    0.13727E-03    0.10978E-01    0.11998E-01    0.88357E-02    0.38079E-01    0.10783E-01    0.16569E-01    0.60147E-02    0.70344E-02    0.56438E-02    0.19613E-01    0.59776E-02    0.82922E-02    0.24164E-06    0.14876E-06    0.23514E-06    0.24164E-06    0.00000E+00    0.14876E-06    0.00000E+00    0.23514E-06    0.00000E+00    0.69518E-03    0.00000E+00    0.54546E-03    0.00000E+00    0.68576E-03    0.00000E+00    0.58592E-03    0.00000E+00    0.37871E-03    0.00000E+00    0.57142E-03    0.00000E+00    0.10979E-05    0.94565E-05    0.20591E-05    0.00000E+00    0.10979E-03    0.00000E+00    0.94565E-03    0.00000E+00    0.20591E-03    0.13550E-01    0.14818E-01    0.10087E-01    0.43489E-01    0.13198E-01    0.20293E-01    0.88672E-02    0.10730E-01    0.72462E-02    0.25582E-01    0.86807E-02    0.12438E-01
14000  0    0.76986E-06    0.69379E-05    0.13867E-05    0.79492E-07    0.69037E-04    0.31922E-07    0.69060E-03    0.74735E-07    0.13119E-03    0.10773E-01    0.11750E-01    0.86665E-02    0.37164E-01    0.10581E-01    0.16198E-01    0.59049E-02    0.68886E-02    0.55276E-02    0.19265E-01    0.58671E-02    0.81262E-02    0.23078E-06    0.13681E-06    0.22421E-06    0.23078E-06    0.00000E+00    0.13681E-06    0.00000E+00    0.22421E-06    0.00000E+00    0.67939E-03    0.00000E+00    0.52309E-03    0.00000E+00    0.66963E-03    0.00000E+00    0.57252E-03    0.00000E+00    0.37194E-03    0.00000E+00    0.55848E-03    0.00000E+00    0.10531E-05    0.90078E-05    0.19679E-05    0.00000E+00    0.10531E-03    0.00000E+00    0.90078E-03    0.00000E+00    0.19679E-03    0.13296E-01    0.14513E-01    0.98937E-02    0.42445E-01    0.12950E-01    0.19839E-01    0.87066E-02    0.10508E-01    0.70967E-02    0.25128E-01    0.85215E-02    0.12189E-01
14200  1    0.77344E-06    0.76765E-05    0.14637E-05    0.81532E-07    0.69191E-04    0.31976E-07    0.76445E-03    0.76576E-07    0.13872E-03    0.10573E-01    0.11764E-01    0.84973E-02    0.39101E-01    0.10384E-01    0.16656E-01    0.58018E-02    0.69116E-02    0.54366E-02    0.19746E-01    0.57653E-02    0.81951E-02    0.23670E-06    0.13704E-06    0.22973E-06    0.23670E-06    0.00000E+00    0.13704E-06    0.00000E+00    0.22973E-06    0.00000E+00    0.68805E-03    0.00000E+00    0.52353E-03    0.00000E+00    0.67783E-03    0.00000E+00    0.57317E-03    0.00000E+00    0.37696E-03    0.00000E+00    0.55943E-03    0.00000E+00    0.10555E-05    0.99711E-05    0.20808E-05    0.00000E+00    0.10555E-03    0.00000E+00    0.99711E-03    0.00000E+00    0.20808E-03    0.13049E-01    0.14529E-01    0.97002E-02    0.44657E-01    0.12709E-01    0.20400E-01    0.85490E-02    0.10543E-01    0.69765E-02    0.25756E-01    0.83682E-02    0.12293E-01
14400  2    0.73191E-06    0.71272E-05    0.13714E-05    0.76055E-07    0.65585E-04    0.29878E-07    0.70973E-03    0.71437E-07    0.13000E-03    0.10427E-01    0.11453E-01    0.83992E-02    0.37676E-01    0.10242E-01    0.16124E-01    0.57242E-02    0.67239E-02    0.53722E-02    0.19389E-01    0.56890E-02    0.79904E-02    0.22081E-06    0.12805E-06    0.21431E-06    0.22081E-06    0.00000E+00    0.12805E-06    0.00000E+00    0.21431E-06    0.00000E+00    0.66454E-03    0.00000E+00    0.50606E-03    0.00000E+00    0.65469E-03    0.00000E+00    0.56242E-03    0.00000E+00    0.36211E-03    0.00000E+00    0.54840E-03    0.00000E+00    0.10005E-05    0.92573E-05    0.19500E-05    0.00000E+00    0.10005E-03    0.00000E+00    0.92573E-03    0.00000E+00    0.19500E-03    0.12869E-01    0.14145E-01    0.95886E-02    0.43029E-01    0.12535E-01    0.19748E-01    0.84364E-02    0.10257E-01    0.68971E-02    0.25290E-01    0.82594E-02    0.11986E-01
14600  0    0.70369E-06    0.67656E-05    0.13099E-05    0.73336E-07    0.63036E-04    0.28536E-07    0.67371E-03    0.68856E-07    0.12410E-03    0.10227E-01    0.11228E-01    0.82366E-02    0.36707E-01    0.10045E-01    0.15755E-01    0.56176E-02    0.65966E-02    0.52620E-02    0.19015E-01    0.55820E-02    0.78384E-02    0.21291E-06    0.12230E-06    0.20657E-06    0.21291E-06    0.00000E+00    0.12230E-06    0.00000E+00    0.20657E-06    0.00000E+00    0.65255E-03    0.00000E+00    0.49457E-03    0.00000E+00    0.64275E-03    0.00000E+00    0.55225E-03    0.00000E+00    0.35624E-03    0.00000E+00    0.53853E-03    0.00000E+00    0.96156E-06    0.87875E-05    0.18615E-05    0.00000E+00    0.96156E-04    0.00000E+00    0.87875E-03    0.00000E+00    0.18615E-03    0.12622E-01    0.13868E-01    0.94029E-02    0.41923E-01    0.12295E-01    0.19295E-01    0.82790E-02    0.10063E-01    0.67551E-02    0.24802E-01    0.81038E-02    0.11758E-01
14800  1    0.70010E-06    0.71786E-05    0.13480E-05    0.73647E-07    0.62646E-04    0.29150E-07    0.71495E-03    0.69198E-07    0.12788E-03    0.98542E-02    0.11193E-01    0.79315E-02    0.37814E-01    0.96792E-02    0.15992E-01    0.54234E-02    0.65610E-02    0.50964E-02    0.19285E-01    0.53907E-02    0.78335E-02    0.21381E-06    0.12493E-06    0.20759E-06    0.21381E-06    0.00000E+00    0.12493E-06    0.00000E+00    0.20759E-06    0.00000E+00    0.65393E-03    0.00000E+00    0.49986E-03    0.00000E+00    0.64435E-03    0.00000E+00    0.55607E-03    0.00000E+00    0.36334E-03    0.00000E+00    0.54258E-03    0.00000E+00    0.95561E-06    0.93254E-05    0.19181E-05    0.00000E+00    0.95561E-04    0.00000E+00    0.93254E-03    0.00000E+00    0.19181E-03    0.12162E-01    0.13825E-01    0.90542E-02    0.43187E-01    0.11846E-01    0.19586E-01    0.79809E-02    0.10008E-01    0.65369E-02    0.25155E-01    0.78148E-02    0.11750E-01
15000  2    0.67063E-06    0.68988E-05    0.12935E-05    0.70086E-07    0.60055E-04    0.27342E-07    0.68715E-03    0.65812E-07    0.12276E-03    0.97964E-02    0.10959E-01    0.78929E-02    0.37072E-01    0.96230E-02    0.15669E-01    0.53917E-02    0.64399E-02    0.50576E-02    0.19071E-01    0.53583E-02    0.77030E-02    0.20348E-06    0.11718E-06    0.19744E-06    0.20348E-06    0.00000E+00    0.11718E-06    0.00000E+00    0.19744E-06    0.00000E+00    0.63793E-03    0.00000E+00    0.48411E-03    0.00000E+00    0.62839E-03    0.00000E+00    0.54180E-03    0.00000E+00    0.34983E-03    0.00000E+00    0.52836E-03    0.00000E+00    0.91609E-06    0.89628E-05    0.18415E-05    0.00000E+00    0.91609E-04    0.00000E+00    0.89628E-03    0.00000E+00    0.18415E-03    0.12090E-01    0.13536E-01    0.90104E-02    0.42339E-01    0.11777E-01    0.19191E-01    0.79399E-02    0.98236E-02    0.64904E-02    0.24875E-01    0.77732E-02    0.11555E-01
15200  3    0.66624E-06    0.71102E-05    0.13106E-05    0.69724E-07    0.59651E-04    0.27508E-07    0.70827E-03    0.65503E-07    0.12451E-03    0.97052E-02    0.10923E-01    0.78268E-02    0.37637E-01    0.95340E-02    0.15781E-01    0.53411E-02    0.64378E-02    0.50222E-02    0.19297E-01    0.53092E-02    0.77237E-02    0.20243E-06    0.11789E-06    0.19651E-06    0.20243E-06    0.00000E+00    0.11789E-06    0.00000E+00    0.19651E-06    0.00000E+00    0.63628E-03    0.00000E+00    0.48558E-03    0.00000E+00    0.62691E-03    0.00000E+00    0.53797E-03    0.00000E+00    0.34919E-03    0.00000E+00    0.52476E-03    0.00000E+00    0.90994E-06    0.92383E-05    0.18677E-05    0.00000E+00    0.90994E-04    0.00000E+00    0.92383E-03    0.00000E+00    0.18677E-03    0.11978E-01    0.13490E-01    0.89348E-02    0.42984E-01    0.11668E-01    0.19327E-01    0.78648E-02    0.98204E-02    0.64444E-02    0.25170E-01    0.77015E-02    0.11586E-01
15400  4    0.64107E-06    0.68936E-05    0.12663E-05    0.67380E-07    0.57369E-04    0.26775E-07    0.68668E-03    0.63319E-07    0.12030E-03    0.95599E-02    0.10712E-01    0.77291E-02    0.37059E-01    0.93929E-02    0.15511E-01    0.52702E-02    0.62927E-02    0.49586E-02    0.19060E-01    0.52390E-02    0.75695E-02    0.19562E-06    0.11475E-06    0.18996E-06    0.19562E-06    0.00000E+00    0.11475E-06    0.00000E+00    0.18996E-06    0.00000E+00    0.62549E-03    0.00000E+00    0.47906E-03    0.00000E+00    0.61637E-03    0.00000E+00    0.53030E-03    0.00000E+00    0.35235E-03    0.00000E+00    0.51784E-03    0.00000E+00    0.87513E-06    0.89567E-05    0.18045E-05    0.00000E+00    0.87513E-04    0.00000E+00    0.89567E-03    0.00000E+00    0.18045E-03    0.11799E-01    0.13230E-01    0.88233E-02    0.42324E-01    0.11496E-01    0.18997E-01    0.77606E-02    0.95990E-02    0.63605E-02    0.24861E-01    0.75996E-02    0.11354E-01
15600  0    0.62253E-06    0.66428E-05    0.12245E-05    0.66757E-07    0.55577E-04    0.26595E-07    0.66162E-03    0.62741E-07    0.11618E-03    0.93615E-02    0.10543E-01    0.75679E-02    0.36376E-01    0.91979E-02    0.15243E-01    0.51714E-02    0.62217E-02    0.48592E-02    0.18753E-01    0.51402E-02    0.74748E-02    0.19381E-06    0.11398E-06    0.18822E-06    0.19381E-06    0.00000E+00    0.11398E-06    0.00000E+00    0.18822E-06    0.00000E+00    0.62259E-03    0.00000E+00    0.47745E-03    0.00000E+00    0.61355E-03    0.00000E+00    0.53448E-03    0.00000E+00    0.39391E-03    0.00000E+00    0.52464E-03    0.00000E+00    0.84778E-06    0.86298E-05    0.17427E-05    0.00000E+00    0.84778E-04    0.00000E+00    0.86298E-03    0.00000E+00    0.17427E-03    0.11553E-01    0.13021E-01    0.86392E-02    0.41545E-01    0.11257E-01    0.18669E-01    0.76078E-02    0.94907E-02    0.62182E-02    0.24460E-01    0.74480E-02    0.11212E-01
15800  1    0.61809E-06    0.70233E-05    0.12586E-05    0.65172E-07    0.55292E-04    0.26440E-07    0.69969E-03    0.61299E-07    0.11973E-03    0.92945E-02    0.10516E-01    0.75442E-02    0.37408E-01    0.91346E-02    0.15475E-01    0.51340E-02    0.61820E-02    0.48507E-02    0.19149E-01    0.51057E-02    0.74788E-02    0.18921E-06    0.11331E-06    0.18390E-06    0.18921E-06    0.00000E+00    0.11331E-06    0.00000E+00    0.18390E-06    0.00000E+00    0.61516E-03    0.00000E+00    0.47605E-03    0.00000E+00    0.60646E-03    0.00000E+00    0.52248E-03    0.00000E+00    0.35505E-03    0.00000E+00    0.51076E-03    0.00000E+00    0.84344E-06    0.91264E-05    0.17960E-05    0.00000E+00    0.84344E-04    0.00000E+00    0.91264E-03    0.00000E+00    0.17960E-03    0.11471E-01    0.12988E-01    0.86121E-02    0.42723E-01    0.11179E-01    0.18952E-01    0.75570E-02    0.94302E-02    0.62189E-02    0.24978E-01    0.74031E-02    0.11218E-01
16000  2    0.59742E-06    0.67050E-05    0.12082E-05    0.63578E-07    0.53384E-04    0.26361E-07    0.66786E-03    0.59856E-07    0.11483E-03    0.91637E-02    0.10333E-01    0.74453E-02    0.36548E-01    0.90067E-02    0.15155E-01    0.50691E-02    0.60707E-02    0.47814E-02    0.18833E-01    0.50403E-02    0.73470E-02    0.18458E-06    0.11298E-06    0.17957E-06    0.18458E-06    0.00000E+00    0.11298E-06    0.00000E+00    0.17957E-06    0.00000E+00    0.60759E-03    0.00000E+00    0.47534E-03    0.00000E+00    0.59928E-03    0.00000E+00    0.51968E-03    0.00000E+00    0.36681E-03    0.00000E+00    0.50898E-03    0.00000E+00    0.81433E-06    0.87112E-05    0.17225E-05    0.00000E+00    0.81433E-04    0.00000E+00    0.87112E-03    0.00000E+00    0.17225E-03    0.11309E-01    0.12762E-01    0.84991E-02    0.41740E-01    0.11023E-01    0.18561E-01    0.74595E-02    0.92604E-02    0.61250E-02    0.24565E-01    0.73060E-02    0.11020E-01
16200  3    0.44984E-05    0.81435E-05    0.48629E-05    0.26440E-05    0.18544E-03    0.22639E-05    0.58796E-03    0.26060E-05    0.22569E-03    0.81608E-02    0.19258E-01    0.68617E-02    0.34292E-01    0.80403E-02    0.21246E-01    0.60357E-02    0.10813E-01    0.55132E-02    0.18973E-01    0.59834E-02    0.11629E-01    0.76762E-05    0.97026E-05    0.78181E-05    0.76762E-05    0.00000E+00    0.97026E-05    0.00000E+00    0.78181E-05    0.00000E+00    0.39182E-02    0.00000E+00    0.44051E-02    0.00000E+00    0.39543E-02    0.00000E+00    0.36612E-02    0.00000E+00    0.42741E-02    0.00000E+00    0.37041E-02    0.00000E+00    0.28287E-05    0.76690E-05    0.33854E-05    0.00000E+00    0.28287E-03    0.00000E+00    0.76690E-03    0.00000E+00    0.33854E-03    0.96708E-02    0.23785E-01    0.74502E-02    0.39164E-01    0.94420E-02    0.26021E-01    0.72833E-02    0.16495E-01    0.58903E-02    0.24747E-01    0.71231E-02    0.17444E-01
16400  4    0.58094E-06    0.69526E-05    0.12181E-05    0.61507E-07    0.51943E-04    0.25921E-07    0.69266E-03    0.57949E-07    0.11601E-03    0.88799E-02    0.10192E-01    0.72436E-02    0.37220E-01    0.87300E-02    0.15233E-01    0.49250E-02    0.59963E-02    0.46779E-02    0.19037E-01    0.49003E-02    0.73004E-02    0.17857E-06    0.11109E-06    0.17385E-06    0.17857E-06    0.00000E+00    0.11109E-06    0.00000E+00    0.17385E-06    0.00000E+00    0.59761E-03    0.00000E+00    0.47136E-03    0.00000E+00    0.58965E-03    0.00000E+00    0.51279E-03    0.00000E+00    0.36481E-03    0.00000E+00    0.50244E-03    0.00000E+00    0.79235E-06    0.90347E-05    0.17402E-05    0.00000E+00    0.79235E-04    0.00000E+00    0.90347E-03    0.00000E+00    0.17402E-03    0.10959E-01    0.12588E-01    0.82687E-02    0.42508E-01    0.10684E-01    0.18656E-01    0.72433E-02    0.91469E-02    0.59906E-02    0.24831E-01    0.70993E-02    0.10951E-01
16600  0    0.56277E-06    0.66408E-05    0.11706E-05    0.60267E-07    0.50250E-04    0.26423E-07    0.66144E-03    0.56883E-07    0.11137E-03    0.87636E-02    0.10025E-01    0.71532E-02    0.36371E-01    0.86162E-02    0.14924E-01    0.48691E-02    0.58943E-02    0.46312E-02    0.18725E-01    0.48453E-02    0.71774E-02    0.17497E-06    0.11324E-06    0.17065E-06    0.17497E-06    0.00000E+00    0.11324E-06    0.00000E+00    0.17065E-06    0.00000E+00    0.59156E-03    0.00000E+00    0.47590E-03    0.00000E+00    0.58421E-03    0.00000E+00    0.50987E-03    0.00000E+00    0.37785E-03    0.00000E+00    0.50063E-03    0.00000E+00    0.76653E-06    0.86274E-05    0.16705E-05    0.00000E+00    0.76653E-04    0.00000E+00    0.86274E-03    0.00000E+00    0.16705E-03    0.10815E-01    0.12382E-01    0.81653E-02    0.41539E-01    0.10545E-01    0.18279E-01    0.71595E-02    0.89913E-02    0.59257E-02    0.24424E-01    0.70176E-02    0.10766E-01
16800  1    0.57902E-05    0.69205E-05    0.59032E-05    0.25242E-05    0.32660E-03    0.22450E-05    0.46756E-03    0.24963E-05    0.34070E-03    0.79822E-02    0.25558E-01    0.68066E-02    0.30580E-01    0.78726E-02    0.26103E-01    0.58816E-02    0.12789E-01    0.54430E-02    0.17995E-01    0.58378E-02    0.13309E-01    0.73283E-05    0.96214E-05    0.74888E-05    0.73283E-05    0.00000E+00    0.96214E-05    0.00000E+00    0.74888E-05    0.00000E+00    0.38284E-02    0.00000E+00    0.43867E-02    0.00000E+00    0.38701E-02    0.00000E+00    0.35382E-02    0.00000E+00    0.42552E-02    0.00000E+00    0.35884E-02    0.00000E+00    0.49820E-05    0.60985E-05    0.51104E-05    0.00000E+00    0.49820E-03    0.00000E+00    0.60985E-03    0.00000E+00    0.51104E-03    0.94601E-02    0.31566E-01    0.73873E-02    0.34924E-01    0.92454E-02    0.31970E-01    0.71129E-02    0.19508E-01    0.58045E-02    0.23472E-01    0.69624E-02    0.19964E-01
17000  2    0.55028E-06    0.69068E-05    0.11859E-05    0.58440E-07    0.49184E-04    0.26156E-07    0.68807E-03    0.55211E-07    0.11307E-03    0.85325E-02    0.99180E-02    0.69991E-02    0.37096E-01    0.83918E-02    0.15038E-01    0.47545E-02    0.58346E-02    0.45592E-02    0.18947E-01    0.47350E-02    0.71458E-02    0.16966E-06    0.11210E-06    0.16563E-06    0.16966E-06    0.00000E+00    0.11210E-06    0.00000E+00    0.16563E-06    0.00000E+00    0.58252E-03    0.00000E+00    0.47349E-03    0.00000E+00    0.57556E-03    0.00000E+00    0.50262E-03    0.00000E+00    0.37540E-03    0.00000E+00    0.49371E-03    0.00000E+00    0.75026E-06    0.89748E-05    0.16961E-05    0.00000E+00    0.75026E-04    0.00000E+00    0.89748E-03    0.00000E+00    0.16961E-03    0.10530E-01    0.12250E-01    0.79893E-02    0.42367E-01    0.10270E-01    0.18418E-01    0.69885E-02    0.89002E-02    0.58326E-02    0.24713E-01    0.68556E-02    0.10719E-01
17200  0    0.53398E-06    0.66053E-05    0.11411E-05    0.57546E-07    0.47643E-04    0.26837E-07    0.65784E-03    0.54475E-07    0.10866E-03    0.84221E-02    0.97615E-02    0.69131E-02    0.36272E-01    0.82836E-02    0.14742E-01    0.47009E-02    0.57371E-02    0.45131E-02    0.18636E-01    0.46821E-02    0.70270E-02    0.16707E-06    0.11502E-06    0.16343E-06    0.16707E-06    0.00000E+00    0.11502E-06    0.00000E+00    0.16343E-06    0.00000E+00    0.57805E-03    0.00000E+00    0.47962E-03    0.00000E+00    0.57171E-03    0.00000E+00    0.50021E-03    0.00000E+00    0.38625E-03    0.00000E+00    0.49223E-03    0.00000E+00    0.72676E-06    0.85806E-05    0.16299E-05    0.00000E+00    0.72676E-04    0.00000E+00    0.85806E-03    0.00000E+00    0.16299E-03    0.10393E-01    0.12056E-01    0.78909E-02    0.41426E-01    0.10137E-01    0.18055E-01    0.69081E-02    0.87515E-02    0.57691E-02    0.24308E-01    0.67771E-02    0.10541E-01
17400  1    0.72705E-06    0.71143E-05    0.13658E-05    0.15823E-06    0.56882E-04    0.82850E-07    0.70314E-03    0.15069E-06    0.12151E-03    0.79863E-02    0.10666E-01    0.65021E-02    0.37500E-01    0.78505E-02    0.15589E-01    0.46153E-02    0.63692E-02    0.43308E-02    0.18614E-01    0.45869E-02    0.75937E-02    0.45938E-06    0.35507E-06    0.45208E-06    0.45938E-06    0.00000E+00    0.35507E-06    0.00000E+00    0.45208E-06    0.00000E+00    0.95852E-03    0.00000E+00    0.84270E-03    0.00000E+00    0.95087E-03    0.00000E+00    0.82526E-03    0.00000E+00    0.76865E-03    0.00000E+00    0.82130E-03    0.00000E+00    0.86770E-06    0.91714E-05    0.18226E-05    0.00000E+00    0.86770E-04    0.00000E+00    0.91714E-03    0.00000E+00    0.18226E-03    0.98392E-02    0.13173E-01    0.74114E-02    0.42829E-01    0.95914E-02    0.19093E-01    0.66067E-02    0.97158E-02    0.54149E-02    0.24279E-01    0.64697E-02    0.11391E-01
17600  2    0.52448E-06    0.68419E-05    0.11562E-05    0.55608E-07    0.46887E-04    0.26718E-07    0.68152E-03    0.52719E-07    0.11035E-03    0.81997E-02    0.96837E-02    0.67642E-02    0.36919E-01    0.80676E-02    0.14856E-01    0.45871E-02    0.56962E-02    0.44389E-02    0.18827E-01    0.45723E-02    0.70093E-02    0.16144E-06    0.11451E-06    0.15816E-06    0.16144E-06    0.00000E+00    0.11451E-06    0.00000E+00    0.15816E-06    0.00000E+00    0.56823E-03    0.00000E+00    0.47855E-03    0.00000E+00    0.56242E-03    0.00000E+00    0.49187E-03    0.00000E+00    0.38421E-03    0.00000E+00    0.48433E-03    0.00000E+00    0.71523E-06    0.88894E-05    0.16553E-05    0.00000E+00    0.71523E-04    0.00000E+00    0.88894E-03    0.00000E+00    0.16553E-03    0.10119E-01    0.11960E-01    0.77208E-02    0.42165E-01    0.98728E-02    0.18195E-01    0.67388E-02    0.86891E-02    0.56729E-02    0.24558E-01    0.66162E-02    0.10514E-01
17800  0    0.50954E-06    0.65759E-05    0.11162E-05    0.55093E-07    0.45445E-04    0.27336E-07    0.65485E-03    0.52317E-07    0.10639E-03    0.81065E-02    0.95336E-02    0.66939E-02    0.36190E-01    0.79765E-02    0.14587E-01    0.45439E-02    0.56003E-02    0.44013E-02    0.18541E-01    0.45296E-02    0.68943E-02    0.15995E-06    0.11716E-06    0.15695E-06    0.15995E-06    0.00000E+00    0.11716E-06    0.00000E+00    0.15695E-06    0.00000E+00    0.56559E-03    0.00000E+00    0.48406E-03    0.00000E+00    0.56027E-03    0.00000E+00    0.49190E-03    0.00000E+00    0.39193E-03    0.00000E+00    0.48490E-03    0.00000E+00    0.69322E-06    0.85415E-05    0.15958E-05    0.00000E+00    0.69322E-04    0.00000E+00    0.85415E-03    0.00000E+00    0.15958E-03    0.10004E-01    0.11775E-01    0.76404E-02    0.41332E-01    0.97611E-02    0.17865E-01    0.66729E-02    0.85428E-02    0.56215E-02    0.24183E-01    0.65520E-02    0.10341E-01
18000  0    0.49592E-06    0.62861E-05    0.10749E-05    0.54422E-07    0.44150E-04    0.28642E-07    0.62574E-03    0.51844E-07    0.10231E-03    0.79833E-02    0.93968E-02    0.65956E-02    0.35376E-01    0.78556E-02    0.14304E-01    0.44825E-02    0.55241E-02    0.43453E-02    0.18217E-01    0.44688E-02    0.67934E-02    0.15800E-06    0.12275E-06    0.15553E-06    0.15800E-06    0.00000E+00    0.12275E-06    0.00000E+00    0.15553E-06    0.00000E+00    0.56214E-03    0.00000E+00    0.49549E-03    0.00000E+00    0.55773E-03    0.00000E+00    0.49103E-03    0.00000E+00    0.40250E-03    0.00000E+00    0.48483E-03    0.00000E+00    0.67347E-06    0.81618E-05    0.15346E-05    0.00000E+00    0.67347E-04    0.00000E+00    0.81618E-03    0.00000E+00    0.15346E-03    0.98516E-02    0.11606E-01    0.75277E-02    0.40403E-01    0.96130E-02    0.17519E-01    0.65797E-02    0.84266E-02    0.55452E-02    0.23761E-01    0.64608E-02    0.10190E-01
18200  1    0.50246E-06    0.67153E-05    0.11237E-05    0.53176E-07    0.44928E-04    0.27529E-07    0.66878E-03    0.50611E-07    0.10731E-03    0.78970E-02    0.94793E-02    0.65411E-02    0.36573E-01    0.77720E-02    0.14650E-01    0.44289E-02    0.55873E-02    0.43141E-02    0.18662E-01    0.44174E-02    0.68947E-02    0.15438E-06    0.11798E-06    0.15183E-06    0.15438E-06    0.00000E+00    0.11798E-06    0.00000E+00    0.15183E-06    0.00000E+00    0.55566E-03    0.00000E+00    0.48576E-03    0.00000E+00    0.55106E-03    0.00000E+00    0.48235E-03    0.00000E+00    0.39120E-03    0.00000E+00    0.47597E-03    0.00000E+00    0.68534E-06    0.87232E-05    0.16097E-05    0.00000E+00    0.68534E-04    0.00000E+00    0.87232E-03    0.00000E+00    0.16097E-03    0.97451E-02    0.11708E-01    0.74656E-02    0.41769E-01    0.95108E-02    0.17943E-01    0.65025E-02    0.85230E-02    0.55080E-02    0.24341E-01    0.63881E-02    0.10342E-01
18400  2    0.48854E-06    0.64923E-05    0.10889E-05    0.53014E-07    0.43552E-04    0.27798E-07    0.64645E-03    0.50493E-07    0.10384E-03    0.78188E-02    0.93330E-02    0.64914E-02    0.35957E-01    0.76964E-02    0.14411E-01    0.43979E-02    0.54833E-02    0.42902E-02    0.18398E-01    0.43871E-02    0.67748E-02    0.15391E-06    0.11913E-06    0.15148E-06    0.15391E-06    0.00000E+00    0.11913E-06    0.00000E+00    0.15148E-06    0.00000E+00    0.55482E-03    0.00000E+00    0.48812E-03    0.00000E+00    0.55042E-03    0.00000E+00    0.48511E-03    0.00000E+00    0.39511E-03    0.00000E+00    0.47881E-03    0.00000E+00    0.66436E-06    0.84320E-05    0.15576E-05    0.00000E+00    0.66436E-04    0.00000E+00    0.84320E-03    0.00000E+00    0.15576E-03    0.96485E-02    0.11527E-01    0.74088E-02    0.41066E-01    0.94181E-02    0.17650E-01    0.64538E-02    0.83643E-02    0.54757E-02    0.23998E-01    0.63413E-02    0.10162E-01
18600  0    0.47624E-06    0.62239E-05    0.10510E-05    0.52457E-07    0.42379E-04    0.29017E-07    0.61948E-03    0.50113E-07    0.10009E-03    0.77005E-02    0.92064E-02    0.63967E-02    0.35199E-01    0.75802E-02    0.14148E-01    0.43389E-02    0.54058E-02    0.42350E-02    0.18091E-01    0.43285E-02    0.66744E-02    0.15230E-06    0.12436E-06    0.15034E-06    0.15230E-06    0.00000E+00    0.12436E-06    0.00000E+00    0.15034E-06    0.00000E+00    0.55190E-03    0.00000E+00    0.49871E-03    0.00000E+00    0.54834E-03    0.00000E+00    0.48430E-03    0.00000E+00    0.40393E-03    0.00000E+00    0.47868E-03    0.00000E+00    0.64645E-06    0.80802E-05    0.15013E-05    0.00000E+00    0.64645E-04    0.00000E+00    0.80802E-03    0.00000E+00    0.15013E-03    0.95024E-02    0.11371E-01    0.73003E-02    0.40200E-01    0.92758E-02    0.17328E-01    0.63643E-02    0.82462E-02    0.54010E-02    0.23597E-01    0.62535E-02    0.10012E-01
18800  1    0.48744E-06    0.65347E-05    0.10922E-05    0.51123E-07    0.43632E-04    0.29739E-07    0.65050E-03    0.48985E-07    0.10432E-03    0.76445E-02    0.93415E-02    0.63502E-02    0.36069E-01    0.75251E-02    0.14444E-01    0.42930E-02    0.55208E-02    0.42025E-02    0.18453E-01    0.42840E-02    0.68140E-02    0.14842E-06    0.12745E-06    0.14695E-06    0.14842E-06    0.00000E+00    0.12745E-06    0.00000E+00    0.14695E-06    0.00000E+00    0.54483E-03    0.00000E+00    0.50488E-03    0.00000E+00    0.54213E-03    0.00000E+00    0.46935E-03    0.00000E+00    0.39924E-03    0.00000E+00    0.46445E-03    0.00000E+00    0.66558E-06    0.84848E-05    0.15648E-05    0.00000E+00    0.66558E-04    0.00000E+00    0.84848E-03    0.00000E+00    0.15648E-03    0.94334E-02    0.11538E-01    0.72471E-02    0.41194E-01    0.92084E-02    0.17691E-01    0.63021E-02    0.84216E-02    0.53600E-02    0.24069E-01    0.61938E-02    0.10221E-01
19000  2    0.47092E-06    0.64166E-05    0.10655E-05    0.50889E-07    0.42003E-04    0.28211E-07    0.63884E-03    0.48622E-07    0.10169E-03    0.75415E-02    0.91655E-02    0.62942E-02    0.35745E-01    0.74262E-02    0.14261E-01    0.42553E-02    0.53974E-02    0.41800E-02    0.18265E-01    0.42478E-02    0.66841E-02    0.14774E-06    0.12090E-06    0.14586E-06    0.14774E-06    0.00000E+00    0.12090E-06    0.00000E+00    0.14586E-06    0.00000E+00    0.54359E-03    0.00000E+00    0.49174E-03    0.00000E+00    0.54012E-03    0.00000E+00    0.47699E-03    0.00000E+00    0.39744E-03    0.00000E+00    0.47142E-03    0.00000E+00    0.64073E-06    0.83327E-05    0.15253E-05    0.00000E+00    0.64073E-04    0.00000E+00    0.83327E-03    0.00000E+00    0.15253E-03    0.93061E-02    0.11320E-01    0.71834E-02    0.40823E-01    0.90872E-02    0.17466E-01    0.62405E-02    0.82333E-02    0.53312E-02    0.23824E-01    0.61359E-02    0.10026E-01
19200  0    0.45961E-06    0.61868E-05    0.10323E-05    0.50542E-07    0.40907E-04    0.29267E-07    0.61576E-03    0.48415E-07    0.98392E-04    0.74332E-02    0.90451E-02    0.62094E-02    0.35093E-01    0.73200E-02    0.14028E-01    0.42024E-02    0.53184E-02    0.41302E-02    0.17988E-01    0.41952E-02    0.65853E-02    0.14674E-06    0.12543E-06    0.14524E-06    0.14674E-06    0.00000E+00    0.12543E-06    0.00000E+00    0.14524E-06    0.00000E+00    0.54173E-03    0.00000E+00    0.50086E-03    0.00000E+00    0.53897E-03    0.00000E+00    0.47680E-03    0.00000E+00    0.40380E-03    0.00000E+00    0.47169E-03    0.00000E+00    0.62401E-06    0.80316E-05    0.14759E-05    0.00000E+00    0.62401E-04    0.00000E+00    0.80316E-03    0.00000E+00    0.14759E-03    0.91722E-02    0.11171E-01    0.70862E-02    0.40079E-01    0.89570E-02    0.17181E-01    0.61599E-02    0.81128E-02    0.52643E-02    0.23462E-01    0.60569E-02    0.98780E-02
19400  1    0.26059E-05    0.74085E-05    0.30861E-05    0.14802E-05    0.11257E-03    0.11431E-05    0.62653E-03    0.14465E-05    0.16397E-03    0.70525E-02    0.15005E-01    0.59019E-02    0.35399E-01    0.69460E-02    0.18109E-01    0.50401E-02    0.86336E-02    0.46123E-02    0.18713E-01    0.49973E-02    0.96416E-02    0.42973E-05    0.48992E-05    0.43394E-05    0.42973E-05    0.00000E+00    0.48992E-05    0.00000E+00    0.43394E-05    0.00000E+00    0.29316E-02    0.00000E+00    0.31302E-02    0.00000E+00    0.29460E-02    0.00000E+00    0.28020E-02    0.00000E+00    0.30633E-02    0.00000E+00    0.28203E-02    0.00000E+00    0.17172E-05    0.81721E-05    0.24595E-05    0.00000E+00    0.17172E-03    0.00000E+00    0.81721E-03    0.00000E+00    0.24595E-03    0.84472E-02    0.18532E-01    0.65155E-02    0.40428E-01    0.82482E-02    0.22179E-01    0.62160E-02    0.13170E-01    0.50837E-02    0.24409E-01    0.60858E-02    0.14462E-01
19600  2    0.45398E-06    0.62979E-05    0.10384E-05    0.49172E-07    0.40480E-04    0.28753E-07    0.62691E-03    0.47130E-07    0.99124E-04    0.72924E-02    0.89978E-02    0.61199E-02    0.35409E-01    0.71837E-02    0.14080E-01    0.41267E-02    0.53173E-02    0.40793E-02    0.18091E-01    0.41220E-02    0.65946E-02    0.14276E-06    0.12323E-06    0.14139E-06    0.14276E-06    0.00000E+00    0.12323E-06    0.00000E+00    0.14139E-06    0.00000E+00    0.53434E-03    0.00000E+00    0.49645E-03    0.00000E+00    0.53177E-03    0.00000E+00    0.47010E-03    0.00000E+00    0.39971E-03    0.00000E+00    0.46517E-03    0.00000E+00    0.61750E-06    0.81771E-05    0.14869E-05    0.00000E+00    0.61750E-04    0.00000E+00    0.81771E-03    0.00000E+00    0.14869E-03    0.89983E-02    0.11113E-01    0.69840E-02    0.40440E-01    0.87902E-02    0.17244E-01    0.60480E-02    0.81111E-02    0.51992E-02    0.23597E-01    0.59504E-02    0.98920E-02
19800  0    0.44333E-06    0.60914E-05    0.10081E-05    0.49009E-07    0.39432E-04    0.29520E-07    0.60619E-03    0.47060E-07    0.96108E-04    0.71921E-02    0.88806E-02    0.60448E-02    0.34819E-01    0.70857E-02    0.13864E-01    0.40799E-02    0.52393E-02    0.40358E-02    0.17823E-01    0.40755E-02    0.64977E-02    0.14228E-06    0.12651E-06    0.14118E-06    0.14228E-06    0.00000E+00    0.12651E-06    0.00000E+00    0.14118E-06    0.00000E+00    0.53345E-03    0.00000E+00    0.50302E-03    0.00000E+00    0.53137E-03    0.00000E+00    0.47049E-03    0.00000E+00    0.40311E-03    0.00000E+00    0.46577E-03    0.00000E+00    0.60151E-06    0.79068E-05    0.14416E-05    0.00000E+00    0.60151E-04    0.00000E+00    0.79068E-03    0.00000E+00    0.14416E-03    0.88744E-02    0.10968E-01    0.68981E-02    0.39766E-01    0.86701E-02    0.16980E-01    0.59764E-02    0.79922E-02    0.51415E-02    0.23248E-01    0.58804E-02    0.97466E-02
20000  1    0.62971E-04    0.54821E-04    0.62156E-04    0.35004E-04    0.27966E-02    0.22816E-04    0.32005E-02    0.33785E-04    0.28370E-02    0.12637E-01    0.74788E-01    0.12455E-01    0.80007E-01    0.12619E-01    0.75326E-01    0.11564E-01    0.32490E-01    0.11144E-01    0.38361E-01    0.11522E-01    0.33077E-01    0.10163E-03    0.97783E-04    0.10136E-03    0.10163E-03    0.00000E+00    0.97783E-04    0.00000E+00    0.10136E-03    0.00000E+00    0.14257E-01    0.00000E+00    0.13984E-01    0.00000E+00    0.14238E-01    0.00000E+00    0.14148E-01    0.00000E+00    0.13749E-01    0.00000E+00    0.14120E-01    0.00000E+00    0.42661E-04    0.41746E-04    0.42556E-04    0.00000E+00    0.42661E-02    0.00000E+00    0.41746E-02    0.00000E+00    0.42556E-02    0.11697E-01    0.92370E-01    0.11950E-01    0.91374E-01    0.11727E-01    0.92256E-01    0.10206E-01    0.49561E-01    0.10351E-01    0.50036E-01    0.10223E-01    0.49616E-01
20200  2    0.43755E-06    0.60998E-05    0.10038E-05    0.47551E-07    0.39000E-04    0.29057E-07    0.60708E-03    0.45702E-07    0.95807E-04    0.70218E-02    0.88317E-02    0.59171E-02    0.34845E-01    0.69192E-02    0.13842E-01    0.39852E-02    0.52411E-02    0.39568E-02    0.17830E-01    0.39824E-02    0.65000E-02    0.13805E-06    0.12453E-06    0.13711E-06    0.13805E-06    0.00000E+00    0.12453E-06    0.00000E+00    0.13711E-06    0.00000E+00    0.52546E-03    0.00000E+00    0.49906E-03    0.00000E+00    0.52365E-03    0.00000E+00    0.46350E-03    0.00000E+00    0.39901E-03    0.00000E+00    0.45898E-03    0.00000E+00    0.59491E-06    0.79184E-05    0.14371E-05    0.00000E+00    0.59491E-04    0.00000E+00    0.79184E-03    0.00000E+00    0.14371E-03    0.86641E-02    0.10908E-01    0.67522E-02    0.39796E-01    0.84662E-02    0.16954E-01    0.58356E-02    0.79949E-02    0.50397E-02    0.23256E-01    0.57441E-02    0.97499E-02
20400  0    0.42772E-06    0.59240E-05    0.97735E-06    0.47526E-07    0.38020E-04    0.29828E-07    0.58942E-03    0.45756E-07    0.93159E-04    0.69385E-02    0.87200E-02    0.58588E-02    0.34334E-01    0.68382E-02    0.13650E-01    0.39487E-02    0.51657E-02    0.39238E-02    0.17581E-01    0.39462E-02    0.64072E-02    0.13798E-06    0.12783E-06    0.13727E-06    0.13798E-06    0.00000E+00    0.12783E-06    0.00000E+00    0.13727E-06    0.00000E+00    0.52532E-03    0.00000E+00    0.50563E-03    0.00000E+00    0.52396E-03    0.00000E+00    0.46407E-03    0.00000E+00    0.40197E-03    0.00000E+00    0.45972E-03    0.00000E+00    0.57996E-06    0.76881E-05    0.13974E-05    0.00000E+00    0.57996E-04    0.00000E+00    0.76881E-03    0.00000E+00    0.13974E-03    0.85611E-02    0.10770E-01    0.66854E-02    0.39212E-01    0.83669E-02    0.16718E-01    0.57796E-02    0.78798E-02    0.49956E-02    0.22932E-01    0.56895E-02    0.96109E-02
20600  1    0.41576E-05    0.86395E-05    0.46058E-05    0.27236E-05    0.14340E-03    0.23340E-05    0.63055E-03    0.26847E-05    0.19211E-03    0.63298E-02    0.16935E-01    0.56354E-02    0.35512E-01    0.62638E-02    0.19602E-01    0.50708E-02    0.99348E-02    0.47483E-02    0.18600E-01    0.50386E-02    0.10801E-01    0.79073E-05    0.10003E-04    0.80540E-05    0.79073E-05    0.00000E+00    0.10003E-04    0.00000E+00    0.80540E-05    0.00000E+00    0.39767E-02    0.00000E+00    0.44728E-02    0.00000E+00    0.40135E-02    0.00000E+00    0.37541E-02    0.00000E+00    0.43361E-02    0.00000E+00    0.37948E-02    0.00000E+00    0.21875E-05    0.82246E-05    0.28817E-05    0.00000E+00    0.21875E-03    0.00000E+00    0.82246E-03    0.00000E+00    0.28817E-03    0.72669E-02    0.20916E-01    0.59443E-02    0.40558E-01    0.71273E-02    0.24007E-01    0.57626E-02    0.15155E-01    0.48737E-02    0.24261E-01    0.56604E-02    0.16202E-01
20800  2    0.42145E-06    0.59404E-05    0.97334E-06    0.46264E-07    0.37518E-04    0.29688E-07    0.59107E-03    0.44607E-07    0.92874E-04    0.68323E-02    0.86623E-02    0.57905E-02    0.34382E-01    0.67353E-02    0.13629E-01    0.38897E-02    0.51484E-02    0.38829E-02    0.17582E-01    0.38891E-02    0.63917E-02    0.13432E-06    0.12724E-06    0.13382E-06    0.13432E-06    0.00000E+00    0.12724E-06    0.00000E+00    0.13382E-06    0.00000E+00    0.51830E-03    0.00000E+00    0.50445E-03    0.00000E+00    0.51734E-03    0.00000E+00    0.45775E-03    0.00000E+00    0.40222E-03    0.00000E+00    0.45386E-03    0.00000E+00    0.57231E-06    0.77097E-05    0.13931E-05    0.00000E+00    0.57231E-04    0.00000E+00    0.77097E-03    0.00000E+00    0.13931E-03    0.84300E-02    0.10699E-01    0.66073E-02    0.39267E-01    0.82410E-02    0.16692E-01    0.56930E-02    0.78535E-02    0.49422E-02    0.22933E-01    0.56067E-02    0.95876E-02
21000  0    0.41229E-06    0.57652E-05    0.94759E-06    0.46293E-07    0.36600E-04    0.30382E-07    0.57349E-03    0.44702E-07    0.90289E-04    0.67291E-02    0.85557E-02    0.57131E-02    0.33867E-01    0.66346E-02    0.13438E-01    0.38415E-02    0.50782E-02    0.38393E-02    0.17327E-01    0.38413E-02    0.63031E-02    0.13440E-06    0.13021E-06    0.13411E-06    0.13440E-06    0.00000E+00    0.13021E-06    0.00000E+00    0.13411E-06    0.00000E+00    0.51846E-03    0.00000E+00    0.51031E-03    0.00000E+00    0.51789E-03    0.00000E+00    0.45808E-03    0.00000E+00    0.41295E-03    0.00000E+00    0.45492E-03    0.00000E+00    0.55831E-06    0.74802E-05    0.13543E-05    0.00000E+00    0.55831E-04    0.00000E+00    0.74802E-03    0.00000E+00    0.13543E-03    0.83025E-02    0.10567E-01    0.65188E-02    0.38679E-01    0.81174E-02    0.16458E-01    0.56192E-02    0.77464E-02    0.48821E-02    0.22601E-01    0.55345E-02    0.94547E-02
21200  1    0.90521E-06    0.77289E-05    0.15876E-05    0.25130E-06    0.65391E-04    0.10111E-06    0.76278E-03    0.23628E-06    0.13513E-03    0.64176E-02    0.11436E-01    0.52936E-02    0.39058E-01    0.63142E-02    0.16440E-01    0.39389E-02    0.68631E-02    0.36004E-02    0.18614E-01    0.39051E-02    0.80382E-02    0.72957E-06    0.43331E-06    0.70883E-06    0.72957E-06    0.00000E+00    0.43331E-06    0.00000E+00    0.70883E-06    0.00000E+00    0.12079E-02    0.00000E+00    0.93092E-03    0.00000E+00    0.11907E-02    0.00000E+00    0.10828E-02    0.00000E+00    0.81015E-03    0.00000E+00    0.10638E-02    0.00000E+00    0.99749E-06    0.99493E-05    0.20270E-05    0.00000E+00    0.99749E-04    0.00000E+00    0.99493E-03    0.00000E+00    0.20270E-03    0.78778E-02    0.14124E-01    0.60239E-02    0.44608E-01    0.76874E-02    0.20134E-01    0.54396E-02    0.10469E-01    0.44496E-02    0.24280E-01    0.53258E-02    0.12057E-01
21400  2    0.40680E-06    0.57789E-05    0.94402E-06    0.45112E-07    0.36169E-04    0.29881E-07    0.57491E-03    0.43589E-07    0.90043E-04    0.66147E-02    0.85052E-02    0.56375E-02    0.33909E-01    0.65236E-02    0.13420E-01    0.37785E-02    0.50658E-02    0.37930E-02    0.17327E-01    0.37800E-02    0.62920E-02    0.13097E-06    0.12806E-06    0.13077E-06    0.13097E-06    0.00000E+00    0.12806E-06    0.00000E+00    0.13077E-06    0.00000E+00    0.51180E-03    0.00000E+00    0.50608E-03    0.00000E+00    0.51141E-03    0.00000E+00    0.45201E-03    0.00000E+00    0.41017E-03    0.00000E+00    0.44908E-03    0.00000E+00    0.55173E-06    0.74988E-05    0.13506E-05    0.00000E+00    0.55173E-04    0.00000E+00    0.74988E-03    0.00000E+00    0.13506E-03    0.81613E-02    0.10505E-01    0.64324E-02    0.38727E-01    0.79815E-02    0.16436E-01    0.55263E-02    0.77275E-02    0.48226E-02    0.22601E-01    0.54454E-02    0.94379E-02
21600  0    0.39829E-06    0.56145E-05    0.91991E-06    0.45126E-07    0.35317E-04    0.30729E-07    0.55837E-03    0.43686E-07    0.87622E-04    0.65138E-02    0.84044E-02    0.55596E-02    0.33418E-01    0.64248E-02    0.13238E-01    0.37297E-02    0.50001E-02    0.37485E-02    0.17081E-01    0.37316E-02    0.62082E-02    0.13101E-06    0.13170E-06    0.13106E-06    0.13101E-06    0.00000E+00    0.13170E-06    0.00000E+00    0.13106E-06    0.00000E+00    0.51188E-03    0.00000E+00    0.51322E-03    0.00000E+00    0.51197E-03    0.00000E+00    0.45198E-03    0.00000E+00    0.42270E-03    0.00000E+00    0.44993E-03    0.00000E+00    0.53873E-06    0.72831E-05    0.13143E-05    0.00000E+00    0.53873E-04    0.00000E+00    0.72831E-03    0.00000E+00    0.13143E-03    0.80365E-02    0.10380E-01    0.63433E-02    0.38166E-01    0.78604E-02    0.16213E-01    0.54519E-02    0.76272E-02    0.47607E-02    0.22280E-01    0.53724E-02    0.93123E-02
21800  0    0.40744E-06    0.55566E-05    0.92236E-06    0.43174E-07    0.36427E-04    0.30746E-07    0.55259E-03    0.41931E-07    0.88043E-04    0.65427E-02    0.85354E-02    0.55482E-02    0.33244E-01    0.64502E-02    0.13270E-01    0.37173E-02    0.51194E-02    0.37246E-02    0.17120E-01    0.37180E-02    0.63195E-02    0.12534E-06    0.13177E-06    0.12579E-06    0.12534E-06    0.00000E+00    0.13177E-06    0.00000E+00    0.12579E-06    0.00000E+00    0.50069E-03    0.00000E+00    0.51336E-03    0.00000E+00    0.50158E-03    0.00000E+00    0.43806E-03    0.00000E+00    0.41852E-03    0.00000E+00    0.43670E-03    0.00000E+00    0.55566E-06    0.72077E-05    0.13206E-05    0.00000E+00    0.55566E-04    0.00000E+00    0.72077E-03    0.00000E+00    0.13206E-03    0.80727E-02    0.10542E-01    0.63301E-02    0.37968E-01    0.78919E-02    0.16252E-01    0.54403E-02    0.78092E-02    0.47307E-02    0.22331E-01    0.53587E-02    0.94792E-02
22000  1    0.39306E-06    0.56094E-05    0.91469E-06    0.44005E-07    0.34906E-04    0.29988E-07    0.55794E-03    0.42603E-07    0.87209E-04    0.64072E-02    0.83553E-02    0.54872E-02    0.33405E-01    0.63212E-02    0.13207E-01    0.36701E-02    0.49873E-02    0.37023E-02    0.17056E-01    0.36733E-02    0.61942E-02    0.12776E-06    0.12852E-06    0.12781E-06    0.12776E-06    0.00000E+00    0.12852E-06    0.00000E+00    0.12781E-06    0.00000E+00    0.50548E-03    0.00000E+00    0.50699E-03    0.00000E+00    0.50559E-03    0.00000E+00    0.44622E-03    0.00000E+00    0.41822E-03    0.00000E+00    0.44426E-03    0.00000E+00    0.53246E-06    0.72774E-05    0.13081E-05    0.00000E+00    0.53246E-04    0.00000E+00    0.72774E-03    0.00000E+00    0.13081E-03    0.79049E-02    0.10319E-01    0.62605E-02    0.38151E-01    0.77336E-02    0.16175E-01    0.53640E-02    0.76077E-02    0.47019E-02    0.22247E-01    0.52879E-02    0.92913E-02
22200  0    0.38510E-06    0.54522E-05    0.89181E-06    0.44007E-07    0.34110E-04    0.30913E-07    0.54213E-03    0.42698E-07    0.84911E-04    0.63089E-02    0.82595E-02    0.54095E-02    0.32928E-01    0.62248E-02    0.13032E-01    0.36213E-02    0.49255E-02    0.36584E-02    0.16816E-01    0.36250E-02    0.61146E-02    0.12776E-06    0.13248E-06    0.12809E-06    0.12776E-06    0.00000E+00    0.13248E-06    0.00000E+00    0.12809E-06    0.00000E+00    0.50549E-03    0.00000E+00    0.51475E-03    0.00000E+00    0.50615E-03    0.00000E+00    0.44585E-03    0.00000E+00    0.43024E-03    0.00000E+00    0.44476E-03    0.00000E+00    0.52032E-06    0.70712E-05    0.12737E-05    0.00000E+00    0.52032E-04    0.00000E+00    0.70712E-03    0.00000E+00    0.12737E-03    0.77834E-02    0.10201E-01    0.61716E-02    0.37606E-01    0.76154E-02    0.15960E-01    0.52897E-02    0.75135E-02    0.46409E-02    0.21934E-01    0.52151E-02    0.91718E-02
22400  1    0.38836E-06    0.55008E-05    0.89960E-06    0.42545E-07    0.34581E-04    0.31337E-07    0.54695E-03    0.41424E-07    0.85818E-04    0.63239E-02    0.83164E-02    0.54132E-02    0.33074E-01    0.62388E-02    0.13101E-01    0.36123E-02    0.49883E-02    0.36533E-02    0.16985E-01    0.36164E-02    0.61880E-02    0.12352E-06    0.13430E-06    0.12427E-06    0.12352E-06    0.00000E+00    0.13430E-06    0.00000E+00    0.12427E-06    0.00000E+00    0.49703E-03    0.00000E+00    0.51827E-03    0.00000E+00    0.49854E-03    0.00000E+00    0.43564E-03    0.00000E+00    0.42964E-03    0.00000E+00    0.43522E-03    0.00000E+00    0.52751E-06    0.71341E-05    0.12873E-05    0.00000E+00    0.52751E-04    0.00000E+00    0.71341E-03    0.00000E+00    0.12873E-03    0.78022E-02    0.10271E-01    0.61757E-02    0.37773E-01    0.76329E-02    0.16045E-01    0.52814E-02    0.76093E-02    0.46344E-02    0.22154E-01    0.52070E-02    0.92819E-02
22600  0    0.37971E-06    0.54338E-05    0.88512E-06    0.43014E-07    0.33670E-04    0.30190E-07    0.54036E-03    0.41732E-07    0.84339E-04    0.62059E-02    0.82060E-02    0.53386E-02    0.32874E-01    0.61247E-02    0.12988E-01    0.35645E-02    0.49075E-02    0.36135E-02    0.16766E-01    0.35694E-02    0.60933E-02    0.12488E-06    0.12939E-06    0.12520E-06    0.12488E-06    0.00000E+00    0.12939E-06    0.00000E+00    0.12520E-06    0.00000E+00    0.49976E-03    0.00000E+00    0.50870E-03    0.00000E+00    0.50039E-03    0.00000E+00    0.44065E-03    0.00000E+00    0.42643E-03    0.00000E+00    0.43965E-03    0.00000E+00    0.51360E-06    0.70482E-05    0.12651E-05    0.00000E+00    0.51360E-04    0.00000E+00    0.70482E-03    0.00000E+00    0.12651E-03    0.76563E-02    0.10135E-01    0.60906E-02    0.37545E-01    0.74929E-02    0.15906E-01    0.52058E-02    0.74860E-02    0.45835E-02    0.21868E-01    0.51343E-02    0.91399E-02
22800  0    0.37219E-06    0.52859E-05    0.86357E-06    0.43018E-07    0.32917E-04    0.31166E-07    0.52548E-03    0.41833E-07    0.82173E-04    0.61120E-02    0.81138E-02    0.52633E-02    0.32418E-01    0.60325E-02    0.12820E-01    0.35169E-02    0.48516E-02    0.35705E-02    0.16533E-01    0.35223E-02    0.60198E-02    0.12489E-06    0.13357E-06    0.12550E-06    0.12489E-06    0.00000E+00    0.13357E-06    0.00000E+00    0.12550E-06    0.00000E+00    0.49978E-03    0.00000E+00    0.51686E-03    0.00000E+00    0.50100E-03    0.00000E+00    0.44005E-03    0.00000E+00    0.43764E-03    0.00000E+00    0.43988E-03    0.00000E+00    0.50213E-06    0.68541E-05    0.12326E-05    0.00000E+00    0.50213E-04    0.00000E+00    0.68541E-03    0.00000E+00    0.12326E-03    0.75402E-02    0.10021E-01    0.60043E-02    0.37024E-01    0.73798E-02    0.15701E-01    0.51336E-02    0.74007E-02    0.45240E-02    0.21565E-01    0.50635E-02    0.90297E-02
23000  1    0.37556E-06    0.53995E-05    0.87795E-06    0.41552E-07    0.33401E-04    0.29893E-07    0.53696E-03    0.40386E-07    0.83756E-04    0.61191E-02    0.81732E-02    0.52700E-02    0.32771E-01    0.60396E-02    0.12943E-01    0.35085E-02    0.49063E-02    0.35654E-02    0.16739E-01    0.35142E-02    0.60896E-02    0.12064E-06    0.12811E-06    0.12116E-06    0.12064E-06    0.00000E+00    0.12811E-06    0.00000E+00    0.12116E-06    0.00000E+00    0.49119E-03    0.00000E+00    0.50619E-03    0.00000E+00    0.49226E-03    0.00000E+00    0.43289E-03    0.00000E+00    0.42407E-03    0.00000E+00    0.43227E-03    0.00000E+00    0.50950E-06    0.70038E-05    0.12563E-05    0.00000E+00    0.50950E-04    0.00000E+00    0.70038E-03    0.00000E+00    0.12563E-03    0.75492E-02    0.10095E-01    0.60123E-02    0.37427E-01    0.73888E-02    0.15851E-01    0.51246E-02    0.74842E-02    0.45214E-02    0.21834E-01    0.50552E-02    0.91345E-02
23200  2    0.36798E-06    0.52925E-05    0.86043E-06    0.42039E-07    0.32594E-04    0.30170E-07    0.52623E-03    0.40852E-07    0.81958E-04    0.60155E-02    0.80740E-02    0.51974E-02    0.32442E-01    0.59388E-02    0.12803E-01    0.34634E-02    0.48414E-02    0.35281E-02    0.16516E-01    0.34698E-02    0.60089E-02    0.12205E-06    0.12930E-06    0.12256E-06    0.12205E-06    0.00000E+00    0.12930E-06    0.00000E+00    0.12256E-06    0.00000E+00    0.49406E-03    0.00000E+00    0.50853E-03    0.00000E+00    0.49509E-03    0.00000E+00    0.43484E-03    0.00000E+00    0.43147E-03    0.00000E+00    0.43461E-03    0.00000E+00    0.49720E-06    0.68639E-05    0.12294E-05    0.00000E+00    0.49720E-04    0.00000E+00    0.68639E-03    0.00000E+00    0.12294E-03    0.74210E-02    0.99720E-02    0.59292E-02    0.37051E-01    0.72651E-02    0.15680E-01    0.50546E-02    0.73852E-02    0.44705E-02    0.21543E-01    0.49875E-02    0.90133E-02
23400  0    0.83102E-06    0.47888E-05    0.12268E-05    0.34995E-06    0.48107E-04    0.29542E-06    0.44934E-03    0.34450E-06    0.88230E-04    0.66799E-02    0.98089E-02    0.59138E-02    0.29978E-01    0.66072E-02    0.13284E-01    0.43433E-02    0.59689E-02    0.44727E-02    0.16284E-01    0.43563E-02    0.70005E-02    0.10160E-05    0.12661E-05    0.10335E-05    0.10160E-05    0.00000E+00    0.12661E-05    0.00000E+00    0.10335E-05    0.00000E+00    0.14255E-02    0.00000E+00    0.15913E-02    0.00000E+00    0.14377E-02    0.00000E+00    0.13157E-02    0.00000E+00    0.14302E-02    0.00000E+00    0.13237E-02    0.00000E+00    0.73383E-06    0.58610E-05    0.13235E-05    0.00000E+00    0.73383E-04    0.00000E+00    0.58610E-03    0.00000E+00    0.13235E-03    0.81852E-02    0.12115E-01    0.66968E-02    0.34237E-01    0.80281E-02    0.16269E-01    0.59341E-02    0.91051E-02    0.53986E-02    0.21240E-01    0.58725E-02    0.10501E-01
23600  1    0.36324E-06    0.52537E-05    0.85229E-06    0.40775E-07    0.32247E-04    0.29868E-07    0.52238E-03    0.39684E-07    0.81261E-04    0.59310E-02    0.80308E-02    0.51325E-02    0.32323E-01    0.58560E-02    0.12748E-01    0.34109E-02    0.48285E-02    0.34834E-02    0.16474E-01    0.34181E-02    0.59930E-02    0.11838E-06    0.12800E-06    0.11905E-06    0.11838E-06    0.00000E+00    0.12800E-06    0.00000E+00    0.11905E-06    0.00000E+00    0.48658E-03    0.00000E+00    0.50597E-03    0.00000E+00    0.48796E-03    0.00000E+00    0.42832E-03    0.00000E+00    0.42990E-03    0.00000E+00    0.42843E-03    0.00000E+00    0.49190E-06    0.68137E-05    0.12189E-05    0.00000E+00    0.49190E-04    0.00000E+00    0.68137E-03    0.00000E+00    0.12189E-03    0.73168E-02    0.99187E-02    0.58551E-02    0.36915E-01    0.71639E-02    0.15614E-01    0.49780E-02    0.73655E-02    0.44127E-02    0.21487E-01    0.49130E-02    0.89895E-02
23800  2    0.35617E-06    0.51412E-05    0.83468E-06    0.41187E-07    0.31499E-04    0.30371E-07    0.51109E-03    0.40106E-07    0.79457E-04    0.58308E-02    0.79371E-02    0.50583E-02    0.31971E-01    0.57583E-02    0.12606E-01    0.33651E-02    0.47712E-02    0.34435E-02    0.16248E-01    0.33730E-02    0.59189E-02    0.11958E-06    0.13016E-06    0.12032E-06    0.11958E-06    0.00000E+00    0.13016E-06    0.00000E+00    0.12032E-06    0.00000E+00    0.48903E-03    0.00000E+00    0.51022E-03    0.00000E+00    0.49054E-03    0.00000E+00    0.43013E-03    0.00000E+00    0.43795E-03    0.00000E+00    0.43068E-03    0.00000E+00    0.48049E-06    0.66663E-05    0.11919E-05    0.00000E+00    0.48049E-04    0.00000E+00    0.66663E-03    0.00000E+00    0.11919E-03    0.71928E-02    0.98030E-02    0.57702E-02    0.36514E-01    0.70439E-02    0.15439E-01    0.49073E-02    0.72781E-02    0.43582E-02    0.21193E-01    0.48441E-02    0.88783E-02
24000  0    0.50421E-06    0.40861E-05    0.86240E-06    0.62929E-07    0.44128E-04    0.40063E-07    0.40460E-03    0.60642E-07    0.80176E-04    0.59131E-02    0.93945E-02    0.51322E-02    0.28447E-01    0.58397E-02    0.12663E-01    0.34161E-02    0.57885E-02    0.35313E-02    0.15872E-01    0.34276E-02    0.67969E-02    0.18270E-06    0.17170E-06    0.18193E-06    0.18270E-06    0.00000E+00    0.17170E-06    0.00000E+00    0.18193E-06    0.00000E+00    0.60448E-03    0.00000E+00    0.58600E-03    0.00000E+00    0.60320E-03    0.00000E+00    0.48360E-03    0.00000E+00    0.50124E-03    0.00000E+00    0.48484E-03    0.00000E+00    0.67315E-06    0.52774E-05    0.12026E-05    0.00000E+00    0.67315E-04    0.00000E+00    0.52774E-03    0.00000E+00    0.12026E-03    0.72900E-02    0.11603E-01    0.58525E-02    0.32488E-01    0.71395E-02    0.15509E-01    0.49569E-02    0.88299E-02    0.44534E-02    0.20703E-01    0.48990E-02    0.10195E-01
24200  1    0.35119E-06    0.50968E-05    0.82575E-06    0.40215E-07    0.31098E-04    0.29872E-07    0.50670E-03    0.39181E-07    0.78657E-04    0.57463E-02    0.78864E-02    0.49965E-02    0.31834E-01    0.56757E-02    0.12543E-01    0.33155E-02    0.47508E-02    0.34017E-02    0.16178E-01    0.33241E-02    0.58935E-02    0.11675E-06    0.12802E-06    0.11754E-06    0.11675E-06    0.00000E+00    0.12802E-06    0.00000E+00    0.11754E-06    0.00000E+00    0.48323E-03    0.00000E+00    0.50601E-03    0.00000E+00    0.48486E-03    0.00000E+00    0.42489E-03    0.00000E+00    0.43513E-03    0.00000E+00    0.42561E-03    0.00000E+00    0.47437E-06    0.66091E-05    0.11799E-05    0.00000E+00    0.47437E-04    0.00000E+00    0.66091E-03    0.00000E+00    0.11799E-03    0.70884E-02    0.97403E-02    0.56995E-02    0.36357E-01    0.69429E-02    0.15361E-01    0.48342E-02    0.72470E-02    0.43046E-02    0.21102E-01    0.47733E-02    0.88403E-02
24400  2    0.34466E-06    0.49817E-05    0.80836E-06    0.40452E-07    0.30421E-04    0.30630E-07    0.49510E-03    0.39470E-07    0.76889E-04    0.56542E-02    0.78001E-02    0.49232E-02    0.31468E-01    0.55854E-02    0.12401E-01    0.32706E-02    0.46989E-02    0.33601E-02    0.15960E-01    0.32795E-02    0.58250E-02    0.11744E-06    0.13127E-06    0.11841E-06    0.11744E-06    0.00000E+00    0.13127E-06    0.00000E+00    0.11841E-06    0.00000E+00    0.48465E-03    0.00000E+00    0.51239E-03    0.00000E+00    0.48664E-03    0.00000E+00    0.42573E-03    0.00000E+00    0.44412E-03    0.00000E+00    0.42702E-03    0.00000E+00    0.46405E-06    0.64579E-05    0.11533E-05    0.00000E+00    0.46405E-04    0.00000E+00    0.64579E-03    0.00000E+00    0.11533E-03    0.69745E-02    0.96338E-02    0.56156E-02    0.35939E-01    0.68320E-02    0.15188E-01    0.47653E-02    0.71678E-02    0.42476E-02    0.20817E-01    0.47058E-02    0.87375E-02
24600  3    0.34645E-06    0.50177E-05    0.81357E-06    0.39009E-07    0.30744E-04    0.30864E-07    0.49868E-03    0.38195E-07    0.77538E-04    0.57027E-02    0.78414E-02    0.49530E-02    0.31581E-01    0.56322E-02    0.12453E-01    0.32807E-02    0.47314E-02    0.33700E-02    0.16100E-01    0.32896E-02    0.58683E-02    0.11325E-06    0.13227E-06    0.11458E-06    0.11325E-06    0.00000E+00    0.13227E-06    0.00000E+00    0.11458E-06    0.00000E+00    0.47593E-03    0.00000E+00    0.51434E-03    0.00000E+00    0.47872E-03    0.00000E+00    0.41781E-03    0.00000E+00    0.44425E-03    0.00000E+00    0.41966E-03    0.00000E+00    0.46897E-06    0.65046E-05    0.11631E-05    0.00000E+00    0.46897E-04    0.00000E+00    0.65046E-03    0.00000E+00    0.11631E-03    0.70349E-02    0.96848E-02    0.56496E-02    0.36068E-01    0.68897E-02    0.15252E-01    0.47849E-02    0.72174E-02    0.42604E-02    0.21000E-01    0.47246E-02    0.88024E-02
24800  4    0.33946E-06    0.49407E-05    0.79959E-06    0.39686E-07    0.29978E-04    0.30033E-07    0.49107E-03    0.38721E-07    0.76087E-04    0.55763E-02    0.77431E-02    0.48690E-02    0.31339E-01    0.55096E-02    0.12336E-01    0.32263E-02    0.46730E-02    0.33240E-02    0.15874E-01    0.32361E-02    0.57931E-02    0.11522E-06    0.12871E-06    0.11616E-06    0.11522E-06    0.00000E+00    0.12871E-06    0.00000E+00    0.11616E-06    0.00000E+00    0.48004E-03    0.00000E+00    0.50737E-03    0.00000E+00    0.48200E-03    0.00000E+00    0.42147E-03    0.00000E+00    0.44048E-03    0.00000E+00    0.42280E-03    0.00000E+00    0.45729E-06    0.64053E-05    0.11413E-05    0.00000E+00    0.45729E-04    0.00000E+00    0.64053E-03    0.00000E+00    0.11413E-03    0.68784E-02    0.95634E-02    0.55538E-02    0.35792E-01    0.67393E-02    0.15108E-01    0.47000E-02    0.71283E-02    0.42016E-02    0.20706E-01    0.46427E-02    0.86897E-02
25000  5    0.38423E-05    0.42140E-05    0.38795E-05    0.99581E-06    0.28465E-03    0.69080E-06    0.35232E-03    0.96531E-06    0.29142E-03    0.73306E-02    0.23860E-01    0.65168E-02    0.26545E-01    0.72533E-02    0.24142E-01    0.52390E-02    0.10954E-01    0.52316E-02    0.14491E-01    0.52383E-02    0.11308E-01    0.28911E-05    0.29606E-05    0.28959E-05    0.28911E-05    0.00000E+00    0.29606E-05    0.00000E+00    0.28959E-05    0.00000E+00    0.24046E-02    0.00000E+00    0.24333E-02    0.00000E+00    0.24066E-02    0.00000E+00    0.23349E-02    0.00000E+00    0.23335E-02    0.00000E+00    0.23348E-02    0.00000E+00    0.43421E-05    0.45955E-05    0.43712E-05    0.00000E+00    0.43421E-03    0.00000E+00    0.45955E-03    0.00000E+00    0.43712E-03    0.88845E-02    0.29469E-01    0.73206E-02    0.30317E-01    0.87189E-02    0.29568E-01    0.67649E-02    0.16709E-01    0.61137E-02    0.18901E-01    0.66900E-02    0.16961E-01
25200  6    0.33444E-06    0.48572E-05    0.78672E-06    0.38632E-07    0.29581E-04    0.29455E-07    0.48278E-03    0.37714E-07    0.74900E-04    0.54910E-02    0.76917E-02    0.47966E-02    0.31073E-01    0.54255E-02    0.12239E-01    0.31735E-02    0.46482E-02    0.32732E-02    0.15753E-01    0.31834E-02    0.57586E-02    0.11216E-06    0.12624E-06    0.11314E-06    0.11216E-06    0.00000E+00    0.12624E-06    0.00000E+00    0.11314E-06    0.00000E+00    0.47362E-03    0.00000E+00    0.50247E-03    0.00000E+00    0.47570E-03    0.00000E+00    0.41569E-03    0.00000E+00    0.43710E-03    0.00000E+00    0.41718E-03    0.00000E+00    0.45123E-06    0.62971E-05    0.11235E-05    0.00000E+00    0.45123E-04    0.00000E+00    0.62971E-03    0.00000E+00    0.11235E-03    0.67731E-02    0.94998E-02    0.54711E-02    0.35488E-01    0.66364E-02    0.14990E-01    0.46225E-02    0.70904E-02    0.41363E-02    0.20547E-01    0.45666E-02    0.86380E-02
25400  7    0.32845E-06    0.47617E-05    0.77177E-06    0.38986E-07    0.28946E-04    0.30113E-07    0.47316E-03    0.38099E-07    0.73367E-04    0.53999E-02    0.76087E-02    0.47253E-02    0.30762E-01    0.53362E-02    0.12113E-01    0.31299E-02    0.46012E-02    0.32330E-02    0.15547E-01    0.31403E-02    0.56958E-02    0.11318E-06    0.12906E-06    0.11430E-06    0.11318E-06    0.00000E+00    0.12906E-06    0.00000E+00    0.11430E-06    0.00000E+00    0.47578E-03    0.00000E+00    0.50805E-03    0.00000E+00    0.47811E-03    0.00000E+00    0.41706E-03    0.00000E+00    0.44472E-03    0.00000E+00    0.41900E-03    0.00000E+00    0.44156E-06    0.61716E-05    0.11005E-05    0.00000E+00    0.44156E-04    0.00000E+00    0.61716E-03    0.00000E+00    0.11005E-03    0.66603E-02    0.93974E-02    0.53894E-02    0.35133E-01    0.65268E-02    0.14836E-01    0.45554E-02    0.70188E-02    0.40817E-02    0.20278E-01    0.45009E-02    0.85437E-02
25600  8    0.33007E-06    0.47909E-05    0.77616E-06    0.37462E-07    0.29261E-04    0.30404E-07    0.47605E-03    0.36756E-07    0.73940E-04    0.54782E-02    0.76500E-02    0.47806E-02    0.30856E-01    0.54125E-02    0.12161E-01    0.31574E-02    0.46235E-02    0.32581E-02    0.15669E-01    0.31675E-02    0.57281E-02    0.10876E-06    0.13030E-06    0.11027E-06    0.10876E-06    0.00000E+00    0.13030E-06    0.00000E+00    0.11027E-06    0.00000E+00    0.46639E-03    0.00000E+00    0.51049E-03    0.00000E+00    0.46962E-03    0.00000E+00    0.40986E-03    0.00000E+00    0.44561E-03    0.00000E+00    0.41236E-03    0.00000E+00    0.44636E-06    0.62094E-05    0.11091E-05    0.00000E+00    0.44636E-04    0.00000E+00    0.62094E-03    0.00000E+00    0.11091E-03    0.67576E-02    0.94484E-02    0.54525E-02    0.35240E-01    0.66206E-02    0.14894E-01    0.46011E-02    0.70528E-02    0.41141E-02    0.20438E-01    0.45451E-02    0.85921E-02
25800  9    0.32346E-06    0.47339E-05    0.76450E-06    0.38350E-07    0.28511E-04    0.29631E-07    0.47043E-03    0.37478E-07    0.72702E-04    0.53374E-02    0.75512E-02    0.46849E-02    0.30673E-01    0.52758E-02    0.12058E-01    0.30952E-02    0.45729E-02    0.32061E-02    0.15468E-01    0.31063E-02    0.56624E-02    0.11134E-06    0.12699E-06    0.11243E-06    0.11134E-06    0.00000E+00    0.12699E-06    0.00000E+00    0.11243E-06    0.00000E+00    0.47189E-03    0.00000E+00    0.50397E-03    0.00000E+00    0.47420E-03    0.00000E+00    0.41341E-03    0.00000E+00    0.44168E-03    0.00000E+00    0.41539E-03    0.00000E+00    0.43491E-06    0.61360E-05    0.10905E-05    0.00000E+00    0.43491E-04    0.00000E+00    0.61360E-03    0.00000E+00    0.10905E-03    0.65832E-02    0.93264E-02    0.53433E-02    0.35032E-01    0.64527E-02    0.14768E-01    0.45043E-02    0.69756E-02    0.40474E-02    0.20175E-01    0.44517E-02    0.84936E-02
26000  10    0.10572E-04    0.67797E-05    0.10193E-04    0.63228E-05    0.42492E-03    0.41292E-05    0.26505E-03    0.61035E-05    0.40893E-03    0.99713E-02    0.29152E-01    0.94339E-02    0.23024E-01    0.99189E-02    0.28598E-01    0.85359E-02    0.14654E-01    0.84818E-02    0.15133E-01    0.85305E-02    0.14701E-01    0.18357E-04    0.17697E-04    0.18310E-04    0.18357E-04    0.00000E+00    0.17697E-04    0.00000E+00    0.18310E-04    0.00000E+00    0.60591E-02    0.00000E+00    0.59492E-02    0.00000E+00    0.60515E-02    0.00000E+00    0.60051E-02    0.00000E+00    0.57689E-02    0.00000E+00    0.59886E-02    0.00000E+00    0.64818E-05    0.34571E-05    0.61340E-05    0.00000E+00    0.64818E-03    0.00000E+00    0.34571E-03    0.00000E+00    0.61340E-03    0.11506E-01    0.36005E-01    0.10262E-01    0.26295E-01    0.11370E-01    0.35026E-01    0.98656E-02    0.22353E-01    0.93074E-02    0.19738E-01    0.98014E-02    0.22052E-01
26200  11    0.31880E-06    0.46819E-05    0.75511E-06    0.37304E-07    0.28150E-04    0.28997E-07    0.46529E-03    0.36474E-07    0.71863E-04    0.52697E-02    0.75033E-02    0.46303E-02    0.30505E-01    0.52093E-02    0.11989E-01    0.30536E-02    0.45465E-02    0.31669E-02    0.15374E-01    0.30649E-02    0.56293E-02    0.10830E-06    0.12427E-06    0.10942E-06    0.10830E-06    0.00000E+00    0.12427E-06    0.00000E+00    0.10942E-06    0.00000E+00    0.46541E-03    0.00000E+00    0.49854E-03    0.00000E+00    0.46781E-03    0.00000E+00    0.40816E-03    0.00000E+00    0.43786E-03    0.00000E+00    0.41024E-03    0.00000E+00    0.42940E-06    0.60690E-05    0.10780E-05    0.00000E+00    0.42940E-04    0.00000E+00    0.60690E-03    0.00000E+00    0.10780E-03    0.64997E-02    0.92672E-02    0.52810E-02    0.34840E-01    0.63715E-02    0.14683E-01    0.44436E-02    0.69354E-02    0.39975E-02    0.20053E-01    0.43923E-02    0.84439E-02
26400  12    0.31314E-06    0.45982E-05    0.74165E-06    0.37750E-07    0.27539E-04    0.29650E-07    0.45685E-03    0.36940E-07    0.70471E-04    0.51727E-02    0.74215E-02    0.45529E-02    0.30228E-01    0.51141E-02    0.11872E-01    0.30066E-02    0.45029E-02    0.31230E-02    0.15178E-01    0.30183E-02    0.55704E-02    0.10960E-06    0.12707E-06    0.11082E-06    0.10960E-06    0.00000E+00    0.12707E-06    0.00000E+00    0.11082E-06    0.00000E+00    0.46818E-03    0.00000E+00    0.50413E-03    0.00000E+00    0.47078E-03    0.00000E+00    0.40940E-03    0.00000E+00    0.44495E-03    0.00000E+00    0.41189E-03    0.00000E+00    0.42009E-06    0.59589E-05    0.10571E-05    0.00000E+00    0.42009E-04    0.00000E+00    0.59589E-03    0.00000E+00    0.10571E-03    0.63797E-02    0.91661E-02    0.51924E-02    0.34522E-01    0.62546E-02    0.14540E-01    0.43713E-02    0.68688E-02    0.39380E-02    0.19797E-01    0.43214E-02    0.83556E-02
26600  13    0.31561E-06    0.45377E-05    0.73782E-06    0.35865E-07    0.27975E-04    0.30117E-07    0.45075E-03    0.35290E-07    0.70253E-04    0.52435E-02    0.74799E-02    0.45893E-02    0.30025E-01    0.51818E-02    0.11853E-01    0.30266E-02    0.45338E-02    0.31372E-02    0.15261E-01    0.30376E-02    0.56065E-02    0.10412E-06    0.12907E-06    0.10587E-06    0.10412E-06    0.00000E+00    0.12907E-06    0.00000E+00    0.10587E-06    0.00000E+00    0.45634E-03    0.00000E+00    0.50808E-03    0.00000E+00    0.46015E-03    0.00000E+00    0.40014E-03    0.00000E+00    0.44656E-03    0.00000E+00    0.40339E-03    0.00000E+00    0.42673E-06    0.58794E-05    0.10538E-05    0.00000E+00    0.42673E-04    0.00000E+00    0.58794E-03    0.00000E+00    0.10538E-03    0.64677E-02    0.92383E-02    0.52338E-02    0.34291E-01    0.63381E-02    0.14518E-01    0.44065E-02    0.69160E-02    0.39561E-02    0.19905E-01    0.43547E-02    0.84097E-02
26800  14    0.30875E-06    0.45411E-05    0.73199E-06    0.36976E-07    0.27177E-04    0.29024E-07    0.45121E-03    0.36181E-07    0.69581E-04    0.50963E-02    0.73726E-02    0.44922E-02    0.30040E-01    0.50392E-02    0.11797E-01    0.29625E-02    0.44780E-02    0.30812E-02    0.15090E-01    0.29744E-02    0.55392E-02    0.10735E-06    0.12439E-06    0.10854E-06    0.10735E-06    0.00000E+00    0.12439E-06    0.00000E+00    0.10854E-06    0.00000E+00    0.46336E-03    0.00000E+00    0.49877E-03    0.00000E+00    0.46592E-03    0.00000E+00    0.40525E-03    0.00000E+00    0.44082E-03    0.00000E+00    0.40774E-03    0.00000E+00    0.41457E-06    0.58854E-05    0.10437E-05    0.00000E+00    0.41457E-04    0.00000E+00    0.58854E-03    0.00000E+00    0.10437E-03    0.62854E-02    0.91057E-02    0.51231E-02    0.34309E-01    0.61629E-02    0.14448E-01    0.43062E-02    0.68308E-02    0.38848E-02    0.19683E-01    0.42577E-02    0.83088E-02
27000  15    0.25937E-04    0.17323E-04    0.25076E-04    0.17222E-04    0.87148E-03    0.13036E-04    0.42869E-03    0.16804E-04    0.82720E-03    0.13342E-01    0.41749E-01    0.13069E-01    0.29281E-01    0.13315E-01    0.40674E-01    0.12025E-01    0.20913E-01    0.12162E-01    0.17620E-01    0.12039E-01    0.20584E-01    0.50000E-04    0.55869E-04    0.50411E-04    0.50000E-04    0.00000E+00    0.55869E-04    0.00000E+00    0.50411E-04    0.00000E+00    0.10000E-01    0.00000E+00    0.10571E-01    0.00000E+00    0.10041E-01    0.00000E+00    0.98563E-02    0.00000E+00    0.10330E-01    0.00000E+00    0.98895E-02    0.00000E+00    0.13294E-04    0.55915E-05    0.12408E-04    0.00000E+00    0.13294E-02    0.00000E+00    0.55915E-03    0.00000E+00    0.12408E-02    0.14799E-01    0.51563E-01    0.13739E-01    0.33441E-01    0.14681E-01    0.49816E-01    0.13165E-01    0.31902E-01    0.12720E-01    0.22983E-01    0.13113E-01    0.30876E-01
27200  16    0.30430E-06    0.44904E-05    0.72290E-06    0.35923E-07    0.26837E-04    0.28687E-07    0.44617E-03    0.35200E-07    0.68770E-04    0.50628E-02    0.73263E-02    0.44636E-02    0.29872E-01    0.50061E-02    0.11728E-01    0.29381E-02    0.44501E-02    0.30575E-02    0.14996E-01    0.29500E-02    0.55048E-02    0.10429E-06    0.12294E-06    0.10560E-06    0.10429E-06    0.00000E+00    0.12294E-06    0.00000E+00    0.10560E-06    0.00000E+00    0.45671E-03    0.00000E+00    0.49587E-03    0.00000E+00    0.45956E-03    0.00000E+00    0.40055E-03    0.00000E+00    0.43921E-03    0.00000E+00    0.40326E-03    0.00000E+00    0.40938E-06    0.58196E-05    0.10316E-05    0.00000E+00    0.40938E-04    0.00000E+00    0.58196E-03    0.00000E+00    0.10316E-03    0.62441E-02    0.90486E-02    0.50905E-02    0.34116E-01    0.61225E-02    0.14364E-01    0.42713E-02    0.67883E-02    0.38543E-02    0.19561E-01    0.42234E-02    0.82571E-02
27400  17    0.29898E-06    0.44147E-05    0.71056E-06    0.36483E-07    0.26250E-04    0.29123E-07    0.43856E-03    0.35747E-07    0.67481E-04    0.49567E-02    0.72457E-02    0.43804E-02    0.29616E-01    0.49021E-02    0.11617E-01    0.28871E-02    0.44086E-02    0.30101E-02    0.14798E-01    0.28994E-02    0.54476E-02    0.10592E-06    0.12481E-06    0.10724E-06    0.10592E-06    0.00000E+00    0.12481E-06    0.00000E+00    0.10724E-06    0.00000E+00    0.46026E-03    0.00000E+00    0.49962E-03    0.00000E+00    0.46312E-03    0.00000E+00    0.40172E-03    0.00000E+00    0.44390E-03    0.00000E+00    0.40467E-03    0.00000E+00    0.40043E-06    0.57203E-05    0.10122E-05    0.00000E+00    0.40043E-04    0.00000E+00    0.57203E-03    0.00000E+00    0.10122E-03    0.61128E-02    0.89490E-02    0.49952E-02    0.33824E-01    0.59949E-02    0.14228E-01    0.41930E-02    0.67250E-02    0.37911E-02    0.19302E-01    0.41468E-02    0.81713E-02
27600  18    0.30256E-06    0.44818E-05    0.72048E-06    0.34989E-07    0.26757E-04    0.28749E-07    0.44530E-03    0.34365E-07    0.68612E-04    0.50719E-02    0.73154E-02    0.44398E-02    0.29843E-01    0.50123E-02    0.11714E-01    0.29295E-02    0.44609E-02    0.30259E-02    0.14940E-01    0.29391E-02    0.55088E-02    0.10158E-06    0.12321E-06    0.10309E-06    0.10158E-06    0.00000E+00    0.12321E-06    0.00000E+00    0.10309E-06    0.00000E+00    0.45073E-03    0.00000E+00    0.49641E-03    0.00000E+00    0.45408E-03    0.00000E+00    0.39863E-03    0.00000E+00    0.44416E-03    0.00000E+00    0.40182E-03    0.00000E+00    0.40816E-06    0.58083E-05    0.10292E-05    0.00000E+00    0.40816E-04    0.00000E+00    0.58083E-03    0.00000E+00    0.10292E-03    0.62557E-02    0.90351E-02    0.50632E-02    0.34083E-01    0.61304E-02    0.14347E-01    0.42593E-02    0.68048E-02    0.38116E-02    0.19487E-01    0.42078E-02    0.82632E-02
27800  19    0.29433E-06    0.43765E-05    0.70255E-06    0.35848E-07    0.25848E-04    0.28588E-07    0.43479E-03    0.35122E-07    0.66743E-04    0.49043E-02    0.71900E-02    0.43444E-02    0.29489E-01    0.48512E-02    0.11554E-01    0.28575E-02    0.43780E-02    0.29846E-02    0.14705E-01    0.28702E-02    0.54107E-02    0.10407E-06    0.12252E-06    0.10537E-06    0.10407E-06    0.00000E+00    0.12252E-06    0.00000E+00    0.10537E-06    0.00000E+00    0.45623E-03    0.00000E+00    0.49502E-03    0.00000E+00    0.45905E-03    0.00000E+00    0.39854E-03    0.00000E+00    0.44013E-03    0.00000E+00    0.40145E-03    0.00000E+00    0.39429E-06    0.56712E-05    0.10011E-05    0.00000E+00    0.39429E-04    0.00000E+00    0.56712E-03    0.00000E+00    0.10011E-03    0.60481E-02    0.88803E-02    0.49542E-02    0.33678E-01    0.59326E-02    0.14150E-01    0.41495E-02    0.66782E-02    0.37590E-02    0.19181E-01    0.41046E-02    0.81160E-02
28000  20    0.70141E-05    0.62413E-05    0.69369E-05    0.43790E-05    0.26351E-03    0.31898E-05    0.30515E-03    0.42601E-05    0.26768E-03    0.84801E-02    0.22957E-01    0.81096E-02    0.24704E-01    0.84438E-02    0.23138E-01    0.72108E-02    0.11702E-01    0.72855E-02    0.16121E-01    0.72182E-02    0.12144E-01    0.12713E-04    0.13670E-04    0.12780E-04    0.12713E-04    0.00000E+00    0.13670E-04    0.00000E+00    0.12780E-04    0.00000E+00    0.50425E-02    0.00000E+00    0.52288E-02    0.00000E+00    0.50557E-02    0.00000E+00    0.49781E-02    0.00000E+00    0.50663E-02    0.00000E+00    0.49843E-02    0.00000E+00    0.40197E-05    0.39803E-05    0.40151E-05    0.00000E+00    0.40197E-03    0.00000E+00    0.39803E-03    0.00000E+00    0.40151E-03    0.98152E-02    0.28354E-01    0.88011E-02    0.28214E-01    0.97039E-02    0.28338E-01    0.83839E-02    0.17851E-01    0.79609E-02    0.21027E-01    0.83352E-02    0.18216E-01
28200  21    0.28920E-06    0.42213E-05    0.68241E-06    0.34728E-07    0.25447E-04    0.27961E-07    0.41933E-03    0.34051E-07    0.64836E-04    0.48012E-02    0.71340E-02    0.42361E-02    0.28960E-01    0.47477E-02    0.11387E-01    0.27921E-02    0.43459E-02    0.29073E-02    0.14492E-01    0.28036E-02    0.53605E-02    0.10082E-06    0.11983E-06    0.10215E-06    0.10082E-06    0.00000E+00    0.11983E-06    0.00000E+00    0.10215E-06    0.00000E+00    0.44905E-03    0.00000E+00    0.48955E-03    0.00000E+00    0.45201E-03    0.00000E+00    0.39284E-03    0.00000E+00    0.43707E-03    0.00000E+00    0.39593E-03    0.00000E+00    0.38818E-06    0.54696E-05    0.97253E-06    0.00000E+00    0.38818E-04    0.00000E+00    0.54696E-03    0.00000E+00    0.97253E-04    0.59209E-02    0.88111E-02    0.48304E-02    0.33074E-01    0.58059E-02    0.13947E-01    0.40527E-02    0.66294E-02    0.36591E-02    0.18902E-01    0.40074E-02    0.80407E-02
28400  22    0.28589E-06    0.41953E-05    0.67683E-06    0.36145E-07    0.24975E-04    0.26910E-07    0.41684E-03    0.35221E-07    0.64161E-04    0.46863E-02    0.70675E-02    0.41396E-02    0.28873E-01    0.46345E-02    0.11328E-01    0.27349E-02    0.43198E-02    0.28398E-02    0.14334E-01    0.27454E-02    0.53212E-02    0.10494E-06    0.11533E-06    0.10566E-06    0.10494E-06    0.00000E+00    0.11533E-06    0.00000E+00    0.10566E-06    0.00000E+00    0.45812E-03    0.00000E+00    0.48027E-03    0.00000E+00    0.45970E-03    0.00000E+00    0.40112E-03    0.00000E+00    0.42385E-03    0.00000E+00    0.40271E-03    0.00000E+00    0.38097E-06    0.54370E-05    0.96241E-06    0.00000E+00    0.38097E-04    0.00000E+00    0.54370E-03    0.00000E+00    0.96241E-04    0.57784E-02    0.87289E-02    0.47203E-02    0.32976E-01    0.56668E-02    0.13874E-01    0.39612E-02    0.65895E-02    0.35751E-02    0.18697E-01    0.39168E-02    0.79818E-02
28600  23    0.28404E-06    0.41902E-05    0.67466E-06    0.34454E-07    0.24959E-04    0.28242E-07    0.41620E-03    0.33833E-07    0.64083E-04    0.47722E-02    0.70653E-02    0.42208E-02    0.28851E-01    0.47200E-02    0.11321E-01    0.27774E-02    0.43068E-02    0.28978E-02    0.14378E-01    0.27895E-02    0.53140E-02    0.10003E-06    0.12104E-06    0.10150E-06    0.10003E-06    0.00000E+00    0.12104E-06    0.00000E+00    0.10150E-06    0.00000E+00    0.44728E-03    0.00000E+00    0.49201E-03    0.00000E+00    0.45055E-03    0.00000E+00    0.39156E-03    0.00000E+00    0.44031E-03    0.00000E+00    0.39498E-03    0.00000E+00    0.38073E-06    0.54287E-05    0.96124E-06    0.00000E+00    0.38073E-04    0.00000E+00    0.54287E-03    0.00000E+00    0.96124E-04    0.58851E-02    0.87262E-02    0.48129E-02    0.32950E-01    0.57720E-02    0.13865E-01    0.40310E-02    0.65697E-02    0.36457E-02    0.18754E-01    0.39867E-02    0.79709E-02
28800  24    0.27930E-06    0.41320E-05    0.66457E-06    0.35013E-07    0.24428E-04    0.28501E-07    0.41035E-03    0.34362E-07    0.63020E-04    0.46672E-02    0.69898E-02    0.41381E-02    0.28648E-01    0.46170E-02    0.11227E-01    0.27269E-02    0.42666E-02    0.28499E-02    0.14211E-01    0.27392E-02    0.52611E-02    0.10165E-06    0.12215E-06    0.10309E-06    0.10165E-06    0.00000E+00    0.12215E-06    0.00000E+00    0.10309E-06    0.00000E+00    0.45089E-03    0.00000E+00    0.49426E-03    0.00000E+00    0.45406E-03    0.00000E+00    0.39257E-03    0.00000E+00    0.44257E-03    0.00000E+00    0.39607E-03    0.00000E+00    0.37264E-06    0.53524E-05    0.94531E-06    0.00000E+00    0.37264E-04    0.00000E+00    0.53524E-03    0.00000E+00    0.94531E-04    0.57551E-02    0.86329E-02    0.47181E-02    0.32718E-01    0.56455E-02    0.13750E-01    0.39534E-02    0.65084E-02    0.35826E-02    0.18536E-01    0.39107E-02    0.78916E-02
29000  25    0.27946E-06    0.41583E-05    0.66734E-06    0.33777E-07    0.24568E-04    0.28070E-07    0.41302E-03    0.33206E-07    0.63413E-04    0.47418E-02    0.70098E-02    0.41979E-02    0.28741E-01    0.46903E-02    0.11262E-01    0.27584E-02    0.42749E-02    0.28797E-02    0.14309E-01    0.27705E-02    0.52783E-02    0.98062E-07    0.12030E-06    0.99619E-07    0.98062E-07    0.00000E+00    0.12030E-06    0.00000E+00    0.99619E-07    0.00000E+00    0.44286E-03    0.00000E+00    0.49051E-03    0.00000E+00    0.44636E-03    0.00000E+00    0.38873E-03    0.00000E+00    0.44030E-03    0.00000E+00    0.39234E-03    0.00000E+00    0.37477E-06    0.53872E-05    0.95120E-06    0.00000E+00    0.37477E-04    0.00000E+00    0.53872E-03    0.00000E+00    0.95120E-04    0.58477E-02    0.86576E-02    0.47868E-02    0.32824E-01    0.57357E-02    0.13793E-01    0.40035E-02    0.65210E-02    0.36221E-02    0.18664E-01    0.39596E-02    0.79175E-02
29200  26    0.27444E-06    0.41008E-05    0.65707E-06    0.34582E-07    0.23986E-04    0.28150E-07    0.40726E-03    0.33939E-07    0.62314E-04    0.46090E-02    0.69262E-02    0.40977E-02    0.28540E-01    0.45604E-02    0.11164E-01    0.26957E-02    0.42293E-02    0.28232E-02    0.14129E-01    0.27085E-02    0.52193E-02    0.10040E-06    0.12064E-06    0.10182E-06    0.10040E-06    0.00000E+00    0.12064E-06    0.00000E+00    0.10182E-06    0.00000E+00    0.44811E-03    0.00000E+00    0.49121E-03    0.00000E+00    0.45126E-03    0.00000E+00    0.39015E-03    0.00000E+00    0.44024E-03    0.00000E+00    0.39365E-03    0.00000E+00    0.36589E-06    0.53121E-05    0.93470E-06    0.00000E+00    0.36589E-04    0.00000E+00    0.53121E-03    0.00000E+00    0.93470E-04    0.56832E-02    0.85544E-02    0.46721E-02    0.32595E-01    0.55762E-02    0.13673E-01    0.39071E-02    0.64515E-02    0.35485E-02    0.18429E-01    0.38659E-02    0.78290E-02
29400  0    0.27501E-06    0.40344E-05    0.65095E-06    0.32641E-07    0.24237E-04    0.27996E-07    0.40064E-03    0.32177E-07    0.61878E-04    0.46584E-02    0.69624E-02    0.41038E-02    0.28307E-01    0.46059E-02    0.11125E-01    0.27044E-02    0.42360E-02    0.28087E-02    0.14144E-01    0.27149E-02    0.52268E-02    0.94765E-07    0.11998E-06    0.96531E-07    0.94765E-07    0.00000E+00    0.11998E-06    0.00000E+00    0.96531E-07    0.00000E+00    0.43535E-03    0.00000E+00    0.48986E-03    0.00000E+00    0.43939E-03    0.00000E+00    0.38357E-03    0.00000E+00    0.43773E-03    0.00000E+00    0.38736E-03    0.00000E+00    0.36972E-06    0.52258E-05    0.92816E-06    0.00000E+00    0.36972E-04    0.00000E+00    0.52258E-03    0.00000E+00    0.92816E-04    0.57448E-02    0.85991E-02    0.46791E-02    0.32329E-01    0.56325E-02    0.13625E-01    0.39239E-02    0.64617E-02    0.35303E-02    0.18448E-01    0.38786E-02    0.78402E-02
29600  0    0.26929E-06    0.40232E-05    0.64468E-06    0.34013E-07    0.23528E-04    0.28016E-07    0.39952E-03    0.33413E-07    0.61127E-04    0.45202E-02    0.68597E-02    0.40187E-02    0.28267E-01    0.44726E-02    0.11057E-01    0.26454E-02    0.41881E-02    0.27706E-02    0.13990E-01    0.26579E-02    0.51683E-02    0.98746E-07    0.12007E-06    0.10024E-06    0.98746E-07    0.00000E+00    0.12007E-06    0.00000E+00    0.10024E-06    0.00000E+00    0.44440E-03    0.00000E+00    0.49004E-03    0.00000E+00    0.44775E-03    0.00000E+00    0.38680E-03    0.00000E+00    0.44023E-03    0.00000E+00    0.39054E-03    0.00000E+00    0.35890E-06    0.52111E-05    0.91690E-06    0.00000E+00    0.35890E-04    0.00000E+00    0.52111E-03    0.00000E+00    0.91690E-04    0.55735E-02    0.84723E-02    0.45817E-02    0.32283E-01    0.54686E-02    0.13542E-01    0.38322E-02    0.63886E-02    0.34798E-02    0.18248E-01    0.37917E-02    0.77525E-02
29800  0    0.27003E-06    0.40126E-05    0.64429E-06    0.32416E-07    0.23761E-04    0.28834E-07    0.39838E-03    0.32057E-07    0.61223E-04    0.46481E-02    0.68937E-02    0.41080E-02    0.28227E-01    0.45969E-02    0.11066E-01    0.26999E-02    0.42010E-02    0.28183E-02    0.14059E-01    0.27117E-02    0.51868E-02    0.94110E-07    0.12357E-06    0.96172E-07    0.94110E-07    0.00000E+00    0.12357E-06    0.00000E+00    0.96172E-07    0.00000E+00    0.43384E-03    0.00000E+00    0.49714E-03    0.00000E+00    0.43857E-03    0.00000E+00    0.37998E-03    0.00000E+00    0.44974E-03    0.00000E+00    0.38487E-03    0.00000E+00    0.36246E-06    0.51962E-05    0.91834E-06    0.00000E+00    0.36246E-04    0.00000E+00    0.51962E-03    0.00000E+00    0.91834E-04    0.57321E-02    0.85142E-02    0.46836E-02    0.32237E-01    0.56215E-02    0.13552E-01    0.39188E-02    0.64083E-02    0.35391E-02    0.18338E-01    0.38751E-02    0.77802E-02
30000  0    0.26430E-06    0.39875E-05    0.63661E-06    0.33642E-07    0.23065E-04    0.27701E-07    0.39598E-03    0.33048E-07    0.60356E-04    0.44626E-02    0.67920E-02    0.39782E-02    0.28142E-01    0.44166E-02    0.10987E-01    0.26146E-02    0.41484E-02    0.27437E-02    0.13887E-01    0.26275E-02    0.51223E-02    0.97669E-07    0.11872E-06    0.99143E-07    0.97669E-07    0.00000E+00    0.11872E-06    0.00000E+00    0.99143E-07    0.00000E+00    0.44197E-03    0.00000E+00    0.48728E-03    0.00000E+00    0.44529E-03    0.00000E+00    0.38460E-03    0.00000E+00    0.43835E-03    0.00000E+00    0.38836E-03    0.00000E+00    0.35184E-06    0.51649E-05    0.90535E-06    0.00000E+00    0.35184E-04    0.00000E+00    0.51649E-03    0.00000E+00    0.90535E-04    0.55024E-02    0.83886E-02    0.45355E-02    0.32140E-01    0.54000E-02    0.13456E-01    0.37863E-02    0.63281E-02    0.34453E-02    0.18114E-01    0.37471E-02    0.76834E-02
30200  0    0.27205E-06    0.38170E-05    0.62654E-06    0.37502E-07    0.23455E-04    0.36965E-07    0.37800E-03    0.37448E-07    0.58910E-04    0.46051E-02    0.68491E-02    0.40767E-02    0.27496E-01    0.45551E-02    0.10854E-01    0.26846E-02    0.42163E-02    0.28280E-02    0.13780E-01    0.26989E-02    0.51727E-02    0.10888E-06    0.15842E-06    0.11234E-06    0.10888E-06    0.00000E+00    0.15842E-06    0.00000E+00    0.11234E-06    0.00000E+00    0.46664E-03    0.00000E+00    0.56289E-03    0.00000E+00    0.47401E-03    0.00000E+00    0.38666E-03    0.00000E+00    0.48669E-03    0.00000E+00    0.39367E-03    0.00000E+00    0.35778E-06    0.49305E-05    0.88364E-06    0.00000E+00    0.35778E-04    0.00000E+00    0.49305E-03    0.00000E+00    0.88364E-04    0.56776E-02    0.84591E-02    0.46455E-02    0.31402E-01    0.55687E-02    0.13294E-01    0.38920E-02    0.64316E-02    0.35406E-02    0.17975E-01    0.38516E-02    0.77591E-02
30400  1    0.25874E-06    0.38733E-05    0.62020E-06    0.33112E-07    0.22563E-04    0.27401E-07    0.38459E-03    0.32541E-07    0.58766E-04    0.43742E-02    0.67176E-02    0.38938E-02    0.27734E-01    0.43285E-02    0.10841E-01    0.25630E-02    0.41036E-02    0.26856E-02    0.13683E-01    0.25752E-02    0.50615E-02    0.96132E-07    0.11743E-06    0.97623E-07    0.96132E-07    0.00000E+00    0.11743E-06    0.00000E+00    0.97623E-07    0.00000E+00    0.43848E-03    0.00000E+00    0.48463E-03    0.00000E+00    0.44187E-03    0.00000E+00    0.38114E-03    0.00000E+00    0.43675E-03    0.00000E+00    0.38503E-03    0.00000E+00    0.34419E-06    0.50164E-05    0.88149E-06    0.00000E+00    0.34419E-04    0.00000E+00    0.50164E-03    0.00000E+00    0.88149E-04    0.53931E-02    0.82968E-02    0.44390E-02    0.31675E-01    0.52921E-02    0.13278E-01    0.37094E-02    0.62598E-02    0.33700E-02    0.17847E-01    0.36704E-02    0.75923E-02
30600  2    0.25819E-06    0.38816E-05    0.62053E-06    0.32196E-07    0.22600E-04    0.27287E-07    0.38543E-03    0.31705E-07    0.58882E-04    0.44355E-02    0.67230E-02    0.39434E-02    0.27764E-01    0.43888E-02    0.10852E-01    0.25896E-02    0.41044E-02    0.27117E-02    0.13727E-01    0.26018E-02    0.50666E-02    0.93474E-07    0.11694E-06    0.95116E-07    0.93474E-07    0.00000E+00    0.11694E-06    0.00000E+00    0.95116E-07    0.00000E+00    0.43237E-03    0.00000E+00    0.48362E-03    0.00000E+00    0.43616E-03    0.00000E+00    0.37776E-03    0.00000E+00    0.43706E-03    0.00000E+00    0.38191E-03    0.00000E+00    0.34474E-06    0.50273E-05    0.88324E-06    0.00000E+00    0.34474E-04    0.00000E+00    0.50273E-03    0.00000E+00    0.88324E-04    0.54692E-02    0.83035E-02    0.44958E-02    0.31709E-01    0.53662E-02    0.13291E-01    0.37518E-02    0.62609E-02    0.34040E-02    0.17905E-01    0.37118E-02    0.76000E-02
30800  3    0.25381E-06    0.38341E-05    0.61184E-06    0.32932E-07    0.22088E-04    0.27316E-07    0.38068E-03    0.32371E-07    0.57947E-04    0.43131E-02    0.66464E-02    0.38478E-02    0.27593E-01    0.42689E-02    0.10765E-01    0.25312E-02    0.40620E-02    0.26558E-02    0.13565E-01    0.25436E-02    0.50123E-02    0.95610E-07    0.11707E-06    0.97112E-07    0.95610E-07    0.00000E+00    0.11707E-06    0.00000E+00    0.97112E-07    0.00000E+00    0.43729E-03    0.00000E+00    0.48388E-03    0.00000E+00    0.44071E-03    0.00000E+00    0.37973E-03    0.00000E+00    0.43653E-03    0.00000E+00    0.38371E-03    0.00000E+00    0.33693E-06    0.49654E-05    0.86920E-06    0.00000E+00    0.33693E-04    0.00000E+00    0.49654E-03    0.00000E+00    0.86920E-04    0.53176E-02    0.82089E-02    0.43863E-02    0.31513E-01    0.52190E-02    0.13185E-01    0.36616E-02    0.61963E-02    0.33313E-02    0.17694E-01    0.36236E-02    0.75185E-02
31000  4    0.25359E-06    0.38468E-05    0.61290E-06    0.31764E-07    0.22182E-04    0.27020E-07    0.38197E-03    0.31290E-07    0.58161E-04    0.43877E-02    0.66607E-02    0.39099E-02    0.27640E-01    0.43423E-02    0.10785E-01    0.25637E-02    0.40651E-02    0.26895E-02    0.13633E-01    0.25763E-02    0.50219E-02    0.92218E-07    0.11580E-06    0.93869E-07    0.92218E-07    0.00000E+00    0.11580E-06    0.00000E+00    0.93869E-07    0.00000E+00    0.42946E-03    0.00000E+00    0.48125E-03    0.00000E+00    0.43329E-03    0.00000E+00    0.37504E-03    0.00000E+00    0.43589E-03    0.00000E+00    0.37930E-03    0.00000E+00    0.33837E-06    0.49823E-05    0.87242E-06    0.00000E+00    0.33837E-04    0.00000E+00    0.49823E-03    0.00000E+00    0.87242E-04    0.54103E-02    0.82265E-02    0.44575E-02    0.31567E-01    0.53094E-02    0.13209E-01    0.37136E-02    0.62010E-02    0.33754E-02    0.17782E-01    0.36748E-02    0.75329E-02
31200  0    0.24912E-06    0.37999E-05    0.60420E-06    0.32555E-07    0.21657E-04    0.27001E-07    0.37729E-03    0.31999E-07    0.57220E-04    0.42541E-02    0.65813E-02    0.38034E-02    0.27470E-01    0.42112E-02    0.10698E-01    0.24992E-02    0.40213E-02    0.26263E-02    0.13469E-01    0.25119E-02    0.49661E-02    0.94513E-07    0.11572E-06    0.95998E-07    0.94513E-07    0.00000E+00    0.11572E-06    0.00000E+00    0.95998E-07    0.00000E+00    0.43477E-03    0.00000E+00    0.48108E-03    0.00000E+00    0.43817E-03    0.00000E+00    0.37728E-03    0.00000E+00    0.43451E-03    0.00000E+00    0.38128E-03    0.00000E+00    0.33036E-06    0.49212E-05    0.85830E-06    0.00000E+00    0.33036E-04    0.00000E+00    0.49212E-03    0.00000E+00    0.85830E-04    0.52446E-02    0.81284E-02    0.43357E-02    0.31373E-01    0.51483E-02    0.13102E-01    0.36140E-02    0.61341E-02    0.32934E-02    0.17569E-01    0.35772E-02    0.74491E-02
31400  0    0.24899E-06    0.36994E-05    0.59403E-06    0.30831E-07    0.21815E-04    0.26569E-07    0.36728E-03    0.30405E-07    0.56362E-04    0.42651E-02    0.66054E-02    0.37864E-02    0.27103E-01    0.42197E-02    0.10617E-01    0.24904E-02    0.40241E-02    0.26044E-02    0.13429E-01    0.25018E-02    0.49645E-02    0.89510E-07    0.11387E-06    0.91215E-07    0.89510E-07    0.00000E+00    0.11387E-06    0.00000E+00    0.91215E-07    0.00000E+00    0.42311E-03    0.00000E+00    0.47721E-03    0.00000E+00    0.42712E-03    0.00000E+00    0.36850E-03    0.00000E+00    0.43285E-03    0.00000E+00    0.37301E-03    0.00000E+00    0.33278E-06    0.47907E-05    0.84543E-06    0.00000E+00    0.33278E-04    0.00000E+00    0.47907E-03    0.00000E+00    0.84543E-04    0.52588E-02    0.81582E-02    0.43164E-02    0.30954E-01    0.51592E-02    0.13003E-01    0.36053E-02    0.61384E-02    0.32653E-02    0.17516E-01    0.35662E-02    0.74468E-02
31600  0    0.24453E-06    0.36844E-05    0.58851E-06    0.31909E-07    0.21262E-04    0.26364E-07    0.36580E-03    0.31355E-07    0.55716E-04    0.41496E-02    0.65210E-02    0.37012E-02    0.27048E-01    0.41070E-02    0.10556E-01    0.24382E-02    0.39826E-02    0.25564E-02    0.13282E-01    0.24501E-02    0.49126E-02    0.92639E-07    0.11299E-06    0.94064E-07    0.92639E-07    0.00000E+00    0.11299E-06    0.00000E+00    0.94064E-07    0.00000E+00    0.43044E-03    0.00000E+00    0.47537E-03    0.00000E+00    0.43374E-03    0.00000E+00    0.37311E-03    0.00000E+00    0.43039E-03    0.00000E+00    0.37712E-03    0.00000E+00    0.32433E-06    0.47713E-05    0.83574E-06    0.00000E+00    0.32433E-04    0.00000E+00    0.47713E-03    0.00000E+00    0.83574E-04    0.51156E-02    0.80540E-02    0.42189E-02    0.30891E-01    0.50207E-02    0.12929E-01    0.35233E-02    0.60751E-02    0.32035E-02    0.17325E-01    0.34865E-02    0.73688E-02
31800  1    0.24390E-06    0.37006E-05    0.58958E-06    0.30981E-07    0.21292E-04    0.26347E-07    0.36743E-03    0.30517E-07    0.55906E-04    0.42186E-02    0.65257E-02    0.37592E-02    0.27108E-01    0.41750E-02    0.10574E-01    0.24693E-02    0.39815E-02    0.25889E-02    0.13333E-01    0.24813E-02    0.49166E-02    0.89944E-07    0.11292E-06    0.91552E-07    0.89944E-07    0.00000E+00    0.11292E-06    0.00000E+00    0.91552E-07    0.00000E+00    0.42413E-03    0.00000E+00    0.47522E-03    0.00000E+00    0.42791E-03    0.00000E+00    0.36997E-03    0.00000E+00    0.43215E-03    0.00000E+00    0.37432E-03    0.00000E+00    0.32480E-06    0.47925E-05    0.83859E-06    0.00000E+00    0.32480E-04    0.00000E+00    0.47925E-03    0.00000E+00    0.83859E-04    0.52013E-02    0.80598E-02    0.42853E-02    0.30960E-01    0.51043E-02    0.12951E-01    0.35723E-02    0.60734E-02    0.32454E-02    0.17391E-01    0.35347E-02    0.73749E-02
32000  0    0.23979E-06    0.36578E-05    0.58159E-06    0.31746E-07    0.20804E-04    0.26464E-07    0.36313E-03    0.31218E-07    0.55037E-04    0.41049E-02    0.64505E-02    0.36693E-02    0.26949E-01    0.40635E-02    0.10492E-01    0.24152E-02    0.39402E-02    0.25360E-02    0.13176E-01    0.24273E-02    0.48638E-02    0.92167E-07    0.11342E-06    0.93655E-07    0.92167E-07    0.00000E+00    0.11342E-06    0.00000E+00    0.93655E-07    0.00000E+00    0.42934E-03    0.00000E+00    0.47627E-03    0.00000E+00    0.43279E-03    0.00000E+00    0.37177E-03    0.00000E+00    0.43160E-03    0.00000E+00    0.37596E-03    0.00000E+00    0.31735E-06    0.47365E-05    0.82556E-06    0.00000E+00    0.31735E-04    0.00000E+00    0.47365E-03    0.00000E+00    0.82556E-04    0.50604E-02    0.79668E-02    0.41824E-02    0.30778E-01    0.49673E-02    0.12850E-01    0.34889E-02    0.60105E-02    0.31765E-02    0.17186E-01    0.34530E-02    0.72957E-02
32200  1    0.23964E-06    0.36769E-05    0.58336E-06    0.30529E-07    0.20911E-04    0.25893E-07    0.36510E-03    0.30065E-07    0.55330E-04    0.41814E-02    0.64671E-02    0.37356E-02    0.27022E-01    0.41390E-02    0.10519E-01    0.24487E-02    0.39420E-02    0.25722E-02    0.13250E-01    0.24610E-02    0.48728E-02    0.88632E-07    0.11097E-06    0.90196E-07    0.88632E-07    0.00000E+00    0.11097E-06    0.00000E+00    0.90196E-07    0.00000E+00    0.42103E-03    0.00000E+00    0.47111E-03    0.00000E+00    0.42472E-03    0.00000E+00    0.36749E-03    0.00000E+00    0.42887E-03    0.00000E+00    0.37179E-03    0.00000E+00    0.31899E-06    0.47621E-05    0.82995E-06    0.00000E+00    0.31899E-04    0.00000E+00    0.47621E-03    0.00000E+00    0.82995E-04    0.51554E-02    0.79873E-02    0.42584E-02    0.30861E-01    0.50603E-02    0.12884E-01    0.35422E-02    0.60133E-02    0.32245E-02    0.17282E-01    0.35057E-02    0.73092E-02
32400  0    0.23544E-06    0.36317E-05    0.57506E-06    0.31342E-07    0.20409E-04    0.26120E-07    0.36055E-03    0.30820E-07    0.54424E-04    0.40589E-02    0.63890E-02    0.36371E-02    0.26853E-01    0.40188E-02    0.10433E-01    0.23900E-02    0.38998E-02    0.25140E-02    0.13087E-01    0.24024E-02    0.48186E-02    0.90993E-07    0.11194E-06    0.92460E-07    0.90993E-07    0.00000E+00    0.11194E-06    0.00000E+00    0.92460E-07    0.00000E+00    0.42660E-03    0.00000E+00    0.47317E-03    0.00000E+00    0.43002E-03    0.00000E+00    0.36904E-03    0.00000E+00    0.42902E-03    0.00000E+00    0.37324E-03    0.00000E+00    0.31133E-06    0.47029E-05    0.81636E-06    0.00000E+00    0.31133E-04    0.00000E+00    0.47029E-03    0.00000E+00    0.81636E-04    0.50036E-02    0.78909E-02    0.41457E-02    0.30669E-01    0.49126E-02    0.12778E-01    0.34518E-02    0.59489E-02    0.31486E-02    0.17070E-01    0.34169E-02    0.72279E-02
32600  0    0.23409E-06    0.35806E-05    0.56873E-06    0.30310E-07    0.20378E-04    0.25602E-07    0.35550E-03    0.29840E-07    0.53889E-04    0.40736E-02    0.63840E-02    0.36335E-02    0.26664E-01    0.40317E-02    0.10382E-01    0.23882E-02    0.38902E-02    0.25027E-02    0.13049E-01    0.23997E-02    0.48061E-02    0.87998E-07    0.10972E-06    0.89519E-07    0.87998E-07    0.00000E+00    0.10972E-06    0.00000E+00    0.89519E-07    0.00000E+00    0.41952E-03    0.00000E+00    0.46845E-03    0.00000E+00    0.42313E-03    0.00000E+00    0.36475E-03    0.00000E+00    0.42548E-03    0.00000E+00    0.36901E-03    0.00000E+00    0.31084E-06    0.46369E-05    0.80834E-06    0.00000E+00    0.31084E-04    0.00000E+00    0.46369E-03    0.00000E+00    0.80834E-04    0.50220E-02    0.78847E-02    0.41418E-02    0.30453E-01    0.49288E-02    0.12715E-01    0.34514E-02    0.59342E-02    0.31349E-02    0.17020E-01    0.34150E-02    0.72091E-02
32800  1    0.35825E-06    0.38786E-05    0.71029E-06    0.10925E-06    0.24900E-04    0.68506E-07    0.38101E-03    0.10518E-06    0.60511E-04    0.39296E-02    0.70570E-02    0.34507E-02    0.27605E-01    0.38844E-02    0.11001E-01    0.24386E-02    0.43913E-02    0.24218E-02    0.13279E-01    0.24370E-02    0.52801E-02    0.31718E-06    0.29360E-06    0.31553E-06    0.31718E-06    0.00000E+00    0.29360E-06    0.00000E+00    0.31553E-06    0.00000E+00    0.79647E-03    0.00000E+00    0.76629E-03    0.00000E+00    0.79439E-03    0.00000E+00    0.68912E-03    0.00000E+00    0.63926E-03    0.00000E+00    0.68563E-03    0.00000E+00    0.37984E-06    0.49696E-05    0.90766E-06    0.00000E+00    0.37984E-04    0.00000E+00    0.49696E-03    0.00000E+00    0.90766E-04    0.48190E-02    0.87159E-02    0.39182E-02    0.31527E-01    0.47241E-02    0.13473E-01    0.33579E-02    0.66986E-02    0.29643E-02    0.17320E-01    0.33126E-02    0.79201E-02
33000  0    0.22895E-06    0.35375E-05    0.55981E-06    0.30555E-07    0.19839E-04    0.25591E-07    0.35120E-03    0.30059E-07    0.52975E-04    0.39874E-02    0.62991E-02    0.35726E-02    0.26503E-01    0.39479E-02    0.10293E-01    0.23470E-02    0.38413E-02    0.24671E-02    0.12899E-01    0.23590E-02    0.47471E-02    0.88708E-07    0.10968E-06    0.90176E-07    0.88708E-07    0.00000E+00    0.10968E-06    0.00000E+00    0.90176E-07    0.00000E+00    0.42121E-03    0.00000E+00    0.46835E-03    0.00000E+00    0.42468E-03    0.00000E+00    0.36421E-03    0.00000E+00    0.42498E-03    0.00000E+00    0.36846E-03    0.00000E+00    0.30263E-06    0.45808E-05    0.79463E-06    0.00000E+00    0.30263E-04    0.00000E+00    0.45808E-03    0.00000E+00    0.79463E-04    0.49153E-02    0.77799E-02    0.40720E-02    0.30268E-01    0.48259E-02    0.12607E-01    0.33888E-02    0.58596E-02    0.30886E-02    0.16825E-01    0.33543E-02    0.71206E-02
33200  1    0.22839E-06    0.35388E-05    0.55943E-06    0.29493E-07    0.19890E-04    0.25463E-07    0.35133E-03    0.29090E-07    0.53034E-04    0.40565E-02    0.63071E-02    0.36273E-02    0.26508E-01    0.40157E-02    0.10299E-01    0.23769E-02    0.38394E-02    0.24962E-02    0.12930E-01    0.23888E-02    0.47485E-02    0.85625E-07    0.10913E-06    0.87270E-07    0.85625E-07    0.00000E+00    0.10913E-06    0.00000E+00    0.87270E-07    0.00000E+00    0.41382E-03    0.00000E+00    0.46718E-03    0.00000E+00    0.41778E-03    0.00000E+00    0.36066E-03    0.00000E+00    0.42648E-03    0.00000E+00    0.36527E-03    0.00000E+00    0.30340E-06    0.45826E-05    0.79551E-06    0.00000E+00    0.30340E-04    0.00000E+00    0.45826E-03    0.00000E+00    0.79551E-04    0.50012E-02    0.77898E-02    0.41346E-02    0.30274E-01    0.49093E-02    0.12614E-01    0.34362E-02    0.58567E-02    0.31262E-02    0.16865E-01    0.34006E-02    0.71227E-02
33400  0    0.22435E-06    0.34975E-05    0.55167E-06    0.30375E-07    0.19397E-04    0.25423E-07    0.34721E-03    0.29880E-07    0.52179E-04    0.39207E-02    0.62285E-02    0.35190E-02    0.26352E-01    0.38824E-02    0.10216E-01    0.23119E-02    0.37968E-02    0.24318E-02    0.12780E-01    0.23239E-02    0.46951E-02    0.88186E-07    0.10895E-06    0.89640E-07    0.88186E-07    0.00000E+00    0.10895E-06    0.00000E+00    0.89640E-07    0.00000E+00    0.41997E-03    0.00000E+00    0.46681E-03    0.00000E+00    0.42341E-03    0.00000E+00    0.36233E-03    0.00000E+00    0.42397E-03    0.00000E+00    0.36664E-03    0.00000E+00    0.29589E-06    0.45289E-05    0.78268E-06    0.00000E+00    0.29589E-04    0.00000E+00    0.45289E-03    0.00000E+00    0.78268E-04    0.48328E-02    0.76927E-02    0.40107E-02    0.30096E-01    0.47455E-02    0.12511E-01    0.33362E-02    0.57918E-02    0.30429E-02    0.16669E-01    0.33025E-02    0.70427E-02
33600  0    0.22365E-06    0.34529E-05    0.54657E-06    0.29278E-07    0.19437E-04    0.24842E-07    0.34280E-03    0.28834E-07    0.51774E-04    0.39431E-02    0.62349E-02    0.35279E-02    0.26184E-01    0.39035E-02    0.10176E-01    0.23151E-02    0.37940E-02    0.24315E-02    0.12766E-01    0.23268E-02    0.46912E-02    0.85000E-07    0.10647E-06    0.86503E-07    0.85000E-07    0.00000E+00    0.10647E-06    0.00000E+00    0.86503E-07    0.00000E+00    0.41231E-03    0.00000E+00    0.46144E-03    0.00000E+00    0.41594E-03    0.00000E+00    0.35725E-03    0.00000E+00    0.42076E-03    0.00000E+00    0.36170E-03    0.00000E+00    0.29650E-06    0.44713E-05    0.77661E-06    0.00000E+00    0.29650E-04    0.00000E+00    0.44713E-03    0.00000E+00    0.77661E-04    0.48608E-02    0.77007E-02    0.40211E-02    0.29904E-01    0.47718E-02    0.12463E-01    0.33438E-02    0.57874E-02    0.30434E-02    0.16652E-01    0.33093E-02    0.70368E-02
33800  1    0.32853E-04    0.20712E-04    0.31639E-04    0.21872E-04    0.10981E-02    0.15983E-04    0.47288E-03    0.21283E-04    0.10356E-02    0.13860E-01    0.46864E-01    0.13711E-01    0.30753E-01    0.13845E-01    0.45510E-01    0.12768E-01    0.23365E-01    0.12840E-01    0.18055E-01    0.12775E-01    0.22834E-01    0.63498E-04    0.68497E-04    0.63848E-04    0.63498E-04    0.00000E+00    0.68497E-04    0.00000E+00    0.63848E-04    0.00000E+00    0.11269E-01    0.00000E+00    0.11704E-01    0.00000E+00    0.11300E-01    0.00000E+00    0.11127E-01    0.00000E+00    0.11448E-01    0.00000E+00    0.11149E-01    0.00000E+00    0.16751E-04    0.61680E-05    0.15534E-04    0.00000E+00    0.16751E-02    0.00000E+00    0.61680E-03    0.00000E+00    0.15534E-02    0.15044E-01    0.57881E-01    0.14265E-01    0.35123E-01    0.14957E-01    0.55738E-01    0.13630E-01    0.35641E-01    0.13264E-01    0.23551E-01    0.13588E-01    0.34251E-01
34000  0    0.21915E-06    0.34243E-05    0.53966E-06    0.29311E-07    0.18984E-04    0.24506E-07    0.33998E-03    0.28830E-07    0.51083E-04    0.38739E-02    0.61617E-02    0.34775E-02    0.26076E-01    0.38361E-02    0.10108E-01    0.22807E-02    0.37498E-02    0.23995E-02    0.12656E-01    0.22926E-02    0.46404E-02    0.85095E-07    0.10502E-06    0.86490E-07    0.85095E-07    0.00000E+00    0.10502E-06    0.00000E+00    0.86490E-07    0.00000E+00    0.41254E-03    0.00000E+00    0.45831E-03    0.00000E+00    0.41591E-03    0.00000E+00    0.35663E-03    0.00000E+00    0.41746E-03    0.00000E+00    0.36089E-03    0.00000E+00    0.28958E-06    0.44345E-05    0.76624E-06    0.00000E+00    0.28958E-04    0.00000E+00    0.44345E-03    0.00000E+00    0.76624E-04    0.47753E-02    0.76102E-02    0.39635E-02    0.29781E-01    0.46891E-02    0.12379E-01    0.32917E-02    0.57201E-02    0.30027E-02    0.16508E-01    0.32585E-02    0.69606E-02
34200  1    0.10032E-05    0.49994E-05    0.14028E-05    0.50710E-06    0.49611E-04    0.20262E-06    0.47967E-03    0.47665E-06    0.92617E-04    0.39249E-02    0.99610E-02    0.33361E-02    0.30973E-01    0.38701E-02    0.13610E-01    0.28701E-02    0.58298E-02    0.25688E-02    0.14264E-01    0.28399E-02    0.66732E-02    0.14722E-05    0.86836E-06    0.14300E-05    0.14722E-05    0.00000E+00    0.86836E-06    0.00000E+00    0.14300E-05    0.00000E+00    0.17159E-02    0.00000E+00    0.13178E-02    0.00000E+00    0.16911E-02    0.00000E+00    0.16281E-02    0.00000E+00    0.12450E-02    0.00000E+00    0.16013E-02    0.00000E+00    0.75677E-06    0.62566E-05    0.13893E-05    0.00000E+00    0.75677E-04    0.00000E+00    0.62566E-03    0.00000E+00    0.13893E-03    0.46853E-02    0.12303E-01    0.37401E-02    0.35374E-01    0.45865E-02    0.16669E-01    0.35226E-02    0.88928E-02    0.29717E-02    0.18605E-01    0.34592E-02    0.10010E-01
34400  0    0.21500E-06    0.33860E-05    0.53211E-06    0.29045E-07    0.18596E-04    0.24210E-07    0.33618E-03    0.28562E-07    0.50355E-04    0.38100E-02    0.60985E-02    0.34257E-02    0.25930E-01    0.37734E-02    0.10035E-01    0.22464E-02    0.37080E-02    0.23652E-02    0.12594E-01    0.22583E-02    0.45966E-02    0.84324E-07    0.10376E-06    0.85685E-07    0.84324E-07    0.00000E+00    0.10376E-06    0.00000E+00    0.85685E-07    0.00000E+00    0.41067E-03    0.00000E+00    0.45554E-03    0.00000E+00    0.41397E-03    0.00000E+00    0.35423E-03    0.00000E+00    0.41523E-03    0.00000E+00    0.35850E-03    0.00000E+00    0.28367E-06    0.43850E-05    0.75532E-06    0.00000E+00    0.28367E-04    0.00000E+00    0.43850E-03    0.00000E+00    0.75532E-04    0.46963E-02    0.75322E-02    0.39043E-02    0.29614E-01    0.46121E-02    0.12291E-01    0.32406E-02    0.56563E-02    0.29587E-02    0.16426E-01    0.32081E-02    0.68949E-02
34600  1    0.26587E-06    0.35754E-05    0.59683E-06    0.51912E-07    0.21396E-04    0.30991E-07    0.35445E-03    0.49820E-07    0.54701E-04    0.38376E-02    0.65415E-02    0.33724E-02    0.26625E-01    0.37937E-02    0.10460E-01    0.22878E-02    0.40896E-02    0.23077E-02    0.12789E-01    0.22898E-02    0.49595E-02    0.15071E-06    0.13282E-06    0.14946E-06    0.15071E-06    0.00000E+00    0.13282E-06    0.00000E+00    0.14946E-06    0.00000E+00    0.54902E-03    0.00000E+00    0.51540E-03    0.00000E+00    0.54673E-03    0.00000E+00    0.44349E-03    0.00000E+00    0.38411E-03    0.00000E+00    0.43933E-03    0.00000E+00    0.32638E-06    0.46232E-05    0.82051E-06    0.00000E+00    0.32638E-04    0.00000E+00    0.46232E-03    0.00000E+00    0.82051E-04    0.47230E-02    0.80793E-02    0.38411E-02    0.30408E-01    0.46302E-02    0.12810E-01    0.32569E-02    0.62384E-02    0.28931E-02    0.16681E-01    0.32150E-02    0.74393E-02
34800  0    0.21084E-06    0.33048E-05    0.52024E-06    0.28646E-07    0.18220E-04    0.23802E-07    0.32810E-03    0.28161E-07    0.49207E-04    0.37507E-02    0.60365E-02    0.33685E-02    0.25616E-01    0.37143E-02    0.99204E-02    0.22114E-02    0.36685E-02    0.23238E-02    0.12462E-01    0.22226E-02    0.45479E-02    0.83165E-07    0.10201E-06    0.84484E-07    0.83165E-07    0.00000E+00    0.10201E-06    0.00000E+00    0.84484E-07    0.00000E+00    0.40784E-03    0.00000E+00    0.45168E-03    0.00000E+00    0.41106E-03    0.00000E+00    0.35081E-03    0.00000E+00    0.41122E-03    0.00000E+00    0.35504E-03    0.00000E+00    0.27793E-06    0.42795E-05    0.73811E-06    0.00000E+00    0.27793E-04    0.00000E+00    0.42795E-03    0.00000E+00    0.73811E-04    0.46230E-02    0.74556E-02    0.38390E-02    0.29256E-01    0.45397E-02    0.12150E-01    0.31889E-02    0.55961E-02    0.29059E-02    0.16255E-01    0.31564E-02    0.68218E-02
35000  0    0.21086E-06    0.32903E-05    0.51880E-06    0.27402E-07    0.18346E-04    0.24237E-07    0.32661E-03    0.27086E-07    0.49172E-04    0.38677E-02    0.60574E-02    0.34590E-02    0.25558E-01    0.38288E-02    0.99168E-02    0.22638E-02    0.36767E-02    0.23745E-02    0.12481E-01    0.22748E-02    0.45571E-02    0.79555E-07    0.10387E-06    0.81257E-07    0.79555E-07    0.00000E+00    0.10387E-06    0.00000E+00    0.81257E-07    0.00000E+00    0.39889E-03    0.00000E+00    0.45579E-03    0.00000E+00    0.40313E-03    0.00000E+00    0.34637E-03    0.00000E+00    0.41811E-03    0.00000E+00    0.35139E-03    0.00000E+00    0.27985E-06    0.42601E-05    0.73758E-06    0.00000E+00    0.27985E-04    0.00000E+00    0.42601E-03    0.00000E+00    0.73758E-04    0.47682E-02    0.74814E-02    0.39425E-02    0.29189E-01    0.46806E-02    0.12146E-01    0.32712E-02    0.56085E-02    0.29700E-02    0.16280E-01    0.32366E-02    0.68357E-02
35200  0    0.20680E-06    0.32641E-05    0.51253E-06    0.28499E-07    0.17830E-04    0.23693E-07    0.32404E-03    0.28019E-07    0.48451E-04    0.36996E-02    0.59716E-02    0.33269E-02    0.25458E-01    0.36640E-02    0.98439E-02    0.21847E-02    0.36283E-02    0.22959E-02    0.12392E-01    0.21958E-02    0.45047E-02    0.82739E-07    0.10154E-06    0.84056E-07    0.82739E-07    0.00000E+00    0.10154E-06    0.00000E+00    0.84056E-07    0.00000E+00    0.40679E-03    0.00000E+00    0.45065E-03    0.00000E+00    0.41001E-03    0.00000E+00    0.34926E-03    0.00000E+00    0.41031E-03    0.00000E+00    0.35353E-03    0.00000E+00    0.27199E-06    0.42266E-05    0.72677E-06    0.00000E+00    0.27199E-04    0.00000E+00    0.42266E-03    0.00000E+00    0.72677E-04    0.45597E-02    0.73755E-02    0.37914E-02    0.29075E-01    0.44781E-02    0.12056E-01    0.31490E-02    0.55348E-02    0.28698E-02    0.16163E-01    0.31169E-02    0.67571E-02
35400  0    0.20675E-06    0.32527E-05    0.51134E-06    0.27298E-07    0.17945E-04    0.23655E-07    0.32290E-03    0.26934E-07    0.48441E-04    0.37860E-02    0.59908E-02    0.33972E-02    0.25413E-01    0.37489E-02    0.98429E-02    0.22222E-02    0.36349E-02    0.23365E-02    0.12414E-01    0.22337E-02    0.45128E-02    0.79252E-07    0.10138E-06    0.80801E-07    0.79252E-07    0.00000E+00    0.10138E-06    0.00000E+00    0.80801E-07    0.00000E+00    0.39813E-03    0.00000E+00    0.45028E-03    0.00000E+00    0.40200E-03    0.00000E+00    0.34439E-03    0.00000E+00    0.41308E-03    0.00000E+00    0.34920E-03    0.00000E+00    0.27374E-06    0.42118E-05    0.72661E-06    0.00000E+00    0.27374E-04    0.00000E+00    0.42118E-03    0.00000E+00    0.72661E-04    0.46671E-02    0.73991E-02    0.38720E-02    0.29023E-01    0.45827E-02    0.12055E-01    0.32089E-02    0.55448E-02    0.29218E-02    0.16192E-01    0.31759E-02    0.67692E-02
35600  0    0.20303E-06    0.32218E-05    0.50490E-06    0.28183E-07    0.17485E-04    0.23349E-07    0.31984E-03    0.27700E-07    0.47720E-04    0.36463E-02    0.59135E-02    0.32817E-02    0.25292E-01    0.36115E-02    0.97694E-02    0.21553E-02    0.35905E-02    0.22649E-02    0.12320E-01    0.21662E-02    0.44635E-02    0.81822E-07    0.10007E-06    0.83099E-07    0.81822E-07    0.00000E+00    0.10007E-06    0.00000E+00    0.83099E-07    0.00000E+00    0.40453E-03    0.00000E+00    0.44736E-03    0.00000E+00    0.40767E-03    0.00000E+00    0.34678E-03    0.00000E+00    0.40742E-03    0.00000E+00    0.35102E-03    0.00000E+00    0.26671E-06    0.41719E-05    0.71581E-06    0.00000E+00    0.26671E-04    0.00000E+00    0.41719E-03    0.00000E+00    0.71581E-04    0.44939E-02    0.73036E-02    0.37398E-02    0.28886E-01    0.44137E-02    0.11965E-01    0.31055E-02    0.54771E-02    0.28302E-02    0.16070E-01    0.30738E-02    0.66952E-02
35800  0    0.20280E-06    0.31919E-05    0.50171E-06    0.26993E-07    0.17581E-04    0.23031E-07    0.31688E-03    0.26597E-07    0.47511E-04    0.37065E-02    0.59297E-02    0.33279E-02    0.25175E-01    0.36704E-02    0.97479E-02    0.21785E-02    0.35963E-02    0.22896E-02    0.12313E-01    0.21896E-02    0.44679E-02    0.78367E-07    0.98703E-07    0.79791E-07    0.78367E-07    0.00000E+00    0.98703E-07    0.00000E+00    0.79791E-07    0.00000E+00    0.39590E-03    0.00000E+00    0.44430E-03    0.00000E+00    0.39948E-03    0.00000E+00    0.34149E-03    0.00000E+00    0.40676E-03    0.00000E+00    0.34606E-03    0.00000E+00    0.26818E-06    0.41332E-05    0.71266E-06    0.00000E+00    0.26818E-04    0.00000E+00    0.41332E-03    0.00000E+00    0.71266E-04    0.45688E-02    0.73237E-02    0.37928E-02    0.28751E-01    0.44864E-02    0.11939E-01    0.31437E-02    0.54858E-02    0.28627E-02    0.16060E-01    0.31114E-02    0.67019E-02
36000  0    0.19931E-06    0.31650E-05    0.49588E-06    0.27813E-07    0.17150E-04    0.22969E-07    0.31420E-03    0.27328E-07    0.46855E-04    0.35923E-02    0.58566E-02    0.32321E-02    0.25068E-01    0.35579E-02    0.96804E-02    0.21243E-02    0.35538E-02    0.22304E-02    0.12225E-01    0.21349E-02    0.44209E-02    0.80747E-07    0.98441E-07    0.81985E-07    0.80747E-07    0.00000E+00    0.98441E-07    0.00000E+00    0.81985E-07    0.00000E+00    0.40186E-03    0.00000E+00    0.44371E-03    0.00000E+00    0.40493E-03    0.00000E+00    0.34386E-03    0.00000E+00    0.40413E-03    0.00000E+00    0.34807E-03    0.00000E+00    0.26161E-06    0.40983E-05    0.70282E-06    0.00000E+00    0.26161E-04    0.00000E+00    0.40983E-03    0.00000E+00    0.70282E-04    0.44272E-02    0.72334E-02    0.36832E-02    0.28630E-01    0.43481E-02    0.11856E-01    0.30598E-02    0.54210E-02    0.27862E-02    0.15945E-01    0.30283E-02    0.66313E-02
36200  0    0.19904E-06    0.31544E-05    0.49458E-06    0.26806E-07    0.17224E-04    0.22599E-07    0.31318E-03    0.26385E-07    0.46819E-04    0.36468E-02    0.58692E-02    0.32793E-02    0.25027E-01    0.36117E-02    0.96767E-02    0.21469E-02    0.35569E-02    0.22574E-02    0.12245E-01    0.21579E-02    0.44257E-02    0.77824E-07    0.96853E-07    0.79156E-07    0.77824E-07    0.00000E+00    0.96853E-07    0.00000E+00    0.79156E-07    0.00000E+00    0.39452E-03    0.00000E+00    0.44012E-03    0.00000E+00    0.39788E-03    0.00000E+00    0.33971E-03    0.00000E+00    0.40297E-03    0.00000E+00    0.34414E-03    0.00000E+00    0.26273E-06    0.40849E-05    0.70228E-06    0.00000E+00    0.26273E-04    0.00000E+00    0.40849E-03    0.00000E+00    0.70228E-04    0.44949E-02    0.72489E-02    0.37374E-02    0.28583E-01    0.44145E-02    0.11851E-01    0.30964E-02    0.54258E-02    0.28218E-02    0.15972E-01    0.30648E-02    0.66386E-02
36400  0    0.19573E-06    0.31215E-05    0.48831E-06    0.27494E-07    0.16824E-04    0.22714E-07    0.30988E-03    0.27016E-07    0.46129E-04    0.35443E-02    0.58007E-02    0.31912E-02    0.24895E-01    0.35106E-02    0.96051E-02    0.20975E-02    0.35195E-02    0.22021E-02    0.12153E-01    0.21080E-02    0.43828E-02    0.79822E-07    0.97346E-07    0.81049E-07    0.79822E-07    0.00000E+00    0.97346E-07    0.00000E+00    0.81049E-07    0.00000E+00    0.39955E-03    0.00000E+00    0.44124E-03    0.00000E+00    0.40261E-03    0.00000E+00    0.34140E-03    0.00000E+00    0.40211E-03    0.00000E+00    0.34565E-03    0.00000E+00    0.25663E-06    0.40419E-05    0.69194E-06    0.00000E+00    0.25663E-04    0.00000E+00    0.40419E-03    0.00000E+00    0.69194E-04    0.43679E-02    0.71643E-02    0.36365E-02    0.28432E-01    0.42902E-02    0.11764E-01    0.30202E-02    0.53687E-02    0.27499E-02    0.15851E-01    0.29891E-02    0.65742E-02
36600  0    0.19571E-06    0.31075E-05    0.48689E-06    0.26338E-07    0.16937E-04    0.22209E-07    0.30853E-03    0.25925E-07    0.46096E-04    0.36045E-02    0.58201E-02    0.32411E-02    0.24841E-01    0.35698E-02    0.96017E-02    0.21216E-02    0.35271E-02    0.22291E-02    0.12171E-01    0.21323E-02    0.43915E-02    0.76464E-07    0.95181E-07    0.77774E-07    0.76464E-07    0.00000E+00    0.95181E-07    0.00000E+00    0.77774E-07    0.00000E+00    0.39106E-03    0.00000E+00    0.43630E-03    0.00000E+00    0.39440E-03    0.00000E+00    0.33678E-03    0.00000E+00    0.40016E-03    0.00000E+00    0.34122E-03    0.00000E+00    0.25836E-06    0.40243E-05    0.69145E-06    0.00000E+00    0.25836E-04    0.00000E+00    0.40243E-03    0.00000E+00    0.69145E-04    0.44428E-02    0.71883E-02    0.36938E-02    0.28370E-01    0.43632E-02    0.11760E-01    0.30594E-02    0.53803E-02    0.27857E-02    0.15875E-01    0.30279E-02    0.65873E-02
36800  0    0.19236E-06    0.30709E-05    0.48021E-06    0.27073E-07    0.16529E-04    0.22343E-07    0.30485E-03    0.26600E-07    0.45361E-04    0.34983E-02    0.57496E-02    0.31514E-02    0.24692E-01    0.34652E-02    0.95248E-02    0.20708E-02    0.34883E-02    0.21738E-02    0.12073E-01    0.20811E-02    0.43467E-02    0.78599E-07    0.95755E-07    0.79800E-07    0.78599E-07    0.00000E+00    0.95755E-07    0.00000E+00    0.79800E-07    0.00000E+00    0.39648E-03    0.00000E+00    0.43762E-03    0.00000E+00    0.39950E-03    0.00000E+00    0.33845E-03    0.00000E+00    0.39918E-03    0.00000E+00    0.34270E-03    0.00000E+00    0.25213E-06    0.39764E-05    0.68042E-06    0.00000E+00    0.25213E-04    0.00000E+00    0.39764E-03    0.00000E+00    0.68042E-04    0.43111E-02    0.71012E-02    0.35911E-02    0.28201E-01    0.42345E-02    0.11665E-01    0.29810E-02    0.53211E-02    0.27139E-02    0.15747E-01    0.29503E-02    0.65201E-02
37000  0    0.19249E-06    0.30610E-05    0.47935E-06    0.25835E-07    0.16666E-04    0.21929E-07    0.30391E-03    0.25444E-07    0.45390E-04    0.35890E-02    0.57734E-02    0.32290E-02    0.24654E-01    0.35546E-02    0.95279E-02    0.21108E-02    0.35002E-02    0.22186E-02    0.12102E-01    0.21215E-02    0.43604E-02    0.75004E-07    0.93981E-07    0.76333E-07    0.75004E-07    0.00000E+00    0.93981E-07    0.00000E+00    0.76333E-07    0.00000E+00    0.38731E-03    0.00000E+00    0.43355E-03    0.00000E+00    0.39072E-03    0.00000E+00    0.33352E-03    0.00000E+00    0.39782E-03    0.00000E+00    0.33802E-03    0.00000E+00    0.25423E-06    0.39640E-05    0.68085E-06    0.00000E+00    0.25423E-04    0.00000E+00    0.39640E-03    0.00000E+00    0.68085E-04    0.44238E-02    0.71306E-02    0.36801E-02    0.28157E-01    0.43447E-02    0.11669E-01    0.30446E-02    0.53393E-02    0.27727E-02    0.15786E-01    0.30133E-02    0.65406E-02
37200  0    0.18903E-06    0.30331E-05    0.47344E-06    0.26700E-07    0.16233E-04    0.21982E-07    0.30111E-03    0.26229E-07    0.44721E-04    0.34623E-02    0.56980E-02    0.31225E-02    0.24540E-01    0.34298E-02    0.94574E-02    0.20501E-02    0.34572E-02    0.21530E-02    0.12010E-01    0.20604E-02    0.43125E-02    0.77517E-07    0.94209E-07    0.78686E-07    0.77517E-07    0.00000E+00    0.94209E-07    0.00000E+00    0.78686E-07    0.00000E+00    0.39374E-03    0.00000E+00    0.43407E-03    0.00000E+00    0.39670E-03    0.00000E+00    0.33568E-03    0.00000E+00    0.39596E-03    0.00000E+00    0.33990E-03    0.00000E+00    0.24763E-06    0.39275E-05    0.67081E-06    0.00000E+00    0.24763E-04    0.00000E+00    0.39275E-03    0.00000E+00    0.67081E-04    0.42667E-02    0.70375E-02    0.35582E-02    0.28027E-01    0.41913E-02    0.11583E-01    0.29510E-02    0.52737E-02    0.26877E-02    0.15666E-01    0.29207E-02    0.64688E-02
37400  0    0.18975E-06    0.29722E-05    0.46799E-06    0.25186E-07    0.16456E-04    0.21023E-07    0.29512E-03    0.24769E-07    0.44322E-04    0.35364E-02    0.57369E-02    0.31682E-02    0.24295E-01    0.35013E-02    0.94151E-02    0.20748E-02    0.34784E-02    0.21677E-02    0.11950E-01    0.20841E-02    0.43255E-02    0.73120E-07    0.90098E-07    0.74308E-07    0.73120E-07    0.00000E+00    0.90098E-07    0.00000E+00    0.74308E-07    0.00000E+00    0.38241E-03    0.00000E+00    0.42450E-03    0.00000E+00    0.38551E-03    0.00000E+00    0.32967E-03    0.00000E+00    0.38801E-03    0.00000E+00    0.33375E-03    0.00000E+00    0.25103E-06    0.38494E-05    0.66484E-06    0.00000E+00    0.25103E-04    0.00000E+00    0.38494E-03    0.00000E+00    0.66484E-04    0.43589E-02    0.70856E-02    0.36108E-02    0.27747E-01    0.42795E-02    0.11531E-01    0.29918E-02    0.53061E-02    0.27093E-02    0.15586E-01    0.29593E-02    0.64883E-02
37600  0    0.18587E-06    0.29478E-05    0.46207E-06    0.26158E-07    0.15971E-04    0.21276E-07    0.29266E-03    0.25670E-07    0.43640E-04    0.34139E-02    0.56518E-02    0.30731E-02    0.24193E-01    0.33814E-02    0.93424E-02    0.20196E-02    0.34301E-02    0.21163E-02    0.11868E-01    0.20293E-02    0.42739E-02    0.75943E-07    0.91182E-07    0.77010E-07    0.75943E-07    0.00000E+00    0.91182E-07    0.00000E+00    0.77010E-07    0.00000E+00    0.38973E-03    0.00000E+00    0.42704E-03    0.00000E+00    0.39245E-03    0.00000E+00    0.33189E-03    0.00000E+00    0.38939E-03    0.00000E+00    0.33591E-03    0.00000E+00    0.24363E-06    0.38173E-05    0.65460E-06    0.00000E+00    0.24363E-04    0.00000E+00    0.38173E-03    0.00000E+00    0.65460E-04    0.42070E-02    0.69804E-02    0.35018E-02    0.27631E-01    0.41320E-02    0.11442E-01    0.29063E-02    0.52323E-02    0.26418E-02    0.15480E-01    0.28759E-02    0.64108E-02
37800  0    0.18659E-06    0.29363E-05    0.46156E-06    0.24912E-07    0.16167E-04    0.21127E-07    0.29152E-03    0.24534E-07    0.43703E-04    0.35397E-02    0.56864E-02    0.31694E-02    0.24146E-01    0.35044E-02    0.93491E-02    0.20755E-02    0.34434E-02    0.21666E-02    0.11892E-01    0.20846E-02    0.42883E-02    0.72326E-07    0.90543E-07    0.73601E-07    0.72326E-07    0.00000E+00    0.90543E-07    0.00000E+00    0.73601E-07    0.00000E+00    0.38033E-03    0.00000E+00    0.42554E-03    0.00000E+00    0.38367E-03    0.00000E+00    0.32855E-03    0.00000E+00    0.39038E-03    0.00000E+00    0.33288E-03    0.00000E+00    0.24662E-06    0.38024E-05    0.65554E-06    0.00000E+00    0.24662E-04    0.00000E+00    0.38024E-03    0.00000E+00    0.65554E-04    0.43631E-02    0.70231E-02    0.36121E-02    0.27577E-01    0.42834E-02    0.11450E-01    0.29933E-02    0.52527E-02    0.27072E-02    0.15512E-01    0.29604E-02    0.64325E-02
38000  0    0.18263E-06    0.29130E-05    0.45568E-06    0.25895E-07    0.15674E-04    0.21155E-07    0.28919E-03    0.25421E-07    0.43025E-04    0.33832E-02    0.55989E-02    0.30478E-02    0.24050E-01    0.33511E-02    0.92764E-02    0.20025E-02    0.34004E-02    0.20984E-02    0.11806E-01    0.20121E-02    0.42410E-02    0.75179E-07    0.90665E-07    0.76263E-07    0.75179E-07    0.00000E+00    0.90665E-07    0.00000E+00    0.76263E-07    0.00000E+00    0.38776E-03    0.00000E+00    0.42583E-03    0.00000E+00    0.39055E-03    0.00000E+00    0.32999E-03    0.00000E+00    0.38840E-03    0.00000E+00    0.33408E-03    0.00000E+00    0.23909E-06    0.37720E-05    0.64538E-06    0.00000E+00    0.23909E-04    0.00000E+00    0.37720E-03    0.00000E+00    0.64538E-04    0.41690E-02    0.69151E-02    0.34729E-02    0.27466E-01    0.40950E-02    0.11361E-01    0.28813E-02    0.51871E-02    0.26188E-02    0.15400E-01    0.28511E-02    0.63615E-02
38200  0    0.18458E-06    0.28817E-05    0.45430E-06    0.25286E-07    0.15929E-04    0.23942E-07    0.28578E-03    0.25151E-07    0.42914E-04    0.35708E-02    0.56443E-02    0.31965E-02    0.23907E-01    0.35351E-02    0.92644E-02    0.20922E-02    0.34321E-02    0.22010E-02    0.11834E-01    0.21031E-02    0.42723E-02    0.73410E-07    0.10261E-06    0.75454E-07    0.73410E-07    0.00000E+00    0.10261E-06    0.00000E+00    0.75454E-07    0.00000E+00    0.38317E-03    0.00000E+00    0.45301E-03    0.00000E+00    0.38847E-03    0.00000E+00    0.32657E-03    0.00000E+00    0.41759E-03    0.00000E+00    0.33294E-03    0.00000E+00    0.24299E-06    0.37276E-05    0.64372E-06    0.00000E+00    0.24299E-04    0.00000E+00    0.37276E-03    0.00000E+00    0.64372E-04    0.44014E-02    0.69712E-02    0.36421E-02    0.27304E-01    0.43209E-02    0.11347E-01    0.30200E-02    0.52354E-02    0.27438E-02    0.15436E-01    0.29882E-02    0.64085E-02
38400  0    0.17947E-06    0.28712E-05    0.44864E-06    0.25523E-07    0.15395E-04    0.20818E-07    0.28504E-03    0.25052E-07    0.42359E-04    0.33463E-02    0.55489E-02    0.30152E-02    0.23876E-01    0.33147E-02    0.92043E-02    0.19808E-02    0.33704E-02    0.20746E-02    0.11733E-01    0.19902E-02    0.42067E-02    0.74099E-07    0.89221E-07    0.75157E-07    0.74099E-07    0.00000E+00    0.89221E-07    0.00000E+00    0.75157E-07    0.00000E+00    0.38496E-03    0.00000E+00    0.42242E-03    0.00000E+00    0.38770E-03    0.00000E+00    0.32716E-03    0.00000E+00    0.38509E-03    0.00000E+00    0.33121E-03    0.00000E+00    0.23484E-06    0.37179E-05    0.63539E-06    0.00000E+00    0.23484E-04    0.00000E+00    0.37179E-03    0.00000E+00    0.63539E-04    0.41235E-02    0.68533E-02    0.34357E-02    0.27268E-01    0.40504E-02    0.11273E-01    0.28497E-02    0.51413E-02    0.25889E-02    0.15304E-01    0.28197E-02    0.63101E-02
38600  0    0.18126E-06    0.27878E-05    0.44191E-06    0.24037E-07    0.15722E-04    0.22123E-07    0.27656E-03    0.23845E-07    0.41806E-04    0.35081E-02    0.56076E-02    0.31378E-02    0.23519E-01    0.34728E-02    0.91440E-02    0.20511E-02    0.34056E-02    0.21483E-02    0.11671E-01    0.20608E-02    0.42321E-02    0.69784E-07    0.94812E-07    0.71536E-07    0.69784E-07    0.00000E+00    0.94812E-07    0.00000E+00    0.71536E-07    0.00000E+00    0.37359E-03    0.00000E+00    0.43546E-03    0.00000E+00    0.37825E-03    0.00000E+00    0.31866E-03    0.00000E+00    0.40016E-03    0.00000E+00    0.32436E-03    0.00000E+00    0.23983E-06    0.36073E-05    0.62710E-06    0.00000E+00    0.23983E-04    0.00000E+00    0.36073E-03    0.00000E+00    0.62710E-04    0.43243E-02    0.69258E-02    0.35756E-02    0.26860E-01    0.42449E-02    0.11199E-01    0.29613E-02    0.51949E-02    0.26803E-02    0.15223E-01    0.29290E-02    0.63482E-02
38800  1    0.17644E-06    0.28155E-05    0.44035E-06    0.25076E-07    0.15136E-04    0.20447E-07    0.27951E-03    0.24613E-07    0.41573E-04    0.33051E-02    0.55020E-02    0.29754E-02    0.23644E-01    0.32736E-02    0.91185E-02    0.19558E-02    0.33430E-02    0.20457E-02    0.11640E-01    0.19648E-02    0.41727E-02    0.72803E-07    0.87628E-07    0.73840E-07    0.72803E-07    0.00000E+00    0.87628E-07    0.00000E+00    0.73840E-07    0.00000E+00    0.38158E-03    0.00000E+00    0.41864E-03    0.00000E+00    0.38429E-03    0.00000E+00    0.32397E-03    0.00000E+00    0.38183E-03    0.00000E+00    0.32802E-03    0.00000E+00    0.23089E-06    0.36458E-05    0.62360E-06    0.00000E+00    0.23089E-04    0.00000E+00    0.36458E-03    0.00000E+00    0.62360E-04    0.40727E-02    0.67954E-02    0.33903E-02    0.27003E-01    0.40002E-02    0.11168E-01    0.28132E-02    0.50995E-02    0.25521E-02    0.15182E-01    0.27832E-02    0.62591E-02
39000  2    0.18764E-06    0.28144E-05    0.45031E-06    0.29078E-07    0.15856E-04    0.23544E-07    0.27908E-03    0.28525E-07    0.42179E-04    0.34250E-02    0.56313E-02    0.30527E-02    0.23626E-01    0.33896E-02    0.91846E-02    0.20077E-02    0.34359E-02    0.20726E-02    0.11640E-01    0.20141E-02    0.42563E-02    0.84421E-07    0.10090E-06    0.85575E-07    0.84421E-07    0.00000E+00    0.10090E-06    0.00000E+00    0.85575E-07    0.00000E+00    0.41090E-03    0.00000E+00    0.44922E-03    0.00000E+00    0.41370E-03    0.00000E+00    0.34406E-03    0.00000E+00    0.34669E-03    0.00000E+00    0.34425E-03    0.00000E+00    0.24187E-06    0.36402E-05    0.63268E-06    0.00000E+00    0.24187E-04    0.00000E+00    0.36402E-03    0.00000E+00    0.63268E-04    0.42196E-02    0.69551E-02    0.34777E-02    0.26982E-01    0.41411E-02    0.11249E-01    0.28817E-02    0.52411E-02    0.25978E-02    0.15182E-01    0.28491E-02    0.63844E-02
39200  0    0.17363E-06    0.27752E-05    0.43379E-06    0.24641E-07    0.14899E-04    0.20066E-07    0.27552E-03    0.24184E-07    0.40960E-04    0.32879E-02    0.54587E-02    0.29632E-02    0.23474E-01    0.32569E-02    0.90510E-02    0.19444E-02    0.33198E-02    0.20349E-02    0.11577E-01    0.19534E-02    0.41455E-02    0.71539E-07    0.85995E-07    0.72551E-07    0.71539E-07    0.00000E+00    0.85995E-07    0.00000E+00    0.72551E-07    0.00000E+00    0.37826E-03    0.00000E+00    0.41472E-03    0.00000E+00    0.38092E-03    0.00000E+00    0.32086E-03    0.00000E+00    0.37811E-03    0.00000E+00    0.32487E-03    0.00000E+00    0.22727E-06    0.35937E-05    0.61441E-06    0.00000E+00    0.22727E-04    0.00000E+00    0.35937E-03    0.00000E+00    0.61441E-04    0.40515E-02    0.67419E-02    0.33765E-02    0.26809E-01    0.39797E-02    0.11085E-01    0.27974E-02    0.50641E-02    0.25391E-02    0.15101E-01    0.27677E-02    0.62183E-02
39400  1    0.10272E-05    0.35840E-05    0.12829E-05    0.54206E-06    0.48510E-04    0.41286E-06    0.31712E-03    0.52914E-06    0.75371E-04    0.31465E-02    0.98499E-02    0.29137E-02    0.25184E-01    0.31240E-02    0.12278E-01    0.24472E-02    0.56694E-02    0.24117E-02    0.11784E-01    0.24437E-02    0.62809E-02    0.15737E-05    0.17694E-05    0.15874E-05    0.15737E-05    0.00000E+00    0.17694E-05    0.00000E+00    0.15874E-05    0.00000E+00    0.17741E-02    0.00000E+00    0.18812E-02    0.00000E+00    0.17818E-02    0.00000E+00    0.16908E-02    0.00000E+00    0.18263E-02    0.00000E+00    0.17003E-02    0.00000E+00    0.73999E-06    0.41363E-05    0.11306E-05    0.00000E+00    0.73999E-04    0.00000E+00    0.41363E-03    0.00000E+00    0.11306E-03    0.36672E-02    0.12165E-01    0.31618E-02    0.28762E-01    0.36127E-02    0.15037E-01    0.28447E-02    0.86482E-02    0.25899E-02    0.15371E-01    0.28154E-02    0.94214E-02
39600  0    0.17045E-06    0.26931E-05    0.42272E-06    0.24177E-07    0.14628E-04    0.19491E-07    0.26736E-03    0.23708E-07    0.39901E-04    0.32352E-02    0.54088E-02    0.29095E-02    0.23124E-01    0.32041E-02    0.89332E-02    0.19124E-02    0.32901E-02    0.19973E-02    0.11427E-01    0.19209E-02    0.41038E-02    0.70190E-07    0.83533E-07    0.71124E-07    0.70190E-07    0.00000E+00    0.83533E-07    0.00000E+00    0.71124E-07    0.00000E+00    0.37467E-03    0.00000E+00    0.40874E-03    0.00000E+00    0.37716E-03    0.00000E+00    0.31740E-03    0.00000E+00    0.37276E-03    0.00000E+00    0.32128E-03    0.00000E+00    0.22314E-06    0.34873E-05    0.59851E-06    0.00000E+00    0.22314E-04    0.00000E+00    0.34873E-03    0.00000E+00    0.59851E-04    0.39865E-02    0.66804E-02    0.33153E-02    0.26409E-01    0.39152E-02    0.10941E-01    0.27505E-02    0.50188E-02    0.24917E-02    0.14904E-01    0.27207E-02    0.61556E-02
39800  0    0.17674E-06    0.26212E-05    0.42118E-06    0.26776E-07    0.14997E-04    0.26496E-07    0.25947E-03    0.26748E-07    0.39443E-04    0.34637E-02    0.54766E-02    0.30984E-02    0.22780E-01    0.34289E-02    0.88818E-02    0.20310E-02    0.33517E-02    0.21409E-02    0.11402E-01    0.20420E-02    0.41568E-02    0.77736E-07    0.11355E-06    0.80244E-07    0.77736E-07    0.00000E+00    0.11355E-06    0.00000E+00    0.80244E-07    0.00000E+00    0.39430E-03    0.00000E+00    0.47656E-03    0.00000E+00    0.40061E-03    0.00000E+00    0.32738E-03    0.00000E+00    0.42311E-03    0.00000E+00    0.33409E-03    0.00000E+00    0.22876E-06    0.33843E-05    0.59165E-06    0.00000E+00    0.22876E-04    0.00000E+00    0.33843E-03    0.00000E+00    0.59165E-04    0.42684E-02    0.67640E-02    0.35288E-02    0.26017E-01    0.41900E-02    0.10878E-01    0.29262E-02    0.51128E-02    0.26636E-02    0.14873E-01    0.28960E-02    0.62352E-02
40000  1    0.16724E-06    0.26515E-05    0.41566E-06    0.24046E-07    0.14319E-04    0.19412E-07    0.26321E-03    0.23582E-07    0.39208E-04    0.31966E-02    0.53515E-02    0.28751E-02    0.22944E-01    0.31659E-02    0.88553E-02    0.18912E-02    0.32585E-02    0.19739E-02    0.11341E-01    0.18995E-02    0.40667E-02    0.69811E-07    0.83194E-07    0.70747E-07    0.69811E-07    0.00000E+00    0.83194E-07    0.00000E+00    0.70747E-07    0.00000E+00    0.37366E-03    0.00000E+00    0.40791E-03    0.00000E+00    0.37616E-03    0.00000E+00    0.31585E-03    0.00000E+00    0.37158E-03    0.00000E+00    0.31975E-03    0.00000E+00    0.21843E-06    0.34331E-05    0.58812E-06    0.00000E+00    0.21843E-04    0.00000E+00    0.34331E-03    0.00000E+00    0.58812E-04    0.39387E-02    0.66095E-02    0.32759E-02    0.26204E-01    0.38683E-02    0.10845E-01    0.27189E-02    0.49706E-02    0.24616E-02    0.14792E-01    0.26893E-02    0.61001E-02
40200  2    0.16743E-06    0.26249E-05    0.41318E-06    0.22898E-07    0.14453E-04    0.19096E-07    0.26058E-03    0.22518E-07    0.39066E-04    0.32941E-02    0.53764E-02    0.29531E-02    0.22829E-01    0.32616E-02    0.88392E-02    0.19346E-02    0.32741E-02    0.20180E-02    0.11341E-01    0.19429E-02    0.40807E-02    0.66478E-07    0.81841E-07    0.67554E-07    0.66478E-07    0.00000E+00    0.81841E-07    0.00000E+00    0.67554E-07    0.00000E+00    0.36463E-03    0.00000E+00    0.40458E-03    0.00000E+00    0.36757E-03    0.00000E+00    0.31134E-03    0.00000E+00    0.37058E-03    0.00000E+00    0.31549E-03    0.00000E+00    0.22047E-06    0.33989E-05    0.58599E-06    0.00000E+00    0.22047E-04    0.00000E+00    0.33989E-03    0.00000E+00    0.58599E-04    0.40599E-02    0.66403E-02    0.33652E-02    0.26073E-01    0.39862E-02    0.10826E-01    0.27875E-02    0.49943E-02    0.25194E-02    0.14792E-01    0.27567E-02    0.61211E-02
40400  0    0.16418E-06    0.26073E-05    0.40850E-06    0.23779E-07    0.14040E-04    0.19184E-07    0.25881E-03    0.23319E-07    0.38518E-04    0.31596E-02    0.52991E-02    0.28423E-02    0.22751E-01    0.31293E-02    0.87770E-02    0.18700E-02    0.32289E-02    0.19515E-02    0.11256E-01    0.18782E-02    0.40316E-02    0.69035E-07    0.82218E-07    0.69958E-07    0.69035E-07    0.00000E+00    0.82218E-07    0.00000E+00    0.69958E-07    0.00000E+00    0.37158E-03    0.00000E+00    0.40551E-03    0.00000E+00    0.37405E-03    0.00000E+00    0.31345E-03    0.00000E+00    0.36923E-03    0.00000E+00    0.31735E-03    0.00000E+00    0.21418E-06    0.33758E-05    0.57777E-06    0.00000E+00    0.21418E-04    0.00000E+00    0.33758E-03    0.00000E+00    0.57777E-04    0.38931E-02    0.65449E-02    0.32384E-02    0.25984E-01    0.38235E-02    0.10750E-01    0.26879E-02    0.49254E-02    0.24330E-02    0.14682E-01    0.26586E-02    0.60474E-02
40600  0    0.16420E-06    0.25684E-05    0.40462E-06    0.22670E-07    0.14153E-04    0.18739E-07    0.25497E-03    0.22277E-07    0.38234E-04    0.32212E-02    0.53203E-02    0.28899E-02    0.22582E-01    0.31896E-02    0.87446E-02    0.18952E-02    0.32432E-02    0.19774E-02    0.11233E-01    0.19034E-02    0.40422E-02    0.65816E-07    0.80309E-07    0.66830E-07    0.65816E-07    0.00000E+00    0.80309E-07    0.00000E+00    0.66830E-07    0.00000E+00    0.36281E-03    0.00000E+00    0.40077E-03    0.00000E+00    0.36560E-03    0.00000E+00    0.30823E-03    0.00000E+00    0.36687E-03    0.00000E+00    0.31233E-03    0.00000E+00    0.21589E-06    0.33257E-05    0.57351E-06    0.00000E+00    0.21589E-04    0.00000E+00    0.33257E-03    0.00000E+00    0.57351E-04    0.39697E-02    0.65710E-02    0.32931E-02    0.25790E-01    0.38979E-02    0.10710E-01    0.27290E-02    0.49472E-02    0.24675E-02    0.14652E-01    0.26990E-02    0.60633E-02
40800  0    0.16129E-06    0.25497E-05    0.40013E-06    0.23433E-07    0.13786E-04    0.18861E-07    0.25308E-03    0.22976E-07    0.37715E-04    0.31144E-02    0.52508E-02    0.27981E-02    0.22498E-01    0.30842E-02    0.86851E-02    0.18435E-02    0.32009E-02    0.19219E-02    0.11150E-01    0.18513E-02    0.39958E-02    0.68032E-07    0.80835E-07    0.68929E-07    0.68032E-07    0.00000E+00    0.80835E-07    0.00000E+00    0.68929E-07    0.00000E+00    0.36887E-03    0.00000E+00    0.40208E-03    0.00000E+00    0.37129E-03    0.00000E+00    0.31063E-03    0.00000E+00    0.36628E-03    0.00000E+00    0.31452E-03    0.00000E+00    0.21029E-06    0.33011E-05    0.56573E-06    0.00000E+00    0.21029E-04    0.00000E+00    0.33011E-03    0.00000E+00    0.56573E-04    0.38373E-02    0.64852E-02    0.31879E-02    0.25695E-01    0.37683E-02    0.10637E-01    0.26489E-02    0.48827E-02    0.23953E-02    0.14544E-01    0.26197E-02    0.59937E-02
41000  0    0.16118E-06    0.25098E-05    0.39604E-06    0.22402E-07    0.13878E-04    0.18267E-07    0.24915E-03    0.21988E-07    0.37405E-04    0.31776E-02    0.52684E-02    0.28497E-02    0.22323E-01    0.31464E-02    0.86493E-02    0.18698E-02    0.32143E-02    0.19491E-02    0.11119E-01    0.18777E-02    0.40048E-02    0.65037E-07    0.78285E-07    0.65965E-07    0.65037E-07    0.00000E+00    0.78285E-07    0.00000E+00    0.65965E-07    0.00000E+00    0.36066E-03    0.00000E+00    0.39569E-03    0.00000E+00    0.36322E-03    0.00000E+00    0.30562E-03    0.00000E+00    0.36165E-03    0.00000E+00    0.30954E-03    0.00000E+00    0.21170E-06    0.32498E-05    0.56107E-06    0.00000E+00    0.21170E-04    0.00000E+00    0.32498E-03    0.00000E+00    0.56107E-04    0.39159E-02    0.65069E-02    0.32473E-02    0.25494E-01    0.38449E-02    0.10593E-01    0.26916E-02    0.49032E-02    0.24322E-02    0.14503E-01    0.26618E-02    0.60072E-02
41200  0    0.15840E-06    0.24875E-05    0.39131E-06    0.23065E-07    0.13533E-04    0.18455E-07    0.24691E-03    0.22604E-07    0.36871E-04    0.30821E-02    0.52026E-02    0.27670E-02    0.22222E-01    0.30521E-02    0.85873E-02    0.18233E-02    0.31738E-02    0.18993E-02    0.11032E-01    0.18309E-02    0.39596E-02    0.66963E-07    0.79094E-07    0.67812E-07    0.66963E-07    0.00000E+00    0.79094E-07    0.00000E+00    0.67812E-07    0.00000E+00    0.36596E-03    0.00000E+00    0.39773E-03    0.00000E+00    0.36827E-03    0.00000E+00    0.30758E-03    0.00000E+00    0.36202E-03    0.00000E+00    0.31139E-03    0.00000E+00    0.20644E-06    0.32205E-05    0.55306E-06    0.00000E+00    0.20644E-04    0.00000E+00    0.32205E-03    0.00000E+00    0.55306E-04    0.37974E-02    0.64256E-02    0.31525E-02    0.25379E-01    0.37290E-02    0.10517E-01    0.26197E-02    0.48414E-02    0.23671E-02    0.14390E-01    0.25906E-02    0.59395E-02
41400  0    0.15809E-06    0.24673E-05    0.38901E-06    0.22296E-07    0.13579E-04    0.18025E-07    0.24493E-03    0.21869E-07    0.36714E-04    0.31346E-02    0.52114E-02    0.28154E-02    0.22133E-01    0.31041E-02    0.85690E-02    0.18468E-02    0.31821E-02    0.19262E-02    0.11031E-01    0.18548E-02    0.39670E-02    0.64731E-07    0.77251E-07    0.65607E-07    0.64731E-07    0.00000E+00    0.77251E-07    0.00000E+00    0.65607E-07    0.00000E+00    0.35981E-03    0.00000E+00    0.39307E-03    0.00000E+00    0.36223E-03    0.00000E+00    0.30375E-03    0.00000E+00    0.35846E-03    0.00000E+00    0.30758E-03    0.00000E+00    0.20714E-06    0.31947E-05    0.55071E-06    0.00000E+00    0.20714E-04    0.00000E+00    0.31947E-03    0.00000E+00    0.55071E-04    0.38627E-02    0.64364E-02    0.32080E-02    0.25277E-01    0.37931E-02    0.10495E-01    0.26576E-02    0.48540E-02    0.24034E-02    0.14388E-01    0.26284E-02    0.59504E-02
41600  1    0.16560E-06    0.24866E-05    0.39770E-06    0.30028E-07    0.13557E-04    0.19489E-07    0.24671E-03    0.28975E-07    0.36872E-04    0.29497E-02    0.52071E-02    0.26432E-02    0.22213E-01    0.29205E-02    0.85874E-02    0.17657E-02    0.32017E-02    0.18108E-02    0.10959E-01    0.17702E-02    0.39775E-02    0.87180E-07    0.83523E-07    0.86924E-07    0.87180E-07    0.00000E+00    0.83523E-07    0.00000E+00    0.86924E-07    0.00000E+00    0.41756E-03    0.00000E+00    0.40871E-03    0.00000E+00    0.41695E-03    0.00000E+00    0.33890E-03    0.00000E+00    0.32026E-03    0.00000E+00    0.33759E-03    0.00000E+00    0.20680E-06    0.32179E-05    0.55308E-06    0.00000E+00    0.20680E-04    0.00000E+00    0.32179E-03    0.00000E+00    0.55308E-04    0.36306E-02    0.64312E-02    0.30103E-02    0.25369E-01    0.35647E-02    0.10517E-01    0.25153E-02    0.48840E-02    0.22645E-02    0.14295E-01    0.24865E-02    0.59662E-02
41800  0    0.15523E-06    0.24121E-05    0.38092E-06    0.22040E-07    0.13320E-04    0.17652E-07    0.23944E-03    0.21601E-07    0.35932E-04    0.30837E-02    0.51613E-02    0.27694E-02    0.21883E-01    0.30537E-02    0.84772E-02    0.18179E-02    0.31536E-02    0.18951E-02    0.10923E-01    0.18257E-02    0.39306E-02    0.63987E-07    0.75653E-07    0.64803E-07    0.63987E-07    0.00000E+00    0.75653E-07    0.00000E+00    0.64803E-07    0.00000E+00    0.35773E-03    0.00000E+00    0.38898E-03    0.00000E+00    0.36001E-03    0.00000E+00    0.30102E-03    0.00000E+00    0.35431E-03    0.00000E+00    0.30475E-03    0.00000E+00    0.20318E-06    0.31231E-05    0.53897E-06    0.00000E+00    0.20318E-04    0.00000E+00    0.31231E-03    0.00000E+00    0.53897E-04    0.37998E-02    0.63746E-02    0.31556E-02    0.24993E-01    0.37314E-02    0.10382E-01    0.26150E-02    0.48106E-02    0.23641E-02    0.14248E-01    0.25861E-02    0.58958E-02
42000  1    0.47081E-06    0.28135E-05    0.70508E-06    0.25586E-06    0.21496E-04    0.19118E-06    0.26223E-03    0.24939E-06    0.45569E-04    0.26247E-02    0.65568E-02    0.24012E-02    0.22901E-01    0.26032E-02    0.95467E-02    0.19439E-02    0.40664E-02    0.19609E-02    0.10991E-01    0.19456E-02    0.47589E-02    0.74281E-06    0.81936E-06    0.74817E-06    0.74281E-06    0.00000E+00    0.81936E-06    0.00000E+00    0.74817E-06    0.00000E+00    0.12189E-02    0.00000E+00    0.12801E-02    0.00000E+00    0.12232E-02    0.00000E+00    0.11369E-02    0.00000E+00    0.12145E-02    0.00000E+00    0.11423E-02    0.00000E+00    0.32790E-06    0.34204E-05    0.68354E-06    0.00000E+00    0.32790E-04    0.00000E+00    0.34204E-03    0.00000E+00    0.68354E-04    0.31190E-02    0.80981E-02    0.26499E-02    0.26155E-01    0.30687E-02    0.11692E-01    0.23680E-02    0.62030E-02    0.21881E-02    0.14336E-01    0.23473E-02    0.71383E-02
42200  0    0.15260E-06    0.23553E-05    0.37287E-06    0.21694E-07    0.13091E-04    0.17333E-07    0.23379E-03    0.21258E-07    0.35161E-04    0.30508E-02    0.51168E-02    0.27377E-02    0.21624E-01    0.30210E-02    0.83858E-02    0.17978E-02    0.31284E-02    0.18726E-02    0.10824E-01    0.18053E-02    0.38980E-02    0.62982E-07    0.74285E-07    0.63774E-07    0.62982E-07    0.00000E+00    0.74285E-07    0.00000E+00    0.63774E-07    0.00000E+00    0.35492E-03    0.00000E+00    0.38545E-03    0.00000E+00    0.35714E-03    0.00000E+00    0.29807E-03    0.00000E+00    0.35091E-03    0.00000E+00    0.30177E-03    0.00000E+00    0.19969E-06    0.30495E-05    0.52742E-06    0.00000E+00    0.19969E-04    0.00000E+00    0.30495E-03    0.00000E+00    0.52742E-04    0.37592E-02    0.63197E-02    0.31194E-02    0.24696E-01    0.36913E-02    0.10271E-01    0.25858E-02    0.47722E-02    0.23357E-02    0.14118E-01    0.25570E-02    0.58470E-02
42400  0    0.15114E-06    0.23194E-05    0.36796E-06    0.22873E-07    0.12827E-04    0.19582E-07    0.22998E-03    0.22544E-07    0.34542E-04    0.30175E-02    0.50649E-02    0.27057E-02    0.21447E-01    0.29877E-02    0.83117E-02    0.17863E-02    0.30971E-02    0.18583E-02    0.10745E-01    0.17935E-02    0.38619E-02    0.66407E-07    0.83921E-07    0.67633E-07    0.66407E-07    0.00000E+00    0.83921E-07    0.00000E+00    0.67633E-07    0.00000E+00    0.36444E-03    0.00000E+00    0.40968E-03    0.00000E+00    0.36778E-03    0.00000E+00    0.30166E-03    0.00000E+00    0.36945E-03    0.00000E+00    0.30640E-03    0.00000E+00    0.19566E-06    0.29997E-05    0.51813E-06    0.00000E+00    0.19566E-04    0.00000E+00    0.29997E-03    0.00000E+00    0.51813E-04    0.37174E-02    0.62556E-02    0.30818E-02    0.24494E-01    0.36500E-02    0.10180E-01    0.25663E-02    0.47244E-02    0.23115E-02    0.14015E-01    0.25370E-02    0.57928E-02
42600  0    0.14996E-06    0.23014E-05    0.36511E-06    0.21353E-07    0.12861E-04    0.17011E-07    0.22844E-03    0.20919E-07    0.34419E-04    0.30275E-02    0.50716E-02    0.27161E-02    0.21375E-01    0.29979E-02    0.82969E-02    0.17833E-02    0.31022E-02    0.18560E-02    0.10730E-01    0.17905E-02    0.38649E-02    0.61993E-07    0.72903E-07    0.62757E-07    0.61993E-07    0.00000E+00    0.72903E-07    0.00000E+00    0.62757E-07    0.00000E+00    0.35212E-03    0.00000E+00    0.38184E-03    0.00000E+00    0.35428E-03    0.00000E+00    0.29514E-03    0.00000E+00    0.34737E-03    0.00000E+00    0.29880E-03    0.00000E+00    0.19618E-06    0.29797E-05    0.51628E-06    0.00000E+00    0.19618E-04    0.00000E+00    0.29797E-03    0.00000E+00    0.51628E-04    0.37305E-02    0.62639E-02    0.30948E-02    0.24412E-01    0.36631E-02    0.10162E-01    0.25652E-02    0.47321E-02    0.23151E-02    0.13996E-01    0.25364E-02    0.57974E-02
42800  1    0.63036E-06    0.28701E-05    0.85434E-06    0.37449E-06    0.25587E-04    0.28323E-06    0.25869E-03    0.36537E-06    0.48897E-04    0.25674E-02    0.71535E-02    0.23871E-02    0.22746E-01    0.25500E-02    0.98891E-02    0.20199E-02    0.43974E-02    0.20004E-02    0.10941E-01    0.20179E-02    0.50518E-02    0.10872E-05    0.12138E-05    0.10961E-05    0.10872E-05    0.00000E+00    0.12138E-05    0.00000E+00    0.10961E-05    0.00000E+00    0.14746E-02    0.00000E+00    0.15581E-02    0.00000E+00    0.14806E-02    0.00000E+00    0.13951E-02    0.00000E+00    0.14978E-02    0.00000E+00    0.14023E-02    0.00000E+00    0.39030E-06    0.33742E-05    0.73346E-06    0.00000E+00    0.39030E-04    0.00000E+00    0.33742E-03    0.00000E+00    0.73346E-04    0.29854E-02    0.88352E-02    0.25872E-02    0.25978E-01    0.29424E-02    0.12112E-01    0.23481E-02    0.67079E-02    0.21533E-02    0.14271E-01    0.23257E-02    0.75777E-02
43000  0    0.14725E-06    0.22517E-05    0.35769E-06    0.21082E-07    0.12617E-04    0.16699E-07    0.22350E-03    0.20644E-07    0.33705E-04    0.29924E-02    0.50234E-02    0.26838E-02    0.21142E-01    0.29630E-02    0.82103E-02    0.17631E-02    0.30741E-02    0.18332E-02    0.10633E-01    0.17701E-02    0.38300E-02    0.61207E-07    0.71566E-07    0.61932E-07    0.61207E-07    0.00000E+00    0.71566E-07    0.00000E+00    0.61932E-07    0.00000E+00    0.34988E-03    0.00000E+00    0.37833E-03    0.00000E+00    0.35194E-03    0.00000E+00    0.29253E-03    0.00000E+00    0.34374E-03    0.00000E+00    0.29611E-03    0.00000E+00    0.19246E-06    0.29152E-05    0.50557E-06    0.00000E+00    0.19246E-04    0.00000E+00    0.29152E-03    0.00000E+00    0.50557E-04    0.36872E-02    0.62042E-02    0.30581E-02    0.24146E-01    0.36204E-02    0.10056E-01    0.25358E-02    0.46893E-02    0.22865E-02    0.13869E-01    0.25072E-02    0.57449E-02
43200  1    0.12655E-04    0.10152E-04    0.12404E-04    0.77529E-05    0.49017E-03    0.44080E-05    0.57439E-03    0.74184E-05    0.49859E-03    0.61219E-02    0.31310E-01    0.60464E-02    0.33894E-01    0.61144E-02    0.31578E-01    0.56215E-02    0.14677E-01    0.54763E-02    0.17811E-01    0.56070E-02    0.14991E-01    0.22508E-04    0.18891E-04    0.22255E-04    0.22508E-04    0.00000E+00    0.18891E-04    0.00000E+00    0.22255E-04    0.00000E+00    0.67095E-02    0.00000E+00    0.61468E-02    0.00000E+00    0.66716E-02    0.00000E+00    0.66536E-02    0.00000E+00    0.60218E-02    0.00000E+00    0.66093E-02    0.00000E+00    0.74772E-05    0.74921E-05    0.74789E-05    0.00000E+00    0.74772E-03    0.00000E+00    0.74921E-03    0.00000E+00    0.74789E-03    0.57894E-02    0.38671E-01    0.60155E-02    0.38709E-01    0.58158E-02    0.38675E-01    0.50792E-02    0.22389E-01    0.53103E-02    0.23232E-01    0.51058E-02    0.22486E-01
43400  0    0.14461E-06    0.21834E-05    0.34848E-06    0.20779E-07    0.12383E-04    0.16221E-07    0.21672E-03    0.20323E-07    0.32816E-04    0.29424E-02    0.49765E-02    0.26334E-02    0.20819E-01    0.29130E-02    0.81014E-02    0.17340E-02    0.30462E-02    0.17978E-02    0.10492E-01    0.17404E-02    0.37908E-02    0.60325E-07    0.69518E-07    0.60969E-07    0.60325E-07    0.00000E+00    0.69518E-07    0.00000E+00    0.60969E-07    0.00000E+00    0.34735E-03    0.00000E+00    0.37288E-03    0.00000E+00    0.34920E-03    0.00000E+00    0.28953E-03    0.00000E+00    0.33819E-03    0.00000E+00    0.29294E-03    0.00000E+00    0.18889E-06    0.28267E-05    0.49224E-06    0.00000E+00    0.18889E-04    0.00000E+00    0.28267E-03    0.00000E+00    0.49224E-04    0.36254E-02    0.61464E-02    0.30006E-02    0.23777E-01    0.35591E-02    0.99221E-02    0.24930E-02    0.46467E-02    0.22420E-02    0.13685E-01    0.24641E-02    0.56861E-02
43600  1    0.81745E-06    0.22416E-05    0.95987E-06    0.47905E-06    0.33840E-04    0.37125E-06    0.18704E-03    0.46827E-06    0.49159E-04    0.43356E-02    0.82268E-02    0.39498E-02    0.19341E-01    0.42986E-02    0.99156E-02    0.31583E-02    0.48159E-02    0.31431E-02    0.10618E-01    0.31568E-02    0.53962E-02    0.13908E-05    0.15911E-05    0.14048E-05    0.13908E-05    0.00000E+00    0.15911E-05    0.00000E+00    0.14048E-05    0.00000E+00    0.16678E-02    0.00000E+00    0.17839E-02    0.00000E+00    0.16762E-02    0.00000E+00    0.16084E-02    0.00000E+00    0.16735E-02    0.00000E+00    0.16130E-02    0.00000E+00    0.51620E-06    0.24396E-05    0.73739E-06    0.00000E+00    0.51620E-04    0.00000E+00    0.24396E-03    0.00000E+00    0.73739E-04    0.52165E-02    0.10161E-01    0.44023E-02    0.22089E-01    0.51295E-02    0.12144E-01    0.39726E-02    0.73463E-02    0.35904E-02    0.13850E-01    0.39286E-02    0.80943E-02
43800  0    0.14195E-06    0.21420E-05    0.34196E-06    0.20609E-07    0.12135E-04    0.16099E-07    0.21259E-03    0.20158E-07    0.32180E-04    0.29213E-02    0.49264E-02    0.26161E-02    0.20620E-01    0.28922E-02    0.80225E-02    0.17223E-02    0.30177E-02    0.17845E-02    0.10429E-01    0.17285E-02    0.37588E-02    0.59834E-07    0.68995E-07    0.60475E-07    0.59834E-07    0.00000E+00    0.68995E-07    0.00000E+00    0.60475E-07    0.00000E+00    0.34593E-03    0.00000E+00    0.37147E-03    0.00000E+00    0.34778E-03    0.00000E+00    0.28778E-03    0.00000E+00    0.33657E-03    0.00000E+00    0.29119E-03    0.00000E+00    0.18510E-06    0.27729E-05    0.48270E-06    0.00000E+00    0.18510E-04    0.00000E+00    0.27729E-03    0.00000E+00    0.48270E-04    0.35993E-02    0.60845E-02    0.29808E-02    0.23550E-01    0.35337E-02    0.98255E-02    0.24760E-02    0.46032E-02    0.22252E-02    0.13604E-01    0.24471E-02    0.56383E-02
44000  1    0.23414E-06    0.23696E-05    0.44768E-06    0.70158E-07    0.16398E-04    0.36189E-07    0.23334E-03    0.66761E-07    0.38092E-04    0.29975E-02    0.57268E-02    0.26325E-02    0.21603E-01    0.29631E-02    0.87284E-02    0.18709E-02    0.36106E-02    0.18153E-02    0.10711E-01    0.18654E-02    0.43206E-02    0.20368E-06    0.15510E-06    0.20028E-06    0.20368E-06    0.00000E+00    0.15510E-06    0.00000E+00    0.20028E-06    0.00000E+00    0.63825E-03    0.00000E+00    0.55695E-03    0.00000E+00    0.63290E-03    0.00000E+00    0.54766E-03    0.00000E+00    0.44924E-03    0.00000E+00    0.54077E-03    0.00000E+00    0.25014E-06    0.30436E-05    0.57138E-06    0.00000E+00    0.25014E-04    0.00000E+00    0.30436E-03    0.00000E+00    0.57138E-04    0.36732E-02    0.70731E-02    0.29907E-02    0.24672E-01    0.36013E-02    0.10690E-01    0.25662E-02    0.55077E-02    0.22311E-02    0.13970E-01    0.25277E-02    0.64809E-02
44200  0    0.13936E-06    0.20978E-05    0.33521E-06    0.20330E-07    0.11903E-04    0.15806E-07    0.20820E-03    0.19877E-07    0.31533E-04    0.28930E-02    0.48792E-02    0.25918E-02    0.20406E-01    0.28643E-02    0.79414E-02    0.17059E-02    0.29889E-02    0.17664E-02    0.10349E-01    0.17120E-02    0.37249E-02    0.59022E-07    0.67741E-07    0.59632E-07    0.59022E-07    0.00000E+00    0.67741E-07    0.00000E+00    0.59632E-07    0.00000E+00    0.34357E-03    0.00000E+00    0.36808E-03    0.00000E+00    0.34535E-03    0.00000E+00    0.28501E-03    0.00000E+00    0.33317E-03    0.00000E+00    0.28838E-03    0.00000E+00    0.18158E-06    0.27156E-05    0.47299E-06    0.00000E+00    0.18158E-04    0.00000E+00    0.27156E-03    0.00000E+00    0.47299E-04    0.35645E-02    0.60262E-02    0.29530E-02    0.23305E-01    0.34996E-02    0.97262E-02    0.24525E-02    0.45593E-02    0.22026E-02    0.13499E-01    0.24238E-02    0.55874E-02
44400  0    0.14010E-06    0.20156E-05    0.32765E-06    0.19513E-07    0.12058E-04    0.16819E-07    0.19988E-03    0.19244E-07    0.30840E-04    0.29914E-02    0.49109E-02    0.26592E-02    0.19994E-01    0.29599E-02    0.78537E-02    0.17472E-02    0.30050E-02    0.18094E-02    0.10212E-01    0.17534E-02    0.37257E-02    0.56652E-07    0.72082E-07    0.57732E-07    0.56652E-07    0.00000E+00    0.72082E-07    0.00000E+00    0.57732E-07    0.00000E+00    0.33661E-03    0.00000E+00    0.37969E-03    0.00000E+00    0.33980E-03    0.00000E+00    0.28029E-03    0.00000E+00    0.34783E-03    0.00000E+00    0.28502E-03    0.00000E+00    0.18394E-06    0.26071E-05    0.46260E-06    0.00000E+00    0.18394E-04    0.00000E+00    0.26071E-03    0.00000E+00    0.46260E-04    0.36866E-02    0.60653E-02    0.30298E-02    0.22835E-01    0.36171E-02    0.96187E-02    0.25180E-02    0.45839E-02    0.22542E-02    0.13320E-01    0.24877E-02    0.55886E-02
44600  0    0.14997E-06    0.19939E-05    0.33437E-06    0.29731E-07    0.12024E-04    0.27755E-07    0.19662E-03    0.29534E-07    0.30483E-04    0.29638E-02    0.49039E-02    0.26545E-02    0.19830E-01    0.29344E-02    0.78081E-02    0.17689E-02    0.30394E-02    0.18377E-02    0.10169E-01    0.17758E-02    0.37524E-02    0.86316E-07    0.11895E-06    0.88601E-07    0.86316E-07    0.00000E+00    0.11895E-06    0.00000E+00    0.88601E-07    0.00000E+00    0.41549E-03    0.00000E+00    0.48775E-03    0.00000E+00    0.42095E-03    0.00000E+00    0.33612E-03    0.00000E+00    0.40356E-03    0.00000E+00    0.34084E-03    0.00000E+00    0.18342E-06    0.25646E-05    0.45725E-06    0.00000E+00    0.18342E-04    0.00000E+00    0.25646E-03    0.00000E+00    0.45725E-04    0.36481E-02    0.60567E-02    0.30197E-02    0.22648E-01    0.35815E-02    0.95629E-02    0.25217E-02    0.46363E-02    0.22742E-02    0.13264E-01    0.24932E-02    0.56285E-02
44800  1    0.13598E-06    0.20045E-05    0.32283E-06    0.19662E-07    0.11632E-04    0.15211E-07    0.19892E-03    0.19217E-07    0.30361E-04    0.28701E-02    0.48233E-02    0.25654E-02    0.19946E-01    0.28411E-02    0.77925E-02    0.16883E-02    0.29550E-02    0.17426E-02    0.10166E-01    0.16937E-02    0.36761E-02    0.57082E-07    0.65191E-07    0.57650E-07    0.57082E-07    0.00000E+00    0.65191E-07    0.00000E+00    0.57650E-07    0.00000E+00    0.33788E-03    0.00000E+00    0.36108E-03    0.00000E+00    0.33956E-03    0.00000E+00    0.27997E-03    0.00000E+00    0.32645E-03    0.00000E+00    0.28323E-03    0.00000E+00    0.17744E-06    0.25947E-05    0.45542E-06    0.00000E+00    0.17744E-04    0.00000E+00    0.25947E-03    0.00000E+00    0.45542E-04    0.35364E-02    0.59571E-02    0.29232E-02    0.22780E-01    0.34714E-02    0.95438E-02    0.24283E-02    0.45076E-02    0.21736E-02    0.13260E-01    0.23990E-02    0.55142E-02
45000  0    0.37070E-06    0.18886E-05    0.52249E-06    0.17177E-06    0.19893E-04    0.14146E-06    0.17471E-03    0.16874E-06    0.35375E-04    0.36609E-02    0.63077E-02    0.32885E-02    0.18693E-01    0.36254E-02    0.84114E-02    0.24233E-02    0.38040E-02    0.24443E-02    0.99641E-02    0.24254E-02    0.44200E-02    0.49868E-06    0.60626E-06    0.50621E-06    0.49868E-06    0.00000E+00    0.60626E-06    0.00000E+00    0.50621E-06    0.00000E+00    0.99868E-03    0.00000E+00    0.11011E-02    0.00000E+00    0.10062E-02    0.00000E+00    0.92657E-03    0.00000E+00    0.98430E-03    0.00000E+00    0.93062E-03    0.00000E+00    0.30346E-06    0.22789E-05    0.53063E-06    0.00000E+00    0.30346E-04    0.00000E+00    0.22789E-03    0.00000E+00    0.53063E-04    0.44632E-02    0.77905E-02    0.37063E-02    0.21349E-01    0.43828E-02    0.10302E-01    0.32098E-02    0.58027E-02    0.28886E-02    0.12997E-01    0.31728E-02    0.66300E-02
45200  1    0.13338E-06    0.19643E-05    0.31647E-06    0.19545E-07    0.11383E-04    0.14991E-07    0.19493E-03    0.19090E-07    0.29738E-04    0.28306E-02    0.47714E-02    0.25310E-02    0.19745E-01    0.28021E-02    0.77121E-02    0.16672E-02    0.29239E-02    0.17188E-02    0.10089E-01    0.16724E-02    0.36405E-02    0.56744E-07    0.64245E-07    0.57270E-07    0.56744E-07    0.00000E+00    0.64245E-07    0.00000E+00    0.57270E-07    0.00000E+00    0.33688E-03    0.00000E+00    0.35846E-03    0.00000E+00    0.33844E-03    0.00000E+00    0.27818E-03    0.00000E+00    0.32360E-03    0.00000E+00    0.28136E-03    0.00000E+00    0.17364E-06    0.25426E-05    0.44607E-06    0.00000E+00    0.17364E-04    0.00000E+00    0.25426E-03    0.00000E+00    0.44607E-04    0.34875E-02    0.58931E-02    0.28838E-02    0.22550E-01    0.34235E-02    0.94453E-02    0.23970E-02    0.44602E-02    0.21435E-02    0.13160E-01    0.23679E-02    0.54607E-02
45400  0    0.13521E-06    0.18310E-05    0.30479E-06    0.18611E-07    0.11660E-04    0.14441E-07    0.18166E-03    0.18194E-07    0.28660E-04    0.28138E-02    0.48291E-02    0.24914E-02    0.19061E-01    0.27833E-02    0.75710E-02    0.16391E-02    0.29615E-02    0.16751E-02    0.97475E-02    0.16427E-02    0.36401E-02    0.54032E-07    0.61891E-07    0.54582E-07    0.54032E-07    0.00000E+00    0.61891E-07    0.00000E+00    0.54582E-07    0.00000E+00    0.32873E-03    0.00000E+00    0.35183E-03    0.00000E+00    0.33040E-03    0.00000E+00    0.26991E-03    0.00000E+00    0.30321E-03    0.00000E+00    0.27225E-03    0.00000E+00    0.17787E-06    0.23694E-05    0.42990E-06    0.00000E+00    0.17787E-04    0.00000E+00    0.23694E-03    0.00000E+00    0.42990E-04    0.34671E-02    0.59643E-02    0.28387E-02    0.21769E-01    0.34008E-02    0.92725E-02    0.23585E-02    0.45176E-02    0.20927E-02    0.12714E-01    0.23279E-02    0.54602E-02
45600  1    0.13114E-06    0.18673E-05    0.30475E-06    0.19193E-07    0.11194E-04    0.14537E-07    0.18527E-03    0.18727E-07    0.28602E-04    0.27516E-02    0.47317E-02    0.24381E-02    0.19250E-01    0.27219E-02    0.75634E-02    0.16201E-02    0.28945E-02    0.16553E-02    0.98578E-02    0.16236E-02    0.35908E-02    0.55721E-07    0.62300E-07    0.56181E-07    0.55721E-07    0.00000E+00    0.62300E-07    0.00000E+00    0.56181E-07    0.00000E+00    0.33383E-03    0.00000E+00    0.35299E-03    0.00000E+00    0.33520E-03    0.00000E+00    0.27479E-03    0.00000E+00    0.31851E-03    0.00000E+00    0.27785E-03    0.00000E+00    0.17076E-06    0.24166E-05    0.42904E-06    0.00000E+00    0.17076E-04    0.00000E+00    0.24166E-03    0.00000E+00    0.42904E-04    0.33898E-02    0.58440E-02    0.27777E-02    0.21985E-01    0.33252E-02    0.92632E-02    0.23270E-02    0.44154E-02    0.20622E-02    0.12858E-01    0.22965E-02    0.53863E-02
45800  2    0.13105E-06    0.18379E-05    0.30173E-06    0.18530E-07    0.11252E-04    0.14625E-07    0.18232E-03    0.18139E-07    0.28359E-04    0.28440E-02    0.47438E-02    0.25225E-02    0.19096E-01    0.28135E-02    0.75311E-02    0.16638E-02    0.29039E-02    0.17044E-02    0.98338E-02    0.16678E-02    0.35969E-02    0.53796E-07    0.62679E-07    0.54418E-07    0.53796E-07    0.00000E+00    0.62679E-07    0.00000E+00    0.54418E-07    0.00000E+00    0.32801E-03    0.00000E+00    0.35406E-03    0.00000E+00    0.32990E-03    0.00000E+00    0.27177E-03    0.00000E+00    0.32108E-03    0.00000E+00    0.27522E-03    0.00000E+00    0.17164E-06    0.23781E-05    0.42539E-06    0.00000E+00    0.17164E-04    0.00000E+00    0.23781E-03    0.00000E+00    0.42539E-04    0.35045E-02    0.58590E-02    0.28742E-02    0.21809E-01    0.34379E-02    0.92237E-02    0.23951E-02    0.44297E-02    0.21254E-02    0.12827E-01    0.23641E-02    0.53954E-02
46000  3    0.12877E-06    0.18340E-05    0.29929E-06    0.19068E-07    0.10971E-04    0.14510E-07    0.18195E-03    0.18612E-07    0.28068E-04    0.27449E-02    0.46841E-02    0.24365E-02    0.19076E-01    0.27157E-02    0.74924E-02    0.16171E-02    0.28686E-02    0.16518E-02    0.98100E-02    0.16206E-02    0.35627E-02    0.55359E-07    0.62186E-07    0.55837E-07    0.55359E-07    0.00000E+00    0.62186E-07    0.00000E+00    0.55837E-07    0.00000E+00    0.33274E-03    0.00000E+00    0.35267E-03    0.00000E+00    0.33418E-03    0.00000E+00    0.27377E-03    0.00000E+00    0.31843E-03    0.00000E+00    0.27689E-03    0.00000E+00    0.16735E-06    0.23732E-05    0.42102E-06    0.00000E+00    0.16735E-04    0.00000E+00    0.23732E-03    0.00000E+00    0.42102E-04    0.33816E-02    0.57853E-02    0.27758E-02    0.21786E-01    0.33176E-02    0.91763E-02    0.23229E-02    0.43758E-02    0.20577E-02    0.12796E-01    0.22924E-02    0.53441E-02
46200  0    0.12872E-06    0.18067E-05    0.29651E-06    0.18366E-07    0.11036E-04    0.14214E-07    0.17924E-03    0.17951E-07    0.27856E-04    0.28141E-02    0.46980E-02    0.25037E-02    0.18934E-01    0.27846E-02    0.74641E-02    0.16483E-02    0.28778E-02    0.16898E-02    0.97800E-02    0.16525E-02    0.35680E-02    0.53320E-07    0.60919E-07    0.53852E-07    0.53320E-07    0.00000E+00    0.60919E-07    0.00000E+00    0.53852E-07    0.00000E+00    0.32656E-03    0.00000E+00    0.34905E-03    0.00000E+00    0.32818E-03    0.00000E+00    0.26968E-03    0.00000E+00    0.31527E-03    0.00000E+00    0.27287E-03    0.00000E+00    0.16834E-06    0.23380E-05    0.41785E-06    0.00000E+00    0.16834E-04    0.00000E+00    0.23380E-03    0.00000E+00    0.41785E-04    0.34676E-02    0.58024E-02    0.28529E-02    0.21624E-01    0.34025E-02    0.91416E-02    0.23727E-02    0.43899E-02    0.21082E-02    0.12757E-01    0.23422E-02    0.53520E-02
46400  0    0.12652E-06    0.17978E-05    0.29364E-06    0.18824E-07    0.10769E-04    0.14260E-07    0.17835E-03    0.18368E-07    0.27527E-04    0.27293E-02    0.46410E-02    0.24254E-02    0.18886E-01    0.27005E-02    0.74199E-02    0.16079E-02    0.28417E-02    0.16420E-02    0.97397E-02    0.16113E-02    0.35315E-02    0.54650E-07    0.61112E-07    0.55103E-07    0.54650E-07    0.00000E+00    0.61112E-07    0.00000E+00    0.55103E-07    0.00000E+00    0.33061E-03    0.00000E+00    0.34961E-03    0.00000E+00    0.33197E-03    0.00000E+00    0.27150E-03    0.00000E+00    0.31536E-03    0.00000E+00    0.27457E-03    0.00000E+00    0.16428E-06    0.23263E-05    0.41291E-06    0.00000E+00    0.16428E-04    0.00000E+00    0.23263E-03    0.00000E+00    0.41291E-04    0.33624E-02    0.57319E-02    0.27633E-02    0.21570E-01    0.32990E-02    0.90875E-02    0.23101E-02    0.43348E-02    0.20457E-02    0.12704E-01    0.22797E-02    0.52972E-02
46600  0    0.12657E-06    0.17683E-05    0.29074E-06    0.18110E-07    0.10846E-04    0.13838E-07    0.17545E-03    0.17683E-07    0.27306E-04    0.27976E-02    0.46574E-02    0.24940E-02    0.18732E-01    0.27688E-02    0.73900E-02    0.16383E-02    0.28536E-02    0.16807E-02    0.97095E-02    0.16426E-02    0.35392E-02    0.52578E-07    0.59307E-07    0.53049E-07    0.52578E-07    0.00000E+00    0.59307E-07    0.00000E+00    0.53049E-07    0.00000E+00    0.32428E-03    0.00000E+00    0.34440E-03    0.00000E+00    0.32573E-03    0.00000E+00    0.26708E-03    0.00000E+00    0.31007E-03    0.00000E+00    0.27009E-03    0.00000E+00    0.16544E-06    0.22884E-05    0.40959E-06    0.00000E+00    0.16544E-04    0.00000E+00    0.22884E-03    0.00000E+00    0.40959E-04    0.34473E-02    0.57523E-02    0.28420E-02    0.21394E-01    0.33832E-02    0.90508E-02    0.23588E-02    0.43530E-02    0.20978E-02    0.12665E-01    0.23288E-02    0.53088E-02
46800  0    0.12435E-06    0.17582E-05    0.28774E-06    0.18539E-07    0.10582E-04    0.13931E-07    0.17442E-03    0.18078E-07    0.26966E-04    0.27167E-02    0.46004E-02    0.24161E-02    0.18677E-01    0.26882E-02    0.73438E-02    0.15996E-02    0.28164E-02    0.16325E-02    0.96617E-02    0.16029E-02    0.35009E-02    0.53822E-07    0.59703E-07    0.54234E-07    0.53822E-07    0.00000E+00    0.59703E-07    0.00000E+00    0.54234E-07    0.00000E+00    0.32809E-03    0.00000E+00    0.34555E-03    0.00000E+00    0.32934E-03    0.00000E+00    0.26888E-03    0.00000E+00    0.31117E-03    0.00000E+00    0.27184E-03    0.00000E+00    0.16141E-06    0.22751E-05    0.40449E-06    0.00000E+00    0.16141E-04    0.00000E+00    0.22751E-03    0.00000E+00    0.40449E-04    0.33470E-02    0.56818E-02    0.27528E-02    0.21331E-01    0.32841E-02    0.89943E-02    0.22988E-02    0.42962E-02    0.20346E-02    0.12602E-01    0.22684E-02    0.52514E-02
47000  0    0.12442E-06    0.17108E-05    0.28306E-06    0.17758E-07    0.10667E-04    0.13392E-07    0.16974E-03    0.17321E-07    0.26574E-04    0.27662E-02    0.46188E-02    0.24636E-02    0.18425E-01    0.27375E-02    0.72903E-02    0.16185E-02    0.28276E-02    0.16571E-02    0.95760E-02    0.16224E-02    0.35024E-02    0.51555E-07    0.57394E-07    0.51964E-07    0.51555E-07    0.00000E+00    0.57394E-07    0.00000E+00    0.51964E-07    0.00000E+00    0.32111E-03    0.00000E+00    0.33880E-03    0.00000E+00    0.32238E-03    0.00000E+00    0.26358E-03    0.00000E+00    0.30448E-03    0.00000E+00    0.26645E-03    0.00000E+00    0.16271E-06    0.22140E-05    0.39861E-06    0.00000E+00    0.16271E-04    0.00000E+00    0.22140E-03    0.00000E+00    0.39861E-04    0.34086E-02    0.57046E-02    0.28075E-02    0.21043E-01    0.33450E-02    0.89288E-02    0.23305E-02    0.43132E-02    0.20688E-02    0.12490E-01    0.23004E-02    0.52536E-02
47200  0    0.12222E-06    0.17027E-05    0.28026E-06    0.18215E-07    0.10400E-04    0.13523E-07    0.16892E-03    0.17745E-07    0.26252E-04    0.26893E-02    0.45607E-02    0.23896E-02    0.18380E-01    0.26609E-02    0.72460E-02    0.15823E-02    0.27918E-02    0.16112E-02    0.95389E-02    0.15852E-02    0.34665E-02    0.52881E-07    0.57957E-07    0.53236E-07    0.52881E-07    0.00000E+00    0.57957E-07    0.00000E+00    0.53236E-07    0.00000E+00    0.32521E-03    0.00000E+00    0.34046E-03    0.00000E+00    0.32630E-03    0.00000E+00    0.26605E-03    0.00000E+00    0.30613E-03    0.00000E+00    0.26885E-03    0.00000E+00    0.15865E-06    0.22033E-05    0.39378E-06    0.00000E+00    0.15865E-04    0.00000E+00    0.22033E-03    0.00000E+00    0.39378E-04    0.33132E-02    0.56329E-02    0.27227E-02    0.20992E-01    0.32507E-02    0.88744E-02    0.22738E-02    0.42586E-02    0.20084E-02    0.12442E-01    0.22433E-02    0.51997E-02
47400  0    0.12207E-06    0.16767E-05    0.27753E-06    0.17619E-07    0.10445E-04    0.13167E-07    0.16635E-03    0.17174E-07    0.26036E-04    0.27433E-02    0.45706E-02    0.24454E-02    0.18240E-01    0.27150E-02    0.72161E-02    0.16059E-02    0.27990E-02    0.16424E-02    0.95097E-02    0.16096E-02    0.34701E-02    0.51153E-07    0.56431E-07    0.51522E-07    0.51153E-07    0.00000E+00    0.56431E-07    0.00000E+00    0.51522E-07    0.00000E+00    0.31985E-03    0.00000E+00    0.33595E-03    0.00000E+00    0.32101E-03    0.00000E+00    0.26192E-03    0.00000E+00    0.30131E-03    0.00000E+00    0.26468E-03    0.00000E+00    0.15933E-06    0.21698E-05    0.39054E-06    0.00000E+00    0.15933E-04    0.00000E+00    0.21698E-03    0.00000E+00    0.39054E-04    0.33803E-02    0.56451E-02    0.27867E-02    0.20832E-01    0.33174E-02    0.88379E-02    0.23121E-02    0.42697E-02    0.20506E-02    0.12404E-01    0.22820E-02    0.52051E-02
47600  1    0.56643E-06    0.21902E-05    0.72881E-06    0.34380E-06    0.22263E-04    0.25141E-06    0.19388E-03    0.33456E-06    0.39425E-04    0.23297E-02    0.66728E-02    0.21704E-02    0.19692E-01    0.23143E-02    0.88798E-02    0.18662E-02    0.40869E-02    0.17880E-02    0.99442E-02    0.18584E-02    0.46726E-02    0.99814E-06    0.10775E-05    0.10037E-05    0.99814E-06    0.00000E+00    0.10775E-05    0.00000E+00    0.10037E-05    0.00000E+00    0.14129E-02    0.00000E+00    0.14680E-02    0.00000E+00    0.14168E-02    0.00000E+00    0.13479E-02    0.00000E+00    0.14118E-02    0.00000E+00    0.13524E-02    0.00000E+00    0.33961E-06    0.25289E-05    0.59138E-06    0.00000E+00    0.33961E-04    0.00000E+00    0.25289E-03    0.00000E+00    0.59138E-04    0.26889E-02    0.82414E-02    0.23427E-02    0.22490E-01    0.26514E-02    0.10875E-01    0.21385E-02    0.62342E-02    0.19025E-02    0.12971E-01    0.21114E-02    0.70089E-02
47800  0    0.11975E-06    0.16333E-05    0.27111E-06    0.17442E-07    0.10231E-04    0.12861E-07    0.16205E-03    0.16984E-07    0.25413E-04    0.27049E-02    0.45235E-02    0.24113E-02    0.18003E-01    0.26769E-02    0.71292E-02    0.15845E-02    0.27700E-02    0.16170E-02    0.94130E-02    0.15877E-02    0.34343E-02    0.50638E-07    0.55121E-07    0.50952E-07    0.50638E-07    0.00000E+00    0.55121E-07    0.00000E+00    0.50952E-07    0.00000E+00    0.31824E-03    0.00000E+00    0.33203E-03    0.00000E+00    0.31922E-03    0.00000E+00    0.25973E-03    0.00000E+00    0.29721E-03    0.00000E+00    0.26235E-03    0.00000E+00    0.15607E-06    0.21137E-05    0.38119E-06    0.00000E+00    0.15607E-04    0.00000E+00    0.21137E-03    0.00000E+00    0.38119E-04    0.33327E-02    0.55869E-02    0.27478E-02    0.20561E-01    0.32708E-02    0.87315E-02    0.22805E-02    0.42254E-02    0.20187E-02    0.12278E-01    0.22504E-02    0.51515E-02
48000  0    0.41209E-06    0.13245E-05    0.50334E-06    0.15508E-06    0.25702E-04    0.52767E-07    0.12717E-03    0.14485E-06    0.35849E-04    0.31898E-02    0.71696E-02    0.28737E-02    0.15948E-01    0.31596E-02    0.84675E-02    0.21182E-02    0.40018E-02    0.20996E-02    0.87545E-02    0.21163E-02    0.44770E-02    0.45022E-06    0.22615E-06    0.43454E-06    0.45022E-06    0.00000E+00    0.22615E-06    0.00000E+00    0.43454E-06    0.00000E+00    0.94892E-03    0.00000E+00    0.67253E-03    0.00000E+00    0.93224E-03    0.00000E+00    0.79812E-03    0.00000E+00    0.59452E-03    0.00000E+00    0.78387E-03    0.00000E+00    0.39206E-06    0.16588E-05    0.53774E-06    0.00000E+00    0.39206E-04    0.00000E+00    0.16588E-03    0.00000E+00    0.53774E-04    0.38791E-02    0.88551E-02    0.32609E-02    0.18214E-01    0.38131E-02    0.10370E-01    0.28117E-02    0.61044E-02    0.25577E-02    0.11419E-01    0.27825E-02    0.67156E-02
48200  1    0.11745E-06    0.15963E-05    0.26534E-06    0.17266E-07    0.10019E-04    0.12599E-07    0.15837E-03    0.16799E-07    0.24854E-04    0.26726E-02    0.44763E-02    0.23818E-02    0.17797E-01    0.26450E-02    0.70504E-02    0.15664E-02    0.27403E-02    0.15951E-02    0.93215E-02    0.15693E-02    0.33984E-02    0.50126E-07    0.53997E-07    0.50397E-07    0.50126E-07    0.00000E+00    0.53997E-07    0.00000E+00    0.50397E-07    0.00000E+00    0.31663E-03    0.00000E+00    0.32862E-03    0.00000E+00    0.31748E-03    0.00000E+00    0.25777E-03    0.00000E+00    0.29378E-03    0.00000E+00    0.26029E-03    0.00000E+00    0.15283E-06    0.20657E-05    0.37281E-06    0.00000E+00    0.15283E-04    0.00000E+00    0.20657E-03    0.00000E+00    0.37281E-04    0.32929E-02    0.55286E-02    0.27141E-02    0.20326E-01    0.32316E-02    0.86350E-02    0.22540E-02    0.41801E-02    0.19911E-02    0.12159E-01    0.22238E-02    0.50977E-02
48400  2    0.12265E-06    0.15620E-05    0.26659E-06    0.19416E-07    0.10324E-04    0.12364E-07    0.15496E-03    0.18710E-07    0.24788E-04    0.26879E-02    0.45440E-02    0.23751E-02    0.17605E-01    0.26582E-02    0.70410E-02    0.15725E-02    0.27934E-02    0.15791E-02    0.92032E-02    0.15731E-02    0.34343E-02    0.56368E-07    0.52987E-07    0.56131E-07    0.56368E-07    0.00000E+00    0.52987E-07    0.00000E+00    0.56131E-07    0.00000E+00    0.33576E-03    0.00000E+00    0.32554E-03    0.00000E+00    0.33506E-03    0.00000E+00    0.27201E-03    0.00000E+00    0.26490E-03    0.00000E+00    0.27151E-03    0.00000E+00    0.15748E-06    0.20213E-05    0.37182E-06    0.00000E+00    0.15748E-04    0.00000E+00    0.20213E-03    0.00000E+00    0.37182E-04    0.33108E-02    0.56121E-02    0.27066E-02    0.20106E-01    0.32470E-02    0.86234E-02    0.22557E-02    0.42610E-02    0.19791E-02    0.12004E-01    0.22239E-02    0.51515E-02
48600  3    0.11514E-06    0.15424E-05    0.25787E-06    0.17076E-07    0.98061E-05    0.12413E-07    0.15300E-03    0.16609E-07    0.24126E-04    0.26172E-02    0.44286E-02    0.23230E-02    0.17493E-01    0.25893E-02    0.69463E-02    0.15351E-02    0.27091E-02    0.15547E-02    0.91810E-02    0.15370E-02    0.33563E-02    0.49575E-07    0.53198E-07    0.49828E-07    0.49575E-07    0.00000E+00    0.53198E-07    0.00000E+00    0.49828E-07    0.00000E+00    0.31488E-03    0.00000E+00    0.32619E-03    0.00000E+00    0.31568E-03    0.00000E+00    0.25568E-03    0.00000E+00    0.29187E-03    0.00000E+00    0.25821E-03    0.00000E+00    0.14958E-06    0.19957E-05    0.36189E-06    0.00000E+00    0.14958E-04    0.00000E+00    0.19957E-03    0.00000E+00    0.36189E-04    0.32244E-02    0.54696E-02    0.26469E-02    0.19978E-01    0.31634E-02    0.85075E-02    0.22073E-02    0.41326E-02    0.19390E-02    0.11975E-01    0.21764E-02    0.50345E-02
48800  4    0.11482E-06    0.15186E-05    0.25520E-06    0.16609E-07    0.98213E-05    0.12196E-07    0.15064E-03    0.16168E-07    0.23903E-04    0.26672E-02    0.44320E-02    0.23742E-02    0.17357E-01    0.26393E-02    0.69142E-02    0.15576E-02    0.27109E-02    0.15842E-02    0.91515E-02    0.15602E-02    0.33550E-02    0.48219E-07    0.52269E-07    0.48503E-07    0.48219E-07    0.00000E+00    0.52269E-07    0.00000E+00    0.48503E-07    0.00000E+00    0.31054E-03    0.00000E+00    0.32332E-03    0.00000E+00    0.31146E-03    0.00000E+00    0.25257E-03    0.00000E+00    0.28888E-03    0.00000E+00    0.25511E-03    0.00000E+00    0.14982E-06    0.19649E-05    0.35855E-06    0.00000E+00    0.14982E-04    0.00000E+00    0.19649E-03    0.00000E+00    0.35855E-04    0.32865E-02    0.54739E-02    0.27057E-02    0.19824E-01    0.32250E-02    0.84681E-02    0.22432E-02    0.41353E-02    0.19784E-02    0.11937E-01    0.22128E-02    0.50325E-02
49000  5    0.85568E-06    0.19131E-05    0.96142E-06    0.55672E-06    0.29896E-04    0.49746E-06    0.14156E-03    0.55080E-06    0.41062E-04    0.42530E-02    0.77325E-02    0.39097E-02    0.16826E-01    0.42200E-02    0.90622E-02    0.31436E-02    0.45242E-02    0.31137E-02    0.95087E-02    0.31406E-02    0.50227E-02    0.16163E-05    0.21320E-05    0.16524E-05    0.16163E-05    0.00000E+00    0.21320E-05    0.00000E+00    0.16524E-05    0.00000E+00    0.17979E-02    0.00000E+00    0.20649E-02    0.00000E+00    0.18179E-02    0.00000E+00    0.17113E-02    0.00000E+00    0.19642E-02    0.00000E+00    0.17290E-02    0.00000E+00    0.45604E-06    0.18464E-05    0.61593E-06    0.00000E+00    0.45604E-04    0.00000E+00    0.18464E-03    0.00000E+00    0.61593E-04    0.50886E-02    0.95503E-02    0.43174E-02    0.19217E-01    0.50060E-02    0.11099E-01    0.38962E-02    0.69014E-02    0.34635E-02    0.12403E-01    0.38464E-02    0.75340E-02
49200  6    0.11245E-06    0.14883E-05    0.25003E-06    0.16563E-07    0.95887E-05    0.11943E-07    0.14763E-03    0.16101E-07    0.23393E-04    0.26265E-02    0.43792E-02    0.23408E-02    0.17183E-01    0.25994E-02    0.68400E-02    0.15365E-02    0.26785E-02    0.15592E-02    0.90767E-02    0.15388E-02    0.33184E-02    0.48085E-07    0.51183E-07    0.48302E-07    0.48085E-07    0.00000E+00    0.51183E-07    0.00000E+00    0.48302E-07    0.00000E+00    0.31011E-03    0.00000E+00    0.31995E-03    0.00000E+00    0.31081E-03    0.00000E+00    0.25121E-03    0.00000E+00    0.28504E-03    0.00000E+00    0.25358E-03    0.00000E+00    0.14627E-06    0.19256E-05    0.35090E-06    0.00000E+00    0.14627E-04    0.00000E+00    0.19256E-03    0.00000E+00    0.35090E-04    0.32361E-02    0.54087E-02    0.26676E-02    0.19625E-01    0.31759E-02    0.83773E-02    0.22119E-02    0.40859E-02    0.19470E-02    0.11839E-01    0.21814E-02    0.49775E-02
49400  7    0.11281E-06    0.14409E-05    0.24562E-06    0.15849E-07    0.96961E-05    0.11639E-07    0.14293E-03    0.15428E-07    0.23019E-04    0.26829E-02    0.44037E-02    0.23761E-02    0.16907E-01    0.26538E-02    0.67852E-02    0.15568E-02    0.26824E-02    0.15741E-02    0.89331E-02    0.15585E-02    0.33075E-02    0.46013E-07    0.49880E-07    0.46284E-07    0.46013E-07    0.00000E+00    0.49880E-07    0.00000E+00    0.46284E-07    0.00000E+00    0.30336E-03    0.00000E+00    0.31585E-03    0.00000E+00    0.30425E-03    0.00000E+00    0.24792E-03    0.00000E+00    0.28407E-03    0.00000E+00    0.25045E-03    0.00000E+00    0.14791E-06    0.18643E-05    0.34529E-06    0.00000E+00    0.14791E-04    0.00000E+00    0.18643E-03    0.00000E+00    0.34529E-04    0.33063E-02    0.54389E-02    0.27081E-02    0.19309E-01    0.32431E-02    0.83101E-02    0.22445E-02    0.40919E-02    0.19668E-02    0.11652E-01    0.22126E-02    0.49613E-02
49600  8    0.13637E-06    0.15977E-05    0.28250E-06    0.19540E-07    0.11683E-04    0.16515E-07    0.15812E-03    0.19237E-07    0.26327E-04    0.27378E-02    0.48339E-02    0.24724E-02    0.17783E-01    0.27124E-02    0.72563E-02    0.15754E-02    0.30050E-02    0.16240E-02    0.92266E-02    0.15803E-02    0.36272E-02    0.56728E-07    0.70780E-07    0.57712E-07    0.56728E-07    0.00000E+00    0.70780E-07    0.00000E+00    0.57712E-07    0.00000E+00    0.33683E-03    0.00000E+00    0.37625E-03    0.00000E+00    0.33974E-03    0.00000E+00    0.27314E-03    0.00000E+00    0.28941E-03    0.00000E+00    0.27428E-03    0.00000E+00    0.17822E-06    0.20624E-05    0.39490E-06    0.00000E+00    0.17822E-04    0.00000E+00    0.20624E-03    0.00000E+00    0.39490E-04    0.33726E-02    0.59702E-02    0.28160E-02    0.20310E-01    0.33134E-02    0.88871E-02    0.22597E-02    0.45840E-02    0.20302E-02    0.12035E-01    0.22333E-02    0.54408E-02
49800  9    0.10943E-06    0.14238E-05    0.24087E-06    0.16141E-07    0.93292E-05    0.11554E-07    0.14123E-03    0.15682E-07    0.22519E-04    0.25856E-02    0.43195E-02    0.23014E-02    0.16806E-01    0.25586E-02    0.67110E-02    0.15111E-02    0.26405E-02    0.15282E-02    0.89133E-02    0.15128E-02    0.32678E-02    0.46860E-07    0.49518E-07    0.47046E-07    0.46860E-07    0.00000E+00    0.49518E-07    0.00000E+00    0.47046E-07    0.00000E+00    0.30614E-03    0.00000E+00    0.31470E-03    0.00000E+00    0.30674E-03    0.00000E+00    0.24711E-03    0.00000E+00    0.28000E-03    0.00000E+00    0.24941E-03    0.00000E+00    0.14231E-06    0.18421E-05    0.33778E-06    0.00000E+00    0.14231E-04    0.00000E+00    0.18421E-03    0.00000E+00    0.33778E-04    0.31857E-02    0.53350E-02    0.26227E-02    0.19194E-01    0.31261E-02    0.82193E-02    0.21752E-02    0.40279E-02    0.19081E-02    0.11626E-01    0.21445E-02    0.49017E-02
50000  10    0.10911E-06    0.13981E-05    0.23801E-06    0.15722E-07    0.93390E-05    0.11191E-07    0.13869E-03    0.15269E-07    0.22274E-04    0.26222E-02    0.43218E-02    0.23380E-02    0.16655E-01    0.25952E-02    0.66745E-02    0.15262E-02    0.26378E-02    0.15475E-02    0.88666E-02    0.15283E-02    0.32607E-02    0.45643E-07    0.47963E-07    0.45806E-07    0.45643E-07    0.00000E+00    0.47963E-07    0.00000E+00    0.45806E-07    0.00000E+00    0.30214E-03    0.00000E+00    0.30972E-03    0.00000E+00    0.30267E-03    0.00000E+00    0.24427E-03    0.00000E+00    0.27489E-03    0.00000E+00    0.24641E-03    0.00000E+00    0.14246E-06    0.18090E-05    0.33412E-06    0.00000E+00    0.14246E-04    0.00000E+00    0.18090E-03    0.00000E+00    0.33412E-04    0.32312E-02    0.53378E-02    0.26647E-02    0.19021E-01    0.31712E-02    0.81745E-02    0.21998E-02    0.40238E-02    0.19348E-02    0.11565E-01    0.21693E-02    0.48911E-02
50200  11    0.11640E-06    0.14061E-05    0.24536E-06    0.20847E-07    0.95553E-05    0.12412E-07    0.13936E-03    0.20003E-07    0.22536E-04    0.25525E-02    0.43716E-02    0.22602E-02    0.16695E-01    0.25248E-02    0.67136E-02    0.15037E-02    0.26945E-02    0.14893E-02    0.87928E-02    0.15023E-02    0.33043E-02    0.60523E-07    0.53195E-07    0.60010E-07    0.60523E-07    0.00000E+00    0.53195E-07    0.00000E+00    0.60010E-07    0.00000E+00    0.34792E-03    0.00000E+00    0.32618E-03    0.00000E+00    0.34644E-03    0.00000E+00    0.27909E-03    0.00000E+00    0.25674E-03    0.00000E+00    0.27753E-03    0.00000E+00    0.14576E-06    0.18178E-05    0.33804E-06    0.00000E+00    0.14576E-04    0.00000E+00    0.18178E-03    0.00000E+00    0.33804E-04    0.31425E-02    0.53992E-02    0.25751E-02    0.19067E-01    0.30825E-02    0.82224E-02    0.21472E-02    0.41102E-02    0.18645E-02    0.11469E-01    0.21147E-02    0.49565E-02
50400  12    0.10709E-06    0.13567E-05    0.23205E-06    0.15470E-07    0.91625E-05    0.10855E-07    0.13458E-03    0.15009E-07    0.21704E-04    0.25898E-02    0.42808E-02    0.23041E-02    0.16406E-01    0.25627E-02    0.65885E-02    0.15061E-02    0.26105E-02    0.15207E-02    0.87465E-02    0.15075E-02    0.32241E-02    0.44913E-07    0.46522E-07    0.45026E-07    0.44913E-07    0.00000E+00    0.46522E-07    0.00000E+00    0.45026E-07    0.00000E+00    0.29971E-03    0.00000E+00    0.30503E-03    0.00000E+00    0.30009E-03    0.00000E+00    0.24151E-03    0.00000E+00    0.26988E-03    0.00000E+00    0.24350E-03    0.00000E+00    0.13977E-06    0.17554E-05    0.32556E-06    0.00000E+00    0.13977E-04    0.00000E+00    0.17554E-03    0.00000E+00    0.32556E-04    0.31913E-02    0.52871E-02    0.26260E-02    0.18737E-01    0.31314E-02    0.80693E-02    0.21705E-02    0.39821E-02    0.19014E-02    0.11409E-01    0.21396E-02    0.48362E-02
50600  13    0.10671E-06    0.13271E-05    0.22875E-06    0.15486E-07    0.91227E-05    0.11754E-07    0.13154E-03    0.15113E-07    0.21364E-04    0.26292E-02    0.42715E-02    0.23423E-02    0.16219E-01    0.26019E-02    0.65367E-02    0.15253E-02    0.25949E-02    0.15499E-02    0.86814E-02    0.15277E-02    0.32035E-02    0.44959E-07    0.50374E-07    0.45338E-07    0.44959E-07    0.00000E+00    0.50374E-07    0.00000E+00    0.45338E-07    0.00000E+00    0.29986E-03    0.00000E+00    0.31741E-03    0.00000E+00    0.30113E-03    0.00000E+00    0.24163E-03    0.00000E+00    0.28201E-03    0.00000E+00    0.24445E-03    0.00000E+00    0.13916E-06    0.17157E-05    0.32046E-06    0.00000E+00    0.13916E-04    0.00000E+00    0.17157E-03    0.00000E+00    0.32046E-04    0.32400E-02    0.52756E-02    0.26693E-02    0.18524E-01    0.31796E-02    0.80057E-02    0.21997E-02    0.39583E-02    0.19357E-02    0.11324E-01    0.21694E-02    0.48053E-02
50800  0    0.10715E-06    0.12900E-05    0.22544E-06    0.16028E-07    0.91126E-05    0.12633E-07    0.12774E-03    0.15688E-07    0.20975E-04    0.25824E-02    0.42691E-02    0.22944E-02    0.15984E-01    0.25551E-02    0.64769E-02    0.14981E-02    0.26010E-02    0.15196E-02    0.85242E-02    0.15002E-02    0.31934E-02    0.46532E-07    0.54140E-07    0.47064E-07    0.46532E-07    0.00000E+00    0.54140E-07    0.00000E+00    0.47064E-07    0.00000E+00    0.30506E-03    0.00000E+00    0.32906E-03    0.00000E+00    0.30680E-03    0.00000E+00    0.24361E-03    0.00000E+00    0.28734E-03    0.00000E+00    0.24667E-03    0.00000E+00    0.13901E-06    0.16662E-05    0.31463E-06    0.00000E+00    0.13901E-04    0.00000E+00    0.16662E-03    0.00000E+00    0.31463E-04    0.31818E-02    0.52727E-02    0.26141E-02    0.18255E-01    0.31218E-02    0.79326E-02    0.21572E-02    0.39677E-02    0.18947E-02    0.11118E-01    0.21270E-02    0.47900E-02
51000  0    0.10570E-06    0.12875E-05    0.22388E-06    0.15635E-07    0.90061E-05    0.10285E-07    0.12772E-03    0.15100E-07    0.20878E-04    0.25506E-02    0.42441E-02    0.22616E-02    0.15983E-01    0.25232E-02    0.64619E-02    0.14812E-02    0.25896E-02    0.14812E-02    0.85450E-02    0.14812E-02    0.31851E-02    0.45392E-07    0.44078E-07    0.45300E-07    0.45392E-07    0.00000E+00    0.44078E-07    0.00000E+00    0.45300E-07    0.00000E+00    0.30130E-03    0.00000E+00    0.29691E-03    0.00000E+00    0.30100E-03    0.00000E+00    0.24294E-03    0.00000E+00    0.25373E-03    0.00000E+00    0.24370E-03    0.00000E+00    0.13738E-06    0.16659E-05    0.31317E-06    0.00000E+00    0.13738E-04    0.00000E+00    0.16659E-03    0.00000E+00    0.31317E-04    0.31427E-02    0.52418E-02    0.25777E-02    0.18253E-01    0.30830E-02    0.79141E-02    0.21319E-02    0.39502E-02    0.18547E-02    0.11146E-01    0.21000E-02    0.47777E-02
51200  0    0.18554E-06    0.12716E-05    0.29415E-06    0.72560E-07    0.11298E-04    0.64438E-07    0.12072E-03    0.71748E-07    0.22240E-04    0.30395E-02    0.47535E-02    0.27114E-02    0.15538E-01    0.30083E-02    0.66693E-02    0.18905E-02    0.29001E-02    0.19084E-02    0.84235E-02    0.18923E-02    0.34525E-02    0.21066E-06    0.27616E-06    0.21524E-06    0.21066E-06    0.00000E+00    0.27616E-06    0.00000E+00    0.21524E-06    0.00000E+00    0.64909E-03    0.00000E+00    0.74318E-03    0.00000E+00    0.65611E-03    0.00000E+00    0.57383E-03    0.00000E+00    0.64576E-03    0.00000E+00    0.57886E-03    0.00000E+00    0.17234E-06    0.15746E-05    0.33360E-06    0.00000E+00    0.17234E-04    0.00000E+00    0.15746E-03    0.00000E+00    0.33360E-04    0.37244E-02    0.58710E-02    0.30693E-02    0.17746E-01    0.36551E-02    0.81682E-02    0.25823E-02    0.44239E-02    0.22927E-02    0.10987E-01    0.25490E-02    0.51787E-02
51400  0    0.10185E-06    0.12627E-05    0.21794E-06    0.15143E-07    0.86705E-05    0.10763E-07    0.12520E-03    0.14705E-07    0.20323E-04    0.24942E-02    0.41643E-02    0.22200E-02    0.15824E-01    0.24682E-02    0.63755E-02    0.14540E-02    0.25416E-02    0.14630E-02    0.84950E-02    0.14549E-02    0.31369E-02    0.43964E-07    0.46129E-07    0.44115E-07    0.43964E-07    0.00000E+00    0.46129E-07    0.00000E+00    0.44115E-07    0.00000E+00    0.29653E-03    0.00000E+00    0.30374E-03    0.00000E+00    0.29704E-03    0.00000E+00    0.23743E-03    0.00000E+00    0.26892E-03    0.00000E+00    0.23964E-03    0.00000E+00    0.13226E-06    0.16330E-05    0.30485E-06    0.00000E+00    0.13226E-04    0.00000E+00    0.16330E-03    0.00000E+00    0.30485E-04    0.30730E-02    0.51432E-02    0.25299E-02    0.18072E-01    0.30156E-02    0.78083E-02    0.20932E-02    0.38770E-02    0.18264E-02    0.11080E-01    0.20625E-02    0.47054E-02
51600  0    0.10130E-06    0.12456E-05    0.21573E-06    0.14842E-07    0.86456E-05    0.10337E-07    0.12353E-03    0.14392E-07    0.20134E-04    0.25053E-02    0.41583E-02    0.22357E-02    0.15718E-01    0.24796E-02    0.63457E-02    0.14575E-02    0.25367E-02    0.14692E-02    0.84628E-02    0.14586E-02    0.31293E-02    0.43090E-07    0.44300E-07    0.43175E-07    0.43090E-07    0.00000E+00    0.44300E-07    0.00000E+00    0.43175E-07    0.00000E+00    0.29356E-03    0.00000E+00    0.29766E-03    0.00000E+00    0.29385E-03    0.00000E+00    0.23501E-03    0.00000E+00    0.26264E-03    0.00000E+00    0.23694E-03    0.00000E+00    0.13188E-06    0.16112E-05    0.30201E-06    0.00000E+00    0.13188E-04    0.00000E+00    0.16112E-03    0.00000E+00    0.30201E-04    0.30869E-02    0.51358E-02    0.25480E-02    0.17951E-01    0.30298E-02    0.77718E-02    0.20998E-02    0.38696E-02    0.18364E-02    0.11038E-01    0.20695E-02    0.46940E-02
51800  0    0.10056E-06    0.12140E-05    0.21190E-06    0.14546E-07    0.86012E-05    0.10150E-07    0.12039E-03    0.14106E-07    0.19780E-04    0.24927E-02    0.41476E-02    0.22153E-02    0.15517E-01    0.24664E-02    0.62896E-02    0.14470E-02    0.25276E-02    0.14537E-02    0.83572E-02    0.14477E-02    0.31106E-02    0.42230E-07    0.43502E-07    0.42319E-07    0.42230E-07    0.00000E+00    0.43502E-07    0.00000E+00    0.42319E-07    0.00000E+00    0.29062E-03    0.00000E+00    0.29496E-03    0.00000E+00    0.29093E-03    0.00000E+00    0.23268E-03    0.00000E+00    0.26132E-03    0.00000E+00    0.23469E-03    0.00000E+00    0.13120E-06    0.15703E-05    0.29670E-06    0.00000E+00    0.13120E-04    0.00000E+00    0.15703E-03    0.00000E+00    0.29670E-04    0.30715E-02    0.51226E-02    0.25248E-02    0.17722E-01    0.30137E-02    0.77032E-02    0.20850E-02    0.38556E-02    0.18166E-02    0.10901E-01    0.20541E-02    0.46658E-02
52000  0    0.99778E-07    0.11968E-05    0.20948E-06    0.14440E-07    0.85337E-05    0.10247E-07    0.11866E-03    0.14021E-07    0.19546E-04    0.25028E-02    0.41313E-02    0.22294E-02    0.15405E-01    0.24768E-02    0.62523E-02    0.14512E-02    0.25152E-02    0.14624E-02    0.83236E-02    0.14524E-02    0.30960E-02    0.41923E-07    0.43917E-07    0.42062E-07    0.41923E-07    0.00000E+00    0.43917E-07    0.00000E+00    0.42062E-07    0.00000E+00    0.28956E-03    0.00000E+00    0.29637E-03    0.00000E+00    0.29004E-03    0.00000E+00    0.23157E-03    0.00000E+00    0.26188E-03    0.00000E+00    0.23369E-03    0.00000E+00    0.13018E-06    0.15477E-05    0.29319E-06    0.00000E+00    0.13018E-04    0.00000E+00    0.15477E-03    0.00000E+00    0.29319E-04    0.30841E-02    0.51025E-02    0.25409E-02    0.17594E-01    0.30266E-02    0.76575E-02    0.20921E-02    0.38367E-02    0.18278E-02    0.10857E-01    0.20617E-02    0.46440E-02
52200  0    0.99709E-07    0.11712E-05    0.20686E-06    0.14263E-07    0.85445E-05    0.10576E-07    0.11606E-03    0.13894E-07    0.19297E-04    0.25592E-02    0.41339E-02    0.22799E-02    0.15236E-01    0.25327E-02    0.62123E-02    0.14772E-02    0.25072E-02    0.14942E-02    0.82603E-02    0.14789E-02    0.30825E-02    0.41409E-07    0.45328E-07    0.41683E-07    0.41409E-07    0.00000E+00    0.45328E-07    0.00000E+00    0.41683E-07    0.00000E+00    0.28778E-03    0.00000E+00    0.30109E-03    0.00000E+00    0.28873E-03    0.00000E+00    0.23103E-03    0.00000E+00    0.26682E-03    0.00000E+00    0.23354E-03    0.00000E+00    0.13034E-06    0.15139E-05    0.28945E-06    0.00000E+00    0.13034E-04    0.00000E+00    0.15139E-03    0.00000E+00    0.28945E-04    0.31539E-02    0.51057E-02    0.25985E-02    0.17401E-01    0.30951E-02    0.76085E-02    0.21320E-02    0.38245E-02    0.18677E-02    0.10774E-01    0.21016E-02    0.46237E-02
52400  1    0.63699E-06    0.17132E-05    0.74461E-06    0.33721E-06    0.29977E-04    0.33084E-06    0.13824E-03    0.33657E-06    0.40804E-04    0.22191E-02    0.77431E-02    0.22334E-02    0.16628E-01    0.22205E-02    0.90337E-02    0.17000E-02    0.45262E-02    0.17482E-02    0.84776E-02    0.17049E-02    0.49214E-02    0.97900E-06    0.14179E-05    0.10097E-05    0.97900E-06    0.00000E+00    0.14179E-05    0.00000E+00    0.10097E-05    0.00000E+00    0.13993E-02    0.00000E+00    0.16840E-02    0.00000E+00    0.14211E-02    0.00000E+00    0.12377E-02    0.00000E+00    0.15817E-02    0.00000E+00    0.12618E-02    0.00000E+00    0.45728E-06    0.18031E-05    0.61206E-06    0.00000E+00    0.45728E-04    0.00000E+00    0.18031E-03    0.00000E+00    0.61206E-04    0.25461E-02    0.95633E-02    0.23755E-02    0.18990E-01    0.25271E-02    0.11064E-01    0.19430E-02    0.69044E-02    0.17989E-02    0.11058E-01    0.19264E-02    0.73821E-02
52600  2    0.58006E-06    0.14155E-05    0.66361E-06    0.37022E-06    0.20983E-04    0.31262E-06    0.11029E-03    0.36446E-06    0.29914E-04    0.34462E-02    0.64782E-02    0.31776E-02    0.14852E-01    0.34203E-02    0.77349E-02    0.25635E-02    0.38301E-02    0.25116E-02    0.82923E-02    0.25583E-02    0.42763E-02    0.10748E-05    0.13398E-05    0.10934E-05    0.10748E-05    0.00000E+00    0.13398E-05    0.00000E+00    0.10934E-05    0.00000E+00    0.14662E-02    0.00000E+00    0.16369E-02    0.00000E+00    0.14788E-02    0.00000E+00    0.14008E-02    0.00000E+00    0.15661E-02    0.00000E+00    0.14123E-02    0.00000E+00    0.32008E-06    0.14386E-05    0.44871E-06    0.00000E+00    0.32008E-04    0.00000E+00    0.14386E-03    0.00000E+00    0.44871E-04    0.41216E-02    0.80011E-02    0.35149E-02    0.16962E-01    0.40564E-02    0.94732E-02    0.31745E-02    0.58426E-02    0.27993E-02    0.10816E-01    0.31313E-02    0.64145E-02
52800  0    0.95899E-07    0.11334E-05    0.19965E-06    0.14114E-07    0.81785E-05    0.96967E-08    0.11237E-03    0.13672E-07    0.18598E-04    0.24196E-02    0.40444E-02    0.21575E-02    0.14991E-01    0.23947E-02    0.60988E-02    0.14052E-02    0.24635E-02    0.14092E-02    0.81388E-02    0.14056E-02    0.30310E-02    0.40977E-07    0.41557E-07    0.41017E-07    0.40977E-07    0.00000E+00    0.41557E-07    0.00000E+00    0.41017E-07    0.00000E+00    0.28627E-03    0.00000E+00    0.28830E-03    0.00000E+00    0.28642E-03    0.00000E+00    0.22750E-03    0.00000E+00    0.25337E-03    0.00000E+00    0.22931E-03    0.00000E+00    0.12476E-06    0.14657E-05    0.27897E-06    0.00000E+00    0.12476E-04    0.00000E+00    0.14657E-03    0.00000E+00    0.27897E-04    0.29812E-02    0.49951E-02    0.24589E-02    0.17121E-01    0.29258E-02    0.74695E-02    0.20240E-02    0.37579E-02    0.17609E-02    0.10616E-01    0.19937E-02    0.45465E-02
53000  0    0.95472E-07    0.11140E-05    0.19732E-06    0.13846E-07    0.81626E-05    0.95472E-08    0.11044E-03    0.13416E-07    0.18390E-04    0.24400E-02    0.40404E-02    0.21812E-02    0.14862E-01    0.24154E-02    0.60647E-02    0.14133E-02    0.24581E-02    0.14224E-02    0.80992E-02    0.14142E-02    0.30222E-02    0.40199E-07    0.40917E-07    0.40249E-07    0.40199E-07    0.00000E+00    0.40917E-07    0.00000E+00    0.40249E-07    0.00000E+00    0.28354E-03    0.00000E+00    0.28606E-03    0.00000E+00    0.28372E-03    0.00000E+00    0.22538E-03    0.00000E+00    0.25114E-03    0.00000E+00    0.22719E-03    0.00000E+00    0.12451E-06    0.14405E-05    0.27586E-06    0.00000E+00    0.12451E-04    0.00000E+00    0.14405E-03    0.00000E+00    0.27586E-04    0.30066E-02    0.49903E-02    0.24861E-02    0.16974E-01    0.29514E-02    0.74277E-02    0.20374E-02    0.37496E-02    0.17789E-02    0.10564E-01    0.20077E-02    0.45333E-02
53200  1    0.24903E-06    0.11322E-05    0.33735E-06    0.12493E-06    0.12411E-04    0.10682E-06    0.10253E-03    0.12312E-06    0.21423E-04    0.29039E-02    0.49821E-02    0.26261E-02    0.14320E-01    0.28773E-02    0.65457E-02    0.19415E-02    0.30640E-02    0.19205E-02    0.79577E-02    0.19394E-02    0.35533E-02    0.36269E-06    0.45781E-06    0.36935E-06    0.36269E-06    0.00000E+00    0.45781E-06    0.00000E+00    0.36935E-06    0.00000E+00    0.85169E-03    0.00000E+00    0.95688E-03    0.00000E+00    0.85947E-03    0.00000E+00    0.78341E-03    0.00000E+00    0.88713E-03    0.00000E+00    0.79067E-03    0.00000E+00    0.18932E-06    0.13374E-05    0.32135E-06    0.00000E+00    0.18932E-04    0.00000E+00    0.13374E-03    0.00000E+00    0.32135E-04    0.35330E-02    0.61533E-02    0.29523E-02    0.16355E-01    0.34712E-02    0.80168E-02    0.25500E-02    0.46739E-02    0.22350E-02    0.10380E-01    0.25138E-02    0.53300E-02
53400  2    0.28799E-06    0.11289E-05    0.37208E-06    0.15243E-06    0.13556E-04    0.12907E-06    0.99981E-04    0.15010E-06    0.22198E-04    0.31263E-02    0.52069E-02    0.28245E-02    0.14141E-01    0.30974E-02    0.66631E-02    0.21064E-02    0.31445E-02    0.20801E-02    0.78543E-02    0.21038E-02    0.36155E-02    0.44254E-06    0.55314E-06    0.45029E-06    0.44254E-06    0.00000E+00    0.55314E-06    0.00000E+00    0.45029E-06    0.00000E+00    0.94079E-03    0.00000E+00    0.10518E-02    0.00000E+00    0.94898E-03    0.00000E+00    0.87695E-03    0.00000E+00    0.97822E-03    0.00000E+00    0.88403E-03    0.00000E+00    0.20678E-06    0.13041E-05    0.33298E-06    0.00000E+00    0.20678E-04    0.00000E+00    0.13041E-03    0.00000E+00    0.33298E-04    0.38005E-02    0.64309E-02    0.31732E-02    0.16150E-01    0.37337E-02    0.81606E-02    0.27524E-02    0.47967E-02    0.24154E-02    0.10245E-01    0.27136E-02    0.54232E-02
53600  3    0.30011E-05    0.36928E-05    0.30703E-05    0.20476E-05    0.95347E-04    0.15321E-05    0.21607E-03    0.19961E-05    0.10742E-03    0.33179E-02    0.13809E-01    0.35041E-02    0.20788E-01    0.33370E-02    0.14657E-01    0.29704E-02    0.75666E-02    0.30220E-02    0.12106E-01    0.29756E-02    0.80205E-02    0.59447E-05    0.65659E-05    0.59882E-05    0.59447E-05    0.00000E+00    0.65659E-05    0.00000E+00    0.59882E-05    0.00000E+00    0.34481E-02    0.00000E+00    0.36238E-02    0.00000E+00    0.34607E-02    0.00000E+00    0.33738E-02    0.00000E+00    0.35459E-02    0.00000E+00    0.33858E-02    0.00000E+00    0.14544E-05    0.28183E-05    0.16113E-05    0.00000E+00    0.14544E-03    0.00000E+00    0.28183E-03    0.00000E+00    0.16113E-03    0.32474E-02    0.17055E-01    0.34668E-02    0.23742E-01    0.32734E-02    0.17952E-01    0.27585E-02    0.11542E-01    0.28625E-02    0.15790E-01    0.27704E-02    0.12031E-01
53800  4    0.21061E-05    0.25182E-05    0.21473E-05    0.12911E-05    0.81495E-04    0.81520E-06    0.17030E-03    0.12435E-05    0.90376E-04    0.27469E-02    0.12767E-01    0.27694E-02    0.18456E-01    0.27492E-02    0.13444E-01    0.24998E-02    0.67101E-02    0.23563E-02    0.10049E-01    0.24855E-02    0.70440E-02    0.37484E-05    0.34937E-05    0.37306E-05    0.37484E-05    0.00000E+00    0.34937E-05    0.00000E+00    0.37306E-05    0.00000E+00    0.27380E-02    0.00000E+00    0.26434E-02    0.00000E+00    0.27315E-02    0.00000E+00    0.26968E-02    0.00000E+00    0.25911E-02    0.00000E+00    0.26894E-02    0.00000E+00    0.12431E-05    0.22213E-05    0.13556E-05    0.00000E+00    0.12431E-03    0.00000E+00    0.22213E-03    0.00000E+00    0.13556E-03    0.27515E-02    0.15768E-01    0.28067E-02    0.21078E-01    0.27579E-02    0.16466E-01    0.23963E-02    0.10236E-01    0.22849E-02    0.13107E-01    0.23835E-02    0.10566E-01
54000  5    0.14423E-05    0.22205E-05    0.15201E-05    0.99558E-06    0.44675E-04    0.72621E-06    0.14943E-03    0.96865E-06    0.55150E-04    0.24724E-02    0.94525E-02    0.25226E-02    0.17288E-01    0.24775E-02    0.10502E-01    0.22355E-02    0.53498E-02    0.21218E-02    0.96200E-02    0.22241E-02    0.57768E-02    0.28904E-05    0.31123E-05    0.29059E-05    0.28904E-05    0.00000E+00    0.31123E-05    0.00000E+00    0.29059E-05    0.00000E+00    0.24043E-02    0.00000E+00    0.24949E-02    0.00000E+00    0.24108E-02    0.00000E+00    0.23468E-02    0.00000E+00    0.24304E-02    0.00000E+00    0.23527E-02    0.00000E+00    0.68148E-06    0.19491E-05    0.82725E-06    0.00000E+00    0.68148E-04    0.00000E+00    0.19491E-03    0.00000E+00    0.82725E-04    0.25075E-02    0.11675E-01    0.25309E-02    0.19744E-01    0.25102E-02    0.12863E-01    0.21770E-02    0.81606E-02    0.20279E-02    0.12548E-01    0.21599E-02    0.86652E-02
54200  0    0.14380E-06    0.10104E-05    0.23046E-06    0.51358E-07    0.92447E-05    0.45055E-07    0.96534E-04    0.50728E-07    0.17974E-04    0.27138E-02    0.42999E-02    0.24360E-02    0.13895E-01    0.26873E-02    0.59956E-02    0.16697E-02    0.26088E-02    0.16800E-02    0.77053E-02    0.16707E-02    0.31185E-02    0.14910E-06    0.19309E-06    0.15218E-06    0.14910E-06    0.00000E+00    0.19309E-06    0.00000E+00    0.15218E-06    0.00000E+00    0.54608E-03    0.00000E+00    0.62144E-03    0.00000E+00    0.55169E-03    0.00000E+00    0.47743E-03    0.00000E+00    0.53391E-03    0.00000E+00    0.48138E-03    0.00000E+00    0.14102E-06    0.12591E-05    0.26960E-06    0.00000E+00    0.14102E-04    0.00000E+00    0.12591E-03    0.00000E+00    0.26960E-04    0.33283E-02    0.53108E-02    0.27609E-02    0.15869E-01    0.32681E-02    0.73431E-02    0.22961E-02    0.39795E-02    0.20288E-02    0.10050E-01    0.22654E-02    0.46777E-02
54400  0    0.92373E-07    0.10010E-05    0.18323E-06    0.14939E-07    0.77433E-05    0.87548E-08    0.99220E-04    0.14321E-07    0.16891E-04    0.22969E-02    0.39353E-02    0.20484E-02    0.14087E-01    0.22733E-02    0.58122E-02    0.13368E-02    0.23977E-02    0.13217E-02    0.77361E-02    0.13353E-02    0.29316E-02    0.43372E-07    0.37521E-07    0.42962E-07    0.43372E-07    0.00000E+00    0.37521E-07    0.00000E+00    0.42962E-07    0.00000E+00    0.29452E-03    0.00000E+00    0.27394E-03    0.00000E+00    0.29313E-03    0.00000E+00    0.23358E-03    0.00000E+00    0.23059E-03    0.00000E+00    0.23337E-03    0.00000E+00    0.11812E-06    0.12942E-05    0.25336E-06    0.00000E+00    0.11812E-04    0.00000E+00    0.12942E-03    0.00000E+00    0.25336E-04    0.28288E-02    0.48604E-02    0.23345E-02    0.16088E-01    0.27765E-02    0.71185E-02    0.19164E-02    0.36576E-02    0.16538E-02    0.10091E-01    0.18862E-02    0.43974E-02
54600  0    0.88511E-07    0.98597E-06    0.17826E-06    0.13003E-07    0.75508E-05    0.86066E-08    0.97737E-04    0.12564E-07    0.16569E-04    0.23070E-02    0.38861E-02    0.20644E-02    0.13981E-01    0.22839E-02    0.57566E-02    0.13353E-02    0.23574E-02    0.13346E-02    0.77009E-02    0.13352E-02    0.28917E-02    0.37751E-07    0.36885E-07    0.37691E-07    0.37751E-07    0.00000E+00    0.36885E-07    0.00000E+00    0.37691E-07    0.00000E+00    0.27478E-03    0.00000E+00    0.27161E-03    0.00000E+00    0.27456E-03    0.00000E+00    0.21561E-03    0.00000E+00    0.23569E-03    0.00000E+00    0.21702E-03    0.00000E+00    0.11518E-06    0.12748E-05    0.24854E-06    0.00000E+00    0.11518E-04    0.00000E+00    0.12748E-03    0.00000E+00    0.24854E-04    0.28424E-02    0.47996E-02    0.23529E-02    0.15968E-01    0.27904E-02    0.70504E-02    0.19236E-02    0.35960E-02    0.16690E-02    0.10045E-01    0.18943E-02    0.43376E-02
54800  0    0.87995E-07    0.96018E-06    0.17521E-06    0.12798E-07    0.75197E-05    0.85630E-08    0.95162E-04    0.12375E-07    0.16284E-04    0.23097E-02    0.38781E-02    0.20714E-02    0.13796E-01    0.22870E-02    0.57068E-02    0.13338E-02    0.23533E-02    0.13385E-02    0.76300E-02    0.13343E-02    0.28810E-02    0.37156E-07    0.36698E-07    0.37124E-07    0.37156E-07    0.00000E+00    0.36698E-07    0.00000E+00    0.37124E-07    0.00000E+00    0.27260E-03    0.00000E+00    0.27092E-03    0.00000E+00    0.27249E-03    0.00000E+00    0.21370E-03    0.00000E+00    0.23472E-03    0.00000E+00    0.21518E-03    0.00000E+00    0.11471E-06    0.12412E-05    0.24426E-06    0.00000E+00    0.11471E-04    0.00000E+00    0.12412E-03    0.00000E+00    0.24426E-04    0.28459E-02    0.47897E-02    0.23609E-02    0.15756E-01    0.27944E-02    0.69894E-02    0.19224E-02    0.35898E-02    0.16744E-02    0.99522E-02    0.18939E-02    0.43214E-02
55000  0    0.87818E-07    0.94614E-06    0.17365E-06    0.12608E-07    0.75210E-05    0.81428E-08    0.93800E-04    0.12162E-07    0.16149E-04    0.23292E-02    0.38784E-02    0.20866E-02    0.13697E-01    0.23061E-02    0.56831E-02    0.13407E-02    0.23496E-02    0.13428E-02    0.75780E-02    0.13409E-02    0.28724E-02    0.36604E-07    0.34898E-07    0.36485E-07    0.36604E-07    0.00000E+00    0.34898E-07    0.00000E+00    0.36485E-07    0.00000E+00    0.27057E-03    0.00000E+00    0.26419E-03    0.00000E+00    0.27013E-03    0.00000E+00    0.21222E-03    0.00000E+00    0.22880E-03    0.00000E+00    0.21338E-03    0.00000E+00    0.11473E-06    0.12235E-05    0.24223E-06    0.00000E+00    0.11473E-04    0.00000E+00    0.12235E-03    0.00000E+00    0.24223E-04    0.28701E-02    0.47901E-02    0.23787E-02    0.15643E-01    0.28180E-02    0.69604E-02    0.19336E-02    0.35841E-02    0.16818E-02    0.98843E-02    0.19046E-02    0.43087E-02
55200  0    0.11523E-06    0.91105E-06    0.19481E-06    0.28573E-07    0.86653E-05    0.24249E-07    0.88680E-04    0.28141E-07    0.16667E-04    0.22136E-02    0.41630E-02    0.19906E-02    0.13318E-01    0.21923E-02    0.57735E-02    0.13126E-02    0.25574E-02    0.13293E-02    0.73657E-02    0.13142E-02    0.30382E-02    0.82954E-07    0.10392E-06    0.84422E-07    0.82954E-07    0.00000E+00    0.10392E-06    0.00000E+00    0.84422E-07    0.00000E+00    0.40732E-03    0.00000E+00    0.45590E-03    0.00000E+00    0.41091E-03    0.00000E+00    0.32344E-03    0.00000E+00    0.38156E-03    0.00000E+00    0.32751E-03    0.00000E+00    0.13218E-06    0.11567E-05    0.25000E-06    0.00000E+00    0.13218E-04    0.00000E+00    0.11567E-03    0.00000E+00    0.25000E-04    0.27180E-02    0.51417E-02    0.22594E-02    0.15210E-01    0.26693E-02    0.70711E-02    0.18323E-02    0.39011E-02    0.16177E-02    0.96074E-02    0.18076E-02    0.45573E-02
55400  1    0.50528E-05    0.47293E-05    0.50204E-05    0.36307E-05    0.14221E-03    0.25224E-05    0.22069E-03    0.35199E-05    0.15006E-03    0.42639E-02    0.16865E-01    0.44430E-02    0.21009E-01    0.42821E-02    0.17324E-01    0.39173E-02    0.88435E-02    0.40384E-02    0.13001E-01    0.39294E-02    0.92592E-02    0.10541E-04    0.10810E-04    0.10560E-04    0.10541E-04    0.00000E+00    0.10810E-04    0.00000E+00    0.10560E-04    0.00000E+00    0.45915E-02    0.00000E+00    0.46498E-02    0.00000E+00    0.45956E-02    0.00000E+00    0.45272E-02    0.00000E+00    0.45510E-02    0.00000E+00    0.45288E-02    0.00000E+00    0.21693E-05    0.28786E-05    0.22508E-05    0.00000E+00    0.21693E-03    0.00000E+00    0.28786E-03    0.00000E+00    0.22508E-03    0.40813E-02    0.20829E-01    0.43782E-02    0.23994E-01    0.41165E-02    0.21217E-01    0.35969E-02    0.13490E-01    0.38823E-02    0.16957E-01    0.36297E-02    0.13889E-01
55600  0    0.84636E-07    0.90397E-06    0.16657E-06    0.12411E-07    0.72225E-05    0.82297E-08    0.89574E-04    0.11993E-07    0.15458E-04    0.22491E-02    0.38007E-02    0.20184E-02    0.13385E-01    0.22271E-02    0.55602E-02    0.12989E-02    0.23014E-02    0.13004E-02    0.74401E-02    0.12990E-02    0.28153E-02    0.36032E-07    0.35270E-07    0.35978E-07    0.36032E-07    0.00000E+00    0.35270E-07    0.00000E+00    0.35978E-07    0.00000E+00    0.26845E-03    0.00000E+00    0.26559E-03    0.00000E+00    0.26825E-03    0.00000E+00    0.20924E-03    0.00000E+00    0.22948E-03    0.00000E+00    0.21065E-03    0.00000E+00    0.11017E-06    0.11684E-05    0.23186E-06    0.00000E+00    0.11017E-04    0.00000E+00    0.11684E-03    0.00000E+00    0.23186E-04    0.27710E-02    0.46941E-02    0.23006E-02    0.15286E-01    0.27210E-02    0.68098E-02    0.18714E-02    0.35107E-02    0.16263E-02    0.97044E-02    0.18432E-02    0.42229E-02
55800  0    0.84114E-07    0.88037E-06    0.16374E-06    0.12202E-07    0.71912E-05    0.81455E-08    0.87222E-04    0.11796E-07    0.15194E-04    0.22386E-02    0.37924E-02    0.20084E-02    0.13208E-01    0.22166E-02    0.55126E-02    0.12904E-02    0.22979E-02    0.12929E-02    0.73698E-02    0.12907E-02    0.28051E-02    0.35424E-07    0.34909E-07    0.35388E-07    0.35424E-07    0.00000E+00    0.34909E-07    0.00000E+00    0.35388E-07    0.00000E+00    0.26617E-03    0.00000E+00    0.26423E-03    0.00000E+00    0.26604E-03    0.00000E+00    0.20709E-03    0.00000E+00    0.22815E-03    0.00000E+00    0.20857E-03    0.00000E+00    0.10970E-06    0.11377E-05    0.22791E-06    0.00000E+00    0.10970E-04    0.00000E+00    0.11377E-03    0.00000E+00    0.22791E-04    0.27581E-02    0.46839E-02    0.22892E-02    0.15084E-01    0.27083E-02    0.67515E-02    0.18596E-02    0.35052E-02    0.16169E-02    0.96127E-02    0.18317E-02    0.42076E-02
56000  0    0.83515E-07    0.86900E-06    0.16206E-06    0.12055E-07    0.71460E-05    0.79072E-08    0.86110E-04    0.11640E-07    0.15042E-04    0.22400E-02    0.37805E-02    0.20106E-02    0.13123E-01    0.22181E-02    0.54850E-02    0.12892E-02    0.22875E-02    0.12913E-02    0.73284E-02    0.12894E-02    0.27916E-02    0.34998E-07    0.33888E-07    0.34921E-07    0.34998E-07    0.00000E+00    0.33888E-07    0.00000E+00    0.34921E-07    0.00000E+00    0.26457E-03    0.00000E+00    0.26034E-03    0.00000E+00    0.26428E-03    0.00000E+00    0.20541E-03    0.00000E+00    0.22425E-03    0.00000E+00    0.20673E-03    0.00000E+00    0.10901E-06    0.11232E-05    0.22564E-06    0.00000E+00    0.10901E-04    0.00000E+00    0.11232E-03    0.00000E+00    0.22564E-04    0.27599E-02    0.46692E-02    0.22918E-02    0.14988E-01    0.27102E-02    0.67177E-02    0.18586E-02    0.34895E-02    0.16161E-02    0.95588E-02    0.18307E-02    0.41874E-02
56200  0    0.83007E-07    0.85314E-06    0.16002E-06    0.11942E-07    0.71065E-05    0.83130E-08    0.84482E-04    0.11579E-07    0.14844E-04    0.22600E-02    0.37700E-02    0.20291E-02    0.12999E-01    0.22380E-02    0.54487E-02    0.12982E-02    0.22811E-02    0.13067E-02    0.72838E-02    0.12991E-02    0.27814E-02    0.34671E-07    0.35627E-07    0.34738E-07    0.34671E-07    0.00000E+00    0.35627E-07    0.00000E+00    0.34738E-07    0.00000E+00    0.26333E-03    0.00000E+00    0.26694E-03    0.00000E+00    0.26358E-03    0.00000E+00    0.20515E-03    0.00000E+00    0.23166E-03    0.00000E+00    0.20700E-03    0.00000E+00    0.10840E-06    0.11019E-05    0.22266E-06    0.00000E+00    0.10840E-04    0.00000E+00    0.11019E-03    0.00000E+00    0.22266E-04    0.27848E-02    0.46563E-02    0.23127E-02    0.14846E-01    0.27346E-02    0.66732E-02    0.18726E-02    0.34797E-02    0.16339E-02    0.95006E-02    0.18451E-02    0.41721E-02
56400  1    0.32703E-05    0.30305E-05    0.32463E-05    0.23468E-05    0.92351E-04    0.18533E-05    0.11772E-03    0.22975E-05    0.94888E-04    0.53909E-02    0.13590E-01    0.52162E-02    0.15344E-01    0.53737E-02    0.13776E-01    0.46574E-02    0.72662E-02    0.46775E-02    0.94376E-02    0.46594E-02    0.74833E-02    0.68133E-05    0.79427E-05    0.68924E-05    0.68133E-05    0.00000E+00    0.79427E-05    0.00000E+00    0.68924E-05    0.00000E+00    0.36914E-02    0.00000E+00    0.39856E-02    0.00000E+00    0.37128E-02    0.00000E+00    0.35999E-02    0.00000E+00    0.38751E-02    0.00000E+00    0.36192E-02    0.00000E+00    0.14087E-05    0.15355E-05    0.14233E-05    0.00000E+00    0.14087E-03    0.00000E+00    0.15355E-03    0.00000E+00    0.14233E-03    0.60969E-02    0.16785E-01    0.55367E-02    0.17524E-01    0.60351E-02    0.16872E-01    0.52130E-02    0.11084E-01    0.49217E-02    0.12310E-01    0.51795E-02    0.11225E-01
56600  0    0.82358E-07    0.81862E-06    0.15598E-06    0.12048E-07    0.70311E-05    0.90154E-08    0.80961E-04    0.11744E-07    0.14424E-04    0.22673E-02    0.37500E-02    0.20307E-02    0.12725E-01    0.22448E-02    0.53710E-02    0.12979E-02    0.22637E-02    0.13079E-02    0.71503E-02    0.12989E-02    0.27524E-02    0.34977E-07    0.38637E-07    0.35233E-07    0.34977E-07    0.00000E+00    0.38637E-07    0.00000E+00    0.35233E-07    0.00000E+00    0.26449E-03    0.00000E+00    0.27798E-03    0.00000E+00    0.26546E-03    0.00000E+00    0.20620E-03    0.00000E+00    0.23944E-03    0.00000E+00    0.20853E-03    0.00000E+00    0.10725E-06    0.10560E-05    0.21636E-06    0.00000E+00    0.10725E-04    0.00000E+00    0.10560E-03    0.00000E+00    0.21636E-04    0.27938E-02    0.46315E-02    0.23142E-02    0.14533E-01    0.27429E-02    0.65782E-02    0.18715E-02    0.34531E-02    0.16331E-02    0.93264E-02    0.18441E-02    0.41285E-02
56800  0    0.80478E-07    0.81217E-06    0.15365E-06    0.11651E-07    0.68827E-05    0.75599E-08    0.80461E-04    0.11242E-07    0.14241E-04    0.21708E-02    0.37102E-02    0.19517E-02    0.12685E-01    0.21499E-02    0.53368E-02    0.12487E-02    0.22431E-02    0.12487E-02    0.71320E-02    0.12487E-02    0.27320E-02    0.33826E-07    0.32399E-07    0.33726E-07    0.33826E-07    0.00000E+00    0.32399E-07    0.00000E+00    0.33726E-07    0.00000E+00    0.26010E-03    0.00000E+00    0.25456E-03    0.00000E+00    0.25971E-03    0.00000E+00    0.20038E-03    0.00000E+00    0.21741E-03    0.00000E+00    0.20157E-03    0.00000E+00    0.10499E-06    0.10495E-05    0.21361E-06    0.00000E+00    0.10499E-04    0.00000E+00    0.10495E-03    0.00000E+00    0.21361E-04    0.26745E-02    0.45824E-02    0.22246E-02    0.14488E-01    0.26267E-02    0.65362E-02    0.17995E-02    0.34216E-02    0.15625E-02    0.93026E-02    0.17722E-02    0.40979E-02
57000  1    0.25636E-06    0.96795E-06    0.32752E-06    0.13970E-06    0.11667E-04    0.92112E-07    0.87584E-04    0.13494E-06    0.19258E-04    0.19790E-02    0.48304E-02    0.18222E-02    0.13235E-01    0.19639E-02    0.62062E-02    0.14392E-02    0.29332E-02    0.13723E-02    0.73289E-02    0.14325E-02    0.33728E-02    0.40558E-06    0.39477E-06    0.40482E-06    0.40558E-06    0.00000E+00    0.39477E-06    0.00000E+00    0.40482E-06    0.00000E+00    0.90064E-03    0.00000E+00    0.88856E-03    0.00000E+00    0.89980E-03    0.00000E+00    0.85223E-03    0.00000E+00    0.83959E-03    0.00000E+00    0.85135E-03    0.00000E+00    0.17796E-06    0.11424E-05    0.28887E-06    0.00000E+00    0.17796E-04    0.00000E+00    0.11424E-03    0.00000E+00    0.28887E-04    0.23554E-02    0.59660E-02    0.20226E-02    0.15116E-01    0.23196E-02    0.76010E-02    0.17477E-02    0.44744E-02    0.15344E-02    0.95595E-02    0.17231E-02    0.50592E-02
57200  0    0.81159E-07    0.78084E-06    0.15113E-06    0.12656E-07    0.68503E-05    0.99973E-08    0.77084E-04    0.12390E-07    0.13874E-04    0.22414E-02    0.37014E-02    0.20143E-02    0.12416E-01    0.22198E-02    0.52676E-02    0.12879E-02    0.22378E-02    0.13005E-02    0.70157E-02    0.12892E-02    0.27156E-02    0.36743E-07    0.42846E-07    0.37170E-07    0.36743E-07    0.00000E+00    0.42846E-07    0.00000E+00    0.37170E-07    0.00000E+00    0.27108E-03    0.00000E+00    0.29273E-03    0.00000E+00    0.27265E-03    0.00000E+00    0.21236E-03    0.00000E+00    0.24366E-03    0.00000E+00    0.21456E-03    0.00000E+00    0.10450E-06    0.10054E-05    0.20810E-06    0.00000E+00    0.10450E-04    0.00000E+00    0.10054E-03    0.00000E+00    0.20810E-04    0.27614E-02    0.45716E-02    0.22948E-02    0.14181E-01    0.27118E-02    0.64514E-02    0.18530E-02    0.34135E-02    0.16222E-02    0.91509E-02    0.18265E-02    0.40733E-02
57400  1    0.12826E-06    0.82919E-06    0.19836E-06    0.47478E-07    0.80786E-05    0.29156E-07    0.80003E-04    0.45646E-07    0.15271E-04    0.19929E-02    0.40196E-02    0.17991E-02    0.12649E-01    0.19744E-02    0.55265E-02    0.12684E-02    0.24384E-02    0.12346E-02    0.70203E-02    0.12650E-02    0.28965E-02    0.13784E-06    0.12495E-06    0.13694E-06    0.13784E-06    0.00000E+00    0.12495E-06    0.00000E+00    0.13694E-06    0.00000E+00    0.52505E-03    0.00000E+00    0.49991E-03    0.00000E+00    0.52333E-03    0.00000E+00    0.46301E-03    0.00000E+00    0.42922E-03    0.00000E+00    0.46064E-03    0.00000E+00    0.12323E-06    0.10435E-05    0.22907E-06    0.00000E+00    0.12323E-04    0.00000E+00    0.10435E-03    0.00000E+00    0.22907E-04    0.24318E-02    0.49645E-02    0.20361E-02    0.14447E-01    0.23896E-02    0.67685E-02    0.16916E-02    0.37195E-02    0.14797E-02    0.91569E-02    0.16672E-02    0.43448E-02
57600  0    0.19805E-06    0.75681E-06    0.25392E-06    0.30912E-07    0.16713E-04    0.31728E-07    0.72508E-04    0.30994E-07    0.22293E-04    0.18928E-02    0.57816E-02    0.17231E-02    0.12042E-01    0.18765E-02    0.66773E-02    0.11252E-02    0.31988E-02    0.11698E-02    0.68800E-02    0.11296E-02    0.35669E-02    0.89744E-07    0.13598E-06    0.92981E-07    0.89744E-07    0.00000E+00    0.13598E-06    0.00000E+00    0.92981E-07    0.00000E+00    0.42366E-03    0.00000E+00    0.52150E-03    0.00000E+00    0.43123E-03    0.00000E+00    0.30808E-03    0.00000E+00    0.41224E-03    0.00000E+00    0.31537E-03    0.00000E+00    0.25495E-06    0.94576E-06    0.33439E-06    0.00000E+00    0.25495E-04    0.00000E+00    0.94576E-04    0.00000E+00    0.33439E-04    0.23175E-02    0.71407E-02    0.19468E-02    0.13753E-01    0.22779E-02    0.81779E-02    0.15545E-02    0.48795E-02    0.14003E-02    0.89739E-02    0.15368E-02    0.53504E-02
57800  1    0.24697E-06    0.91485E-06    0.31375E-06    0.13224E-06    0.11473E-04    0.95368E-07    0.81948E-04    0.12855E-06    0.18520E-04    0.19009E-02    0.47901E-02    0.17688E-02    0.12802E-01    0.18881E-02    0.60861E-02    0.13782E-02    0.29189E-02    0.13396E-02    0.70923E-02    0.13744E-02    0.33362E-02    0.38392E-06    0.40872E-06    0.38565E-06    0.38392E-06    0.00000E+00    0.40872E-06    0.00000E+00    0.38565E-06    0.00000E+00    0.87626E-03    0.00000E+00    0.90413E-03    0.00000E+00    0.87824E-03    0.00000E+00    0.82355E-03    0.00000E+00    0.85065E-03    0.00000E+00    0.82545E-03    0.00000E+00    0.17501E-06    0.10689E-05    0.27780E-06    0.00000E+00    0.17501E-04    0.00000E+00    0.10689E-03    0.00000E+00    0.27780E-04    0.22602E-02    0.59162E-02    0.19576E-02    0.14621E-01    0.22275E-02    0.74539E-02    0.16697E-02    0.44525E-02    0.14884E-02    0.92509E-02    0.16488E-02    0.50043E-02
58000  0    0.76258E-07    0.72600E-06    0.14123E-06    0.10897E-07    0.65362E-05    0.73557E-08    0.71864E-04    0.10543E-07    0.13069E-04    0.21192E-02    0.36156E-02    0.19072E-02    0.11989E-01    0.20989E-02    0.51125E-02    0.12118E-02    0.21831E-02    0.12164E-02    0.68028E-02    0.12123E-02    0.26450E-02    0.31635E-07    0.31524E-07    0.31628E-07    0.31635E-07    0.00000E+00    0.31524E-07    0.00000E+00    0.31628E-07    0.00000E+00    0.25154E-03    0.00000E+00    0.25109E-03    0.00000E+00    0.25151E-03    0.00000E+00    0.19144E-03    0.00000E+00    0.21351E-03    0.00000E+00    0.19299E-03    0.00000E+00    0.99704E-07    0.93736E-06    0.19603E-06    0.00000E+00    0.99704E-05    0.00000E+00    0.93736E-04    0.00000E+00    0.19603E-04    0.26110E-02    0.44655E-02    0.21738E-02    0.13692E-01    0.25645E-02    0.62615E-02    0.17480E-02    0.33301E-02    0.15216E-02    0.88732E-02    0.17219E-02    0.39676E-02
58200  0    0.81723E-07    0.71062E-06    0.14461E-06    0.15345E-07    0.66378E-05    0.13080E-07    0.69754E-04    0.15118E-07    0.12949E-04    0.21937E-02    0.36436E-02    0.19720E-02    0.11811E-01    0.21726E-02    0.50891E-02    0.12713E-02    0.22067E-02    0.12796E-02    0.67322E-02    0.12721E-02    0.26592E-02    0.44550E-07    0.56058E-07    0.45355E-07    0.44550E-07    0.00000E+00    0.56058E-07    0.00000E+00    0.45355E-07    0.00000E+00    0.29850E-03    0.00000E+00    0.33484E-03    0.00000E+00    0.30118E-03    0.00000E+00    0.23607E-03    0.00000E+00    0.26886E-03    0.00000E+00    0.23836E-03    0.00000E+00    0.10126E-06    0.90983E-06    0.19424E-06    0.00000E+00    0.10126E-04    0.00000E+00    0.90983E-04    0.00000E+00    0.19424E-04    0.27008E-02    0.45001E-02    0.22446E-02    0.13490E-01    0.26523E-02    0.62328E-02    0.18152E-02    0.33661E-02    0.15873E-02    0.87811E-02    0.17890E-02    0.39888E-02
58400  0    0.87950E-07    0.70455E-06    0.14961E-06    0.20006E-07    0.67944E-05    0.19343E-07    0.68521E-04    0.19940E-07    0.12967E-04    0.22581E-02    0.36863E-02    0.20344E-02    0.11706E-01    0.22367E-02    0.50925E-02    0.13236E-02    0.22330E-02    0.13397E-02    0.66999E-02    0.13253E-02    0.26797E-02    0.58082E-07    0.82897E-07    0.59819E-07    0.58082E-07    0.00000E+00    0.82897E-07    0.00000E+00    0.59819E-07    0.00000E+00    0.34083E-03    0.00000E+00    0.40718E-03    0.00000E+00    0.34589E-03    0.00000E+00    0.27428E-03    0.00000E+00    0.31871E-03    0.00000E+00    0.27739E-03    0.00000E+00    0.10364E-06    0.89375E-06    0.19450E-06    0.00000E+00    0.10364E-04    0.00000E+00    0.89375E-04    0.00000E+00    0.19450E-04    0.27780E-02    0.45529E-02    0.23125E-02    0.13370E-01    0.27285E-02    0.62371E-02    0.18750E-02    0.34062E-02    0.16504E-02    0.87391E-02    0.18492E-02    0.40195E-02
58600  0    0.73782E-07    0.68734E-06    0.13514E-06    0.10677E-07    0.63105E-05    0.71993E-08    0.68014E-04    0.10329E-07    0.12481E-04    0.20492E-02    0.35526E-02    0.18464E-02    0.11663E-01    0.20298E-02    0.49962E-02    0.11744E-02    0.21450E-02    0.11777E-02    0.66404E-02    0.11747E-02    0.25946E-02    0.30997E-07    0.30854E-07    0.30987E-07    0.30997E-07    0.00000E+00    0.30854E-07    0.00000E+00    0.30987E-07    0.00000E+00    0.24899E-03    0.00000E+00    0.24841E-03    0.00000E+00    0.24895E-03    0.00000E+00    0.18931E-03    0.00000E+00    0.21114E-03    0.00000E+00    0.19084E-03    0.00000E+00    0.96262E-07    0.88714E-06    0.18721E-06    0.00000E+00    0.96262E-05    0.00000E+00    0.88714E-04    0.00000E+00    0.18721E-04    0.25245E-02    0.43878E-02    0.21043E-02    0.13320E-01    0.24798E-02    0.61190E-02    0.16920E-02    0.32721E-02    0.14719E-02    0.86614E-02    0.16667E-02    0.38919E-02
58800  0    0.73098E-07    0.67751E-06    0.13354E-06    0.10576E-07    0.62521E-05    0.69737E-08    0.67054E-04    0.10216E-07    0.12332E-04    0.20347E-02    0.35361E-02    0.18402E-02    0.11580E-01    0.20161E-02    0.49663E-02    0.11668E-02    0.21337E-02    0.11723E-02    0.65986E-02    0.11674E-02    0.25802E-02    0.30706E-07    0.29887E-07    0.30648E-07    0.30706E-07    0.00000E+00    0.29887E-07    0.00000E+00    0.30648E-07    0.00000E+00    0.24781E-03    0.00000E+00    0.24449E-03    0.00000E+00    0.24758E-03    0.00000E+00    0.18784E-03    0.00000E+00    0.20693E-03    0.00000E+00    0.18917E-03    0.00000E+00    0.95371E-07    0.87461E-06    0.18498E-06    0.00000E+00    0.95371E-05    0.00000E+00    0.87461E-04    0.00000E+00    0.18498E-04    0.25066E-02    0.43674E-02    0.20974E-02    0.13226E-01    0.24630E-02    0.60825E-02    0.16812E-02    0.32548E-02    0.14662E-02    0.86069E-02    0.16565E-02    0.38703E-02
59000  1    0.15196E-06    0.73943E-06    0.21071E-06    0.68523E-07    0.83442E-05    0.42805E-07    0.69662E-04    0.65952E-07    0.14476E-04    0.18661E-02    0.40851E-02    0.16957E-02    0.11804E-01    0.18498E-02    0.53807E-02    0.12495E-02    0.24766E-02    0.12083E-02    0.66673E-02    0.12454E-02    0.28957E-02    0.19894E-06    0.18345E-06    0.19785E-06    0.19894E-06    0.00000E+00    0.18345E-06    0.00000E+00    0.19785E-06    0.00000E+00    0.63078E-03    0.00000E+00    0.60572E-03    0.00000E+00    0.62905E-03    0.00000E+00    0.57665E-03    0.00000E+00    0.54812E-03    0.00000E+00    0.57465E-03    0.00000E+00    0.12728E-06    0.90864E-06    0.21714E-06    0.00000E+00    0.12728E-04    0.00000E+00    0.90864E-04    0.00000E+00    0.21714E-04    0.22590E-02    0.50455E-02    0.19076E-02    0.13481E-01    0.22214E-02    0.65900E-02    0.16030E-02    0.37779E-02    0.14093E-02    0.86965E-02    0.15808E-02    0.43435E-02
59200  0    0.72382E-07    0.64395E-06    0.12954E-06    0.10574E-07    0.61808E-05    0.75093E-08    0.63644E-04    0.10268E-07    0.11927E-04    0.20475E-02    0.35159E-02    0.18457E-02    0.11282E-01    0.20282E-02    0.48841E-02    0.11699E-02    0.21236E-02    0.11763E-02    0.64569E-02    0.11705E-02    0.25569E-02    0.30699E-07    0.32183E-07    0.30803E-07    0.30699E-07    0.00000E+00    0.32183E-07    0.00000E+00    0.30803E-07    0.00000E+00    0.24779E-03    0.00000E+00    0.25370E-03    0.00000E+00    0.24821E-03    0.00000E+00    0.18819E-03    0.00000E+00    0.21259E-03    0.00000E+00    0.18990E-03    0.00000E+00    0.94283E-07    0.83014E-06    0.17891E-06    0.00000E+00    0.94283E-05    0.00000E+00    0.83014E-04    0.00000E+00    0.17891E-04    0.25224E-02    0.43424E-02    0.21033E-02    0.12885E-01    0.24778E-02    0.59817E-02    0.16857E-02    0.32394E-02    0.14696E-02    0.84221E-02    0.16609E-02    0.38354E-02
59400  0    0.71041E-07    0.63557E-06    0.12749E-06    0.10381E-07    0.60660E-05    0.64866E-08    0.62909E-04    0.99919E-08    0.11750E-04    0.19567E-02    0.34831E-02    0.17627E-02    0.11217E-01    0.19382E-02    0.48477E-02    0.11215E-02    0.20995E-02    0.11164E-02    0.64116E-02    0.11210E-02    0.25307E-02    0.30139E-07    0.27800E-07    0.29976E-07    0.30139E-07    0.00000E+00    0.27800E-07    0.00000E+00    0.29976E-07    0.00000E+00    0.24552E-03    0.00000E+00    0.23579E-03    0.00000E+00    0.24485E-03    0.00000E+00    0.18522E-03    0.00000E+00    0.19584E-03    0.00000E+00    0.18596E-03    0.00000E+00    0.92532E-07    0.82055E-06    0.17625E-06    0.00000E+00    0.92532E-05    0.00000E+00    0.82055E-04    0.00000E+00    0.17625E-04    0.24101E-02    0.43019E-02    0.20090E-02    0.12811E-01    0.23675E-02    0.59372E-02    0.16134E-02    0.32026E-02    0.13966E-02    0.83630E-02    0.15885E-02    0.37961E-02
59600  1    0.82445E-06    0.11093E-05    0.85293E-06    0.55600E-06    0.26845E-04    0.42303E-06    0.68622E-04    0.54271E-06    0.31022E-04    0.34003E-02    0.73273E-02    0.32159E-02    0.11715E-01    0.33823E-02    0.78768E-02    0.27254E-02    0.41217E-02    0.27244E-02    0.69598E-02    0.27253E-02    0.44055E-02    0.16142E-05    0.18130E-05    0.16281E-05    0.16142E-05    0.00000E+00    0.18130E-05    0.00000E+00    0.16281E-05    0.00000E+00    0.17968E-02    0.00000E+00    0.19042E-02    0.00000E+00    0.18045E-02    0.00000E+00    0.17438E-02    0.00000E+00    0.18367E-02    0.00000E+00    0.17503E-02    0.00000E+00    0.40949E-06    0.89507E-06    0.46534E-06    0.00000E+00    0.40949E-04    0.00000E+00    0.89507E-04    0.00000E+00    0.46534E-04    0.39925E-02    0.90498E-02    0.35194E-02    0.13380E-01    0.39410E-02    0.96471E-02    0.32412E-02    0.62873E-02    0.29945E-02    0.90780E-02    0.32128E-02    0.66082E-02
59800  2    0.33111E-06    0.83966E-06    0.38196E-06    0.20685E-06    0.12426E-04    0.17269E-06    0.66697E-04    0.20343E-06    0.17853E-04    0.17301E-02    0.49852E-02    0.16667E-02    0.11550E-01    0.17238E-02    0.59755E-02    0.13592E-02    0.30319E-02    0.13219E-02    0.65138E-02    0.13555E-02    0.33801E-02    0.60052E-06    0.74009E-06    0.61029E-06    0.60052E-06    0.00000E+00    0.74009E-06    0.00000E+00    0.61029E-06    0.00000E+00    0.10959E-02    0.00000E+00    0.12166E-02    0.00000E+00    0.11048E-02    0.00000E+00    0.10268E-02    0.00000E+00    0.11630E-02    0.00000E+00    0.10364E-02    0.00000E+00    0.18955E-06    0.86996E-06    0.26780E-06    0.00000E+00    0.18955E-04    0.00000E+00    0.86996E-04    0.00000E+00    0.26780E-04    0.19836E-02    0.61571E-02    0.17813E-02    0.13191E-01    0.19614E-02    0.73184E-02    0.15338E-02    0.46249E-02    0.13703E-02    0.84963E-02    0.15150E-02    0.50702E-02
60000  0    0.85312E-07    0.61647E-06    0.13843E-06    0.21599E-07    0.63712E-05    0.12120E-07    0.60435E-04    0.20651E-07    0.11778E-04    0.18850E-02    0.35697E-02    0.16921E-02    0.10994E-01    0.18666E-02    0.48534E-02    0.11222E-02    0.21523E-02    0.10959E-02    0.62376E-02    0.11196E-02    0.25608E-02    0.62708E-07    0.51943E-07    0.61954E-07    0.62708E-07    0.00000E+00    0.51943E-07    0.00000E+00    0.61954E-07    0.00000E+00    0.35414E-03    0.00000E+00    0.32231E-03    0.00000E+00    0.35201E-03    0.00000E+00    0.29774E-03    0.00000E+00    0.27336E-03    0.00000E+00    0.29604E-03    0.00000E+00    0.97188E-07    0.78828E-06    0.17666E-06    0.00000E+00    0.97188E-05    0.00000E+00    0.78828E-04    0.00000E+00    0.17666E-04    0.23139E-02    0.44088E-02    0.19243E-02    0.12556E-01    0.22725E-02    0.59441E-02    0.15554E-02    0.32832E-02    0.13463E-02    0.81360E-02    0.15313E-02    0.38412E-02
