# DNNF90 training history: one row per validation event
#  1:epoch  2:patience
#  3:cost_train    4:cost_val    5:cost_input   (per point;
#    the composite objective, Loss_term weights applied --
#    the same sum the optimizer descends)
#  6:cost_train_f  7:cost_train_df  8:cost_val_f  9:cost_val_df
# 10:cost_input_f 11:cost_input_df
# 12:rmse_train_f 13:rmse_train_df 14:rmse_val_f 15:rmse_val_df
# 16:rmse_input_f 17:rmse_input_df
# 18:mae_train_f  19:mae_train_df  20:mae_val_f  21:mae_val_df
# 22:mae_input_f  23:mae_input_df
# 24..: the same 21 metrics for each loss term in turn (2 terms: columns 24-44 are term 1, 45-65 term 2, ...)
1  0    0.13649E-01    0.00000E+00    0.13649E-01    0.13478E-01    0.17134E-01    0.00000E+00    0.00000E+00    0.13478E-01    0.17134E-01    0.29509E+00    0.18511E+00    0.00000E+00    0.00000E+00    0.29509E+00    0.18511E+00    0.26234E+00    0.10527E+00    0.00000E+00    0.00000E+00    0.26234E+00    0.10527E+00    0.40433E-01    0.00000E+00    0.40433E-01    0.40433E-01    0.00000E+00    0.00000E+00    0.00000E+00    0.40433E-01    0.00000E+00    0.28437E+00    0.00000E+00    0.00000E+00    0.00000E+00    0.28437E+00    0.00000E+00    0.26042E+00    0.00000E+00    0.00000E+00    0.00000E+00    0.26042E+00    0.00000E+00    0.25701E-03    0.00000E+00    0.25701E-03    0.00000E+00    0.25701E-01    0.00000E+00    0.00000E+00    0.00000E+00    0.25701E-01    0.30031E+00    0.22672E+00    0.00000E+00    0.00000E+00    0.30031E+00    0.22672E+00    0.26330E+00    0.15791E+00    0.00000E+00    0.00000E+00    0.26330E+00    0.15791E+00
20  0    0.73415E-04    0.00000E+00    0.73415E-04    0.28722E-04    0.44693E-02    0.00000E+00    0.00000E+00    0.28722E-04    0.44693E-02    0.10772E+00    0.94545E-01    0.00000E+00    0.00000E+00    0.10772E+00    0.94545E-01    0.52359E-01    0.47341E-01    0.00000E+00    0.00000E+00    0.52359E-01    0.47341E-01    0.86166E-04    0.00000E+00    0.86166E-04    0.86166E-04    0.00000E+00    0.00000E+00    0.00000E+00    0.86166E-04    0.00000E+00    0.13128E-01    0.00000E+00    0.00000E+00    0.00000E+00    0.13128E-01    0.00000E+00    0.11182E-01    0.00000E+00    0.00000E+00    0.00000E+00    0.11182E-01    0.00000E+00    0.67040E-04    0.00000E+00    0.67040E-04    0.00000E+00    0.67040E-02    0.00000E+00    0.00000E+00    0.00000E+00    0.67040E-02    0.13160E+00    0.11579E+00    0.00000E+00    0.00000E+00    0.13160E+00    0.11579E+00    0.72947E-01    0.71011E-01    0.00000E+00    0.00000E+00    0.72947E-01    0.71011E-01
40  0    0.74022E-05    0.00000E+00    0.74022E-05    0.26712E-05    0.47310E-03    0.00000E+00    0.00000E+00    0.26712E-05    0.47310E-03    0.37070E-01    0.30760E-01    0.00000E+00    0.00000E+00    0.37070E-01    0.30760E-01    0.19727E-01    0.15432E-01    0.00000E+00    0.00000E+00    0.19727E-01    0.15432E-01    0.80135E-05    0.00000E+00    0.80135E-05    0.80135E-05    0.00000E+00    0.00000E+00    0.00000E+00    0.80135E-05    0.00000E+00    0.40034E-02    0.00000E+00    0.00000E+00    0.00000E+00    0.40034E-02    0.00000E+00    0.30224E-02    0.00000E+00    0.00000E+00    0.00000E+00    0.30224E-02    0.00000E+00    0.70966E-05    0.00000E+00    0.70966E-05    0.00000E+00    0.70966E-03    0.00000E+00    0.00000E+00    0.00000E+00    0.70966E-03    0.45312E-01    0.37674E-01    0.00000E+00    0.00000E+00    0.45312E-01    0.37674E-01    0.28079E-01    0.23148E-01    0.00000E+00    0.00000E+00    0.28079E-01    0.23148E-01
60  0    0.52215E-05    0.00000E+00    0.52215E-05    0.11051E-05    0.41164E-03    0.00000E+00    0.00000E+00    0.11051E-05    0.41164E-03    0.30572E-01    0.28693E-01    0.00000E+00    0.00000E+00    0.30572E-01    0.28693E-01    0.16063E-01    0.15068E-01    0.00000E+00    0.00000E+00    0.16063E-01    0.15068E-01    0.33152E-05    0.00000E+00    0.33152E-05    0.33152E-05    0.00000E+00    0.00000E+00    0.00000E+00    0.33152E-05    0.00000E+00    0.25750E-02    0.00000E+00    0.00000E+00    0.00000E+00    0.25750E-02    0.00000E+00    0.19674E-02    0.00000E+00    0.00000E+00    0.00000E+00    0.19674E-02    0.00000E+00    0.61747E-05    0.00000E+00    0.61747E-05    0.00000E+00    0.61747E-03    0.00000E+00    0.00000E+00    0.00000E+00    0.61747E-03    0.37399E-01    0.35142E-01    0.00000E+00    0.00000E+00    0.37399E-01    0.35142E-01    0.23111E-01    0.22602E-01    0.00000E+00    0.00000E+00    0.23111E-01    0.22602E-01
80  0    0.25738E-05    0.00000E+00    0.25738E-05    0.45530E-06    0.21185E-03    0.00000E+00    0.00000E+00    0.45530E-06    0.21185E-03    0.21724E-01    0.20584E-01    0.00000E+00    0.00000E+00    0.21724E-01    0.20584E-01    0.10956E-01    0.10082E-01    0.00000E+00    0.00000E+00    0.10956E-01    0.10082E-01    0.13659E-05    0.00000E+00    0.13659E-05    0.13659E-05    0.00000E+00    0.00000E+00    0.00000E+00    0.13659E-05    0.00000E+00    0.16528E-02    0.00000E+00    0.00000E+00    0.00000E+00    0.16528E-02    0.00000E+00    0.12685E-02    0.00000E+00    0.00000E+00    0.00000E+00    0.12685E-02    0.00000E+00    0.31778E-05    0.00000E+00    0.31778E-05    0.00000E+00    0.31778E-03    0.00000E+00    0.00000E+00    0.00000E+00    0.31778E-03    0.26580E-01    0.25210E-01    0.00000E+00    0.00000E+00    0.26580E-01    0.25210E-01    0.15800E-01    0.15123E-01    0.00000E+00    0.00000E+00    0.15800E-01    0.15123E-01
100  0    0.17402E-05    0.00000E+00    0.17402E-05    0.15425E-06    0.15859E-03    0.00000E+00    0.00000E+00    0.15425E-06    0.15859E-03    0.20549E-01    0.17810E-01    0.00000E+00    0.00000E+00    0.20549E-01    0.17810E-01    0.10035E-01    0.93730E-02    0.00000E+00    0.00000E+00    0.10035E-01    0.93730E-02    0.46274E-06    0.00000E+00    0.46274E-06    0.46274E-06    0.00000E+00    0.00000E+00    0.00000E+00    0.46274E-06    0.00000E+00    0.96202E-03    0.00000E+00    0.00000E+00    0.00000E+00    0.96202E-03    0.00000E+00    0.79107E-03    0.00000E+00    0.00000E+00    0.00000E+00    0.79107E-03    0.00000E+00    0.23789E-05    0.00000E+00    0.23789E-05    0.00000E+00    0.23789E-03    0.00000E+00    0.00000E+00    0.00000E+00    0.23789E-03    0.25158E-01    0.21812E-01    0.00000E+00    0.00000E+00    0.25158E-01    0.21812E-01    0.14656E-01    0.14059E-01    0.00000E+00    0.00000E+00    0.14656E-01    0.14059E-01
120  0    0.11967E-05    0.00000E+00    0.11967E-05    0.13274E-06    0.10639E-03    0.00000E+00    0.00000E+00    0.13274E-06    0.10639E-03    0.15534E-01    0.14587E-01    0.00000E+00    0.00000E+00    0.15534E-01    0.14587E-01    0.78428E-02    0.84971E-02    0.00000E+00    0.00000E+00    0.78428E-02    0.84971E-02    0.39821E-06    0.00000E+00    0.39821E-06    0.39821E-06    0.00000E+00    0.00000E+00    0.00000E+00    0.39821E-06    0.00000E+00    0.89242E-03    0.00000E+00    0.00000E+00    0.00000E+00    0.89242E-03    0.00000E+00    0.77819E-03    0.00000E+00    0.00000E+00    0.00000E+00    0.77819E-03    0.00000E+00    0.15959E-05    0.00000E+00    0.15959E-05    0.00000E+00    0.15959E-03    0.00000E+00    0.00000E+00    0.00000E+00    0.15959E-03    0.19014E-01    0.17866E-01    0.00000E+00    0.00000E+00    0.19014E-01    0.17866E-01    0.11375E-01    0.12746E-01    0.00000E+00    0.00000E+00    0.11375E-01    0.12746E-01
140  0    0.93006E-06    0.00000E+00    0.93006E-06    0.19337E-06    0.73669E-04    0.00000E+00    0.00000E+00    0.19337E-06    0.73669E-04    0.13517E-01    0.12138E-01    0.00000E+00    0.00000E+00    0.13517E-01    0.12138E-01    0.72976E-02    0.75593E-02    0.00000E+00    0.00000E+00    0.72976E-02    0.75593E-02    0.58011E-06    0.00000E+00    0.58011E-06    0.58011E-06    0.00000E+00    0.00000E+00    0.00000E+00    0.58011E-06    0.00000E+00    0.10771E-02    0.00000E+00    0.00000E+00    0.00000E+00    0.10771E-02    0.00000E+00    0.92767E-03    0.00000E+00    0.00000E+00    0.00000E+00    0.92767E-03    0.00000E+00    0.11050E-05    0.00000E+00    0.11050E-05    0.00000E+00    0.11050E-03    0.00000E+00    0.00000E+00    0.00000E+00    0.11050E-03    0.16538E-01    0.14866E-01    0.00000E+00    0.00000E+00    0.16538E-01    0.14866E-01    0.10483E-01    0.11339E-01    0.00000E+00    0.00000E+00    0.10483E-01    0.11339E-01
160  0    0.74934E-06    0.00000E+00    0.74934E-06    0.21141E-06    0.53792E-04    0.00000E+00    0.00000E+00    0.21141E-06    0.53792E-04    0.12239E-01    0.10372E-01    0.00000E+00    0.00000E+00    0.12239E-01    0.10372E-01    0.64861E-02    0.65668E-02    0.00000E+00    0.00000E+00    0.64861E-02    0.65668E-02    0.63424E-06    0.00000E+00    0.63424E-06    0.63424E-06    0.00000E+00    0.00000E+00    0.00000E+00    0.63424E-06    0.00000E+00    0.11263E-02    0.00000E+00    0.00000E+00    0.00000E+00    0.11263E-02    0.00000E+00    0.91329E-03    0.00000E+00    0.00000E+00    0.00000E+00    0.91329E-03    0.00000E+00    0.80689E-06    0.00000E+00    0.80689E-06    0.00000E+00    0.80689E-04    0.00000E+00    0.00000E+00    0.00000E+00    0.80689E-04    0.14969E-01    0.12703E-01    0.00000E+00    0.00000E+00    0.14969E-01    0.12703E-01    0.92725E-02    0.98503E-02    0.00000E+00    0.00000E+00    0.92725E-02    0.98503E-02
180  0    0.45602E-06    0.00000E+00    0.45602E-06    0.12293E-06    0.33309E-04    0.00000E+00    0.00000E+00    0.12293E-06    0.33309E-04    0.76660E-02    0.81619E-02    0.00000E+00    0.00000E+00    0.76660E-02    0.81619E-02    0.39105E-02    0.48733E-02    0.00000E+00    0.00000E+00    0.39105E-02    0.48733E-02    0.36880E-06    0.00000E+00    0.36880E-06    0.36880E-06    0.00000E+00    0.00000E+00    0.00000E+00    0.36880E-06    0.00000E+00    0.85884E-03    0.00000E+00    0.00000E+00    0.00000E+00    0.85884E-03    0.00000E+00    0.71449E-03    0.00000E+00    0.00000E+00    0.00000E+00    0.71449E-03    0.00000E+00    0.49963E-06    0.00000E+00    0.49963E-06    0.00000E+00    0.49963E-04    0.00000E+00    0.00000E+00    0.00000E+00    0.49963E-04    0.93692E-02    0.99963E-02    0.00000E+00    0.00000E+00    0.93692E-02    0.99963E-02    0.55085E-02    0.73099E-02    0.00000E+00    0.00000E+00    0.55085E-02    0.73099E-02
200  0    0.27454E-06    0.00000E+00    0.27454E-06    0.56705E-07    0.21783E-04    0.00000E+00    0.00000E+00    0.56705E-07    0.21783E-04    0.60303E-02    0.66005E-02    0.00000E+00    0.00000E+00    0.60303E-02    0.66005E-02    0.29599E-02    0.38311E-02    0.00000E+00    0.00000E+00    0.29599E-02    0.38311E-02    0.17011E-06    0.00000E+00    0.17011E-06    0.17011E-06    0.00000E+00    0.00000E+00    0.00000E+00    0.17011E-06    0.00000E+00    0.58329E-03    0.00000E+00    0.00000E+00    0.00000E+00    0.58329E-03    0.00000E+00    0.48237E-03    0.00000E+00    0.00000E+00    0.00000E+00    0.48237E-03    0.00000E+00    0.32675E-06    0.00000E+00    0.32675E-06    0.00000E+00    0.32675E-04    0.00000E+00    0.00000E+00    0.00000E+00    0.32675E-04    0.73740E-02    0.80839E-02    0.00000E+00    0.00000E+00    0.73740E-02    0.80839E-02    0.41986E-02    0.57466E-02    0.00000E+00    0.00000E+00    0.41986E-02    0.57466E-02
220  0    0.23361E-06    0.00000E+00    0.23361E-06    0.33605E-07    0.20000E-04    0.00000E+00    0.00000E+00    0.33605E-07    0.20000E-04    0.54101E-02    0.63246E-02    0.00000E+00    0.00000E+00    0.54101E-02    0.63246E-02    0.26345E-02    0.35782E-02    0.00000E+00    0.00000E+00    0.26345E-02    0.35782E-02    0.10082E-06    0.00000E+00    0.10082E-06    0.10082E-06    0.00000E+00    0.00000E+00    0.00000E+00    0.10082E-06    0.00000E+00    0.44903E-03    0.00000E+00    0.00000E+00    0.00000E+00    0.44903E-03    0.00000E+00    0.38834E-03    0.00000E+00    0.00000E+00    0.00000E+00    0.38834E-03    0.00000E+00    0.30000E-06    0.00000E+00    0.30000E-06    0.00000E+00    0.30000E-04    0.00000E+00    0.00000E+00    0.00000E+00    0.30000E-04    0.66183E-02    0.77460E-02    0.00000E+00    0.00000E+00    0.66183E-02    0.77460E-02    0.37576E-02    0.53673E-02    0.00000E+00    0.00000E+00    0.37576E-02    0.53673E-02
240  0    0.22343E-06    0.00000E+00    0.22343E-06    0.25347E-07    0.19809E-04    0.00000E+00    0.00000E+00    0.25347E-07    0.19809E-04    0.53396E-02    0.62942E-02    0.00000E+00    0.00000E+00    0.53396E-02    0.62942E-02    0.25375E-02    0.34972E-02    0.00000E+00    0.00000E+00    0.25375E-02    0.34972E-02    0.76040E-07    0.00000E+00    0.76040E-07    0.76040E-07    0.00000E+00    0.00000E+00    0.00000E+00    0.76040E-07    0.00000E+00    0.38998E-03    0.00000E+00    0.00000E+00    0.00000E+00    0.38998E-03    0.00000E+00    0.31784E-03    0.00000E+00    0.00000E+00    0.00000E+00    0.31784E-03    0.00000E+00    0.29713E-06    0.00000E+00    0.29713E-06    0.00000E+00    0.29713E-04    0.00000E+00    0.00000E+00    0.00000E+00    0.29713E-04    0.65338E-02    0.77088E-02    0.00000E+00    0.00000E+00    0.65338E-02    0.77088E-02    0.36473E-02    0.52458E-02    0.00000E+00    0.00000E+00    0.36473E-02    0.52458E-02
260  0    0.20572E-06    0.00000E+00    0.20572E-06    0.20804E-07    0.18492E-04    0.00000E+00    0.00000E+00    0.20804E-07    0.18492E-04    0.49589E-02    0.60814E-02    0.00000E+00    0.00000E+00    0.49589E-02    0.60814E-02    0.24147E-02    0.34881E-02    0.00000E+00    0.00000E+00    0.24147E-02    0.34881E-02    0.62412E-07    0.00000E+00    0.62412E-07    0.62412E-07    0.00000E+00    0.00000E+00    0.00000E+00    0.62412E-07    0.00000E+00    0.35331E-03    0.00000E+00    0.00000E+00    0.00000E+00    0.35331E-03    0.00000E+00    0.30417E-03    0.00000E+00    0.00000E+00    0.00000E+00    0.30417E-03    0.00000E+00    0.27738E-06    0.00000E+00    0.27738E-06    0.00000E+00    0.27738E-04    0.00000E+00    0.00000E+00    0.00000E+00    0.27738E-04    0.60683E-02    0.74482E-02    0.00000E+00    0.00000E+00    0.60683E-02    0.74482E-02    0.34700E-02    0.52321E-02    0.00000E+00    0.00000E+00    0.34700E-02    0.52321E-02
280  0    0.18668E-06    0.00000E+00    0.18668E-06    0.16077E-07    0.17060E-04    0.00000E+00    0.00000E+00    0.16077E-07    0.17060E-04    0.51757E-02    0.58412E-02    0.00000E+00    0.00000E+00    0.51757E-02    0.58412E-02    0.25149E-02    0.34242E-02    0.00000E+00    0.00000E+00    0.25149E-02    0.34242E-02    0.48232E-07    0.00000E+00    0.48232E-07    0.48232E-07    0.00000E+00    0.00000E+00    0.00000E+00    0.48232E-07    0.00000E+00    0.31059E-03    0.00000E+00    0.00000E+00    0.00000E+00    0.31059E-03    0.00000E+00    0.26086E-03    0.00000E+00    0.00000E+00    0.00000E+00    0.26086E-03    0.00000E+00    0.25590E-06    0.00000E+00    0.25590E-06    0.00000E+00    0.25590E-04    0.00000E+00    0.00000E+00    0.00000E+00    0.25590E-04    0.63351E-02    0.71540E-02    0.00000E+00    0.00000E+00    0.63351E-02    0.71540E-02    0.36419E-02    0.51363E-02    0.00000E+00    0.00000E+00    0.36419E-02    0.51363E-02
300  0    0.17672E-06    0.00000E+00    0.17672E-06    0.17740E-07    0.15898E-04    0.00000E+00    0.00000E+00    0.17740E-07    0.15898E-04    0.57827E-02    0.56388E-02    0.00000E+00    0.00000E+00    0.57827E-02    0.56388E-02    0.27594E-02    0.32770E-02    0.00000E+00    0.00000E+00    0.27594E-02    0.32770E-02    0.53219E-07    0.00000E+00    0.53219E-07    0.53219E-07    0.00000E+00    0.00000E+00    0.00000E+00    0.53219E-07    0.00000E+00    0.32625E-03    0.00000E+00    0.00000E+00    0.00000E+00    0.32625E-03    0.00000E+00    0.27843E-03    0.00000E+00    0.00000E+00    0.00000E+00    0.27843E-03    0.00000E+00    0.23847E-06    0.00000E+00    0.23847E-06    0.00000E+00    0.23847E-04    0.00000E+00    0.00000E+00    0.00000E+00    0.23847E-04    0.70785E-02    0.69061E-02    0.00000E+00    0.00000E+00    0.70785E-02    0.69061E-02    0.39999E-02    0.49154E-02    0.00000E+00    0.00000E+00    0.39999E-02    0.49154E-02
320  0    0.13934E-06    0.00000E+00    0.13934E-06    0.12333E-07    0.12700E-04    0.00000E+00    0.00000E+00    0.12333E-07    0.12700E-04    0.45345E-02    0.50399E-02    0.00000E+00    0.00000E+00    0.45345E-02    0.50399E-02    0.23506E-02    0.29069E-02    0.00000E+00    0.00000E+00    0.23506E-02    0.29069E-02    0.37000E-07    0.00000E+00    0.37000E-07    0.37000E-07    0.00000E+00    0.00000E+00    0.00000E+00    0.37000E-07    0.00000E+00    0.27203E-03    0.00000E+00    0.00000E+00    0.00000E+00    0.27203E-03    0.00000E+00    0.22950E-03    0.00000E+00    0.00000E+00    0.00000E+00    0.22950E-03    0.00000E+00    0.19051E-06    0.00000E+00    0.19051E-06    0.00000E+00    0.19051E-04    0.00000E+00    0.00000E+00    0.00000E+00    0.19051E-04    0.55503E-02    0.61726E-02    0.00000E+00    0.00000E+00    0.55503E-02    0.61726E-02    0.34112E-02    0.43604E-02    0.00000E+00    0.00000E+00    0.34112E-02    0.43604E-02
340  0    0.11966E-06    0.00000E+00    0.11966E-06    0.12746E-07    0.10691E-04    0.00000E+00    0.00000E+00    0.12746E-07    0.10691E-04    0.42208E-02    0.46241E-02    0.00000E+00    0.00000E+00    0.42208E-02    0.46241E-02    0.21002E-02    0.25337E-02    0.00000E+00    0.00000E+00    0.21002E-02    0.25337E-02    0.38239E-07    0.00000E+00    0.38239E-07    0.38239E-07    0.00000E+00    0.00000E+00    0.00000E+00    0.38239E-07    0.00000E+00    0.27655E-03    0.00000E+00    0.00000E+00    0.00000E+00    0.27655E-03    0.00000E+00    0.21892E-03    0.00000E+00    0.00000E+00    0.00000E+00    0.21892E-03    0.00000E+00    0.16037E-06    0.00000E+00    0.16037E-06    0.00000E+00    0.16037E-04    0.00000E+00    0.00000E+00    0.00000E+00    0.16037E-04    0.51656E-02    0.56633E-02    0.00000E+00    0.00000E+00    0.51656E-02    0.56633E-02    0.30408E-02    0.38005E-02    0.00000E+00    0.00000E+00    0.30408E-02    0.38005E-02
360  0    0.68678E-07    0.00000E+00    0.68678E-07    0.13763E-07    0.54915E-05    0.00000E+00    0.00000E+00    0.13763E-07    0.54915E-05    0.29237E-02    0.33140E-02    0.00000E+00    0.00000E+00    0.29237E-02    0.33140E-02    0.15778E-02    0.18364E-02    0.00000E+00    0.00000E+00    0.15778E-02    0.18364E-02    0.41289E-07    0.00000E+00    0.41289E-07    0.41289E-07    0.00000E+00    0.00000E+00    0.00000E+00    0.41289E-07    0.00000E+00    0.28736E-03    0.00000E+00    0.00000E+00    0.00000E+00    0.28736E-03    0.00000E+00    0.24308E-03    0.00000E+00    0.00000E+00    0.00000E+00    0.24308E-03    0.00000E+00    0.82372E-07    0.00000E+00    0.82372E-07    0.00000E+00    0.82372E-05    0.00000E+00    0.00000E+00    0.00000E+00    0.82372E-05    0.35750E-02    0.40589E-02    0.00000E+00    0.00000E+00    0.35750E-02    0.40589E-02    0.22452E-02    0.27547E-02    0.00000E+00    0.00000E+00    0.22452E-02    0.27547E-02
380  0    0.55803E-07    0.00000E+00    0.55803E-07    0.98121E-08    0.45991E-05    0.00000E+00    0.00000E+00    0.98121E-08    0.45991E-05    0.16147E-02    0.30329E-02    0.00000E+00    0.00000E+00    0.16147E-02    0.30329E-02    0.10475E-02    0.17089E-02    0.00000E+00    0.00000E+00    0.10475E-02    0.17089E-02    0.29436E-07    0.00000E+00    0.29436E-07    0.29436E-07    0.00000E+00    0.00000E+00    0.00000E+00    0.29436E-07    0.00000E+00    0.24264E-03    0.00000E+00    0.00000E+00    0.00000E+00    0.24264E-03    0.00000E+00    0.19712E-03    0.00000E+00    0.00000E+00    0.00000E+00    0.19712E-03    0.00000E+00    0.68987E-07    0.00000E+00    0.68987E-07    0.00000E+00    0.68987E-05    0.00000E+00    0.00000E+00    0.00000E+00    0.68987E-05    0.19701E-02    0.37145E-02    0.00000E+00    0.00000E+00    0.19701E-02    0.37145E-02    0.14727E-02    0.25634E-02    0.00000E+00    0.00000E+00    0.14727E-02    0.25634E-02
400  0    0.36740E-07    0.00000E+00    0.36740E-07    0.98392E-08    0.26901E-05    0.00000E+00    0.00000E+00    0.98392E-08    0.26901E-05    0.97614E-03    0.23195E-02    0.00000E+00    0.00000E+00    0.97614E-03    0.23195E-02    0.67281E-03    0.13711E-02    0.00000E+00    0.00000E+00    0.67281E-03    0.13711E-02    0.29518E-07    0.00000E+00    0.29518E-07    0.29518E-07    0.00000E+00    0.00000E+00    0.00000E+00    0.29518E-07    0.00000E+00    0.24297E-03    0.00000E+00    0.00000E+00    0.00000E+00    0.24297E-03    0.00000E+00    0.20174E-03    0.00000E+00    0.00000E+00    0.00000E+00    0.20174E-03    0.00000E+00    0.40352E-07    0.00000E+00    0.40352E-07    0.00000E+00    0.40352E-05    0.00000E+00    0.00000E+00    0.00000E+00    0.40352E-05    0.11831E-02    0.28408E-02    0.00000E+00    0.00000E+00    0.11831E-02    0.28408E-02    0.90835E-03    0.20566E-02    0.00000E+00    0.00000E+00    0.90835E-03    0.20566E-02
420  0    0.29864E-07    0.00000E+00    0.29864E-07    0.71945E-08    0.22669E-05    0.00000E+00    0.00000E+00    0.71945E-08    0.22669E-05    0.10460E-02    0.21293E-02    0.00000E+00    0.00000E+00    0.10460E-02    0.21293E-02    0.68770E-03    0.12948E-02    0.00000E+00    0.00000E+00    0.68770E-03    0.12948E-02    0.21584E-07    0.00000E+00    0.21584E-07    0.21584E-07    0.00000E+00    0.00000E+00    0.00000E+00    0.21584E-07    0.00000E+00    0.20777E-03    0.00000E+00    0.00000E+00    0.00000E+00    0.20777E-03    0.00000E+00    0.17758E-03    0.00000E+00    0.00000E+00    0.00000E+00    0.17758E-03    0.00000E+00    0.34004E-07    0.00000E+00    0.34004E-07    0.00000E+00    0.34004E-05    0.00000E+00    0.00000E+00    0.00000E+00    0.34004E-05    0.12726E-02    0.26078E-02    0.00000E+00    0.00000E+00    0.12726E-02    0.26078E-02    0.94276E-03    0.19423E-02    0.00000E+00    0.00000E+00    0.94276E-03    0.19423E-02
440  0    0.23914E-07    0.00000E+00    0.23914E-07    0.50377E-08    0.18876E-05    0.00000E+00    0.00000E+00    0.50377E-08    0.18876E-05    0.75762E-03    0.19430E-02    0.00000E+00    0.00000E+00    0.75762E-03    0.19430E-02    0.54428E-03    0.10863E-02    0.00000E+00    0.00000E+00    0.54428E-03    0.10863E-02    0.15113E-07    0.00000E+00    0.15113E-07    0.15113E-07    0.00000E+00    0.00000E+00    0.00000E+00    0.15113E-07    0.00000E+00    0.17386E-03    0.00000E+00    0.00000E+00    0.00000E+00    0.17386E-03    0.00000E+00    0.14450E-03    0.00000E+00    0.00000E+00    0.00000E+00    0.14450E-03    0.00000E+00    0.28314E-07    0.00000E+00    0.28314E-07    0.00000E+00    0.28314E-05    0.00000E+00    0.00000E+00    0.00000E+00    0.28314E-05    0.91971E-03    0.23797E-02    0.00000E+00    0.00000E+00    0.91971E-03    0.23797E-02    0.74417E-03    0.16294E-02    0.00000E+00    0.00000E+00    0.74417E-03    0.16294E-02
460  0    0.21211E-07    0.00000E+00    0.21211E-07    0.42051E-08    0.17005E-05    0.00000E+00    0.00000E+00    0.42051E-08    0.17005E-05    0.79610E-03    0.18442E-02    0.00000E+00    0.00000E+00    0.79610E-03    0.18442E-02    0.49613E-03    0.10383E-02    0.00000E+00    0.00000E+00    0.49613E-03    0.10383E-02    0.12615E-07    0.00000E+00    0.12615E-07    0.12615E-07    0.00000E+00    0.00000E+00    0.00000E+00    0.12615E-07    0.00000E+00    0.15884E-03    0.00000E+00    0.00000E+00    0.00000E+00    0.15884E-03    0.00000E+00    0.13332E-03    0.00000E+00    0.00000E+00    0.00000E+00    0.13332E-03    0.00000E+00    0.25508E-07    0.00000E+00    0.25508E-07    0.00000E+00    0.25508E-05    0.00000E+00    0.00000E+00    0.00000E+00    0.25508E-05    0.96853E-03    0.22587E-02    0.00000E+00    0.00000E+00    0.96853E-03    0.22587E-02    0.67754E-03    0.15575E-02    0.00000E+00    0.00000E+00    0.67754E-03    0.15575E-02
480  0    0.18343E-07    0.00000E+00    0.18343E-07    0.40618E-08    0.14281E-05    0.00000E+00    0.00000E+00    0.40618E-08    0.14281E-05    0.67609E-03    0.16900E-02    0.00000E+00    0.00000E+00    0.67609E-03    0.16900E-02    0.42863E-03    0.96521E-03    0.00000E+00    0.00000E+00    0.42863E-03    0.96521E-03    0.12185E-07    0.00000E+00    0.12185E-07    0.12185E-07    0.00000E+00    0.00000E+00    0.00000E+00    0.12185E-07    0.00000E+00    0.15611E-03    0.00000E+00    0.00000E+00    0.00000E+00    0.15611E-03    0.00000E+00    0.12108E-03    0.00000E+00    0.00000E+00    0.00000E+00    0.12108E-03    0.00000E+00    0.21421E-07    0.00000E+00    0.21421E-07    0.00000E+00    0.21421E-05    0.00000E+00    0.00000E+00    0.00000E+00    0.21421E-05    0.82065E-03    0.20698E-02    0.00000E+00    0.00000E+00    0.82065E-03    0.20698E-02    0.58240E-03    0.14478E-02    0.00000E+00    0.00000E+00    0.58240E-03    0.14478E-02
500  0    0.99025E-08    0.00000E+00    0.99025E-08    0.15664E-08    0.83362E-06    0.00000E+00    0.00000E+00    0.15664E-08    0.83362E-06    0.48086E-03    0.12912E-02    0.00000E+00    0.00000E+00    0.48086E-03    0.12912E-02    0.32026E-03    0.76015E-03    0.00000E+00    0.00000E+00    0.32026E-03    0.76015E-03    0.46991E-08    0.00000E+00    0.46991E-08    0.46991E-08    0.00000E+00    0.00000E+00    0.00000E+00    0.46991E-08    0.00000E+00    0.96944E-04    0.00000E+00    0.00000E+00    0.00000E+00    0.96944E-04    0.00000E+00    0.77283E-04    0.00000E+00    0.00000E+00    0.00000E+00    0.77283E-04    0.00000E+00    0.12504E-07    0.00000E+00    0.12504E-07    0.00000E+00    0.12504E-05    0.00000E+00    0.00000E+00    0.00000E+00    0.12504E-05    0.58493E-03    0.15814E-02    0.00000E+00    0.00000E+00    0.58493E-03    0.15814E-02    0.44175E-03    0.11402E-02    0.00000E+00    0.00000E+00    0.44175E-03    0.11402E-02
520  0    0.95307E-08    0.00000E+00    0.95307E-08    0.14030E-08    0.81277E-06    0.00000E+00    0.00000E+00    0.14030E-08    0.81277E-06    0.49725E-03    0.12750E-02    0.00000E+00    0.00000E+00    0.49725E-03    0.12750E-02    0.34715E-03    0.74486E-03    0.00000E+00    0.00000E+00    0.34715E-03    0.74486E-03    0.42091E-08    0.00000E+00    0.42091E-08    0.42091E-08    0.00000E+00    0.00000E+00    0.00000E+00    0.42091E-08    0.00000E+00    0.91750E-04    0.00000E+00    0.00000E+00    0.00000E+00    0.91750E-04    0.00000E+00    0.73568E-04    0.00000E+00    0.00000E+00    0.00000E+00    0.73568E-04    0.00000E+00    0.12192E-07    0.00000E+00    0.12192E-07    0.00000E+00    0.12192E-05    0.00000E+00    0.00000E+00    0.00000E+00    0.12192E-05    0.60553E-03    0.15615E-02    0.00000E+00    0.00000E+00    0.60553E-03    0.15615E-02    0.48394E-03    0.11173E-02    0.00000E+00    0.00000E+00    0.48394E-03    0.11173E-02
540  0    0.57461E-08    0.00000E+00    0.57461E-08    0.60246E-09    0.51436E-06    0.00000E+00    0.00000E+00    0.60246E-09    0.51436E-06    0.32248E-03    0.10143E-02    0.00000E+00    0.00000E+00    0.32248E-03    0.10143E-02    0.20572E-03    0.56511E-03    0.00000E+00    0.00000E+00    0.20572E-03    0.56511E-03    0.18074E-08    0.00000E+00    0.18074E-08    0.18074E-08    0.00000E+00    0.00000E+00    0.00000E+00    0.18074E-08    0.00000E+00    0.60123E-04    0.00000E+00    0.00000E+00    0.00000E+00    0.60123E-04    0.00000E+00    0.49705E-04    0.00000E+00    0.00000E+00    0.00000E+00    0.49705E-04    0.00000E+00    0.77154E-08    0.00000E+00    0.77154E-08    0.00000E+00    0.77154E-06    0.00000E+00    0.00000E+00    0.00000E+00    0.77154E-06    0.39266E-03    0.12422E-02    0.00000E+00    0.00000E+00    0.39266E-03    0.12422E-02    0.28373E-03    0.84766E-03    0.00000E+00    0.00000E+00    0.28373E-03    0.84766E-03
560  0    0.52362E-08    0.00000E+00    0.52362E-08    0.46324E-09    0.47729E-06    0.00000E+00    0.00000E+00    0.46324E-09    0.47729E-06    0.28867E-03    0.97703E-03    0.00000E+00    0.00000E+00    0.28867E-03    0.97703E-03    0.19228E-03    0.53687E-03    0.00000E+00    0.00000E+00    0.19228E-03    0.53687E-03    0.13897E-08    0.00000E+00    0.13897E-08    0.13897E-08    0.00000E+00    0.00000E+00    0.00000E+00    0.13897E-08    0.00000E+00    0.52720E-04    0.00000E+00    0.00000E+00    0.00000E+00    0.52720E-04    0.00000E+00    0.43815E-04    0.00000E+00    0.00000E+00    0.00000E+00    0.43815E-04    0.00000E+00    0.71594E-08    0.00000E+00    0.71594E-08    0.00000E+00    0.71594E-06    0.00000E+00    0.00000E+00    0.00000E+00    0.71594E-06    0.35157E-03    0.11966E-02    0.00000E+00    0.00000E+00    0.35157E-03    0.11966E-02    0.26651E-03    0.80531E-03    0.00000E+00    0.00000E+00    0.26651E-03    0.80531E-03
580  0    0.51228E-08    0.00000E+00    0.51228E-08    0.44356E-09    0.46793E-06    0.00000E+00    0.00000E+00    0.44356E-09    0.46793E-06    0.39235E-03    0.96739E-03    0.00000E+00    0.00000E+00    0.39235E-03    0.96739E-03    0.26063E-03    0.53679E-03    0.00000E+00    0.00000E+00    0.26063E-03    0.53679E-03    0.13307E-08    0.00000E+00    0.13307E-08    0.13307E-08    0.00000E+00    0.00000E+00    0.00000E+00    0.13307E-08    0.00000E+00    0.51589E-04    0.00000E+00    0.00000E+00    0.00000E+00    0.51589E-04    0.00000E+00    0.42624E-04    0.00000E+00    0.00000E+00    0.00000E+00    0.42624E-04    0.00000E+00    0.70189E-08    0.00000E+00    0.70189E-08    0.00000E+00    0.70189E-06    0.00000E+00    0.00000E+00    0.00000E+00    0.70189E-06    0.47915E-03    0.11848E-02    0.00000E+00    0.00000E+00    0.47915E-03    0.11848E-02    0.36963E-03    0.80518E-03    0.00000E+00    0.00000E+00    0.36963E-03    0.80518E-03
600  0    0.50613E-08    0.00000E+00    0.50613E-08    0.51043E-09    0.45509E-06    0.00000E+00    0.00000E+00    0.51043E-09    0.45509E-06    0.51168E-03    0.95403E-03    0.00000E+00    0.00000E+00    0.51168E-03    0.95403E-03    0.32855E-03    0.54030E-03    0.00000E+00    0.00000E+00    0.32855E-03    0.54030E-03    0.15313E-08    0.00000E+00    0.15313E-08    0.15313E-08    0.00000E+00    0.00000E+00    0.00000E+00    0.15313E-08    0.00000E+00    0.55341E-04    0.00000E+00    0.00000E+00    0.00000E+00    0.55341E-04    0.00000E+00    0.46814E-04    0.00000E+00    0.00000E+00    0.00000E+00    0.46814E-04    0.00000E+00    0.68263E-08    0.00000E+00    0.68263E-08    0.00000E+00    0.68263E-06    0.00000E+00    0.00000E+00    0.00000E+00    0.68263E-06    0.62546E-03    0.11684E-02    0.00000E+00    0.00000E+00    0.62546E-03    0.11684E-02    0.46942E-03    0.81045E-03    0.00000E+00    0.00000E+00    0.46942E-03    0.81045E-03
620  0    0.49596E-08    0.00000E+00    0.49596E-08    0.53736E-09    0.44222E-06    0.00000E+00    0.00000E+00    0.53736E-09    0.44222E-06    0.56662E-03    0.94045E-03    0.00000E+00    0.00000E+00    0.56662E-03    0.94045E-03    0.36164E-03    0.54111E-03    0.00000E+00    0.00000E+00    0.36164E-03    0.54111E-03    0.16121E-08    0.00000E+00    0.16121E-08    0.16121E-08    0.00000E+00    0.00000E+00    0.00000E+00    0.16121E-08    0.00000E+00    0.56782E-04    0.00000E+00    0.00000E+00    0.00000E+00    0.56782E-04    0.00000E+00    0.46800E-04    0.00000E+00    0.00000E+00    0.00000E+00    0.46800E-04    0.00000E+00    0.66334E-08    0.00000E+00    0.66334E-08    0.00000E+00    0.66334E-06    0.00000E+00    0.00000E+00    0.00000E+00    0.66334E-06    0.69281E-03    0.11518E-02    0.00000E+00    0.00000E+00    0.69281E-03    0.11518E-02    0.51906E-03    0.81167E-03    0.00000E+00    0.00000E+00    0.51906E-03    0.81167E-03
640  0    0.47951E-08    0.00000E+00    0.47951E-08    0.59657E-09    0.41985E-06    0.00000E+00    0.00000E+00    0.59657E-09    0.41985E-06    0.59769E-03    0.91636E-03    0.00000E+00    0.00000E+00    0.59769E-03    0.91636E-03    0.38059E-03    0.53288E-03    0.00000E+00    0.00000E+00    0.38059E-03    0.53288E-03    0.17897E-08    0.00000E+00    0.17897E-08    0.17897E-08    0.00000E+00    0.00000E+00    0.00000E+00    0.17897E-08    0.00000E+00    0.59828E-04    0.00000E+00    0.00000E+00    0.00000E+00    0.59828E-04    0.00000E+00    0.48991E-04    0.00000E+00    0.00000E+00    0.00000E+00    0.48991E-04    0.00000E+00    0.62978E-08    0.00000E+00    0.62978E-08    0.00000E+00    0.62978E-06    0.00000E+00    0.00000E+00    0.00000E+00    0.62978E-06    0.73080E-03    0.11223E-02    0.00000E+00    0.00000E+00    0.73080E-03    0.11223E-02    0.54638E-03    0.79932E-03    0.00000E+00    0.00000E+00    0.54638E-03    0.79932E-03
660  0    0.44031E-08    0.00000E+00    0.44031E-08    0.72212E-09    0.36810E-06    0.00000E+00    0.00000E+00    0.72212E-09    0.36810E-06    0.58070E-03    0.85802E-03    0.00000E+00    0.00000E+00    0.58070E-03    0.85802E-03    0.37902E-03    0.52267E-03    0.00000E+00    0.00000E+00    0.37902E-03    0.52267E-03    0.21664E-08    0.00000E+00    0.21664E-08    0.21664E-08    0.00000E+00    0.00000E+00    0.00000E+00    0.21664E-08    0.00000E+00    0.65823E-04    0.00000E+00    0.00000E+00    0.00000E+00    0.65823E-04    0.00000E+00    0.53365E-04    0.00000E+00    0.00000E+00    0.00000E+00    0.53365E-04    0.00000E+00    0.55215E-08    0.00000E+00    0.55215E-08    0.00000E+00    0.55215E-06    0.00000E+00    0.00000E+00    0.00000E+00    0.55215E-06    0.70969E-03    0.10509E-02    0.00000E+00    0.00000E+00    0.70969E-03    0.10509E-02    0.54185E-03    0.78400E-03    0.00000E+00    0.00000E+00    0.54185E-03    0.78400E-03
680  0    0.41860E-08    0.00000E+00    0.41860E-08    0.56313E-09    0.36229E-06    0.00000E+00    0.00000E+00    0.56313E-09    0.36229E-06    0.50352E-03    0.85122E-03    0.00000E+00    0.00000E+00    0.50352E-03    0.85122E-03    0.34177E-03    0.51079E-03    0.00000E+00    0.00000E+00    0.34177E-03    0.51079E-03    0.16894E-08    0.00000E+00    0.16894E-08    0.16894E-08    0.00000E+00    0.00000E+00    0.00000E+00    0.16894E-08    0.00000E+00    0.58127E-04    0.00000E+00    0.00000E+00    0.00000E+00    0.58127E-04    0.00000E+00    0.47689E-04    0.00000E+00    0.00000E+00    0.00000E+00    0.47689E-04    0.00000E+00    0.54344E-08    0.00000E+00    0.54344E-08    0.00000E+00    0.54344E-06    0.00000E+00    0.00000E+00    0.00000E+00    0.54344E-06    0.61531E-03    0.10425E-02    0.00000E+00    0.00000E+00    0.61531E-03    0.10425E-02    0.48881E-03    0.76618E-03    0.00000E+00    0.00000E+00    0.48881E-03    0.76618E-03
700  0    0.37721E-08    0.00000E+00    0.37721E-08    0.49895E-09    0.32732E-06    0.00000E+00    0.00000E+00    0.49895E-09    0.32732E-06    0.38868E-03    0.80909E-03    0.00000E+00    0.00000E+00    0.38868E-03    0.80909E-03    0.27368E-03    0.47074E-03    0.00000E+00    0.00000E+00    0.27368E-03    0.47074E-03    0.14968E-08    0.00000E+00    0.14968E-08    0.14968E-08    0.00000E+00    0.00000E+00    0.00000E+00    0.14968E-08    0.00000E+00    0.54714E-04    0.00000E+00    0.00000E+00    0.00000E+00    0.54714E-04    0.00000E+00    0.45470E-04    0.00000E+00    0.00000E+00    0.00000E+00    0.45470E-04    0.00000E+00    0.49097E-08    0.00000E+00    0.49097E-08    0.00000E+00    0.49097E-06    0.00000E+00    0.00000E+00    0.00000E+00    0.49097E-06    0.47446E-03    0.99093E-03    0.00000E+00    0.00000E+00    0.47446E-03    0.99093E-03    0.38778E-03    0.70611E-03    0.00000E+00    0.00000E+00    0.38778E-03    0.70611E-03
720  0    0.36977E-08    0.00000E+00    0.36977E-08    0.52840E-09    0.31693E-06    0.00000E+00    0.00000E+00    0.52840E-09    0.31693E-06    0.38093E-03    0.79615E-03    0.00000E+00    0.00000E+00    0.38093E-03    0.79615E-03    0.25813E-03    0.47154E-03    0.00000E+00    0.00000E+00    0.25813E-03    0.47154E-03    0.15852E-08    0.00000E+00    0.15852E-08    0.15852E-08    0.00000E+00    0.00000E+00    0.00000E+00    0.15852E-08    0.00000E+00    0.56306E-04    0.00000E+00    0.00000E+00    0.00000E+00    0.56306E-04    0.00000E+00    0.45586E-04    0.00000E+00    0.00000E+00    0.00000E+00    0.45586E-04    0.00000E+00    0.47540E-08    0.00000E+00    0.47540E-08    0.00000E+00    0.47540E-06    0.00000E+00    0.00000E+00    0.00000E+00    0.47540E-06    0.46484E-03    0.97508E-03    0.00000E+00    0.00000E+00    0.46484E-03    0.97508E-03    0.36440E-03    0.70730E-03    0.00000E+00    0.00000E+00    0.36440E-03    0.70730E-03
740  0    0.35997E-08    0.00000E+00    0.35997E-08    0.58130E-09    0.30184E-06    0.00000E+00    0.00000E+00    0.58130E-09    0.30184E-06    0.38952E-03    0.77697E-03    0.00000E+00    0.00000E+00    0.38952E-03    0.77697E-03    0.26778E-03    0.47140E-03    0.00000E+00    0.00000E+00    0.26778E-03    0.47140E-03    0.17439E-08    0.00000E+00    0.17439E-08    0.17439E-08    0.00000E+00    0.00000E+00    0.00000E+00    0.17439E-08    0.00000E+00    0.59058E-04    0.00000E+00    0.00000E+00    0.00000E+00    0.59058E-04    0.00000E+00    0.46053E-04    0.00000E+00    0.00000E+00    0.00000E+00    0.46053E-04    0.00000E+00    0.45277E-08    0.00000E+00    0.45277E-08    0.00000E+00    0.45277E-06    0.00000E+00    0.00000E+00    0.00000E+00    0.45277E-06    0.47523E-03    0.95159E-03    0.00000E+00    0.00000E+00    0.47523E-03    0.95159E-03    0.37864E-03    0.70710E-03    0.00000E+00    0.00000E+00    0.37864E-03    0.70710E-03
760  0    0.33587E-08    0.00000E+00    0.33587E-08    0.50632E-09    0.28524E-06    0.00000E+00    0.00000E+00    0.50632E-09    0.28524E-06    0.42049E-03    0.75530E-03    0.00000E+00    0.00000E+00    0.42049E-03    0.75530E-03    0.28353E-03    0.47458E-03    0.00000E+00    0.00000E+00    0.28353E-03    0.47458E-03    0.15190E-08    0.00000E+00    0.15190E-08    0.15190E-08    0.00000E+00    0.00000E+00    0.00000E+00    0.15190E-08    0.00000E+00    0.55117E-04    0.00000E+00    0.00000E+00    0.00000E+00    0.55117E-04    0.00000E+00    0.43793E-04    0.00000E+00    0.00000E+00    0.00000E+00    0.43793E-04    0.00000E+00    0.42786E-08    0.00000E+00    0.42786E-08    0.00000E+00    0.42786E-06    0.00000E+00    0.00000E+00    0.00000E+00    0.42786E-06    0.51352E-03    0.92505E-03    0.00000E+00    0.00000E+00    0.51352E-03    0.92505E-03    0.40339E-03    0.71186E-03    0.00000E+00    0.00000E+00    0.40339E-03    0.71186E-03
780  0    0.31623E-08    0.00000E+00    0.31623E-08    0.42243E-09    0.27399E-06    0.00000E+00    0.00000E+00    0.42243E-09    0.27399E-06    0.45532E-03    0.74025E-03    0.00000E+00    0.00000E+00    0.45532E-03    0.74025E-03    0.31104E-03    0.46235E-03    0.00000E+00    0.00000E+00    0.31104E-03    0.46235E-03    0.12673E-08    0.00000E+00    0.12673E-08    0.12673E-08    0.00000E+00    0.00000E+00    0.00000E+00    0.12673E-08    0.00000E+00    0.50345E-04    0.00000E+00    0.00000E+00    0.00000E+00    0.50345E-04    0.00000E+00    0.42086E-04    0.00000E+00    0.00000E+00    0.00000E+00    0.42086E-04    0.00000E+00    0.41098E-08    0.00000E+00    0.41098E-08    0.00000E+00    0.41098E-06    0.00000E+00    0.00000E+00    0.00000E+00    0.41098E-06    0.55651E-03    0.90662E-03    0.00000E+00    0.00000E+00    0.55651E-03    0.90662E-03    0.44551E-03    0.69352E-03    0.00000E+00    0.00000E+00    0.44551E-03    0.69352E-03
800  0    0.31100E-08    0.00000E+00    0.31100E-08    0.45785E-09    0.26521E-06    0.00000E+00    0.00000E+00    0.45785E-09    0.26521E-06    0.43531E-03    0.72831E-03    0.00000E+00    0.00000E+00    0.43531E-03    0.72831E-03    0.29777E-03    0.45172E-03    0.00000E+00    0.00000E+00    0.29777E-03    0.45172E-03    0.13736E-08    0.00000E+00    0.13736E-08    0.13736E-08    0.00000E+00    0.00000E+00    0.00000E+00    0.13736E-08    0.00000E+00    0.52413E-04    0.00000E+00    0.00000E+00    0.00000E+00    0.52413E-04    0.00000E+00    0.43334E-04    0.00000E+00    0.00000E+00    0.00000E+00    0.43334E-04    0.00000E+00    0.39782E-08    0.00000E+00    0.39782E-08    0.00000E+00    0.39782E-06    0.00000E+00    0.00000E+00    0.00000E+00    0.39782E-06    0.53185E-03    0.89199E-03    0.00000E+00    0.00000E+00    0.53185E-03    0.89199E-03    0.42498E-03    0.67758E-03    0.00000E+00    0.00000E+00    0.42498E-03    0.67758E-03
820  0    0.28734E-08    0.00000E+00    0.28734E-08    0.42165E-09    0.24518E-06    0.00000E+00    0.00000E+00    0.42165E-09    0.24518E-06    0.42319E-03    0.70026E-03    0.00000E+00    0.00000E+00    0.42319E-03    0.70026E-03    0.27686E-03    0.43317E-03    0.00000E+00    0.00000E+00    0.27686E-03    0.43317E-03    0.12650E-08    0.00000E+00    0.12650E-08    0.12650E-08    0.00000E+00    0.00000E+00    0.00000E+00    0.12650E-08    0.00000E+00    0.50298E-04    0.00000E+00    0.00000E+00    0.00000E+00    0.50298E-04    0.00000E+00    0.42447E-04    0.00000E+00    0.00000E+00    0.00000E+00    0.42447E-04    0.00000E+00    0.36777E-08    0.00000E+00    0.36777E-08    0.00000E+00    0.36777E-06    0.00000E+00    0.00000E+00    0.00000E+00    0.36777E-06    0.51707E-03    0.85763E-03    0.00000E+00    0.00000E+00    0.51707E-03    0.85763E-03    0.39407E-03    0.64976E-03    0.00000E+00    0.00000E+00    0.39407E-03    0.64976E-03
840  0    0.24069E-08    0.00000E+00    0.24069E-08    0.23907E-09    0.21678E-06    0.00000E+00    0.00000E+00    0.23907E-09    0.21678E-06    0.42410E-03    0.65846E-03    0.00000E+00    0.00000E+00    0.42410E-03    0.65846E-03    0.26959E-03    0.40429E-03    0.00000E+00    0.00000E+00    0.26959E-03    0.40429E-03    0.71720E-09    0.00000E+00    0.71720E-09    0.71720E-09    0.00000E+00    0.00000E+00    0.00000E+00    0.71720E-09    0.00000E+00    0.37873E-04    0.00000E+00    0.00000E+00    0.00000E+00    0.37873E-04    0.00000E+00    0.31409E-04    0.00000E+00    0.00000E+00    0.00000E+00    0.31409E-04    0.00000E+00    0.32518E-08    0.00000E+00    0.32518E-08    0.00000E+00    0.32518E-06    0.00000E+00    0.00000E+00    0.00000E+00    0.32518E-06    0.51873E-03    0.80645E-03    0.00000E+00    0.00000E+00    0.51873E-03    0.80645E-03    0.38868E-03    0.60643E-03    0.00000E+00    0.00000E+00    0.38868E-03    0.60643E-03
860  0    0.22920E-08    0.00000E+00    0.22920E-08    0.25395E-09    0.20381E-06    0.00000E+00    0.00000E+00    0.25395E-09    0.20381E-06    0.44779E-03    0.63844E-03    0.00000E+00    0.00000E+00    0.44779E-03    0.63844E-03    0.27983E-03    0.39603E-03    0.00000E+00    0.00000E+00    0.27983E-03    0.39603E-03    0.76185E-09    0.00000E+00    0.76185E-09    0.76185E-09    0.00000E+00    0.00000E+00    0.00000E+00    0.76185E-09    0.00000E+00    0.39035E-04    0.00000E+00    0.00000E+00    0.00000E+00    0.39035E-04    0.00000E+00    0.31843E-04    0.00000E+00    0.00000E+00    0.00000E+00    0.31843E-04    0.00000E+00    0.30571E-08    0.00000E+00    0.30571E-08    0.00000E+00    0.30571E-06    0.00000E+00    0.00000E+00    0.00000E+00    0.30571E-06    0.54774E-03    0.78193E-03    0.00000E+00    0.00000E+00    0.54774E-03    0.78193E-03    0.40383E-03    0.59404E-03    0.00000E+00    0.00000E+00    0.40383E-03    0.59404E-03
880  0    0.22750E-08    0.00000E+00    0.22750E-08    0.25724E-09    0.20177E-06    0.00000E+00    0.00000E+00    0.25724E-09    0.20177E-06    0.47525E-03    0.63525E-03    0.00000E+00    0.00000E+00    0.47525E-03    0.63525E-03    0.29316E-03    0.39821E-03    0.00000E+00    0.00000E+00    0.29316E-03    0.39821E-03    0.77171E-09    0.00000E+00    0.77171E-09    0.77171E-09    0.00000E+00    0.00000E+00    0.00000E+00    0.77171E-09    0.00000E+00    0.39286E-04    0.00000E+00    0.00000E+00    0.00000E+00    0.39286E-04    0.00000E+00    0.32596E-04    0.00000E+00    0.00000E+00    0.00000E+00    0.32596E-04    0.00000E+00    0.30266E-08    0.00000E+00    0.30266E-08    0.00000E+00    0.30266E-06    0.00000E+00    0.00000E+00    0.00000E+00    0.30266E-06    0.58140E-03    0.77802E-03    0.00000E+00    0.00000E+00    0.58140E-03    0.77802E-03    0.42344E-03    0.59731E-03    0.00000E+00    0.00000E+00    0.42344E-03    0.59731E-03
900  0    0.22168E-08    0.00000E+00    0.22168E-08    0.21147E-09    0.20053E-06    0.00000E+00    0.00000E+00    0.21147E-09    0.20053E-06    0.49740E-03    0.63330E-03    0.00000E+00    0.00000E+00    0.49740E-03    0.63330E-03    0.29761E-03    0.39179E-03    0.00000E+00    0.00000E+00    0.29761E-03    0.39179E-03    0.63441E-09    0.00000E+00    0.63441E-09    0.63441E-09    0.00000E+00    0.00000E+00    0.00000E+00    0.63441E-09    0.00000E+00    0.35620E-04    0.00000E+00    0.00000E+00    0.00000E+00    0.35620E-04    0.00000E+00    0.29173E-04    0.00000E+00    0.00000E+00    0.00000E+00    0.29173E-04    0.00000E+00    0.30080E-08    0.00000E+00    0.30080E-08    0.00000E+00    0.30080E-06    0.00000E+00    0.00000E+00    0.00000E+00    0.30080E-06    0.60867E-03    0.77563E-03    0.00000E+00    0.00000E+00    0.60867E-03    0.77563E-03    0.43183E-03    0.58769E-03    0.00000E+00    0.00000E+00    0.43183E-03    0.58769E-03
920  0    0.15085E-08    0.00000E+00    0.15085E-08    0.13537E-09    0.13731E-06    0.00000E+00    0.00000E+00    0.13537E-09    0.13731E-06    0.35660E-03    0.52404E-03    0.00000E+00    0.00000E+00    0.35660E-03    0.52404E-03    0.19915E-03    0.30269E-03    0.00000E+00    0.00000E+00    0.19915E-03    0.30269E-03    0.40611E-09    0.00000E+00    0.40611E-09    0.40611E-09    0.00000E+00    0.00000E+00    0.00000E+00    0.40611E-09    0.00000E+00    0.28499E-04    0.00000E+00    0.00000E+00    0.00000E+00    0.28499E-04    0.00000E+00    0.21757E-04    0.00000E+00    0.00000E+00    0.00000E+00    0.21757E-04    0.00000E+00    0.20597E-08    0.00000E+00    0.20597E-08    0.00000E+00    0.20597E-06    0.00000E+00    0.00000E+00    0.00000E+00    0.20597E-06    0.43628E-03    0.64182E-03    0.00000E+00    0.00000E+00    0.43628E-03    0.64182E-03    0.28785E-03    0.45404E-03    0.00000E+00    0.00000E+00    0.28785E-03    0.45404E-03
940  0    0.14266E-08    0.00000E+00    0.14266E-08    0.20775E-09    0.12189E-06    0.00000E+00    0.00000E+00    0.20775E-09    0.12189E-06    0.38011E-03    0.49374E-03    0.00000E+00    0.00000E+00    0.38011E-03    0.49374E-03    0.20449E-03    0.29114E-03    0.00000E+00    0.00000E+00    0.20449E-03    0.29114E-03    0.62324E-09    0.00000E+00    0.62324E-09    0.62324E-09    0.00000E+00    0.00000E+00    0.00000E+00    0.62324E-09    0.00000E+00    0.35306E-04    0.00000E+00    0.00000E+00    0.00000E+00    0.35306E-04    0.00000E+00    0.28129E-04    0.00000E+00    0.00000E+00    0.00000E+00    0.28129E-04    0.00000E+00    0.18283E-08    0.00000E+00    0.18283E-08    0.00000E+00    0.18283E-06    0.00000E+00    0.00000E+00    0.00000E+00    0.18283E-06    0.46487E-03    0.60470E-03    0.00000E+00    0.00000E+00    0.46487E-03    0.60470E-03    0.29268E-03    0.43672E-03    0.00000E+00    0.00000E+00    0.29268E-03    0.43672E-03
960  0    0.14150E-08    0.00000E+00    0.14150E-08    0.18597E-09    0.12291E-06    0.00000E+00    0.00000E+00    0.18597E-09    0.12291E-06    0.38740E-03    0.49580E-03    0.00000E+00    0.00000E+00    0.38740E-03    0.49580E-03    0.20765E-03    0.29127E-03    0.00000E+00    0.00000E+00    0.20765E-03    0.29127E-03    0.55790E-09    0.00000E+00    0.55790E-09    0.55790E-09    0.00000E+00    0.00000E+00    0.00000E+00    0.55790E-09    0.00000E+00    0.33404E-04    0.00000E+00    0.00000E+00    0.00000E+00    0.33404E-04    0.00000E+00    0.26954E-04    0.00000E+00    0.00000E+00    0.00000E+00    0.26954E-04    0.00000E+00    0.18436E-08    0.00000E+00    0.18436E-08    0.00000E+00    0.18436E-06    0.00000E+00    0.00000E+00    0.00000E+00    0.18436E-06    0.47387E-03    0.60722E-03    0.00000E+00    0.00000E+00    0.47387E-03    0.60722E-03    0.29799E-03    0.43691E-03    0.00000E+00    0.00000E+00    0.29799E-03    0.43691E-03
980  0    0.13873E-08    0.00000E+00    0.13873E-08    0.14754E-09    0.12398E-06    0.00000E+00    0.00000E+00    0.14754E-09    0.12398E-06    0.37652E-03    0.49796E-03    0.00000E+00    0.00000E+00    0.37652E-03    0.49796E-03    0.19763E-03    0.29611E-03    0.00000E+00    0.00000E+00    0.19763E-03    0.29611E-03    0.44261E-09    0.00000E+00    0.44261E-09    0.44261E-09    0.00000E+00    0.00000E+00    0.00000E+00    0.44261E-09    0.00000E+00    0.29753E-04    0.00000E+00    0.00000E+00    0.00000E+00    0.29753E-04    0.00000E+00    0.24050E-04    0.00000E+00    0.00000E+00    0.00000E+00    0.24050E-04    0.00000E+00    0.18597E-08    0.00000E+00    0.18597E-08    0.00000E+00    0.18597E-06    0.00000E+00    0.00000E+00    0.00000E+00    0.18597E-06    0.46066E-03    0.60987E-03    0.00000E+00    0.00000E+00    0.46066E-03    0.60987E-03    0.28443E-03    0.44417E-03    0.00000E+00    0.00000E+00    0.28443E-03    0.44417E-03
1000  0    0.13425E-08    0.00000E+00    0.13425E-08    0.15851E-09    0.11840E-06    0.00000E+00    0.00000E+00    0.15851E-09    0.11840E-06    0.35817E-03    0.48662E-03    0.00000E+00    0.00000E+00    0.35817E-03    0.48662E-03    0.19151E-03    0.29148E-03    0.00000E+00    0.00000E+00    0.19151E-03    0.29148E-03    0.47552E-09    0.00000E+00    0.47552E-09    0.47552E-09    0.00000E+00    0.00000E+00    0.00000E+00    0.47552E-09    0.00000E+00    0.30839E-04    0.00000E+00    0.00000E+00    0.00000E+00    0.30839E-04    0.00000E+00    0.24962E-04    0.00000E+00    0.00000E+00    0.00000E+00    0.24962E-04    0.00000E+00    0.17760E-08    0.00000E+00    0.17760E-08    0.00000E+00    0.17760E-06    0.00000E+00    0.00000E+00    0.00000E+00    0.17760E-06    0.43813E-03    0.59598E-03    0.00000E+00    0.00000E+00    0.43813E-03    0.59598E-03    0.27478E-03    0.43722E-03    0.00000E+00    0.00000E+00    0.27478E-03    0.43722E-03
1020  0    0.12627E-08    0.00000E+00    0.12627E-08    0.14110E-09    0.11216E-06    0.00000E+00    0.00000E+00    0.14110E-09    0.11216E-06    0.38397E-03    0.47362E-03    0.00000E+00    0.00000E+00    0.38397E-03    0.47362E-03    0.20143E-03    0.27917E-03    0.00000E+00    0.00000E+00    0.20143E-03    0.27917E-03    0.42330E-09    0.00000E+00    0.42330E-09    0.42330E-09    0.00000E+00    0.00000E+00    0.00000E+00    0.42330E-09    0.00000E+00    0.29097E-04    0.00000E+00    0.00000E+00    0.00000E+00    0.29097E-04    0.00000E+00    0.23177E-04    0.00000E+00    0.00000E+00    0.00000E+00    0.23177E-04    0.00000E+00    0.16824E-08    0.00000E+00    0.16824E-08    0.00000E+00    0.16824E-06    0.00000E+00    0.00000E+00    0.00000E+00    0.16824E-06    0.46981E-03    0.58006E-03    0.00000E+00    0.00000E+00    0.46981E-03    0.58006E-03    0.29055E-03    0.41876E-03    0.00000E+00    0.00000E+00    0.29055E-03    0.41876E-03
1040  0    0.12043E-08    0.00000E+00    0.12043E-08    0.13133E-09    0.10730E-06    0.00000E+00    0.00000E+00    0.13133E-09    0.10730E-06    0.35892E-03    0.46324E-03    0.00000E+00    0.00000E+00    0.35892E-03    0.46324E-03    0.20024E-03    0.26978E-03    0.00000E+00    0.00000E+00    0.20024E-03    0.26978E-03    0.39398E-09    0.00000E+00    0.39398E-09    0.39398E-09    0.00000E+00    0.00000E+00    0.00000E+00    0.39398E-09    0.00000E+00    0.28071E-04    0.00000E+00    0.00000E+00    0.00000E+00    0.28071E-04    0.00000E+00    0.23295E-04    0.00000E+00    0.00000E+00    0.00000E+00    0.23295E-04    0.00000E+00    0.16095E-08    0.00000E+00    0.16095E-08    0.00000E+00    0.16095E-06    0.00000E+00    0.00000E+00    0.00000E+00    0.16095E-06    0.43914E-03    0.56736E-03    0.00000E+00    0.00000E+00    0.43914E-03    0.56736E-03    0.28871E-03    0.40467E-03    0.00000E+00    0.00000E+00    0.28871E-03    0.40467E-03
1060  0    0.11606E-08    0.00000E+00    0.11606E-08    0.16682E-09    0.99381E-07    0.00000E+00    0.00000E+00    0.16682E-09    0.99381E-07    0.31572E-03    0.44583E-03    0.00000E+00    0.00000E+00    0.31572E-03    0.44583E-03    0.18890E-03    0.26200E-03    0.00000E+00    0.00000E+00    0.18890E-03    0.26200E-03    0.50046E-09    0.00000E+00    0.50046E-09    0.50046E-09    0.00000E+00    0.00000E+00    0.00000E+00    0.50046E-09    0.00000E+00    0.31637E-04    0.00000E+00    0.00000E+00    0.00000E+00    0.31637E-04    0.00000E+00    0.26360E-04    0.00000E+00    0.00000E+00    0.00000E+00    0.26360E-04    0.00000E+00    0.14907E-08    0.00000E+00    0.14907E-08    0.00000E+00    0.14907E-06    0.00000E+00    0.00000E+00    0.00000E+00    0.14907E-06    0.38603E-03    0.54602E-03    0.00000E+00    0.00000E+00    0.38603E-03    0.54602E-03    0.27017E-03    0.39300E-03    0.00000E+00    0.00000E+00    0.27017E-03    0.39300E-03
1080  0    0.11166E-08    0.00000E+00    0.11166E-08    0.14305E-09    0.97356E-07    0.00000E+00    0.00000E+00    0.14305E-09    0.97356E-07    0.27929E-03    0.44126E-03    0.00000E+00    0.00000E+00    0.27929E-03    0.44126E-03    0.17385E-03    0.26038E-03    0.00000E+00    0.00000E+00    0.17385E-03    0.26038E-03    0.42916E-09    0.00000E+00    0.42916E-09    0.42916E-09    0.00000E+00    0.00000E+00    0.00000E+00    0.42916E-09    0.00000E+00    0.29297E-04    0.00000E+00    0.00000E+00    0.00000E+00    0.29297E-04    0.00000E+00    0.24829E-04    0.00000E+00    0.00000E+00    0.00000E+00    0.24829E-04    0.00000E+00    0.14603E-08    0.00000E+00    0.14603E-08    0.00000E+00    0.14603E-06    0.00000E+00    0.00000E+00    0.00000E+00    0.14603E-06    0.34144E-03    0.54043E-03    0.00000E+00    0.00000E+00    0.34144E-03    0.54043E-03    0.24836E-03    0.39058E-03    0.00000E+00    0.00000E+00    0.24836E-03    0.39058E-03
1100  0    0.10940E-08    0.00000E+00    0.10940E-08    0.13642E-09    0.95753E-07    0.00000E+00    0.00000E+00    0.13642E-09    0.95753E-07    0.25816E-03    0.43761E-03    0.00000E+00    0.00000E+00    0.25816E-03    0.43761E-03    0.15934E-03    0.25756E-03    0.00000E+00    0.00000E+00    0.15934E-03    0.25756E-03    0.40927E-09    0.00000E+00    0.40927E-09    0.40927E-09    0.00000E+00    0.00000E+00    0.00000E+00    0.40927E-09    0.00000E+00    0.28610E-04    0.00000E+00    0.00000E+00    0.00000E+00    0.28610E-04    0.00000E+00    0.24661E-04    0.00000E+00    0.00000E+00    0.00000E+00    0.24661E-04    0.00000E+00    0.14363E-08    0.00000E+00    0.14363E-08    0.00000E+00    0.14363E-06    0.00000E+00    0.00000E+00    0.00000E+00    0.14363E-06    0.31553E-03    0.53596E-03    0.00000E+00    0.00000E+00    0.31553E-03    0.53596E-03    0.22668E-03    0.38633E-03    0.00000E+00    0.00000E+00    0.22668E-03    0.38633E-03
1120  0    0.10911E-08    0.00000E+00    0.10911E-08    0.13785E-09    0.95328E-07    0.00000E+00    0.00000E+00    0.13785E-09    0.95328E-07    0.26013E-03    0.43664E-03    0.00000E+00    0.00000E+00    0.26013E-03    0.43664E-03    0.16145E-03    0.25679E-03    0.00000E+00    0.00000E+00    0.16145E-03    0.25679E-03    0.41354E-09    0.00000E+00    0.41354E-09    0.41354E-09    0.00000E+00    0.00000E+00    0.00000E+00    0.41354E-09    0.00000E+00    0.28759E-04    0.00000E+00    0.00000E+00    0.00000E+00    0.28759E-04    0.00000E+00    0.24804E-04    0.00000E+00    0.00000E+00    0.00000E+00    0.24804E-04    0.00000E+00    0.14299E-08    0.00000E+00    0.14299E-08    0.00000E+00    0.14299E-06    0.00000E+00    0.00000E+00    0.00000E+00    0.14299E-06    0.31795E-03    0.53478E-03    0.00000E+00    0.00000E+00    0.31795E-03    0.53478E-03    0.22977E-03    0.38518E-03    0.00000E+00    0.00000E+00    0.22977E-03    0.38518E-03
1140  0    0.10823E-08    0.00000E+00    0.10823E-08    0.14825E-09    0.93406E-07    0.00000E+00    0.00000E+00    0.14825E-09    0.93406E-07    0.24308E-03    0.43222E-03    0.00000E+00    0.00000E+00    0.24308E-03    0.43222E-03    0.15257E-03    0.25525E-03    0.00000E+00    0.00000E+00    0.15257E-03    0.25525E-03    0.44475E-09    0.00000E+00    0.44475E-09    0.44475E-09    0.00000E+00    0.00000E+00    0.00000E+00    0.44475E-09    0.00000E+00    0.29825E-04    0.00000E+00    0.00000E+00    0.00000E+00    0.29825E-04    0.00000E+00    0.25592E-04    0.00000E+00    0.00000E+00    0.00000E+00    0.25592E-04    0.00000E+00    0.14011E-08    0.00000E+00    0.14011E-08    0.00000E+00    0.14011E-06    0.00000E+00    0.00000E+00    0.00000E+00    0.14011E-06    0.29697E-03    0.52936E-03    0.00000E+00    0.00000E+00    0.29697E-03    0.52936E-03    0.21606E-03    0.38287E-03    0.00000E+00    0.00000E+00    0.21606E-03    0.38287E-03
1160  0    0.10371E-08    0.00000E+00    0.10371E-08    0.13948E-09    0.89758E-07    0.00000E+00    0.00000E+00    0.13948E-09    0.89758E-07    0.27448E-03    0.42369E-03    0.00000E+00    0.00000E+00    0.27448E-03    0.42369E-03    0.16149E-03    0.25477E-03    0.00000E+00    0.00000E+00    0.16149E-03    0.25477E-03    0.41845E-09    0.00000E+00    0.41845E-09    0.41845E-09    0.00000E+00    0.00000E+00    0.00000E+00    0.41845E-09    0.00000E+00    0.28929E-04    0.00000E+00    0.00000E+00    0.00000E+00    0.28929E-04    0.00000E+00    0.24496E-04    0.00000E+00    0.00000E+00    0.00000E+00    0.24496E-04    0.00000E+00    0.13464E-08    0.00000E+00    0.13464E-08    0.00000E+00    0.13464E-06    0.00000E+00    0.00000E+00    0.00000E+00    0.13464E-06    0.33555E-03    0.51892E-03    0.00000E+00    0.00000E+00    0.33555E-03    0.51892E-03    0.22998E-03    0.38216E-03    0.00000E+00    0.00000E+00    0.22998E-03    0.38216E-03
1180  0    0.92797E-09    0.00000E+00    0.92797E-09    0.15771E-09    0.77026E-07    0.00000E+00    0.00000E+00    0.15771E-09    0.77026E-07    0.27243E-03    0.39249E-03    0.00000E+00    0.00000E+00    0.27243E-03    0.39249E-03    0.15108E-03    0.23716E-03    0.00000E+00    0.00000E+00    0.15108E-03    0.23716E-03    0.47313E-09    0.00000E+00    0.47313E-09    0.47313E-09    0.00000E+00    0.00000E+00    0.00000E+00    0.47313E-09    0.00000E+00    0.30761E-04    0.00000E+00    0.00000E+00    0.00000E+00    0.30761E-04    0.00000E+00    0.24763E-04    0.00000E+00    0.00000E+00    0.00000E+00    0.24763E-04    0.00000E+00    0.11554E-08    0.00000E+00    0.11554E-08    0.00000E+00    0.11554E-06    0.00000E+00    0.00000E+00    0.00000E+00    0.11554E-06    0.33295E-03    0.48071E-03    0.00000E+00    0.00000E+00    0.33295E-03    0.48071E-03    0.21423E-03    0.35574E-03    0.00000E+00    0.00000E+00    0.21423E-03    0.35574E-03
1200  0    0.86021E-09    0.00000E+00    0.86021E-09    0.11895E-09    0.74127E-07    0.00000E+00    0.00000E+00    0.11895E-09    0.74127E-07    0.24013E-03    0.38504E-03    0.00000E+00    0.00000E+00    0.24013E-03    0.38504E-03    0.13414E-03    0.22848E-03    0.00000E+00    0.00000E+00    0.13414E-03    0.22848E-03    0.35684E-09    0.00000E+00    0.35684E-09    0.35684E-09    0.00000E+00    0.00000E+00    0.00000E+00    0.35684E-09    0.00000E+00    0.26715E-04    0.00000E+00    0.00000E+00    0.00000E+00    0.26715E-04    0.00000E+00    0.22131E-04    0.00000E+00    0.00000E+00    0.00000E+00    0.22131E-04    0.00000E+00    0.11119E-08    0.00000E+00    0.11119E-08    0.00000E+00    0.11119E-06    0.00000E+00    0.00000E+00    0.00000E+00    0.11119E-06    0.29349E-03    0.47157E-03    0.00000E+00    0.00000E+00    0.29349E-03    0.47157E-03    0.19014E-03    0.34272E-03    0.00000E+00    0.00000E+00    0.19014E-03    0.34272E-03
1220  0    0.84181E-09    0.00000E+00    0.84181E-09    0.12367E-09    0.71814E-07    0.00000E+00    0.00000E+00    0.12367E-09    0.71814E-07    0.23747E-03    0.37898E-03    0.00000E+00    0.00000E+00    0.23747E-03    0.37898E-03    0.13357E-03    0.22715E-03    0.00000E+00    0.00000E+00    0.13357E-03    0.22715E-03    0.37100E-09    0.00000E+00    0.37100E-09    0.37100E-09    0.00000E+00    0.00000E+00    0.00000E+00    0.37100E-09    0.00000E+00    0.27240E-04    0.00000E+00    0.00000E+00    0.00000E+00    0.27240E-04    0.00000E+00    0.21575E-04    0.00000E+00    0.00000E+00    0.00000E+00    0.21575E-04    0.00000E+00    0.10772E-08    0.00000E+00    0.10772E-08    0.00000E+00    0.10772E-06    0.00000E+00    0.00000E+00    0.00000E+00    0.10772E-06    0.29020E-03    0.46416E-03    0.00000E+00    0.00000E+00    0.29020E-03    0.46416E-03    0.18956E-03    0.34072E-03    0.00000E+00    0.00000E+00    0.18956E-03    0.34072E-03
1240  0    0.83520E-09    0.00000E+00    0.83520E-09    0.11700E-09    0.71820E-07    0.00000E+00    0.00000E+00    0.11700E-09    0.71820E-07    0.24431E-03    0.37900E-03    0.00000E+00    0.00000E+00    0.24431E-03    0.37900E-03    0.13785E-03    0.22549E-03    0.00000E+00    0.00000E+00    0.13785E-03    0.22549E-03    0.35100E-09    0.00000E+00    0.35100E-09    0.35100E-09    0.00000E+00    0.00000E+00    0.00000E+00    0.35100E-09    0.00000E+00    0.26495E-04    0.00000E+00    0.00000E+00    0.00000E+00    0.26495E-04    0.00000E+00    0.20990E-04    0.00000E+00    0.00000E+00    0.00000E+00    0.20990E-04    0.00000E+00    0.10773E-08    0.00000E+00    0.10773E-08    0.00000E+00    0.10773E-06    0.00000E+00    0.00000E+00    0.00000E+00    0.10773E-06    0.29863E-03    0.46418E-03    0.00000E+00    0.00000E+00    0.29863E-03    0.46418E-03    0.19628E-03    0.33824E-03    0.00000E+00    0.00000E+00    0.19628E-03    0.33824E-03
1260  0    0.83202E-09    0.00000E+00    0.83202E-09    0.12451E-09    0.70751E-07    0.00000E+00    0.00000E+00    0.12451E-09    0.70751E-07    0.24786E-03    0.37617E-03    0.00000E+00    0.00000E+00    0.24786E-03    0.37617E-03    0.13924E-03    0.22440E-03    0.00000E+00    0.00000E+00    0.13924E-03    0.22440E-03    0.37354E-09    0.00000E+00    0.37354E-09    0.37354E-09    0.00000E+00    0.00000E+00    0.00000E+00    0.37354E-09    0.00000E+00    0.27333E-04    0.00000E+00    0.00000E+00    0.00000E+00    0.27333E-04    0.00000E+00    0.21404E-04    0.00000E+00    0.00000E+00    0.00000E+00    0.21404E-04    0.00000E+00    0.10613E-08    0.00000E+00    0.10613E-08    0.00000E+00    0.10613E-06    0.00000E+00    0.00000E+00    0.00000E+00    0.10613E-06    0.30295E-03    0.46071E-03    0.00000E+00    0.00000E+00    0.30295E-03    0.46071E-03    0.19816E-03    0.33660E-03    0.00000E+00    0.00000E+00    0.19816E-03    0.33660E-03
1280  0    0.82818E-09    0.00000E+00    0.82818E-09    0.13259E-09    0.69559E-07    0.00000E+00    0.00000E+00    0.13259E-09    0.69559E-07    0.24962E-03    0.37299E-03    0.00000E+00    0.00000E+00    0.24962E-03    0.37299E-03    0.13790E-03    0.22167E-03    0.00000E+00    0.00000E+00    0.13790E-03    0.22167E-03    0.39777E-09    0.00000E+00    0.39777E-09    0.39777E-09    0.00000E+00    0.00000E+00    0.00000E+00    0.39777E-09    0.00000E+00    0.28205E-04    0.00000E+00    0.00000E+00    0.00000E+00    0.28205E-04    0.00000E+00    0.21699E-04    0.00000E+00    0.00000E+00    0.00000E+00    0.21699E-04    0.00000E+00    0.10434E-08    0.00000E+00    0.10434E-08    0.00000E+00    0.10434E-06    0.00000E+00    0.00000E+00    0.00000E+00    0.10434E-06    0.30507E-03    0.45681E-03    0.00000E+00    0.00000E+00    0.30507E-03    0.45681E-03    0.19601E-03    0.33250E-03    0.00000E+00    0.00000E+00    0.19601E-03    0.33250E-03
1300  0    0.76821E-09    0.00000E+00    0.76821E-09    0.15849E-09    0.60972E-07    0.00000E+00    0.00000E+00    0.15849E-09    0.60972E-07    0.21592E-03    0.34920E-03    0.00000E+00    0.00000E+00    0.21592E-03    0.34920E-03    0.12521E-03    0.21342E-03    0.00000E+00    0.00000E+00    0.12521E-03    0.21342E-03    0.47548E-09    0.00000E+00    0.47548E-09    0.47548E-09    0.00000E+00    0.00000E+00    0.00000E+00    0.47548E-09    0.00000E+00    0.30838E-04    0.00000E+00    0.00000E+00    0.00000E+00    0.30838E-04    0.00000E+00    0.23576E-04    0.00000E+00    0.00000E+00    0.00000E+00    0.23576E-04    0.00000E+00    0.91458E-09    0.00000E+00    0.91458E-09    0.00000E+00    0.91458E-07    0.00000E+00    0.00000E+00    0.00000E+00    0.91458E-07    0.26355E-03    0.42769E-03    0.00000E+00    0.00000E+00    0.26355E-03    0.42769E-03    0.17603E-03    0.32013E-03    0.00000E+00    0.00000E+00    0.17603E-03    0.32013E-03
1320  0    0.70849E-09    0.00000E+00    0.70849E-09    0.13090E-09    0.57759E-07    0.00000E+00    0.00000E+00    0.13090E-09    0.57759E-07    0.24219E-03    0.33988E-03    0.00000E+00    0.00000E+00    0.24219E-03    0.33988E-03    0.14734E-03    0.21010E-03    0.00000E+00    0.00000E+00    0.14734E-03    0.21010E-03    0.39270E-09    0.00000E+00    0.39270E-09    0.39270E-09    0.00000E+00    0.00000E+00    0.00000E+00    0.39270E-09    0.00000E+00    0.28025E-04    0.00000E+00    0.00000E+00    0.00000E+00    0.28025E-04    0.00000E+00    0.21380E-04    0.00000E+00    0.00000E+00    0.00000E+00    0.21380E-04    0.00000E+00    0.86639E-09    0.00000E+00    0.86639E-09    0.00000E+00    0.86639E-07    0.00000E+00    0.00000E+00    0.00000E+00    0.86639E-07    0.29595E-03    0.41627E-03    0.00000E+00    0.00000E+00    0.29595E-03    0.41627E-03    0.21032E-03    0.31515E-03    0.00000E+00    0.00000E+00    0.21032E-03    0.31515E-03
1340  0    0.68435E-09    0.00000E+00    0.68435E-09    0.11286E-09    0.57148E-07    0.00000E+00    0.00000E+00    0.11286E-09    0.57148E-07    0.20638E-03    0.33808E-03    0.00000E+00    0.00000E+00    0.20638E-03    0.33808E-03    0.12963E-03    0.20708E-03    0.00000E+00    0.00000E+00    0.12963E-03    0.20708E-03    0.33859E-09    0.00000E+00    0.33859E-09    0.33859E-09    0.00000E+00    0.00000E+00    0.00000E+00    0.33859E-09    0.00000E+00    0.26023E-04    0.00000E+00    0.00000E+00    0.00000E+00    0.26023E-04    0.00000E+00    0.20713E-04    0.00000E+00    0.00000E+00    0.00000E+00    0.20713E-04    0.00000E+00    0.85723E-09    0.00000E+00    0.85723E-09    0.00000E+00    0.85723E-07    0.00000E+00    0.00000E+00    0.00000E+00    0.85723E-07    0.25210E-03    0.41406E-03    0.00000E+00    0.00000E+00    0.25210E-03    0.41406E-03    0.18409E-03    0.31062E-03    0.00000E+00    0.00000E+00    0.18409E-03    0.31062E-03
1360  0    0.66251E-09    0.00000E+00    0.66251E-09    0.14106E-09    0.52145E-07    0.00000E+00    0.00000E+00    0.14106E-09    0.52145E-07    0.18979E-03    0.32294E-03    0.00000E+00    0.00000E+00    0.18979E-03    0.32294E-03    0.11877E-03    0.19848E-03    0.00000E+00    0.00000E+00    0.11877E-03    0.19848E-03    0.42318E-09    0.00000E+00    0.42318E-09    0.42318E-09    0.00000E+00    0.00000E+00    0.00000E+00    0.42318E-09    0.00000E+00    0.29092E-04    0.00000E+00    0.00000E+00    0.00000E+00    0.29092E-04    0.00000E+00    0.22644E-04    0.00000E+00    0.00000E+00    0.00000E+00    0.22644E-04    0.00000E+00    0.78217E-09    0.00000E+00    0.78217E-09    0.00000E+00    0.78217E-07    0.00000E+00    0.00000E+00    0.00000E+00    0.78217E-07    0.23153E-03    0.39552E-03    0.00000E+00    0.00000E+00    0.23153E-03    0.39552E-03    0.16683E-03    0.29772E-03    0.00000E+00    0.00000E+00    0.16683E-03    0.29772E-03
1380  0    0.65410E-09    0.00000E+00    0.65410E-09    0.13924E-09    0.51485E-07    0.00000E+00    0.00000E+00    0.13924E-09    0.51485E-07    0.18777E-03    0.32089E-03    0.00000E+00    0.00000E+00    0.18777E-03    0.32089E-03    0.12068E-03    0.19553E-03    0.00000E+00    0.00000E+00    0.12068E-03    0.19553E-03    0.41773E-09    0.00000E+00    0.41773E-09    0.41773E-09    0.00000E+00    0.00000E+00    0.00000E+00    0.41773E-09    0.00000E+00    0.28904E-04    0.00000E+00    0.00000E+00    0.00000E+00    0.28904E-04    0.00000E+00    0.22535E-04    0.00000E+00    0.00000E+00    0.00000E+00    0.22535E-04    0.00000E+00    0.77228E-09    0.00000E+00    0.77228E-09    0.00000E+00    0.77228E-07    0.00000E+00    0.00000E+00    0.00000E+00    0.77228E-07    0.22906E-03    0.39301E-03    0.00000E+00    0.00000E+00    0.22906E-03    0.39301E-03    0.16975E-03    0.29330E-03    0.00000E+00    0.00000E+00    0.16975E-03    0.29330E-03
1400  0    0.63347E-09    0.00000E+00    0.63347E-09    0.11818E-09    0.51529E-07    0.00000E+00    0.00000E+00    0.11818E-09    0.51529E-07    0.19482E-03    0.32103E-03    0.00000E+00    0.00000E+00    0.19482E-03    0.32103E-03    0.12423E-03    0.19210E-03    0.00000E+00    0.00000E+00    0.12423E-03    0.19210E-03    0.35455E-09    0.00000E+00    0.35455E-09    0.35455E-09    0.00000E+00    0.00000E+00    0.00000E+00    0.35455E-09    0.00000E+00    0.26629E-04    0.00000E+00    0.00000E+00    0.00000E+00    0.26629E-04    0.00000E+00    0.21210E-04    0.00000E+00    0.00000E+00    0.00000E+00    0.21210E-04    0.00000E+00    0.77293E-09    0.00000E+00    0.77293E-09    0.00000E+00    0.77293E-07    0.00000E+00    0.00000E+00    0.00000E+00    0.77293E-07    0.23786E-03    0.39318E-03    0.00000E+00    0.00000E+00    0.23786E-03    0.39318E-03    0.17574E-03    0.28816E-03    0.00000E+00    0.00000E+00    0.17574E-03    0.28816E-03
1420  0    0.63018E-09    0.00000E+00    0.63018E-09    0.11207E-09    0.51811E-07    0.00000E+00    0.00000E+00    0.11207E-09    0.51811E-07    0.19804E-03    0.32190E-03    0.00000E+00    0.00000E+00    0.19804E-03    0.32190E-03    0.12571E-03    0.19338E-03    0.00000E+00    0.00000E+00    0.12571E-03    0.19338E-03    0.33622E-09    0.00000E+00    0.33622E-09    0.33622E-09    0.00000E+00    0.00000E+00    0.00000E+00    0.33622E-09    0.00000E+00    0.25932E-04    0.00000E+00    0.00000E+00    0.00000E+00    0.25932E-04    0.00000E+00    0.20709E-04    0.00000E+00    0.00000E+00    0.00000E+00    0.20709E-04    0.00000E+00    0.77716E-09    0.00000E+00    0.77716E-09    0.00000E+00    0.77716E-07    0.00000E+00    0.00000E+00    0.00000E+00    0.77716E-07    0.24185E-03    0.39425E-03    0.00000E+00    0.00000E+00    0.24185E-03    0.39425E-03    0.17821E-03    0.29007E-03    0.00000E+00    0.00000E+00    0.17821E-03    0.29007E-03
1440  0    0.62618E-09    0.00000E+00    0.62618E-09    0.11429E-09    0.51189E-07    0.00000E+00    0.00000E+00    0.11429E-09    0.51189E-07    0.19168E-03    0.31997E-03    0.00000E+00    0.00000E+00    0.19168E-03    0.31997E-03    0.12044E-03    0.19084E-03    0.00000E+00    0.00000E+00    0.12044E-03    0.19084E-03    0.34287E-09    0.00000E+00    0.34287E-09    0.34287E-09    0.00000E+00    0.00000E+00    0.00000E+00    0.34287E-09    0.00000E+00    0.26187E-04    0.00000E+00    0.00000E+00    0.00000E+00    0.26187E-04    0.00000E+00    0.20632E-04    0.00000E+00    0.00000E+00    0.00000E+00    0.20632E-04    0.00000E+00    0.76784E-09    0.00000E+00    0.76784E-09    0.00000E+00    0.76784E-07    0.00000E+00    0.00000E+00    0.00000E+00    0.76784E-07    0.23403E-03    0.39188E-03    0.00000E+00    0.00000E+00    0.23403E-03    0.39188E-03    0.17034E-03    0.28627E-03    0.00000E+00    0.00000E+00    0.17034E-03    0.28627E-03
1460  0    0.62138E-09    0.00000E+00    0.62138E-09    0.11286E-09    0.50851E-07    0.00000E+00    0.00000E+00    0.11286E-09    0.50851E-07    0.18814E-03    0.31891E-03    0.00000E+00    0.00000E+00    0.18814E-03    0.31891E-03    0.11698E-03    0.19172E-03    0.00000E+00    0.00000E+00    0.11698E-03    0.19172E-03    0.33858E-09    0.00000E+00    0.33858E-09    0.33858E-09    0.00000E+00    0.00000E+00    0.00000E+00    0.33858E-09    0.00000E+00    0.26022E-04    0.00000E+00    0.00000E+00    0.00000E+00    0.26022E-04    0.00000E+00    0.20185E-04    0.00000E+00    0.00000E+00    0.00000E+00    0.20185E-04    0.00000E+00    0.76277E-09    0.00000E+00    0.76277E-09    0.00000E+00    0.76277E-07    0.00000E+00    0.00000E+00    0.00000E+00    0.76277E-07    0.22969E-03    0.39058E-03    0.00000E+00    0.00000E+00    0.22969E-03    0.39058E-03    0.16538E-03    0.28757E-03    0.00000E+00    0.00000E+00    0.16538E-03    0.28757E-03
1480  0    0.61598E-09    0.00000E+00    0.61598E-09    0.11408E-09    0.50190E-07    0.00000E+00    0.00000E+00    0.11408E-09    0.50190E-07    0.18123E-03    0.31683E-03    0.00000E+00    0.00000E+00    0.18123E-03    0.31683E-03    0.11310E-03    0.18966E-03    0.00000E+00    0.00000E+00    0.11310E-03    0.18966E-03    0.34223E-09    0.00000E+00    0.34223E-09    0.34223E-09    0.00000E+00    0.00000E+00    0.00000E+00    0.34223E-09    0.00000E+00    0.26162E-04    0.00000E+00    0.00000E+00    0.00000E+00    0.26162E-04    0.00000E+00    0.19887E-04    0.00000E+00    0.00000E+00    0.00000E+00    0.19887E-04    0.00000E+00    0.75285E-09    0.00000E+00    0.75285E-09    0.00000E+00    0.75285E-07    0.00000E+00    0.00000E+00    0.00000E+00    0.75285E-07    0.22119E-03    0.38803E-03    0.00000E+00    0.00000E+00    0.22119E-03    0.38803E-03    0.15971E-03    0.28449E-03    0.00000E+00    0.00000E+00    0.15971E-03    0.28449E-03
1500  0    0.61493E-09    0.00000E+00    0.61493E-09    0.11288E-09    0.50205E-07    0.00000E+00    0.00000E+00    0.11288E-09    0.50205E-07    0.18429E-03    0.31687E-03    0.00000E+00    0.00000E+00    0.18429E-03    0.31687E-03    0.11749E-03    0.19012E-03    0.00000E+00    0.00000E+00    0.11749E-03    0.19012E-03    0.33864E-09    0.00000E+00    0.33864E-09    0.33864E-09    0.00000E+00    0.00000E+00    0.00000E+00    0.33864E-09    0.00000E+00    0.26025E-04    0.00000E+00    0.00000E+00    0.00000E+00    0.26025E-04    0.00000E+00    0.19919E-04    0.00000E+00    0.00000E+00    0.00000E+00    0.19919E-04    0.00000E+00    0.75307E-09    0.00000E+00    0.75307E-09    0.00000E+00    0.75307E-07    0.00000E+00    0.00000E+00    0.00000E+00    0.75307E-07    0.22495E-03    0.38809E-03    0.00000E+00    0.00000E+00    0.22495E-03    0.38809E-03    0.16628E-03    0.28519E-03    0.00000E+00    0.00000E+00    0.16628E-03    0.28519E-03
1520  0    0.61485E-09    0.00000E+00    0.61485E-09    0.11283E-09    0.50202E-07    0.00000E+00    0.00000E+00    0.11283E-09    0.50202E-07    0.18407E-03    0.31687E-03    0.00000E+00    0.00000E+00    0.18407E-03    0.31687E-03    0.11732E-03    0.19008E-03    0.00000E+00    0.00000E+00    0.11732E-03    0.19008E-03    0.33850E-09    0.00000E+00    0.33850E-09    0.33850E-09    0.00000E+00    0.00000E+00    0.00000E+00    0.33850E-09    0.00000E+00    0.26019E-04    0.00000E+00    0.00000E+00    0.00000E+00    0.26019E-04    0.00000E+00    0.19915E-04    0.00000E+00    0.00000E+00    0.00000E+00    0.19915E-04    0.00000E+00    0.75303E-09    0.00000E+00    0.75303E-09    0.00000E+00    0.75303E-07    0.00000E+00    0.00000E+00    0.00000E+00    0.75303E-07    0.22469E-03    0.38808E-03    0.00000E+00    0.00000E+00    0.22469E-03    0.38808E-03    0.16602E-03    0.28512E-03    0.00000E+00    0.00000E+00    0.16602E-03    0.28512E-03
1540  0    0.61479E-09    0.00000E+00    0.61479E-09    0.11272E-09    0.50206E-07    0.00000E+00    0.00000E+00    0.11272E-09    0.50206E-07    0.18390E-03    0.31688E-03    0.00000E+00    0.00000E+00    0.18390E-03    0.31688E-03    0.11720E-03    0.19006E-03    0.00000E+00    0.00000E+00    0.11720E-03    0.19006E-03    0.33817E-09    0.00000E+00    0.33817E-09    0.33817E-09    0.00000E+00    0.00000E+00    0.00000E+00    0.33817E-09    0.00000E+00    0.26007E-04    0.00000E+00    0.00000E+00    0.00000E+00    0.26007E-04    0.00000E+00    0.19909E-04    0.00000E+00    0.00000E+00    0.00000E+00    0.19909E-04    0.00000E+00    0.75310E-09    0.00000E+00    0.75310E-09    0.00000E+00    0.75310E-07    0.00000E+00    0.00000E+00    0.00000E+00    0.75310E-07    0.22448E-03    0.38810E-03    0.00000E+00    0.00000E+00    0.22448E-03    0.38810E-03    0.16584E-03    0.28509E-03    0.00000E+00    0.00000E+00    0.16584E-03    0.28509E-03
1560  0    0.61473E-09    0.00000E+00    0.61473E-09    0.11261E-09    0.50212E-07    0.00000E+00    0.00000E+00    0.11261E-09    0.50212E-07    0.18376E-03    0.31690E-03    0.00000E+00    0.00000E+00    0.18376E-03    0.31690E-03    0.11710E-03    0.19005E-03    0.00000E+00    0.00000E+00    0.11710E-03    0.19005E-03    0.33783E-09    0.00000E+00    0.33783E-09    0.33783E-09    0.00000E+00    0.00000E+00    0.00000E+00    0.33783E-09    0.00000E+00    0.25993E-04    0.00000E+00    0.00000E+00    0.00000E+00    0.25993E-04    0.00000E+00    0.19903E-04    0.00000E+00    0.00000E+00    0.00000E+00    0.19903E-04    0.00000E+00    0.75318E-09    0.00000E+00    0.75318E-09    0.00000E+00    0.75318E-07    0.00000E+00    0.00000E+00    0.00000E+00    0.75318E-07    0.22430E-03    0.38812E-03    0.00000E+00    0.00000E+00    0.22430E-03    0.38812E-03    0.16569E-03    0.28507E-03    0.00000E+00    0.00000E+00    0.16569E-03    0.28507E-03
1580  0    0.61467E-09    0.00000E+00    0.61467E-09    0.11250E-09    0.50217E-07    0.00000E+00    0.00000E+00    0.11250E-09    0.50217E-07    0.18362E-03    0.31691E-03    0.00000E+00    0.00000E+00    0.18362E-03    0.31691E-03    0.11701E-03    0.19004E-03    0.00000E+00    0.00000E+00    0.11701E-03    0.19004E-03    0.33751E-09    0.00000E+00    0.33751E-09    0.33751E-09    0.00000E+00    0.00000E+00    0.00000E+00    0.33751E-09    0.00000E+00    0.25981E-04    0.00000E+00    0.00000E+00    0.00000E+00    0.25981E-04    0.00000E+00    0.19898E-04    0.00000E+00    0.00000E+00    0.00000E+00    0.19898E-04    0.00000E+00    0.75325E-09    0.00000E+00    0.75325E-09    0.00000E+00    0.75325E-07    0.00000E+00    0.00000E+00    0.00000E+00    0.75325E-07    0.22414E-03    0.38814E-03    0.00000E+00    0.00000E+00    0.22414E-03    0.38814E-03    0.16556E-03    0.28506E-03    0.00000E+00    0.00000E+00    0.16556E-03    0.28506E-03
1600  0    0.61462E-09    0.00000E+00    0.61462E-09    0.11240E-09    0.50221E-07    0.00000E+00    0.00000E+00    0.11240E-09    0.50221E-07    0.18350E-03    0.31693E-03    0.00000E+00    0.00000E+00    0.18350E-03    0.31693E-03    0.11693E-03    0.19003E-03    0.00000E+00    0.00000E+00    0.11693E-03    0.19003E-03    0.33721E-09    0.00000E+00    0.33721E-09    0.33721E-09    0.00000E+00    0.00000E+00    0.00000E+00    0.33721E-09    0.00000E+00    0.25970E-04    0.00000E+00    0.00000E+00    0.00000E+00    0.25970E-04    0.00000E+00    0.19894E-04    0.00000E+00    0.00000E+00    0.00000E+00    0.19894E-04    0.00000E+00    0.75332E-09    0.00000E+00    0.75332E-09    0.00000E+00    0.75332E-07    0.00000E+00    0.00000E+00    0.00000E+00    0.75332E-07    0.22399E-03    0.38815E-03    0.00000E+00    0.00000E+00    0.22399E-03    0.38815E-03    0.16545E-03    0.28504E-03    0.00000E+00    0.00000E+00    0.16545E-03    0.28504E-03
1620  0    0.61456E-09    0.00000E+00    0.61456E-09    0.11232E-09    0.50225E-07    0.00000E+00    0.00000E+00    0.11232E-09    0.50225E-07    0.18339E-03    0.31694E-03    0.00000E+00    0.00000E+00    0.18339E-03    0.31694E-03    0.11686E-03    0.19002E-03    0.00000E+00    0.00000E+00    0.11686E-03    0.19002E-03    0.33695E-09    0.00000E+00    0.33695E-09    0.33695E-09    0.00000E+00    0.00000E+00    0.00000E+00    0.33695E-09    0.00000E+00    0.25960E-04    0.00000E+00    0.00000E+00    0.00000E+00    0.25960E-04    0.00000E+00    0.19890E-04    0.00000E+00    0.00000E+00    0.00000E+00    0.19890E-04    0.00000E+00    0.75337E-09    0.00000E+00    0.75337E-09    0.00000E+00    0.75337E-07    0.00000E+00    0.00000E+00    0.00000E+00    0.75337E-07    0.22386E-03    0.38817E-03    0.00000E+00    0.00000E+00    0.22386E-03    0.38817E-03    0.16534E-03    0.28503E-03    0.00000E+00    0.00000E+00    0.16534E-03    0.28503E-03
1640  0    0.61451E-09    0.00000E+00    0.61451E-09    0.11224E-09    0.50228E-07    0.00000E+00    0.00000E+00    0.11224E-09    0.50228E-07    0.18329E-03    0.31695E-03    0.00000E+00    0.00000E+00    0.18329E-03    0.31695E-03    0.11679E-03    0.19001E-03    0.00000E+00    0.00000E+00    0.11679E-03    0.19001E-03    0.33671E-09    0.00000E+00    0.33671E-09    0.33671E-09    0.00000E+00    0.00000E+00    0.00000E+00    0.33671E-09    0.00000E+00    0.25950E-04    0.00000E+00    0.00000E+00    0.00000E+00    0.25950E-04    0.00000E+00    0.19886E-04    0.00000E+00    0.00000E+00    0.00000E+00    0.19886E-04    0.00000E+00    0.75342E-09    0.00000E+00    0.75342E-09    0.00000E+00    0.75342E-07    0.00000E+00    0.00000E+00    0.00000E+00    0.75342E-07    0.22373E-03    0.38818E-03    0.00000E+00    0.00000E+00    0.22373E-03    0.38818E-03    0.16525E-03    0.28502E-03    0.00000E+00    0.00000E+00    0.16525E-03    0.28502E-03
1660  0    0.61447E-09    0.00000E+00    0.61447E-09    0.11216E-09    0.50230E-07    0.00000E+00    0.00000E+00    0.11216E-09    0.50230E-07    0.18320E-03    0.31695E-03    0.00000E+00    0.00000E+00    0.18320E-03    0.31695E-03    0.11674E-03    0.19000E-03    0.00000E+00    0.00000E+00    0.11674E-03    0.19000E-03    0.33649E-09    0.00000E+00    0.33649E-09    0.33649E-09    0.00000E+00    0.00000E+00    0.00000E+00    0.33649E-09    0.00000E+00    0.25942E-04    0.00000E+00    0.00000E+00    0.00000E+00    0.25942E-04    0.00000E+00    0.19883E-04    0.00000E+00    0.00000E+00    0.00000E+00    0.19883E-04    0.00000E+00    0.75345E-09    0.00000E+00    0.75345E-09    0.00000E+00    0.75345E-07    0.00000E+00    0.00000E+00    0.00000E+00    0.75345E-07    0.22362E-03    0.38819E-03    0.00000E+00    0.00000E+00    0.22362E-03    0.38819E-03    0.16517E-03    0.28500E-03    0.00000E+00    0.00000E+00    0.16517E-03    0.28500E-03
1680  0    0.61442E-09    0.00000E+00    0.61442E-09    0.11210E-09    0.50232E-07    0.00000E+00    0.00000E+00    0.11210E-09    0.50232E-07    0.18312E-03    0.31696E-03    0.00000E+00    0.00000E+00    0.18312E-03    0.31696E-03    0.11669E-03    0.18999E-03    0.00000E+00    0.00000E+00    0.11669E-03    0.18999E-03    0.33629E-09    0.00000E+00    0.33629E-09    0.33629E-09    0.00000E+00    0.00000E+00    0.00000E+00    0.33629E-09    0.00000E+00    0.25934E-04    0.00000E+00    0.00000E+00    0.00000E+00    0.25934E-04    0.00000E+00    0.19880E-04    0.00000E+00    0.00000E+00    0.00000E+00    0.19880E-04    0.00000E+00    0.75348E-09    0.00000E+00    0.75348E-09    0.00000E+00    0.75348E-07    0.00000E+00    0.00000E+00    0.00000E+00    0.75348E-07    0.22352E-03    0.38820E-03    0.00000E+00    0.00000E+00    0.22352E-03    0.38820E-03    0.16509E-03    0.28499E-03    0.00000E+00    0.00000E+00    0.16509E-03    0.28499E-03
1700  0    0.61437E-09    0.00000E+00    0.61437E-09    0.11203E-09    0.50234E-07    0.00000E+00    0.00000E+00    0.11203E-09    0.50234E-07    0.18305E-03    0.31697E-03    0.00000E+00    0.00000E+00    0.18305E-03    0.31697E-03    0.11664E-03    0.18999E-03    0.00000E+00    0.00000E+00    0.11664E-03    0.18999E-03    0.33610E-09    0.00000E+00    0.33610E-09    0.33610E-09    0.00000E+00    0.00000E+00    0.00000E+00    0.33610E-09    0.00000E+00    0.25927E-04    0.00000E+00    0.00000E+00    0.00000E+00    0.25927E-04    0.00000E+00    0.19877E-04    0.00000E+00    0.00000E+00    0.00000E+00    0.19877E-04    0.00000E+00    0.75351E-09    0.00000E+00    0.75351E-09    0.00000E+00    0.75351E-07    0.00000E+00    0.00000E+00    0.00000E+00    0.75351E-07    0.22343E-03    0.38820E-03    0.00000E+00    0.00000E+00    0.22343E-03    0.38820E-03    0.16503E-03    0.28498E-03    0.00000E+00    0.00000E+00    0.16503E-03    0.28498E-03
1720  0    0.61433E-09    0.00000E+00    0.61433E-09    0.11198E-09    0.50235E-07    0.00000E+00    0.00000E+00    0.11198E-09    0.50235E-07    0.18298E-03    0.31697E-03    0.00000E+00    0.00000E+00    0.18298E-03    0.31697E-03    0.11660E-03    0.18998E-03    0.00000E+00    0.00000E+00    0.11660E-03    0.18998E-03    0.33593E-09    0.00000E+00    0.33593E-09    0.33593E-09    0.00000E+00    0.00000E+00    0.00000E+00    0.33593E-09    0.00000E+00    0.25920E-04    0.00000E+00    0.00000E+00    0.00000E+00    0.25920E-04    0.00000E+00    0.19875E-04    0.00000E+00    0.00000E+00    0.00000E+00    0.19875E-04    0.00000E+00    0.75352E-09    0.00000E+00    0.75352E-09    0.00000E+00    0.75352E-07    0.00000E+00    0.00000E+00    0.00000E+00    0.75352E-07    0.22335E-03    0.38821E-03    0.00000E+00    0.00000E+00    0.22335E-03    0.38821E-03    0.16497E-03    0.28497E-03    0.00000E+00    0.00000E+00    0.16497E-03    0.28497E-03
1740  0    0.61428E-09    0.00000E+00    0.61428E-09    0.11192E-09    0.50236E-07    0.00000E+00    0.00000E+00    0.11192E-09    0.50236E-07    0.18292E-03    0.31697E-03    0.00000E+00    0.00000E+00    0.18292E-03    0.31697E-03    0.11657E-03    0.18997E-03    0.00000E+00    0.00000E+00    0.11657E-03    0.18997E-03    0.33577E-09    0.00000E+00    0.33577E-09    0.33577E-09    0.00000E+00    0.00000E+00    0.00000E+00    0.33577E-09    0.00000E+00    0.25914E-04    0.00000E+00    0.00000E+00    0.00000E+00    0.25914E-04    0.00000E+00    0.19873E-04    0.00000E+00    0.00000E+00    0.00000E+00    0.19873E-04    0.00000E+00    0.75354E-09    0.00000E+00    0.75354E-09    0.00000E+00    0.75354E-07    0.00000E+00    0.00000E+00    0.00000E+00    0.75354E-07    0.22328E-03    0.38821E-03    0.00000E+00    0.00000E+00    0.22328E-03    0.38821E-03    0.16491E-03    0.28496E-03    0.00000E+00    0.00000E+00    0.16491E-03    0.28496E-03
1760  0    0.61424E-09    0.00000E+00    0.61424E-09    0.11187E-09    0.50236E-07    0.00000E+00    0.00000E+00    0.11187E-09    0.50236E-07    0.18287E-03    0.31697E-03    0.00000E+00    0.00000E+00    0.18287E-03    0.31697E-03    0.11653E-03    0.18997E-03    0.00000E+00    0.00000E+00    0.11653E-03    0.18997E-03    0.33562E-09    0.00000E+00    0.33562E-09    0.33562E-09    0.00000E+00    0.00000E+00    0.00000E+00    0.33562E-09    0.00000E+00    0.25908E-04    0.00000E+00    0.00000E+00    0.00000E+00    0.25908E-04    0.00000E+00    0.19871E-04    0.00000E+00    0.00000E+00    0.00000E+00    0.19871E-04    0.00000E+00    0.75354E-09    0.00000E+00    0.75354E-09    0.00000E+00    0.75354E-07    0.00000E+00    0.00000E+00    0.00000E+00    0.75354E-07    0.22322E-03    0.38821E-03    0.00000E+00    0.00000E+00    0.22322E-03    0.38821E-03    0.16487E-03    0.28495E-03    0.00000E+00    0.00000E+00    0.16487E-03    0.28495E-03
1780  0    0.61419E-09    0.00000E+00    0.61419E-09    0.11183E-09    0.50237E-07    0.00000E+00    0.00000E+00    0.11183E-09    0.50237E-07    0.18282E-03    0.31697E-03    0.00000E+00    0.00000E+00    0.18282E-03    0.31697E-03    0.11651E-03    0.18996E-03    0.00000E+00    0.00000E+00    0.11651E-03    0.18996E-03    0.33548E-09    0.00000E+00    0.33548E-09    0.33548E-09    0.00000E+00    0.00000E+00    0.00000E+00    0.33548E-09    0.00000E+00    0.25903E-04    0.00000E+00    0.00000E+00    0.00000E+00    0.25903E-04    0.00000E+00    0.19869E-04    0.00000E+00    0.00000E+00    0.00000E+00    0.19869E-04    0.00000E+00    0.75355E-09    0.00000E+00    0.75355E-09    0.00000E+00    0.75355E-07    0.00000E+00    0.00000E+00    0.00000E+00    0.75355E-07    0.22316E-03    0.38821E-03    0.00000E+00    0.00000E+00    0.22316E-03    0.38821E-03    0.16482E-03    0.28494E-03    0.00000E+00    0.00000E+00    0.16482E-03    0.28494E-03
1800  0    0.61415E-09    0.00000E+00    0.61415E-09    0.11178E-09    0.50237E-07    0.00000E+00    0.00000E+00    0.11178E-09    0.50237E-07    0.18278E-03    0.31698E-03    0.00000E+00    0.00000E+00    0.18278E-03    0.31698E-03    0.11648E-03    0.18995E-03    0.00000E+00    0.00000E+00    0.11648E-03    0.18995E-03    0.33535E-09    0.00000E+00    0.33535E-09    0.33535E-09    0.00000E+00    0.00000E+00    0.00000E+00    0.33535E-09    0.00000E+00    0.25898E-04    0.00000E+00    0.00000E+00    0.00000E+00    0.25898E-04    0.00000E+00    0.19867E-04    0.00000E+00    0.00000E+00    0.00000E+00    0.19867E-04    0.00000E+00    0.75355E-09    0.00000E+00    0.75355E-09    0.00000E+00    0.75355E-07    0.00000E+00    0.00000E+00    0.00000E+00    0.75355E-07    0.22310E-03    0.38821E-03    0.00000E+00    0.00000E+00    0.22310E-03    0.38821E-03    0.16479E-03    0.28493E-03    0.00000E+00    0.00000E+00    0.16479E-03    0.28493E-03
1820  0    0.61411E-09    0.00000E+00    0.61411E-09    0.11174E-09    0.50236E-07    0.00000E+00    0.00000E+00    0.11174E-09    0.50236E-07    0.18274E-03    0.31697E-03    0.00000E+00    0.00000E+00    0.18274E-03    0.31697E-03    0.11646E-03    0.18995E-03    0.00000E+00    0.00000E+00    0.11646E-03    0.18995E-03    0.33523E-09    0.00000E+00    0.33523E-09    0.33523E-09    0.00000E+00    0.00000E+00    0.00000E+00    0.33523E-09    0.00000E+00    0.25893E-04    0.00000E+00    0.00000E+00    0.00000E+00    0.25893E-04    0.00000E+00    0.19866E-04    0.00000E+00    0.00000E+00    0.00000E+00    0.19866E-04    0.00000E+00    0.75355E-09    0.00000E+00    0.75355E-09    0.00000E+00    0.75355E-07    0.00000E+00    0.00000E+00    0.00000E+00    0.75355E-07    0.22306E-03    0.38821E-03    0.00000E+00    0.00000E+00    0.22306E-03    0.38821E-03    0.16475E-03    0.28492E-03    0.00000E+00    0.00000E+00    0.16475E-03    0.28492E-03
1840  0    0.61407E-09    0.00000E+00    0.61407E-09    0.11171E-09    0.50236E-07    0.00000E+00    0.00000E+00    0.11171E-09    0.50236E-07    0.18270E-03    0.31697E-03    0.00000E+00    0.00000E+00    0.18270E-03    0.31697E-03    0.11644E-03    0.18994E-03    0.00000E+00    0.00000E+00    0.11644E-03    0.18994E-03    0.33512E-09    0.00000E+00    0.33512E-09    0.33512E-09    0.00000E+00    0.00000E+00    0.00000E+00    0.33512E-09    0.00000E+00    0.25889E-04    0.00000E+00    0.00000E+00    0.00000E+00    0.25889E-04    0.00000E+00    0.19864E-04    0.00000E+00    0.00000E+00    0.00000E+00    0.19864E-04    0.00000E+00    0.75354E-09    0.00000E+00    0.75354E-09    0.00000E+00    0.75354E-07    0.00000E+00    0.00000E+00    0.00000E+00    0.75354E-07    0.22301E-03    0.38821E-03    0.00000E+00    0.00000E+00    0.22301E-03    0.38821E-03    0.16472E-03    0.28492E-03    0.00000E+00    0.00000E+00    0.16472E-03    0.28492E-03
1860  0    0.61402E-09    0.00000E+00    0.61402E-09    0.11167E-09    0.50236E-07    0.00000E+00    0.00000E+00    0.11167E-09    0.50236E-07    0.18267E-03    0.31697E-03    0.00000E+00    0.00000E+00    0.18267E-03    0.31697E-03    0.11642E-03    0.18994E-03    0.00000E+00    0.00000E+00    0.11642E-03    0.18994E-03    0.33501E-09    0.00000E+00    0.33501E-09    0.33501E-09    0.00000E+00    0.00000E+00    0.00000E+00    0.33501E-09    0.00000E+00    0.25885E-04    0.00000E+00    0.00000E+00    0.00000E+00    0.25885E-04    0.00000E+00    0.19863E-04    0.00000E+00    0.00000E+00    0.00000E+00    0.19863E-04    0.00000E+00    0.75353E-09    0.00000E+00    0.75353E-09    0.00000E+00    0.75353E-07    0.00000E+00    0.00000E+00    0.00000E+00    0.75353E-07    0.22298E-03    0.38821E-03    0.00000E+00    0.00000E+00    0.22298E-03    0.38821E-03    0.16469E-03    0.28491E-03    0.00000E+00    0.00000E+00    0.16469E-03    0.28491E-03
1880  0    0.61398E-09    0.00000E+00    0.61398E-09    0.11163E-09    0.50235E-07    0.00000E+00    0.00000E+00    0.11163E-09    0.50235E-07    0.18264E-03    0.31697E-03    0.00000E+00    0.00000E+00    0.18264E-03    0.31697E-03    0.11640E-03    0.18994E-03    0.00000E+00    0.00000E+00    0.11640E-03    0.18994E-03    0.33490E-09    0.00000E+00    0.33490E-09    0.33490E-09    0.00000E+00    0.00000E+00    0.00000E+00    0.33490E-09    0.00000E+00    0.25881E-04    0.00000E+00    0.00000E+00    0.00000E+00    0.25881E-04    0.00000E+00    0.19861E-04    0.00000E+00    0.00000E+00    0.00000E+00    0.19861E-04    0.00000E+00    0.75352E-09    0.00000E+00    0.75352E-09    0.00000E+00    0.75352E-07    0.00000E+00    0.00000E+00    0.00000E+00    0.75352E-07    0.22294E-03    0.38821E-03    0.00000E+00    0.00000E+00    0.22294E-03    0.38821E-03    0.16467E-03    0.28490E-03    0.00000E+00    0.00000E+00    0.16467E-03    0.28490E-03
1900  0    0.61394E-09    0.00000E+00    0.61394E-09    0.11160E-09    0.50234E-07    0.00000E+00    0.00000E+00    0.11160E-09    0.50234E-07    0.18262E-03    0.31697E-03    0.00000E+00    0.00000E+00    0.18262E-03    0.31697E-03    0.11638E-03    0.18993E-03    0.00000E+00    0.00000E+00    0.11638E-03    0.18993E-03    0.33480E-09    0.00000E+00    0.33480E-09    0.33480E-09    0.00000E+00    0.00000E+00    0.00000E+00    0.33480E-09    0.00000E+00    0.25877E-04    0.00000E+00    0.00000E+00    0.00000E+00    0.25877E-04    0.00000E+00    0.19860E-04    0.00000E+00    0.00000E+00    0.00000E+00    0.19860E-04    0.00000E+00    0.75351E-09    0.00000E+00    0.75351E-09    0.00000E+00    0.75351E-07    0.00000E+00    0.00000E+00    0.00000E+00    0.75351E-07    0.22291E-03    0.38820E-03    0.00000E+00    0.00000E+00    0.22291E-03    0.38820E-03    0.16465E-03    0.28490E-03    0.00000E+00    0.00000E+00    0.16465E-03    0.28490E-03
1920  0    0.61390E-09    0.00000E+00    0.61390E-09    0.11157E-09    0.50233E-07    0.00000E+00    0.00000E+00    0.11157E-09    0.50233E-07    0.18259E-03    0.31696E-03    0.00000E+00    0.00000E+00    0.18259E-03    0.31696E-03    0.11637E-03    0.18993E-03    0.00000E+00    0.00000E+00    0.11637E-03    0.18993E-03    0.33471E-09    0.00000E+00    0.33471E-09    0.33471E-09    0.00000E+00    0.00000E+00    0.00000E+00    0.33471E-09    0.00000E+00    0.25873E-04    0.00000E+00    0.00000E+00    0.00000E+00    0.25873E-04    0.00000E+00    0.19859E-04    0.00000E+00    0.00000E+00    0.00000E+00    0.19859E-04    0.00000E+00    0.75350E-09    0.00000E+00    0.75350E-09    0.00000E+00    0.75350E-07    0.00000E+00    0.00000E+00    0.00000E+00    0.75350E-07    0.22288E-03    0.38820E-03    0.00000E+00    0.00000E+00    0.22288E-03    0.38820E-03    0.16463E-03    0.28489E-03    0.00000E+00    0.00000E+00    0.16463E-03    0.28489E-03
1940  0    0.61386E-09    0.00000E+00    0.61386E-09    0.11154E-09    0.50232E-07    0.00000E+00    0.00000E+00    0.11154E-09    0.50232E-07    0.18257E-03    0.31696E-03    0.00000E+00    0.00000E+00    0.18257E-03    0.31696E-03    0.11636E-03    0.18993E-03    0.00000E+00    0.00000E+00    0.11636E-03    0.18993E-03    0.33461E-09    0.00000E+00    0.33461E-09    0.33461E-09    0.00000E+00    0.00000E+00    0.00000E+00    0.33461E-09    0.00000E+00    0.25869E-04    0.00000E+00    0.00000E+00    0.00000E+00    0.25869E-04    0.00000E+00    0.19857E-04    0.00000E+00    0.00000E+00    0.00000E+00    0.19857E-04    0.00000E+00    0.75348E-09    0.00000E+00    0.75348E-09    0.00000E+00    0.75348E-07    0.00000E+00    0.00000E+00    0.00000E+00    0.75348E-07    0.22286E-03    0.38820E-03    0.00000E+00    0.00000E+00    0.22286E-03    0.38820E-03    0.16461E-03    0.28489E-03    0.00000E+00    0.00000E+00    0.16461E-03    0.28489E-03
1960  0    0.61382E-09    0.00000E+00    0.61382E-09    0.11151E-09    0.50231E-07    0.00000E+00    0.00000E+00    0.11151E-09    0.50231E-07    0.18256E-03    0.31696E-03    0.00000E+00    0.00000E+00    0.18256E-03    0.31696E-03    0.11635E-03    0.18992E-03    0.00000E+00    0.00000E+00    0.11635E-03    0.18992E-03    0.33453E-09    0.00000E+00    0.33453E-09    0.33453E-09    0.00000E+00    0.00000E+00    0.00000E+00    0.33453E-09    0.00000E+00    0.25866E-04    0.00000E+00    0.00000E+00    0.00000E+00    0.25866E-04    0.00000E+00    0.19856E-04    0.00000E+00    0.00000E+00    0.00000E+00    0.19856E-04    0.00000E+00    0.75346E-09    0.00000E+00    0.75346E-09    0.00000E+00    0.75346E-07    0.00000E+00    0.00000E+00    0.00000E+00    0.75346E-07    0.22284E-03    0.38819E-03    0.00000E+00    0.00000E+00    0.22284E-03    0.38819E-03    0.16459E-03    0.28488E-03    0.00000E+00    0.00000E+00    0.16459E-03    0.28488E-03
1980  0    0.61378E-09    0.00000E+00    0.61378E-09    0.11148E-09    0.50230E-07    0.00000E+00    0.00000E+00    0.11148E-09    0.50230E-07    0.18254E-03    0.31695E-03    0.00000E+00    0.00000E+00    0.18254E-03    0.31695E-03    0.11634E-03    0.18992E-03    0.00000E+00    0.00000E+00    0.11634E-03    0.18992E-03    0.33444E-09    0.00000E+00    0.33444E-09    0.33444E-09    0.00000E+00    0.00000E+00    0.00000E+00    0.33444E-09    0.00000E+00    0.25863E-04    0.00000E+00    0.00000E+00    0.00000E+00    0.25863E-04    0.00000E+00    0.19855E-04    0.00000E+00    0.00000E+00    0.00000E+00    0.19855E-04    0.00000E+00    0.75344E-09    0.00000E+00    0.75344E-09    0.00000E+00    0.75344E-07    0.00000E+00    0.00000E+00    0.00000E+00    0.75344E-07    0.22282E-03    0.38819E-03    0.00000E+00    0.00000E+00    0.22282E-03    0.38819E-03    0.16458E-03    0.28488E-03    0.00000E+00    0.00000E+00    0.16458E-03    0.28488E-03
2000  0    0.61374E-09    0.00000E+00    0.61374E-09    0.11145E-09    0.50228E-07    0.00000E+00    0.00000E+00    0.11145E-09    0.50228E-07    0.18253E-03    0.31695E-03    0.00000E+00    0.00000E+00    0.18253E-03    0.31695E-03    0.11633E-03    0.18992E-03    0.00000E+00    0.00000E+00    0.11633E-03    0.18992E-03    0.33436E-09    0.00000E+00    0.33436E-09    0.33436E-09    0.00000E+00    0.00000E+00    0.00000E+00    0.33436E-09    0.00000E+00    0.25860E-04    0.00000E+00    0.00000E+00    0.00000E+00    0.25860E-04    0.00000E+00    0.19854E-04    0.00000E+00    0.00000E+00    0.00000E+00    0.19854E-04    0.00000E+00    0.75342E-09    0.00000E+00    0.75342E-09    0.00000E+00    0.75342E-07    0.00000E+00    0.00000E+00    0.00000E+00    0.75342E-07    0.22280E-03    0.38818E-03    0.00000E+00    0.00000E+00    0.22280E-03    0.38818E-03    0.16457E-03    0.28487E-03    0.00000E+00    0.00000E+00    0.16457E-03    0.28487E-03
2020  0    0.61369E-09    0.00000E+00    0.61369E-09    0.11143E-09    0.50227E-07    0.00000E+00    0.00000E+00    0.11143E-09    0.50227E-07    0.18251E-03    0.31694E-03    0.00000E+00    0.00000E+00    0.18251E-03    0.31694E-03    0.11632E-03    0.18991E-03    0.00000E+00    0.00000E+00    0.11632E-03    0.18991E-03    0.33428E-09    0.00000E+00    0.33428E-09    0.33428E-09    0.00000E+00    0.00000E+00    0.00000E+00    0.33428E-09    0.00000E+00    0.25856E-04    0.00000E+00    0.00000E+00    0.00000E+00    0.25856E-04    0.00000E+00    0.19853E-04    0.00000E+00    0.00000E+00    0.00000E+00    0.19853E-04    0.00000E+00    0.75340E-09    0.00000E+00    0.75340E-09    0.00000E+00    0.75340E-07    0.00000E+00    0.00000E+00    0.00000E+00    0.75340E-07    0.22278E-03    0.38818E-03    0.00000E+00    0.00000E+00    0.22278E-03    0.38818E-03    0.16456E-03    0.28487E-03    0.00000E+00    0.00000E+00    0.16456E-03    0.28487E-03
2040  0    0.61365E-09    0.00000E+00    0.61365E-09    0.11140E-09    0.50225E-07    0.00000E+00    0.00000E+00    0.11140E-09    0.50225E-07    0.18250E-03    0.31694E-03    0.00000E+00    0.00000E+00    0.18250E-03    0.31694E-03    0.11631E-03    0.18991E-03    0.00000E+00    0.00000E+00    0.11631E-03    0.18991E-03    0.33420E-09    0.00000E+00    0.33420E-09    0.33420E-09    0.00000E+00    0.00000E+00    0.00000E+00    0.33420E-09    0.00000E+00    0.25854E-04    0.00000E+00    0.00000E+00    0.00000E+00    0.25854E-04    0.00000E+00    0.19851E-04    0.00000E+00    0.00000E+00    0.00000E+00    0.19851E-04    0.00000E+00    0.75338E-09    0.00000E+00    0.75338E-09    0.00000E+00    0.75338E-07    0.00000E+00    0.00000E+00    0.00000E+00    0.75338E-07    0.22277E-03    0.38817E-03    0.00000E+00    0.00000E+00    0.22277E-03    0.38817E-03    0.16455E-03    0.28486E-03    0.00000E+00    0.00000E+00    0.16455E-03    0.28486E-03
2060  0    0.61361E-09    0.00000E+00    0.61361E-09    0.11138E-09    0.50224E-07    0.00000E+00    0.00000E+00    0.11138E-09    0.50224E-07    0.18249E-03    0.31693E-03    0.00000E+00    0.00000E+00    0.18249E-03    0.31693E-03    0.11631E-03    0.18991E-03    0.00000E+00    0.00000E+00    0.11631E-03    0.18991E-03    0.33413E-09    0.00000E+00    0.33413E-09    0.33413E-09    0.00000E+00    0.00000E+00    0.00000E+00    0.33413E-09    0.00000E+00    0.25851E-04    0.00000E+00    0.00000E+00    0.00000E+00    0.25851E-04    0.00000E+00    0.19850E-04    0.00000E+00    0.00000E+00    0.00000E+00    0.19850E-04    0.00000E+00    0.75336E-09    0.00000E+00    0.75336E-09    0.00000E+00    0.75336E-07    0.00000E+00    0.00000E+00    0.00000E+00    0.75336E-07    0.22276E-03    0.38816E-03    0.00000E+00    0.00000E+00    0.22276E-03    0.38816E-03    0.16454E-03    0.28486E-03    0.00000E+00    0.00000E+00    0.16454E-03    0.28486E-03
2080  0    0.61357E-09    0.00000E+00    0.61357E-09    0.11135E-09    0.50222E-07    0.00000E+00    0.00000E+00    0.11135E-09    0.50222E-07    0.18248E-03    0.31693E-03    0.00000E+00    0.00000E+00    0.18248E-03    0.31693E-03    0.11630E-03    0.18990E-03    0.00000E+00    0.00000E+00    0.11630E-03    0.18990E-03    0.33405E-09    0.00000E+00    0.33405E-09    0.33405E-09    0.00000E+00    0.00000E+00    0.00000E+00    0.33405E-09    0.00000E+00    0.25848E-04    0.00000E+00    0.00000E+00    0.00000E+00    0.25848E-04    0.00000E+00    0.19849E-04    0.00000E+00    0.00000E+00    0.00000E+00    0.19849E-04    0.00000E+00    0.75333E-09    0.00000E+00    0.75333E-09    0.00000E+00    0.75333E-07    0.00000E+00    0.00000E+00    0.00000E+00    0.75333E-07    0.22275E-03    0.38816E-03    0.00000E+00    0.00000E+00    0.22275E-03    0.38816E-03    0.16453E-03    0.28486E-03    0.00000E+00    0.00000E+00    0.16453E-03    0.28486E-03
2100  0    0.61353E-09    0.00000E+00    0.61353E-09    0.11133E-09    0.50220E-07    0.00000E+00    0.00000E+00    0.11133E-09    0.50220E-07    0.18247E-03    0.31692E-03    0.00000E+00    0.00000E+00    0.18247E-03    0.31692E-03    0.11630E-03    0.18990E-03    0.00000E+00    0.00000E+00    0.11630E-03    0.18990E-03    0.33398E-09    0.00000E+00    0.33398E-09    0.33398E-09    0.00000E+00    0.00000E+00    0.00000E+00    0.33398E-09    0.00000E+00    0.25845E-04    0.00000E+00    0.00000E+00    0.00000E+00    0.25845E-04    0.00000E+00    0.19848E-04    0.00000E+00    0.00000E+00    0.00000E+00    0.19848E-04    0.00000E+00    0.75331E-09    0.00000E+00    0.75331E-09    0.00000E+00    0.75331E-07    0.00000E+00    0.00000E+00    0.00000E+00    0.75331E-07    0.22274E-03    0.38815E-03    0.00000E+00    0.00000E+00    0.22274E-03    0.38815E-03    0.16452E-03    0.28485E-03    0.00000E+00    0.00000E+00    0.16452E-03    0.28485E-03
2120  0    0.61349E-09    0.00000E+00    0.61349E-09    0.11130E-09    0.50219E-07    0.00000E+00    0.00000E+00    0.11130E-09    0.50219E-07    0.18247E-03    0.31692E-03    0.00000E+00    0.00000E+00    0.18247E-03    0.31692E-03    0.11629E-03    0.18990E-03    0.00000E+00    0.00000E+00    0.11629E-03    0.18990E-03    0.33391E-09    0.00000E+00    0.33391E-09    0.33391E-09    0.00000E+00    0.00000E+00    0.00000E+00    0.33391E-09    0.00000E+00    0.25842E-04    0.00000E+00    0.00000E+00    0.00000E+00    0.25842E-04    0.00000E+00    0.19847E-04    0.00000E+00    0.00000E+00    0.00000E+00    0.19847E-04    0.00000E+00    0.75328E-09    0.00000E+00    0.75328E-09    0.00000E+00    0.75328E-07    0.00000E+00    0.00000E+00    0.00000E+00    0.75328E-07    0.22273E-03    0.38814E-03    0.00000E+00    0.00000E+00    0.22273E-03    0.38814E-03    0.16452E-03    0.28485E-03    0.00000E+00    0.00000E+00    0.16452E-03    0.28485E-03
2140  0    0.61345E-09    0.00000E+00    0.61345E-09    0.11128E-09    0.50217E-07    0.00000E+00    0.00000E+00    0.11128E-09    0.50217E-07    0.18246E-03    0.31691E-03    0.00000E+00    0.00000E+00    0.18246E-03    0.31691E-03    0.11629E-03    0.18990E-03    0.00000E+00    0.00000E+00    0.11629E-03    0.18990E-03    0.33385E-09    0.00000E+00    0.33385E-09    0.33385E-09    0.00000E+00    0.00000E+00    0.00000E+00    0.33385E-09    0.00000E+00    0.25840E-04    0.00000E+00    0.00000E+00    0.00000E+00    0.25840E-04    0.00000E+00    0.19846E-04    0.00000E+00    0.00000E+00    0.00000E+00    0.19846E-04    0.00000E+00    0.75325E-09    0.00000E+00    0.75325E-09    0.00000E+00    0.75325E-07    0.00000E+00    0.00000E+00    0.00000E+00    0.75325E-07    0.22272E-03    0.38814E-03    0.00000E+00    0.00000E+00    0.22272E-03    0.38814E-03    0.16451E-03    0.28484E-03    0.00000E+00    0.00000E+00    0.16451E-03    0.28484E-03
2160  0    0.61341E-09    0.00000E+00    0.61341E-09    0.11126E-09    0.50215E-07    0.00000E+00    0.00000E+00    0.11126E-09    0.50215E-07    0.18246E-03    0.31691E-03    0.00000E+00    0.00000E+00    0.18246E-03    0.31691E-03    0.11629E-03    0.18989E-03    0.00000E+00    0.00000E+00    0.11629E-03    0.18989E-03    0.33378E-09    0.00000E+00    0.33378E-09    0.33378E-09    0.00000E+00    0.00000E+00    0.00000E+00    0.33378E-09    0.00000E+00    0.25837E-04    0.00000E+00    0.00000E+00    0.00000E+00    0.25837E-04    0.00000E+00    0.19845E-04    0.00000E+00    0.00000E+00    0.00000E+00    0.19845E-04    0.00000E+00    0.75323E-09    0.00000E+00    0.75323E-09    0.00000E+00    0.75323E-07    0.00000E+00    0.00000E+00    0.00000E+00    0.75323E-07    0.22271E-03    0.38813E-03    0.00000E+00    0.00000E+00    0.22271E-03    0.38813E-03    0.16451E-03    0.28484E-03    0.00000E+00    0.00000E+00    0.16451E-03    0.28484E-03
2180  0    0.61337E-09    0.00000E+00    0.61337E-09    0.11124E-09    0.50213E-07    0.00000E+00    0.00000E+00    0.11124E-09    0.50213E-07    0.18245E-03    0.31690E-03    0.00000E+00    0.00000E+00    0.18245E-03    0.31690E-03    0.11628E-03    0.18989E-03    0.00000E+00    0.00000E+00    0.11628E-03    0.18989E-03    0.33372E-09    0.00000E+00    0.33372E-09    0.33372E-09    0.00000E+00    0.00000E+00    0.00000E+00    0.33372E-09    0.00000E+00    0.25835E-04    0.00000E+00    0.00000E+00    0.00000E+00    0.25835E-04    0.00000E+00    0.19844E-04    0.00000E+00    0.00000E+00    0.00000E+00    0.19844E-04    0.00000E+00    0.75320E-09    0.00000E+00    0.75320E-09    0.00000E+00    0.75320E-07    0.00000E+00    0.00000E+00    0.00000E+00    0.75320E-07    0.22271E-03    0.38812E-03    0.00000E+00    0.00000E+00    0.22271E-03    0.38812E-03    0.16450E-03    0.28484E-03    0.00000E+00    0.00000E+00    0.16450E-03    0.28484E-03
2200  0    0.61333E-09    0.00000E+00    0.61333E-09    0.11122E-09    0.50211E-07    0.00000E+00    0.00000E+00    0.11122E-09    0.50211E-07    0.18245E-03    0.31690E-03    0.00000E+00    0.00000E+00    0.18245E-03    0.31690E-03    0.11628E-03    0.18989E-03    0.00000E+00    0.00000E+00    0.11628E-03    0.18989E-03    0.33365E-09    0.00000E+00    0.33365E-09    0.33365E-09    0.00000E+00    0.00000E+00    0.00000E+00    0.33365E-09    0.00000E+00    0.25832E-04    0.00000E+00    0.00000E+00    0.00000E+00    0.25832E-04    0.00000E+00    0.19843E-04    0.00000E+00    0.00000E+00    0.00000E+00    0.19843E-04    0.00000E+00    0.75317E-09    0.00000E+00    0.75317E-09    0.00000E+00    0.75317E-07    0.00000E+00    0.00000E+00    0.00000E+00    0.75317E-07    0.22271E-03    0.38812E-03    0.00000E+00    0.00000E+00    0.22271E-03    0.38812E-03    0.16450E-03    0.28483E-03    0.00000E+00    0.00000E+00    0.16450E-03    0.28483E-03
2220  0    0.61329E-09    0.00000E+00    0.61329E-09    0.11120E-09    0.50209E-07    0.00000E+00    0.00000E+00    0.11120E-09    0.50209E-07    0.18245E-03    0.31689E-03    0.00000E+00    0.00000E+00    0.18245E-03    0.31689E-03    0.11628E-03    0.18988E-03    0.00000E+00    0.00000E+00    0.11628E-03    0.18988E-03    0.33359E-09    0.00000E+00    0.33359E-09    0.33359E-09    0.00000E+00    0.00000E+00    0.00000E+00    0.33359E-09    0.00000E+00    0.25830E-04    0.00000E+00    0.00000E+00    0.00000E+00    0.25830E-04    0.00000E+00    0.19842E-04    0.00000E+00    0.00000E+00    0.00000E+00    0.19842E-04    0.00000E+00    0.75314E-09    0.00000E+00    0.75314E-09    0.00000E+00    0.75314E-07    0.00000E+00    0.00000E+00    0.00000E+00    0.75314E-07    0.22270E-03    0.38811E-03    0.00000E+00    0.00000E+00    0.22270E-03    0.38811E-03    0.16449E-03    0.28483E-03    0.00000E+00    0.00000E+00    0.16449E-03    0.28483E-03
2240  0    0.61325E-09    0.00000E+00    0.61325E-09    0.11118E-09    0.50207E-07    0.00000E+00    0.00000E+00    0.11118E-09    0.50207E-07    0.18244E-03    0.31688E-03    0.00000E+00    0.00000E+00    0.18244E-03    0.31688E-03    0.11627E-03    0.18988E-03    0.00000E+00    0.00000E+00    0.11627E-03    0.18988E-03    0.33353E-09    0.00000E+00    0.33353E-09    0.33353E-09    0.00000E+00    0.00000E+00    0.00000E+00    0.33353E-09    0.00000E+00    0.25828E-04    0.00000E+00    0.00000E+00    0.00000E+00    0.25828E-04    0.00000E+00    0.19841E-04    0.00000E+00    0.00000E+00    0.00000E+00    0.19841E-04    0.00000E+00    0.75311E-09    0.00000E+00    0.75311E-09    0.00000E+00    0.75311E-07    0.00000E+00    0.00000E+00    0.00000E+00    0.75311E-07    0.22270E-03    0.38810E-03    0.00000E+00    0.00000E+00    0.22270E-03    0.38810E-03    0.16449E-03    0.28482E-03    0.00000E+00    0.00000E+00    0.16449E-03    0.28482E-03
2260  0    0.61321E-09    0.00000E+00    0.61321E-09    0.11116E-09    0.50205E-07    0.00000E+00    0.00000E+00    0.11116E-09    0.50205E-07    0.18244E-03    0.31688E-03    0.00000E+00    0.00000E+00    0.18244E-03    0.31688E-03    0.11627E-03    0.18988E-03    0.00000E+00    0.00000E+00    0.11627E-03    0.18988E-03    0.33347E-09    0.00000E+00    0.33347E-09    0.33347E-09    0.00000E+00    0.00000E+00    0.00000E+00    0.33347E-09    0.00000E+00    0.25825E-04    0.00000E+00    0.00000E+00    0.00000E+00    0.25825E-04    0.00000E+00    0.19840E-04    0.00000E+00    0.00000E+00    0.00000E+00    0.19840E-04    0.00000E+00    0.75308E-09    0.00000E+00    0.75308E-09    0.00000E+00    0.75308E-07    0.00000E+00    0.00000E+00    0.00000E+00    0.75308E-07    0.22270E-03    0.38809E-03    0.00000E+00    0.00000E+00    0.22270E-03    0.38809E-03    0.16449E-03    0.28482E-03    0.00000E+00    0.00000E+00    0.16449E-03    0.28482E-03
2280  0    0.61317E-09    0.00000E+00    0.61317E-09    0.11114E-09    0.50203E-07    0.00000E+00    0.00000E+00    0.11114E-09    0.50203E-07    0.18244E-03    0.31687E-03    0.00000E+00    0.00000E+00    0.18244E-03    0.31687E-03    0.11627E-03    0.18988E-03    0.00000E+00    0.00000E+00    0.11627E-03    0.18988E-03    0.33341E-09    0.00000E+00    0.33341E-09    0.33341E-09    0.00000E+00    0.00000E+00    0.00000E+00    0.33341E-09    0.00000E+00    0.25823E-04    0.00000E+00    0.00000E+00    0.00000E+00    0.25823E-04    0.00000E+00    0.19839E-04    0.00000E+00    0.00000E+00    0.00000E+00    0.19839E-04    0.00000E+00    0.75305E-09    0.00000E+00    0.75305E-09    0.00000E+00    0.75305E-07    0.00000E+00    0.00000E+00    0.00000E+00    0.75305E-07    0.22270E-03    0.38809E-03    0.00000E+00    0.00000E+00    0.22270E-03    0.38809E-03    0.16449E-03    0.28482E-03    0.00000E+00    0.00000E+00    0.16449E-03    0.28482E-03
2300  0    0.61313E-09    0.00000E+00    0.61313E-09    0.11112E-09    0.50201E-07    0.00000E+00    0.00000E+00    0.11112E-09    0.50201E-07    0.18244E-03    0.31686E-03    0.00000E+00    0.00000E+00    0.18244E-03    0.31686E-03    0.11627E-03    0.18987E-03    0.00000E+00    0.00000E+00    0.11627E-03    0.18987E-03    0.33335E-09    0.00000E+00    0.33335E-09    0.33335E-09    0.00000E+00    0.00000E+00    0.00000E+00    0.33335E-09    0.00000E+00    0.25821E-04    0.00000E+00    0.00000E+00    0.00000E+00    0.25821E-04    0.00000E+00    0.19838E-04    0.00000E+00    0.00000E+00    0.00000E+00    0.19838E-04    0.00000E+00    0.75302E-09    0.00000E+00    0.75302E-09    0.00000E+00    0.75302E-07    0.00000E+00    0.00000E+00    0.00000E+00    0.75302E-07    0.22270E-03    0.38808E-03    0.00000E+00    0.00000E+00    0.22270E-03    0.38808E-03    0.16449E-03    0.28481E-03    0.00000E+00    0.00000E+00    0.16449E-03    0.28481E-03
2320  0    0.61309E-09    0.00000E+00    0.61309E-09    0.11110E-09    0.50199E-07    0.00000E+00    0.00000E+00    0.11110E-09    0.50199E-07    0.18244E-03    0.31686E-03    0.00000E+00    0.00000E+00    0.18244E-03    0.31686E-03    0.11627E-03    0.18987E-03    0.00000E+00    0.00000E+00    0.11627E-03    0.18987E-03    0.33330E-09    0.00000E+00    0.33330E-09    0.33330E-09    0.00000E+00    0.00000E+00    0.00000E+00    0.33330E-09    0.00000E+00    0.25818E-04    0.00000E+00    0.00000E+00    0.00000E+00    0.25818E-04    0.00000E+00    0.19837E-04    0.00000E+00    0.00000E+00    0.00000E+00    0.19837E-04    0.00000E+00    0.75299E-09    0.00000E+00    0.75299E-09    0.00000E+00    0.75299E-07    0.00000E+00    0.00000E+00    0.00000E+00    0.75299E-07    0.22269E-03    0.38807E-03    0.00000E+00    0.00000E+00    0.22269E-03    0.38807E-03    0.16448E-03    0.28481E-03    0.00000E+00    0.00000E+00    0.16448E-03    0.28481E-03
2340  0    0.61305E-09    0.00000E+00    0.61305E-09    0.11108E-09    0.50197E-07    0.00000E+00    0.00000E+00    0.11108E-09    0.50197E-07    0.18244E-03    0.31685E-03    0.00000E+00    0.00000E+00    0.18244E-03    0.31685E-03    0.11627E-03    0.18987E-03    0.00000E+00    0.00000E+00    0.11627E-03    0.18987E-03    0.33324E-09    0.00000E+00    0.33324E-09    0.33324E-09    0.00000E+00    0.00000E+00    0.00000E+00    0.33324E-09    0.00000E+00    0.25816E-04    0.00000E+00    0.00000E+00    0.00000E+00    0.25816E-04    0.00000E+00    0.19836E-04    0.00000E+00    0.00000E+00    0.00000E+00    0.19836E-04    0.00000E+00    0.75296E-09    0.00000E+00    0.75296E-09    0.00000E+00    0.75296E-07    0.00000E+00    0.00000E+00    0.00000E+00    0.75296E-07    0.22269E-03    0.38806E-03    0.00000E+00    0.00000E+00    0.22269E-03    0.38806E-03    0.16448E-03    0.28480E-03    0.00000E+00    0.00000E+00    0.16448E-03    0.28480E-03
2360  0    0.61301E-09    0.00000E+00    0.61301E-09    0.11106E-09    0.50195E-07    0.00000E+00    0.00000E+00    0.11106E-09    0.50195E-07    0.18244E-03    0.31684E-03    0.00000E+00    0.00000E+00    0.18244E-03    0.31684E-03    0.11627E-03    0.18987E-03    0.00000E+00    0.00000E+00    0.11627E-03    0.18987E-03    0.33318E-09    0.00000E+00    0.33318E-09    0.33318E-09    0.00000E+00    0.00000E+00    0.00000E+00    0.33318E-09    0.00000E+00    0.25814E-04    0.00000E+00    0.00000E+00    0.00000E+00    0.25814E-04    0.00000E+00    0.19835E-04    0.00000E+00    0.00000E+00    0.00000E+00    0.19835E-04    0.00000E+00    0.75293E-09    0.00000E+00    0.75293E-09    0.00000E+00    0.75293E-07    0.00000E+00    0.00000E+00    0.00000E+00    0.75293E-07    0.22270E-03    0.38805E-03    0.00000E+00    0.00000E+00    0.22270E-03    0.38805E-03    0.16448E-03    0.28480E-03    0.00000E+00    0.00000E+00    0.16448E-03    0.28480E-03
2380  0    0.61297E-09    0.00000E+00    0.61297E-09    0.11104E-09    0.50193E-07    0.00000E+00    0.00000E+00    0.11104E-09    0.50193E-07    0.18244E-03    0.31684E-03    0.00000E+00    0.00000E+00    0.18244E-03    0.31684E-03    0.11627E-03    0.18986E-03    0.00000E+00    0.00000E+00    0.11627E-03    0.18986E-03    0.33313E-09    0.00000E+00    0.33313E-09    0.33313E-09    0.00000E+00    0.00000E+00    0.00000E+00    0.33313E-09    0.00000E+00    0.25812E-04    0.00000E+00    0.00000E+00    0.00000E+00    0.25812E-04    0.00000E+00    0.19834E-04    0.00000E+00    0.00000E+00    0.00000E+00    0.19834E-04    0.00000E+00    0.75289E-09    0.00000E+00    0.75289E-09    0.00000E+00    0.75289E-07    0.00000E+00    0.00000E+00    0.00000E+00    0.75289E-07    0.22270E-03    0.38804E-03    0.00000E+00    0.00000E+00    0.22270E-03    0.38804E-03    0.16448E-03    0.28480E-03    0.00000E+00    0.00000E+00    0.16448E-03    0.28480E-03
2400  0    0.61293E-09    0.00000E+00    0.61293E-09    0.11102E-09    0.50191E-07    0.00000E+00    0.00000E+00    0.11102E-09    0.50191E-07    0.18244E-03    0.31683E-03    0.00000E+00    0.00000E+00    0.18244E-03    0.31683E-03    0.11626E-03    0.18986E-03    0.00000E+00    0.00000E+00    0.11626E-03    0.18986E-03    0.33307E-09    0.00000E+00    0.33307E-09    0.33307E-09    0.00000E+00    0.00000E+00    0.00000E+00    0.33307E-09    0.00000E+00    0.25810E-04    0.00000E+00    0.00000E+00    0.00000E+00    0.25810E-04    0.00000E+00    0.19833E-04    0.00000E+00    0.00000E+00    0.00000E+00    0.19833E-04    0.00000E+00    0.75286E-09    0.00000E+00    0.75286E-09    0.00000E+00    0.75286E-07    0.00000E+00    0.00000E+00    0.00000E+00    0.75286E-07    0.22270E-03    0.38804E-03    0.00000E+00    0.00000E+00    0.22270E-03    0.38804E-03    0.16448E-03    0.28479E-03    0.00000E+00    0.00000E+00    0.16448E-03    0.28479E-03
2420  0    0.61289E-09    0.00000E+00    0.61289E-09    0.11101E-09    0.50189E-07    0.00000E+00    0.00000E+00    0.11101E-09    0.50189E-07    0.18244E-03    0.31682E-03    0.00000E+00    0.00000E+00    0.18244E-03    0.31682E-03    0.11626E-03    0.18986E-03    0.00000E+00    0.00000E+00    0.11626E-03    0.18986E-03    0.33302E-09    0.00000E+00    0.33302E-09    0.33302E-09    0.00000E+00    0.00000E+00    0.00000E+00    0.33302E-09    0.00000E+00    0.25808E-04    0.00000E+00    0.00000E+00    0.00000E+00    0.25808E-04    0.00000E+00    0.19832E-04    0.00000E+00    0.00000E+00    0.00000E+00    0.19832E-04    0.00000E+00    0.75283E-09    0.00000E+00    0.75283E-09    0.00000E+00    0.75283E-07    0.00000E+00    0.00000E+00    0.00000E+00    0.75283E-07    0.22270E-03    0.38803E-03    0.00000E+00    0.00000E+00    0.22270E-03    0.38803E-03    0.16448E-03    0.28479E-03    0.00000E+00    0.00000E+00    0.16448E-03    0.28479E-03
2440  0    0.61285E-09    0.00000E+00    0.61285E-09    0.11099E-09    0.50186E-07    0.00000E+00    0.00000E+00    0.11099E-09    0.50186E-07    0.18244E-03    0.31682E-03    0.00000E+00    0.00000E+00    0.18244E-03    0.31682E-03    0.11626E-03    0.18986E-03    0.00000E+00    0.00000E+00    0.11626E-03    0.18986E-03    0.33297E-09    0.00000E+00    0.33297E-09    0.33297E-09    0.00000E+00    0.00000E+00    0.00000E+00    0.33297E-09    0.00000E+00    0.25806E-04    0.00000E+00    0.00000E+00    0.00000E+00    0.25806E-04    0.00000E+00    0.19831E-04    0.00000E+00    0.00000E+00    0.00000E+00    0.19831E-04    0.00000E+00    0.75280E-09    0.00000E+00    0.75280E-09    0.00000E+00    0.75280E-07    0.00000E+00    0.00000E+00    0.00000E+00    0.75280E-07    0.22270E-03    0.38802E-03    0.00000E+00    0.00000E+00    0.22270E-03    0.38802E-03    0.16448E-03    0.28479E-03    0.00000E+00    0.00000E+00    0.16448E-03    0.28479E-03
2460  0    0.61281E-09    0.00000E+00    0.61281E-09    0.11097E-09    0.50184E-07    0.00000E+00    0.00000E+00    0.11097E-09    0.50184E-07    0.18245E-03    0.31681E-03    0.00000E+00    0.00000E+00    0.18245E-03    0.31681E-03    0.11626E-03    0.18985E-03    0.00000E+00    0.00000E+00    0.11626E-03    0.18985E-03    0.33291E-09    0.00000E+00    0.33291E-09    0.33291E-09    0.00000E+00    0.00000E+00    0.00000E+00    0.33291E-09    0.00000E+00    0.25804E-04    0.00000E+00    0.00000E+00    0.00000E+00    0.25804E-04    0.00000E+00    0.19830E-04    0.00000E+00    0.00000E+00    0.00000E+00    0.19830E-04    0.00000E+00    0.75276E-09    0.00000E+00    0.75276E-09    0.00000E+00    0.75276E-07    0.00000E+00    0.00000E+00    0.00000E+00    0.75276E-07    0.22270E-03    0.38801E-03    0.00000E+00    0.00000E+00    0.22270E-03    0.38801E-03    0.16448E-03    0.28478E-03    0.00000E+00    0.00000E+00    0.16448E-03    0.28478E-03
2480  0    0.61277E-09    0.00000E+00    0.61277E-09    0.11095E-09    0.50182E-07    0.00000E+00    0.00000E+00    0.11095E-09    0.50182E-07    0.18245E-03    0.31680E-03    0.00000E+00    0.00000E+00    0.18245E-03    0.31680E-03    0.11626E-03    0.18985E-03    0.00000E+00    0.00000E+00    0.11626E-03    0.18985E-03    0.33286E-09    0.00000E+00    0.33286E-09    0.33286E-09    0.00000E+00    0.00000E+00    0.00000E+00    0.33286E-09    0.00000E+00    0.25802E-04    0.00000E+00    0.00000E+00    0.00000E+00    0.25802E-04    0.00000E+00    0.19829E-04    0.00000E+00    0.00000E+00    0.00000E+00    0.19829E-04    0.00000E+00    0.75273E-09    0.00000E+00    0.75273E-09    0.00000E+00    0.75273E-07    0.00000E+00    0.00000E+00    0.00000E+00    0.75273E-07    0.22271E-03    0.38800E-03    0.00000E+00    0.00000E+00    0.22271E-03    0.38800E-03    0.16448E-03    0.28478E-03    0.00000E+00    0.00000E+00    0.16448E-03    0.28478E-03
2500  0    0.61273E-09    0.00000E+00    0.61273E-09    0.11094E-09    0.50180E-07    0.00000E+00    0.00000E+00    0.11094E-09    0.50180E-07    0.18245E-03    0.31680E-03    0.00000E+00    0.00000E+00    0.18245E-03    0.31680E-03    0.11626E-03    0.18985E-03    0.00000E+00    0.00000E+00    0.11626E-03    0.18985E-03    0.33281E-09    0.00000E+00    0.33281E-09    0.33281E-09    0.00000E+00    0.00000E+00    0.00000E+00    0.33281E-09    0.00000E+00    0.25800E-04    0.00000E+00    0.00000E+00    0.00000E+00    0.25800E-04    0.00000E+00    0.19828E-04    0.00000E+00    0.00000E+00    0.00000E+00    0.19828E-04    0.00000E+00    0.75270E-09    0.00000E+00    0.75270E-09    0.00000E+00    0.75270E-07    0.00000E+00    0.00000E+00    0.00000E+00    0.75270E-07    0.22271E-03    0.38799E-03    0.00000E+00    0.00000E+00    0.22271E-03    0.38799E-03    0.16448E-03    0.28477E-03    0.00000E+00    0.00000E+00    0.16448E-03    0.28477E-03
2520  0    0.61269E-09    0.00000E+00    0.61269E-09    0.11092E-09    0.50177E-07    0.00000E+00    0.00000E+00    0.11092E-09    0.50177E-07    0.18245E-03    0.31679E-03    0.00000E+00    0.00000E+00    0.18245E-03    0.31679E-03    0.11626E-03    0.18985E-03    0.00000E+00    0.00000E+00    0.11626E-03    0.18985E-03    0.33276E-09    0.00000E+00    0.33276E-09    0.33276E-09    0.00000E+00    0.00000E+00    0.00000E+00    0.33276E-09    0.00000E+00    0.25798E-04    0.00000E+00    0.00000E+00    0.00000E+00    0.25798E-04    0.00000E+00    0.19827E-04    0.00000E+00    0.00000E+00    0.00000E+00    0.19827E-04    0.00000E+00    0.75266E-09    0.00000E+00    0.75266E-09    0.00000E+00    0.75266E-07    0.00000E+00    0.00000E+00    0.00000E+00    0.75266E-07    0.22271E-03    0.38799E-03    0.00000E+00    0.00000E+00    0.22271E-03    0.38799E-03    0.16448E-03    0.28477E-03    0.00000E+00    0.00000E+00    0.16448E-03    0.28477E-03
2540  0    0.61265E-09    0.00000E+00    0.61265E-09    0.11090E-09    0.50175E-07    0.00000E+00    0.00000E+00    0.11090E-09    0.50175E-07    0.18245E-03    0.31678E-03    0.00000E+00    0.00000E+00    0.18245E-03    0.31678E-03    0.11626E-03    0.18984E-03    0.00000E+00    0.00000E+00    0.11626E-03    0.18984E-03    0.33271E-09    0.00000E+00    0.33271E-09    0.33271E-09    0.00000E+00    0.00000E+00    0.00000E+00    0.33271E-09    0.00000E+00    0.25796E-04    0.00000E+00    0.00000E+00    0.00000E+00    0.25796E-04    0.00000E+00    0.19826E-04    0.00000E+00    0.00000E+00    0.00000E+00    0.19826E-04    0.00000E+00    0.75263E-09    0.00000E+00    0.75263E-09    0.00000E+00    0.75263E-07    0.00000E+00    0.00000E+00    0.00000E+00    0.75263E-07    0.22271E-03    0.38798E-03    0.00000E+00    0.00000E+00    0.22271E-03    0.38798E-03    0.16448E-03    0.28477E-03    0.00000E+00    0.00000E+00    0.16448E-03    0.28477E-03
2560  0    0.61262E-09    0.00000E+00    0.61262E-09    0.11089E-09    0.50173E-07    0.00000E+00    0.00000E+00    0.11089E-09    0.50173E-07    0.18246E-03    0.31677E-03    0.00000E+00    0.00000E+00    0.18246E-03    0.31677E-03    0.11626E-03    0.18984E-03    0.00000E+00    0.00000E+00    0.11626E-03    0.18984E-03    0.33266E-09    0.00000E+00    0.33266E-09    0.33266E-09    0.00000E+00    0.00000E+00    0.00000E+00    0.33266E-09    0.00000E+00    0.25794E-04    0.00000E+00    0.00000E+00    0.00000E+00    0.25794E-04    0.00000E+00    0.19825E-04    0.00000E+00    0.00000E+00    0.00000E+00    0.19825E-04    0.00000E+00    0.75259E-09    0.00000E+00    0.75259E-09    0.00000E+00    0.75259E-07    0.00000E+00    0.00000E+00    0.00000E+00    0.75259E-07    0.22272E-03    0.38797E-03    0.00000E+00    0.00000E+00    0.22272E-03    0.38797E-03    0.16448E-03    0.28476E-03    0.00000E+00    0.00000E+00    0.16448E-03    0.28476E-03
2580  0    0.61258E-09    0.00000E+00    0.61258E-09    0.11087E-09    0.50171E-07    0.00000E+00    0.00000E+00    0.11087E-09    0.50171E-07    0.18246E-03    0.31677E-03    0.00000E+00    0.00000E+00    0.18246E-03    0.31677E-03    0.11626E-03    0.18984E-03    0.00000E+00    0.00000E+00    0.11626E-03    0.18984E-03    0.33261E-09    0.00000E+00    0.33261E-09    0.33261E-09    0.00000E+00    0.00000E+00    0.00000E+00    0.33261E-09    0.00000E+00    0.25792E-04    0.00000E+00    0.00000E+00    0.00000E+00    0.25792E-04    0.00000E+00    0.19824E-04    0.00000E+00    0.00000E+00    0.00000E+00    0.19824E-04    0.00000E+00    0.75256E-09    0.00000E+00    0.75256E-09    0.00000E+00    0.75256E-07    0.00000E+00    0.00000E+00    0.00000E+00    0.75256E-07    0.22272E-03    0.38796E-03    0.00000E+00    0.00000E+00    0.22272E-03    0.38796E-03    0.16448E-03    0.28476E-03    0.00000E+00    0.00000E+00    0.16448E-03    0.28476E-03
2600  0    0.61254E-09    0.00000E+00    0.61254E-09    0.11085E-09    0.50168E-07    0.00000E+00    0.00000E+00    0.11085E-09    0.50168E-07    0.18246E-03    0.31676E-03    0.00000E+00    0.00000E+00    0.18246E-03    0.31676E-03    0.11626E-03    0.18984E-03    0.00000E+00    0.00000E+00    0.11626E-03    0.18984E-03    0.33256E-09    0.00000E+00    0.33256E-09    0.33256E-09    0.00000E+00    0.00000E+00    0.00000E+00    0.33256E-09    0.00000E+00    0.25790E-04    0.00000E+00    0.00000E+00    0.00000E+00    0.25790E-04    0.00000E+00    0.19823E-04    0.00000E+00    0.00000E+00    0.00000E+00    0.19823E-04    0.00000E+00    0.75252E-09    0.00000E+00    0.75252E-09    0.00000E+00    0.75252E-07    0.00000E+00    0.00000E+00    0.00000E+00    0.75252E-07    0.22272E-03    0.38795E-03    0.00000E+00    0.00000E+00    0.22272E-03    0.38795E-03    0.16448E-03    0.28476E-03    0.00000E+00    0.00000E+00    0.16448E-03    0.28476E-03
2620  0    0.61250E-09    0.00000E+00    0.61250E-09    0.11084E-09    0.50166E-07    0.00000E+00    0.00000E+00    0.11084E-09    0.50166E-07    0.18246E-03    0.31675E-03    0.00000E+00    0.00000E+00    0.18246E-03    0.31675E-03    0.11626E-03    0.18983E-03    0.00000E+00    0.00000E+00    0.11626E-03    0.18983E-03    0.33251E-09    0.00000E+00    0.33251E-09    0.33251E-09    0.00000E+00    0.00000E+00    0.00000E+00    0.33251E-09    0.00000E+00    0.25788E-04    0.00000E+00    0.00000E+00    0.00000E+00    0.25788E-04    0.00000E+00    0.19822E-04    0.00000E+00    0.00000E+00    0.00000E+00    0.19822E-04    0.00000E+00    0.75249E-09    0.00000E+00    0.75249E-09    0.00000E+00    0.75249E-07    0.00000E+00    0.00000E+00    0.00000E+00    0.75249E-07    0.22273E-03    0.38794E-03    0.00000E+00    0.00000E+00    0.22273E-03    0.38794E-03    0.16448E-03    0.28475E-03    0.00000E+00    0.00000E+00    0.16448E-03    0.28475E-03
2640  0    0.61246E-09    0.00000E+00    0.61246E-09    0.11082E-09    0.50164E-07    0.00000E+00    0.00000E+00    0.11082E-09    0.50164E-07    0.18247E-03    0.31675E-03    0.00000E+00    0.00000E+00    0.18247E-03    0.31675E-03    0.11626E-03    0.18983E-03    0.00000E+00    0.00000E+00    0.11626E-03    0.18983E-03    0.33246E-09    0.00000E+00    0.33246E-09    0.33246E-09    0.00000E+00    0.00000E+00    0.00000E+00    0.33246E-09    0.00000E+00    0.25786E-04    0.00000E+00    0.00000E+00    0.00000E+00    0.25786E-04    0.00000E+00    0.19821E-04    0.00000E+00    0.00000E+00    0.00000E+00    0.19821E-04    0.00000E+00    0.75246E-09    0.00000E+00    0.75246E-09    0.00000E+00    0.75246E-07    0.00000E+00    0.00000E+00    0.00000E+00    0.75246E-07    0.22273E-03    0.38793E-03    0.00000E+00    0.00000E+00    0.22273E-03    0.38793E-03    0.16448E-03    0.28475E-03    0.00000E+00    0.00000E+00    0.16448E-03    0.28475E-03
2660  0    0.61242E-09    0.00000E+00    0.61242E-09    0.11080E-09    0.50161E-07    0.00000E+00    0.00000E+00    0.11080E-09    0.50161E-07    0.18247E-03    0.31674E-03    0.00000E+00    0.00000E+00    0.18247E-03    0.31674E-03    0.11626E-03    0.18983E-03    0.00000E+00    0.00000E+00    0.11626E-03    0.18983E-03    0.33241E-09    0.00000E+00    0.33241E-09    0.33241E-09    0.00000E+00    0.00000E+00    0.00000E+00    0.33241E-09    0.00000E+00    0.25784E-04    0.00000E+00    0.00000E+00    0.00000E+00    0.25784E-04    0.00000E+00    0.19820E-04    0.00000E+00    0.00000E+00    0.00000E+00    0.19820E-04    0.00000E+00    0.75242E-09    0.00000E+00    0.75242E-09    0.00000E+00    0.75242E-07    0.00000E+00    0.00000E+00    0.00000E+00    0.75242E-07    0.22273E-03    0.38792E-03    0.00000E+00    0.00000E+00    0.22273E-03    0.38792E-03    0.16448E-03    0.28474E-03    0.00000E+00    0.00000E+00    0.16448E-03    0.28474E-03
2680  0    0.61238E-09    0.00000E+00    0.61238E-09    0.11079E-09    0.50159E-07    0.00000E+00    0.00000E+00    0.11079E-09    0.50159E-07    0.18247E-03    0.31673E-03    0.00000E+00    0.00000E+00    0.18247E-03    0.31673E-03    0.11626E-03    0.18983E-03    0.00000E+00    0.00000E+00    0.11626E-03    0.18983E-03    0.33236E-09    0.00000E+00    0.33236E-09    0.33236E-09    0.00000E+00    0.00000E+00    0.00000E+00    0.33236E-09    0.00000E+00    0.25782E-04    0.00000E+00    0.00000E+00    0.00000E+00    0.25782E-04    0.00000E+00    0.19819E-04    0.00000E+00    0.00000E+00    0.00000E+00    0.19819E-04    0.00000E+00    0.75239E-09    0.00000E+00    0.75239E-09    0.00000E+00    0.75239E-07    0.00000E+00    0.00000E+00    0.00000E+00    0.75239E-07    0.22274E-03    0.38791E-03    0.00000E+00    0.00000E+00    0.22274E-03    0.38791E-03    0.16448E-03    0.28474E-03    0.00000E+00    0.00000E+00    0.16448E-03    0.28474E-03
2700  0    0.61234E-09    0.00000E+00    0.61234E-09    0.11077E-09    0.50157E-07    0.00000E+00    0.00000E+00    0.11077E-09    0.50157E-07    0.18248E-03    0.31672E-03    0.00000E+00    0.00000E+00    0.18248E-03    0.31672E-03    0.11626E-03    0.18982E-03    0.00000E+00    0.00000E+00    0.11626E-03    0.18982E-03    0.33232E-09    0.00000E+00    0.33232E-09    0.33232E-09    0.00000E+00    0.00000E+00    0.00000E+00    0.33232E-09    0.00000E+00    0.25780E-04    0.00000E+00    0.00000E+00    0.00000E+00    0.25780E-04    0.00000E+00    0.19818E-04    0.00000E+00    0.00000E+00    0.00000E+00    0.19818E-04    0.00000E+00    0.75235E-09    0.00000E+00    0.75235E-09    0.00000E+00    0.75235E-07    0.00000E+00    0.00000E+00    0.00000E+00    0.75235E-07    0.22274E-03    0.38790E-03    0.00000E+00    0.00000E+00    0.22274E-03    0.38790E-03    0.16448E-03    0.28474E-03    0.00000E+00    0.00000E+00    0.16448E-03    0.28474E-03
2720  0    0.61230E-09    0.00000E+00    0.61230E-09    0.11076E-09    0.50154E-07    0.00000E+00    0.00000E+00    0.11076E-09    0.50154E-07    0.18248E-03    0.31672E-03    0.00000E+00    0.00000E+00    0.18248E-03    0.31672E-03    0.11626E-03    0.18982E-03    0.00000E+00    0.00000E+00    0.11626E-03    0.18982E-03    0.33227E-09    0.00000E+00    0.33227E-09    0.33227E-09    0.00000E+00    0.00000E+00    0.00000E+00    0.33227E-09    0.00000E+00    0.25779E-04    0.00000E+00    0.00000E+00    0.00000E+00    0.25779E-04    0.00000E+00    0.19817E-04    0.00000E+00    0.00000E+00    0.00000E+00    0.19817E-04    0.00000E+00    0.75232E-09    0.00000E+00    0.75232E-09    0.00000E+00    0.75232E-07    0.00000E+00    0.00000E+00    0.00000E+00    0.75232E-07    0.22274E-03    0.38790E-03    0.00000E+00    0.00000E+00    0.22274E-03    0.38790E-03    0.16449E-03    0.28473E-03    0.00000E+00    0.00000E+00    0.16449E-03    0.28473E-03
2740  0    0.61226E-09    0.00000E+00    0.61226E-09    0.11074E-09    0.50152E-07    0.00000E+00    0.00000E+00    0.11074E-09    0.50152E-07    0.18248E-03    0.31671E-03    0.00000E+00    0.00000E+00    0.18248E-03    0.31671E-03    0.11626E-03    0.18982E-03    0.00000E+00    0.00000E+00    0.11626E-03    0.18982E-03    0.33222E-09    0.00000E+00    0.33222E-09    0.33222E-09    0.00000E+00    0.00000E+00    0.00000E+00    0.33222E-09    0.00000E+00    0.25777E-04    0.00000E+00    0.00000E+00    0.00000E+00    0.25777E-04    0.00000E+00    0.19816E-04    0.00000E+00    0.00000E+00    0.00000E+00    0.19816E-04    0.00000E+00    0.75228E-09    0.00000E+00    0.75228E-09    0.00000E+00    0.75228E-07    0.00000E+00    0.00000E+00    0.00000E+00    0.75228E-07    0.22275E-03    0.38789E-03    0.00000E+00    0.00000E+00    0.22275E-03    0.38789E-03    0.16449E-03    0.28473E-03    0.00000E+00    0.00000E+00    0.16449E-03    0.28473E-03
2760  0    0.61222E-09    0.00000E+00    0.61222E-09    0.11072E-09    0.50150E-07    0.00000E+00    0.00000E+00    0.11072E-09    0.50150E-07    0.18248E-03    0.31670E-03    0.00000E+00    0.00000E+00    0.18248E-03    0.31670E-03    0.11626E-03    0.18982E-03    0.00000E+00    0.00000E+00    0.11626E-03    0.18982E-03    0.33217E-09    0.00000E+00    0.33217E-09    0.33217E-09    0.00000E+00    0.00000E+00    0.00000E+00    0.33217E-09    0.00000E+00    0.25775E-04    0.00000E+00    0.00000E+00    0.00000E+00    0.25775E-04    0.00000E+00    0.19815E-04    0.00000E+00    0.00000E+00    0.00000E+00    0.19815E-04    0.00000E+00    0.75224E-09    0.00000E+00    0.75224E-09    0.00000E+00    0.75224E-07    0.00000E+00    0.00000E+00    0.00000E+00    0.75224E-07    0.22275E-03    0.38788E-03    0.00000E+00    0.00000E+00    0.22275E-03    0.38788E-03    0.16449E-03    0.28473E-03    0.00000E+00    0.00000E+00    0.16449E-03    0.28473E-03
2780  0    0.61218E-09    0.00000E+00    0.61218E-09    0.11071E-09    0.50147E-07    0.00000E+00    0.00000E+00    0.11071E-09    0.50147E-07    0.18249E-03    0.31669E-03    0.00000E+00    0.00000E+00    0.18249E-03    0.31669E-03    0.11626E-03    0.18981E-03    0.00000E+00    0.00000E+00    0.11626E-03    0.18981E-03    0.33213E-09    0.00000E+00    0.33213E-09    0.33213E-09    0.00000E+00    0.00000E+00    0.00000E+00    0.33213E-09    0.00000E+00    0.25773E-04    0.00000E+00    0.00000E+00    0.00000E+00    0.25773E-04    0.00000E+00    0.19814E-04    0.00000E+00    0.00000E+00    0.00000E+00    0.19814E-04    0.00000E+00    0.75221E-09    0.00000E+00    0.75221E-09    0.00000E+00    0.75221E-07    0.00000E+00    0.00000E+00    0.00000E+00    0.75221E-07    0.22276E-03    0.38787E-03    0.00000E+00    0.00000E+00    0.22276E-03    0.38787E-03    0.16449E-03    0.28472E-03    0.00000E+00    0.00000E+00    0.16449E-03    0.28472E-03
2800  0    0.61214E-09    0.00000E+00    0.61214E-09    0.11069E-09    0.50145E-07    0.00000E+00    0.00000E+00    0.11069E-09    0.50145E-07    0.18249E-03    0.31669E-03    0.00000E+00    0.00000E+00    0.18249E-03    0.31669E-03    0.11626E-03    0.18981E-03    0.00000E+00    0.00000E+00    0.11626E-03    0.18981E-03    0.33208E-09    0.00000E+00    0.33208E-09    0.33208E-09    0.00000E+00    0.00000E+00    0.00000E+00    0.33208E-09    0.00000E+00    0.25771E-04    0.00000E+00    0.00000E+00    0.00000E+00    0.25771E-04    0.00000E+00    0.19813E-04    0.00000E+00    0.00000E+00    0.00000E+00    0.19813E-04    0.00000E+00    0.75217E-09    0.00000E+00    0.75217E-09    0.00000E+00    0.75217E-07    0.00000E+00    0.00000E+00    0.00000E+00    0.75217E-07    0.22276E-03    0.38786E-03    0.00000E+00    0.00000E+00    0.22276E-03    0.38786E-03    0.16449E-03    0.28472E-03    0.00000E+00    0.00000E+00    0.16449E-03    0.28472E-03
2820  0    0.61210E-09    0.00000E+00    0.61210E-09    0.11068E-09    0.50142E-07    0.00000E+00    0.00000E+00    0.11068E-09    0.50142E-07    0.18249E-03    0.31668E-03    0.00000E+00    0.00000E+00    0.18249E-03    0.31668E-03    0.11626E-03    0.18981E-03    0.00000E+00    0.00000E+00    0.11626E-03    0.18981E-03    0.33203E-09    0.00000E+00    0.33203E-09    0.33203E-09    0.00000E+00    0.00000E+00    0.00000E+00    0.33203E-09    0.00000E+00    0.25769E-04    0.00000E+00    0.00000E+00    0.00000E+00    0.25769E-04    0.00000E+00    0.19812E-04    0.00000E+00    0.00000E+00    0.00000E+00    0.19812E-04    0.00000E+00    0.75214E-09    0.00000E+00    0.75214E-09    0.00000E+00    0.75214E-07    0.00000E+00    0.00000E+00    0.00000E+00    0.75214E-07    0.22276E-03    0.38785E-03    0.00000E+00    0.00000E+00    0.22276E-03    0.38785E-03    0.16449E-03    0.28471E-03    0.00000E+00    0.00000E+00    0.16449E-03    0.28471E-03
2840  0    0.61206E-09    0.00000E+00    0.61206E-09    0.11066E-09    0.50140E-07    0.00000E+00    0.00000E+00    0.11066E-09    0.50140E-07    0.18250E-03    0.31667E-03    0.00000E+00    0.00000E+00    0.18250E-03    0.31667E-03    0.11626E-03    0.18981E-03    0.00000E+00    0.00000E+00    0.11626E-03    0.18981E-03    0.33199E-09    0.00000E+00    0.33199E-09    0.33199E-09    0.00000E+00    0.00000E+00    0.00000E+00    0.33199E-09    0.00000E+00    0.25768E-04    0.00000E+00    0.00000E+00    0.00000E+00    0.25768E-04    0.00000E+00    0.19811E-04    0.00000E+00    0.00000E+00    0.00000E+00    0.19811E-04    0.00000E+00    0.75210E-09    0.00000E+00    0.75210E-09    0.00000E+00    0.75210E-07    0.00000E+00    0.00000E+00    0.00000E+00    0.75210E-07    0.22277E-03    0.38784E-03    0.00000E+00    0.00000E+00    0.22277E-03    0.38784E-03    0.16449E-03    0.28471E-03    0.00000E+00    0.00000E+00    0.16449E-03    0.28471E-03
2860  0    0.61202E-09    0.00000E+00    0.61202E-09    0.11065E-09    0.50138E-07    0.00000E+00    0.00000E+00    0.11065E-09    0.50138E-07    0.18250E-03    0.31666E-03    0.00000E+00    0.00000E+00    0.18250E-03    0.31666E-03    0.11626E-03    0.18980E-03    0.00000E+00    0.00000E+00    0.11626E-03    0.18980E-03    0.33194E-09    0.00000E+00    0.33194E-09    0.33194E-09    0.00000E+00    0.00000E+00    0.00000E+00    0.33194E-09    0.00000E+00    0.25766E-04    0.00000E+00    0.00000E+00    0.00000E+00    0.25766E-04    0.00000E+00    0.19811E-04    0.00000E+00    0.00000E+00    0.00000E+00    0.19811E-04    0.00000E+00    0.75207E-09    0.00000E+00    0.75207E-09    0.00000E+00    0.75207E-07    0.00000E+00    0.00000E+00    0.00000E+00    0.75207E-07    0.22277E-03    0.38783E-03    0.00000E+00    0.00000E+00    0.22277E-03    0.38783E-03    0.16449E-03    0.28471E-03    0.00000E+00    0.00000E+00    0.16449E-03    0.28471E-03
2880  0    0.61198E-09    0.00000E+00    0.61198E-09    0.11063E-09    0.50135E-07    0.00000E+00    0.00000E+00    0.11063E-09    0.50135E-07    0.18250E-03    0.31666E-03    0.00000E+00    0.00000E+00    0.18250E-03    0.31666E-03    0.11626E-03    0.18980E-03    0.00000E+00    0.00000E+00    0.11626E-03    0.18980E-03    0.33189E-09    0.00000E+00    0.33189E-09    0.33189E-09    0.00000E+00    0.00000E+00    0.00000E+00    0.33189E-09    0.00000E+00    0.25764E-04    0.00000E+00    0.00000E+00    0.00000E+00    0.25764E-04    0.00000E+00    0.19810E-04    0.00000E+00    0.00000E+00    0.00000E+00    0.19810E-04    0.00000E+00    0.75203E-09    0.00000E+00    0.75203E-09    0.00000E+00    0.75203E-07    0.00000E+00    0.00000E+00    0.00000E+00    0.75203E-07    0.22278E-03    0.38782E-03    0.00000E+00    0.00000E+00    0.22278E-03    0.38782E-03    0.16449E-03    0.28470E-03    0.00000E+00    0.00000E+00    0.16449E-03    0.28470E-03
2900  0    0.61195E-09    0.00000E+00    0.61195E-09    0.11062E-09    0.50133E-07    0.00000E+00    0.00000E+00    0.11062E-09    0.50133E-07    0.18251E-03    0.31665E-03    0.00000E+00    0.00000E+00    0.18251E-03    0.31665E-03    0.11626E-03    0.18980E-03    0.00000E+00    0.00000E+00    0.11626E-03    0.18980E-03    0.33185E-09    0.00000E+00    0.33185E-09    0.33185E-09    0.00000E+00    0.00000E+00    0.00000E+00    0.33185E-09    0.00000E+00    0.25762E-04    0.00000E+00    0.00000E+00    0.00000E+00    0.25762E-04    0.00000E+00    0.19809E-04    0.00000E+00    0.00000E+00    0.00000E+00    0.19809E-04    0.00000E+00    0.75199E-09    0.00000E+00    0.75199E-09    0.00000E+00    0.75199E-07    0.00000E+00    0.00000E+00    0.00000E+00    0.75199E-07    0.22278E-03    0.38781E-03    0.00000E+00    0.00000E+00    0.22278E-03    0.38781E-03    0.16449E-03    0.28470E-03    0.00000E+00    0.00000E+00    0.16449E-03    0.28470E-03
2920  0    0.61191E-09    0.00000E+00    0.61191E-09    0.11060E-09    0.50131E-07    0.00000E+00    0.00000E+00    0.11060E-09    0.50131E-07    0.18251E-03    0.31664E-03    0.00000E+00    0.00000E+00    0.18251E-03    0.31664E-03    0.11626E-03    0.18980E-03    0.00000E+00    0.00000E+00    0.11626E-03    0.18980E-03    0.33180E-09    0.00000E+00    0.33180E-09    0.33180E-09    0.00000E+00    0.00000E+00    0.00000E+00    0.33180E-09    0.00000E+00    0.25761E-04    0.00000E+00    0.00000E+00    0.00000E+00    0.25761E-04    0.00000E+00    0.19808E-04    0.00000E+00    0.00000E+00    0.00000E+00    0.19808E-04    0.00000E+00    0.75196E-09    0.00000E+00    0.75196E-09    0.00000E+00    0.75196E-07    0.00000E+00    0.00000E+00    0.00000E+00    0.75196E-07    0.22279E-03    0.38780E-03    0.00000E+00    0.00000E+00    0.22279E-03    0.38780E-03    0.16449E-03    0.28470E-03    0.00000E+00    0.00000E+00    0.16449E-03    0.28470E-03
2940  0    0.61187E-09    0.00000E+00    0.61187E-09    0.11059E-09    0.50128E-07    0.00000E+00    0.00000E+00    0.11059E-09    0.50128E-07    0.18251E-03    0.31663E-03    0.00000E+00    0.00000E+00    0.18251E-03    0.31663E-03    0.11626E-03    0.18979E-03    0.00000E+00    0.00000E+00    0.11626E-03    0.18979E-03    0.33176E-09    0.00000E+00    0.33176E-09    0.33176E-09    0.00000E+00    0.00000E+00    0.00000E+00    0.33176E-09    0.00000E+00    0.25759E-04    0.00000E+00    0.00000E+00    0.00000E+00    0.25759E-04    0.00000E+00    0.19807E-04    0.00000E+00    0.00000E+00    0.00000E+00    0.19807E-04    0.00000E+00    0.75192E-09    0.00000E+00    0.75192E-09    0.00000E+00    0.75192E-07    0.00000E+00    0.00000E+00    0.00000E+00    0.75192E-07    0.22279E-03    0.38779E-03    0.00000E+00    0.00000E+00    0.22279E-03    0.38779E-03    0.16449E-03    0.28469E-03    0.00000E+00    0.00000E+00    0.16449E-03    0.28469E-03
2960  0    0.61183E-09    0.00000E+00    0.61183E-09    0.11057E-09    0.50126E-07    0.00000E+00    0.00000E+00    0.11057E-09    0.50126E-07    0.18252E-03    0.31662E-03    0.00000E+00    0.00000E+00    0.18252E-03    0.31662E-03    0.11626E-03    0.18979E-03    0.00000E+00    0.00000E+00    0.11626E-03    0.18979E-03    0.33171E-09    0.00000E+00    0.33171E-09    0.33171E-09    0.00000E+00    0.00000E+00    0.00000E+00    0.33171E-09    0.00000E+00    0.25757E-04    0.00000E+00    0.00000E+00    0.00000E+00    0.25757E-04    0.00000E+00    0.19806E-04    0.00000E+00    0.00000E+00    0.00000E+00    0.19806E-04    0.00000E+00    0.75189E-09    0.00000E+00    0.75189E-09    0.00000E+00    0.75189E-07    0.00000E+00    0.00000E+00    0.00000E+00    0.75189E-07    0.22279E-03    0.38778E-03    0.00000E+00    0.00000E+00    0.22279E-03    0.38778E-03    0.16449E-03    0.28469E-03    0.00000E+00    0.00000E+00    0.16449E-03    0.28469E-03
2980  0    0.61179E-09    0.00000E+00    0.61179E-09    0.11056E-09    0.50123E-07    0.00000E+00    0.00000E+00    0.11056E-09    0.50123E-07    0.18252E-03    0.31662E-03    0.00000E+00    0.00000E+00    0.18252E-03    0.31662E-03    0.11626E-03    0.18979E-03    0.00000E+00    0.00000E+00    0.11626E-03    0.18979E-03    0.33167E-09    0.00000E+00    0.33167E-09    0.33167E-09    0.00000E+00    0.00000E+00    0.00000E+00    0.33167E-09    0.00000E+00    0.25755E-04    0.00000E+00    0.00000E+00    0.00000E+00    0.25755E-04    0.00000E+00    0.19805E-04    0.00000E+00    0.00000E+00    0.00000E+00    0.19805E-04    0.00000E+00    0.75185E-09    0.00000E+00    0.75185E-09    0.00000E+00    0.75185E-07    0.00000E+00    0.00000E+00    0.00000E+00    0.75185E-07    0.22280E-03    0.38778E-03    0.00000E+00    0.00000E+00    0.22280E-03    0.38778E-03    0.16449E-03    0.28468E-03    0.00000E+00    0.00000E+00    0.16449E-03    0.28468E-03
3000  0    0.61175E-09    0.00000E+00    0.61175E-09    0.11054E-09    0.50121E-07    0.00000E+00    0.00000E+00    0.11054E-09    0.50121E-07    0.18252E-03    0.31661E-03    0.00000E+00    0.00000E+00    0.18252E-03    0.31661E-03    0.11626E-03    0.18979E-03    0.00000E+00    0.00000E+00    0.11626E-03    0.18979E-03    0.33162E-09    0.00000E+00    0.33162E-09    0.33162E-09    0.00000E+00    0.00000E+00    0.00000E+00    0.33162E-09    0.00000E+00    0.25754E-04    0.00000E+00    0.00000E+00    0.00000E+00    0.25754E-04    0.00000E+00    0.19804E-04    0.00000E+00    0.00000E+00    0.00000E+00    0.19804E-04    0.00000E+00    0.75181E-09    0.00000E+00    0.75181E-09    0.00000E+00    0.75181E-07    0.00000E+00    0.00000E+00    0.00000E+00    0.75181E-07    0.22280E-03    0.38777E-03    0.00000E+00    0.00000E+00    0.22280E-03    0.38777E-03    0.16450E-03    0.28468E-03    0.00000E+00    0.00000E+00    0.16450E-03    0.28468E-03
