# DNNF90 training history: one row per validation event
#  1:epoch  2:patience
#  3:cost_train    4:cost_val    5:cost_input   (per point;
#    the composite objective, Loss_term weights applied --
#    the same sum the optimizer descends)
#  6:cost_train_f  7:cost_train_df  8:cost_val_f  9:cost_val_df
# 10:cost_input_f 11:cost_input_df
# 12:rmse_train_f 13:rmse_train_df 14:rmse_val_f 15:rmse_val_df
# 16:rmse_input_f 17:rmse_input_df
# 18:mae_train_f  19:mae_train_df  20:mae_val_f  21:mae_val_df
# 22:mae_input_f  23:mae_input_df
# 24..: the same 21 metrics for each loss term in turn (2 terms: columns 24-44 are term 1, 45-65 term 2, ...)
1  0    0.19986E+00    0.17782E+00    0.19786E+00    0.19969E+00    0.17318E+03    0.17776E+00    0.62489E+02    0.19769E+00    0.16312E+03    0.81489E+00    0.18611E+02    0.82582E+00    0.11179E+02    0.81589E+00    0.18062E+02    0.73505E+00    0.74255E+01    0.73017E+00    0.54872E+01    0.73461E+00    0.72493E+01    0.36306E+00    0.35552E+00    0.36244E+00    0.36306E+00    0.00000E+00    0.35552E+00    0.00000E+00    0.36244E+00    0.00000E+00    0.85213E+00    0.00000E+00    0.84324E+00    0.00000E+00    0.85139E+00    0.00000E+00    0.76994E+00    0.00000E+00    0.74922E+00    0.00000E+00    0.76821E+00    0.00000E+00    0.38485E-03    0.12498E-03    0.35886E-03    0.00000E+00    0.38485E+03    0.00000E+00    0.12498E+03    0.00000E+00    0.35886E+03    0.76693E+00    0.27743E+02    0.80804E+00    0.15810E+02    0.77114E+00    0.26790E+02    0.69241E+00    0.16501E+02    0.71112E+00    0.10974E+02    0.69428E+00    0.15948E+02
100  0    0.83530E-01    0.10003E+00    0.85031E-01    0.83477E-01    0.53746E+02    0.10001E+00    0.29189E+02    0.84979E-01    0.51513E+02    0.53174E+00    0.10368E+02    0.59541E+00    0.76406E+01    0.53784E+00    0.10150E+02    0.48077E+00    0.45710E+01    0.54234E+00    0.41656E+01    0.48637E+00    0.45341E+01    0.15178E+00    0.20001E+00    0.15580E+00    0.15178E+00    0.00000E+00    0.20001E+00    0.00000E+00    0.15580E+00    0.00000E+00    0.55095E+00    0.00000E+00    0.63247E+00    0.00000E+00    0.55820E+00    0.00000E+00    0.49988E+00    0.00000E+00    0.58819E+00    0.00000E+00    0.50723E+00    0.00000E+00    0.11943E-03    0.58379E-04    0.11333E-03    0.00000E+00    0.11943E+03    0.00000E+00    0.58379E+02    0.00000E+00    0.11333E+03    0.50728E+00    0.15455E+02    0.55587E+00    0.10805E+02    0.51235E+00    0.15055E+02    0.45742E+00    0.10158E+02    0.49649E+00    0.83313E+01    0.46132E+00    0.99750E+01
200  0    0.30967E-01    0.46924E-01    0.32418E-01    0.30920E-01    0.46789E+02    0.46912E-01    0.11802E+02    0.32374E-01    0.43608E+02    0.31580E+00    0.96735E+01    0.39383E+00    0.48585E+01    0.32368E+00    0.93390E+01    0.26884E+00    0.41653E+01    0.35798E+00    0.29807E+01    0.27694E+00    0.40576E+01    0.56219E-01    0.93824E-01    0.59353E-01    0.56219E-01    0.00000E+00    0.93824E-01    0.00000E+00    0.59353E-01    0.00000E+00    0.33532E+00    0.00000E+00    0.43318E+00    0.00000E+00    0.34454E+00    0.00000E+00    0.29521E+00    0.00000E+00    0.39960E+00    0.00000E+00    0.30391E+00    0.00000E+00    0.10397E-03    0.23605E-04    0.95938E-04    0.00000E+00    0.10397E+03    0.00000E+00    0.23605E+02    0.00000E+00    0.95938E+02    0.29018E+00    0.14420E+02    0.35009E+00    0.68709E+01    0.29671E+00    0.13852E+02    0.23661E+00    0.92561E+01    0.31636E+00    0.59614E+01    0.24458E+00    0.89267E+01
300  0    0.16903E-01    0.26389E-01    0.17765E-01    0.16851E-01    0.52364E+02    0.26358E-01    0.31167E+02    0.17715E-01    0.50437E+02    0.23557E+00    0.10234E+02    0.29729E+00    0.78951E+01    0.24183E+00    0.10044E+02    0.19615E+00    0.44204E+01    0.25950E+00    0.43577E+01    0.20191E+00    0.44147E+01    0.30638E-01    0.52716E-01    0.32477E-01    0.30638E-01    0.00000E+00    0.52716E-01    0.00000E+00    0.32477E-01    0.00000E+00    0.24754E+00    0.00000E+00    0.32470E+00    0.00000E+00    0.25486E+00    0.00000E+00    0.20739E+00    0.00000E+00    0.29427E+00    0.00000E+00    0.21463E+00    0.00000E+00    0.11636E-03    0.62333E-04    0.11096E-03    0.00000E+00    0.11636E+03    0.00000E+00    0.62333E+02    0.00000E+00    0.11096E+03    0.22006E+00    0.15255E+02    0.26709E+00    0.11165E+02    0.22521E+00    0.14897E+02    0.18241E+00    0.98232E+01    0.22473E+00    0.87154E+01    0.18664E+00    0.97124E+01
400  0    0.13708E-01    0.18878E-01    0.14178E-01    0.13651E-01    0.56667E+02    0.18827E-01    0.50752E+02    0.14122E-01    0.56129E+02    0.21693E+00    0.10646E+02    0.25966E+00    0.10075E+02    0.22116E+00    0.10595E+02    0.17717E+00    0.48015E+01    0.21581E+00    0.50987E+01    0.18068E+00    0.48285E+01    0.24821E-01    0.37655E-01    0.25890E-01    0.24821E-01    0.00000E+00    0.37655E-01    0.00000E+00    0.25890E-01    0.00000E+00    0.22280E+00    0.00000E+00    0.27443E+00    0.00000E+00    0.22755E+00    0.00000E+00    0.18410E+00    0.00000E+00    0.23443E+00    0.00000E+00    0.18829E+00    0.00000E+00    0.12593E-03    0.10150E-03    0.12348E-03    0.00000E+00    0.12593E+03    0.00000E+00    0.10150E+03    0.00000E+00    0.12348E+03    0.20954E+00    0.15870E+02    0.24401E+00    0.14248E+02    0.21323E+00    0.15715E+02    0.16870E+00    0.10670E+02    0.19718E+00    0.10197E+02    0.17155E+00    0.10623E+02
500  1    0.11920E-01    0.19259E-01    0.12587E-01    0.11848E-01    0.72291E+02    0.19175E-01    0.83368E+02    0.12514E-01    0.73298E+02    0.20534E+00    0.12024E+02    0.25257E+00    0.12913E+02    0.21007E+00    0.12108E+02    0.16732E+00    0.50829E+01    0.21303E+00    0.68521E+01    0.17147E+00    0.52438E+01    0.21542E-01    0.38351E-01    0.22942E-01    0.21542E-01    0.00000E+00    0.38351E-01    0.00000E+00    0.22942E-01    0.00000E+00    0.20756E+00    0.00000E+00    0.27695E+00    0.00000E+00    0.21421E+00    0.00000E+00    0.16933E+00    0.00000E+00    0.24358E+00    0.00000E+00    0.17552E+00    0.00000E+00    0.16065E-03    0.16674E-03    0.16125E-03    0.00000E+00    0.16065E+03    0.00000E+00    0.16674E+03    0.00000E+00    0.16125E+03    0.20259E+00    0.17925E+02    0.22556E+00    0.18261E+02    0.20500E+00    0.17959E+02    0.16485E+00    0.11295E+02    0.18249E+00    0.13704E+02    0.16661E+00    0.11536E+02
600  1    0.10531E-01    0.16536E-01    0.11077E-01    0.10446E-01    0.84650E+02    0.16436E-01    0.10015E+03    0.10990E-01    0.86059E+02    0.19230E+00    0.13012E+02    0.23277E+00    0.14153E+02    0.19632E+00    0.13119E+02    0.15545E+00    0.51681E+01    0.19636E+00    0.72287E+01    0.15917E+00    0.53555E+01    0.18993E-01    0.32872E-01    0.20149E-01    0.18993E-01    0.00000E+00    0.32872E-01    0.00000E+00    0.20149E-01    0.00000E+00    0.19490E+00    0.00000E+00    0.25640E+00    0.00000E+00    0.20074E+00    0.00000E+00    0.15620E+00    0.00000E+00    0.22591E+00    0.00000E+00    0.16201E+00    0.00000E+00    0.18811E-03    0.20030E-03    0.18933E-03    0.00000E+00    0.18811E+03    0.00000E+00    0.20030E+03    0.00000E+00    0.18933E+03    0.18907E+00    0.19396E+02    0.20646E+00    0.20015E+02    0.19088E+00    0.19459E+02    0.15453E+00    0.11485E+02    0.16682E+00    0.14457E+02    0.15576E+00    0.11782E+02
700  1    0.90504E-02    0.14027E-01    0.95028E-02    0.89646E-02    0.85828E+02    0.13912E-01    0.11551E+03    0.94143E-02    0.88527E+02    0.17773E+00    0.13102E+02    0.21521E+00    0.15200E+02    0.18146E+00    0.13306E+02    0.14600E+00    0.50206E+01    0.18455E+00    0.73692E+01    0.14950E+00    0.52341E+01    0.16299E-01    0.27823E-01    0.17260E-01    0.16299E-01    0.00000E+00    0.27823E-01    0.00000E+00    0.17260E-01    0.00000E+00    0.18055E+00    0.00000E+00    0.23589E+00    0.00000E+00    0.18579E+00    0.00000E+00    0.14850E+00    0.00000E+00    0.20905E+00    0.00000E+00    0.15355E+00    0.00000E+00    0.19073E-03    0.23103E-03    0.19476E-03    0.00000E+00    0.19073E+03    0.00000E+00    0.23103E+03    0.00000E+00    0.19476E+03    0.17423E+00    0.19531E+02    0.19230E+00    0.21495E+02    0.17612E+00    0.19736E+02    0.14293E+00    0.11157E+02    0.16005E+00    0.14738E+02    0.14464E+00    0.11515E+02
800  1    0.76783E-02    0.10941E-01    0.79749E-02    0.75970E-02    0.81303E+02    0.10830E-01    0.11097E+03    0.78909E-02    0.84000E+02    0.16205E+00    0.12752E+02    0.19176E+00    0.14898E+02    0.16497E+00    0.12961E+02    0.13292E+00    0.53099E+01    0.16743E+00    0.65043E+01    0.13606E+00    0.54185E+01    0.13813E-01    0.21660E-01    0.14467E-01    0.13813E-01    0.00000E+00    0.21660E-01    0.00000E+00    0.14467E-01    0.00000E+00    0.16621E+00    0.00000E+00    0.20813E+00    0.00000E+00    0.17010E+00    0.00000E+00    0.13574E+00    0.00000E+00    0.18610E+00    0.00000E+00    0.13994E+00    0.00000E+00    0.18067E-03    0.22194E-03    0.18480E-03    0.00000E+00    0.18067E+03    0.00000E+00    0.22194E+03    0.00000E+00    0.18480E+03    0.15681E+00    0.19009E+02    0.17386E+00    0.21068E+02    0.15860E+00    0.19225E+02    0.12947E+00    0.11800E+02    0.14876E+00    0.13009E+02    0.13140E+00    0.11921E+02
900  1    0.62337E-02    0.86497E-02    0.64534E-02    0.61515E-02    0.82188E+02    0.85518E-02    0.97950E+02    0.63697E-02    0.83621E+02    0.15117E+00    0.12821E+02    0.17308E+00    0.13996E+02    0.15329E+00    0.12932E+02    0.12287E+00    0.57306E+01    0.14908E+00    0.62130E+01    0.12526E+00    0.57744E+01    0.11185E-01    0.17104E-01    0.11678E-01    0.11185E-01    0.00000E+00    0.17104E-01    0.00000E+00    0.11678E-01    0.00000E+00    0.14956E+00    0.00000E+00    0.18495E+00    0.00000E+00    0.15283E+00    0.00000E+00    0.12067E+00    0.00000E+00    0.16402E+00    0.00000E+00    0.12428E+00    0.00000E+00    0.18264E-03    0.19590E-03    0.18397E-03    0.00000E+00    0.18264E+03    0.00000E+00    0.19590E+03    0.00000E+00    0.18397E+03    0.15311E+00    0.19112E+02    0.16034E+00    0.19794E+02    0.15384E+00    0.19182E+02    0.12557E+00    0.12735E+02    0.13414E+00    0.12426E+02    0.12642E+00    0.12704E+02
1000  1    0.49599E-02    0.70370E-02    0.51488E-02    0.48749E-02    0.85052E+02    0.69448E-02    0.92113E+02    0.50631E-02    0.85694E+02    0.13549E+00    0.13042E+02    0.15397E+00    0.13573E+02    0.13728E+00    0.13092E+02    0.10909E+00    0.58660E+01    0.13388E+00    0.58296E+01    0.11135E+00    0.58627E+01    0.88634E-02    0.13890E-01    0.92823E-02    0.88634E-02    0.00000E+00    0.13890E-01    0.00000E+00    0.92823E-02    0.00000E+00    0.13314E+00    0.00000E+00    0.16667E+00    0.00000E+00    0.13625E+00    0.00000E+00    0.10542E+00    0.00000E+00    0.14802E+00    0.00000E+00    0.10897E+00    0.00000E+00    0.18900E-03    0.18423E-03    0.18853E-03    0.00000E+00    0.18900E+03    0.00000E+00    0.18423E+03    0.00000E+00    0.18853E+03    0.13831E+00    0.19442E+02    0.14013E+00    0.19195E+02    0.13850E+00    0.19418E+02    0.11358E+00    0.13036E+02    0.11973E+00    0.11659E+02    0.11419E+00    0.12898E+02
1100  1    0.39847E-02    0.47118E-02    0.40508E-02    0.38968E-02    0.87944E+02    0.46149E-02    0.96864E+02    0.39620E-02    0.88755E+02    0.12302E+00    0.13262E+02    0.12947E+00    0.13919E+02    0.12362E+00    0.13323E+02    0.97012E-01    0.57119E+01    0.11133E+00    0.55565E+01    0.98314E-01    0.56978E+01    0.70850E-02    0.92298E-02    0.72637E-02    0.70850E-02    0.00000E+00    0.92298E-02    0.00000E+00    0.72637E-02    0.00000E+00    0.11904E+00    0.00000E+00    0.13587E+00    0.00000E+00    0.12053E+00    0.00000E+00    0.92320E-01    0.00000E+00    0.11767E+00    0.00000E+00    0.94433E-01    0.00000E+00    0.19543E-03    0.19373E-03    0.19526E-03    0.00000E+00    0.19543E+03    0.00000E+00    0.19373E+03    0.00000E+00    0.19526E+03    0.12771E+00    0.19770E+02    0.12274E+00    0.19684E+02    0.12723E+00    0.19762E+02    0.10275E+00    0.12693E+02    0.10499E+00    0.11113E+02    0.10297E+00    0.12535E+02
1200  1    0.33578E-02    0.31303E-02    0.33371E-02    0.32658E-02    0.91982E+02    0.30245E-02    0.10584E+03    0.32439E-02    0.93242E+02    0.11689E+00    0.13563E+02    0.11135E+00    0.14549E+02    0.11639E+00    0.13656E+02    0.89848E-01    0.58399E+01    0.89869E-01    0.59815E+01    0.89850E-01    0.58527E+01    0.59378E-02    0.60489E-02    0.59471E-02    0.59378E-02    0.00000E+00    0.60489E-02    0.00000E+00    0.59471E-02    0.00000E+00    0.10898E+00    0.00000E+00    0.10999E+00    0.00000E+00    0.10906E+00    0.00000E+00    0.82386E-01    0.00000E+00    0.87653E-01    0.00000E+00    0.82825E-01    0.00000E+00    0.20440E-03    0.21168E-03    0.20513E-03    0.00000E+00    0.20440E+03    0.00000E+00    0.21168E+03    0.00000E+00    0.20513E+03    0.12588E+00    0.20219E+02    0.11269E+00    0.20576E+02    0.12462E+00    0.20255E+02    0.98968E-01    0.12977E+02    0.92084E-01    0.11963E+02    0.98280E-01    0.12876E+02
1300  1    0.28040E-02    0.27303E-02    0.27973E-02    0.27162E-02    0.87855E+02    0.26081E-02    0.12224E+03    0.27063E-02    0.90981E+02    0.11489E+00    0.13256E+02    0.10757E+00    0.15636E+02    0.11424E+00    0.13489E+02    0.86370E-01    0.58050E+01    0.81216E-01    0.62205E+01    0.85902E-01    0.58427E+01    0.49385E-02    0.52162E-02    0.49616E-02    0.49385E-02    0.00000E+00    0.52162E-02    0.00000E+00    0.49616E-02    0.00000E+00    0.99383E-01    0.00000E+00    0.10214E+00    0.00000E+00    0.99615E-01    0.00000E+00    0.73135E-01    0.00000E+00    0.72704E-01    0.00000E+00    0.73100E-01    0.00000E+00    0.19523E-03    0.24448E-03    0.20016E-03    0.00000E+00    0.19523E+03    0.00000E+00    0.24448E+03    0.00000E+00    0.20016E+03    0.13137E+00    0.19760E+02    0.11274E+00    0.22112E+02    0.12963E+00    0.20008E+02    0.10255E+00    0.12900E+02    0.89729E-01    0.12441E+02    0.10126E+00    0.12854E+02
1400  1    0.23839E-02    0.22105E-02    0.23682E-02    0.23011E-02    0.82887E+02    0.21029E-02    0.10768E+03    0.22830E-02    0.85141E+02    0.10666E+00    0.12875E+02    0.97763E-01    0.14675E+02    0.10588E+00    0.13049E+02    0.80339E-01    0.56811E+01    0.73671E-01    0.57910E+01    0.79733E-01    0.56911E+01    0.41837E-02    0.42057E-02    0.41856E-02    0.41837E-02    0.00000E+00    0.42057E-02    0.00000E+00    0.41856E-02    0.00000E+00    0.91474E-01    0.00000E+00    0.91714E-01    0.00000E+00    0.91494E-01    0.00000E+00    0.68199E-01    0.00000E+00    0.66541E-01    0.00000E+00    0.68061E-01    0.00000E+00    0.18419E-03    0.21535E-03    0.18731E-03    0.00000E+00    0.18419E+03    0.00000E+00    0.21535E+03    0.00000E+00    0.18731E+03    0.12270E+00    0.19193E+02    0.10346E+00    0.20754E+02    0.12091E+00    0.19355E+02    0.95177E-01    0.12625E+02    0.80801E-01    0.11582E+02    0.93739E-01    0.12520E+02
1500  1    0.21111E-02    0.15608E-02    0.20611E-02    0.20374E-02    0.73679E+02    0.14747E-02    0.86072E+02    0.19863E-02    0.74806E+02    0.10308E+00    0.12139E+02    0.88731E-01    0.13120E+02    0.10186E+00    0.12232E+02    0.76991E-01    0.55508E+01    0.61183E-01    0.52834E+01    0.75554E-01    0.55265E+01    0.37044E-02    0.29494E-02    0.36415E-02    0.37044E-02    0.00000E+00    0.29494E-02    0.00000E+00    0.36415E-02    0.00000E+00    0.86074E-01    0.00000E+00    0.76804E-01    0.00000E+00    0.85340E-01    0.00000E+00    0.63319E-01    0.00000E+00    0.46173E-01    0.00000E+00    0.61890E-01    0.00000E+00    0.16373E-03    0.17214E-03    0.16457E-03    0.00000E+00    0.16373E+03    0.00000E+00    0.17214E+03    0.00000E+00    0.16457E+03    0.12066E+00    0.18096E+02    0.99235E-01    0.18555E+02    0.11869E+00    0.18142E+02    0.93701E-01    0.12335E+02    0.76193E-01    0.10567E+02    0.91950E-01    0.12158E+02
1600  1    0.18191E-02    0.15068E-02    0.17907E-02    0.17490E-02    0.70146E+02    0.14294E-02    0.77468E+02    0.17199E-02    0.70812E+02    0.10069E+00    0.11844E+02    0.86499E-01    0.12447E+02    0.99482E-01    0.11901E+02    0.74475E-01    0.54127E+01    0.58580E-01    0.50495E+01    0.73030E-01    0.53797E+01    0.31800E-02    0.28587E-02    0.31532E-02    0.31800E-02    0.00000E+00    0.28587E-02    0.00000E+00    0.31532E-02    0.00000E+00    0.79749E-01    0.00000E+00    0.75614E-01    0.00000E+00    0.79413E-01    0.00000E+00    0.58773E-01    0.00000E+00    0.46416E-01    0.00000E+00    0.57743E-01    0.00000E+00    0.15588E-03    0.15494E-03    0.15579E-03    0.00000E+00    0.15588E+03    0.00000E+00    0.15494E+03    0.00000E+00    0.15579E+03    0.12147E+00    0.17657E+02    0.96160E-01    0.17603E+02    0.11918E+00    0.17651E+02    0.93667E-01    0.12028E+02    0.70745E-01    0.10099E+02    0.91375E-01    0.11835E+02
1700  2    0.17305E-02    0.16340E-02    0.17218E-02    0.16702E-02    0.60301E+02    0.15599E-02    0.74109E+02    0.16602E-02    0.61556E+02    0.10198E+00    0.10982E+02    0.88562E-01    0.12174E+02    0.10084E+00    0.11096E+02    0.74912E-01    0.51250E+01    0.58127E-01    0.49257E+01    0.73386E-01    0.51068E+01    0.30368E-02    0.31198E-02    0.30437E-02    0.30368E-02    0.00000E+00    0.31198E-02    0.00000E+00    0.30437E-02    0.00000E+00    0.77933E-01    0.00000E+00    0.78991E-01    0.00000E+00    0.78022E-01    0.00000E+00    0.57411E-01    0.00000E+00    0.47593E-01    0.00000E+00    0.56593E-01    0.00000E+00    0.13400E-03    0.14822E-03    0.13542E-03    0.00000E+00    0.13400E+03    0.00000E+00    0.14822E+03    0.00000E+00    0.13542E+03    0.12526E+00    0.16371E+02    0.97195E-01    0.17217E+02    0.12274E+00    0.16457E+02    0.96302E-01    0.11389E+02    0.68660E-01    0.98513E+01    0.93538E-01    0.11235E+02
1800  2    0.14494E-02    0.10833E-02    0.14161E-02    0.13957E-02    0.53688E+02    0.10130E-02    0.70364E+02    0.13609E-02    0.55204E+02    0.89346E-01    0.10362E+02    0.74500E-01    0.11863E+02    0.88099E-01    0.10508E+02    0.65659E-01    0.47993E+01    0.50205E-01    0.48814E+01    0.64254E-01    0.48067E+01    0.25376E-02    0.20260E-02    0.24950E-02    0.25376E-02    0.00000E+00    0.20260E-02    0.00000E+00    0.24950E-02    0.00000E+00    0.71240E-01    0.00000E+00    0.63655E-01    0.00000E+00    0.70639E-01    0.00000E+00    0.54152E-01    0.00000E+00    0.42208E-01    0.00000E+00    0.53157E-01    0.00000E+00    0.11931E-03    0.14073E-03    0.12145E-03    0.00000E+00    0.11931E+03    0.00000E+00    0.14073E+03    0.00000E+00    0.12145E+03    0.10741E+00    0.15447E+02    0.83955E-01    0.16777E+02    0.10530E+00    0.15585E+02    0.79723E-01    0.10665E+02    0.58201E-01    0.97628E+01    0.77571E-01    0.10575E+02
1900  2    0.12816E-02    0.91353E-03    0.12481E-02    0.12297E-02    0.51862E+02    0.82744E-03    0.86093E+02    0.11932E-02    0.54973E+02    0.84814E-01    0.10184E+02    0.71322E-01    0.13122E+02    0.83678E-01    0.10486E+02    0.61427E-01    0.46092E+01    0.46369E-01    0.53526E+01    0.60058E-01    0.46768E+01    0.22359E-02    0.16549E-02    0.21875E-02    0.22359E-02    0.00000E+00    0.16549E-02    0.00000E+00    0.21875E-02    0.00000E+00    0.66871E-01    0.00000E+00    0.57530E-01    0.00000E+00    0.66143E-01    0.00000E+00    0.49985E-01    0.00000E+00    0.35273E-01    0.00000E+00    0.48759E-01    0.00000E+00    0.11525E-03    0.17219E-03    0.12094E-03    0.00000E+00    0.11525E+03    0.00000E+00    0.17219E+03    0.00000E+00    0.12094E+03    0.10257E+00    0.15182E+02    0.82849E-01    0.18557E+02    0.10077E+00    0.15553E+02    0.75412E-01    0.10243E+02    0.57466E-01    0.10705E+02    0.73618E-01    0.10289E+02
2000  2    0.11384E-02    0.79391E-03    0.11071E-02    0.10874E-02    0.50997E+02    0.69951E-03    0.94394E+02    0.10522E-02    0.54942E+02    0.81257E-01    0.10099E+02    0.66409E-01    0.13740E+02    0.80021E-01    0.10483E+02    0.58333E-01    0.44764E+01    0.42415E-01    0.58171E+01    0.56886E-01    0.45983E+01    0.19772E-02    0.13990E-02    0.19290E-02    0.19772E-02    0.00000E+00    0.13990E-02    0.00000E+00    0.19290E-02    0.00000E+00    0.62883E-01    0.00000E+00    0.52897E-01    0.00000E+00    0.62112E-01    0.00000E+00    0.47325E-01    0.00000E+00    0.33008E-01    0.00000E+00    0.46132E-01    0.00000E+00    0.11333E-03    0.18879E-03    0.12087E-03    0.00000E+00    0.11333E+03    0.00000E+00    0.18879E+03    0.00000E+00    0.12087E+03    0.99195E-01    0.15055E+02    0.77603E-01    0.19431E+02    0.97252E-01    0.15548E+02    0.71786E-01    0.99476E+01    0.51821E-01    0.11634E+02    0.69790E-01    0.10116E+02
2100  2    0.10434E-02    0.59417E-03    0.10026E-02    0.99970E-03    0.43740E+02    0.50818E-03    0.85988E+02    0.95501E-03    0.47581E+02    0.75518E-01    0.93531E+01    0.58110E-01    0.13114E+02    0.74104E-01    0.97551E+01    0.54168E-01    0.41376E+01    0.39736E-01    0.55194E+01    0.52856E-01    0.42633E+01    0.18176E-02    0.10164E-02    0.17509E-02    0.18176E-02    0.00000E+00    0.10164E-02    0.00000E+00    0.17509E-02    0.00000E+00    0.60293E-01    0.00000E+00    0.45086E-01    0.00000E+00    0.59175E-01    0.00000E+00    0.45853E-01    0.00000E+00    0.31072E-01    0.00000E+00    0.44621E-01    0.00000E+00    0.97200E-04    0.17198E-03    0.10468E-03    0.00000E+00    0.97200E+02    0.00000E+00    0.17198E+03    0.00000E+00    0.10468E+03    0.90720E-01    0.13943E+02    0.68708E-01    0.18546E+02    0.88764E-01    0.14469E+02    0.64331E-01    0.91948E+01    0.48400E-01    0.11039E+02    0.62738E-01    0.93792E+01
2200  2    0.91968E-03    0.53753E-03    0.88494E-03    0.88008E-03    0.39595E+02    0.44877E-03    0.88762E+02    0.84087E-03    0.44064E+02    0.72012E-01    0.88988E+01    0.57093E-01    0.13324E+02    0.70785E-01    0.93877E+01    0.50599E-01    0.39038E+01    0.37113E-01    0.55117E+01    0.49373E-01    0.40500E+01    0.16002E-02    0.89754E-03    0.15416E-02    0.16002E-02    0.00000E+00    0.89754E-03    0.00000E+00    0.15416E-02    0.00000E+00    0.56571E-01    0.00000E+00    0.42368E-01    0.00000E+00    0.55527E-01    0.00000E+00    0.42778E-01    0.00000E+00    0.29877E-01    0.00000E+00    0.41703E-01    0.00000E+00    0.87988E-04    0.17752E-03    0.96942E-04    0.00000E+00    0.87988E+02    0.00000E+00    0.17752E+03    0.00000E+00    0.96942E+02    0.87248E-01    0.13266E+02    0.68732E-01    0.18843E+02    0.85577E-01    0.13924E+02    0.60159E-01    0.86751E+01    0.44349E-01    0.11023E+02    0.58578E-01    0.89099E+01
2300  2    0.83432E-03    0.52509E-03    0.80621E-03    0.79911E-03    0.35209E+02    0.43592E-03    0.89176E+02    0.76609E-03    0.40115E+02    0.69375E-01    0.83916E+01    0.56916E-01    0.13355E+02    0.68336E-01    0.89572E+01    0.48000E-01    0.36669E+01    0.38707E-01    0.53554E+01    0.47155E-01    0.38204E+01    0.14529E-02    0.87183E-03    0.14045E-02    0.14529E-02    0.00000E+00    0.87183E-03    0.00000E+00    0.14045E-02    0.00000E+00    0.53906E-01    0.00000E+00    0.41757E-01    0.00000E+00    0.53000E-01    0.00000E+00    0.41140E-01    0.00000E+00    0.30895E-01    0.00000E+00    0.40286E-01    0.00000E+00    0.78243E-04    0.17835E-03    0.88254E-04    0.00000E+00    0.78243E+02    0.00000E+00    0.17835E+03    0.00000E+00    0.88254E+02    0.84520E-01    0.12509E+02    0.68813E-01    0.18887E+02    0.83083E-01    0.13286E+02    0.56385E-01    0.81488E+01    0.46520E-01    0.10711E+02    0.55399E-01    0.84050E+01
2400  3    0.78110E-03    0.62879E-03    0.76725E-03    0.74914E-03    0.31963E+02    0.54286E-03    0.85927E+02    0.73038E-03    0.36869E+02    0.67986E-01    0.79954E+01    0.52881E-01    0.13109E+02    0.66754E-01    0.85871E+01    0.47920E-01    0.34975E+01    0.39476E-01    0.50056E+01    0.47152E-01    0.36346E+01    0.13621E-02    0.10857E-02    0.13390E-02    0.13621E-02    0.00000E+00    0.10857E-02    0.00000E+00    0.13390E-02    0.00000E+00    0.52193E-01    0.00000E+00    0.46599E-01    0.00000E+00    0.51750E-01    0.00000E+00    0.39829E-01    0.00000E+00    0.36708E-01    0.00000E+00    0.39569E-01    0.00000E+00    0.71029E-04    0.17185E-03    0.81111E-04    0.00000E+00    0.71029E+02    0.00000E+00    0.17185E+03    0.00000E+00    0.81111E+02    0.83318E-01    0.11919E+02    0.58492E-01    0.18539E+02    0.81178E-01    0.12737E+02    0.57809E-01    0.77721E+01    0.42243E-01    0.10011E+02    0.56252E-01    0.79960E+01
2500  3    0.68968E-03    0.41404E-03    0.66462E-03    0.66080E-03    0.28874E+02    0.33251E-03    0.81531E+02    0.63096E-03    0.33661E+02    0.63064E-01    0.75993E+01    0.48986E-01    0.12770E+02    0.61916E-01    0.82050E+01    0.43648E-01    0.32786E+01    0.35286E-01    0.48140E+01    0.42888E-01    0.34181E+01    0.12015E-02    0.66503E-03    0.11568E-02    0.12015E-02    0.00000E+00    0.66503E-03    0.00000E+00    0.11568E-02    0.00000E+00    0.49020E-01    0.00000E+00    0.36470E-01    0.00000E+00    0.48099E-01    0.00000E+00    0.37882E-01    0.00000E+00    0.28245E-01    0.00000E+00    0.37079E-01    0.00000E+00    0.64165E-04    0.16306E-03    0.74055E-04    0.00000E+00    0.64165E+02    0.00000E+00    0.16306E+03    0.00000E+00    0.74055E+02    0.76817E-01    0.11328E+02    0.58900E-01    0.18059E+02    0.75218E-01    0.12170E+02    0.50695E-01    0.72857E+01    0.42326E-01    0.96279E+01    0.49858E-01    0.75199E+01
2600  3    0.62855E-03    0.40652E-03    0.60837E-03    0.60150E-03    0.27050E+02    0.32905E-03    0.77464E+02    0.57673E-03    0.31633E+02    0.62529E-01    0.73553E+01    0.45620E-01    0.12447E+02    0.61186E-01    0.79540E+01    0.41733E-01    0.31577E+01    0.30528E-01    0.46368E+01    0.40714E-01    0.32922E+01    0.10936E-02    0.65811E-03    0.10573E-02    0.10936E-02    0.00000E+00    0.65811E-03    0.00000E+00    0.10573E-02    0.00000E+00    0.46768E-01    0.00000E+00    0.36280E-01    0.00000E+00    0.45986E-01    0.00000E+00    0.35482E-01    0.00000E+00    0.27402E-01    0.00000E+00    0.34809E-01    0.00000E+00    0.60112E-04    0.15493E-03    0.69593E-04    0.00000E+00    0.60112E+02    0.00000E+00    0.15493E+03    0.00000E+00    0.69593E+02    0.77559E-01    0.10965E+02    0.53350E-01    0.17603E+02    0.75488E-01    0.11798E+02    0.49373E-01    0.70172E+01    0.33654E-01    0.92735E+01    0.47801E-01    0.72428E+01
2700  3    0.55800E-03    0.36566E-03    0.54051E-03    0.53287E-03    0.25124E+02    0.29224E-03    0.73418E+02    0.51100E-03    0.29514E+02    0.58776E-01    0.70886E+01    0.43595E-01    0.12118E+02    0.57562E-01    0.76830E+01    0.40143E-01    0.30049E+01    0.32110E-01    0.45269E+01    0.39412E-01    0.31433E+01    0.96886E-03    0.58448E-03    0.93683E-03    0.96886E-03    0.00000E+00    0.58448E-03    0.00000E+00    0.93683E-03    0.00000E+00    0.44020E-01    0.00000E+00    0.34190E-01    0.00000E+00    0.43286E-01    0.00000E+00    0.33989E-01    0.00000E+00    0.27857E-01    0.00000E+00    0.33478E-01    0.00000E+00    0.55831E-04    0.14684E-03    0.64931E-04    0.00000E+00    0.55831E+02    0.00000E+00    0.14684E+03    0.00000E+00    0.64931E+02    0.72861E-01    0.10567E+02    0.51304E-01    0.17137E+02    0.71000E-01    0.11396E+02    0.47663E-01    0.66776E+01    0.36363E-01    0.90539E+01    0.46533E-01    0.69152E+01
2800  3    0.52000E-03    0.31066E-03    0.50097E-03    0.49765E-03    0.22358E+02    0.24427E-03    0.66395E+02    0.47461E-03    0.26361E+02    0.56416E-01    0.66869E+01    0.41910E-01    0.11523E+02    0.55254E-01    0.72610E+01    0.38034E-01    0.28678E+01    0.30462E-01    0.44012E+01    0.37345E-01    0.30072E+01    0.90481E-03    0.48853E-03    0.87012E-03    0.90481E-03    0.00000E+00    0.48853E-03    0.00000E+00    0.87012E-03    0.00000E+00    0.42540E-01    0.00000E+00    0.31258E-01    0.00000E+00    0.41716E-01    0.00000E+00    0.33182E-01    0.00000E+00    0.25572E-01    0.00000E+00    0.32548E-01    0.00000E+00    0.49684E-04    0.13279E-03    0.57994E-04    0.00000E+00    0.49684E+02    0.00000E+00    0.13279E+03    0.00000E+00    0.57994E+02    0.69720E-01    0.99683E+01    0.50357E-01    0.16297E+02    0.68033E-01    0.10770E+02    0.43964E-01    0.63729E+01    0.35353E-01    0.88024E+01    0.43103E-01    0.66159E+01
2900  4    0.46094E-03    0.39042E-03    0.45453E-03    0.44172E-03    0.19223E+02    0.33206E-03    0.58359E+02    0.43175E-03    0.22781E+02    0.54385E-01    0.62006E+01    0.42621E-01    0.10804E+02    0.53422E-01    0.67500E+01    0.36650E-01    0.27364E+01    0.30890E-01    0.42338E+01    0.36126E-01    0.28725E+01    0.80312E-03    0.66413E-03    0.79154E-03    0.80312E-03    0.00000E+00    0.66413E-03    0.00000E+00    0.79154E-03    0.00000E+00    0.40078E-01    0.00000E+00    0.36445E-01    0.00000E+00    0.39788E-01    0.00000E+00    0.30531E-01    0.00000E+00    0.30116E-01    0.00000E+00    0.30496E-01    0.00000E+00    0.42719E-04    0.11672E-03    0.50119E-04    0.00000E+00    0.42719E+02    0.00000E+00    0.11672E+03    0.00000E+00    0.50119E+02    0.67893E-01    0.92432E+01    0.48009E-01    0.15279E+02    0.66174E-01    0.10012E+02    0.44129E-01    0.60808E+01    0.31663E-01    0.84675E+01    0.42883E-01    0.63195E+01
3000  4    0.41620E-03    0.24932E-03    0.40103E-03    0.39966E-03    0.16543E+02    0.19837E-03    0.50948E+02    0.38136E-03    0.19671E+02    0.49637E-01    0.57521E+01    0.34432E-01    0.10094E+02    0.48453E-01    0.62723E+01    0.34141E-01    0.25479E+01    0.26011E-01    0.39665E+01    0.33402E-01    0.26769E+01    0.72665E-03    0.39674E-03    0.69916E-03    0.72665E-03    0.00000E+00    0.39674E-03    0.00000E+00    0.69916E-03    0.00000E+00    0.38122E-01    0.00000E+00    0.28169E-01    0.00000E+00    0.37394E-01    0.00000E+00    0.30001E-01    0.00000E+00    0.23918E-01    0.00000E+00    0.29495E-01    0.00000E+00    0.36762E-04    0.10190E-03    0.43276E-04    0.00000E+00    0.36762E+02    0.00000E+00    0.10190E+03    0.00000E+00    0.43276E+02    0.60819E-01    0.85747E+01    0.39719E-01    0.14276E+02    0.59050E-01    0.93033E+01    0.39200E-01    0.56620E+01    0.28105E-01    0.79329E+01    0.38090E-01    0.58891E+01
3100  5    0.40674E-03    0.28689E-03    0.39584E-03    0.39287E-03    0.13874E+02    0.24307E-03    0.43818E+02    0.37925E-03    0.16596E+02    0.51247E-01    0.52675E+01    0.40029E-01    0.93615E+01    0.50330E-01    0.57612E+01    0.34474E-01    0.24016E+01    0.27602E-01    0.37311E+01    0.33849E-01    0.25224E+01    0.71430E-03    0.48615E-03    0.69529E-03    0.71430E-03    0.00000E+00    0.48615E-03    0.00000E+00    0.69529E-03    0.00000E+00    0.37797E-01    0.00000E+00    0.31182E-01    0.00000E+00    0.37290E-01    0.00000E+00    0.28561E-01    0.00000E+00    0.23922E-01    0.00000E+00    0.28174E-01    0.00000E+00    0.30830E-04    0.87637E-04    0.36511E-04    0.00000E+00    0.30830E+02    0.00000E+00    0.87637E+02    0.00000E+00    0.36511E+02    0.63953E-01    0.78524E+01    0.47247E-01    0.13239E+02    0.62484E-01    0.85453E+01    0.41701E-01    0.53368E+01    0.31282E-01    0.74622E+01    0.40659E-01    0.55493E+01
3200  5    0.36490E-03    0.24725E-03    0.35421E-03    0.35231E-03    0.12590E+02    0.20983E-03    0.37421E+02    0.33936E-03    0.14848E+02    0.46079E-01    0.50180E+01    0.34634E-01    0.86512E+01    0.45159E-01    0.54493E+01    0.31718E-01    0.22908E+01    0.25436E-01    0.34902E+01    0.31147E-01    0.23998E+01    0.64057E-03    0.41966E-03    0.62216E-03    0.64057E-03    0.00000E+00    0.41966E-03    0.00000E+00    0.62216E-03    0.00000E+00    0.35793E-01    0.00000E+00    0.28971E-01    0.00000E+00    0.35275E-01    0.00000E+00    0.27579E-01    0.00000E+00    0.24011E-01    0.00000E+00    0.27282E-01    0.00000E+00    0.27978E-04    0.74843E-04    0.32665E-04    0.00000E+00    0.27978E+02    0.00000E+00    0.74843E+02    0.00000E+00    0.32665E+02    0.56148E-01    0.74804E+01    0.39494E-01    0.12235E+02    0.54712E-01    0.80827E+01    0.36777E-01    0.50906E+01    0.26860E-01    0.69805E+01    0.35785E-01    0.52796E+01
3300  6    0.33609E-03    0.27084E-03    0.33016E-03    0.32469E-03    0.11399E+02    0.23838E-03    0.32456E+02    0.31684E-03    0.13313E+02    0.46935E-01    0.47748E+01    0.37476E-01    0.80567E+01    0.46156E-01    0.51601E+01    0.31390E-01    0.21697E+01    0.28718E-01    0.33299E+01    0.31148E-01    0.22752E+01    0.59034E-03    0.47677E-03    0.58088E-03    0.59034E-03    0.00000E+00    0.47677E-03    0.00000E+00    0.58088E-03    0.00000E+00    0.34361E-01    0.00000E+00    0.30879E-01    0.00000E+00    0.34085E-01    0.00000E+00    0.26421E-01    0.00000E+00    0.25731E-01    0.00000E+00    0.26363E-01    0.00000E+00    0.25332E-04    0.64911E-04    0.29290E-04    0.00000E+00    0.25332E+02    0.00000E+00    0.64911E+02    0.00000E+00    0.29290E+02    0.58757E-01    0.71178E+01    0.43074E-01    0.11394E+02    0.57381E-01    0.76537E+01    0.37464E-01    0.48216E+01    0.31705E-01    0.66599E+01    0.36889E-01    0.50054E+01
3400  6    0.29530E-03    0.22652E-03    0.28905E-03    0.28417E-03    0.11135E+02    0.19654E-03    0.29983E+02    0.27620E-03    0.12849E+02    0.45226E-01    0.47192E+01    0.34948E-01    0.77437E+01    0.44390E-01    0.50693E+01    0.29394E-01    0.21341E+01    0.24937E-01    0.31955E+01    0.28989E-01    0.22306E+01    0.51667E-03    0.39308E-03    0.50637E-03    0.51667E-03    0.00000E+00    0.39308E-03    0.00000E+00    0.50637E-03    0.00000E+00    0.32146E-01    0.00000E+00    0.28038E-01    0.00000E+00    0.31824E-01    0.00000E+00    0.24402E-01    0.00000E+00    0.22938E-01    0.00000E+00    0.24280E-01    0.00000E+00    0.24746E-04    0.59965E-04    0.28268E-04    0.00000E+00    0.24746E+02    0.00000E+00    0.59965E+02    0.00000E+00    0.28268E+02    0.57292E-01    0.70350E+01    0.40701E-01    0.10951E+02    0.55855E-01    0.75190E+01    0.35496E-01    0.47424E+01    0.26936E-01    0.63909E+01    0.34640E-01    0.49073E+01
3500  7    0.27823E-03    0.24979E-03    0.27565E-03    0.26785E-03    0.10389E+02    0.22335E-03    0.26441E+02    0.26380E-03    0.11848E+02    0.43962E-01    0.45582E+01    0.34089E-01    0.72721E+01    0.43158E-01    0.48678E+01    0.28588E-01    0.20610E+01    0.25227E-01    0.30191E+01    0.28283E-01    0.21481E+01    0.48699E-03    0.44670E-03    0.48363E-03    0.48699E-03    0.00000E+00    0.44670E-03    0.00000E+00    0.48363E-03    0.00000E+00    0.31209E-01    0.00000E+00    0.29890E-01    0.00000E+00    0.31101E-01    0.00000E+00    0.23537E-01    0.00000E+00    0.26147E-01    0.00000E+00    0.23755E-01    0.00000E+00    0.23086E-04    0.52883E-04    0.26065E-04    0.00000E+00    0.23086E+02    0.00000E+00    0.52883E+02    0.00000E+00    0.26065E+02    0.55716E-01    0.67949E+01    0.37824E-01    0.10284E+02    0.54194E-01    0.72202E+01    0.34762E-01    0.45800E+01    0.24307E-01    0.60382E+01    0.33717E-01    0.47259E+01
3600  7    0.25678E-03    0.21973E-03    0.25341E-03    0.24754E-03    0.92367E+01    0.19829E-03    0.21439E+02    0.24306E-03    0.10346E+02    0.41334E-01    0.42981E+01    0.34330E-01    0.65481E+01    0.40747E-01    0.45488E+01    0.27767E-01    0.19452E+01    0.24485E-01    0.27660E+01    0.27469E-01    0.20198E+01    0.45007E-03    0.39658E-03    0.44561E-03    0.45007E-03    0.00000E+00    0.39658E-03    0.00000E+00    0.44561E-03    0.00000E+00    0.30002E-01    0.00000E+00    0.28163E-01    0.00000E+00    0.29853E-01    0.00000E+00    0.22956E-01    0.00000E+00    0.21876E-01    0.00000E+00    0.22866E-01    0.00000E+00    0.20526E-04    0.42877E-04    0.22761E-04    0.00000E+00    0.20526E+02    0.00000E+00    0.42877E+02    0.00000E+00    0.22761E+02    0.51928E-01    0.64072E+01    0.39547E-01    0.92604E+01    0.50825E-01    0.67470E+01    0.33647E-01    0.43227E+01    0.27095E-01    0.55321E+01    0.32992E-01    0.44437E+01
3700  7    0.24468E-03    0.13904E-03    0.23508E-03    0.23611E-03    0.85780E+01    0.12067E-03    0.18368E+02    0.22561E-03    0.94680E+01    0.37702E-01    0.41420E+01    0.25236E-01    0.60610E+01    0.36743E-01    0.43515E+01    0.26008E-01    0.18609E+01    0.19705E-01    0.25990E+01    0.25435E-01    0.19280E+01    0.42928E-03    0.24135E-03    0.41362E-03    0.42928E-03    0.00000E+00    0.24135E-03    0.00000E+00    0.41362E-03    0.00000E+00    0.29301E-01    0.00000E+00    0.21970E-01    0.00000E+00    0.28762E-01    0.00000E+00    0.22378E-01    0.00000E+00    0.19960E-01    0.00000E+00    0.22177E-01    0.00000E+00    0.19062E-04    0.36736E-04    0.20830E-04    0.00000E+00    0.19062E+02    0.00000E+00    0.36736E+02    0.00000E+00    0.20830E+02    0.45927E-01    0.61745E+01    0.28124E-01    0.85716E+01    0.44469E-01    0.64544E+01    0.30444E-01    0.41353E+01    0.19451E-01    0.51980E+01    0.29345E-01    0.42415E+01
3800  8    0.21562E-03    0.18239E-03    0.21260E-03    0.20728E-03    0.83328E+01    0.16572E-03    0.16673E+02    0.20351E-03    0.90910E+01    0.37898E-01    0.40824E+01    0.28078E-01    0.57745E+01    0.37113E-01    0.42640E+01    0.24897E-01    0.18206E+01    0.22072E-01    0.25122E+01    0.24640E-01    0.18835E+01    0.37688E-03    0.33144E-03    0.37309E-03    0.37688E-03    0.00000E+00    0.33144E-03    0.00000E+00    0.37309E-03    0.00000E+00    0.27455E-01    0.00000E+00    0.25747E-01    0.00000E+00    0.27316E-01    0.00000E+00    0.21036E-01    0.00000E+00    0.23572E-01    0.00000E+00    0.21247E-01    0.00000E+00    0.18517E-04    0.33345E-04    0.20000E-04    0.00000E+00    0.18517E+02    0.00000E+00    0.33345E+02    0.00000E+00    0.20000E+02    0.47649E-01    0.60856E+01    0.30230E-01    0.81664E+01    0.46203E-01    0.63246E+01    0.29617E-01    0.40458E+01    0.20572E-01    0.50244E+01    0.28712E-01    0.41437E+01
3900  9    0.20168E-03    0.17665E-03    0.19941E-03    0.19399E-03    0.76944E+01    0.16246E-03    0.14190E+02    0.19112E-03    0.82849E+01    0.34879E-01    0.39228E+01    0.26783E-01    0.53273E+01    0.34222E-01    0.40706E+01    0.23650E-01    0.17355E+01    0.21257E-01    0.23274E+01    0.23432E-01    0.17893E+01    0.35271E-03    0.32493E-03    0.35039E-03    0.35271E-03    0.00000E+00    0.32493E-03    0.00000E+00    0.35039E-03    0.00000E+00    0.26560E-01    0.00000E+00    0.25492E-01    0.00000E+00    0.26472E-01    0.00000E+00    0.20152E-01    0.00000E+00    0.23430E-01    0.00000E+00    0.20425E-01    0.00000E+00    0.17099E-04    0.28380E-04    0.18227E-04    0.00000E+00    0.17099E+02    0.00000E+00    0.28380E+02    0.00000E+00    0.18227E+02    0.42909E-01    0.58478E+01    0.28014E-01    0.75339E+01    0.41660E-01    0.60377E+01    0.27925E-01    0.38567E+01    0.19084E-01    0.46549E+01    0.27041E-01    0.39365E+01
4000  10    0.17925E-03    0.14707E-03    0.17632E-03    0.17198E-03    0.72706E+01    0.13414E-03    0.12934E+02    0.16854E-03    0.77854E+01    0.36108E-01    0.38133E+01    0.29156E-01    0.50860E+01    0.35533E-01    0.39460E+01    0.24173E-01    0.16723E+01    0.21321E-01    0.22287E+01    0.23913E-01    0.17229E+01    0.31269E-03    0.26827E-03    0.30899E-03    0.31269E-03    0.00000E+00    0.26827E-03    0.00000E+00    0.30899E-03    0.00000E+00    0.25008E-01    0.00000E+00    0.23163E-01    0.00000E+00    0.24859E-01    0.00000E+00    0.19080E-01    0.00000E+00    0.17937E-01    0.00000E+00    0.18985E-01    0.00000E+00    0.16157E-04    0.25867E-04    0.17128E-04    0.00000E+00    0.16157E+02    0.00000E+00    0.25867E+02    0.00000E+00    0.17128E+02    0.46185E-01    0.56845E+01    0.34111E-01    0.71926E+01    0.45123E-01    0.58529E+01    0.30397E-01    0.37162E+01    0.24706E-01    0.44574E+01    0.29828E-01    0.37903E+01
4100  10    0.16293E-03    0.12771E-03    0.15972E-03    0.15625E-03    0.66785E+01    0.11647E-03    0.11248E+02    0.15263E-03    0.70939E+01    0.32718E-01    0.36547E+01    0.24159E-01    0.47431E+01    0.32034E-01    0.37667E+01    0.21707E-01    0.16359E+01    0.19478E-01    0.20690E+01    0.21504E-01    0.16752E+01    0.28408E-03    0.23293E-03    0.27982E-03    0.28408E-03    0.00000E+00    0.23293E-03    0.00000E+00    0.27982E-03    0.00000E+00    0.23836E-01    0.00000E+00    0.21584E-01    0.00000E+00    0.23657E-01    0.00000E+00    0.18059E-01    0.00000E+00    0.20182E-01    0.00000E+00    0.18236E-01    0.00000E+00    0.14841E-04    0.22497E-04    0.15607E-04    0.00000E+00    0.14841E+02    0.00000E+00    0.22497E+02    0.00000E+00    0.15607E+02    0.41041E-01    0.54481E+01    0.26484E-01    0.67077E+01    0.39826E-01    0.55869E+01    0.26164E-01    0.36352E+01    0.18774E-01    0.41379E+01    0.25425E-01    0.36855E+01
4200  10    0.15196E-03    0.12447E-03    0.14946E-03    0.14557E-03    0.63932E+01    0.11416E-03    0.10310E+02    0.14271E-03    0.67494E+01    0.32934E-01    0.35758E+01    0.26774E-01    0.45410E+01    0.32422E-01    0.36741E+01    0.21583E-01    0.16277E+01    0.20778E-01    0.19792E+01    0.21510E-01    0.16596E+01    0.26467E-03    0.22832E-03    0.26164E-03    0.26467E-03    0.00000E+00    0.22832E-03    0.00000E+00    0.26164E-03    0.00000E+00    0.23007E-01    0.00000E+00    0.21369E-01    0.00000E+00    0.22875E-01    0.00000E+00    0.17595E-01    0.00000E+00    0.18750E-01    0.00000E+00    0.17691E-01    0.00000E+00    0.14207E-04    0.20621E-04    0.14849E-04    0.00000E+00    0.14207E+02    0.00000E+00    0.20621E+02    0.00000E+00    0.14849E+02    0.41992E-01    0.53305E+01    0.31258E-01    0.64220E+01    0.41045E-01    0.54495E+01    0.26458E-01    0.36171E+01    0.22807E-01    0.39585E+01    0.26093E-01    0.36512E+01
4300  10    0.14390E-03    0.10326E-03    0.14020E-03    0.13767E-03    0.62276E+01    0.93599E-04    0.96583E+01    0.13366E-03    0.65395E+01    0.30885E-01    0.35292E+01    0.23689E-01    0.43951E+01    0.30301E-01    0.36165E+01    0.21344E-01    0.15838E+01    0.18180E-01    0.19099E+01    0.21056E-01    0.16134E+01    0.25030E-03    0.18720E-03    0.24505E-03    0.25030E-03    0.00000E+00    0.18720E-03    0.00000E+00    0.24505E-03    0.00000E+00    0.22374E-01    0.00000E+00    0.19349E-01    0.00000E+00    0.22138E-01    0.00000E+00    0.17839E-01    0.00000E+00    0.16628E-01    0.00000E+00    0.17739E-01    0.00000E+00    0.13839E-04    0.19317E-04    0.14387E-04    0.00000E+00    0.13839E+02    0.00000E+00    0.19317E+02    0.00000E+00    0.14387E+02    0.38831E-01    0.52610E+01    0.27349E-01    0.62156E+01    0.37840E-01    0.53641E+01    0.25627E-01    0.35195E+01    0.19731E-01    0.38198E+01    0.25037E-01    0.35495E+01
4400  11    0.13093E-03    0.11927E-03    0.12987E-03    0.12506E-03    0.58726E+01    0.11037E-03    0.88982E+01    0.12372E-03    0.61477E+01    0.29807E-01    0.34271E+01    0.24584E-01    0.42186E+01    0.29371E-01    0.35065E+01    0.20469E-01    0.15767E+01    0.19363E-01    0.18141E+01    0.20369E-01    0.15982E+01    0.22737E-03    0.22074E-03    0.22682E-03    0.22737E-03    0.00000E+00    0.22074E-03    0.00000E+00    0.22682E-03    0.00000E+00    0.21325E-01    0.00000E+00    0.21011E-01    0.00000E+00    0.21299E-01    0.00000E+00    0.16714E-01    0.00000E+00    0.18571E-01    0.00000E+00    0.16869E-01    0.00000E+00    0.13050E-04    0.17796E-04    0.13525E-04    0.00000E+00    0.13050E+02    0.00000E+00    0.17796E+02    0.00000E+00    0.13525E+02    0.37664E-01    0.51089E+01    0.27699E-01    0.59660E+01    0.36789E-01    0.52009E+01    0.25059E-01    0.35037E+01    0.20154E-01    0.36282E+01    0.24569E-01    0.35161E+01
4500  11    0.11763E-03    0.98633E-04    0.11590E-03    0.11218E-03    0.54483E+01    0.90679E-04    0.79541E+01    0.11023E-03    0.56761E+01    0.27812E-01    0.33010E+01    0.21717E-01    0.39885E+01    0.27314E-01    0.33693E+01    0.18662E-01    0.15352E+01    0.17284E-01    0.16956E+01    0.18537E-01    0.15498E+01    0.20396E-03    0.18136E-03    0.20208E-03    0.20396E-03    0.00000E+00    0.18136E-03    0.00000E+00    0.20208E-03    0.00000E+00    0.20197E-01    0.00000E+00    0.19045E-01    0.00000E+00    0.20104E-01    0.00000E+00    0.15625E-01    0.00000E+00    0.17484E-01    0.00000E+00    0.15780E-01    0.00000E+00    0.12107E-04    0.15908E-04    0.12487E-04    0.00000E+00    0.12107E+02    0.00000E+00    0.15908E+02    0.00000E+00    0.12487E+02    0.34933E-01    0.49208E+01    0.24095E-01    0.56406E+01    0.34005E-01    0.49975E+01    0.22374E-01    0.34115E+01    0.17084E-01    0.33911E+01    0.21845E-01    0.34095E+01
4600  12    0.10686E-03    0.98715E-04    0.10612E-03    0.10162E-03    0.52448E+01    0.91213E-04    0.75021E+01    0.10067E-03    0.54500E+01    0.26344E-01    0.32388E+01    0.21242E-01    0.38735E+01    0.25921E-01    0.33015E+01    0.17686E-01    0.15092E+01    0.16691E-01    0.16431E+01    0.17595E-01    0.15213E+01    0.18476E-03    0.18243E-03    0.18457E-03    0.18476E-03    0.00000E+00    0.18243E-03    0.00000E+00    0.18457E-03    0.00000E+00    0.19223E-01    0.00000E+00    0.19101E-01    0.00000E+00    0.19213E-01    0.00000E+00    0.14716E-01    0.00000E+00    0.17205E-01    0.00000E+00    0.14923E-01    0.00000E+00    0.11655E-04    0.15004E-04    0.11990E-04    0.00000E+00    0.11655E+02    0.00000E+00    0.15004E+02    0.00000E+00    0.11990E+02    0.33023E-01    0.48280E+01    0.23185E-01    0.54780E+01    0.32175E-01    0.48969E+01    0.21315E-01    0.33537E+01    0.16176E-01    0.32863E+01    0.20801E-01    0.33470E+01
4700  13    0.10778E-03    0.11920E-03    0.10882E-03    0.10286E-03    0.49234E+01    0.11242E-03    0.67782E+01    0.10373E-03    0.50920E+01    0.24941E-01    0.31380E+01    0.22808E-01    0.36819E+01    0.24755E-01    0.31912E+01    0.17588E-01    0.14614E+01    0.17969E-01    0.15487E+01    0.17622E-01    0.14694E+01    0.18701E-03    0.22484E-03    0.19016E-03    0.18701E-03    0.00000E+00    0.22484E-03    0.00000E+00    0.19016E-03    0.00000E+00    0.19340E-01    0.00000E+00    0.21206E-01    0.00000E+00    0.19502E-01    0.00000E+00    0.14750E-01    0.00000E+00    0.17652E-01    0.00000E+00    0.14992E-01    0.00000E+00    0.10941E-04    0.13556E-04    0.11202E-04    0.00000E+00    0.10941E+02    0.00000E+00    0.13556E+02    0.00000E+00    0.11202E+02    0.30418E-01    0.46778E+01    0.24304E-01    0.52070E+01    0.29863E-01    0.47334E+01    0.21056E-01    0.32476E+01    0.18285E-01    0.30974E+01    0.20779E-01    0.32326E+01
4800  13    0.10119E-03    0.96771E-04    0.10079E-03    0.96689E-04    0.45051E+01    0.90497E-04    0.62741E+01    0.96126E-04    0.46659E+01    0.26843E-01    0.30017E+01    0.23468E-01    0.35423E+01    0.26554E-01    0.30548E+01    0.17428E-01    0.14065E+01    0.17534E-01    0.14903E+01    0.17437E-01    0.14141E+01    0.17580E-03    0.18099E-03    0.17623E-03    0.17580E-03    0.00000E+00    0.18099E-03    0.00000E+00    0.17623E-03    0.00000E+00    0.18751E-01    0.00000E+00    0.19026E-01    0.00000E+00    0.18774E-01    0.00000E+00    0.14119E-01    0.00000E+00    0.15991E-01    0.00000E+00    0.14275E-01    0.00000E+00    0.10011E-04    0.12548E-04    0.10265E-04    0.00000E+00    0.10011E+02    0.00000E+00    0.12548E+02    0.00000E+00    0.10265E+02    0.34227E-01    0.44747E+01    0.27194E-01    0.50096E+01    0.33590E-01    0.45310E+01    0.21472E-01    0.31256E+01    0.19076E-01    0.29806E+01    0.21232E-01    0.31111E+01
4900  13    0.84813E-04    0.91856E-04    0.85453E-04    0.80521E-04    0.42915E+01    0.85859E-04    0.59963E+01    0.81007E-04    0.44465E+01    0.25412E-01    0.29297E+01    0.23266E-01    0.34630E+01    0.25225E-01    0.29821E+01    0.16760E-01    0.13718E+01    0.16552E-01    0.14641E+01    0.16741E-01    0.13802E+01    0.14640E-03    0.17172E-03    0.14851E-03    0.14640E-03    0.00000E+00    0.17172E-03    0.00000E+00    0.14851E-03    0.00000E+00    0.17112E-01    0.00000E+00    0.18532E-01    0.00000E+00    0.17234E-01    0.00000E+00    0.12910E-01    0.00000E+00    0.13509E-01    0.00000E+00    0.12960E-01    0.00000E+00    0.95368E-05    0.11993E-04    0.97823E-05    0.00000E+00    0.95368E+01    0.00000E+00    0.11993E+02    0.00000E+00    0.97823E+01    0.32821E-01    0.43673E+01    0.27187E-01    0.48975E+01    0.32302E-01    0.44232E+01    0.21466E-01    0.30484E+01    0.19595E-01    0.29281E+01    0.21279E-01    0.30363E+01
5000  14    0.82984E-04    0.99910E-04    0.84522E-04    0.78831E-04    0.41522E+01    0.94339E-04    0.55710E+01    0.80241E-04    0.42812E+01    0.24195E-01    0.28817E+01    0.21653E-01    0.33380E+01    0.23975E-01    0.29262E+01    0.15533E-01    0.13452E+01    0.16489E-01    0.14109E+01    0.15620E-01    0.13512E+01    0.14333E-03    0.18868E-03    0.14711E-03    0.14333E-03    0.00000E+00    0.18868E-03    0.00000E+00    0.14711E-03    0.00000E+00    0.16931E-01    0.00000E+00    0.19426E-01    0.00000E+00    0.17153E-01    0.00000E+00    0.12795E-01    0.00000E+00    0.16921E-01    0.00000E+00    0.13139E-01    0.00000E+00    0.92271E-05    0.11142E-04    0.94186E-05    0.00000E+00    0.92271E+01    0.00000E+00    0.11142E+02    0.00000E+00    0.94186E+01    0.30830E-01    0.42958E+01    0.23672E-01    0.47206E+01    0.30190E-01    0.43402E+01    0.18881E-01    0.29893E+01    0.16056E-01    0.28218E+01    0.18598E-01    0.29726E+01
5100  15    0.82949E-04    0.10245E-03    0.84722E-04    0.79227E-04    0.37224E+01    0.97365E-04    0.50835E+01    0.80876E-04    0.38461E+01    0.23816E-01    0.27285E+01    0.22787E-01    0.31886E+01    0.23725E-01    0.27735E+01    0.16667E-01    0.12707E+01    0.17574E-01    0.13557E+01    0.16749E-01    0.12785E+01    0.14405E-03    0.19473E-03    0.14827E-03    0.14405E-03    0.00000E+00    0.19473E-03    0.00000E+00    0.14827E-03    0.00000E+00    0.16973E-01    0.00000E+00    0.19735E-01    0.00000E+00    0.17220E-01    0.00000E+00    0.13241E-01    0.00000E+00    0.14933E-01    0.00000E+00    0.13382E-01    0.00000E+00    0.82720E-05    0.10167E-04    0.84615E-05    0.00000E+00    0.82720E+01    0.00000E+00    0.10167E+02    0.00000E+00    0.84615E+01    0.30139E-01    0.40674E+01    0.25476E-01    0.45093E+01    0.29706E-01    0.41138E+01    0.20853E-01    0.28239E+01    0.20215E-01    0.27113E+01    0.20789E-01    0.28126E+01
5200  15    0.68021E-04    0.74768E-04    0.68635E-04    0.64531E-04    0.34900E+01    0.70056E-04    0.47117E+01    0.65034E-04    0.36011E+01    0.21827E-01    0.26420E+01    0.20049E-01    0.30698E+01    0.21671E-01    0.26837E+01    0.14986E-01    0.12335E+01    0.15762E-01    0.13072E+01    0.15056E-01    0.12402E+01    0.11733E-03    0.14011E-03    0.11923E-03    0.11733E-03    0.00000E+00    0.14011E-03    0.00000E+00    0.11923E-03    0.00000E+00    0.15319E-01    0.00000E+00    0.16740E-01    0.00000E+00    0.15442E-01    0.00000E+00    0.11583E-01    0.00000E+00    0.13494E-01    0.00000E+00    0.11742E-01    0.00000E+00    0.77555E-05    0.94234E-05    0.79223E-05    0.00000E+00    0.77555E+01    0.00000E+00    0.94234E+01    0.00000E+00    0.79223E+01    0.27783E-01    0.39384E+01    0.22884E-01    0.43413E+01    0.27333E-01    0.39805E+01    0.19145E-01    0.27411E+01    0.18030E-01    0.26144E+01    0.19033E-01    0.27284E+01
5300  16    0.63854E-04    0.89232E-04    0.66161E-04    0.60453E-04    0.34017E+01    0.84771E-04    0.44614E+01    0.62663E-04    0.34980E+01    0.20682E-01    0.26083E+01    0.21374E-01    0.29871E+01    0.20746E-01    0.26450E+01    0.14456E-01    0.12123E+01    0.15790E-01    0.12461E+01    0.14578E-01    0.12154E+01    0.10991E-03    0.16954E-03    0.11488E-03    0.10991E-03    0.00000E+00    0.16954E-03    0.00000E+00    0.11488E-03    0.00000E+00    0.14827E-01    0.00000E+00    0.18414E-01    0.00000E+00    0.15158E-01    0.00000E+00    0.11544E-01    0.00000E+00    0.12913E-01    0.00000E+00    0.11658E-01    0.00000E+00    0.75592E-05    0.89229E-05    0.76956E-05    0.00000E+00    0.75592E+01    0.00000E+00    0.89229E+01    0.00000E+00    0.76956E+01    0.26112E-01    0.38882E+01    0.23971E-01    0.42244E+01    0.25906E-01    0.39232E+01    0.18015E-01    0.26940E+01    0.18668E-01    0.24922E+01    0.18081E-01    0.26739E+01
5400  17    0.66284E-04    0.95962E-04    0.68982E-04    0.63194E-04    0.30900E+01    0.91839E-04    0.41234E+01    0.65798E-04    0.31840E+01    0.21218E-01    0.24860E+01    0.21651E-01    0.28717E+01    0.21258E-01    0.25235E+01    0.14895E-01    0.11629E+01    0.16328E-01    0.11992E+01    0.15025E-01    0.11662E+01    0.11490E-03    0.18368E-03    0.12063E-03    0.11490E-03    0.00000E+00    0.18368E-03    0.00000E+00    0.12063E-03    0.00000E+00    0.15159E-01    0.00000E+00    0.19167E-01    0.00000E+00    0.15533E-01    0.00000E+00    0.12101E-01    0.00000E+00    0.14840E-01    0.00000E+00    0.12329E-01    0.00000E+00    0.68667E-05    0.82468E-05    0.70047E-05    0.00000E+00    0.68667E+01    0.00000E+00    0.82468E+01    0.00000E+00    0.70047E+01    0.26826E-01    0.37059E+01    0.23879E-01    0.40612E+01    0.26546E-01    0.37429E+01    0.18311E-01    0.25842E+01    0.17816E-01    0.23984E+01    0.18261E-01    0.25656E+01
5500  17    0.51641E-04    0.70513E-04    0.53356E-04    0.48824E-04    0.28171E+01    0.66666E-04    0.38467E+01    0.50446E-04    0.29107E+01    0.19267E-01    0.23736E+01    0.19410E-01    0.27737E+01    0.19280E-01    0.24128E+01    0.13054E-01    0.11156E+01    0.14704E-01    0.11410E+01    0.13204E-01    0.11179E+01    0.88770E-04    0.13333E-03    0.92484E-04    0.88770E-04    0.00000E+00    0.13333E-03    0.00000E+00    0.92484E-04    0.00000E+00    0.13324E-01    0.00000E+00    0.16330E-01    0.00000E+00    0.13600E-01    0.00000E+00    0.10109E-01    0.00000E+00    0.12679E-01    0.00000E+00    0.10323E-01    0.00000E+00    0.62602E-05    0.76934E-05    0.64035E-05    0.00000E+00    0.62602E+01    0.00000E+00    0.76934E+01    0.00000E+00    0.64035E+01    0.24657E-01    0.35384E+01    0.22065E-01    0.39226E+01    0.24410E-01    0.35787E+01    0.16654E-01    0.24790E+01    0.16730E-01    0.22820E+01    0.16662E-01    0.24593E+01
5600  18    0.56271E-04    0.86319E-04    0.59002E-04    0.53500E-04    0.27709E+01    0.82666E-04    0.36530E+01    0.56151E-04    0.28511E+01    0.18718E-01    0.23541E+01    0.20128E-01    0.27030E+01    0.18851E-01    0.23879E+01    0.13397E-01    0.11049E+01    0.15518E-01    0.10939E+01    0.13589E-01    0.11039E+01    0.97272E-04    0.16533E-03    0.10294E-03    0.97272E-04    0.00000E+00    0.16533E-03    0.00000E+00    0.10294E-03    0.00000E+00    0.13948E-01    0.00000E+00    0.18184E-01    0.00000E+00    0.14349E-01    0.00000E+00    0.10937E-01    0.00000E+00    0.13957E-01    0.00000E+00    0.11188E-01    0.00000E+00    0.61575E-05    0.73060E-05    0.62724E-05    0.00000E+00    0.61575E+01    0.00000E+00    0.73060E+01    0.00000E+00    0.62724E+01    0.23256E-01    0.35093E+01    0.21901E-01    0.38226E+01    0.23124E-01    0.35419E+01    0.16403E-01    0.24554E+01    0.17079E-01    0.21878E+01    0.16471E-01    0.24287E+01
5700  19    0.50175E-04    0.76727E-04    0.52588E-04    0.47620E-04    0.25550E+01    0.73374E-04    0.33527E+01    0.49961E-04    0.26275E+01    0.17075E-01    0.22605E+01    0.17037E-01    0.25895E+01    0.17071E-01    0.22924E+01    0.12097E-01    0.10626E+01    0.12974E-01    0.10266E+01    0.12177E-01    0.10593E+01    0.86581E-04    0.14675E-03    0.91595E-04    0.86581E-04    0.00000E+00    0.14675E-03    0.00000E+00    0.91595E-04    0.00000E+00    0.13159E-01    0.00000E+00    0.17132E-01    0.00000E+00    0.13535E-01    0.00000E+00    0.10072E-01    0.00000E+00    0.12827E-01    0.00000E+00    0.10301E-01    0.00000E+00    0.56777E-05    0.67054E-05    0.57805E-05    0.00000E+00    0.56777E+01    0.00000E+00    0.67054E+01    0.00000E+00    0.57805E+01    0.20886E-01    0.33698E+01    0.16942E-01    0.36621E+01    0.20526E-01    0.34001E+01    0.14572E-01    0.23612E+01    0.13120E-01    0.20532E+01    0.14427E-01    0.23304E+01
5800  19    0.41995E-04    0.66389E-04    0.44213E-04    0.39687E-04    0.23088E+01    0.63342E-04    0.30470E+01    0.41837E-04    0.23759E+01    0.16440E-01    0.21488E+01    0.17015E-01    0.24686E+01    0.16493E-01    0.21799E+01    0.11528E-01    0.10169E+01    0.12732E-01    0.97628E+00    0.11638E-01    0.10132E+01    0.72158E-04    0.12668E-03    0.76701E-04    0.72158E-04    0.00000E+00    0.12668E-03    0.00000E+00    0.76701E-04    0.00000E+00    0.12013E-01    0.00000E+00    0.15917E-01    0.00000E+00    0.12386E-01    0.00000E+00    0.89757E-02    0.00000E+00    0.10870E-01    0.00000E+00    0.91335E-02    0.00000E+00    0.51306E-05    0.60941E-05    0.52269E-05    0.00000E+00    0.51306E+01    0.00000E+00    0.60941E+01    0.00000E+00    0.52269E+01    0.20596E-01    0.32033E+01    0.18045E-01    0.34911E+01    0.20356E-01    0.32332E+01    0.14648E-01    0.22598E+01    0.14595E-01    0.19526E+01    0.14642E-01    0.22291E+01
5900  19    0.39175E-04    0.59199E-04    0.40995E-04    0.36988E-04    0.21865E+01    0.56345E-04    0.28543E+01    0.38748E-04    0.22472E+01    0.15911E-01    0.20912E+01    0.15857E-01    0.23893E+01    0.15906E-01    0.21200E+01    0.10831E-01    0.98977E+00    0.12086E-01    0.93440E+00    0.10945E-01    0.98474E+00    0.67251E-04    0.11269E-03    0.71037E-04    0.67251E-04    0.00000E+00    0.11269E-03    0.00000E+00    0.71037E-04    0.00000E+00    0.11597E-01    0.00000E+00    0.15013E-01    0.00000E+00    0.11920E-01    0.00000E+00    0.84472E-02    0.00000E+00    0.10976E-01    0.00000E+00    0.86580E-02    0.00000E+00    0.48589E-05    0.57086E-05    0.49439E-05    0.00000E+00    0.48589E+01    0.00000E+00    0.57086E+01    0.00000E+00    0.49439E+01    0.19955E-01    0.31174E+01    0.16659E-01    0.33789E+01    0.19650E-01    0.31445E+01    0.13744E-01    0.21995E+01    0.13195E-01    0.18688E+01    0.13689E-01    0.21664E+01
6000  20    0.50067E-04    0.78419E-04    0.52645E-04    0.47989E-04    0.20782E+01    0.75813E-04    0.26054E+01    0.50519E-04    0.21261E+01    0.18497E-01    0.20387E+01    0.20151E-01    0.22827E+01    0.18654E-01    0.20621E+01    0.12549E-01    0.97025E+00    0.14877E-01    0.90058E+00    0.12760E-01    0.96392E+00    0.87253E-04    0.15163E-03    0.92617E-04    0.87253E-04    0.00000E+00    0.15163E-03    0.00000E+00    0.92617E-04    0.00000E+00    0.13210E-01    0.00000E+00    0.17414E-01    0.00000E+00    0.13610E-01    0.00000E+00    0.98110E-02    0.00000E+00    0.13291E-01    0.00000E+00    0.10101E-01    0.00000E+00    0.46182E-05    0.52108E-05    0.46775E-05    0.00000E+00    0.46182E+01    0.00000E+00    0.52108E+01    0.00000E+00    0.46775E+01    0.23389E-01    0.30391E+01    0.22558E-01    0.32283E+01    0.23307E-01    0.30586E+01    0.15894E-01    0.21561E+01    0.16462E-01    0.18012E+01    0.15951E-01    0.21206E+01
6100  21    0.51576E-04    0.59879E-04    0.52331E-04    0.49637E-04    0.19397E+01    0.57390E-04    0.24891E+01    0.50341E-04    0.19896E+01    0.14563E-01    0.19696E+01    0.13284E-01    0.22312E+01    0.14452E-01    0.19948E+01    0.10665E-01    0.92807E+00    0.10279E-01    0.82639E+00    0.10630E-01    0.91883E+00    0.90248E-04    0.11478E-03    0.92293E-04    0.90248E-04    0.00000E+00    0.11478E-03    0.00000E+00    0.92293E-04    0.00000E+00    0.13435E-01    0.00000E+00    0.15151E-01    0.00000E+00    0.13586E-01    0.00000E+00    0.99722E-02    0.00000E+00    0.11547E-01    0.00000E+00    0.10103E-01    0.00000E+00    0.43104E-05    0.49782E-05    0.43772E-05    0.00000E+00    0.43104E+01    0.00000E+00    0.49782E+01    0.00000E+00    0.43772E+01    0.15833E-01    0.29361E+01    0.11108E-01    0.31554E+01    0.15426E-01    0.29588E+01    0.11512E-01    0.20624E+01    0.90103E-02    0.16528E+01    0.11262E-01    0.20214E+01
6200  21    0.36347E-04    0.57868E-04    0.38304E-04    0.34574E-04    0.17731E+01    0.55521E-04    0.23468E+01    0.36479E-04    0.18252E+01    0.14670E-01    0.18831E+01    0.16274E-01    0.21665E+01    0.14823E-01    0.19106E+01    0.10795E-01    0.89641E+00    0.12398E-01    0.82654E+00    0.10941E-01    0.89006E+00    0.62863E-04    0.11104E-03    0.66878E-04    0.62863E-04    0.00000E+00    0.11104E-03    0.00000E+00    0.66878E-04    0.00000E+00    0.11213E-01    0.00000E+00    0.14902E-01    0.00000E+00    0.11565E-01    0.00000E+00    0.86462E-02    0.00000E+00    0.99671E-02    0.00000E+00    0.87563E-02    0.00000E+00    0.39402E-05    0.46937E-05    0.40155E-05    0.00000E+00    0.39402E+01    0.00000E+00    0.46937E+01    0.00000E+00    0.40155E+01    0.18017E-01    0.28072E+01    0.17538E-01    0.30639E+01    0.17969E-01    0.28339E+01    0.13421E-01    0.19920E+01    0.14830E-01    0.16531E+01    0.13562E-01    0.19581E+01
6300  21    0.38411E-04    0.47998E-04    0.39282E-04    0.36709E-04    0.17021E+01    0.45668E-04    0.23301E+01    0.37523E-04    0.17592E+01    0.14798E-01    0.18451E+01    0.14877E-01    0.21588E+01    0.14805E-01    0.18758E+01    0.10558E-01    0.87493E+00    0.12187E-01    0.81980E+00    0.10706E-01    0.86992E+00    0.66743E-04    0.91336E-04    0.68793E-04    0.66743E-04    0.00000E+00    0.91336E-04    0.00000E+00    0.68793E-04    0.00000E+00    0.11554E-01    0.00000E+00    0.13516E-01    0.00000E+00    0.11730E-01    0.00000E+00    0.87125E-02    0.00000E+00    0.11281E-01    0.00000E+00    0.89265E-02    0.00000E+00    0.37825E-05    0.46602E-05    0.38703E-05    0.00000E+00    0.37825E+01    0.00000E+00    0.46602E+01    0.00000E+00    0.38703E+01    0.17985E-01    0.27505E+01    0.16124E-01    0.30529E+01    0.17808E-01    0.27822E+01    0.12813E-01    0.19443E+01    0.13094E-01    0.16396E+01    0.12841E-01    0.19138E+01
6400  22    0.41564E-04    0.49324E-04    0.42269E-04    0.39910E-04    0.16539E+01    0.46966E-04    0.23580E+01    0.40552E-04    0.17179E+01    0.14784E-01    0.18187E+01    0.14205E-01    0.21716E+01    0.14732E-01    0.18536E+01    0.10402E-01    0.86451E+00    0.10806E-01    0.83537E+00    0.10439E-01    0.86187E+00    0.72564E-04    0.93932E-04    0.74344E-04    0.72564E-04    0.00000E+00    0.93932E-04    0.00000E+00    0.74344E-04    0.00000E+00    0.12047E-01    0.00000E+00    0.13706E-01    0.00000E+00    0.12194E-01    0.00000E+00    0.90845E-02    0.00000E+00    0.11819E-01    0.00000E+00    0.93123E-02    0.00000E+00    0.36753E-05    0.47159E-05    0.37794E-05    0.00000E+00    0.36753E+01    0.00000E+00    0.47159E+01    0.00000E+00    0.37794E+01    0.17559E-01    0.27112E+01    0.14687E-01    0.30711E+01    0.17294E-01    0.27493E+01    0.12013E-01    0.19211E+01    0.97929E-02    0.16707E+01    0.11791E-01    0.18961E+01
6500  23    0.30384E-04    0.54136E-04    0.32544E-04    0.28913E-04    0.14711E+01    0.52060E-04    0.20753E+01    0.31017E-04    0.15261E+01    0.13768E-01    0.17153E+01    0.14233E-01    0.20373E+01    0.13811E-01    0.17470E+01    0.99580E-02    0.82044E+00    0.10838E-01    0.80765E+00    0.10038E-01    0.81928E+00    0.52569E-04    0.10412E-03    0.56865E-04    0.52569E-04    0.00000E+00    0.10412E-03    0.00000E+00    0.56865E-04    0.00000E+00    0.10254E-01    0.00000E+00    0.14431E-01    0.00000E+00    0.10664E-01    0.00000E+00    0.77846E-02    0.00000E+00    0.10439E-01    0.00000E+00    0.80058E-02    0.00000E+00    0.32692E-05    0.41506E-05    0.33573E-05    0.00000E+00    0.32692E+01    0.00000E+00    0.41506E+01    0.00000E+00    0.33573E+01    0.17110E-01    0.25570E+01    0.14033E-01    0.28812E+01    0.16828E-01    0.25913E+01    0.12614E-01    0.18232E+01    0.11237E-01    0.16153E+01    0.12477E-01    0.18024E+01
6600  24    0.26266E-04    0.51768E-04    0.28585E-04    0.24859E-04    0.14069E+01    0.49804E-04    0.19640E+01    0.27127E-04    0.14575E+01    0.13296E-01    0.16774E+01    0.14053E-01    0.19819E+01    0.13366E-01    0.17074E+01    0.92192E-02    0.79647E+00    0.10241E-01    0.80069E+00    0.93121E-02    0.79685E+00    0.45199E-04    0.99608E-04    0.49733E-04    0.45199E-04    0.00000E+00    0.99608E-04    0.00000E+00    0.49733E-04    0.00000E+00    0.95078E-02    0.00000E+00    0.14114E-01    0.00000E+00    0.99733E-02    0.00000E+00    0.69520E-02    0.00000E+00    0.99443E-02    0.00000E+00    0.72014E-02    0.00000E+00    0.31264E-05    0.39280E-05    0.32066E-05    0.00000E+00    0.31264E+01    0.00000E+00    0.39280E+01    0.00000E+00    0.32066E+01    0.16803E-01    0.25006E+01    0.13991E-01    0.28028E+01    0.16544E-01    0.25324E+01    0.11990E-01    0.17699E+01    0.10538E-01    0.16014E+01    0.11845E-01    0.17531E+01
6700  25    0.25799E-04    0.49249E-04    0.27931E-04    0.24438E-04    0.13609E+01    0.47359E-04    0.18896E+01    0.26522E-04    0.14090E+01    0.11895E-01    0.16498E+01    0.12845E-01    0.19440E+01    0.11985E-01    0.16787E+01    0.86342E-02    0.78164E+00    0.10397E-01    0.80404E+00    0.87945E-02    0.78368E+00    0.44432E-04    0.94718E-04    0.48623E-04    0.44432E-04    0.00000E+00    0.94718E-04    0.00000E+00    0.48623E-04    0.00000E+00    0.94268E-02    0.00000E+00    0.13764E-01    0.00000E+00    0.98613E-02    0.00000E+00    0.71757E-02    0.00000E+00    0.11242E-01    0.00000E+00    0.75145E-02    0.00000E+00    0.30242E-05    0.37791E-05    0.30997E-05    0.00000E+00    0.30242E+01    0.00000E+00    0.37791E+01    0.00000E+00    0.30997E+01    0.14347E-01    0.24594E+01    0.11856E-01    0.27492E+01    0.14118E-01    0.24899E+01    0.10417E-01    0.17370E+01    0.95529E-02    0.16081E+01    0.10330E-01    0.17241E+01
6800  26    0.28151E-04    0.54847E-04    0.30577E-04    0.26861E-04    0.12898E+01    0.53069E-04    0.17781E+01    0.29243E-04    0.13342E+01    0.13826E-01    0.16061E+01    0.15581E-01    0.18858E+01    0.13995E-01    0.16335E+01    0.98827E-02    0.76476E+00    0.11891E-01    0.79375E+00    0.10065E-01    0.76740E+00    0.48838E-04    0.10614E-03    0.53613E-04    0.48838E-04    0.00000E+00    0.10614E-03    0.00000E+00    0.53613E-04    0.00000E+00    0.98831E-02    0.00000E+00    0.14570E-01    0.00000E+00    0.10355E-01    0.00000E+00    0.73755E-02    0.00000E+00    0.10496E-01    0.00000E+00    0.76355E-02    0.00000E+00    0.28662E-05    0.35563E-05    0.29352E-05    0.00000E+00    0.28662E+01    0.00000E+00    0.35563E+01    0.00000E+00    0.29352E+01    0.17477E-01    0.23943E+01    0.16530E-01    0.26669E+01    0.17384E-01    0.24229E+01    0.12947E-01    0.16995E+01    0.13287E-01    0.15875E+01    0.12981E-01    0.16883E+01
6900  27    0.30161E-04    0.50543E-04    0.32013E-04    0.28964E-04    0.11963E+01    0.48848E-04    0.16951E+01    0.30772E-04    0.12416E+01    0.13674E-01    0.15468E+01    0.15000E-01    0.18413E+01    0.13800E-01    0.15758E+01    0.99420E-02    0.73319E+00    0.12264E-01    0.78236E+00    0.10153E-01    0.73766E+00    0.52662E-04    0.97695E-04    0.56415E-04    0.52662E-04    0.00000E+00    0.97695E-04    0.00000E+00    0.56415E-04    0.00000E+00    0.10263E-01    0.00000E+00    0.13978E-01    0.00000E+00    0.10622E-01    0.00000E+00    0.79639E-02    0.00000E+00    0.12112E-01    0.00000E+00    0.83095E-02    0.00000E+00    0.26584E-05    0.33902E-05    0.27316E-05    0.00000E+00    0.26584E+01    0.00000E+00    0.33902E+01    0.00000E+00    0.27316E+01    0.16935E-01    0.23058E+01    0.15956E-01    0.26039E+01    0.16840E-01    0.23374E+01    0.12360E-01    0.16293E+01    0.12415E-01    0.15647E+01    0.12365E-01    0.16229E+01
7000  28    0.31428E-04    0.67432E-04    0.34701E-04    0.30283E-04    0.11457E+01    0.65813E-04    0.16190E+01    0.33513E-04    0.11887E+01    0.13070E-01    0.15137E+01    0.15131E-01    0.17994E+01    0.13271E-01    0.15419E+01    0.10032E-01    0.72090E+00    0.11680E-01    0.79034E+00    0.10182E-01    0.72721E+00    0.55059E-04    0.13163E-03    0.61440E-04    0.55059E-04    0.00000E+00    0.13163E-03    0.00000E+00    0.61440E-04    0.00000E+00    0.10494E-01    0.00000E+00    0.16225E-01    0.00000E+00    0.11085E-01    0.00000E+00    0.84239E-02    0.00000E+00    0.12282E-01    0.00000E+00    0.87454E-02    0.00000E+00    0.25460E-05    0.32379E-05    0.26152E-05    0.00000E+00    0.25460E+01    0.00000E+00    0.32379E+01    0.00000E+00    0.26152E+01    0.15654E-01    0.22566E+01    0.13952E-01    0.25448E+01    0.15492E-01    0.22870E+01    0.11997E-01    0.16020E+01    0.11078E-01    0.15807E+01    0.11905E-01    0.15999E+01
7100  29    0.25353E-04    0.57029E-04    0.28233E-04    0.24281E-04    0.10723E+01    0.55541E-04    0.14883E+01    0.27123E-04    0.11101E+01    0.12678E-01    0.14644E+01    0.14665E-01    0.17253E+01    0.12871E-01    0.14900E+01    0.94812E-02    0.68973E+00    0.11235E-01    0.76183E+00    0.96406E-02    0.69629E+00    0.44147E-04    0.11108E-03    0.49725E-04    0.44147E-04    0.00000E+00    0.11108E-03    0.00000E+00    0.49725E-04    0.00000E+00    0.93965E-02    0.00000E+00    0.14905E-01    0.00000E+00    0.99724E-02    0.00000E+00    0.74153E-02    0.00000E+00    0.11588E-01    0.00000E+00    0.77631E-02    0.00000E+00    0.23829E-05    0.29765E-05    0.24422E-05    0.00000E+00    0.23829E+01    0.00000E+00    0.29765E+01    0.00000E+00    0.24422E+01    0.15788E-01    0.21831E+01    0.14420E-01    0.24399E+01    0.15657E-01    0.22101E+01    0.12006E-01    0.15327E+01    0.10881E-01    0.15237E+01    0.11894E-01    0.15318E+01
7200  30    0.29383E-04    0.48440E-04    0.31116E-04    0.28367E-04    0.10164E+01    0.47007E-04    0.14336E+01    0.30061E-04    0.10543E+01    0.12629E-01    0.14258E+01    0.13955E-01    0.16933E+01    0.12755E-01    0.14521E+01    0.93534E-02    0.66560E+00    0.11396E-01    0.74894E+00    0.95391E-02    0.67318E+00    0.51576E-04    0.94013E-04    0.55112E-04    0.51576E-04    0.00000E+00    0.94013E-04    0.00000E+00    0.55112E-04    0.00000E+00    0.10156E-01    0.00000E+00    0.13712E-01    0.00000E+00    0.10499E-01    0.00000E+00    0.78561E-02    0.00000E+00    0.10980E-01    0.00000E+00    0.81164E-02    0.00000E+00    0.22587E-05    0.28671E-05    0.23195E-05    0.00000E+00    0.22587E+01    0.00000E+00    0.28671E+01    0.00000E+00    0.23195E+01    0.15112E-01    0.21254E+01    0.14193E-01    0.23946E+01    0.15022E-01    0.21539E+01    0.11184E-01    0.14791E+01    0.11812E-01    0.14979E+01    0.11246E-01    0.14810E+01
7300  30    0.24902E-04    0.47652E-04    0.26971E-04    0.23888E-04    0.10140E+01    0.46280E-04    0.13726E+01    0.25924E-04    0.10466E+01    0.11294E-01    0.14241E+01    0.12247E-01    0.16568E+01    0.11384E-01    0.14468E+01    0.86365E-02    0.66435E+00    0.10349E-01    0.74636E+00    0.87922E-02    0.67180E+00    0.43433E-04    0.92559E-04    0.47527E-04    0.43433E-04    0.00000E+00    0.92559E-04    0.00000E+00    0.47527E-04    0.00000E+00    0.93202E-02    0.00000E+00    0.13606E-01    0.00000E+00    0.97496E-02    0.00000E+00    0.72625E-02    0.00000E+00    0.11636E-01    0.00000E+00    0.76270E-02    0.00000E+00    0.22534E-05    0.27451E-05    0.23026E-05    0.00000E+00    0.22534E+01    0.00000E+00    0.27451E+01    0.00000E+00    0.23026E+01    0.13316E-01    0.21229E+01    0.10718E-01    0.23431E+01    0.13079E-01    0.21460E+01    0.10316E-01    0.14763E+01    0.90612E-02    0.14927E+01    0.10190E-01    0.14780E+01
7400  31    0.17747E-04    0.52915E-04    0.20944E-04    0.16802E-04    0.94451E+00    0.51667E-04    0.12478E+01    0.19972E-04    0.97209E+00    0.10736E-01    0.13744E+01    0.14146E-01    0.15798E+01    0.11089E-01    0.13943E+01    0.81614E-02    0.65096E+00    0.11302E-01    0.72630E+00    0.84469E-02    0.65781E+00    0.30549E-04    0.10333E-03    0.36615E-04    0.30549E-04    0.00000E+00    0.10333E-03    0.00000E+00    0.36615E-04    0.00000E+00    0.78166E-02    0.00000E+00    0.14376E-01    0.00000E+00    0.85574E-02    0.00000E+00    0.61884E-02    0.00000E+00    0.10340E-01    0.00000E+00    0.65343E-02    0.00000E+00    0.20989E-05    0.24957E-05    0.21386E-05    0.00000E+00    0.20989E+01    0.00000E+00    0.24957E+01    0.00000E+00    0.21386E+01    0.13471E-01    0.20489E+01    0.13912E-01    0.22341E+01    0.13516E-01    0.20681E+01    0.10573E-01    0.14466E+01    0.12265E-01    0.14526E+01    0.10742E-01    0.14472E+01
7500  31    0.16850E-04    0.46629E-04    0.19557E-04    0.15936E-04    0.91318E+00    0.45427E-04    0.12023E+01    0.18617E-04    0.93946E+00    0.10185E-01    0.13514E+01    0.13320E-01    0.15507E+01    0.10509E-01    0.13707E+01    0.79490E-02    0.64223E+00    0.10500E-01    0.71735E+00    0.81809E-02    0.64906E+00    0.28975E-04    0.90854E-04    0.34132E-04    0.28975E-04    0.00000E+00    0.90854E-04    0.00000E+00    0.34132E-04    0.00000E+00    0.76125E-02    0.00000E+00    0.13480E-01    0.00000E+00    0.82622E-02    0.00000E+00    0.60303E-02    0.00000E+00    0.93387E-02    0.00000E+00    0.63060E-02    0.00000E+00    0.20293E-05    0.24046E-05    0.20668E-05    0.00000E+00    0.20293E+01    0.00000E+00    0.24046E+01    0.00000E+00    0.20668E+01    0.12637E-01    0.20146E+01    0.13158E-01    0.21930E+01    0.12690E-01    0.20331E+01    0.10294E-01    0.14272E+01    0.11661E-01    0.14347E+01    0.10431E-01    0.14279E+01
7600  32    0.17232E-04    0.61649E-04    0.21270E-04    0.16389E-04    0.84329E+00    0.60558E-04    0.10910E+01    0.20404E-04    0.86581E+00    0.10390E-01    0.12987E+01    0.13853E-01    0.14772E+01    0.10751E-01    0.13159E+01    0.77824E-02    0.61844E+00    0.10636E-01    0.68853E+00    0.80417E-02    0.62481E+00    0.29798E-04    0.12112E-03    0.37408E-04    0.29798E-04    0.00000E+00    0.12112E-03    0.00000E+00    0.37408E-04    0.00000E+00    0.77198E-02    0.00000E+00    0.15564E-01    0.00000E+00    0.86496E-02    0.00000E+00    0.59720E-02    0.00000E+00    0.11235E-01    0.00000E+00    0.64105E-02    0.00000E+00    0.18740E-05    0.21821E-05    0.19048E-05    0.00000E+00    0.18740E+01    0.00000E+00    0.21821E+01    0.00000E+00    0.19048E+01    0.12925E-01    0.19360E+01    0.11900E-01    0.20890E+01    0.12826E-01    0.19518E+01    0.99950E-02    0.13743E+01    0.10037E-01    0.13771E+01    0.99992E-02    0.13746E+01
7700  32    0.16847E-04    0.37438E-04    0.18719E-04    0.15992E-04    0.85472E+00    0.36384E-04    0.10543E+01    0.17846E-04    0.87286E+00    0.86767E-02    0.13075E+01    0.10031E-01    0.14521E+01    0.88085E-02    0.13213E+01    0.64866E-02    0.61635E+00    0.76625E-02    0.67427E+00    0.65935E-02    0.62162E+00    0.29076E-04    0.72768E-04    0.32717E-04    0.29076E-04    0.00000E+00    0.72768E-04    0.00000E+00    0.32717E-04    0.00000E+00    0.76258E-02    0.00000E+00    0.12064E-01    0.00000E+00    0.80891E-02    0.00000E+00    0.56962E-02    0.00000E+00    0.93001E-02    0.00000E+00    0.59966E-02    0.00000E+00    0.18994E-05    0.21085E-05    0.19203E-05    0.00000E+00    0.18994E+01    0.00000E+00    0.21085E+01    0.00000E+00    0.19203E+01    0.98095E-02    0.19490E+01    0.74647E-02    0.20535E+01    0.96009E-02    0.19597E+01    0.74526E-02    0.13697E+01    0.60249E-02    0.13485E+01    0.73099E-02    0.13676E+01
7800  33    0.14174E-04    0.54558E-04    0.17846E-04    0.13369E-04    0.80579E+00    0.53590E-04    0.96794E+00    0.17025E-04    0.82053E+00    0.96918E-02    0.12695E+01    0.13637E-01    0.13914E+01    0.10114E-01    0.12810E+01    0.71653E-02    0.60446E+00    0.10911E-01    0.65754E+00    0.75058E-02    0.60929E+00    0.24307E-04    0.10718E-03    0.31213E-04    0.24307E-04    0.00000E+00    0.10718E-03    0.00000E+00    0.31213E-04    0.00000E+00    0.69723E-02    0.00000E+00    0.14641E-01    0.00000E+00    0.79010E-02    0.00000E+00    0.54345E-02    0.00000E+00    0.10715E-01    0.00000E+00    0.58745E-02    0.00000E+00    0.17906E-05    0.19359E-05    0.18052E-05    0.00000E+00    0.17906E+01    0.00000E+00    0.19359E+01    0.00000E+00    0.18052E+01    0.12220E-01    0.18924E+01    0.12554E-01    0.19677E+01    0.12253E-01    0.19001E+01    0.92807E-02    0.13432E+01    0.11107E-01    0.13151E+01    0.94634E-02    0.13404E+01
7900  34    0.22307E-04    0.52773E-04    0.25076E-04    0.21543E-04    0.76359E+00    0.51809E-04    0.96328E+00    0.24295E-04    0.78174E+00    0.10491E-01    0.12358E+01    0.12121E-01    0.13880E+01    0.10649E-01    0.12504E+01    0.80391E-02    0.58890E+00    0.99444E-02    0.64574E+00    0.82123E-02    0.59406E+00    0.39169E-04    0.10362E-03    0.44540E-04    0.39169E-04    0.00000E+00    0.10362E-03    0.00000E+00    0.44540E-04    0.00000E+00    0.88509E-02    0.00000E+00    0.14396E-01    0.00000E+00    0.94382E-02    0.00000E+00    0.68294E-02    0.00000E+00    0.11736E-01    0.00000E+00    0.72383E-02    0.00000E+00    0.16969E-05    0.19266E-05    0.17198E-05    0.00000E+00    0.16969E+01    0.00000E+00    0.19266E+01    0.00000E+00    0.17198E+01    0.12199E-01    0.18422E+01    0.93069E-02    0.19629E+01    0.11941E-01    0.18546E+01    0.95176E-02    0.13087E+01    0.81524E-02    0.12915E+01    0.93810E-02    0.13069E+01
8000  35    0.12267E-04    0.42236E-04    0.14991E-04    0.11537E-04    0.72954E+00    0.41310E-04    0.92582E+00    0.14244E-04    0.74738E+00    0.84082E-02    0.12079E+01    0.10538E-01    0.13607E+01    0.86236E-02    0.12226E+01    0.61953E-02    0.57237E+00    0.76870E-02    0.63685E+00    0.63309E-02    0.57823E+00    0.20976E-04    0.82620E-04    0.26113E-04    0.20976E-04    0.00000E+00    0.82620E-04    0.00000E+00    0.26113E-04    0.00000E+00    0.64771E-02    0.00000E+00    0.12855E-01    0.00000E+00    0.72268E-02    0.00000E+00    0.47216E-02    0.00000E+00    0.89991E-02    0.00000E+00    0.50781E-02    0.00000E+00    0.16212E-05    0.18516E-05    0.16442E-05    0.00000E+00    0.16212E+01    0.00000E+00    0.18516E+01    0.00000E+00    0.16442E+01    0.10287E-01    0.18007E+01    0.75405E-02    0.19244E+01    0.10047E-01    0.18134E+01    0.79965E-02    0.12719E+01    0.63749E-02    0.12737E+01    0.78343E-02    0.12721E+01
8100  36    0.13553E-04    0.37702E-04    0.15748E-04    0.12875E-04    0.67751E+00    0.36833E-04    0.86887E+00    0.15053E-04    0.69491E+00    0.86553E-02    0.11641E+01    0.11526E-01    0.13182E+01    0.89544E-02    0.11789E+01    0.68322E-02    0.55580E+00    0.95425E-02    0.61900E+00    0.70786E-02    0.56154E+00    0.23409E-04    0.73667E-04    0.27597E-04    0.23409E-04    0.00000E+00    0.73667E-04    0.00000E+00    0.27597E-04    0.00000E+00    0.68424E-02    0.00000E+00    0.12138E-01    0.00000E+00    0.74293E-02    0.00000E+00    0.54402E-02    0.00000E+00    0.91985E-02    0.00000E+00    0.57534E-02    0.00000E+00    0.15056E-05    0.17377E-05    0.15288E-05    0.00000E+00    0.15056E+01    0.00000E+00    0.17377E+01    0.00000E+00    0.15288E+01    0.10452E-01    0.17353E+01    0.10879E-01    0.18643E+01    0.10496E-01    0.17486E+01    0.85336E-02    0.12351E+01    0.98864E-02    0.12380E+01    0.86688E-02    0.12354E+01
8200  37    0.10408E-04    0.47257E-04    0.13757E-04    0.97710E-05    0.63651E+00    0.46447E-04    0.80951E+00    0.13105E-04    0.65224E+00    0.80840E-02    0.11283E+01    0.11924E-01    0.12724E+01    0.85050E-02    0.11421E+01    0.60814E-02    0.54116E+00    0.93725E-02    0.59972E+00    0.63806E-02    0.54649E+00    0.17766E-04    0.92895E-04    0.24026E-04    0.17766E-04    0.00000E+00    0.92895E-04    0.00000E+00    0.24026E-04    0.00000E+00    0.59608E-02    0.00000E+00    0.13630E-01    0.00000E+00    0.69320E-02    0.00000E+00    0.45948E-02    0.00000E+00    0.10456E-01    0.00000E+00    0.50833E-02    0.00000E+00    0.14145E-05    0.16190E-05    0.14349E-05    0.00000E+00    0.14145E+01    0.00000E+00    0.16190E+01    0.00000E+00    0.14349E+01    0.10089E-01    0.16819E+01    0.99278E-02    0.17995E+01    0.10073E-01    0.16941E+01    0.78983E-02    0.12026E+01    0.82886E-02    0.11994E+01    0.79373E-02    0.12023E+01
8300  38    0.14529E-04    0.39385E-04    0.16789E-04    0.13906E-04    0.62306E+00    0.38589E-04    0.79559E+00    0.16150E-04    0.63875E+00    0.81106E-02    0.11163E+01    0.99323E-02    0.12614E+01    0.82928E-02    0.11303E+01    0.59895E-02    0.52956E+00    0.65783E-02    0.59286E+00    0.60431E-02    0.53531E+00    0.25284E-04    0.77179E-04    0.29609E-04    0.25284E-04    0.00000E+00    0.77179E-04    0.00000E+00    0.29609E-04    0.00000E+00    0.71111E-02    0.00000E+00    0.12424E-01    0.00000E+00    0.76953E-02    0.00000E+00    0.52976E-02    0.00000E+00    0.81679E-02    0.00000E+00    0.55368E-02    0.00000E+00    0.13846E-05    0.15912E-05    0.14052E-05    0.00000E+00    0.13846E+01    0.00000E+00    0.15912E+01    0.00000E+00    0.14052E+01    0.91857E-02    0.16641E+01    0.65533E-02    0.17839E+01    0.89574E-02    0.16764E+01    0.68352E-02    0.11768E+01    0.49887E-02    0.11857E+01    0.66506E-02    0.11777E+01
8400  39    0.14784E-04    0.49415E-04    0.17932E-04    0.14179E-04    0.60462E+00    0.48649E-04    0.76686E+00    0.17313E-04    0.61937E+00    0.86186E-02    0.10997E+01    0.11759E-01    0.12384E+01    0.89498E-02    0.11130E+01    0.67247E-02    0.52119E+00    0.79465E-02    0.58897E+00    0.68358E-02    0.52735E+00    0.25781E-04    0.97297E-04    0.31740E-04    0.25781E-04    0.00000E+00    0.97297E-04    0.00000E+00    0.31740E-04    0.00000E+00    0.71806E-02    0.00000E+00    0.13950E-01    0.00000E+00    0.79675E-02    0.00000E+00    0.57298E-02    0.00000E+00    0.90312E-02    0.00000E+00    0.60049E-02    0.00000E+00    0.13436E-05    0.15337E-05    0.13626E-05    0.00000E+00    0.13436E+01    0.00000E+00    0.15337E+01    0.00000E+00    0.13626E+01    0.10102E-01    0.16393E+01    0.90537E-02    0.17514E+01    0.10002E-01    0.16508E+01    0.79408E-02    0.11582E+01    0.68618E-02    0.11779E+01    0.78329E-02    0.11602E+01
8500  40    0.14601E-04    0.57537E-04    0.18504E-04    0.14016E-04    0.58462E+00    0.56829E-04    0.70778E+00    0.17908E-04    0.59581E+00    0.92371E-02    0.10813E+01    0.13056E-01    0.11898E+01    0.96469E-02    0.10916E+01    0.70836E-02    0.51535E+00    0.10236E-01    0.56917E+00    0.73702E-02    0.52024E+00    0.25484E-04    0.11366E-03    0.32832E-04    0.25484E-04    0.00000E+00    0.11366E-03    0.00000E+00    0.32832E-04    0.00000E+00    0.71392E-02    0.00000E+00    0.15077E-01    0.00000E+00    0.81033E-02    0.00000E+00    0.56356E-02    0.00000E+00    0.11478E-01    0.00000E+00    0.61224E-02    0.00000E+00    0.12992E-05    0.14156E-05    0.13108E-05    0.00000E+00    0.12992E+01    0.00000E+00    0.14156E+01    0.00000E+00    0.13108E+01    0.11283E-01    0.16119E+01    0.10658E-01    0.16826E+01    0.11222E-01    0.16191E+01    0.88535E-02    0.11452E+01    0.89932E-02    0.11383E+01    0.88675E-02    0.11445E+01
8600  41    0.10777E-04    0.41446E-04    0.13565E-04    0.10206E-04    0.57091E+00    0.40759E-04    0.68720E+00    0.12983E-04    0.58148E+00    0.78198E-02    0.10686E+01    0.10439E-01    0.11723E+01    0.80930E-02    0.10784E+01    0.57222E-02    0.50709E+00    0.81552E-02    0.56231E+00    0.59434E-02    0.51211E+00    0.18556E-04    0.81518E-04    0.23803E-04    0.18556E-04    0.00000E+00    0.81518E-04    0.00000E+00    0.23803E-04    0.00000E+00    0.60919E-02    0.00000E+00    0.12769E-01    0.00000E+00    0.68996E-02    0.00000E+00    0.46103E-02    0.00000E+00    0.10792E-01    0.00000E+00    0.51254E-02    0.00000E+00    0.12687E-05    0.13744E-05    0.12793E-05    0.00000E+00    0.12687E+01    0.00000E+00    0.13744E+01    0.00000E+00    0.12793E+01    0.95146E-02    0.15929E+01    0.74113E-02    0.16579E+01    0.93256E-02    0.15995E+01    0.70812E-02    0.11269E+01    0.55188E-02    0.11246E+01    0.69249E-02    0.11266E+01
8700  42    0.11683E-04    0.39702E-04    0.14230E-04    0.11122E-04    0.56114E+00    0.39041E-04    0.66044E+00    0.13660E-04    0.57017E+00    0.76968E-02    0.10594E+01    0.97912E-02    0.11493E+01    0.79101E-02    0.10679E+01    0.59057E-02    0.50161E+00    0.73179E-02    0.55614E+00    0.60341E-02    0.50657E+00    0.20222E-04    0.78083E-04    0.25043E-04    0.20222E-04    0.00000E+00    0.78083E-04    0.00000E+00    0.25043E-04    0.00000E+00    0.63595E-02    0.00000E+00    0.12497E-01    0.00000E+00    0.70772E-02    0.00000E+00    0.49978E-02    0.00000E+00    0.97828E-02    0.00000E+00    0.53965E-02    0.00000E+00    0.12470E-05    0.13209E-05    0.12544E-05    0.00000E+00    0.12470E+01    0.00000E+00    0.13209E+01    0.00000E+00    0.12544E+01    0.90672E-02    0.15792E+01    0.59640E-02    0.16254E+01    0.88062E-02    0.15839E+01    0.70155E-02    0.11147E+01    0.48529E-02    0.11123E+01    0.67992E-02    0.11144E+01
8800  43    0.98962E-05    0.41620E-04    0.12780E-04    0.93573E-05    0.53895E+00    0.40987E-04    0.63262E+00    0.12233E-04    0.54747E+00    0.75477E-02    0.10382E+01    0.10715E-01    0.11248E+01    0.78883E-02    0.10464E+01    0.60504E-02    0.49372E+00    0.84551E-02    0.54807E+00    0.62690E-02    0.49866E+00    0.17013E-04    0.81975E-04    0.22427E-04    0.17013E-04    0.00000E+00    0.81975E-04    0.00000E+00    0.22427E-04    0.00000E+00    0.58332E-02    0.00000E+00    0.12804E-01    0.00000E+00    0.66973E-02    0.00000E+00    0.46915E-02    0.00000E+00    0.97870E-02    0.00000E+00    0.51161E-02    0.00000E+00    0.11977E-05    0.12652E-05    0.12044E-05    0.00000E+00    0.11977E+01    0.00000E+00    0.12652E+01    0.00000E+00    0.12044E+01    0.92199E-02    0.15477E+01    0.81033E-02    0.15907E+01    0.91144E-02    0.15520E+01    0.77112E-02    0.10971E+01    0.71231E-02    0.10961E+01    0.76524E-02    0.10970E+01
8900  44    0.11088E-04    0.41473E-04    0.13851E-04    0.10586E-04    0.50276E+00    0.40871E-04    0.60212E+00    0.13339E-04    0.51179E+00    0.72088E-02    0.10028E+01    0.10304E-01    0.10974E+01    0.75428E-02    0.10117E+01    0.57205E-02    0.47732E+00    0.81377E-02    0.53860E+00    0.59403E-02    0.48289E+00    0.19247E-04    0.81741E-04    0.24455E-04    0.19247E-04    0.00000E+00    0.81741E-04    0.00000E+00    0.24455E-04    0.00000E+00    0.62043E-02    0.00000E+00    0.12786E-01    0.00000E+00    0.69935E-02    0.00000E+00    0.50745E-02    0.00000E+00    0.10243E-01    0.00000E+00    0.55052E-02    0.00000E+00    0.11172E-05    0.12042E-05    0.11259E-05    0.00000E+00    0.11172E+01    0.00000E+00    0.12042E+01    0.00000E+00    0.11259E+01    0.82725E-02    0.14948E+01    0.69896E-02    0.15519E+01    0.81533E-02    0.15006E+01    0.65101E-02    0.10607E+01    0.60321E-02    0.10772E+01    0.64623E-02    0.10624E+01
9000  45    0.13741E-04    0.44519E-04    0.16539E-04    0.13248E-04    0.49288E+00    0.43954E-04    0.56489E+00    0.16039E-04    0.49943E+00    0.79845E-02    0.99285E+00    0.10607E-01    0.10629E+01    0.82574E-02    0.99943E+00    0.62619E-02    0.47392E+00    0.72090E-02    0.52725E+00    0.63480E-02    0.47877E+00    0.24087E-04    0.87908E-04    0.29405E-04    0.24087E-04    0.00000E+00    0.87908E-04    0.00000E+00    0.29405E-04    0.00000E+00    0.69407E-02    0.00000E+00    0.13260E-01    0.00000E+00    0.76688E-02    0.00000E+00    0.57233E-02    0.00000E+00    0.88994E-02    0.00000E+00    0.59879E-02    0.00000E+00    0.10953E-05    0.11298E-05    0.10987E-05    0.00000E+00    0.10953E+01    0.00000E+00    0.11298E+01    0.00000E+00    0.10987E+01    0.90991E-02    0.14801E+01    0.70148E-02    0.15032E+01    0.89126E-02    0.14824E+01    0.69203E-02    0.10532E+01    0.55186E-02    0.10545E+01    0.67801E-02    0.10533E+01
9100  46    0.14911E-04    0.44146E-04    0.17568E-04    0.14430E-04    0.48037E+00    0.43611E-04    0.53472E+00    0.17083E-04    0.48531E+00    0.84374E-02    0.98017E+00    0.10404E-01    0.10341E+01    0.86347E-02    0.98520E+00    0.65120E-02    0.46925E+00    0.79983E-02    0.51196E+00    0.66471E-02    0.47313E+00    0.26237E-04    0.87223E-04    0.31319E-04    0.26237E-04    0.00000E+00    0.87223E-04    0.00000E+00    0.31319E-04    0.00000E+00    0.72439E-02    0.00000E+00    0.13208E-01    0.00000E+00    0.79144E-02    0.00000E+00    0.57005E-02    0.00000E+00    0.10841E-01    0.00000E+00    0.61288E-02    0.00000E+00    0.10675E-05    0.10694E-05    0.10677E-05    0.00000E+00    0.10675E+01    0.00000E+00    0.10694E+01    0.00000E+00    0.10677E+01    0.96987E-02    0.14612E+01    0.64830E-02    0.14625E+01    0.94266E-02    0.14613E+01    0.75038E-02    0.10428E+01    0.51557E-02    0.10239E+01    0.72690E-02    0.10409E+01
9200  46    0.96882E-05    0.36445E-04    0.12121E-04    0.92372E-05    0.45102E+00    0.35950E-04    0.49530E+00    0.11666E-04    0.45504E+00    0.68940E-02    0.94976E+00    0.93285E-02    0.99529E+00    0.71496E-02    0.95398E+00    0.53056E-02    0.45464E+00    0.69465E-02    0.49946E+00    0.54548E-02    0.45872E+00    0.16795E-04    0.71900E-04    0.21387E-04    0.16795E-04    0.00000E+00    0.71900E-04    0.00000E+00    0.21387E-04    0.00000E+00    0.57957E-02    0.00000E+00    0.11992E-01    0.00000E+00    0.65402E-02    0.00000E+00    0.45507E-02    0.00000E+00    0.97425E-02    0.00000E+00    0.49833E-02    0.00000E+00    0.10023E-05    0.99061E-06    0.10011E-05    0.00000E+00    0.10023E+01    0.00000E+00    0.99061E+00    0.00000E+00    0.10011E+01    0.80350E-02    0.14158E+01    0.54994E-02    0.14076E+01    0.78185E-02    0.14150E+01    0.62283E-02    0.10103E+01    0.41505E-02    0.99893E+00    0.60206E-02    0.10092E+01
9300  47    0.11557E-04    0.51487E-04    0.15187E-04    0.11133E-04    0.42440E+00    0.51013E-04    0.47434E+00    0.14758E-04    0.42894E+00    0.84412E-02    0.92131E+00    0.11915E-01    0.97400E+00    0.88137E-02    0.92622E+00    0.61813E-02    0.44080E+00    0.90338E-02    0.48929E+00    0.64407E-02    0.44521E+00    0.20242E-04    0.10203E-03    0.27057E-04    0.20242E-04    0.00000E+00    0.10203E-03    0.00000E+00    0.27057E-04    0.00000E+00    0.63626E-02    0.00000E+00    0.14285E-01    0.00000E+00    0.73562E-02    0.00000E+00    0.49432E-02    0.00000E+00    0.10304E-01    0.00000E+00    0.53899E-02    0.00000E+00    0.94312E-06    0.94868E-06    0.94367E-06    0.00000E+00    0.94312E+00    0.00000E+00    0.94868E+00    0.00000E+00    0.94367E+00    0.10434E-01    0.13734E+01    0.89376E-02    0.13774E+01    0.10294E-01    0.13738E+01    0.76946E-02    0.97956E+00    0.77637E-02    0.97859E+00    0.77015E-02    0.97946E+00
9400  47    0.19987E-04    0.28785E-04    0.20787E-04    0.19566E-04    0.42092E+00    0.28351E-04    0.43374E+00    0.20365E-04    0.42209E+00    0.86686E-02    0.91752E+00    0.93587E-02    0.93138E+00    0.87336E-02    0.91879E+00    0.70240E-02    0.43848E+00    0.82064E-02    0.47498E+00    0.71315E-02    0.44180E+00    0.35575E-04    0.56702E-04    0.37336E-04    0.35575E-04    0.00000E+00    0.56702E-04    0.00000E+00    0.37336E-04    0.00000E+00    0.84351E-02    0.00000E+00    0.10649E-01    0.00000E+00    0.86413E-02    0.00000E+00    0.68821E-02    0.00000E+00    0.97802E-02    0.00000E+00    0.71236E-02    0.00000E+00    0.93538E-06    0.86747E-06    0.92859E-06    0.00000E+00    0.93538E+00    0.00000E+00    0.86747E+00    0.00000E+00    0.92859E+00    0.89457E-02    0.13678E+01    0.78592E-02    0.13172E+01    0.88430E-02    0.13628E+01    0.71974E-02    0.97440E+00    0.66325E-02    0.94996E+00    0.71409E-02    0.97196E+00
9500  48    0.65768E-05    0.33256E-04    0.90022E-05    0.61813E-05    0.39550E+00    0.32834E-04    0.42264E+00    0.86042E-05    0.39796E+00    0.62262E-02    0.88938E+00    0.93360E-02    0.91939E+00    0.65700E-02    0.89215E+00    0.47059E-02    0.42413E+00    0.66114E-02    0.47077E+00    0.48791E-02    0.42837E+00    0.11239E-04    0.65667E-04    0.15774E-04    0.11239E-04    0.00000E+00    0.65667E-04    0.00000E+00    0.15774E-04    0.00000E+00    0.47410E-02    0.00000E+00    0.11460E-01    0.00000E+00    0.56168E-02    0.00000E+00    0.37896E-02    0.00000E+00    0.81457E-02    0.00000E+00    0.41526E-02    0.00000E+00    0.87888E-06    0.84527E-06    0.87552E-06    0.00000E+00    0.87888E+00    0.00000E+00    0.84527E+00    0.00000E+00    0.87552E+00    0.76599E-02    0.13258E+01    0.65565E-02    0.13002E+01    0.75568E-02    0.13233E+01    0.58259E-02    0.94250E+00    0.50771E-02    0.94155E+00    0.57510E-02    0.94241E+00
9600  49    0.80160E-05    0.35083E-04    0.10477E-04    0.76286E-05    0.38743E+00    0.34690E-04    0.39317E+00    0.10089E-04    0.38795E+00    0.63555E-02    0.88026E+00    0.91708E-02    0.88676E+00    0.66608E-02    0.88086E+00    0.50548E-02    0.42047E+00    0.67054E-02    0.46429E+00    0.52049E-02    0.42445E+00    0.13870E-04    0.69380E-04    0.18496E-04    0.13870E-04    0.00000E+00    0.69380E-04    0.00000E+00    0.18496E-04    0.00000E+00    0.52669E-02    0.00000E+00    0.11780E-01    0.00000E+00    0.60821E-02    0.00000E+00    0.43102E-02    0.00000E+00    0.91049E-02    0.00000E+00    0.47098E-02    0.00000E+00    0.86096E-06    0.78635E-06    0.85350E-06    0.00000E+00    0.86096E+00    0.00000E+00    0.78635E+00    0.00000E+00    0.85350E+00    0.74737E-02    0.13122E+01    0.54267E-02    0.12541E+01    0.72949E-02    0.13065E+01    0.59649E-02    0.93437E+00    0.43060E-02    0.92857E+00    0.57990E-02    0.93379E+00
9700  50    0.11922E-04    0.35841E-04    0.14096E-04    0.11561E-04    0.36095E+00    0.35467E-04    0.37391E+00    0.13734E-04    0.36213E+00    0.71680E-02    0.84965E+00    0.98345E-02    0.86476E+00    0.74499E-02    0.85103E+00    0.55954E-02    0.40862E+00    0.73240E-02    0.45365E+00    0.57526E-02    0.41271E+00    0.21020E-04    0.70935E-04    0.25180E-04    0.21020E-04    0.00000E+00    0.70935E-04    0.00000E+00    0.25180E-04    0.00000E+00    0.64838E-02    0.00000E+00    0.11911E-01    0.00000E+00    0.70964E-02    0.00000E+00    0.50925E-02    0.00000E+00    0.89834E-02    0.00000E+00    0.54168E-02    0.00000E+00    0.80211E-06    0.74781E-06    0.79668E-06    0.00000E+00    0.80211E+00    0.00000E+00    0.74781E+00    0.00000E+00    0.79668E+00    0.79243E-02    0.12666E+01    0.71809E-02    0.12230E+01    0.78531E-02    0.12623E+01    0.62101E-02    0.90805E+00    0.56647E-02    0.90731E+00    0.61556E-02    0.90797E+00
9800  51    0.97549E-05    0.33526E-04    0.11916E-04    0.94142E-05    0.34071E+00    0.33165E-04    0.36146E+00    0.11573E-04    0.34260E+00    0.71704E-02    0.82548E+00    0.98884E-02    0.85025E+00    0.74586E-02    0.82777E+00    0.58148E-02    0.39417E+00    0.79084E-02    0.44662E+00    0.60052E-02    0.39894E+00    0.17117E-04    0.66329E-04    0.21218E-04    0.17117E-04    0.00000E+00    0.66329E-04    0.00000E+00    0.21218E-04    0.00000E+00    0.58509E-02    0.00000E+00    0.11518E-01    0.00000E+00    0.65142E-02    0.00000E+00    0.47553E-02    0.00000E+00    0.86539E-02    0.00000E+00    0.50802E-02    0.00000E+00    0.75714E-06    0.72292E-06    0.75372E-06    0.00000E+00    0.75714E+00    0.00000E+00    0.72292E+00    0.00000E+00    0.75372E+00    0.85097E-02    0.12306E+01    0.79311E-02    0.12024E+01    0.84537E-02    0.12278E+01    0.71098E-02    0.87593E+00    0.71630E-02    0.89324E+00    0.71151E-02    0.87766E+00
9900  52    0.10230E-04    0.43371E-04    0.13243E-04    0.99017E-05    0.32833E+00    0.43032E-04    0.33854E+00    0.12914E-04    0.32926E+00    0.69911E-02    0.81035E+00    0.99070E-02    0.82285E+00    0.73044E-02    0.81149E+00    0.53844E-02    0.38835E+00    0.76543E-02    0.43436E+00    0.55908E-02    0.39253E+00    0.18003E-04    0.86065E-04    0.23675E-04    0.18003E-04    0.00000E+00    0.86065E-04    0.00000E+00    0.23675E-04    0.00000E+00    0.60005E-02    0.00000E+00    0.13120E-01    0.00000E+00    0.68811E-02    0.00000E+00    0.47554E-02    0.00000E+00    0.11160E-01    0.00000E+00    0.52891E-02    0.00000E+00    0.72963E-06    0.67709E-06    0.72437E-06    0.00000E+00    0.72963E+00    0.00000E+00    0.67709E+00    0.00000E+00    0.72437E+00    0.80377E-02    0.12080E+01    0.49159E-02    0.11637E+01    0.77821E-02    0.12036E+01    0.61533E-02    0.86300E+00    0.41490E-02    0.86871E+00    0.59529E-02    0.86357E+00
10000  53    0.13001E-04    0.33289E-04    0.14845E-04    0.12684E-04    0.31641E+00    0.32968E-04    0.32008E+00    0.14528E-04    0.31674E+00    0.75415E-02    0.79550E+00    0.97388E-02    0.80010E+00    0.77670E-02    0.79592E+00    0.62755E-02    0.38290E+00    0.77688E-02    0.42975E+00    0.64112E-02    0.38716E+00    0.23062E-04    0.65937E-04    0.26635E-04    0.23062E-04    0.00000E+00    0.65937E-04    0.00000E+00    0.26635E-04    0.00000E+00    0.67915E-02    0.00000E+00    0.11484E-01    0.00000E+00    0.72987E-02    0.00000E+00    0.55622E-02    0.00000E+00    0.90040E-02    0.00000E+00    0.58490E-02    0.00000E+00    0.70313E-06    0.64017E-06    0.69683E-06    0.00000E+00    0.70313E+00    0.00000E+00    0.64017E+00    0.00000E+00    0.69683E+00    0.83674E-02    0.11859E+01    0.76037E-02    0.11315E+01    0.82942E-02    0.11805E+01    0.71472E-02    0.85088E+00    0.65335E-02    0.85950E+00    0.70858E-02    0.85174E+00
10100  54    0.97537E-05    0.42095E-04    0.12694E-04    0.94395E-05    0.31416E+00    0.41782E-04    0.31279E+00    0.12380E-04    0.31404E+00    0.70472E-02    0.79267E+00    0.10866E-01    0.79094E+00    0.74754E-02    0.79251E+00    0.54411E-02    0.38304E+00    0.78381E-02    0.43338E+00    0.56590E-02    0.38761E+00    0.17163E-04    0.83564E-04    0.22696E-04    0.17163E-04    0.00000E+00    0.83564E-04    0.00000E+00    0.22696E-04    0.00000E+00    0.58588E-02    0.00000E+00    0.12928E-01    0.00000E+00    0.67374E-02    0.00000E+00    0.47111E-02    0.00000E+00    0.88813E-02    0.00000E+00    0.50587E-02    0.00000E+00    0.69813E-06    0.62558E-06    0.69088E-06    0.00000E+00    0.69813E+00    0.00000E+00    0.62558E+00    0.00000E+00    0.69088E+00    0.82709E-02    0.11816E+01    0.83065E-02    0.11186E+01    0.82745E-02    0.11755E+01    0.63334E-02    0.85120E+00    0.67949E-02    0.86675E+00    0.63795E-02    0.85275E+00
10200  55    0.62450E-05    0.40085E-04    0.93213E-05    0.59660E-05    0.27895E+00    0.39820E-04    0.26423E+00    0.90437E-05    0.27761E+00    0.66181E-02    0.74693E+00    0.10620E-01    0.72695E+00    0.70761E-02    0.74514E+00    0.48614E-02    0.36090E+00    0.80057E-02    0.39425E+00    0.51472E-02    0.36393E+00    0.10847E-04    0.79641E-04    0.16580E-04    0.10847E-04    0.00000E+00    0.79641E-04    0.00000E+00    0.16580E-04    0.00000E+00    0.46577E-02    0.00000E+00    0.12621E-01    0.00000E+00    0.57585E-02    0.00000E+00    0.37202E-02    0.00000E+00    0.89699E-02    0.00000E+00    0.41577E-02    0.00000E+00    0.61990E-06    0.52846E-06    0.61075E-06    0.00000E+00    0.61990E+00    0.00000E+00    0.52846E+00    0.00000E+00    0.61075E+00    0.84152E-02    0.11135E+01    0.81422E-02    0.10281E+01    0.83883E-02    0.11052E+01    0.62562E-02    0.80200E+00    0.70415E-02    0.78851E+00    0.63347E-02    0.80065E+00
10300  55    0.85576E-05    0.28006E-04    0.10326E-04    0.82814E-05    0.27621E+00    0.27762E-04    0.24383E+00    0.10052E-04    0.27327E+00    0.64287E-02    0.74325E+00    0.82261E-02    0.69832E+00    0.66123E-02    0.73928E+00    0.49587E-02    0.35813E+00    0.63906E-02    0.38200E+00    0.50889E-02    0.36030E+00    0.15057E-04    0.55524E-04    0.18429E-04    0.15057E-04    0.00000E+00    0.55524E-04    0.00000E+00    0.18429E-04    0.00000E+00    0.54876E-02    0.00000E+00    0.10538E-01    0.00000E+00    0.60711E-02    0.00000E+00    0.42926E-02    0.00000E+00    0.86190E-02    0.00000E+00    0.46531E-02    0.00000E+00    0.61380E-06    0.48766E-06    0.60119E-06    0.00000E+00    0.61380E+00    0.00000E+00    0.48766E+00    0.00000E+00    0.60119E+00    0.74185E-02    0.11080E+01    0.49282E-02    0.98758E+00    0.72083E-02    0.10965E+01    0.57729E-02    0.79584E+00    0.41623E-02    0.76399E+00    0.56118E-02    0.79266E+00
10400  56    0.57604E-05    0.35799E-04    0.84912E-05    0.55040E-05    0.25643E+00    0.35571E-04    0.22804E+00    0.82374E-05    0.25385E+00    0.61999E-02    0.71615E+00    0.97724E-02    0.67533E+00    0.66050E-02    0.71253E+00    0.47451E-02    0.34507E+00    0.66996E-02    0.37450E+00    0.49228E-02    0.34775E+00    0.10007E-04    0.71143E-04    0.15102E-04    0.10007E-04    0.00000E+00    0.71143E-04    0.00000E+00    0.15102E-04    0.00000E+00    0.44738E-02    0.00000E+00    0.11928E-01    0.00000E+00    0.54958E-02    0.00000E+00    0.35601E-02    0.00000E+00    0.75654E-02    0.00000E+00    0.38938E-02    0.00000E+00    0.56985E-06    0.45607E-06    0.55847E-06    0.00000E+00    0.56985E+00    0.00000E+00    0.45607E+00    0.00000E+00    0.55847E+00    0.78075E-02    0.10676E+01    0.69797E-02    0.95506E+00    0.77287E-02    0.10569E+01    0.61934E-02    0.76683E+00    0.58339E-02    0.74899E+00    0.61574E-02    0.76505E+00
10500  57    0.12966E-04    0.47952E-04    0.16146E-04    0.12720E-04    0.24568E+00    0.47737E-04    0.21461E+00    0.15904E-04    0.24285E+00    0.82349E-02    0.70096E+00    0.12310E-01    0.65515E+00    0.86848E-02    0.69692E+00    0.64443E-02    0.33766E+00    0.95390E-02    0.36677E+00    0.67256E-02    0.34031E+00    0.23128E-04    0.95474E-04    0.29157E-04    0.23128E-04    0.00000E+00    0.95474E-04    0.00000E+00    0.29157E-04    0.00000E+00    0.68011E-02    0.00000E+00    0.13818E-01    0.00000E+00    0.76363E-02    0.00000E+00    0.55623E-02    0.00000E+00    0.96212E-02    0.00000E+00    0.59005E-02    0.00000E+00    0.54595E-06    0.42922E-06    0.53427E-06    0.00000E+00    0.54595E+00    0.00000E+00    0.42922E+00    0.00000E+00    0.53427E+00    0.97038E-02    0.10449E+01    0.10590E-01    0.92652E+00    0.97960E-02    0.10337E+01    0.75222E-02    0.75036E+00    0.94567E-02    0.73353E+00    0.77157E-02    0.74867E+00
10600  58    0.12106E-04    0.52260E-04    0.15756E-04    0.11870E-04    0.23646E+00    0.52054E-04    0.20550E+00    0.15523E-04    0.23364E+00    0.78160E-02    0.68769E+00    0.11993E-01    0.64109E+00    0.82832E-02    0.68358E+00    0.59728E-02    0.33145E+00    0.79817E-02    0.36373E+00    0.61555E-02    0.33439E+00    0.21581E-04    0.10411E-03    0.28458E-04    0.21581E-04    0.00000E+00    0.10411E-03    0.00000E+00    0.28458E-04    0.00000E+00    0.65698E-02    0.00000E+00    0.14430E-01    0.00000E+00    0.75443E-02    0.00000E+00    0.53724E-02    0.00000E+00    0.93446E-02    0.00000E+00    0.57034E-02    0.00000E+00    0.52546E-06    0.41100E-06    0.51402E-06    0.00000E+00    0.52546E+00    0.00000E+00    0.41100E+00    0.00000E+00    0.51402E+00    0.91105E-02    0.10251E+01    0.89134E-02    0.90664E+00    0.90910E-02    0.10139E+01    0.67067E-02    0.73656E+00    0.66188E-02    0.72746E+00    0.66979E-02    0.73565E+00
10700  59    0.79564E-05    0.34295E-04    0.10351E-04    0.77232E-05    0.23321E+00    0.34097E-04    0.19740E+00    0.10121E-04    0.22996E+00    0.67011E-02    0.68295E+00    0.88245E-02    0.62833E+00    0.69211E-02    0.67817E+00    0.51130E-02    0.32962E+00    0.58310E-02    0.35589E+00    0.51783E-02    0.33201E+00    0.14042E-04    0.68195E-04    0.18555E-04    0.14042E-04    0.00000E+00    0.68195E-04    0.00000E+00    0.18555E-04    0.00000E+00    0.52995E-02    0.00000E+00    0.11679E-01    0.00000E+00    0.60918E-02    0.00000E+00    0.42583E-02    0.00000E+00    0.84861E-02    0.00000E+00    0.46106E-02    0.00000E+00    0.51825E-06    0.39480E-06    0.50591E-06    0.00000E+00    0.51825E+00    0.00000E+00    0.39480E+00    0.00000E+00    0.50591E+00    0.80909E-02    0.10181E+01    0.43991E-02    0.88860E+00    0.78007E-02    0.10059E+01    0.61577E-02    0.73249E+00    0.31759E-02    0.71177E+00    0.58595E-02    0.73042E+00
10800  60    0.69280E-05    0.43406E-04    0.10244E-04    0.67056E-05    0.22243E+00    0.43220E-04    0.18606E+00    0.10025E-04    0.21912E+00    0.66895E-02    0.66698E+00    0.10851E-01    0.61001E+00    0.71683E-02    0.66200E+00    0.50173E-02    0.32265E+00    0.76642E-02    0.34577E+00    0.52580E-02    0.32475E+00    0.12192E-04    0.86439E-04    0.18379E-04    0.12192E-04    0.00000E+00    0.86439E-04    0.00000E+00    0.18379E-04    0.00000E+00    0.49380E-02    0.00000E+00    0.13148E-01    0.00000E+00    0.60629E-02    0.00000E+00    0.40461E-02    0.00000E+00    0.86236E-02    0.00000E+00    0.44275E-02    0.00000E+00    0.49429E-06    0.37211E-06    0.48207E-06    0.00000E+00    0.49429E+00    0.00000E+00    0.37211E+00    0.00000E+00    0.48207E+00    0.83451E-02    0.99427E+00    0.79121E-02    0.86268E+00    0.83028E-02    0.98191E+00    0.62044E-02    0.71701E+00    0.67049E-02    0.69153E+00    0.62545E-02    0.71446E+00
10900  60    0.63125E-05    0.24333E-04    0.79507E-05    0.61012E-05    0.21129E+00    0.24158E-04    0.17503E+00    0.77427E-05    0.20799E+00    0.58457E-02    0.65006E+00    0.73664E-02    0.59167E+00    0.59999E-02    0.64497E+00    0.45547E-02    0.31804E+00    0.52783E-02    0.33805E+00    0.46205E-02    0.31986E+00    0.11093E-04    0.48317E-04    0.14195E-04    0.11093E-04    0.00000E+00    0.48317E-04    0.00000E+00    0.14195E-04    0.00000E+00    0.47102E-02    0.00000E+00    0.98302E-02    0.00000E+00    0.53282E-02    0.00000E+00    0.37244E-02    0.00000E+00    0.77491E-02    0.00000E+00    0.40598E-02    0.00000E+00    0.46954E-06    0.35007E-06    0.45759E-06    0.00000E+00    0.46954E+00    0.00000E+00    0.35007E+00    0.00000E+00    0.45759E+00    0.69873E-02    0.96906E+00    0.34489E-02    0.83674E+00    0.67178E-02    0.95665E+00    0.55696E-02    0.70676E+00    0.28075E-02    0.67610E+00    0.52934E-02    0.70369E+00
11000  61    0.10007E-04    0.39705E-04    0.12707E-04    0.98099E-05    0.19711E+00    0.39537E-04    0.16823E+00    0.12512E-04    0.19448E+00    0.68572E-02    0.62786E+00    0.94120E-02    0.58006E+00    0.71274E-02    0.62367E+00    0.54731E-02    0.30955E+00    0.67005E-02    0.32675E+00    0.55847E-02    0.31111E+00    0.17836E-04    0.79074E-04    0.22939E-04    0.17836E-04    0.00000E+00    0.79074E-04    0.00000E+00    0.22939E-04    0.00000E+00    0.59726E-02    0.00000E+00    0.12576E-01    0.00000E+00    0.67734E-02    0.00000E+00    0.50061E-02    0.00000E+00    0.99540E-02    0.00000E+00    0.54184E-02    0.00000E+00    0.43801E-06    0.33647E-06    0.42786E-06    0.00000E+00    0.43801E+00    0.00000E+00    0.33647E+00    0.00000E+00    0.42786E+00    0.78033E-02    0.93596E+00    0.43615E-02    0.82032E+00    0.75302E-02    0.92505E+00    0.60439E-02    0.68789E+00    0.34471E-02    0.65350E+00    0.57842E-02    0.68445E+00
11100  62    0.58842E-05    0.34146E-04    0.84535E-05    0.56966E-05    0.18765E+00    0.33985E-04    0.16167E+00    0.82682E-05    0.18529E+00    0.57454E-02    0.61262E+00    0.94133E-02    0.56864E+00    0.61696E-02    0.60875E+00    0.42281E-02    0.30598E+00    0.73512E-02    0.32310E+00    0.45120E-02    0.30753E+00    0.10357E-04    0.67970E-04    0.15158E-04    0.10357E-04    0.00000E+00    0.67970E-04    0.00000E+00    0.15158E-04    0.00000E+00    0.45514E-02    0.00000E+00    0.11659E-01    0.00000E+00    0.55061E-02    0.00000E+00    0.34335E-02    0.00000E+00    0.93695E-02    0.00000E+00    0.39282E-02    0.00000E+00    0.41701E-06    0.32335E-06    0.40764E-06    0.00000E+00    0.41701E+00    0.00000E+00    0.32335E+00    0.00000E+00    0.40764E+00    0.69309E-02    0.91324E+00    0.64249E-02    0.80417E+00    0.68819E-02    0.90293E+00    0.51993E-02    0.67995E+00    0.53330E-02    0.64620E+00    0.52127E-02    0.67658E+00
11200  63    0.47474E-04    0.44829E-04    0.47234E-04    0.47289E-04    0.18533E+00    0.44673E-04    0.15667E+00    0.47051E-04    0.18272E+00    0.14366E-01    0.60882E+00    0.11932E-01    0.55977E+00    0.14162E-01    0.60452E+00    0.11380E-01    0.30526E+00    0.96166E-02    0.32457E+00    0.11220E-01    0.30702E+00    0.85979E-04    0.89345E-04    0.86260E-04    0.85979E-04    0.00000E+00    0.89345E-04    0.00000E+00    0.86260E-04    0.00000E+00    0.13113E-01    0.00000E+00    0.13368E-01    0.00000E+00    0.13135E-01    0.00000E+00    0.10300E-01    0.00000E+00    0.10761E-01    0.00000E+00    0.10338E-01    0.00000E+00    0.41185E-06    0.31334E-06    0.40199E-06    0.00000E+00    0.41185E+00    0.00000E+00    0.31334E+00    0.00000E+00    0.40199E+00    0.15763E-01    0.90757E+00    0.10298E-01    0.79163E+00    0.15305E-01    0.89665E+00    0.12701E-01    0.67836E+00    0.84717E-02    0.64915E+00    0.12278E-01    0.67544E+00
11300  64    0.90635E-05    0.30610E-04    0.11022E-04    0.88909E-05    0.17250E+00    0.30469E-04    0.14091E+00    0.10853E-04    0.16963E+00    0.68443E-02    0.58737E+00    0.95160E-02    0.53087E+00    0.71287E-02    0.58246E+00    0.53371E-02    0.29559E+00    0.64285E-02    0.30949E+00    0.54363E-02    0.29686E+00    0.16165E-04    0.60937E-04    0.19896E-04    0.16165E-04    0.00000E+00    0.60937E-04    0.00000E+00    0.19896E-04    0.00000E+00    0.56860E-02    0.00000E+00    0.11040E-01    0.00000E+00    0.63081E-02    0.00000E+00    0.44111E-02    0.00000E+00    0.68603E-02    0.00000E+00    0.46152E-02    0.00000E+00    0.38334E-06    0.28182E-06    0.37319E-06    0.00000E+00    0.38334E+00    0.00000E+00    0.28182E+00    0.00000E+00    0.37319E+00    0.80364E-02    0.87561E+00    0.76964E-02    0.75076E+00    0.80030E-02    0.86393E+00    0.64688E-02    0.65688E+00    0.59967E-02    0.61897E+00    0.64216E-02    0.65308E+00
11400  65    0.66614E-05    0.29457E-04    0.87337E-05    0.64961E-05    0.16525E+00    0.29320E-04    0.13698E+00    0.85711E-05    0.16268E+00    0.61697E-02    0.57489E+00    0.83385E-02    0.52341E+00    0.63973E-02    0.57040E+00    0.47812E-02    0.29094E+00    0.59560E-02    0.30475E+00    0.48880E-02    0.29219E+00    0.11811E-04    0.58641E-04    0.15714E-04    0.11811E-04    0.00000E+00    0.58641E-04    0.00000E+00    0.15714E-04    0.00000E+00    0.48603E-02    0.00000E+00    0.10830E-01    0.00000E+00    0.56060E-02    0.00000E+00    0.38495E-02    0.00000E+00    0.85894E-02    0.00000E+00    0.42445E-02    0.00000E+00    0.36722E-06    0.27396E-06    0.35790E-06    0.00000E+00    0.36722E+00    0.00000E+00    0.27396E+00    0.00000E+00    0.35790E+00    0.74644E-02    0.85700E+00    0.46669E-02    0.74022E+00    0.72335E-02    0.84605E+00    0.59199E-02    0.64653E+00    0.33226E-02    0.60949E+00    0.56601E-02    0.64283E+00
11500  66    0.44128E-05    0.26961E-04    0.64626E-05    0.42536E-05    0.15919E+00    0.26831E-04    0.12970E+00    0.63061E-05    0.15651E+00    0.52427E-02    0.56425E+00    0.80966E-02    0.50931E+00    0.55630E-02    0.55948E+00    0.40204E-02    0.28786E+00    0.53388E-02    0.29513E+00    0.41402E-02    0.28852E+00    0.77338E-05    0.53662E-04    0.11561E-04    0.77338E-05    0.00000E+00    0.53662E-04    0.00000E+00    0.11561E-04    0.00000E+00    0.39329E-02    0.00000E+00    0.10360E-01    0.00000E+00    0.48086E-02    0.00000E+00    0.31999E-02    0.00000E+00    0.71832E-02    0.00000E+00    0.35319E-02    0.00000E+00    0.35375E-06    0.25940E-06    0.34432E-06    0.00000E+00    0.35375E+00    0.00000E+00    0.25940E+00    0.00000E+00    0.34432E+00    0.64942E-02    0.84113E+00    0.48770E-02    0.72027E+00    0.63510E-02    0.82984E+00    0.50232E-02    0.63968E+00    0.34943E-02    0.59026E+00    0.48703E-02    0.63474E+00
11600  67    0.47613E-05    0.27587E-04    0.68364E-05    0.46095E-05    0.15178E+00    0.27460E-04    0.12729E+00    0.66868E-05    0.14955E+00    0.53976E-02    0.55096E+00    0.86234E-02    0.50456E+00    0.57659E-02    0.54690E+00    0.41592E-02    0.28068E+00    0.67076E-02    0.29425E+00    0.43909E-02    0.28192E+00    0.83809E-05    0.54920E-04    0.12259E-04    0.83809E-05    0.00000E+00    0.54920E-04    0.00000E+00    0.12259E-04    0.00000E+00    0.40941E-02    0.00000E+00    0.10480E-01    0.00000E+00    0.49516E-02    0.00000E+00    0.32840E-02    0.00000E+00    0.77701E-02    0.00000E+00    0.36578E-02    0.00000E+00    0.33728E-06    0.25458E-06    0.32901E-06    0.00000E+00    0.33728E+00    0.00000E+00    0.25458E+00    0.00000E+00    0.32901E+00    0.66525E-02    0.82132E+00    0.62359E-02    0.71355E+00    0.66120E-02    0.81119E+00    0.52289E-02    0.62374E+00    0.56452E-02    0.58850E+00    0.52706E-02    0.62022E+00
11700  68    0.57204E-05    0.31365E-04    0.80517E-05    0.55684E-05    0.15198E+00    0.31232E-04    0.13255E+00    0.79015E-05    0.15022E+00    0.56604E-02    0.55133E+00    0.89091E-02    0.51488E+00    0.60285E-02    0.54812E+00    0.45594E-02    0.28155E+00    0.63847E-02    0.30742E+00    0.47254E-02    0.28390E+00    0.10124E-04    0.62465E-04    0.14486E-04    0.10124E-04    0.00000E+00    0.62465E-04    0.00000E+00    0.14486E-04    0.00000E+00    0.44998E-02    0.00000E+00    0.11177E-01    0.00000E+00    0.53826E-02    0.00000E+00    0.37373E-02    0.00000E+00    0.82955E-02    0.00000E+00    0.41171E-02    0.00000E+00    0.33774E-06    0.26510E-06    0.33048E-06    0.00000E+00    0.33774E+00    0.00000E+00    0.26510E+00    0.00000E+00    0.33048E+00    0.68155E-02    0.82188E+00    0.58151E-02    0.72815E+00    0.67221E-02    0.81299E+00    0.55642E-02    0.62566E+00    0.44740E-02    0.61483E+00    0.54552E-02    0.62458E+00
11800  69    0.45965E-05    0.27320E-04    0.66622E-05    0.44558E-05    0.14074E+00    0.27198E-04    0.12223E+00    0.65232E-05    0.13906E+00    0.51178E-02    0.53054E+00    0.82641E-02    0.49443E+00    0.54790E-02    0.52736E+00    0.38107E-02    0.27533E+00    0.57146E-02    0.28791E+00    0.39838E-02    0.27647E+00    0.81014E-05    0.54395E-04    0.11959E-04    0.81014E-05    0.00000E+00    0.54395E-04    0.00000E+00    0.11959E-04    0.00000E+00    0.40253E-02    0.00000E+00    0.10430E-01    0.00000E+00    0.48906E-02    0.00000E+00    0.30813E-02    0.00000E+00    0.76381E-02    0.00000E+00    0.34610E-02    0.00000E+00    0.31275E-06    0.24446E-06    0.30592E-06    0.00000E+00    0.31275E+00    0.00000E+00    0.24446E+00    0.00000E+00    0.30592E+00    0.61969E-02    0.79089E+00    0.52725E-02    0.69923E+00    0.61107E-02    0.78221E+00    0.47022E-02    0.61184E+00    0.37911E-02    0.57582E+00    0.46111E-02    0.60823E+00
11900  70    0.78289E-05    0.30072E-04    0.98510E-05    0.76851E-05    0.14381E+00    0.29954E-04    0.11763E+00    0.97095E-05    0.14143E+00    0.62559E-02    0.53631E+00    0.92402E-02    0.48503E+00    0.65833E-02    0.53185E+00    0.50276E-02    0.27799E+00    0.70444E-02    0.28654E+00    0.52109E-02    0.27876E+00    0.13973E-04    0.59908E-04    0.17801E-04    0.13973E-04    0.00000E+00    0.59908E-04    0.00000E+00    0.17801E-04    0.00000E+00    0.52864E-02    0.00000E+00    0.10946E-01    0.00000E+00    0.59667E-02    0.00000E+00    0.44190E-02    0.00000E+00    0.79302E-02    0.00000E+00    0.47116E-02    0.00000E+00    0.31958E-06    0.23525E-06    0.31115E-06    0.00000E+00    0.31958E+00    0.00000E+00    0.23525E+00    0.00000E+00    0.31115E+00    0.72673E-02    0.79948E+00    0.71377E-02    0.68593E+00    0.72544E-02    0.78886E+00    0.57715E-02    0.61775E+00    0.61585E-02    0.57308E+00    0.58102E-02    0.61328E+00
12000  71    0.54400E-05    0.35620E-04    0.81836E-05    0.53121E-05    0.12791E+00    0.35513E-04    0.10712E+00    0.80576E-05    0.12602E+00    0.60661E-02    0.50578E+00    0.97113E-02    0.46287E+00    0.64828E-02    0.50203E+00    0.45082E-02    0.26561E+00    0.66417E-02    0.27064E+00    0.47021E-02    0.26606E+00    0.96584E-05    0.71025E-04    0.14772E-04    0.96584E-05    0.00000E+00    0.71025E-04    0.00000E+00    0.14772E-04    0.00000E+00    0.43951E-02    0.00000E+00    0.11918E-01    0.00000E+00    0.54355E-02    0.00000E+00    0.34118E-02    0.00000E+00    0.74685E-02    0.00000E+00    0.37499E-02    0.00000E+00    0.28424E-06    0.21424E-06    0.27724E-06    0.00000E+00    0.28424E+00    0.00000E+00    0.21424E+00    0.00000E+00    0.27724E+00    0.76265E-02    0.75398E+00    0.68241E-02    0.65459E+00    0.75501E-02    0.74464E+00    0.58481E-02    0.59024E+00    0.58148E-02    0.54127E+00    0.58448E-02    0.58534E+00
12100  72    0.44685E-05    0.27497E-04    0.65620E-05    0.43446E-05    0.12394E+00    0.27394E-04    0.10278E+00    0.64400E-05    0.12202E+00    0.53236E-02    0.49788E+00    0.82959E-02    0.45340E+00    0.56587E-02    0.49400E+00    0.40041E-02    0.26202E+00    0.58569E-02    0.26580E+00    0.41725E-02    0.26236E+00    0.78993E-05    0.54788E-04    0.11807E-04    0.78993E-05    0.00000E+00    0.54788E-04    0.00000E+00    0.11807E-04    0.00000E+00    0.39747E-02    0.00000E+00    0.10468E-01    0.00000E+00    0.48594E-02    0.00000E+00    0.32200E-02    0.00000E+00    0.73592E-02    0.00000E+00    0.35649E-02    0.00000E+00    0.27542E-06    0.20557E-06    0.26844E-06    0.00000E+00    0.27542E+00    0.00000E+00    0.20557E+00    0.00000E+00    0.26844E+00    0.66084E-02    0.74219E+00    0.52980E-02    0.64120E+00    0.64893E-02    0.73272E+00    0.49624E-02    0.58227E+00    0.43546E-02    0.53160E+00    0.49016E-02    0.57720E+00
12200  73    0.78224E-05    0.42128E-04    0.10941E-04    0.77065E-05    0.11594E+00    0.42030E-04    0.98093E-01    0.10827E-04    0.11432E+00    0.71353E-02    0.48154E+00    0.10974E-01    0.44293E+00    0.75651E-02    0.47816E+00    0.54542E-02    0.25343E+00    0.71501E-02    0.26446E+00    0.56084E-02    0.25444E+00    0.14012E-04    0.84059E-04    0.19849E-04    0.14012E-04    0.00000E+00    0.84059E-04    0.00000E+00    0.19849E-04    0.00000E+00    0.52937E-02    0.00000E+00    0.12966E-01    0.00000E+00    0.63006E-02    0.00000E+00    0.40793E-02    0.00000E+00    0.78490E-02    0.00000E+00    0.43934E-02    0.00000E+00    0.25764E-06    0.19619E-06    0.25150E-06    0.00000E+00    0.25764E+00    0.00000E+00    0.19619E+00    0.00000E+00    0.25150E+00    0.88819E-02    0.71783E+00    0.85276E-02    0.62640E+00    0.88471E-02    0.70922E+00    0.71347E-02    0.56319E+00    0.64512E-02    0.52892E+00    0.70663E-02    0.55976E+00
12300  74    0.63584E-05    0.27418E-04    0.82729E-05    0.62450E-05    0.11336E+00    0.27319E-04    0.99779E-01    0.81608E-05    0.11213E+00    0.59308E-02    0.47615E+00    0.87236E-02    0.44672E+00    0.62366E-02    0.47355E+00    0.46599E-02    0.25085E+00    0.57065E-02    0.26523E+00    0.47551E-02    0.25215E+00    0.11355E-04    0.54637E-04    0.14961E-04    0.11355E-04    0.00000E+00    0.54637E-04    0.00000E+00    0.14961E-04    0.00000E+00    0.47654E-02    0.00000E+00    0.10453E-01    0.00000E+00    0.54702E-02    0.00000E+00    0.38273E-02    0.00000E+00    0.65694E-02    0.00000E+00    0.40558E-02    0.00000E+00    0.25191E-06    0.19956E-06    0.24668E-06    0.00000E+00    0.25191E+00    0.00000E+00    0.19956E+00    0.00000E+00    0.24668E+00    0.71000E-02    0.70981E+00    0.65518E-02    0.63176E+00    0.70471E-02    0.70239E+00    0.56776E-02    0.55744E+00    0.48435E-02    0.53046E+00    0.55942E-02    0.55474E+00
12400  75    0.12922E-04    0.36931E-04    0.15105E-04    0.12813E-04    0.10892E+00    0.36833E-04    0.97772E-01    0.14997E-04    0.10791E+00    0.74568E-02    0.46674E+00    0.95752E-02    0.44220E+00    0.76736E-02    0.46456E+00    0.60207E-02    0.24750E+00    0.67907E-02    0.26352E+00    0.60907E-02    0.24896E+00    0.23297E-04    0.73667E-04    0.27494E-04    0.23297E-04    0.00000E+00    0.73667E-04    0.00000E+00    0.27494E-04    0.00000E+00    0.68259E-02    0.00000E+00    0.12138E-01    0.00000E+00    0.74154E-02    0.00000E+00    0.55388E-02    0.00000E+00    0.84925E-02    0.00000E+00    0.57849E-02    0.00000E+00    0.24205E-06    0.19554E-06    0.23740E-06    0.00000E+00    0.24205E+00    0.00000E+00    0.19554E+00    0.00000E+00    0.23740E+00    0.81620E-02    0.69577E+00    0.60030E-02    0.62537E+00    0.79724E-02    0.68906E+00    0.66097E-02    0.55001E+00    0.50890E-02    0.52704E+00    0.64576E-02    0.54771E+00
12500  76    0.65945E-05    0.27165E-04    0.84645E-05    0.64889E-05    0.10557E+00    0.27067E-04    0.97385E-01    0.83597E-05    0.10483E+00    0.59600E-02    0.45951E+00    0.85124E-02    0.44133E+00    0.62354E-02    0.45789E+00    0.46677E-02    0.24531E+00    0.61786E-02    0.26561E+00    0.48051E-02    0.24716E+00    0.11798E-04    0.54135E-04    0.15326E-04    0.11798E-04    0.00000E+00    0.54135E-04    0.00000E+00    0.15326E-04    0.00000E+00    0.48576E-02    0.00000E+00    0.10405E-01    0.00000E+00    0.55365E-02    0.00000E+00    0.38031E-02    0.00000E+00    0.76861E-02    0.00000E+00    0.41266E-02    0.00000E+00    0.23461E-06    0.19477E-06    0.23063E-06    0.00000E+00    0.23461E+00    0.00000E+00    0.19477E+00    0.00000E+00    0.23063E+00    0.70779E-02    0.68500E+00    0.60540E-02    0.62413E+00    0.69823E-02    0.67915E+00    0.57245E-02    0.54514E+00    0.46710E-02    0.53121E+00    0.56191E-02    0.54374E+00
12600  77    0.63680E-05    0.25902E-04    0.81438E-05    0.62697E-05    0.98277E-01    0.25809E-04    0.92967E-01    0.80460E-05    0.97794E-01    0.60094E-02    0.44334E+00    0.80423E-02    0.43120E+00    0.62218E-02    0.44225E+00    0.45032E-02    0.23784E+00    0.55527E-02    0.25525E+00    0.45986E-02    0.23942E+00    0.11399E-04    0.51619E-04    0.14751E-04    0.11399E-04    0.00000E+00    0.51619E-04    0.00000E+00    0.14751E-04    0.00000E+00    0.47748E-02    0.00000E+00    0.10161E-01    0.00000E+00    0.54316E-02    0.00000E+00    0.36847E-02    0.00000E+00    0.69950E-02    0.00000E+00    0.39605E-02    0.00000E+00    0.21839E-06    0.18593E-06    0.21515E-06    0.00000E+00    0.21839E+00    0.00000E+00    0.18593E+00    0.00000E+00    0.21515E+00    0.72379E-02    0.66090E+00    0.51106E-02    0.60981E+00    0.70541E-02    0.65597E+00    0.55036E-02    0.52853E+00    0.41104E-02    0.51049E+00    0.53643E-02    0.52672E+00
12700  78    0.66972E-05    0.30565E-04    0.88670E-05    0.66000E-05    0.97145E-01    0.30474E-04    0.91300E-01    0.87704E-05    0.96614E-01    0.60292E-02    0.44078E+00    0.96348E-02    0.42732E+00    0.64409E-02    0.43958E+00    0.46819E-02    0.23739E+00    0.70985E-02    0.25334E+00    0.49015E-02    0.23884E+00    0.12000E-04    0.60947E-04    0.16079E-04    0.12000E-04    0.00000E+00    0.60947E-04    0.00000E+00    0.16079E-04    0.00000E+00    0.48990E-02    0.00000E+00    0.11041E-01    0.00000E+00    0.56708E-02    0.00000E+00    0.38706E-02    0.00000E+00    0.74801E-02    0.00000E+00    0.41714E-02    0.00000E+00    0.21588E-06    0.18260E-06    0.21255E-06    0.00000E+00    0.21588E+00    0.00000E+00    0.18260E+00    0.00000E+00    0.21255E+00    0.71726E-02    0.65708E+00    0.79852E-02    0.60432E+00    0.72579E-02    0.65200E+00    0.56734E-02    0.52754E+00    0.67168E-02    0.50667E+00    0.57777E-02    0.52545E+00
12800  78    0.83791E-05    0.19851E-04    0.94220E-05    0.82895E-05    0.89575E-01    0.19761E-04    0.90418E-01    0.93324E-05    0.89652E-01    0.63529E-02    0.42326E+00    0.70057E-02    0.42525E+00    0.64150E-02    0.42344E+00    0.47498E-02    0.22912E+00    0.54196E-02    0.24815E+00    0.48107E-02    0.23085E+00    0.15072E-04    0.39522E-04    0.17109E-04    0.15072E-04    0.00000E+00    0.39522E-04    0.00000E+00    0.17109E-04    0.00000E+00    0.54903E-02    0.00000E+00    0.88907E-02    0.00000E+00    0.58497E-02    0.00000E+00    0.42019E-02    0.00000E+00    0.73548E-02    0.00000E+00    0.44646E-02    0.00000E+00    0.19906E-06    0.18084E-06    0.19723E-06    0.00000E+00    0.19906E+00    0.00000E+00    0.18084E+00    0.00000E+00    0.19723E+00    0.72694E-02    0.63096E+00    0.43720E-02    0.60139E+00    0.70336E-02    0.62807E+00    0.54195E-02    0.50916E+00    0.34843E-02    0.49630E+00    0.52260E-02    0.50787E+00
12900  78    0.41499E-05    0.19529E-04    0.55480E-05    0.40627E-05    0.87217E-01    0.19438E-04    0.91822E-01    0.54604E-05    0.87636E-01    0.48773E-02    0.41765E+00    0.66641E-02    0.42854E+00    0.50659E-02    0.41865E+00    0.36536E-02    0.22355E+00    0.41160E-02    0.24910E+00    0.36957E-02    0.22588E+00    0.73866E-05    0.38875E-04    0.10011E-04    0.73866E-05    0.00000E+00    0.38875E-04    0.00000E+00    0.10011E-04    0.00000E+00    0.38436E-02    0.00000E+00    0.88176E-02    0.00000E+00    0.44745E-02    0.00000E+00    0.30366E-02    0.00000E+00    0.57597E-02    0.00000E+00    0.32635E-02    0.00000E+00    0.19382E-06    0.18364E-06    0.19280E-06    0.00000E+00    0.19382E+00    0.00000E+00    0.18364E+00    0.00000E+00    0.19280E+00    0.58997E-02    0.62260E+00    0.33273E-02    0.60604E+00    0.56950E-02    0.62097E+00    0.44078E-02    0.49679E+00    0.24723E-02    0.49820E+00    0.42143E-02    0.49693E+00
13000  79    0.92541E-05    0.22906E-04    0.10495E-04    0.91703E-05    0.83829E-01    0.22816E-04    0.90084E-01    0.10411E-04    0.84397E-01    0.61604E-02    0.40946E+00    0.81752E-02    0.42446E+00    0.63699E-02    0.41085E+00    0.49817E-02    0.22242E+00    0.65195E-02    0.24976E+00    0.51215E-02    0.22491E+00    0.16673E-04    0.45631E-04    0.19086E-04    0.16673E-04    0.00000E+00    0.45631E-04    0.00000E+00    0.19086E-04    0.00000E+00    0.57746E-02    0.00000E+00    0.95531E-02    0.00000E+00    0.61784E-02    0.00000E+00    0.47267E-02    0.00000E+00    0.76661E-02    0.00000E+00    0.49716E-02    0.00000E+00    0.18629E-06    0.18017E-06    0.18567E-06    0.00000E+00    0.18629E+00    0.00000E+00    0.18017E+00    0.00000E+00    0.18567E+00    0.66013E-02    0.61039E+00    0.65120E-02    0.60028E+00    0.65924E-02    0.60938E+00    0.52934E-02    0.49428E+00    0.53728E-02    0.49951E+00    0.53013E-02    0.49480E+00
13100  80    0.59386E-05    0.24265E-04    0.76046E-05    0.58561E-05    0.82507E-01    0.24179E-04    0.86072E-01    0.75217E-05    0.82831E-01    0.54252E-02    0.40622E+00    0.74195E-02    0.41490E+00    0.56358E-02    0.40702E+00    0.43135E-02    0.21928E+00    0.51713E-02    0.24344E+00    0.43914E-02    0.22148E+00    0.10647E-04    0.48357E-04    0.13790E-04    0.10647E-04    0.00000E+00    0.48357E-04    0.00000E+00    0.13790E-04    0.00000E+00    0.46146E-02    0.00000E+00    0.98344E-02    0.00000E+00    0.52516E-02    0.00000E+00    0.38312E-02    0.00000E+00    0.75110E-02    0.00000E+00    0.41379E-02    0.00000E+00    0.18335E-06    0.17214E-06    0.18223E-06    0.00000E+00    0.18335E+00    0.00000E+00    0.17214E+00    0.00000E+00    0.18223E+00    0.62754E-02    0.60556E+00    0.36582E-02    0.58676E+00    0.60647E-02    0.60370E+00    0.49029E-02    0.48729E+00    0.28317E-02    0.48688E+00    0.46957E-02    0.48725E+00
13200  81    0.15754E-04    0.39612E-04    0.17923E-04    0.15672E-04    0.82276E-01    0.39523E-04    0.89299E-01    0.17840E-04    0.82914E-01    0.77954E-02    0.40565E+00    0.10849E-01    0.42261E+00    0.81206E-02    0.40722E+00    0.64598E-02    0.21856E+00    0.89057E-02    0.25312E+00    0.66821E-02    0.22170E+00    0.28494E-04    0.79046E-04    0.32707E-04    0.28494E-04    0.00000E+00    0.79046E-04    0.00000E+00    0.32707E-04    0.00000E+00    0.75491E-02    0.00000E+00    0.12573E-01    0.00000E+00    0.80879E-02    0.00000E+00    0.62680E-02    0.00000E+00    0.10153E-01    0.00000E+00    0.65918E-02    0.00000E+00    0.18284E-06    0.17860E-06    0.18241E-06    0.00000E+00    0.18284E+00    0.00000E+00    0.17860E+00    0.00000E+00    0.18241E+00    0.80863E-02    0.60471E+00    0.87930E-02    0.59766E+00    0.81597E-02    0.60401E+00    0.66942E-02    0.48569E+00    0.76583E-02    0.50625E+00    0.67906E-02    0.48775E+00
13300  82    0.14013E-04    0.24430E-04    0.14960E-04    0.13935E-04    0.77671E-01    0.24348E-04    0.82319E-01    0.14882E-04    0.78093E-01    0.73003E-02    0.39413E+00    0.82149E-02    0.40576E+00    0.73882E-02    0.39520E+00    0.60019E-02    0.21327E+00    0.68842E-02    0.24301E+00    0.60821E-02    0.21597E+00    0.25337E-04    0.48696E-04    0.27284E-04    0.25337E-04    0.00000E+00    0.48696E-04    0.00000E+00    0.27284E-04    0.00000E+00    0.71186E-02    0.00000E+00    0.98687E-02    0.00000E+00    0.73870E-02    0.00000E+00    0.57674E-02    0.00000E+00    0.85209E-02    0.00000E+00    0.59968E-02    0.00000E+00    0.17260E-06    0.16464E-06    0.17181E-06    0.00000E+00    0.17260E+00    0.00000E+00    0.16464E+00    0.00000E+00    0.17181E+00    0.75165E-02    0.58754E+00    0.61302E-02    0.57383E+00    0.73896E-02    0.58618E+00    0.62885E-02    0.47392E+00    0.52476E-02    0.48601E+00    0.61844E-02    0.47513E+00
13400  83    0.44436E-05    0.24291E-04    0.62478E-05    0.43691E-05    0.74447E-01    0.24207E-04    0.83664E-01    0.61725E-05    0.75285E-01    0.49834E-02    0.38587E+00    0.76939E-02    0.40906E+00    0.52876E-02    0.38803E+00    0.37388E-02    0.20740E+00    0.53039E-02    0.24770E+00    0.38811E-02    0.21106E+00    0.79438E-05    0.48414E-04    0.11316E-04    0.79438E-05    0.00000E+00    0.48414E-04    0.00000E+00    0.11316E-04    0.00000E+00    0.39859E-02    0.00000E+00    0.98401E-02    0.00000E+00    0.47574E-02    0.00000E+00    0.32201E-02    0.00000E+00    0.68052E-02    0.00000E+00    0.35188E-02    0.00000E+00    0.16544E-06    0.16733E-06    0.16563E-06    0.00000E+00    0.16544E+00    0.00000E+00    0.16733E+00    0.00000E+00    0.16563E+00    0.59808E-02    0.57522E+00    0.46439E-02    0.57849E+00    0.58608E-02    0.57555E+00    0.43727E-02    0.46088E+00    0.38025E-02    0.49540E+00    0.43157E-02    0.46433E+00
13500  83    0.40178E-05    0.19484E-04    0.54238E-05    0.39450E-05    0.72754E-01    0.19402E-04    0.82334E-01    0.53502E-05    0.73625E-01    0.49298E-02    0.38146E+00    0.72394E-02    0.40579E+00    0.51825E-02    0.38373E+00    0.37630E-02    0.20664E+00    0.54124E-02    0.24389E+00    0.39130E-02    0.21003E+00    0.71728E-05    0.38803E-04    0.98086E-05    0.71728E-05    0.00000E+00    0.38803E-04    0.00000E+00    0.98086E-05    0.00000E+00    0.37876E-02    0.00000E+00    0.88094E-02    0.00000E+00    0.44291E-02    0.00000E+00    0.29934E-02    0.00000E+00    0.64880E-02    0.00000E+00    0.32846E-02    0.00000E+00    0.16168E-06    0.16467E-06    0.16198E-06    0.00000E+00    0.16168E+00    0.00000E+00    0.16467E+00    0.00000E+00    0.16198E+00    0.60393E-02    0.56864E+00    0.52166E-02    0.57388E+00    0.59621E-02    0.56917E+00    0.47037E-02    0.45921E+00    0.43368E-02    0.48779E+00    0.46670E-02    0.46206E+00
13600  83    0.25108E-05    0.18634E-04    0.39766E-05    0.24379E-05    0.72909E-01    0.18553E-04    0.81627E-01    0.39029E-05    0.73701E-01    0.42851E-02    0.38186E+00    0.67516E-02    0.40405E+00    0.45648E-02    0.38393E+00    0.31631E-02    0.20719E+00    0.45026E-02    0.24447E+00    0.32848E-02    0.21058E+00    0.44326E-05    0.37105E-04    0.71553E-05    0.44326E-05    0.00000E+00    0.37105E-04    0.00000E+00    0.71553E-05    0.00000E+00    0.29774E-02    0.00000E+00    0.86145E-02    0.00000E+00    0.37829E-02    0.00000E+00    0.22948E-02    0.00000E+00    0.57410E-02    0.00000E+00    0.25820E-02    0.00000E+00    0.16202E-06    0.16325E-06    0.16214E-06    0.00000E+00    0.16202E+00    0.00000E+00    0.16325E+00    0.00000E+00    0.16214E+00    0.54745E-02    0.56924E+00    0.41179E-02    0.57141E+00    0.53543E-02    0.56946E+00    0.42243E-02    0.46041E+00    0.32641E-02    0.48895E+00    0.41283E-02    0.46327E+00
13700  84    0.45645E-05    0.30382E-04    0.69115E-05    0.44914E-05    0.73086E-01    0.30297E-04    0.84756E-01    0.68374E-05    0.74147E-01    0.54960E-02    0.38232E+00    0.91053E-02    0.41172E+00    0.59159E-02    0.38509E+00    0.40465E-02    0.20791E+00    0.59706E-02    0.25006E+00    0.42214E-02    0.21174E+00    0.81662E-05    0.60594E-04    0.12535E-04    0.81662E-05    0.00000E+00    0.60594E-04    0.00000E+00    0.12535E-04    0.00000E+00    0.40413E-02    0.00000E+00    0.11009E-01    0.00000E+00    0.50070E-02    0.00000E+00    0.32654E-02    0.00000E+00    0.67517E-02    0.00000E+00    0.35559E-02    0.00000E+00    0.16241E-06    0.16951E-06    0.16312E-06    0.00000E+00    0.16241E+00    0.00000E+00    0.16951E+00    0.00000E+00    0.16312E+00    0.68676E-02    0.56994E+00    0.66801E-02    0.58226E+00    0.68491E-02    0.57118E+00    0.50012E-02    0.46202E+00    0.51895E-02    0.50012E+00    0.50201E-02    0.46583E+00
13800  85    0.37883E-05    0.20335E-04    0.52925E-05    0.37143E-05    0.73998E-01    0.20253E-04    0.82340E-01    0.52178E-05    0.74757E-01    0.45348E-02    0.38470E+00    0.72704E-02    0.40581E+00    0.48477E-02    0.38667E+00    0.33707E-02    0.20825E+00    0.51012E-02    0.24690E+00    0.35280E-02    0.21177E+00    0.67532E-05    0.40506E-04    0.95659E-05    0.67532E-05    0.00000E+00    0.40506E-04    0.00000E+00    0.95659E-05    0.00000E+00    0.36751E-02    0.00000E+00    0.90006E-02    0.00000E+00    0.43740E-02    0.00000E+00    0.27962E-02    0.00000E+00    0.59836E-02    0.00000E+00    0.30618E-02    0.00000E+00    0.16444E-06    0.16468E-06    0.16446E-06    0.00000E+00    0.16444E+00    0.00000E+00    0.16468E+00    0.00000E+00    0.16446E+00    0.54028E-02    0.57348E+00    0.49706E-02    0.57390E+00    0.53612E-02    0.57352E+00    0.40728E-02    0.46278E+00    0.42187E-02    0.49381E+00    0.40874E-02    0.46589E+00
13900  86    0.11108E-04    0.25017E-04    0.12372E-04    0.11038E-04    0.69915E-01    0.24940E-04    0.76350E-01    0.12302E-04    0.70500E-01    0.68302E-02    0.37394E+00    0.79860E-02    0.39077E+00    0.69433E-02    0.37550E+00    0.55020E-02    0.20182E+00    0.58626E-02    0.23397E+00    0.55348E-02    0.20475E+00    0.20069E-04    0.49881E-04    0.22553E-04    0.20069E-04    0.00000E+00    0.49881E-04    0.00000E+00    0.22553E-04    0.00000E+00    0.63354E-02    0.00000E+00    0.99881E-02    0.00000E+00    0.67161E-02    0.00000E+00    0.48813E-02    0.00000E+00    0.71542E-02    0.00000E+00    0.50707E-02    0.00000E+00    0.15537E-06    0.15270E-06    0.15510E-06    0.00000E+00    0.15537E+00    0.00000E+00    0.15270E+00    0.00000E+00    0.15510E+00    0.73902E-02    0.55744E+00    0.52719E-02    0.55263E+00    0.72064E-02    0.55696E+00    0.62608E-02    0.44850E+00    0.45710E-02    0.46795E+00    0.60918E-02    0.45044E+00
14000  86    0.30350E-05    0.13328E-04    0.39707E-05    0.29605E-05    0.74506E-01    0.13249E-04    0.79255E-01    0.38958E-05    0.74938E-01    0.40834E-02    0.38602E+00    0.56128E-02    0.39813E+00    0.42452E-02    0.38714E+00    0.31656E-02    0.20723E+00    0.38567E-02    0.24232E+00    0.32284E-02    0.21042E+00    0.53827E-05    0.26498E-04    0.71423E-05    0.53827E-05    0.00000E+00    0.26498E-04    0.00000E+00    0.71423E-05    0.00000E+00    0.32811E-02    0.00000E+00    0.72798E-02    0.00000E+00    0.37795E-02    0.00000E+00    0.26096E-02    0.00000E+00    0.52888E-02    0.00000E+00    0.28329E-02    0.00000E+00    0.16557E-06    0.15851E-06    0.16486E-06    0.00000E+00    0.16557E+00    0.00000E+00    0.15851E+00    0.00000E+00    0.16486E+00    0.48883E-02    0.57545E+00    0.31641E-02    0.56304E+00    0.47441E-02    0.57422E+00    0.38451E-02    0.46050E+00    0.24246E-02    0.48464E+00    0.37030E-02    0.46292E+00
14100  87    0.41144E-05    0.15662E-04    0.51642E-05    0.40460E-05    0.68406E-01    0.15584E-04    0.77967E-01    0.50949E-05    0.69275E-01    0.47077E-02    0.36988E+00    0.59881E-02    0.39488E+00    0.48382E-02    0.37222E+00    0.36935E-02    0.19930E+00    0.39809E-02    0.24019E+00    0.37197E-02    0.20301E+00    0.73563E-05    0.31169E-04    0.93407E-05    0.73563E-05    0.00000E+00    0.31169E-04    0.00000E+00    0.93407E-05    0.00000E+00    0.38357E-02    0.00000E+00    0.78954E-02    0.00000E+00    0.43222E-02    0.00000E+00    0.30649E-02    0.00000E+00    0.57027E-02    0.00000E+00    0.32848E-02    0.00000E+00    0.15201E-06    0.15593E-06    0.15240E-06    0.00000E+00    0.15201E+00    0.00000E+00    0.15593E+00    0.00000E+00    0.15240E+00    0.55918E-02    0.55138E+00    0.30620E-02    0.55845E+00    0.53925E-02    0.55210E+00    0.44618E-02    0.44288E+00    0.22592E-02    0.48038E+00    0.42416E-02    0.44663E+00
14200  88    0.43413E-05    0.13716E-04    0.51936E-05    0.42704E-05    0.70936E-01    0.13635E-04    0.80786E-01    0.51217E-05    0.71831E-01    0.43081E-02    0.37666E+00    0.58371E-02    0.40196E+00    0.44687E-02    0.37903E+00    0.33845E-02    0.20269E+00    0.42174E-02    0.24638E+00    0.34602E-02    0.20666E+00    0.77643E-05    0.27271E-04    0.93898E-05    0.77643E-05    0.00000E+00    0.27271E-04    0.00000E+00    0.93898E-05    0.00000E+00    0.39406E-02    0.00000E+00    0.73852E-02    0.00000E+00    0.43335E-02    0.00000E+00    0.30190E-02    0.00000E+00    0.54349E-02    0.00000E+00    0.32203E-02    0.00000E+00    0.15763E-06    0.16157E-06    0.15803E-06    0.00000E+00    0.15763E+00    0.00000E+00    0.16157E+00    0.00000E+00    0.15803E+00    0.47185E-02    0.56149E+00    0.36880E-02    0.56846E+00    0.46258E-02    0.56219E+00    0.38311E-02    0.45042E+00    0.29999E-02    0.49276E+00    0.37480E-02    0.45466E+00
14300  89    0.63239E-05    0.26621E-04    0.81692E-05    0.62590E-05    0.64934E-01    0.26548E-04    0.73080E-01    0.81035E-05    0.65674E-01    0.54376E-02    0.36037E+00    0.83246E-02    0.38231E+00    0.57602E-02    0.36242E+00    0.40309E-02    0.19412E+00    0.60476E-02    0.23444E+00    0.42143E-02    0.19779E+00    0.11380E-04    0.53096E-04    0.14856E-04    0.11380E-04    0.00000E+00    0.53096E-04    0.00000E+00    0.14856E-04    0.00000E+00    0.47708E-02    0.00000E+00    0.10305E-01    0.00000E+00    0.54509E-02    0.00000E+00    0.38226E-02    0.00000E+00    0.74860E-02    0.00000E+00    0.41279E-02    0.00000E+00    0.14430E-06    0.14616E-06    0.14448E-06    0.00000E+00    0.14430E+00    0.00000E+00    0.14616E+00    0.00000E+00    0.14448E+00    0.61553E-02    0.53721E+00    0.56925E-02    0.54067E+00    0.61106E-02    0.53756E+00    0.42856E-02    0.43138E+00    0.46093E-02    0.46887E+00    0.43179E-02    0.43513E+00
14400  90    0.45192E-05    0.24112E-04    0.63003E-05    0.44568E-05    0.62392E-01    0.24037E-04    0.75034E-01    0.62368E-05    0.63541E-01    0.52881E-02    0.35325E+00    0.80140E-02    0.38739E+00    0.55911E-02    0.35649E+00    0.40775E-02    0.19185E+00    0.54084E-02    0.23807E+00    0.41985E-02    0.19605E+00    0.81033E-05    0.48073E-04    0.11434E-04    0.81033E-05    0.00000E+00    0.48073E-04    0.00000E+00    0.11434E-04    0.00000E+00    0.40257E-02    0.00000E+00    0.98054E-02    0.00000E+00    0.47821E-02    0.00000E+00    0.32587E-02    0.00000E+00    0.63912E-02    0.00000E+00    0.35198E-02    0.00000E+00    0.13865E-06    0.15007E-06    0.13979E-06    0.00000E+00    0.13865E+00    0.00000E+00    0.15007E+00    0.00000E+00    0.13979E+00    0.65065E-02    0.52659E+00    0.56835E-02    0.54785E+00    0.64289E-02    0.52875E+00    0.50782E-02    0.42632E+00    0.44255E-02    0.47615E+00    0.50129E-02    0.43131E+00
14500  91    0.31380E-05    0.18488E-04    0.45335E-05    0.30741E-05    0.63905E-01    0.18408E-04    0.79736E-01    0.44681E-05    0.65344E-01    0.46162E-02    0.35750E+00    0.69139E-02    0.39934E+00    0.48701E-02    0.36151E+00    0.35367E-02    0.19411E+00    0.50980E-02    0.24628E+00    0.36786E-02    0.19885E+00    0.55893E-05    0.36816E-04    0.81916E-05    0.55893E-05    0.00000E+00    0.36816E-04    0.00000E+00    0.81916E-05    0.00000E+00    0.33435E-02    0.00000E+00    0.85809E-02    0.00000E+00    0.40476E-02    0.00000E+00    0.26211E-02    0.00000E+00    0.61584E-02    0.00000E+00    0.29159E-02    0.00000E+00    0.14201E-06    0.15947E-06    0.14376E-06    0.00000E+00    0.14201E+00    0.00000E+00    0.15947E+00    0.00000E+00    0.14376E+00    0.58044E-02    0.53294E+00    0.46874E-02    0.56475E+00    0.57025E-02    0.53620E+00    0.46556E-02    0.43135E+00    0.40376E-02    0.49255E+00    0.45938E-02    0.43747E+00
14600  92    0.10834E-04    0.21313E-04    0.11787E-04    0.10772E-04    0.62422E-01    0.21230E-04    0.82909E-01    0.11723E-04    0.64284E-01    0.62517E-02    0.35333E+00    0.80186E-02    0.40721E+00    0.64324E-02    0.35856E+00    0.48728E-02    0.19208E+00    0.58819E-02    0.25159E+00    0.49645E-02    0.19749E+00    0.19585E-04    0.42460E-04    0.21492E-04    0.19585E-04    0.00000E+00    0.42460E-04    0.00000E+00    0.21492E-04    0.00000E+00    0.62587E-02    0.00000E+00    0.92152E-02    0.00000E+00    0.65562E-02    0.00000E+00    0.49285E-02    0.00000E+00    0.67523E-02    0.00000E+00    0.50805E-02    0.00000E+00    0.13872E-06    0.16582E-06    0.14143E-06    0.00000E+00    0.13872E+00    0.00000E+00    0.16582E+00    0.00000E+00    0.14143E+00    0.62432E-02    0.52672E+00    0.66088E-02    0.57588E+00    0.62807E-02    0.53184E+00    0.48046E-02    0.42685E+00    0.50115E-02    0.50318E+00    0.48253E-02    0.43448E+00
14700  93    0.38007E-05    0.15572E-04    0.48708E-05    0.37401E-05    0.60593E-01    0.15494E-04    0.77424E-01    0.48086E-05    0.62123E-01    0.45440E-02    0.34812E+00    0.61591E-02    0.39351E+00    0.47138E-02    0.35249E+00    0.34728E-02    0.18861E+00    0.40638E-02    0.24255E+00    0.35265E-02    0.19351E+00    0.68001E-05    0.30988E-04    0.88158E-05    0.68001E-05    0.00000E+00    0.30988E-04    0.00000E+00    0.88158E-05    0.00000E+00    0.36879E-02    0.00000E+00    0.78725E-02    0.00000E+00    0.41990E-02    0.00000E+00    0.29444E-02    0.00000E+00    0.55013E-02    0.00000E+00    0.31575E-02    0.00000E+00    0.13465E-06    0.15485E-06    0.13667E-06    0.00000E+00    0.13465E+00    0.00000E+00    0.15485E+00    0.00000E+00    0.13667E+00    0.54095E-02    0.51894E+00    0.37272E-02    0.55650E+00    0.52655E-02    0.52282E+00    0.41187E-02    0.41913E+00    0.26263E-02    0.48510E+00    0.39694E-02    0.42573E+00
14800  94    0.57101E-05    0.23209E-04    0.73009E-05    0.56469E-05    0.63208E-01    0.23129E-04    0.80489E-01    0.72361E-05    0.64779E-01    0.49480E-02    0.35555E+00    0.73551E-02    0.40122E+00    0.52130E-02    0.35994E+00    0.41422E-02    0.19294E+00    0.59351E-02    0.24929E+00    0.43052E-02    0.19807E+00    0.10267E-04    0.46258E-04    0.13266E-04    0.10267E-04    0.00000E+00    0.46258E-04    0.00000E+00    0.13266E-04    0.00000E+00    0.45315E-02    0.00000E+00    0.96185E-02    0.00000E+00    0.51510E-02    0.00000E+00    0.38548E-02    0.00000E+00    0.86103E-02    0.00000E+00    0.42511E-02    0.00000E+00    0.14046E-06    0.16098E-06    0.14251E-06    0.00000E+00    0.14046E+00    0.00000E+00    0.16098E+00    0.00000E+00    0.14251E+00    0.54137E-02    0.53002E+00    0.39598E-02    0.56741E+00    0.52864E-02    0.53388E+00    0.44934E-02    0.42877E+00    0.32599E-02    0.49859E+00    0.43701E-02    0.43575E+00
14900  95    0.12551E-04    0.19465E-04    0.13180E-04    0.12498E-04    0.53006E-01    0.19391E-04    0.73258E-01    0.13125E-04    0.54847E-01    0.76659E-02    0.32559E+00    0.71059E-02    0.38277E+00    0.76167E-02    0.33120E+00    0.51190E-02    0.17756E+00    0.52681E-02    0.23527E+00    0.51326E-02    0.18280E+00    0.22724E-04    0.38783E-04    0.24062E-04    0.22724E-04    0.00000E+00    0.38783E-04    0.00000E+00    0.24062E-04    0.00000E+00    0.67415E-02    0.00000E+00    0.88071E-02    0.00000E+00    0.69372E-02    0.00000E+00    0.44720E-02    0.00000E+00    0.71336E-02    0.00000E+00    0.46938E-02    0.00000E+00    0.11779E-06    0.14652E-06    0.12066E-06    0.00000E+00    0.11779E+00    0.00000E+00    0.14652E+00    0.00000E+00    0.12066E+00    0.86628E-02    0.48537E+00    0.48395E-02    0.54132E+00    0.83595E-02    0.49125E+00    0.59098E-02    0.39457E+00    0.34027E-02    0.47053E+00    0.56591E-02    0.40216E+00
15000  96    0.43359E-05    0.19832E-04    0.57446E-05    0.42784E-05    0.57530E-01    0.19755E-04    0.76606E-01    0.56854E-05    0.59264E-01    0.50273E-02    0.33921E+00    0.72500E-02    0.39142E+00    0.52683E-02    0.34428E+00    0.39525E-02    0.18449E+00    0.52118E-02    0.24242E+00    0.40670E-02    0.18976E+00    0.77789E-05    0.39511E-04    0.10423E-04    0.77789E-05    0.00000E+00    0.39511E-04    0.00000E+00    0.10423E-04    0.00000E+00    0.39443E-02    0.00000E+00    0.88894E-02    0.00000E+00    0.45658E-02    0.00000E+00    0.31574E-02    0.00000E+00    0.65441E-02    0.00000E+00    0.34396E-02    0.00000E+00    0.12784E-06    0.15321E-06    0.13038E-06    0.00000E+00    0.12784E+00    0.00000E+00    0.15321E+00    0.00000E+00    0.13038E+00    0.60951E-02    0.50566E+00    0.51090E-02    0.55356E+00    0.60038E-02    0.51065E+00    0.49243E-02    0.40998E+00    0.38795E-02    0.48484E+00    0.48198E-02    0.41747E+00
15100  97    0.58538E-05    0.18870E-04    0.70371E-05    0.57967E-05    0.57158E-01    0.18797E-04    0.73207E-01    0.69785E-05    0.58617E-01    0.57103E-02    0.33811E+00    0.74964E-02    0.38264E+00    0.58951E-02    0.34239E+00    0.46173E-02    0.18328E+00    0.55147E-02    0.23724E+00    0.46989E-02    0.18819E+00    0.10539E-04    0.37593E-04    0.12794E-04    0.10539E-04    0.00000E+00    0.37593E-04    0.00000E+00    0.12794E-04    0.00000E+00    0.45912E-02    0.00000E+00    0.86710E-02    0.00000E+00    0.50584E-02    0.00000E+00    0.37051E-02    0.00000E+00    0.58746E-02    0.00000E+00    0.38858E-02    0.00000E+00    0.12702E-06    0.14641E-06    0.12896E-06    0.00000E+00    0.12702E+00    0.00000E+00    0.14641E+00    0.00000E+00    0.12896E+00    0.68337E-02    0.50402E+00    0.60997E-02    0.54113E+00    0.67638E-02    0.50785E+00    0.57322E-02    0.40730E+00    0.51549E-02    0.47448E+00    0.56745E-02    0.41401E+00
15200  98    0.47207E-05    0.16786E-04    0.58176E-05    0.46648E-05    0.55889E-01    0.16713E-04    0.73050E-01    0.57601E-05    0.57449E-01    0.49168E-02    0.33433E+00    0.64114E-02    0.38223E+00    0.50709E-02    0.33897E+00    0.40021E-02    0.18202E+00    0.51816E-02    0.23704E+00    0.41093E-02    0.18703E+00    0.84815E-05    0.33426E-04    0.10560E-04    0.84815E-05    0.00000E+00    0.33426E-04    0.00000E+00    0.10560E-04    0.00000E+00    0.41186E-02    0.00000E+00    0.81763E-02    0.00000E+00    0.45957E-02    0.00000E+00    0.33763E-02    0.00000E+00    0.70033E-02    0.00000E+00    0.36785E-02    0.00000E+00    0.12420E-06    0.14610E-06    0.12639E-06    0.00000E+00    0.12420E+00    0.00000E+00    0.14610E+00    0.00000E+00    0.12639E+00    0.57436E-02    0.49839E+00    0.39192E-02    0.54056E+00    0.55880E-02    0.50277E+00    0.47670E-02    0.40450E+00    0.33599E-02    0.47408E+00    0.46263E-02    0.41146E+00
15300  98    0.44393E-05    0.12104E-04    0.51361E-05    0.43834E-05    0.55881E-01    0.12032E-04    0.72390E-01    0.50787E-05    0.57382E-01    0.46692E-02    0.33431E+00    0.57032E-02    0.38050E+00    0.47725E-02    0.33877E+00    0.36356E-02    0.18210E+00    0.39853E-02    0.23574E+00    0.36674E-02    0.18697E+00    0.79699E-05    0.24063E-04    0.93110E-05    0.79699E-05    0.00000E+00    0.24063E-04    0.00000E+00    0.93110E-05    0.00000E+00    0.39925E-02    0.00000E+00    0.69373E-02    0.00000E+00    0.43153E-02    0.00000E+00    0.31748E-02    0.00000E+00    0.45778E-02    0.00000E+00    0.32917E-02    0.00000E+00    0.12418E-06    0.14478E-06    0.12624E-06    0.00000E+00    0.12418E+00    0.00000E+00    0.14478E+00    0.00000E+00    0.12624E+00    0.53820E-02    0.49836E+00    0.41142E-02    0.53811E+00    0.52689E-02    0.50248E+00    0.41988E-02    0.40466E+00    0.33929E-02    0.47148E+00    0.41182E-02    0.41134E+00
15400  99    0.14990E-04    0.19969E-04    0.15442E-04    0.14934E-04    0.55659E-01    0.19897E-04    0.72059E-01    0.15385E-04    0.57150E-01    0.74217E-02    0.33364E+00    0.78931E-02    0.37963E+00    0.74658E-02    0.33808E+00    0.61931E-02    0.18212E+00    0.64362E-02    0.23427E+00    0.62152E-02    0.18686E+00    0.27153E-04    0.39794E-04    0.28206E-04    0.27153E-04    0.00000E+00    0.39794E-04    0.00000E+00    0.28206E-04    0.00000E+00    0.73692E-02    0.00000E+00    0.89212E-02    0.00000E+00    0.75108E-02    0.00000E+00    0.59340E-02    0.00000E+00    0.70699E-02    0.00000E+00    0.60286E-02    0.00000E+00    0.12369E-06    0.14412E-06    0.12573E-06    0.00000E+00    0.12369E+00    0.00000E+00    0.14412E+00    0.00000E+00    0.12573E+00    0.74853E-02    0.49736E+00    0.67093E-02    0.53687E+00    0.74114E-02    0.50146E+00    0.65099E-02    0.40471E+00    0.58024E-02    0.46854E+00    0.64391E-02    0.41109E+00
15500  100    0.69575E-05    0.17526E-04    0.79183E-05    0.69049E-05    0.52574E-01    0.17454E-04    0.72413E-01    0.78639E-05    0.54378E-01    0.53539E-02    0.32427E+00    0.70354E-02    0.38056E+00    0.55279E-02    0.32978E+00    0.45164E-02    0.17706E+00    0.57127E-02    0.23373E+00    0.46252E-02    0.18221E+00    0.12554E-04    0.34908E-04    0.14417E-04    0.12554E-04    0.00000E+00    0.34908E-04    0.00000E+00    0.14417E-04    0.00000E+00    0.50109E-02    0.00000E+00    0.83555E-02    0.00000E+00    0.53698E-02    0.00000E+00    0.42784E-02    0.00000E+00    0.70670E-02    0.00000E+00    0.45108E-02    0.00000E+00    0.11683E-06    0.14483E-06    0.11963E-06    0.00000E+00    0.11683E+00    0.00000E+00    0.14483E+00    0.00000E+00    0.11963E+00    0.57453E-02    0.48339E+00    0.54017E-02    0.53819E+00    0.57119E-02    0.48914E+00    0.48074E-02    0.39346E+00    0.43585E-02    0.46746E+00    0.47625E-02    0.40086E+00
15600  100    0.76747E-05    0.10115E-04    0.78966E-05    0.76207E-05    0.53976E-01    0.10039E-04    0.75652E-01    0.78406E-05    0.55947E-01    0.59177E-02    0.32856E+00    0.58635E-02    0.38898E+00    0.59128E-02    0.33450E+00    0.48328E-02    0.17952E+00    0.46563E-02    0.23927E+00    0.48168E-02    0.18495E+00    0.13856E-04    0.20079E-04    0.14374E-04    0.13856E-04    0.00000E+00    0.20079E-04    0.00000E+00    0.14374E-04    0.00000E+00    0.52642E-02    0.00000E+00    0.63370E-02    0.00000E+00    0.53618E-02    0.00000E+00    0.41939E-02    0.00000E+00    0.49081E-02    0.00000E+00    0.42534E-02    0.00000E+00    0.11995E-06    0.15130E-06    0.12308E-06    0.00000E+00    0.11995E+00    0.00000E+00    0.15130E+00    0.00000E+00    0.12308E+00    0.66296E-02    0.48979E+00    0.53483E-02    0.55010E+00    0.65128E-02    0.49615E+00    0.56137E-02    0.39894E+00    0.44044E-02    0.47855E+00    0.54928E-02    0.40690E+00
15700  100    0.33011E-05    0.96998E-05    0.38828E-05    0.32471E-05    0.53949E-01    0.96253E-05    0.74481E-01    0.38269E-05    0.55815E-01    0.39090E-02    0.32848E+00    0.51317E-02    0.38596E+00    0.40355E-02    0.33411E+00    0.31097E-02    0.17944E+00    0.36411E-02    0.23903E+00    0.31580E-02    0.18486E+00    0.59038E-05    0.19251E-04    0.70161E-05    0.59038E-05    0.00000E+00    0.19251E-04    0.00000E+00    0.70161E-05    0.00000E+00    0.34362E-02    0.00000E+00    0.62049E-02    0.00000E+00    0.37459E-02    0.00000E+00    0.27416E-02    0.00000E+00    0.43904E-02    0.00000E+00    0.28790E-02    0.00000E+00    0.11989E-06    0.14896E-06    0.12279E-06    0.00000E+00    0.11989E+00    0.00000E+00    0.14896E+00    0.00000E+00    0.12279E+00    0.44186E-02    0.48966E+00    0.37640E-02    0.54582E+00    0.43576E-02    0.49557E+00    0.35596E-02    0.39876E+00    0.28917E-02    0.47805E+00    0.34928E-02    0.40669E+00
15800  101    0.80694E-05    0.17506E-04    0.89273E-05    0.80168E-05    0.52604E-01    0.17432E-04    0.74313E-01    0.88727E-05    0.54578E-01    0.56972E-02    0.32436E+00    0.67222E-02    0.38552E+00    0.57979E-02    0.33039E+00    0.47883E-02    0.17741E+00    0.58332E-02    0.23778E+00    0.48832E-02    0.18289E+00    0.14576E-04    0.34864E-04    0.16267E-04    0.14576E-04    0.00000E+00    0.34864E-04    0.00000E+00    0.16267E-04    0.00000E+00    0.53993E-02    0.00000E+00    0.83504E-02    0.00000E+00    0.57038E-02    0.00000E+00    0.45631E-02    0.00000E+00    0.77950E-02    0.00000E+00    0.48324E-02    0.00000E+00    0.11690E-06    0.14863E-06    0.12007E-06    0.00000E+00    0.11690E+00    0.00000E+00    0.14863E+00    0.00000E+00    0.12007E+00    0.60414E-02    0.48352E+00    0.45440E-02    0.54521E+00    0.59087E-02    0.49004E+00    0.50635E-02    0.39424E+00    0.38714E-02    0.47555E+00    0.49443E-02    0.40237E+00
15900  102    0.24314E-05    0.15928E-04    0.36584E-05    0.23801E-05    0.51325E-01    0.15858E-04    0.69424E-01    0.36054E-05    0.52971E-01    0.38390E-02    0.32039E+00    0.64672E-02    0.37262E+00    0.41474E-02    0.32549E+00    0.28921E-02    0.17489E+00    0.44041E-02    0.23013E+00    0.30295E-02    0.17991E+00    0.43275E-05    0.31716E-04    0.66099E-05    0.43275E-05    0.00000E+00    0.31716E-04    0.00000E+00    0.66099E-05    0.00000E+00    0.29419E-02    0.00000E+00    0.79645E-02    0.00000E+00    0.36359E-02    0.00000E+00    0.24204E-02    0.00000E+00    0.52250E-02    0.00000E+00    0.26541E-02    0.00000E+00    0.11406E-06    0.13885E-06    0.11654E-06    0.00000E+00    0.11406E+00    0.00000E+00    0.13885E+00    0.00000E+00    0.11654E+00    0.47089E-02    0.47761E+00    0.44962E-02    0.52697E+00    0.46880E-02    0.48277E+00    0.34686E-02    0.38864E+00    0.35831E-02    0.46026E+00    0.34801E-02    0.39580E+00
16000  103    0.20678E-05    0.13937E-04    0.31469E-05    0.20167E-05    0.51097E-01    0.13867E-04    0.69957E-01    0.30941E-05    0.52811E-01    0.36030E-02    0.31968E+00    0.58101E-02    0.37405E+00    0.38562E-02    0.32500E+00    0.27985E-02    0.17502E+00    0.39339E-02    0.23142E+00    0.29017E-02    0.18015E+00    0.36668E-05    0.27734E-04    0.56724E-05    0.36668E-05    0.00000E+00    0.27734E-04    0.00000E+00    0.56724E-05    0.00000E+00    0.27081E-02    0.00000E+00    0.74477E-02    0.00000E+00    0.33682E-02    0.00000E+00    0.21626E-02    0.00000E+00    0.52304E-02    0.00000E+00    0.24182E-02    0.00000E+00    0.11355E-06    0.13991E-06    0.11618E-06    0.00000E+00    0.11355E+00    0.00000E+00    0.13991E+00    0.00000E+00    0.11618E+00    0.44592E-02    0.47655E+00    0.34708E-02    0.52899E+00    0.43704E-02    0.48205E+00    0.35758E-02    0.38894E+00    0.26374E-02    0.46283E+00    0.34819E-02    0.39633E+00
16100  104    0.49890E-05    0.12552E-04    0.56765E-05    0.49358E-05    0.53200E-01    0.12479E-04    0.72655E-01    0.56215E-05    0.54969E-01    0.44112E-02    0.32619E+00    0.59163E-02    0.38119E+00    0.45686E-02    0.33157E+00    0.33373E-02    0.17811E+00    0.46067E-02    0.23557E+00    0.34527E-02    0.18333E+00    0.89742E-05    0.24958E-04    0.10306E-04    0.89742E-05    0.00000E+00    0.24958E-04    0.00000E+00    0.10306E-04    0.00000E+00    0.42365E-02    0.00000E+00    0.70651E-02    0.00000E+00    0.45401E-02    0.00000E+00    0.31331E-02    0.00000E+00    0.56927E-02    0.00000E+00    0.33464E-02    0.00000E+00    0.11822E-06    0.14531E-06    0.12093E-06    0.00000E+00    0.11822E+00    0.00000E+00    0.14531E+00    0.00000E+00    0.12093E+00    0.46158E-02    0.48626E+00    0.44823E-02    0.53909E+00    0.46026E-02    0.49180E+00    0.35870E-02    0.39580E+00    0.35207E-02    0.47114E+00    0.35804E-02    0.40333E+00
16200  105    0.23467E-05    0.13792E-04    0.33871E-05    0.22957E-05    0.51026E-01    0.13722E-04    0.70092E-01    0.33344E-05    0.52760E-01    0.36381E-02    0.31946E+00    0.57206E-02    0.37441E+00    0.38740E-02    0.32484E+00    0.28015E-02    0.17480E+00    0.39377E-02    0.23140E+00    0.29048E-02    0.17995E+00    0.41739E-05    0.27443E-04    0.61130E-05    0.41739E-05    0.00000E+00    0.27443E-04    0.00000E+00    0.61130E-05    0.00000E+00    0.28893E-02    0.00000E+00    0.74086E-02    0.00000E+00    0.34966E-02    0.00000E+00    0.23063E-02    0.00000E+00    0.52949E-02    0.00000E+00    0.25554E-02    0.00000E+00    0.11339E-06    0.14018E-06    0.11607E-06    0.00000E+00    0.11339E+00    0.00000E+00    0.14018E+00    0.00000E+00    0.11607E+00    0.43830E-02    0.47622E+00    0.32501E-02    0.52950E+00    0.42832E-02    0.48181E+00    0.34066E-02    0.38845E+00    0.25805E-02    0.46280E+00    0.33240E-02    0.39588E+00
16300  106    0.25364E-05    0.15557E-04    0.37202E-05    0.24890E-05    0.47412E-01    0.15490E-04    0.67342E-01    0.36709E-05    0.49224E-01    0.38572E-02    0.30794E+00    0.60699E-02    0.36699E+00    0.41079E-02    0.31376E+00    0.28783E-02    0.16885E+00    0.38410E-02    0.22560E+00    0.29659E-02    0.17401E+00    0.45255E-05    0.30980E-04    0.67300E-05    0.45255E-05    0.00000E+00    0.30980E-04    0.00000E+00    0.67300E-05    0.00000E+00    0.30085E-02    0.00000E+00    0.78715E-02    0.00000E+00    0.36688E-02    0.00000E+00    0.23569E-02    0.00000E+00    0.51406E-02    0.00000E+00    0.25889E-02    0.00000E+00    0.10536E-06    0.13468E-06    0.10829E-06    0.00000E+00    0.10536E+00    0.00000E+00    0.13468E+00    0.00000E+00    0.10829E+00    0.46904E-02    0.45904E+00    0.34246E-02    0.51901E+00    0.45796E-02    0.46539E+00    0.35157E-02    0.37521E+00    0.25414E-02    0.45121E+00    0.34183E-02    0.38281E+00
16400  107    0.11446E-04    0.22472E-04    0.12448E-04    0.11401E-04    0.45332E-01    0.22406E-04    0.66136E-01    0.12401E-04    0.47223E-01    0.66239E-02    0.30110E+00    0.81483E-02    0.36369E+00    0.67767E-02    0.30732E+00    0.52247E-02    0.16539E+00    0.60308E-02    0.22247E+00    0.52980E-02    0.17058E+00    0.20729E-04    0.44812E-04    0.22736E-04    0.20729E-04    0.00000E+00    0.44812E-04    0.00000E+00    0.22736E-04    0.00000E+00    0.64387E-02    0.00000E+00    0.94670E-02    0.00000E+00    0.67432E-02    0.00000E+00    0.53296E-02    0.00000E+00    0.65448E-02    0.00000E+00    0.54308E-02    0.00000E+00    0.10074E-06    0.13227E-06    0.10389E-06    0.00000E+00    0.10074E+00    0.00000E+00    0.13227E+00    0.00000E+00    0.10389E+00    0.68435E-02    0.44886E+00    0.65701E-02    0.51434E+00    0.68166E-02    0.45583E+00    0.50965E-02    0.36754E+00    0.55168E-02    0.44493E+00    0.51386E-02    0.37528E+00
16500  108    0.51793E-05    0.18875E-04    0.64243E-05    0.51306E-05    0.48712E-01    0.18806E-04    0.68261E-01    0.63739E-05    0.50489E-01    0.52895E-02    0.31213E+00    0.73668E-02    0.36949E+00    0.55108E-02    0.31777E+00    0.43484E-02    0.17033E+00    0.54988E-02    0.22721E+00    0.44530E-02    0.17551E+00    0.93284E-05    0.37613E-04    0.11685E-04    0.93284E-05    0.00000E+00    0.37613E-04    0.00000E+00    0.11685E-04    0.00000E+00    0.43193E-02    0.00000E+00    0.86732E-02    0.00000E+00    0.48343E-02    0.00000E+00    0.35860E-02    0.00000E+00    0.60961E-02    0.00000E+00    0.37952E-02    0.00000E+00    0.10825E-06    0.13652E-06    0.11108E-06    0.00000E+00    0.10825E+00    0.00000E+00    0.13652E+00    0.00000E+00    0.11108E+00    0.62748E-02    0.46529E+00    0.57720E-02    0.52254E+00    0.62264E-02    0.47133E+00    0.52803E-02    0.37852E+00    0.49015E-02    0.45443E+00    0.52424E-02    0.38611E+00
16600  109    0.14202E-04    0.15832E-04    0.14350E-04    0.14155E-04    0.46509E-01    0.15766E-04    0.66219E-01    0.14302E-04    0.48301E-01    0.76730E-02    0.30499E+00    0.68362E-02    0.36392E+00    0.76007E-02    0.31081E+00    0.60647E-02    0.16624E+00    0.54029E-02    0.22552E+00    0.60045E-02    0.17163E+00    0.25737E-04    0.31532E-04    0.26220E-04    0.25737E-04    0.00000E+00    0.31532E-04    0.00000E+00    0.26220E-04    0.00000E+00    0.71745E-02    0.00000E+00    0.79412E-02    0.00000E+00    0.72415E-02    0.00000E+00    0.56650E-02    0.00000E+00    0.63183E-02    0.00000E+00    0.57195E-02    0.00000E+00    0.10335E-06    0.13244E-06    0.10626E-06    0.00000E+00    0.10335E+00    0.00000E+00    0.13244E+00    0.00000E+00    0.10626E+00    0.82413E-02    0.45465E+00    0.55139E-02    0.51466E+00    0.80105E-02    0.46100E+00    0.65531E-02    0.36943E+00    0.44876E-02    0.45103E+00    0.63466E-02    0.37759E+00
16700  110    0.43980E-05    0.14711E-04    0.53356E-05    0.43517E-05    0.46334E-01    0.14640E-04    0.71611E-01    0.52870E-05    0.48632E-01    0.47035E-02    0.30441E+00    0.58772E-02    0.37845E+00    0.48220E-02    0.31187E+00    0.37076E-02    0.16790E+00    0.44945E-02    0.23236E+00    0.37791E-02    0.17376E+00    0.79122E-05    0.29279E-04    0.96927E-05    0.79122E-05    0.00000E+00    0.29279E-04    0.00000E+00    0.96927E-05    0.00000E+00    0.39780E-02    0.00000E+00    0.76524E-02    0.00000E+00    0.44029E-02    0.00000E+00    0.32202E-02    0.00000E+00    0.62950E-02    0.00000E+00    0.34764E-02    0.00000E+00    0.10296E-06    0.14322E-06    0.10699E-06    0.00000E+00    0.10296E+00    0.00000E+00    0.14322E+00    0.00000E+00    0.10699E+00    0.54608E-02    0.45379E+00    0.32440E-02    0.53520E+00    0.52812E-02    0.46258E+00    0.43034E-02    0.37312E+00    0.26940E-02    0.46471E+00    0.41424E-02    0.38228E+00
16800  111    0.27956E-05    0.12029E-04    0.36350E-05    0.27465E-05    0.49097E-01    0.11955E-04    0.74432E-01    0.35836E-05    0.51400E-01    0.36472E-02    0.31336E+00    0.54596E-02    0.38583E+00    0.38474E-02    0.32062E+00    0.29023E-02    0.17235E+00    0.37270E-02    0.23862E+00    0.29773E-02    0.17837E+00    0.49936E-05    0.23910E-04    0.65700E-05    0.49936E-05    0.00000E+00    0.23910E-04    0.00000E+00    0.65700E-05    0.00000E+00    0.31603E-02    0.00000E+00    0.69152E-02    0.00000E+00    0.36249E-02    0.00000E+00    0.24570E-02    0.00000E+00    0.45490E-02    0.00000E+00    0.26314E-02    0.00000E+00    0.10910E-06    0.14886E-06    0.11308E-06    0.00000E+00    0.10910E+00    0.00000E+00    0.14886E+00    0.00000E+00    0.11308E+00    0.41658E-02    0.46713E+00    0.34344E-02    0.54564E+00    0.40985E-02    0.47556E+00    0.34466E-02    0.38300E+00    0.29049E-02    0.47723E+00    0.33924E-02    0.39242E+00
16900  112    0.29163E-05    0.10437E-04    0.36000E-05    0.28678E-05    0.48553E-01    0.10365E-04    0.71319E-01    0.35494E-05    0.50622E-01    0.36133E-02    0.31162E+00    0.51028E-02    0.37767E+00    0.37731E-02    0.31819E+00    0.28015E-02    0.17122E+00    0.35648E-02    0.23232E+00    0.28709E-02    0.17677E+00    0.52141E-05    0.20731E-04    0.65072E-05    0.52141E-05    0.00000E+00    0.20731E-04    0.00000E+00    0.65072E-05    0.00000E+00    0.32293E-02    0.00000E+00    0.64391E-02    0.00000E+00    0.36075E-02    0.00000E+00    0.25381E-02    0.00000E+00    0.44088E-02    0.00000E+00    0.26940E-02    0.00000E+00    0.10789E-06    0.14264E-06    0.11137E-06    0.00000E+00    0.10789E+00    0.00000E+00    0.14264E+00    0.00000E+00    0.11137E+00    0.40333E-02    0.46453E+00    0.32582E-02    0.53411E+00    0.39626E-02    0.47195E+00    0.31234E-02    0.38049E+00    0.27208E-02    0.46464E+00    0.30832E-02    0.38890E+00
17000  113    0.28955E-05    0.11678E-04    0.36940E-05    0.28505E-05    0.45043E-01    0.11610E-04    0.68334E-01    0.36468E-05    0.47160E-01    0.40885E-02    0.30014E+00    0.55817E-02    0.36969E+00    0.42460E-02    0.30712E+00    0.30916E-02    0.16529E+00    0.38058E-02    0.22680E+00    0.31565E-02    0.17088E+00    0.51827E-05    0.23220E-04    0.66858E-05    0.51827E-05    0.00000E+00    0.23220E-04    0.00000E+00    0.66858E-05    0.00000E+00    0.32195E-02    0.00000E+00    0.68147E-02    0.00000E+00    0.36567E-02    0.00000E+00    0.25023E-02    0.00000E+00    0.44255E-02    0.00000E+00    0.26626E-02    0.00000E+00    0.10010E-06    0.13667E-06    0.10375E-06    0.00000E+00    0.10010E+00    0.00000E+00    0.13667E+00    0.00000E+00    0.10375E+00    0.49474E-02    0.44743E+00    0.39839E-02    0.52281E+00    0.48596E-02    0.45553E+00    0.38118E-02    0.36732E+00    0.31862E-02    0.45360E+00    0.37493E-02    0.37595E+00
17100  114    0.14142E-04    0.30606E-04    0.15639E-04    0.14095E-04    0.47478E-01    0.30542E-04    0.64746E-01    0.15590E-04    0.49048E-01    0.78139E-02    0.30815E+00    0.95042E-02    0.35985E+00    0.79823E-02    0.31320E+00    0.55037E-02    0.16796E+00    0.70026E-02    0.22097E+00    0.56399E-02    0.17278E+00    0.25627E-04    0.61083E-04    0.28582E-04    0.25627E-04    0.00000E+00    0.61083E-04    0.00000E+00    0.28582E-04    0.00000E+00    0.71592E-02    0.00000E+00    0.11053E-01    0.00000E+00    0.75606E-02    0.00000E+00    0.50018E-02    0.00000E+00    0.78086E-02    0.00000E+00    0.52357E-02    0.00000E+00    0.10551E-06    0.12949E-06    0.10791E-06    0.00000E+00    0.10551E+00    0.00000E+00    0.12949E+00    0.00000E+00    0.10791E+00    0.85462E-02    0.45936E+00    0.76481E-02    0.50891E+00    0.84607E-02    0.46455E+00    0.61171E-02    0.37325E+00    0.61965E-02    0.44195E+00    0.61250E-02    0.38012E+00
17200  115    0.44578E-05    0.10438E-04    0.50015E-05    0.44129E-05    0.44911E-01    0.10373E-04    0.65563E-01    0.49547E-05    0.46788E-01    0.49324E-02    0.29970E+00    0.54789E-02    0.36211E+00    0.49845E-02    0.30590E+00    0.37286E-02    0.16487E+00    0.39801E-02    0.22130E+00    0.37515E-02    0.17000E+00    0.80234E-05    0.20745E-04    0.90836E-05    0.80234E-05    0.00000E+00    0.20745E-04    0.00000E+00    0.90836E-05    0.00000E+00    0.40058E-02    0.00000E+00    0.64413E-02    0.00000E+00    0.42623E-02    0.00000E+00    0.30723E-02    0.00000E+00    0.44601E-02    0.00000E+00    0.31879E-02    0.00000E+00    0.99802E-07    0.13113E-06    0.10293E-06    0.00000E+00    0.99802E-01    0.00000E+00    0.13113E+00    0.00000E+00    0.10293E+00    0.58694E-02    0.44677E+00    0.43066E-02    0.51211E+00    0.57323E-02    0.45373E+00    0.45308E-02    0.36637E+00    0.35001E-02    0.44260E+00    0.44278E-02    0.37399E+00
17300  116    0.26734E-05    0.18142E-04    0.40797E-05    0.26285E-05    0.44940E-01    0.18078E-04    0.64310E-01    0.40330E-05    0.46701E-01    0.40520E-02    0.29980E+00    0.69565E-02    0.35864E+00    0.43961E-02    0.30562E+00    0.30547E-02    0.16510E+00    0.46721E-02    0.21887E+00    0.32017E-02    0.16998E+00    0.47790E-05    0.36156E-04    0.73938E-05    0.47790E-05    0.00000E+00    0.36156E-04    0.00000E+00    0.73938E-05    0.00000E+00    0.30916E-02    0.00000E+00    0.85037E-02    0.00000E+00    0.38455E-02    0.00000E+00    0.24903E-02    0.00000E+00    0.57372E-02    0.00000E+00    0.27609E-02    0.00000E+00    0.99868E-07    0.12862E-06    0.10274E-06    0.00000E+00    0.99868E-01    0.00000E+00    0.12862E+00    0.00000E+00    0.10274E+00    0.49803E-02    0.44692E+00    0.49472E-02    0.50719E+00    0.49770E-02    0.45331E+00    0.37445E-02    0.36688E+00    0.36070E-02    0.43773E+00    0.37307E-02    0.37397E+00
17400  116    0.33269E-05    0.84418E-05    0.37919E-05    0.32838E-05    0.43049E-01    0.83768E-05    0.65032E-01    0.37468E-05    0.45047E-01    0.45074E-02    0.29342E+00    0.48689E-02    0.36065E+00    0.45415E-02    0.30016E+00    0.35214E-02    0.16251E+00    0.36235E-02    0.22140E+00    0.35307E-02    0.16787E+00    0.59706E-05    0.16754E-04    0.68692E-05    0.59706E-05    0.00000E+00    0.16754E-04    0.00000E+00    0.68692E-05    0.00000E+00    0.34556E-02    0.00000E+00    0.57885E-02    0.00000E+00    0.37065E-02    0.00000E+00    0.26489E-02    0.00000E+00    0.41868E-02    0.00000E+00    0.27771E-02    0.00000E+00    0.95663E-07    0.13006E-06    0.99104E-07    0.00000E+00    0.95663E-01    0.00000E+00    0.13006E+00    0.00000E+00    0.99104E-01    0.55275E-02    0.43741E+00    0.37290E-02    0.51003E+00    0.53748E-02    0.44520E+00    0.45879E-02    0.36114E+00    0.30603E-02    0.44281E+00    0.44351E-02    0.36931E+00
17500  117    0.30192E-05    0.11842E-04    0.38213E-05    0.29733E-05    0.45874E-01    0.11775E-04    0.66934E-01    0.37735E-05    0.47789E-01    0.39610E-02    0.30290E+00    0.58069E-02    0.36588E+00    0.41627E-02    0.30916E+00    0.31040E-02    0.16739E+00    0.44298E-02    0.22280E+00    0.32245E-02    0.17243E+00    0.54061E-05    0.23550E-04    0.69181E-05    0.54061E-05    0.00000E+00    0.23550E-04    0.00000E+00    0.69181E-05    0.00000E+00    0.32882E-02    0.00000E+00    0.68629E-02    0.00000E+00    0.37197E-02    0.00000E+00    0.26257E-02    0.00000E+00    0.48412E-02    0.00000E+00    0.28103E-02    0.00000E+00    0.10194E-06    0.13387E-06    0.10514E-06    0.00000E+00    0.10194E+00    0.00000E+00    0.13387E+00    0.00000E+00    0.10514E+00    0.46529E-02    0.45154E+00    0.45100E-02    0.51743E+00    0.46388E-02    0.45855E+00    0.36885E-02    0.37198E+00    0.40185E-02    0.44560E+00    0.37215E-02    0.37934E+00
17600  118    0.46023E-05    0.10757E-04    0.51618E-05    0.45589E-05    0.43417E-01    0.10690E-04    0.67096E-01    0.51162E-05    0.45570E-01    0.44365E-02    0.29468E+00    0.50842E-02    0.36632E+00    0.44993E-02    0.30189E+00    0.35837E-02    0.16399E+00    0.42421E-02    0.22377E+00    0.36435E-02    0.16943E+00    0.82889E-05    0.21380E-04    0.93798E-05    0.82889E-05    0.00000E+00    0.21380E-04    0.00000E+00    0.93798E-05    0.00000E+00    0.40716E-02    0.00000E+00    0.65391E-02    0.00000E+00    0.43312E-02    0.00000E+00    0.34033E-02    0.00000E+00    0.59231E-02    0.00000E+00    0.36133E-02    0.00000E+00    0.96483E-07    0.13419E-06    0.10025E-06    0.00000E+00    0.96483E-01    0.00000E+00    0.13419E+00    0.00000E+00    0.10025E+00    0.48454E-02    0.43928E+00    0.29897E-02    0.51806E+00    0.46930E-02    0.44778E+00    0.38041E-02    0.36443E+00    0.25610E-02    0.44753E+00    0.36798E-02    0.37274E+00
17700  119    0.95891E-05    0.12633E-04    0.98659E-05    0.95410E-05    0.48158E-01    0.12565E-04    0.67773E-01    0.98159E-05    0.49941E-01    0.63239E-02    0.31035E+00    0.65387E-02    0.36817E+00    0.63438E-02    0.31604E+00    0.49142E-02    0.17098E+00    0.54094E-02    0.22730E+00    0.49592E-02    0.17610E+00    0.17347E-04    0.25131E-04    0.17996E-04    0.17347E-04    0.00000E+00    0.25131E-04    0.00000E+00    0.17996E-04    0.00000E+00    0.58902E-02    0.00000E+00    0.70895E-02    0.00000E+00    0.59993E-02    0.00000E+00    0.44635E-02    0.00000E+00    0.62159E-02    0.00000E+00    0.46095E-02    0.00000E+00    0.10702E-06    0.13555E-06    0.10987E-06    0.00000E+00    0.10702E+00    0.00000E+00    0.13555E+00    0.00000E+00    0.10987E+00    0.68167E-02    0.46264E+00    0.59370E-02    0.52066E+00    0.67339E-02    0.46877E+00    0.54650E-02    0.37995E+00    0.46029E-02    0.45461E+00    0.53788E-02    0.38742E+00
17800  120    0.78197E-05    0.10677E-04    0.80795E-05    0.77755E-05    0.44233E-01    0.10608E-04    0.69272E-01    0.80330E-05    0.46509E-01    0.57562E-02    0.29743E+00    0.61722E-02    0.37221E+00    0.57953E-02    0.30499E+00    0.47922E-02    0.16624E+00    0.48736E-02    0.22602E+00    0.47996E-02    0.17168E+00    0.14137E-04    0.21215E-04    0.14727E-04    0.14137E-04    0.00000E+00    0.21215E-04    0.00000E+00    0.14727E-04    0.00000E+00    0.53174E-02    0.00000E+00    0.65139E-02    0.00000E+00    0.54272E-02    0.00000E+00    0.45314E-02    0.00000E+00    0.46657E-02    0.00000E+00    0.45426E-02    0.00000E+00    0.98295E-07    0.13854E-06    0.10232E-06    0.00000E+00    0.98295E-01    0.00000E+00    0.13854E+00    0.00000E+00    0.10232E+00    0.62508E-02    0.44338E+00    0.58104E-02    0.52639E+00    0.62082E-02    0.45237E+00    0.51109E-02    0.36942E+00    0.50815E-02    0.45205E+00    0.51079E-02    0.37769E+00
17900  121    0.54029E-05    0.18338E-04    0.65788E-05    0.53601E-05    0.42806E-01    0.18276E-04    0.62207E-01    0.65343E-05    0.44570E-01    0.47925E-02    0.29260E+00    0.69702E-02    0.35272E+00    0.50296E-02    0.29856E+00    0.36377E-02    0.16175E+00    0.51555E-02    0.21451E+00    0.37757E-02    0.16655E+00    0.97457E-05    0.36552E-04    0.11980E-04    0.97457E-05    0.00000E+00    0.36552E-04    0.00000E+00    0.11980E-04    0.00000E+00    0.44149E-02    0.00000E+00    0.85501E-02    0.00000E+00    0.48948E-02    0.00000E+00    0.34449E-02    0.00000E+00    0.64053E-02    0.00000E+00    0.36916E-02    0.00000E+00    0.95125E-07    0.12441E-06    0.98054E-07    0.00000E+00    0.95125E-01    0.00000E+00    0.12441E+00    0.00000E+00    0.98054E-01    0.52171E-02    0.43618E+00    0.49056E-02    0.49883E+00    0.51868E-02    0.44284E+00    0.38733E-02    0.35945E+00    0.39058E-02    0.42902E+00    0.38766E-02    0.36641E+00
18000  121    0.31540E-05    0.55817E-05    0.33747E-05    0.31108E-05    0.43263E-01    0.55171E-05    0.64637E-01    0.33295E-05    0.45206E-01    0.40152E-02    0.29415E+00    0.39688E-02    0.35955E+00    0.40110E-02    0.30069E+00    0.30866E-02    0.16388E+00    0.29796E-02    0.22001E+00    0.30769E-02    0.16899E+00    0.56559E-05    0.11034E-04    0.61041E-05    0.56559E-05    0.00000E+00    0.11034E-04    0.00000E+00    0.61041E-05    0.00000E+00    0.33633E-02    0.00000E+00    0.46977E-02    0.00000E+00    0.34940E-02    0.00000E+00    0.25483E-02    0.00000E+00    0.34827E-02    0.00000E+00    0.26262E-02    0.00000E+00    0.96141E-07    0.12927E-06    0.99454E-07    0.00000E+00    0.96141E-01    0.00000E+00    0.12927E+00    0.00000E+00    0.99454E-01    0.46905E-02    0.43850E+00    0.30715E-02    0.50848E+00    0.45546E-02    0.44599E+00    0.37446E-02    0.36418E+00    0.24765E-02    0.44003E+00    0.36178E-02    0.37177E+00
18100  122    0.60022E-05    0.13080E-04    0.66457E-05    0.59615E-05    0.40729E-01    0.13018E-04    0.62290E-01    0.66030E-05    0.42689E-01    0.56307E-02    0.28541E+00    0.68380E-02    0.35296E+00    0.57509E-02    0.29220E+00    0.47104E-02    0.15864E+00    0.52694E-02    0.21484E+00    0.47612E-02    0.16375E+00    0.10839E-04    0.26035E-04    0.12105E-04    0.10839E-04    0.00000E+00    0.26035E-04    0.00000E+00    0.12105E-04    0.00000E+00    0.46560E-02    0.00000E+00    0.72160E-02    0.00000E+00    0.49205E-02    0.00000E+00    0.38503E-02    0.00000E+00    0.46604E-02    0.00000E+00    0.39178E-02    0.00000E+00    0.90509E-07    0.12458E-06    0.93917E-07    0.00000E+00    0.90509E-01    0.00000E+00    0.12458E+00    0.00000E+00    0.93917E-01    0.66302E-02    0.42546E+00    0.64379E-02    0.49916E+00    0.66112E-02    0.43340E+00    0.57616E-02    0.35254E+00    0.58785E-02    0.42968E+00    0.57733E-02    0.36026E+00
18200  123    0.36676E-05    0.10623E-04    0.42999E-05    0.36271E-05    0.40471E-01    0.10560E-04    0.63212E-01    0.42574E-05    0.42538E-01    0.38539E-02    0.28450E+00    0.52059E-02    0.35556E+00    0.39957E-02    0.29168E+00    0.30623E-02    0.15848E+00    0.39925E-02    0.21766E+00    0.31469E-02    0.16386E+00    0.65948E-05    0.21119E-04    0.78052E-05    0.65948E-05    0.00000E+00    0.21119E-04    0.00000E+00    0.78052E-05    0.00000E+00    0.36317E-02    0.00000E+00    0.64991E-02    0.00000E+00    0.39510E-02    0.00000E+00    0.28589E-02    0.00000E+00    0.48236E-02    0.00000E+00    0.30226E-02    0.00000E+00    0.89935E-07    0.12642E-06    0.93584E-07    0.00000E+00    0.89935E-01    0.00000E+00    0.12642E+00    0.00000E+00    0.93584E-01    0.41091E-02    0.42411E+00    0.34590E-02    0.50284E+00    0.40488E-02    0.43263E+00    0.33110E-02    0.35218E+00    0.31615E-02    0.43532E+00    0.32960E-02    0.36049E+00
18300  124    0.14874E-04    0.16513E-04    0.15023E-04    0.14833E-04    0.41085E-01    0.16451E-04    0.62233E-01    0.14980E-04    0.43008E-01    0.73309E-02    0.28665E+00    0.68462E-02    0.35280E+00    0.72882E-02    0.29328E+00    0.64354E-02    0.15937E+00    0.58155E-02    0.21541E+00    0.63790E-02    0.16446E+00    0.26968E-04    0.32901E-04    0.27463E-04    0.26968E-04    0.00000E+00    0.32901E-04    0.00000E+00    0.27463E-04    0.00000E+00    0.73441E-02    0.00000E+00    0.81119E-02    0.00000E+00    0.74112E-02    0.00000E+00    0.66020E-02    0.00000E+00    0.71935E-02    0.00000E+00    0.66513E-02    0.00000E+00    0.91300E-07    0.12447E-06    0.94617E-07    0.00000E+00    0.91300E-01    0.00000E+00    0.12447E+00    0.00000E+00    0.94617E-01    0.73148E-02    0.42732E+00    0.52856E-02    0.49893E+00    0.71379E-02    0.43501E+00    0.62318E-02    0.35415E+00    0.44375E-02    0.43082E+00    0.60523E-02    0.36182E+00
18400  125    0.61019E-05    0.15942E-04    0.69965E-05    0.60601E-05    0.41783E-01    0.15879E-04    0.62743E-01    0.69528E-05    0.43689E-01    0.49744E-02    0.28908E+00    0.63997E-02    0.35424E+00    0.51204E-02    0.29560E+00    0.39107E-02    0.16051E+00    0.44056E-02    0.21474E+00    0.39556E-02    0.16544E+00    0.11018E-04    0.31758E-04    0.12747E-04    0.11018E-04    0.00000E+00    0.31758E-04    0.00000E+00    0.12747E-04    0.00000E+00    0.46943E-02    0.00000E+00    0.79697E-02    0.00000E+00    0.50491E-02    0.00000E+00    0.37238E-02    0.00000E+00    0.57730E-02    0.00000E+00    0.38946E-02    0.00000E+00    0.92852E-07    0.12549E-06    0.96115E-07    0.00000E+00    0.92852E-01    0.00000E+00    0.12549E+00    0.00000E+00    0.96115E-01    0.52966E-02    0.43093E+00    0.42889E-02    0.50097E+00    0.52046E-02    0.43844E+00    0.41390E-02    0.35670E+00    0.30382E-02    0.42948E+00    0.40289E-02    0.36398E+00
18500  126    0.27046E-05    0.70451E-05    0.30992E-05    0.26627E-05    0.41940E-01    0.69796E-05    0.65464E-01    0.30551E-05    0.44079E-01    0.38017E-02    0.28962E+00    0.44617E-02    0.36184E+00    0.38663E-02    0.29691E+00    0.28894E-02    0.16223E+00    0.30890E-02    0.22172E+00    0.29075E-02    0.16764E+00    0.48412E-05    0.13959E-04    0.56010E-05    0.48412E-05    0.00000E+00    0.13959E-04    0.00000E+00    0.56010E-05    0.00000E+00    0.31117E-02    0.00000E+00    0.52838E-02    0.00000E+00    0.33469E-02    0.00000E+00    0.23786E-02    0.00000E+00    0.36320E-02    0.00000E+00    0.24830E-02    0.00000E+00    0.93201E-07    0.13093E-06    0.96974E-07    0.00000E+00    0.93201E-01    0.00000E+00    0.13093E+00    0.00000E+00    0.96974E-01    0.45037E-02    0.43174E+00    0.34489E-02    0.51172E+00    0.44096E-02    0.44039E+00    0.35136E-02    0.36051E+00    0.25460E-02    0.44344E+00    0.34169E-02    0.36880E+00
18600  127    0.58301E-05    0.19145E-04    0.70405E-05    0.57885E-05    0.41519E-01    0.19081E-04    0.63364E-01    0.69970E-05    0.43505E-01    0.48935E-02    0.28816E+00    0.72322E-02    0.35599E+00    0.51502E-02    0.29497E+00    0.37440E-02    0.16032E+00    0.49452E-02    0.21615E+00    0.38532E-02    0.16539E+00    0.10525E-04    0.38162E-04    0.12828E-04    0.10525E-04    0.00000E+00    0.38162E-04    0.00000E+00    0.12828E-04    0.00000E+00    0.45879E-02    0.00000E+00    0.87364E-02    0.00000E+00    0.50651E-02    0.00000E+00    0.36755E-02    0.00000E+00    0.60204E-02    0.00000E+00    0.38709E-02    0.00000E+00    0.92265E-07    0.12673E-06    0.95711E-07    0.00000E+00    0.92265E-01    0.00000E+00    0.12673E+00    0.00000E+00    0.95711E-01    0.52428E-02    0.42957E+00    0.53185E-02    0.50344E+00    0.52504E-02    0.43752E+00    0.38277E-02    0.35626E+00    0.38700E-02    0.43230E+00    0.38319E-02    0.36387E+00
18700  128    0.27358E-05    0.10550E-04    0.34462E-05    0.26949E-05    0.40915E-01    0.10487E-04    0.63172E-01    0.34033E-05    0.42939E-01    0.35961E-02    0.28606E+00    0.53348E-02    0.35545E+00    0.37873E-02    0.29305E+00    0.28678E-02    0.15992E+00    0.35122E-02    0.21642E+00    0.29263E-02    0.16506E+00    0.48998E-05    0.20974E-04    0.62393E-05    0.48998E-05    0.00000E+00    0.20974E-04    0.00000E+00    0.62393E-05    0.00000E+00    0.31304E-02    0.00000E+00    0.64767E-02    0.00000E+00    0.35325E-02    0.00000E+00    0.25383E-02    0.00000E+00    0.39436E-02    0.00000E+00    0.26554E-02    0.00000E+00    0.90923E-07    0.12634E-06    0.94465E-07    0.00000E+00    0.90923E-01    0.00000E+00    0.12634E+00    0.00000E+00    0.94465E-01    0.40940E-02    0.42643E+00    0.38696E-02    0.50268E+00    0.40721E-02    0.43466E+00    0.32705E-02    0.35539E+00    0.30809E-02    0.43284E+00    0.32515E-02    0.36313E+00
18800  129    0.56448E-05    0.13357E-04    0.63460E-05    0.56039E-05    0.40894E-01    0.13293E-04    0.64171E-01    0.63030E-05    0.43010E-01    0.46570E-02    0.28599E+00    0.61984E-02    0.35825E+00    0.48175E-02    0.29329E+00    0.36536E-02    0.15990E+00    0.49705E-02    0.21736E+00    0.37733E-02    0.16512E+00    0.10189E-04    0.26587E-04    0.11555E-04    0.10189E-04    0.00000E+00    0.26587E-04    0.00000E+00    0.11555E-04    0.00000E+00    0.45142E-02    0.00000E+00    0.72920E-02    0.00000E+00    0.48074E-02    0.00000E+00    0.34917E-02    0.00000E+00    0.56121E-02    0.00000E+00    0.36684E-02    0.00000E+00    0.90876E-07    0.12834E-06    0.94622E-07    0.00000E+00    0.90876E-01    0.00000E+00    0.12834E+00    0.00000E+00    0.94622E-01    0.48258E-02    0.42632E+00    0.48649E-02    0.50664E+00    0.48297E-02    0.43502E+00    0.38515E-02    0.35533E+00    0.43290E-02    0.43471E+00    0.38992E-02    0.36326E+00
18900  130    0.29336E-05    0.89565E-05    0.34811E-05    0.28913E-05    0.42279E-01    0.88924E-05    0.64161E-01    0.34368E-05    0.44268E-01    0.35679E-02    0.29079E+00    0.49163E-02    0.35822E+00    0.37107E-02    0.29755E+00    0.27352E-02    0.16249E+00    0.33901E-02    0.21627E+00    0.27947E-02    0.16738E+00    0.52569E-05    0.17785E-04    0.63009E-05    0.52569E-05    0.00000E+00    0.17785E-04    0.00000E+00    0.63009E-05    0.00000E+00    0.32425E-02    0.00000E+00    0.59640E-02    0.00000E+00    0.35499E-02    0.00000E+00    0.24982E-02    0.00000E+00    0.40829E-02    0.00000E+00    0.26302E-02    0.00000E+00    0.93952E-07    0.12832E-06    0.97389E-07    0.00000E+00    0.93952E-01    0.00000E+00    0.12832E+00    0.00000E+00    0.97389E-01    0.39291E-02    0.43348E+00    0.35735E-02    0.50660E+00    0.38950E-02    0.44134E+00    0.30249E-02    0.36109E+00    0.26973E-02    0.43253E+00    0.29921E-02    0.36824E+00
19000  131    0.19648E-05    0.91076E-05    0.26142E-05    0.19240E-05    0.40791E-01    0.90440E-05    0.63627E-01    0.25713E-05    0.42867E-01    0.31202E-02    0.28563E+00    0.47513E-02    0.35673E+00    0.33020E-02    0.29280E+00    0.24626E-02    0.15936E+00    0.34015E-02    0.21609E+00    0.25480E-02    0.16452E+00    0.34982E-05    0.18088E-04    0.47140E-05    0.34982E-05    0.00000E+00    0.18088E-04    0.00000E+00    0.47140E-05    0.00000E+00    0.26451E-02    0.00000E+00    0.60146E-02    0.00000E+00    0.30705E-02    0.00000E+00    0.20778E-02    0.00000E+00    0.43517E-02    0.00000E+00    0.22673E-02    0.00000E+00    0.90647E-07    0.12725E-06    0.94308E-07    0.00000E+00    0.90647E-01    0.00000E+00    0.12725E+00    0.00000E+00    0.94308E-01    0.36172E-02    0.42579E+00    0.29957E-02    0.50449E+00    0.35599E-02    0.43430E+00    0.29330E-02    0.35414E+00    0.24514E-02    0.43217E+00    0.28848E-02    0.36194E+00
19100  132    0.81859E-05    0.14085E-04    0.87222E-05    0.81456E-05    0.40291E-01    0.14024E-04    0.61359E-01    0.86800E-05    0.42206E-01    0.53441E-02    0.28387E+00    0.66989E-02    0.35031E+00    0.54811E-02    0.29054E+00    0.42692E-02    0.15829E+00    0.54254E-02    0.21116E+00    0.43743E-02    0.16310E+00    0.14810E-04    0.28048E-04    0.15913E-04    0.14810E-04    0.00000E+00    0.28048E-04    0.00000E+00    0.15913E-04    0.00000E+00    0.54424E-02    0.00000E+00    0.74898E-02    0.00000E+00    0.56415E-02    0.00000E+00    0.43441E-02    0.00000E+00    0.60835E-02    0.00000E+00    0.44891E-02    0.00000E+00    0.89535E-07    0.12272E-06    0.92853E-07    0.00000E+00    0.89535E-01    0.00000E+00    0.12272E+00    0.00000E+00    0.92853E-01    0.52213E-02    0.42317E+00    0.58012E-02    0.49541E+00    0.52821E-02    0.43094E+00    0.41776E-02    0.35175E+00    0.47672E-02    0.42233E+00    0.42366E-02    0.35881E+00
19200  133    0.19052E-05    0.72494E-05    0.23911E-05    0.18656E-05    0.39669E-01    0.71869E-05    0.62514E-01    0.23493E-05    0.41746E-01    0.31549E-02    0.28167E+00    0.42284E-02    0.35359E+00    0.32671E-02    0.28895E+00    0.24284E-02    0.15788E+00    0.28326E-02    0.21418E+00    0.24651E-02    0.16300E+00    0.33920E-05    0.14374E-04    0.43071E-05    0.33920E-05    0.00000E+00    0.14374E-04    0.00000E+00    0.43071E-05    0.00000E+00    0.26046E-02    0.00000E+00    0.53617E-02    0.00000E+00    0.29350E-02    0.00000E+00    0.20273E-02    0.00000E+00    0.35888E-02    0.00000E+00    0.21574E-02    0.00000E+00    0.88154E-07    0.12503E-06    0.91841E-07    0.00000E+00    0.88154E-01    0.00000E+00    0.12503E+00    0.00000E+00    0.91841E-01    0.37185E-02    0.41989E+00    0.26478E-02    0.50006E+00    0.36256E-02    0.42858E+00    0.29186E-02    0.35085E+00    0.20764E-02    0.42836E+00    0.28344E-02    0.35860E+00
19300  134    0.19962E-05    0.67950E-05    0.24325E-05    0.19554E-05    0.40861E-01    0.67316E-05    0.63351E-01    0.23896E-05    0.42906E-01    0.32728E-02    0.28587E+00    0.42820E-02    0.35595E+00    0.33770E-02    0.29294E+00    0.25764E-02    0.15983E+00    0.29064E-02    0.21600E+00    0.26064E-02    0.16494E+00    0.35552E-05    0.13463E-04    0.43809E-05    0.35552E-05    0.00000E+00    0.13463E-04    0.00000E+00    0.43809E-05    0.00000E+00    0.26665E-02    0.00000E+00    0.51891E-02    0.00000E+00    0.29600E-02    0.00000E+00    0.21685E-02    0.00000E+00    0.33263E-02    0.00000E+00    0.22649E-02    0.00000E+00    0.90803E-07    0.12670E-06    0.94393E-07    0.00000E+00    0.90803E-01    0.00000E+00    0.12670E+00    0.00000E+00    0.94393E-01    0.38874E-02    0.42615E+00    0.31217E-02    0.50339E+00    0.38178E-02    0.43449E+00    0.30750E-02    0.35519E+00    0.24865E-02    0.43200E+00    0.30162E-02    0.36287E+00
19400  135    0.23619E-05    0.87643E-05    0.29439E-05    0.23243E-05    0.37606E-01    0.87042E-05    0.60121E-01    0.29043E-05    0.39653E-01    0.36651E-02    0.27425E+00    0.48750E-02    0.34676E+00    0.37911E-02    0.28161E+00    0.29018E-02    0.15424E+00    0.34760E-02    0.20738E+00    0.29540E-02    0.15907E+00    0.42260E-05    0.17408E-04    0.53245E-05    0.42260E-05    0.00000E+00    0.17408E-04    0.00000E+00    0.53245E-05    0.00000E+00    0.29072E-02    0.00000E+00    0.59006E-02    0.00000E+00    0.32633E-02    0.00000E+00    0.24426E-02    0.00000E+00    0.42582E-02    0.00000E+00    0.25939E-02    0.00000E+00    0.83568E-07    0.12024E-06    0.87236E-07    0.00000E+00    0.83568E-01    0.00000E+00    0.12024E+00    0.00000E+00    0.87236E-01    0.44182E-02    0.40882E+00    0.35659E-02    0.49039E+00    0.43405E-02    0.41770E+00    0.34630E-02    0.34276E+00    0.26937E-02    0.41476E+00    0.33860E-02    0.34996E+00
19500  136    0.24136E-05    0.12965E-04    0.33728E-05    0.23767E-05    0.36898E-01    0.12907E-04    0.58225E-01    0.33340E-05    0.38837E-01    0.35611E-02    0.27165E+00    0.56451E-02    0.34125E+00    0.37981E-02    0.27870E+00    0.26593E-02    0.15203E+00    0.39532E-02    0.20622E+00    0.27769E-02    0.15696E+00    0.43213E-05    0.25813E-04    0.61123E-05    0.43213E-05    0.00000E+00    0.25813E-04    0.00000E+00    0.61123E-05    0.00000E+00    0.29398E-02    0.00000E+00    0.71852E-02    0.00000E+00    0.34964E-02    0.00000E+00    0.23779E-02    0.00000E+00    0.53402E-02    0.00000E+00    0.26248E-02    0.00000E+00    0.81995E-07    0.11645E-06    0.85441E-07    0.00000E+00    0.81995E-01    0.00000E+00    0.11645E+00    0.00000E+00    0.85441E-01    0.41974E-02    0.40496E+00    0.34795E-02    0.48260E+00    0.41312E-02    0.41338E+00    0.30031E-02    0.33785E+00    0.25662E-02    0.41243E+00    0.29594E-02    0.34531E+00
19600  137    0.14403E-05    0.76928E-05    0.20087E-05    0.14017E-05    0.38640E-01    0.76329E-05    0.59889E-01    0.19681E-05    0.40572E-01    0.30087E-02    0.27799E+00    0.43433E-02    0.34609E+00    0.31534E-02    0.28486E+00    0.23289E-02    0.15564E+00    0.27530E-02    0.21031E+00    0.23675E-02    0.16061E+00    0.25485E-05    0.15266E-04    0.36082E-05    0.25485E-05    0.00000E+00    0.15266E-04    0.00000E+00    0.36082E-05    0.00000E+00    0.22576E-02    0.00000E+00    0.55256E-02    0.00000E+00    0.26864E-02    0.00000E+00    0.17197E-02    0.00000E+00    0.34155E-02    0.00000E+00    0.18610E-02    0.00000E+00    0.85867E-07    0.11978E-06    0.89258E-07    0.00000E+00    0.85867E-01    0.00000E+00    0.11978E+00    0.00000E+00    0.89258E-01    0.37264E-02    0.41441E+00    0.26825E-02    0.48945E+00    0.36355E-02    0.42251E+00    0.30736E-02    0.34588E+00    0.20905E-02    0.42063E+00    0.29753E-02    0.35335E+00
19700  138    0.40686E-05    0.80559E-05    0.44311E-05    0.40308E-05    0.37774E-01    0.79975E-05    0.58381E-01    0.43914E-05    0.39647E-01    0.42745E-02    0.27486E+00    0.47158E-02    0.34170E+00    0.43165E-02    0.28159E+00    0.34115E-02    0.15383E+00    0.34802E-02    0.20722E+00    0.34178E-02    0.15868E+00    0.73288E-05    0.15995E-04    0.80510E-05    0.73288E-05    0.00000E+00    0.15995E-04    0.00000E+00    0.80510E-05    0.00000E+00    0.38285E-02    0.00000E+00    0.56560E-02    0.00000E+00    0.40127E-02    0.00000E+00    0.30958E-02    0.00000E+00    0.41602E-02    0.00000E+00    0.31845E-02    0.00000E+00    0.83942E-07    0.11676E-06    0.87224E-07    0.00000E+00    0.83942E-01    0.00000E+00    0.11676E+00    0.00000E+00    0.87224E-01    0.47633E-02    0.40974E+00    0.35337E-02    0.48324E+00    0.46550E-02    0.41767E+00    0.37974E-02    0.34183E+00    0.28002E-02    0.41443E+00    0.36977E-02    0.34909E+00
19800  139    0.26463E-04    0.21363E-04    0.25999E-04    0.26426E-04    0.36462E-01    0.21304E-04    0.58744E-01    0.25960E-04    0.38488E-01    0.10825E-01    0.27004E+00    0.98868E-02    0.34276E+00    0.10743E-01    0.27744E+00    0.92750E-02    0.15293E+00    0.84495E-02    0.20770E+00    0.92000E-02    0.15791E+00    0.48047E-04    0.42608E-04    0.47594E-04    0.48047E-04    0.00000E+00    0.42608E-04    0.00000E+00    0.47594E-04    0.00000E+00    0.98028E-02    0.00000E+00    0.92312E-02    0.00000E+00    0.97564E-02    0.00000E+00    0.81959E-02    0.00000E+00    0.77182E-02    0.00000E+00    0.81561E-02    0.00000E+00    0.81027E-07    0.11749E-06    0.84673E-07    0.00000E+00    0.81027E-01    0.00000E+00    0.11749E+00    0.00000E+00    0.84673E-01    0.11956E-01    0.40256E+00    0.10502E-01    0.48474E+00    0.11819E-01    0.41152E+00    0.10594E-01    0.33984E+00    0.91807E-02    0.41541E+00    0.10453E-01    0.34740E+00
19900  140    0.42653E-05    0.15341E-04    0.52722E-05    0.42256E-05    0.39778E-01    0.15278E-04    0.62646E-01    0.52304E-05    0.41857E-01    0.46109E-02    0.28206E+00    0.68773E-02    0.35397E+00    0.48608E-02    0.28933E+00    0.36345E-02    0.15855E+00    0.49712E-02    0.21336E+00    0.37560E-02    0.16353E+00    0.76829E-05    0.30556E-04    0.95890E-05    0.76829E-05    0.00000E+00    0.30556E-04    0.00000E+00    0.95890E-05    0.00000E+00    0.39199E-02    0.00000E+00    0.78175E-02    0.00000E+00    0.43793E-02    0.00000E+00    0.32362E-02    0.00000E+00    0.52287E-02    0.00000E+00    0.34023E-02    0.00000E+00    0.88395E-07    0.12529E-06    0.92084E-07    0.00000E+00    0.88395E-01    0.00000E+00    0.12529E+00    0.00000E+00    0.92084E-01    0.53353E-02    0.42046E+00    0.57863E-02    0.50058E+00    0.53821E-02    0.42915E+00    0.41212E-02    0.35233E+00    0.47137E-02    0.42672E+00    0.41805E-02    0.35976E+00
20000  141    0.24419E-05    0.69471E-05    0.28515E-05    0.24039E-05    0.37992E-01    0.68853E-05    0.61801E-01    0.28113E-05    0.40156E-01    0.34779E-02    0.27565E+00    0.41808E-02    0.35157E+00    0.35475E-02    0.28339E+00    0.27344E-02    0.15496E+00    0.31033E-02    0.21233E+00    0.27680E-02    0.16017E+00    0.43707E-05    0.13771E-04    0.51541E-05    0.43707E-05    0.00000E+00    0.13771E-04    0.00000E+00    0.51541E-05    0.00000E+00    0.29566E-02    0.00000E+00    0.52480E-02    0.00000E+00    0.32106E-02    0.00000E+00    0.23618E-02    0.00000E+00    0.40963E-02    0.00000E+00    0.25063E-02    0.00000E+00    0.84426E-07    0.12360E-06    0.88344E-07    0.00000E+00    0.84426E-01    0.00000E+00    0.12360E+00    0.00000E+00    0.88344E-01    0.40243E-02    0.41092E+00    0.27233E-02    0.49719E+00    0.39137E-02    0.42034E+00    0.31899E-02    0.34435E+00    0.21103E-02    0.42465E+00    0.30820E-02    0.35238E+00
