  2.910569769190e-01  -2.442009363915e-01   9.724817661473e-01   1.157899389176e-01   2.146828753387e-01
  6.526895355263e-01  -2.117797264161e-01   8.732027134661e-01   7.942437938561e-02   3.578956904678e-01
 -4.971393093186e-01   1.809081678132e-01   3.208665650491e-01  -2.246878661397e-01  -8.035345198173e-01
  7.188166219312e-01  -3.560884968156e-01   1.309270333580e+00   6.029948415068e-02   3.749013465497e-01
  2.602090088151e-01   8.536714852992e-01   5.281860969617e-01   9.492282679404e-02   1.972037446019e-01
 -4.696065445576e-01   1.331373927267e+00   1.769357402487e+00  -2.103326330879e-01  -7.361609302898e-01
  6.494671826012e-02  -4.137623970027e-01   1.804775497531e+00   7.430367002968e-02   5.883254178094e-02
 -3.120136855698e-01   1.870167866771e-01   4.792829213121e-01  -1.911787182566e-01  -4.123362129399e-01
 -1.222685503331e-01   1.484155935569e+00   2.119488330114e+00  -1.715079715656e-02  -1.328784723441e-01
  2.674532212551e-01  -4.632281901858e-01   1.752249596200e+00   2.714329500845e-02   2.014023328576e-01
 -4.566254292586e-01   1.537663284272e-01   1.172605485325e-01  -1.959478236553e-01  -7.056148657239e-01
 -4.299640562232e-01   7.729145466945e-01   7.828549549260e-01   2.297331089630e-01  -6.452241780114e-01
  3.785515761655e-02   1.008663547877e+00   3.725321864991e-02  -8.046318872716e-03   3.518336335733e-02
  3.036287273044e-01  -2.258800368088e-01   8.873295989121e-01   1.131594369744e-01   2.215135321858e-01
  2.734187478799e-01   5.614426718377e-01   1.711804239874e+00   4.437615425849e-02   2.048160761703e-01
 -4.213514690237e-01   3.580069004046e-01   1.942160691173e+00  -1.792083090269e-01  -6.263697015176e-01
  8.159526309499e-01  -6.583643029199e-02   5.829222003426e-01   2.808370834131e-02   3.962613419388e-01
  8.613580381772e-01   1.750554022599e-01   8.021978826494e-01  -5.959627929176e-02   4.049544006592e-01
  5.528769432555e-01   5.096572512739e-01   1.585861429996e+00   5.459363733977e-03   3.277497698401e-01
  7.389930824164e-01   4.037343006021e-01   1.403531088647e+00  -4.278745638746e-02   3.796730155328e-01
  4.789223299683e-01   1.355848981538e+00   1.388967456198e+00  -7.607361431284e-02   3.013599556238e-01
 -1.190873986251e-01   1.246078621370e-01   2.049469379160e-01  -1.213490198989e-01  -1.290097813011e-01
 -1.608577996248e-02   9.849699363964e-01  -1.109786117764e-02   1.468952956052e-02  -1.574534957569e-02
  8.367699172510e-01   6.887064261863e-02   5.947017763723e-01  -2.871621125309e-02   4.003414435913e-01
  9.796049414625e-01   1.031308351312e+00   6.184676818864e-01  -1.166285295840e-02   4.243257382249e-01
  4.458361719074e-01   6.149512623782e-01   1.488246687852e+00   6.598302129390e-02   2.882794364938e-01
  9.223375310886e-01  -3.985753930171e-01   1.330418833311e+00   3.751956151152e-02   4.154942186695e-01
  9.383993466116e-01   1.213589067219e+00   9.081979842233e-01  -6.047140802157e-02   4.180703375250e-01
  1.554407358503e-01   9.290550164504e-01   2.232459713801e-01   5.693030312841e-02   1.294460605480e-01
  9.315485046380e-02   1.643318115392e-01   5.313681706520e-01  -1.203871364894e-01   8.217867630638e-02
 -4.488308912316e-01   1.201728983076e+00   5.396964150181e-01  -2.256047265677e-01  -6.876373034194e-01
  3.847017798633e-01   7.277434374664e-01   1.096206781069e+00   1.048344459408e-01   2.618018969830e-01
  7.587005212749e-01   2.726115550244e-01   1.068154780554e+00  -7.308536545848e-02   3.841580002050e-01
  1.435294072118e-01   1.101892401703e+00   3.016311754170e-01  -7.978930921460e-02   1.208401513574e-01
  2.798199258231e-01   3.727255950384e-01   1.532195647856e+00  -8.399740088196e-02   2.084357237371e-01
  5.090944318632e-01   7.436364765375e-01   1.024472692209e+00   9.383243273804e-02   3.125826011645e-01
  5.843758864363e-01   9.118459170550e-01   5.157405589094e-01   4.593838007810e-02   3.378965634334e-01
 -2.780457134693e-03   6.771853198112e-01   1.442899104595e+00   1.379786744719e-01  -2.686832583309e-03
 -3.253948092550e-01   5.290653558154e-02  -2.934272722285e-01  -6.849112759472e-02  -4.361731414214e-01
  7.458599173713e-01   9.838617999068e-01   5.151739856647e-01   7.566467439241e-03   3.812551334296e-01
  5.801589188545e-01   1.813812914349e-01   7.610762450819e-01  -7.966648852176e-02   3.365735970607e-01
  1.141097538606e-01  -1.930172920470e-01   6.860618196093e-01   1.286970277916e-01   9.871828739333e-02
 -8.233826077954e-02   7.802553396051e-01   7.954377758485e-01   1.630601074788e-01  -8.599633712984e-02
  9.956013741680e-01   9.079646934142e-01   6.792029840857e-01   3.211647942911e-02   4.266233857331e-01
  4.746179434937e-01   1.390663722671e+00   1.489352769542e+00  -6.156870830453e-02   2.997050584215e-01
  4.106887480348e-01   4.785429239293e-01   1.667034763646e+00  -1.387783171326e-02   2.734392086552e-01
  5.054266894801e-01  -7.538572760453e-02   4.532383485608e-01   4.298745039604e-02   3.112529586799e-01
  7.544958051536e-01   1.434102596513e+00   1.442452423388e+00  -2.982331016751e-02   3.832153427368e-01
  6.809080234890e-01   4.930734803968e-01   1.518318173989e+00  -3.462150531052e-03   3.654183927751e-01
  2.009550637579e-01   1.368917674124e+00   1.559922054353e+00  -9.271169673653e-02   1.605688889624e-01
  2.487707679185e-01  -2.030709518249e-01   7.713413175972e-01   1.154776793861e-01   1.904538637947e-01
  7.010499680585e-01  -1.431524499170e-01   6.834848804681e-01   6.111000408718e-02   3.705431600988e-01
  2.892636982312e-01   1.369110619941e+00   1.514913069654e+00  -8.505206874119e-02   2.136949672543e-01
 -2.220919430968e-01  -4.297479960590e-01   2.119946522985e+00   8.116692734829e-02  -2.671528915734e-01
  5.889068754407e-01   7.727772515581e-01   9.191439824932e-01   8.606610811685e-02   3.393061128405e-01
 -3.375799030932e-01   4.547788291507e-01   2.328989050280e+00  -5.952997559687e-02  -4.584208455169e-01
  4.065360684340e-01  -1.167526004218e-01   4.979954277790e-01   6.940598337694e-02   2.716184912041e-01
  1.459193281595e-01  -2.359000803273e-01   9.231304869041e-01   1.327393223573e-01   1.225827448664e-01
 -2.641055210815e-01   1.146863169261e+00   2.214243799281e-01  -1.577355057625e-01  -3.318619450698e-01
 -4.350483373475e-01  -4.545763260827e-01   2.459334295313e+00   6.567779459937e-02  -6.565023818422e-01
  2.073049748770e-01  -1.059519664688e-01   3.559524497458e-01   7.757759275461e-02   1.646979793604e-01
 -6.915945610115e-02  -2.435390840637e-01   9.566188395460e-01   1.638207119522e-01  -7.129838688542e-02
  9.157427484977e-01   3.899520147196e-01   1.318705961740e+00  -4.046553931902e-02   4.144131826077e-01
 -1.040688345896e-01  -5.081709023841e-02  -4.962280298704e-02   5.322591673690e-02  -1.110622334049e-01
  2.450909106967e-01   2.651200178955e-01   1.074902546923e+00  -1.205689172428e-01   1.882504930143e-01
 -4.695321362685e-01  -1.836421101620e-01   3.632964808587e-01   2.204986552974e-01  -7.359836520976e-01
  2.452463222007e-01   2.886749536421e-01   1.189967753944e+00  -1.175390980337e-01   1.883438644462e-01
 -4.014298085603e-01   9.909218605877e-02  -1.960903691411e-01  -1.317001106272e-01  -5.839385180650e-01
 -4.204064292095e-01   1.480440346546e+00   2.488236417565e+00  -2.819599532990e-02  -6.243198344078e-01
  2.621550674509e-01   1.163140923137e+00   5.968247191278e-01  -1.018330338777e-01   1.983374031956e-01
  3.469470031240e-01   1.302172729843e+00   1.230464196020e+00  -1.039445244723e-01   2.438215399385e-01
 -6.757747536412e-02  -1.526991768825e-01   3.873931958076e-01   1.340537239582e-01  -6.955901538823e-02
 -9.837533644220e-02   1.443835471070e+00   2.031696866183e+00  -5.828345203101e-02  -1.043930304500e-01
 -1.491178444135e-01   7.029689956638e-03  -1.534242788388e-01  -7.819301121429e-03  -1.664931909723e-01
  2.660988488729e-01   1.019317156298e+00   2.318990745540e-01  -1.437015895170e-02   2.006218172042e-01
  7.243413471209e-01   6.805123826582e-01   1.210392264217e+00   6.915601755546e-02   3.762264297094e-01
  5.661236787153e-02   1.121295835316e+00   3.150385603606e-01  -1.002821374136e-01   5.168826388166e-02
  8.907995009402e-01   3.562582689678e-02   5.867756638947e-01  -1.442947655563e-02   4.101978509253e-01
  5.381651017243e-01   9.143734384674e-01   4.887776528506e-01   4.679117494522e-02   3.227953919878e-01
  8.839326808300e-01   9.690587858767e-01   5.814251361840e-01   1.264127222224e-02   4.090013589662e-01
 -1.337876611398e-01  -2.470134893503e-01   9.786540789072e-01   1.744617589336e-01  -1.470873448318e-01
 -3.881115325074e-01   1.465088960036e+00   2.418763354546e+00  -4.851517364525e-02  -5.564671438477e-01
  1.794265406479e-01   8.470022071018e-01   5.184580253203e-01   1.057952253933e-01   1.461875980871e-01
  1.834698350157e-01   6.357542119546e-01   1.551150150270e+00   9.681013592447e-02   1.489342734236e-01
  7.486788020686e-01   1.347747327084e+00   1.280074190192e+00  -6.092289354187e-02   3.818985659087e-01
  3.573821027458e-01  -3.191542980086e-01   1.298308097461e+00   9.859230266519e-02   2.489227014555e-01
  2.493247993981e-01   2.537103005921e-02   2.235666808162e-01  -1.914710429540e-02   1.907842470949e-01
 -2.628913261940e-01   4.241896465440e-01   2.144931539674e+00  -9.060917021383e-02  -3.299173835653e-01
  7.097938682528e-01   6.512364874090e-01   1.293396029860e+00   6.296324804014e-02   3.727067040595e-01
  2.790111160160e-01   1.146925884287e+00   5.389428934945e-01  -9.348437451538e-02   2.079808305689e-01
 -3.955171739061e-01   3.064979502714e-01   1.508856365954e+00  -2.105542816797e-01  -5.716555463145e-01
 -2.987772386268e-01  -4.540559323705e-01   2.278497022394e+00   5.823622816754e-02  -3.893541948031e-01
  9.548073214678e-01  -1.808591612508e-01   8.322991579822e-01   5.543823561497e-02   4.206209052539e-01
  3.089222361057e-01   1.161437555539e-01   4.465792136396e-01  -7.592811951896e-02   2.243405214715e-01
  7.832312109425e-01  -1.103722538782e-02   5.310402056667e-01   4.996347634133e-03   3.895078197492e-01
  6.722227044559e-01   1.450008998804e+00   1.497573648891e+00  -2.479305897135e-02   3.631464264017e-01
  1.008281427622e-01   1.778479970447e-01   6.025819905500e-01  -1.251216648212e-01   8.831283195607e-02
 -4.531456976374e-01   7.267959861046e-01   1.224836170921e+00   2.348610241857e-01  -6.975557229104e-01
  5.874813604492e-02   1.144383488382e+00   4.179424530406e-01  -1.141809184846e-01   5.353001410496e-02
  4.892384470325e-01   1.336807774399e+00   1.323756261294e+00  -8.183301505289e-02   3.052707282227e-01
 -4.318406879289e-01   8.181855196739e-01   3.701313182680e-01   2.115373636255e-01  -6.493741520426e-01
  6.559809476077e-01   1.198199415006e+00   8.300736856967e-01  -7.723254563867e-02   3.587943656540e-01
  7.582766609197e-01   7.249018719270e-01   1.075621470688e+00   7.294291591636e-02   3.840633206110e-01
  6.968138374209e-01   1.579247453331e-01   7.206354328554e-01  -6.561393717704e-02   3.694818099163e-01
 -3.189181833806e-02  -2.352219384948e-01   9.043860350735e-01   1.574902275351e-01  -3.169976319838e-02
 -4.520155393238e-01  -9.123918189399e-02  -2.987828647159e-01   1.286107633656e-01  -6.949498561781e-01
 -4.612202252245e-01   1.417942395772e+00   2.356951616498e+00  -1.179524164915e-01  -7.163396733143e-01
  4.532234890655e-01   1.425575871922e+00   1.576743301834e+00  -4.467182291940e-02   2.912727461015e-01
  5.923712737726e-01   9.004292407445e-02   5.230185816369e-01  -4.645728888036e-02   3.403755815820e-01
  2.539754249671e-01   9.621154387035e-01   2.391876754043e-01   2.831474502529e-02   1.935436686929e-01
 -4.432104112316e-01   1.027258486171e+00  -5.104397683138e-01  -4.007200139379e-02  -6.748406310724e-01
 -2.211363595284e-01   1.267177116754e-01   1.344287152131e-01  -1.356620110596e-01  -2.657411967253e-01
  3.089673148524e-01  -4.853321354658e-01   1.739325370286e+00   1.048080526637e-02   2.243644720507e-01
 -2.133856838703e-01   1.214121978050e+00   7.254409478568e-01  -1.836379883048e-01  -2.543865999355e-01
  8.297324361299e-01   6.590718403037e-01   1.243056700893e+00   5.799513048015e-02   3.989804038451e-01
  8.950035992343e-01   2.112911598970e-01   8.983520482015e-01  -6.283553704089e-02   4.109226060448e-01
 -4.897006192203e-01  -3.489180461963e-02  -5.647374924424e-01   5.347636918177e-02  -7.849778771339e-01
  8.135099793141e-01   7.667541392878e-01   9.520258538864e-01   6.964294574424e-02   3.957717716526e-01
  7.544962952388e-01   1.114368864459e+00   6.362143677539e-01  -4.880147694966e-02   3.832154530550e-01
  8.919443275978e-01   1.371297058773e+00   1.292294716300e+00  -4.696965228899e-02   4.103957927244e-01
  9.871536289713e-01   8.984509836006e-01   6.897693735440e-01   3.528477499725e-02   4.254188236783e-01
  5.122946414250e-01  -3.593971285849e-01   1.387268930252e+00   7.235967009815e-02   3.137350978894e-01
  1.176478333798e-01   1.311006232269e+00   1.333906775683e+00  -1.270048976265e-01   1.014455507150e-01
  8.886667644933e-01   2.028778588339e-01   8.760940706200e-01  -6.230329148227e-02   4.098279316147e-01
  8.566087077931e-01   1.321287309514e-01   7.044692047944e-01  -4.958384849007e-02   4.040803354048e-01
 -4.959816895352e-01  -4.322545986959e-02  -5.537223830979e-01   6.636500956653e-02  -8.006291984788e-01
  1.169908217503e-03  -4.636346056975e-01   1.972911850075e+00   3.470349668596e-02   1.126217708037e-03
 -1.478525421872e-01   7.507987098538e-01   9.942130416660e-01   1.768715820276e-01  -1.648696971750e-01
 -2.992857956282e-01  -1.565438366761e-01   2.607321695802e-01   1.703831158885e-01  -3.902263974368e-01
  5.115511082947e-03   1.112031560078e+00   2.414347932167e-01  -9.878306069858e-02   4.905799970945e-03
  8.192080931097e-01  -1.610484846738e-01   7.592280895877e-01   5.904955910544e-02   3.969102475819e-01
  4.933984694485e-02   8.418155678580e-01   4.799049275419e-01   1.225904036447e-01   4.535973651650e-02
  1.932982880614e-01   1.418976640116e+00   1.724777593107e+00  -6.205002873626e-02   1.555223182911e-01
  1.568548242909e-01   3.371982249634e-01   1.447803319558e+00  -1.125637234075e-01   1.304546778276e-01
  2.195962298810e-01   6.892868813646e-01   1.301277231589e+00   1.152051617904e-01   1.725483147479e-01
  9.974275278293e-01   9.255036197691e-01   6.587223353898e-01   2.646359301829e-02   4.268812083460e-01
  2.308053607174e-01   1.754497473967e-01   6.385678590436e-01  -1.095673961535e-01   1.795471567660e-01
  9.715332377552e-01  -1.142175477291e-01   7.046301807244e-01   3.954760585415e-02   4.231391875264e-01
 -1.787047209207e-01   6.724941061067e-01   1.555913796008e+00   1.610294145835e-01  -2.056067481864e-01
  5.228347607633e-01  -1.354752992596e-01   6.018014054291e-01   6.969711658791e-02   3.174810533859e-01
 -3.446416958585e-01   1.010314404419e+00  -3.910289288507e-01  -1.384678837447e-02  -4.715555525830e-01
  1.856590690071e-02  -1.276206250135e-01   3.169630566662e-01   1.082752304055e-01   1.757635286262e-02
  7.360647462553e-01   6.665589014045e-01   1.246264098314e+00   6.532255201364e-02   3.789919321061e-01
  7.385788136932e-01  -4.366144136179e-01   1.452351876365e+00   2.919297693502e-02   3.795768966516e-01
  4.706634658455e-01   6.314208273730e-01   1.430767190597e+00   7.163127206608e-02   2.981725410043e-01
 -1.292875856736e-01   2.716880854263e-01   1.153875365076e+00  -1.721267397361e-01  -1.414989034953e-01
  2.681055697983e-01   8.813395569406e-02   3.431198853655e-01  -6.229610818595e-02   2.017775504763e-01
 -4.522137196586e-01  -4.124092819010e-01   2.317913111617e+00   1.240343148114e-01  -6.954064008882e-01
  7.576792956231e-01   7.529399339784e-01   9.911004468841e-01   7.388931057951e-02   3.839297530420e-01
  3.275628658912e-01   5.503622540721e-01   1.693080016474e+00   3.480909039643e-02   2.340690019887e-01
  4.650823542122e-01   5.413427591843e-01   1.617334754877e+00   2.516549381257e-02   2.959896646312e-01
  2.016361081585e-01   1.465919070491e+00   1.804584270465e+00  -2.683818734776e-02   1.610141679278e-01
  3.960470723555e-01   4.772739307752e-01   1.675760708105e+00  -1.490195371375e-02   2.669542336585e-01
  1.039826314572e-01   1.354734058560e+00   1.553268331052e+00  -1.097824334388e-01   9.080838495826e-02
  2.983411851693e-01   7.894746640970e-01   8.158522091788e-01   1.115354313555e-01   2.186607866845e-01
  2.196267403650e-01   8.641881025530e-01   4.679453638487e-01   9.352438542031e-02   1.725675710851e-01
  1.663030789650e-01   8.856186780774e-01   3.587868301649e-01   8.603169000197e-02   1.371236804277e-01
 -3.563525505245e-01   1.151553101578e+00   1.825230695132e-01  -1.761716136011e-01  -4.937353267831e-01
  3.715341103783e-01   2.789936481927e-01   1.126640718962e+00  -1.054457451853e-01   2.556789529631e-01
  6.239517197846e-01   7.412518634513e-02   5.102936857331e-01  -3.775345246814e-02   3.498022200691e-01
  1.308736470546e-01   1.067519204508e+00   1.966401521951e-01  -5.565504015320e-02   1.114772919201e-01
  2.873782088232e-01   1.208032957361e-01   4.500051415199e-01  -8.002482459925e-02   2.126525715567e-01
  5.359020268862e-01   5.329838626254e-01   1.583855942817e+00   1.882990223818e-02   3.220207311511e-01
  9.717228683464e-01   7.525772652117e-01   9.936524210227e-01   6.011895612866e-02   4.231672757407e-01
  6.483862347721e-01   7.826908219134e-01   8.908139056673e-01   8.038469742373e-02   3.567121000146e-01
 -1.054576735004e-01   1.200542402942e+00   6.615149032708e-01  -1.616604275825e-01  -1.127002144379e-01
  4.377133738588e-01   1.208615284077e+00   8.313792709994e-01  -9.721331556231e-02   2.849385399073e-01
  9.408291206166e-01   4.118482639510e-01   1.343470588258e+00  -3.258163082436e-02   4.184531451631e-01
  9.011749788336e-01   1.335824950482e+00   1.215453150017e+00  -5.522425002371e-02   4.119759238749e-01
  9.613479013476e-01   3.423815140101e-01   1.217134241661e+00  -5.078426712532e-02   4.216153435850e-01
  4.390235098776e-01  -4.977403297736e-02   3.767617076618e-01   3.091065747933e-02   2.854809413848e-01
  3.683616828592e-01   4.530918841280e-01   1.670935370237e+00  -3.124103437329e-02   2.541804030864e-01
  5.541280865510e-01  -1.877878814601e-01   7.766378750077e-01   8.313643641337e-02   3.281646602843e-01
  4.142375185931e-01   9.605470691717e-01   3.496614209001e-01   2.524668948808e-02   2.749836389740e-01
  8.121471930908e-01   9.900350758020e-01   5.437254455824e-01   4.387613915149e-03   3.954976308176e-01
  2.349079786416e-01   6.349512970009e-01   1.527517577416e+00   9.172095278378e-02   1.820712147079e-01
  7.599138049400e-01   1.348230329407e+00   1.278249145672e+00  -6.013755673378e-02   3.844285896207e-01
  2.941108450322e-01   7.441403021005e-02   3.276543112220e-01  -5.206852274606e-02   2.163573966562e-01
 -1.220038196367e-03   9.033479143784e-01   1.778323713353e-01   8.762980581320e-02  -1.177183865932e-03
  3.194980120869e-01   5.782733488463e-01   1.647870490633e+00   5.323513113442e-02   2.299028464210e-01
 -3.486452767750e-01   9.969394695713e-01  -3.990853241866e-01   4.127191018056e-03  -4.790818805543e-01
  8.064515626896e-01   5.583744765758e-01   1.429111922268e+00   2.528504549462e-02   3.943440603409e-01
 -3.468844552120e-01   8.303249792847e-01   3.245056462060e-01   1.875578327267e-01  -4.757645579469e-01
  1.991736413575e-01   8.676914614087e-01   4.437973648934e-01   9.353106601683e-02   1.594013953771e-01
 -4.711899353130e-01   1.176456582877e-01  -1.637733050224e-01  -1.627252834326e-01  -7.399394016631e-01
  8.460945301463e-02   7.572012440649e-01   9.583105512462e-01   1.412285504053e-01   7.523971358352e-02
  9.465101505556e-01  -2.138901247366e-01   9.096528926984e-01   6.002688395888e-02   4.193412184560e-01
 -1.378727254472e-01  -4.136266539252e-01   1.978004999951e+00   9.047207234190e-02  -1.522025474796e-01
 -7.500671776875e-02   8.916443572093e-01   1.646910361437e-01   1.037817723718e-01  -7.777361848058e-02
  1.940380703662e-01   1.319489050727e+00   1.350747917505e+00  -1.152882647467e-01   1.560131646316e-01
 -1.440325583030e-02   1.072200707699e+00   8.858272035847e-02  -6.816010896307e-02  -1.407547934369e-02
  9.313027805166e-01   6.897709890871e-01   1.150582899830e+00   5.809205067378e-02   4.169419632488e-01
  1.158034942999e-01   1.181988108622e+00   6.293225325027e-01  -1.248499064700e-01   1.000261967095e-01
  8.355752163135e-01   7.788138207986e-01   9.195218437107e-01   6.743666164822e-02   4.001116890752e-01
  7.882746067253e-01   1.041088856848e+00   5.476932611474e-01  -1.831972379770e-02   3.905767159431e-01
  7.720851219938e-01  -2.439506968224e-01   9.819437907569e-01   7.283035258004e-02   3.871083366803e-01
  2.299349830831e-01   7.795593141207e-01   8.520428649108e-01   1.207835511596e-01   1.790091021983e-01
  8.800263438909e-01   6.963337118049e-01   1.141673140149e+00   6.198339410229e-02   4.083136087351e-01
 -4.347020409581e-02   1.277610828106e+00   1.180000193820e+00  -1.575455478486e-01  -4.369916845146e-02
 -2.291313213873e-01  -4.507277233037e-01   2.187814991978e+00   5.827809034063e-02  -2.776327640950e-01
 -2.107927619859e-01   9.915945818980e-01  -2.235473290396e-01   9.920744481938e-03  -2.506257265194e-01
 -4.128702096045e-01   1.002607755961e+00  -4.884949668917e-01  -3.741220578056e-03  -6.081060983929e-01
  5.190064579550e-01   3.017365599689e-01   1.193674698505e+00  -8.814335140812e-02   3.161292682336e-01
  4.658244921322e-01   4.130923755427e-01   1.545484830357e+00  -5.084484900116e-02   2.962812839797e-01
 -3.371109976098e-01   1.111131755162e+00  -5.999436367179e-02  -1.364620050885e-01  -4.575550099064e-01
  9.154323618064e-01   2.226081732638e-01   9.291233729389e-01  -6.254094706941e-02   4.143619637355e-01
  9.184547707249e-01   8.384355829269e-01   7.823256816702e-01   5.377179868754e-02   4.148594093897e-01
 -4.514747822462e-02   2.833748580055e-01   1.217424261432e+00  -1.566956375903e-01  -4.545974555763e-02
 -9.946079316777e-02  -1.408994142135e-01   3.032554485520e-01   1.306796964467e-01  -1.056588636476e-01
 -4.786757368131e-01   4.329188252307e-02  -5.278458879727e-01  -6.536513300986e-02  -7.579598595474e-01
  1.908073651345e-01   9.613542692045e-01   1.923798881231e-01   3.068482334364e-02   1.538644329511e-01
 -1.449944775685e-01  -2.881640407887e-01   1.273118583558e+00   1.713404037390e-01  -1.612170895364e-01
  2.529890722630e-01   9.857905718522e-01   2.194891465643e-01   1.071696342588e-02   1.929604870245e-01
 -4.459016581863e-02  -1.012872253230e-01   1.604492561508e-01   9.516029790416e-02  -4.487412232003e-02
  1.698202352865e-01   8.804240169830e-01   3.795387136572e-01   8.889358089300e-02   1.395753907786e-01
  8.890089289307e-02   9.133027651984e-01   2.149607829788e-01   7.295602222472e-02   7.873869899020e-02
  4.496509839861e-02   2.506566688058e-01   1.003950981592e+00  -1.468779319194e-01   4.150988977287e-02
  1.992178987126e-01   6.520890498006e-01   1.476300364804e+00   1.033809852984e-01   1.594304489751e-01
 -4.283532752967e-01  -3.249856910160e-01   1.685892713180e+00   2.065223710011e-01  -6.416740574741e-01
  9.351683882399e-02   1.451506743474e-01   4.405995201284e-01  -1.108332226887e-01   8.247009931117e-02
 -4.119041568870e-02  -4.536998597934e-01   1.996776401117e+00   4.577617190596e-02  -4.131526048096e-02
  2.666867185088e-01  -2.894334005264e-01   1.189657722423e+00   1.149979870759e-01   2.009608527819e-01
  3.493833420123e-01  -3.847516460578e-01   1.534926045868e+00   7.256390482918e-02   2.450217329951e-01
  4.839905174115e-01   7.653422669911e-01   9.396296495691e-01   9.576049511341e-02   3.032909901949e-01
 -4.404709782373e-01   5.304661661515e-01   2.500900193891e+00   4.461493334990e-02  -6.686535801822e-01
  3.287644706411e-01   6.128916360008e-01   1.552747837744e+00   7.277284914552e-02   2.346842042091e-01
  5.114529611731e-01   5.058996297471e-01   1.610427865923e+00   3.472307821366e-03   3.134326708470e-01
 -3.095422245420e-01  -1.742212191009e-01   3.823385808333e-01   1.837087424639e-01  -4.080004573455e-01
 -2.234460298869e-01  -3.501276448291e-01   1.729827797673e+00   1.538180637063e-01  -2.691577579196e-01
 -2.769077140729e-01  -3.156519903088e-01   1.523527565467e+00   1.834980977257e-01  -3.526443160567e-01
  3.490189849049e-01   1.405142657463e+00   1.591195608016e+00  -6.150730928280e-02   2.448426010483e-01
  2.367066754694e-01   2.206066757899e-01   8.538213254799e-01  -1.200213152347e-01   1.831715507104e-01
 -6.862576529567e-02   3.050933655209e-02  -4.880366109050e-02  -3.122143733174e-02  -7.071100643420e-02
  8.051544111950e-01  -4.905513311356e-01   1.459450875870e+00   4.188711900039e-03   3.940795651530e-01
  4.252083781041e-01   2.922999716140e-01   1.174351267211e+00  -9.823981229839e-02   2.796919066478e-01
  7.803663978120e-01   5.424334840717e-01   1.454734105621e+00   1.904983023389e-02   3.888960083300e-01
  3.566494271493e-01  -4.791585956437e-01   1.703057825983e+00   1.420268862752e-02   2.485678749983e-01
  8.052667785678e-01   1.060086826902e+00   5.721982849629e-01  -2.602141017773e-02   3.941025035507e-01
  7.526550887775e-01   7.383955940653e-01   1.035269250386e+00   7.406331515110e-02   3.828002611706e-01
  9.745247973412e-01  -3.110084757196e-01   1.146216693319e+00   5.561277236519e-02   4.235811050741e-01
 -3.878614046548e-01   1.385992497541e-01   6.384886014869e-02  -1.704936156948e-01  -5.559579261497e-01
  2.743630530027e-01   4.280493475935e-01   1.690536993747e+00  -5.143581984370e-02   2.053528607070e-01
 -8.583572497321e-02   1.391920412224e+00   1.845256823499e+00  -1.046458279793e-01  -8.996005724095e-02
  9.979751113067e-01   3.205677840092e-01   1.163969169889e+00  -5.295582093174e-02   4.269583413592e-01
  5.344099245674e-01   9.330949937213e-01   4.545383301265e-01   3.740034439916e-02   3.215081261792e-01
 -1.282432290462e-01   5.209761025359e-01   2.121741903207e+00   2.280881553362e-02  -1.402088793713e-01
 -4.460264240229e-01   1.159401308212e+00   1.715407542499e-01  -1.985790565448e-01  -6.812347818668e-01
 -3.778795718255e-01   1.794161773881e-01   3.823897953850e-01  -1.994128050118e-01  -5.358357075577e-01
 -1.618724397251e-01   1.055468935072e-01   7.891042595017e-02  -1.103680175196e-01  -1.830814902807e-01
  2.187294124917e-01   4.209955533324e-01   1.712180328591e+00  -5.916683152485e-02   1.720007596520e-01
 -3.161905376639e-01   5.776480269764e-01   2.198018879254e+00   9.751325993264e-02  -4.197108986835e-01
  8.383103570207e-02   4.945779740837e-01   1.921850901337e+00  -4.818928287502e-03   7.460193143071e-02
  6.283332928107e-01   1.326086260228e+00   1.251089425611e+00  -7.432774060019e-02   3.510653589077e-01
  4.654308753366e-01   6.244248772309e-01   1.453152022535e+00   6.900577239226e-02   2.961266661991e-01
  1.705575144800e-02  -3.749420412802e-02   4.347422898536e-02   3.521770055117e-02   1.617007029578e-02
  5.781694320264e-01   6.635204771405e-01   1.296153501373e+00   7.520540020504e-02   3.359457029988e-01
  2.827472156536e-01  -3.387470527503e-01   1.402945816224e+00   9.910585136651e-02   2.100761832941e-01
 -3.280421344207e-01   4.348562732107e-01   2.258513188001e+00  -8.374113183364e-02  -4.409623317038e-01
  3.262366478228e-01   1.021790542372e+00   2.766120653105e-01  -1.528709783055e-02   2.333883435509e-01
  3.062694975959e-01  -4.271888672705e-01   1.667858533364e+00   5.043283812209e-02   2.229274365333e-01
  7.569596612015e-01  -3.882411441106e-01   1.368079252266e+00   4.776636584851e-02   3.837686424111e-01
 -9.892619858075e-02  -3.764452206295e-01   1.784871102581e+00   1.182199763395e-01  -1.050351014861e-01
 -1.832338814618e-01   8.105597774303e-01   5.568761589946e-01   1.699193978577e-01  -2.117935700665e-01
  1.517179546275e-01   4.681926336244e-01   1.846774001829e+00  -2.630824372430e-02   1.267775546535e-01
  8.872333590437e-01   1.209010686180e+00   8.916847037692e-01  -6.307627631140e-02   4.095784541657e-01
 -1.415394053920e-01  -1.380114050359e-02  -1.418420433782e-01   1.522550170121e-02  -1.568282873033e-01
  6.394764197556e-02  -3.642218033126e-01   1.618330470342e+00   1.086434759639e-01   5.798216680135e-02
  5.083325373311e-01   1.034289013576e+00   4.014771502150e-01  -2.009042064724e-02   3.123071695320e-01
 -2.695620266006e-01  -2.051361355806e-01   6.393100004432e-01   1.910365731787e-01  -3.406570654562e-01
  9.867356541942e-01   4.025238321026e-01   1.316142611974e+00  -3.406936835308e-02   4.253587140028e-01
  1.388261472849e-01   1.307111841918e+00   1.307213131764e+00  -1.256294715154e-01   1.173872714706e-01
 -3.181568953807e-01   6.478497988838e-01   1.813476069344e+00   1.669466601666e-01  -4.232033250548e-01
  1.702867185075e-01   8.031880617522e-01   7.216400242330e-01   1.229674553516e-01   1.398993164432e-01
 -3.874964561100e-01   3.081739430578e-01   1.519254144005e+00  -2.081058376179e-01  -5.552153933591e-01
  9.361819627568e-01   3.834283986759e-01   1.301627234356e+00  -4.160701317324e-02   4.177194236158e-01
  5.710578575767e-01  -2.413070402127e-01   9.685140419520e-01   8.833187702024e-02   3.336814579521e-01
  2.278816981842e-01   3.641560233644e-01   1.527716659479e+00  -9.279960793707e-02   1.777362096728e-01
 -9.496345227286e-02   1.209912606513e+00   7.268931740826e-01  -1.627805694450e-01  -1.004313759269e-01
  5.102095163266e-01  -1.022549694843e-01   5.103641420517e-01   5.620783427762e-02   3.129849855916e-01
  4.632185485202e-01   1.363080793569e+00   1.417363402721e+00  -7.440264173614e-02   2.952554496304e-01
  1.870289366388e-01   1.358332208610e+00   1.525517975756e+00  -9.954166564134e-02   1.513343778980e-01
 -4.911181100842e-01  -2.929342310808e-01   1.427818325854e+00   2.373223086297e-01  -7.884934772220e-01
 -2.372799761569e-01   4.703318292512e-01   2.235159743201e+00  -3.573103852760e-02  -2.899429795874e-01
  7.321503868423e-01   1.250138680034e+00   1.000430283069e+00  -7.574266856416e-02   3.780754910728e-01
 -1.647913309505e-01   6.717142507682e-01   1.553578447468e+00   1.584704461063e-01  -1.869354113910e-01
  3.711879058144e-01  -3.850530689120e-01   1.524678830399e+00   7.090267258228e-02   2.555158624473e-01
 -4.738687821306e-01  -2.848723713353e-01   1.343176242971e+00   2.363780748842e-01  -7.463582952085e-01
 -3.221917461353e-01   1.369586025642e+00   1.931214464985e+00  -1.528972201032e-01  -4.304111599631e-01
  8.179014537783e-01   1.327432784683e+00   1.212570878770e+00  -6.164304290927e-02   3.966502864890e-01
  8.843227955314e-01   1.224258205211e+00   9.313259459993e-01  -6.455708658614e-02   4.090697586474e-01
  5.215231803809e-01   5.708509344786e-01   1.545988216022e+00   3.995611236139e-02   3.170190532903e-01
 -1.423301526914e-01  -2.492955417471e-01   9.949230182931e-01   1.759332373651e-01  -1.578301557481e-01
 -3.022462181283e-01   3.882187567734e-01   2.021450441981e+00  -1.325934437899e-01  -3.953206908568e-01
  5.913478524852e-02   8.602600169607e-01   3.966991382320e-01   1.114863572468e-01   5.386262593620e-02
  4.827661043968e-01   6.249692059584e-01   1.444128470153e+00   6.809587688998e-02   3.028262022123e-01
  1.461443604487e-01  -4.344979296349e-01   1.796091227273e+00   5.329868787415e-02   1.227464123979e-01
  5.968559395974e-01   6.009170926372e-01   1.453227265635e+00   5.112228143205e-02   3.417494459136e-01
 -3.422340850031e-01  -3.309758044262e-01   1.677446069502e+00   1.862957728141e-01  -4.670573734401e-01
  8.973056659244e-01   4.987018772137e-01   1.421134459883e+00  -5.268734491366e-04   4.113169837558e-01
 -4.722451261001e-01   1.120806100955e+00  -1.436406620536e-01  -1.664067812942e-01  -7.424638314687e-01
  1.761030254840e-01   1.223766984010e-01   3.935162038743e-01  -9.000780839886e-02   1.439137961473e-01
  3.007717726588e-01   2.228947654982e-01   8.731634556049e-01  -1.131264443463e-01   2.199757533215e-01
  2.076002367698e-01   3.261283164534e-01   1.376830872087e+00  -1.114777234415e-01   1.648887493784e-01
  4.824200913661e-01   1.295307471836e-01   5.686326132291e-01  -7.004344790125e-02   3.026946565257e-01
 -2.348602225222e-01  -4.305722756409e-01   2.136572313170e+00   8.127009232436e-02  -2.862672408703e-01
 -3.279740781516e-01   1.262494267338e+00   1.107576428421e+00  -2.097554587784e-01  -4.408389070218e-01
  5.532850143421e-01   4.422796905131e-01   1.548547544581e+00  -3.192644094987e-02   3.278851998703e-01
  6.948521838216e-01   1.474727592654e+00   1.505444070867e+00  -1.241514148044e-02   3.689873799424e-01
  6.742518200148e-01  -3.420839350734e-01   1.285529417429e+00   6.705387767746e-02   3.636806266004e-01
  4.280375902654e-01   8.686239142055e-01   5.510314903643e-01   7.461582718773e-02   2.808900325936e-01
 -2.070986468060e-01   8.909509093043e-01   5.464646073144e-02   1.185041294382e-01  -2.453000012555e-01
  7.829828627253e-01   1.071687653325e+00   5.766950653540e-01  -3.139809796289e-02   3.894549159739e-01
 -1.038879444660e-01   6.053126078286e-01   1.872029721045e+00   1.041728106800e-01  -1.108492161835e-01
  7.535727987162e-01   1.128635516691e+00   6.658598595112e-01  -5.364838711806e-02   3.830073888581e-01
  7.871321151120e-01   7.826093008496e-01   9.047145621953e-01   7.033119032631e-02   3.903354860271e-01
  4.082574455830e-01   1.026027124142e+00   3.342798166095e-01  -1.684898883192e-02   2.723749875220e-01
  7.792577940756e-01   1.407734997807e+00   1.394794023598e+00  -3.964940769891e-02   3.886583460761e-01
 -3.638690416277e-01   5.414571511093e-01   2.372122653155e+00   5.609621397878e-02  -5.082372568665e-01
  5.985969948860e-01   1.419210390199e+00   1.490821438780e+00  -4.187555751823e-02   3.422796211243e-01
  4.249886208755e-01  -2.577600002757e-03   3.361572090970e-01   1.649221053795e-03   2.795985692413e-01
  1.589647029635e-01  -4.777768770645e-01   1.849607228229e+00   1.831550181814e-02   1.319544750068e-01
  1.341129558013e-01  -8.235695020747e-02   2.362954158844e-01   6.667607449844e-02   1.138955562967e-01
  4.407524401403e-01   1.338407775811e+00   1.344846591565e+00  -8.522021827817e-02   2.861946320991e-01
 -2.892285467868e-01  -7.395050885607e-02  -1.813647156994e-01   9.082723347577e-02  -3.731354099521e-01
 -4.267075507960e-01   1.162523222365e+00   2.119043537878e-01  -1.973250059743e-01  -6.380582877692e-01
  5.638612258767e-01  -1.070872462613e-01   5.458162530257e-01   5.551581550874e-02   3.313583163380e-01
  7.941950940827e-01   2.611046474410e-01   1.032428292378e+00  -7.117281632712e-02   3.918183158795e-01
  2.422297035041e-01  -5.958386727853e-02   2.630434827632e-01   4.441313955781e-02   1.865264690048e-01
 -1.302770203575e-01   4.485734527790e-01   2.075101008744e+00  -5.521928596389e-02  -1.427234840675e-01
  2.529473554259e-01   5.837553910065e-01   1.677630986346e+00   6.037658656673e-02   1.929357974715e-01
  3.183312624465e-01   1.336942585633e+00   1.382257951143e+00  -9.643569818578e-02   2.292947446895e-01
 -1.923053651541e-01   1.445381370949e+00   2.133435261739e+00  -6.212000356486e-02  -2.243488062470e-01
 -5.248438297418e-03  -2.881575053761e-01   1.238664591531e+00   1.497524141181e-01  -5.083803980694e-03
  9.021351126493e-01   3.104182866790e-01   1.155338994243e+00  -5.971989640959e-02   4.121386740887e-01
  2.069905662211e-01   1.117916065600e+00   3.955727413415e-01  -8.480325679919e-02   1.644947191402e-01
  4.980736836439e-01   1.384968576522e+00   1.464069063302e+00  -6.277930045892e-02   3.085588419811e-01
 -4.157256853321e-01   6.172531630109e-01   2.105676091482e+00   1.538377213572e-01  -6.142217909251e-01
  1.439350084487e-01   7.511844091093e-01   9.935221035153e-01   1.335133339555e-01   1.211364584078e-01
  2.780096760149e-01   7.917936696291e-01   8.014237169863e-01   1.133106835752e-01   2.074166142553e-01
  2.306056989025e-01   8.197700796216e-01   6.601170520507e-01   1.112041885385e-01   1.794238085593e-01
 -7.206813706365e-02   5.514758585114e-01   2.016344691278e+00   5.225516834178e-02  -7.451032523611e-02
 -4.458775981991e-01   1.472338555324e+00   2.513659300686e+00  -4.076309377141e-02  -6.808959826810e-01
  5.422567465859e-01   4.436222794583e-01   1.556163701601e+00  -3.154908397034e-02   3.241874317715e-01
  5.262356149797e-01   1.423065135141e+00   1.533206789300e+00  -4.293203042260e-02   3.186735672981e-01
 -1.220259127479e-01   4.856921894728e-01   2.120253482671e+00  -1.548894291904e-02  -1.325825573493e-01
  6.359945472835e-01   4.210167595999e-01   1.476404831695e+00  -3.956637885547e-02   3.532485064435e-01
 -1.170645168582e-01   4.504621960066e-01   2.065641493919e+00  -5.258461841285e-02  -1.265620055504e-01
  7.412237986775e-01  -1.949064210085e-01   8.339131339668e-01   7.062942812855e-02   3.801892704083e-01
  2.992531341727e-01  -1.373798795629e-01   5.128347059742e-01   8.735626393377e-02   2.191548803768e-01
  3.228873536919e-01   9.175914744985e-01   3.634474466002e-01   5.561682430940e-02   2.316616107495e-01
  5.057171836486e-02   4.564974885825e-01   1.917072743989e+00  -3.943541961362e-02   4.643795781301e-02
  3.223037146985e-01   1.433248215034e+00   1.669464201564e+00  -4.578419142773e-02   2.313595727833e-01
  3.234108066534e-01   7.194989271416e-01   1.139466729777e+00   1.102536618230e-01   2.319322130747e-01
 -1.106197057160e-01  -4.242134852809e-01   1.988735700150e+00   7.821916812404e-02  -1.188268382439e-01
 -2.219871339011e-01  -3.731788056492e-01   1.865705548874e+00   1.358596553664e-01  -2.669979287312e-01
 -2.123468256064e-01   5.280950114178e-01   2.208022715390e+00   3.305282781027e-02  -2.528775429108e-01
 -3.784272059546e-01  -5.546416737988e-02  -3.535245841560e-01   7.542856177677e-02  -5.369296657893e-01
  3.369317382248e-01   1.460386576486e+00   1.700461966110e+00  -2.730783383711e-02   2.388281695506e-01
  2.829837397494e-03   2.065959958580e-01   7.313860968252e-01  -1.473131606695e-01   2.719804759842e-03
  1.108653603370e-01   1.829620411397e-01   6.325659499096e-01  -1.257927266799e-01   9.620100661719e-02
 -1.858790436199e-01   7.206028812592e-01   1.219690618689e+00   1.803551370309e-01  -2.154319167827e-01
 -1.226100919424e-01   1.522542095460e-01   3.514511857537e-01  -1.410779063559e-01  -1.332952428993e-01
  2.366753725194e-02  -3.568302021035e-01   1.607926936641e+00   1.173995510484e-01   2.229691998858e-02
  9.384434098548e-02   9.663908119914e-01   1.067656287478e-01   2.937022244059e-02   8.273358365253e-02
  8.652875518218e-01   4.652560890423e-01   1.424037930221e+00  -1.442846738307e-02   4.056715626953e-01
 -3.955209549187e-01   1.497679278547e+00   2.463854852506e+00  -3.274250821683e-03  -5.716633563866e-01
  8.070050935245e-01   5.673703694033e-02   5.694445526804e-01  -2.459342878115e-02   3.944567266852e-01
  9.328952359374e-01  -2.510719323763e-01   1.002740837478e+00   6.241798177274e-02   4.171965130272e-01
 -4.494132403893e-01   7.980373221482e-01   5.415994296823e-01   2.258348639469e-01  -6.889711355377e-01
  1.686055295152e-01   3.443090670266e-01   1.474727183851e+00  -1.081518731088e-01   1.387305319092e-01
 -1.812158410830e-01   3.451773987727e-02  -1.629263784375e-01  -3.930427781236e-02  -2.090302596984e-01
  7.015537584775e-01   3.337733063378e-01   1.255510932763e+00  -6.745003247210e-02   3.706688076961e-01
  3.649275504874e-01   1.297137660702e+00   1.205324359368e+00  -1.032066430582e-01   2.525478707265e-01
  9.118632782987e-01   1.032039068183e+00   5.931050759094e-01  -1.273634863002e-02   4.137707994054e-01
 -2.636741896824e-01   1.296388060865e+00   1.370492706803e+00  -1.894201018432e-01  -3.311706365059e-01
  5.297939226413e-01   3.213826395156e-01   1.260237123789e+00  -8.294813387149e-02   3.199129523975e-01
  2.391284286733e-01   7.690398430448e-02   2.967531377918e-01  -5.659639568257e-02   1.846470226569e-01
  8.125812004982e-01   1.222340293385e+00   9.209802855946e-01  -6.903746262556e-02   3.955850147861e-01
 -3.557533821940e-01  -2.443982262786e-01   9.504189934300e-01   2.159786290895e-01  -4.925883385859e-01
  5.201077062275e-01  -1.616821323402e-01   6.808340970483e-01   7.897341096917e-02   3.165191447953e-01
  3.595609017111e-01   1.982354320117e-01   7.740381704347e-01  -1.027777924121e-01   2.499749131447e-01
 -1.692923846941e-01  -4.681825442830e-01   2.153771791868e+00   3.585797277195e-02  -1.929209811186e-01
  3.645907507442e-01   7.687459326197e-01   9.173041247626e-01   1.071919877892e-01   2.523871788039e-01
  9.598318769674e-01   2.879091840780e-01   1.093556716931e+00  -5.910269042733e-02   4.213859601498e-01
  5.698684273400e-01   3.998577643331e-03   4.227737322890e-01  -2.224862312478e-03   3.332997179273e-01
  1.215352990520e-01   2.418755113765e-01   9.546143030484e-01  -1.362529457170e-01   1.044207652194e-01
  6.295996575368e-01   5.624519584966e-01   1.503677382491e+00   3.197320156925e-02   3.514284492757e-01
  2.564841853714e-01   1.395272028068e+00   1.617925804060e+00  -7.325975943610e-02   1.950219881702e-01
  3.685473495143e-01  -4.234786869410e-01   1.621564444051e+00   4.973073157364e-02   2.542683585523e-01
  8.187648630112e-01   8.823818939798e-02   6.137813684748e-01  -3.668121352602e-02   3.968221385575e-01
 -2.006137082475e-01   9.791482600591e-02   9.165018450744e-03  -1.074050102936e-01  -2.360420329918e-01
  9.664831597092e-01   6.035154990903e-01   1.313549068688e+00   3.659173956193e-02   4.223873766625e-01
 -2.486557498013e-01  -2.940949825444e-01   1.347594432208e+00   1.874857968838e-01  -3.074550223618e-01
 -1.172456291393e-01   7.394867972413e-01   1.073904665499e+00   1.713581997235e-01  -1.267807705742e-01
  4.369676483900e-01   1.138318913168e+00   5.763348403429e-01  -7.688344164930e-02   2.846291943736e-01
  8.009816612940e-01   1.028662900260e+00   5.453575132586e-01  -1.269642462582e-02   3.932242229526e-01
  3.844478018127e-01  -2.549464630863e-01   1.021453352588e+00   1.058427038870e-01   2.616852614399e-01
 -1.872441865361e-01   7.365631696934e-02  -7.176652593113e-02  -8.202109335004e-02  -2.173169024765e-01
 -3.707144567596e-01   1.151199549742e+00   1.685446073451e-01  -1.783441215665e-01  -5.216285013022e-01
  9.943867068333e-01   7.928077968483e-01   8.980808441445e-01   5.671264865979e-02   4.264513915965e-01
  5.059422149850e-01  -5.215658281776e-02   4.185808441460e-01   3.031846034915e-02   3.114404169827e-01
  9.455966735745e-01   1.998057517190e-01   8.753094651093e-01  -5.861883238838e-02   4.191990766661e-01
  4.072387974115e-01   3.988381582393e-01   1.543485332177e+00  -6.150078633851e-02   2.719276238234e-01
  4.243886235344e-02   1.185459374159e+00   6.213121578895e-01  -1.352958503480e-01   3.927193243437e-02
 -1.623322413031e-01   1.148198552266e+00   3.020109967622e-01  -1.439021894476e-01  -1.836871456381e-01
 -4.655831368045e-01   2.935707496692e-01   1.423452803919e+00  -2.312953870811e-01  -7.266115257949e-01
  9.984576731930e-01  -3.024921139146e-01   1.123728509436e+00   5.543911470577e-02   4.270262479317e-01
 -1.695683769012e-01   1.830577875496e-01   5.191932767389e-01  -1.648721295409e-01  -1.932896921894e-01
  6.573762916394e-01   1.217105507638e+00   8.910910331908e-01  -7.966993418012e-02   3.591736278579e-01
  9.953300558310e-02  -4.624055210050e-01   1.883304167234e+00   3.261209565696e-02   8.728383185893e-02
 -4.702930327084e-01  -4.823508512498e-02  -5.016942718243e-01   7.202679818397e-02  -7.377976923279e-01
 -3.984534494575e-01  -3.773580462342e-01   2.053408204766e+00   1.568577656594e-01  -5.777379004152e-01
  2.511928821642e-01   9.689174403444e-01   2.299330303572e-01   2.336557992067e-02   1.918956363767e-01
 -4.745288142073e-02   2.990680159496e-01   1.317641826330e+00  -1.529910258751e-01  -4.788895521766e-02
  8.867963223890e-01  -4.061043447929e-01   1.353520357888e+00   3.630340494215e-02   4.095022527834e-01
  9.644446860603e-01   6.675274274964e-01   1.195528724907e+00   5.260086684124e-02   4.220818275215e-01
 -2.573210310270e-01  -1.410017760175e-01   1.894052886265e-01   1.522328419150e-01  -3.210545243546e-01
  4.771368113311e-01   1.220154612800e+00   8.822924092171e-01  -9.514692601090e-02   3.006751475767e-01
  8.581365570399e-01  -3.043517402849e-01   1.146469806063e+00   6.320871948572e-02   4.043623937551e-01
  8.186047256378e-01   7.918078761405e-01   8.820203717204e-01   6.729702916407e-02   3.967902865818e-01
 -2.496906740142e-01   8.758496159838e-01   9.572943523958e-02   1.372276998283e-01  -3.090673386827e-01
  2.510579560015e-01   1.354501789703e-01   4.824773616215e-01  -9.055369019194e-02   1.918154979857e-01
 -4.019561003404e-01  -2.628092876816e-01   1.118433206453e+00   2.252214562814e-01  -5.850386421139e-01
  4.293826400478e-03  -4.378420157061e-01   1.920881139827e+00   5.815174530505e-02   4.121057577775e-03
 -3.905218482957e-01   3.123169305926e-01   1.556011146679e+00  -2.065637066730e-01  -5.613867381256e-01
  1.351994209522e-03   7.854132438137e-01   7.796108890734e-01   1.494079030405e-01   1.301275373925e-03
  7.911037813702e-01   3.670258256623e-01   1.312955522152e+00  -5.307072191914e-02   3.911717968590e-01
  7.354984531243e-01   7.857215759205e-01   8.904487835896e-01   7.360501518986e-02   3.788597773528e-01
  4.004414661491e-01   1.054696877067e+00   3.599294590178e-01  -3.513468337438e-02   2.689198210287e-01
 -2.503572236518e-01   5.160756380987e-01   2.266389048641e+00   1.968683722587e-02  -3.101074655246e-01
  8.567222301059e-02   2.531378716966e-01   1.018152190671e+00  -1.412010671242e-01   7.610893130501e-02
  9.243334569511e-01   1.251686250692e+00   1.004347270893e+00  -6.293303910513e-02   4.158186970991e-01
  6.525615092492e-01   3.461162707206e-01   1.302776010288e+00  -6.731541791501e-02   3.578606193121e-01
  6.362275434205e-02   6.970659123044e-01   1.307078602804e+00   1.363559522100e-01   5.770528202023e-02
 -5.710976701607e-02  -4.552101291859e-01   2.015017152433e+00   4.500857386648e-02  -5.818256947568e-02
  2.519878206318e-01   4.029997373830e-01   1.643160242513e+00  -6.887101605147e-02   1.923673612878e-01
  5.119050457444e-01   3.113958900022e-01   1.229740425882e+00  -8.677106423226e-02   3.135951719079e-01
  9.861535203521e-01   1.371346413274e+00   1.267012148127e+00  -4.288029461364e-02   4.252749155964e-01
  3.760960478146e-01   6.251724145529e-01   1.491586635652e+00   7.556510380547e-02   2.578178621431e-01
  2.369915541167e-01   1.331112368728e-01   4.666763006967e-01  -9.059727089124e-02   1.833454728887e-01
  3.013628987922e-01   4.177685082293e-01   1.650306486673e+00  -5.667167196022e-02   2.202946268975e-01
  1.231996736058e-01   4.206128793996e-01   1.779841717779e+00  -6.516049899677e-02   1.056877699778e-01
 -1.825207298685e-01   1.460712125890e+00   2.156178149728e+00  -4.468816092707e-02  -2.108158205957e-01
  4.903910540311e-01   1.613219721488e-01   6.703631669167e-01  -8.115363078679e-02   3.057028640624e-01
  5.940649220134e-01   2.782337660738e-01   1.099546088193e+00  -8.516600430792e-02   3.408958218804e-01
  3.623715666837e-01   1.314004213382e+00   1.276025387952e+00  -9.954123534019e-02   2.513257625284e-01
 -2.808550668733e-01  -3.080097231964e-01   1.467275293989e+00   1.878542580871e-01  -3.591563577392e-01
  9.823786100218e-01   2.764778150485e-01   1.064251754755e+00  -5.869085835646e-02   4.247292279578e-01
  9.778113099590e-02   1.339096231324e+00   1.483267762851e+00  -1.182825479804e-01   8.588785548035e-02
  4.388219970421e-03   1.188013463496e+00   6.219015656346e-01  -1.412982052686e-01   4.211270488521e-03
  8.090531314108e-01   4.782776103472e-01   1.454271358124e+00  -9.569551891027e-03   3.948725432178e-01
  6.172844828012e-01   2.360029928348e-01   9.515501565878e-01  -8.428220379929e-02   3.478595767313e-01
  4.349196960705e-01   1.164317179290e+00   6.628261165704e-01  -8.659872993664e-02   2.837773617945e-01
 -2.990064969696e-01   8.731787459687e-01   6.759139395680e-02   1.463278213600e-01  -3.897472793684e-01
  4.554669773385e-01   9.858894255404e-01   3.578204830033e-01   8.755909957963e-03   2.921733927172e-01
  1.907181605762e-01   1.055461770363e+00   2.179143363801e-01  -4.358164549904e-02   1.538049132505e-01
  7.811543031358e-01   9.880384446307e-01   5.302980801117e-01   5.424864654901e-03   3.890646108607e-01
  2.368999232604e-01  -2.822666570799e-01   1.160251041634e+00   1.195747161027e-01   1.832895414585e-01
 -7.343222343198e-02   3.564167273998e-01   1.665377178471e+00  -1.291817094791e-01  -7.602284442291e-02
  8.272457495826e-01   1.264240946780e+00   1.040262214828e+00  -6.883320250640e-02   3.984950505193e-01
  6.484959611536e-01  -3.741615862266e-01   1.376494741464e+00   5.835994967558e-02   3.567424015598e-01
 -3.186035729610e-01   1.021601629271e-01  -8.884011166009e-02  -1.248384498737e-01  -4.239985108429e-01
  9.876010612803e-01   9.677983286547e-01   6.218260134690e-01   1.189908885026e-02   4.254831160486e-01
  7.350779923166e-01   4.637032022244e-01   1.479669170750e+00  -1.707624455409e-02   3.787615618582e-01
  1.856672166127e-01   2.818390944773e-01   1.166161129918e+00  -1.256958278885e-01   1.504180368371e-01
  6.803684027297e-01  -1.871963721820e-01   8.004424206759e-01   7.349963876022e-02   3.652783404378e-01
  6.135708704967e-01   6.524355781153e-02   4.922732957565e-01  -3.384205727205e-02   3.467666613023e-01
  3.648658169726e-01   1.232678133885e+00   9.235806668746e-01  -1.072727487455e-01   2.525184246006e-01
  8.073375087475e-01   1.287861171433e+00   1.108233352046e+00  -6.846445119066e-02   3.945243291398e-01
 -5.978254739895e-02   9.709118254799e-01  -4.166382665342e-02   2.953098189193e-02  -6.106559731629e-02
  6.412046717755e-02  -1.503837006659e-01   4.492728629505e-01   1.168582143284e-01   5.812938607022e-02
  8.351372639857e-01   8.540276150068e-01   7.281008663590e-01   5.444944306734e-02   4.000273332747e-01
  2.684385477831e-01   7.021853542450e-01   1.228472434483e+00   1.131162098452e-01   2.019688908508e-01
  6.056816940228e-01  -2.823749028263e-01   1.112689313585e+00   8.379651518113e-02   3.444187524255e-01
  1.369146648787e-01   7.061357778502e-01   1.238491524344e+00   1.293503258009e-01   1.159749936598e-01
  3.872370717240e-01   2.027000621605e-01   7.983717496004e-01  -1.009798434585e-01   2.629630666414e-01
  7.498723141632e-01  -3.993433678969e-01   1.391555401154e+00   4.401467645566e-02   3.821699426829e-01
  5.947759578931e-01   6.830224602912e-01   1.230288259746e+00   7.892051912700e-02   3.411137261091e-01
  4.367746134406e-01   2.754732168797e-01   1.104615748770e+00  -9.939920434237e-02   2.845490461869e-01
  8.300320147323e-01   1.168408635819e+00   7.795937510088e-01  -6.006384860366e-02   3.990387189636e-01
 -4.566639737417e-02  -3.572612176577e-02  -1.877592670079e-02   3.567846484435e-02  -4.600559106369e-02
  1.759403115056e-01   1.922312440980e-01   7.003218710764e-01  -1.210266243276e-01   1.438020999874e-01
 -2.602592606252e-01  -3.310688288775e-01   1.626641545002e+00   1.720881581248e-01  -3.257176618562e-01
 -2.740375855688e-01   6.366553026220e-01   1.850993830229e+00   1.511973571432e-01  -3.479404100155e-01
  1.483110769691e-01   1.432109185231e+00   1.789136819975e+00  -5.501033132331e-02   1.243186531226e-01
  2.792851754544e-01   9.116886647938e-01   3.506074829398e-01   6.173956842098e-02   2.081350473197e-01
  8.562922291987e-01   1.312905852364e-01   7.026802497792e-01  -4.935949806967e-02   4.040218059355e-01
 -2.714269127279e-02  -8.198747054428e-02   1.067133855062e-01   7.756879314049e-02  -2.685487048366e-02
 -2.474215018982e-01   4.245246440320e-01   2.129210995406e+00  -8.890393835793e-02  -3.055363784705e-01
  6.926034926131e-01   1.133673108639e-01   6.117372356485e-01  -5.142724071642e-02   3.684182982650e-01
 -3.513624967690e-03  -8.655797367236e-02   1.413795960080e-01   7.963668381523e-02  -3.397715272887e-03
 -1.427792608595e-01   1.348471383482e+00   1.665547201813e+00  -1.433830677788e-01  -1.583998513204e-01
  1.609591004253e-01   2.930197325745e-01   1.228653159359e+00  -1.265752792879e-01   1.333665862079e-01
  6.344216094744e-01   1.093870397062e+00   5.490885181742e-01  -4.628871503212e-02   3.528029089673e-01
 -9.011241794598e-02   7.869938680171e-01   7.487487886778e-01   1.628010985616e-01  -9.484334183349e-02
 -1.470607407857e-01  -2.562707140290e-01   1.045387509785e+00   1.766017260857e-01  -1.638557587840e-01
 -4.567837524903e-01   1.465345708076e+00   2.516380276065e+00  -5.145950449411e-02  -7.059828333690e-01
 -4.952828529514e-01   1.795486448775e-02  -6.015103492666e-01  -2.783042992461e-02  -7.988784377602e-01
 -4.221046134585e-01  -4.224801052252e-01   2.327330468457e+00   1.078286578665e-01  -6.280060078887e-01
  8.789149422167e-01   1.431906140968e+00   1.390038854383e+00  -2.728155423750e-02   4.081169870975e-01
  9.100992492512e-01   2.892002481207e-01   1.101425978675e+00  -6.188026568106e-02   4.134771096779e-01
 -2.468579867389e-01   1.394504874614e+00   1.999960042135e+00  -1.197382249930e-01  -3.046619081963e-01
 -1.484369321750e-01   4.508888281425e-01   2.099296302292e+00  -5.374699058246e-02  -1.656190287785e-01
 -9.871501175537e-02   1.380041668207e+00   1.801922641102e+00  -1.154461302044e-01  -1.047888668568e-01
 -1.592751585537e-01  -9.467775862814e-02   3.437550177456e-02   1.002186335057e-01  -1.796703861381e-01
 -2.906799129101e-01   1.306469441864e+00   1.459733291428e+00  -1.903327682925e-01  -3.755814091806e-01
  9.451189319755e-01   3.288388751326e-02   6.063716345134e-01  -1.265528667385e-02   4.191246378460e-01
 -3.115109524035e-01   1.163465875843e+00   3.015478128432e-01  -1.772279571553e-01  -4.114525794325e-01
  3.628586359753e-01   6.924388842491e-02   3.607701884703e-01  -4.557004959095e-02   2.515591125387e-01
  7.622121924398e-01   1.274218098142e+00   1.072714468313e+00  -7.272956188133e-02   3.849394499293e-01
 -2.193887205827e-01   1.145232013394e+00   2.442089801363e-01  -1.499020062969e-01  -2.631661056803e-01
 -1.875141430660e-01   2.822389483878e-01   1.241029497475e+00  -1.800081685715e-01  -2.176902454839e-01
  3.942958958612e-03   6.346479776774e-01   1.660454862145e+00   1.143949267144e-01   3.785586004608e-03
 -6.122048925787e-02   9.024991073964e-01   1.321298779790e-01   9.355762814547e-02  -6.262280693462e-02
 -5.017396922125e-02  -4.645003233192e-01   2.023542608181e+00   3.561045787024e-02  -5.077009698260e-02
  3.262463385921e-01  -3.659723073758e-01   1.486236801751e+00   8.356083872616e-02   2.333933234834e-01
  7.670397218219e-02   9.649501703976e-01   9.368716863986e-02   3.111900129423e-02   6.871779550962e-02
  7.015136603162e-01   1.113008004050e+00   6.143075280799e-01  -5.085409371677e-02   3.706588115027e-01
  6.493192376698e-01   6.059008460853e-01   1.420749501607e+00   5.064712257293e-02   3.569695495952e-01
  2.191599310439e-02   8.376911072650e-01   4.874195190846e-01   1.279537957321e-01   2.068143634454e-02
  6.441698762709e-01   1.179255958516e+00   7.688692924298e-01  -7.443362081018e-02   3.555428614966e-01
  8.447712632993e-01   5.250749089529e-01   1.437533041502e+00   1.066165623368e-02   4.018666307293e-01
 -7.330672963884e-02   5.728857465270e-01   1.962619709222e+00   7.277752597673e-02  -7.588352888524e-02
  4.043710418824e-01   2.869147741344e-01   1.155679251184e+00  -1.010982637297e-01   2.706634529422e-01
 -2.686183425040e-01   6.371239065484e-02  -1.930527837912e-01  -7.743750478304e-02  -3.391293561901e-01
  4.126553222375e-01   5.124763562504e-02   3.626622658633e-01  -3.261274096094e-02   2.742963695949e-01
  9.173820091620e-01   6.132035335524e-02   6.172042871999e-01  -2.381214615298e-02   4.146831797038e-01
  5.340068147813e-01   8.777984560590e-01   5.699870689845e-01   6.367750508614e-02   3.213693865124e-01
  8.754791847065e-01   1.122888862768e+00   6.918652604292e-01  -4.602544869811e-02   4.075064856782e-01
  7.414180092808e-01  -3.487208507847e-01   1.284482211469e+00   6.108493408375e-02   3.802341116358e-01
 -4.226148329593e-01   1.738264598044e-01   3.079154503706e-01  -2.045968006515e-01  -6.291158780109e-01
 -3.611036197544e-01  -4.213672291136e-01   2.246881753544e+00   1.030120607655e-01  -5.028773491118e-01
  3.817419532466e-01   4.072877662506e-01   1.578027091043e+00  -5.840822352824e-02   2.604390907489e-01
  1.722481289730e-01   1.516468063212e-01   5.092371391156e-01  -1.058945169210e-01   1.412581362709e-01
  5.805654430423e-01   8.719922154847e-02   5.121642358180e-01  -4.565928786972e-02   3.367016025517e-01
 -6.821797453383e-02   1.975917982060e-01   6.546540078038e-01  -1.550060710236e-01  -7.026259870665e-02
  3.912818579275e-01   4.012040929555e-01   1.557899507697e+00  -6.118859126213e-02   2.648038805300e-01
  1.535511516443e-01   1.994927775631e-01   7.308770174382e-01  -1.256799577778e-01   1.280939913134e-01
  9.810536460974e-02   6.556424656093e-01   1.508332784549e+00   1.157317763304e-01   8.614657573475e-02
  4.786466405762e-02  -4.602768611923e-03   4.548064680810e-02   4.235309101637e-03   4.406517865603e-02
  2.373342809854e-01   1.466129264289e-01   5.188006449654e-01  -9.717071710284e-02   1.835545856518e-01
  1.869383066413e-01   4.030544324337e-01   1.684935442502e+00  -7.329070846960e-02   1.512734650149e-01
  9.081757262687e-01   7.527439559172e-01   9.928150942556e-01   6.391478096361e-02   4.131557259693e-01
  8.086428896816e-01   9.275821687792e-01   5.879554000524e-01   3.092143848271e-02   3.947893825756e-01
 -1.677394935297e-01   1.915276799778e-01   5.777955789914e-01  -1.682647405761e-01  -1.908500528323e-01
 -2.994116520427e-01   1.176468712223e+00   4.051490000590e-01  -1.832305501943e-01  -3.904423799681e-01
  4.972028160131e-01   1.321623647345e+00   1.269385464788e+00  -8.553235871304e-02   3.082372226554e-01
 -2.743394179971e-01  -1.072369711419e-01  -1.796354000613e-02   1.246681314954e-01  -3.484338651739e-01
  9.455065663042e-01   7.555519756480e-01   9.859783149162e-01   6.162782424367e-02   4.191850419382e-01
  5.378127473802e-01   8.946798430284e-01   5.301781457594e-01   5.613048596624e-02   3.226750014784e-01
  7.042644326624e-01   5.277069366573e-01   1.499594436519e+00   1.347674007753e-02   3.713427716596e-01
  3.981352037394e-01   4.074965905970e-01   1.569458009380e+00  -5.737813712914e-02   2.678903190670e-01
  3.723610660260e-01  -1.726181945347e-01   6.736223982195e-01   9.471904307454e-02   2.560680761858e-01
  5.690082947087e-01   2.634799434907e-01   1.048886815268e+00  -8.832097283231e-02   3.330231180774e-01
  6.803277042268e-01  -1.027462238702e-01   5.853666502215e-01   4.790487868674e-02   3.652677717025e-01
 -3.194476131386e-01   1.454127589572e+00   2.304395429603e+00  -5.931790318589e-02  -4.255029611097e-01
  1.947656157883e-01   1.206950248644e+00   7.785258181778e-01  -1.225114180524e-01   1.564952096327e-01
 -1.937954818853e-02   7.495555687372e-01   1.002845084441e+00   1.562751138578e-01  -1.903006544637e-02
 -3.104593611547e-01  -4.191630640994e-01   2.178513764324e+00   1.006180009734e-01  -4.096070069720e-01
  2.964589146616e-01  -1.600004429641e-01   5.973381597060e-01   9.732180014932e-02   2.176382227077e-01
  8.588825247765e-01   3.351457276260e-01   1.222813724053e+00  -5.766801143325e-02   4.044998063947e-01
  2.613663791732e-01  -2.869823933470e-02   2.352721336023e-01   2.138283181152e-02   1.978784724837e-01
  9.663164718430e-01   1.497577331403e+00   1.394003997929e+00  -9.200010309427e-04   4.223624366743e-01
  7.782823846531e-01   6.067684001605e-01   1.369979904499e+00   4.503781443677e-02   3.884488175976e-01
  7.567576855585e-01  -4.829849598678e-01   1.479484498914e+00   7.892719885224e-03   3.837233842426e-01
  7.139345404370e-02   4.238060004385e-01   1.828559726779e+00  -6.596008613242e-02   6.428055305741e-02
  6.997820842232e-01   8.805342067839e-01   6.274528029792e-01   5.330086078764e-02   3.702264037201e-01
 -4.228857975323e-01   4.622491446855e-01   2.461047288035e+00  -5.417570425264e-02  -6.297057456487e-01
 -4.415466288765e-01   2.952682763710e-02  -5.041492383050e-01  -4.330029525039e-02  -6.710790587839e-01
  6.161265892011e-01   1.267303606843e+00   1.059921478446e+00  -8.420354148569e-02   3.475196478049e-01
  4.052295303875e-01  -3.755603688636e-01   1.480176667858e+00   7.313463087636e-02   2.710426269954e-01
  7.798487063821e-02  -7.763353950049e-02   1.805855377663e-01   6.668192933251e-02   6.978127804029e-02
  5.275854861731e-01   1.496638852424e+00   1.601289634148e+00  -1.948031611071e-03   3.191447384697e-01
 -1.620873940205e-01   8.657214454258e-01   2.229117130084e-01   1.339687529979e-01  -1.833645634730e-01
  2.883458949839e-01   5.705447832472e-01   1.684189756403e+00   4.982228062280e-02   2.131880315289e-01
 -4.955600455025e-02   6.692308173326e-01   1.509756459596e+00   1.406103888243e-01  -5.011445688818e-02
 -3.018672087714e-01   1.373145213511e+00   1.934781214723e+00  -1.467620136398e-01  -3.946668680662e-01
 -1.703172618425e-01   1.075368350554e+00  -4.870439413339e-02  -8.242897638270e-02  -1.942911518216e-01
 -3.916803387446e-01   3.528598686231e-01   1.878409128048e+00  -1.786062681836e-01  -5.637594292916e-01
  4.622188033879e-01  -2.466508185205e-01   9.865219795918e-01   9.822537807022e-02   2.948605285807e-01
  5.670649077499e-01   6.929186565209e-01   1.203226201173e+00   8.315427951123e-02   3.323964762072e-01
  5.416123652428e-02   4.438004444164e-01   1.890580416970e+00  -5.034553152811e-02   4.956519963813e-02
 -1.587363847941e-01  -3.441607325337e-01   1.649905693467e+00   1.483591485431e-01  -1.789649309588e-01
  1.583259781097e-02   6.983613105314e-01   1.313965319371e+00   1.431797125005e-01   1.502804449654e-02
  1.711300195473e-01   7.964952779208e-01   7.557876693984e-01   1.245524000896e-01   1.404841654998e-01
  2.327757088086e-01   1.400977788969e+00   1.649315930760e+00  -7.142908428101e-02   1.807618672776e-01
  9.174301158960e-01   7.112800725156e-01   1.099502499570e+00   6.149095915566e-02   4.146910903238e-01
  6.068035551497e-01   1.226841235241e+00   9.192047803652e-01  -8.456492553089e-02   3.447548125685e-01
 -3.471013234738e-01  -4.819538347190e-01   2.388290931708e+00   2.424891713917e-02  -4.761725220363e-01
 -2.104180117379e-01   1.087670598646e-01   5.024544654034e-02  -1.186258707197e-01  -2.500837273034e-01
 -1.552215930931e-01   1.639309167482e-01   4.021173145173e-01  -1.527152151273e-01  -1.743806968789e-01
  4.309783615631e-01  -1.921142252645e-01   7.651722569430e-01   9.462677697332e-02   2.821284961765e-01
 -2.972615025037e-01  -6.870075630127e-02  -2.095789338373e-01   8.546097238665e-02  -3.867596914778e-01
  3.843922677025e-01  -3.599263506137e-01   1.439844382978e+00   8.162820392852e-02   2.616597506392e-01
 -3.600286669040e-01  -1.699113889940e-01   3.177342590882e-01   1.901044826024e-01  -5.008015872758e-01
 -9.143724606809e-02   8.328207812716e-01   4.569881950864e-01   1.453403479931e-01  -9.636426365101e-02
  9.250945254034e-01  -4.080246948076e-01   1.343437399287e+00   3.435480015883e-02   4.159420959128e-01
  3.646926540708e-02   6.520808853967e-01   1.557224782283e+00   1.209324655239e-01   3.394004761254e-02
 -3.506843837845e-01   7.016297209731e-01   1.419594680827e+00   2.052033228598e-01  -4.829375775637e-01
  1.878274542726e-01   1.358175320563e+00   1.524474222266e+00  -9.954443996957e-02   1.518706060257e-01
  8.262915602189e-01   1.310911958092e+00   1.168416993553e+00  -6.416870447754e-02   3.983081926679e-01
 -1.258832014620e-01   9.475769568681e-01  -6.829261018791e-02   5.601299464264e-02  -1.373032414856e-01
 -2.447567969166e-01   1.048927876159e+00  -2.066693780791e-01  -5.876196462470e-02  -3.014096148800e-01
  9.039190333544e-01   1.073151403937e+00   6.249565568123e-01  -2.847408595188e-02   4.124402641209e-01
  3.078753380806e-01   1.476141348230e+00   1.734922271809e+00  -1.702620401877e-02   2.237837131895e-01
  2.886684161216e-01   1.125512984898e-01   4.244214987707e-01  -7.545137582186e-02   2.133662737542e-01
 -3.651014212403e-01   1.690379218100e-01   3.075656127634e-01  -1.904561273791e-01  -5.106350586758e-01
  4.853917315605e-01   1.205885718960e+00   8.285946259586e-01  -9.241019276187e-02   3.038215478067e-01
  9.606791466281e-01   9.704794143674e-01   6.105995474176e-01   1.120733672938e-02   4.215142396684e-01
  3.024432692544e-01  -4.943491264022e-01   1.746688417127e+00   4.068156833191e-03   2.208764775547e-01
  1.284257502138e-01  -1.892280070741e-01   6.707500190739e-01   1.257669738860e-01   1.096398035125e-01
  9.616925325738e-01  -9.365753490843e-02   6.707686751066e-01   3.369982614230e-02   4.216673948842e-01
  8.669078796867e-01   1.120310760808e-01   6.694073017735e-01  -4.305069227312e-02   4.059657051137e-01
  7.714565231470e-01   1.331262191968e+00   1.232348982732e+00  -6.362592491846e-02   3.869714728462e-01
  7.191697797974e-01   6.085855303229e-01   1.388094879956e+00   4.836086142784e-02   3.749864728659e-01
  4.777311924542e-01   1.379347049613e+00   1.458221775625e+00  -6.654572038799e-02   3.009033750027e-01
 -9.028472028790e-02   1.272283193354e+00   1.152238991807e+00  -1.656906642195e-01  -9.504092776988e-02
  2.078305342993e-01   1.272710511478e+00   1.116397878929e+00  -1.242672833957e-01   1.650374702857e-01
  8.547763115365e-01   9.672416081099e-01   5.704925751051e-01   1.375459050790e-02   4.037409568913e-01
 -2.945811680949e-01  -4.400943575305e-01   2.235311647879e+00   7.488938934049e-02  -3.821902440252e-01
  9.986518070817e-01  -3.667979686670e-01   1.255814742717e+00   4.350587699911e-02   4.270535488279e-01
  2.521113380886e-01   5.330658904466e-01   1.767429305239e+00   2.481367252946e-02   1.924405929987e-01
  6.534242958667e-01  -1.528242212657e-01   6.945632132037e-01   6.694907532471e-02   3.580968013567e-01
  8.691769680978e-01   2.462707518120e-01   9.898615905250e-01  -6.635435654265e-02   4.063760777944e-01
  2.755229334879e-01  -1.385728166078e-01   5.059465434167e-01   8.994762600081e-02   2.060108521137e-01
  3.579813192145e-01  -2.342017948060e-01   9.298153545464e-01   1.080948678131e-01   2.492125229139e-01
  1.561638902664e-01   5.427553274803e-02   1.892643307703e-01  -4.413179014200e-02   1.299622034555e-01
 -3.114118262709e-01   5.675248240361e-01   2.230326963832e+00   8.524242501374e-02  -4.112784505238e-01
  8.955846111982e-01  -1.114720506595e-01   6.774617779124e-01   4.170368237569e-02   4.110223070520e-01
 -5.920177520007e-02   2.897971108225e-01   1.261984063643e+00  -1.573394713032e-01  -6.043787650611e-02
  8.958770299066e-01   4.322530756506e-01   1.384095220487e+00  -2.671084605060e-02   4.110724435546e-01
  3.690202055877e-02   4.283535874362e-01   1.868915973895e+00  -6.440811627240e-02   3.432863888542e-02
 -4.411768157622e-01   6.224386704979e-01   2.099047001775e+00   1.632358870596e-01  -6.702446019541e-01
  8.174998290877e-01  -1.946947414018e-01   8.451153807306e-01   6.559213941124e-02   3.965702500208e-01
 -1.594571697786e-01   2.192382398676e-01   7.760124013714e-01  -1.755324592965e-01  -1.799088721045e-01
  3.239138265369e-01   1.408606453958e+00   1.614470811843e+00  -6.097699426314e-02   2.321919952723e-01
  8.113191642222e-02   1.148285529780e-02   7.761734179558e-02  -1.022529005037e-02   7.238303048449e-02
 -3.687376540209e-01   6.551437921301e-01   1.800860610756e+00   1.811042293251e-01  -5.177432480066e-01
  2.221399903700e-01   3.437215187411e-01   1.448380339321e+00  -1.029680508840e-01   1.741498972822e-01
 -4.996900742487e-02   1.311105735472e+00   1.393055155394e+00  -1.492335384318e-01  -5.055255272994e-02
 -1.855539833857e-02   1.098016354615e+00   1.689916066371e-01  -9.020202789271e-02  -1.820622345321e-02
  2.944660132242e-01  -3.298058697146e-01   1.361919625814e+00   1.012696389099e-01   2.165515062527e-01
  7.688094898114e-01  -2.372111851629e-01   9.617387067184e-01   7.287752324172e-02   3.863933155853e-01
  1.451852042348e-01   6.368015923614e-01   1.567543375580e+00   1.010238638695e-01   1.220483176625e-01
  8.872121658790e-01   2.562026580195e-01   1.016569430956e+00  -6.517937556163e-02   4.095747604221e-01
 -1.454083248433e-01   1.119105773848e+00   1.569610166828e-01  -1.200689448958e-01  -1.617447414543e-01
  5.600506334666e-01  -2.418193320956e-01   9.700518669911e-01   8.928914724097e-02   3.301151093514e-01
  3.225368113148e-01   1.086037020255e+00   3.716666213650e-01  -5.784769570856e-02   2.314802429481e-01
  4.784168948520e-01  -2.535957830348e-01   1.014246111785e+00   9.670064238080e-02   3.011663428945e-01
 -4.608489251851e-01  -3.242064636902e-01   1.700902585593e+00   2.136213686239e-01  -7.154694822968e-01
 -3.921759239496e-01   7.226042708231e-01   1.249953996541e+00   2.205252837225e-01  -5.647760508693e-01
  4.871799336572e-01   8.952889080455e-01   5.052168846520e-01   5.864740902407e-02   3.044965571700e-01
 -3.065125938685e-01   2.465190726551e-01   9.706146958610e-01  -2.060470343390e-01  -4.027135894866e-01
 -4.595730300744e-01   9.476999838773e-01  -4.739059798880e-01   7.708509551040e-02  -7.124839948799e-01
 -2.524044110820e-01  -4.412997318728e-01   2.189622635218e+00   7.052645265776e-02  -3.133103958595e-01
 -9.490248173963e-02   1.325615679146e+00   1.501244364051e+00  -1.494590419225e-01  -1.003608176480e-01
 -1.879060832531e-02   5.896812588787e-01   1.860848365880e+00   8.342493448933e-02  -1.844121214184e-02
  6.696031013203e-02   1.235999979807e+00   9.176388777811e-01  -1.432424695127e-01   6.054146493714e-02
 -5.473717432936e-02  -4.867494247571e-01   2.050517245000e+00   1.344630991053e-02  -5.563575728520e-02
  4.205986587903e-01   1.275612058488e+00   1.106833598546e+00  -1.009466654288e-01   2.777257148811e-01
  4.931411188495e-01  -3.687650914393e-01   1.422069549570e+00   7.002065954121e-02   3.067300496831e-01
  7.864727812935e-01  -4.907152357577e-01   1.467826243171e+00   4.190913162354e-03   3.901960299040e-01
  5.396635974072e-01  -4.292335395259e-01   1.536661638083e+00   3.921995950103e-02   3.233064775264e-01
  4.565361434080e-01   3.168867831029e-01   1.262771304306e+00  -9.019045501111e-02   2.926012402398e-01
  6.602367605668e-01   8.094169515500e-01   8.069745811055e-01   7.558665459819e-02   3.599479374877e-01
  7.179310222995e-01   8.145669928478e-01   8.024288346825e-01   7.055507019064e-02   3.746876237248e-01
  5.225115212131e-01   1.425967415388e+00   1.540157149564e+00  -4.158254635743e-02   3.173673016924e-01
  8.711905545860e-01   5.953128642175e-01   1.356723755569e+00   3.734222657550e-02   4.067387420361e-01
  8.257220509636e-01  -9.276882879022e-02   6.232790366337e-01   3.809620378078e-02   3.981965024171e-01
  6.804672430105e-01   4.136855357749e-01   1.444553501401e+00  -4.108980809655e-02   3.653040041898e-01
  3.894894838928e-01  -3.778924013378e-01   1.494556810572e+00   7.314887913122e-02   2.639899275255e-01
  1.922362975439e-01  -2.037211993995e-01   7.617874826210e-01   1.220942867307e-01   1.548164617831e-01
 -3.164828927061e-01   5.653993897678e-01   2.243702112537e+00   8.311996973314e-02  -4.202293099330e-01
  1.264407511948e-01   4.978972890818e-01   1.885198508526e+00  -1.793930620596e-03   1.081434058170e-01
  2.268095973409e-01   1.091730238941e+00   3.261733609885e-01  -6.717775907609e-02   1.770695777971e-01
  8.634209360204e-02   1.173325142469e+00   5.736531167066e-01  -1.250730770040e-01   7.665589054243e-02
 -3.168416292542e-01   1.708168083881e-01   3.523220406257e-01  -1.829226385988e-01  -4.208658298084e-01
  3.024308576729e-01   1.045425305261e+00   2.830586484272e-01  -3.226739309678e-02   2.208697999781e-01
 -2.081050728194e-02   1.289671221941e+00   1.251685998821e+00  -1.516549947386e-01  -2.046360249579e-02
  6.490393629243e-01   1.402785613712e-01   6.597059754005e-01  -6.331906182576e-02   3.568923705344e-01
  5.278346002480e-02   9.202997732226e-01   1.662949089575e-01   6.998768871957e-02   4.836741806637e-02
  5.265321215841e-01   9.632344956834e-01   4.139572977953e-01   2.114232140073e-02   3.187771677187e-01
  1.372034332459e-01   7.610287929603e-01   9.393355717804e-01   1.340635105754e-01   1.161886808017e-01
  5.512897017720e-01  -3.247610110432e-01   1.266087040404e+00   8.039925987641e-02   3.272219843495e-01
  7.534980265146e-01   4.081066615857e-01   1.405335468004e+00  -4.050097781186e-02   3.829905264333e-01
 -5.509571659552e-02  -2.866663401110e-01   1.240801412184e+00   1.574750601310e-01  -5.601988066965e-02
 -1.686427492558e-01   1.418581238486e-01   2.607168607990e-01  -1.403751876083e-01  -1.920538761582e-01
 -1.443959503003e-01   4.840026024522e-02  -9.657164984804e-02  -5.278731244875e-02  -1.604547162880e-01
 -3.119200283292e-01   1.206900466598e+00   6.386861832403e-01  -1.996230719117e-01  -4.121715305359e-01
  7.431766056482e-01   1.001628881652e+00   5.114345331643e-01  -7.669862738732e-04   3.806393901590e-01
  7.184414991504e-01   4.203496800433e-01   1.439013273124e+00  -3.682675262864e-02   3.748108622529e-01
  1.593561949644e-01   1.259339602539e+00   1.050299177884e+00  -1.313209355224e-01   1.322320949829e-01
 -4.133423774575e-01   1.352057096222e-01   1.650518465702e-02  -1.715549945424e-01  -6.091150388232e-01
 -1.663517805197e-01   3.103717156584e-01   1.434684375605e+00  -1.672560836735e-01  -1.890046427598e-01
 -2.296637230445e-01   1.374244830265e+00   1.878091211162e+00  -1.359694361863e-01  -2.784311758622e-01
  3.363020773023e-02   5.058135867034e-01   1.967463012530e+00   5.422903441868e-03   3.138266946926e-02
  2.804412837124e-01   1.211568313849e+00   8.175001196846e-01  -1.136620863116e-01   2.087847082963e-01
 -1.873077913280e-01   9.144230962189e-01  -2.881031045856e-02   9.409822671332e-02  -2.174048487918e-01
  1.469387225659e-01   1.043733122537e+00   1.646033395184e-01  -3.612357359933e-02   1.233235901644e-01
 -4.130975777867e-01   5.099085736729e-01   2.486136261576e+00   1.420991624263e-02  -6.085918299594e-01
  5.412505692865e-01   7.717668552921e-01   9.190751486504e-01   9.019177791765e-02   3.238461321872e-01
  1.115863576303e-01   5.801568401262e-01   1.786532019215e+00   6.647811874979e-02   9.676177982424e-02
  4.434220999982e-01  -4.577730052262e-02   3.745549676370e-01   2.838000535731e-02   2.872919886537e-01
 -4.680950806970e-01  -5.447080636684e-02  -4.790118497177e-01   8.082243676676e-02  -7.325648412109e-01
 -2.501607531566e-01  -2.383552392661e-01   9.069691546348e-01   1.946797829637e-01  -3.098007414462e-01
 -2.177835250009e-01  -3.548007352733e-01   1.754823488961e+00   1.496464683811e-01  -2.608085308932e-01
 -3.238808414007e-01   1.349989961527e-01   9.641535660339e-02  -1.572037278858e-01  -4.334452351522e-01
  6.295572401478e-01   1.247597013208e+00   9.917697063409e-01  -8.360482421818e-02   3.514163017601e-01
  1.293252846957e-01   4.307328434451e-01   1.800520090174e+00  -5.709010157900e-02   1.103160375491e-01
  7.727541169578e-01   9.746668734548e-01   5.311424597118e-01   1.154461412360e-02   3.872538138591e-01
  1.505537964058e-01  -1.787400666212e-01   6.255423984967e-01   1.195907206513e-01   1.259391431362e-01
 -2.584572181198e-01   2.958670387912e-01   1.364610127490e+00  -1.886542165714e-01  -3.228545869613e-01
  9.184897480534e-02   1.437486090016e+00   1.845583481554e+00  -5.373638114492e-02   8.112567420421e-02
  1.973122091117e-01   1.193425540954e+00   7.122396716950e-01  -1.188938940333e-01   1.581771751433e-01
  7.854338806629e-01   1.299869801442e+00   1.144592660745e+00  -6.844799199316e-02   3.899759314055e-01
 -1.307602945809e-01   9.489357796924e-01  -7.641902782229e-02   5.486927907029e-02  -1.433224611617e-01
  5.853467660183e-01  -3.829450105397e-01   1.421814750429e+00   5.854231209077e-02   3.381996323663e-01
  4.417737083421e-01   2.311632859074e-01   9.228621600954e-01  -9.950117950542e-02   2.866150886868e-01
 -1.434612012858e-01   2.597927532695e-01   1.070608323147e+00  -1.757935467282e-01  -1.592658390572e-01
 -2.289904239715e-01   2.959732782605e-01   1.355199394660e+00  -1.833357787190e-01  -2.774216055149e-01
 -4.896600751173e-01  -3.008667818763e-01   1.503664050222e+00   2.334300702189e-01  -7.848774626170e-01
 -2.026261151763e-01   1.326603202802e+00   1.562776246270e+00  -1.652771614545e-01  -2.389025932806e-01
  4.667901203441e-01   1.006179596670e+00   3.627661271364e-01  -3.796972351437e-03   2.966600987492e-01
  1.786701706941e-01   1.182339185932e+00   6.528048347398e-01  -1.176279544930e-01   1.456714027692e-01
  3.133212101921e-01   9.969649922652e-01   2.607670525343e-01   2.162488939904e-03   2.266679405078e-01
  5.678618708102e-01   1.403619400071e+00   1.475648989094e+00  -5.051218569663e-02   3.326537395681e-01
 -2.512755561899e-01   2.256030343470e-01   8.054710754989e-01  -1.931204663355e-01  -3.115426811523e-01
 -2.679537352449e-01   1.782257104440e-02  -2.865377405669e-01  -2.219083830853e-02  -3.380551046597e-01
  3.070153137536e-01   9.966237643880e-01   2.562929926370e-01   2.420248183555e-03   2.233254550845e-01
 -1.544844990436e-01  -3.535664373256e-01   1.703012905343e+00   1.416308497432e-01  -1.734232610191e-01
  3.874527840819e-01   1.120867476321e+00   5.007633077716e-01  -7.269814753363e-02   2.630616017248e-01
  4.827676702939e-01   8.239215116735e-01   7.187056075199e-01   8.611663559783e-02   3.028267973287e-01
  5.231932931212e-01   4.055006423287e-01   1.500601349893e+00  -5.183020134768e-02   3.176071421485e-01
  7.926401538128e-01   1.021992450401e+00   5.385941308929e-01  -9.842228677422e-03   3.914935962422e-01
  2.322688273506e-01   5.723513127823e-01   1.718245205802e+00   5.384287549093e-02   1.804498177974e-01
  2.842750517100e-01  -4.405882446894e-01   1.707991652170e+00   4.253204694553e-02   2.109287168057e-01
  6.729487336574e-01   4.080036040325e-01   1.437869770201e+00  -4.381376509420e-02   3.633378063861e-01
  9.336102112839e-01   1.304674729643e+00   1.136971618385e+00  -5.873181723325e-02   4.173105460408e-01
 -1.355840060557e-01  -2.530642303265e-01   1.021939299138e+00   1.747624280880e-01  -1.493317167866e-01
 -3.350946332367e-01   1.441999876554e+00   2.290483910363e+00  -7.550682958455e-02  -4.538406908757e-01
  7.835114957340e-02   2.528184974079e-01   1.016420302496e+00  -1.422061908131e-01   7.008490342522e-02
 -2.983303839864e-02  -4.368628202058e-01   1.949243436312e+00   6.099306396646e-02  -2.959402144397e-02
  6.857003820658e-01  -2.827259865461e-02   4.917080468961e-01   1.399720513431e-02   3.666558233928e-01
  5.424528375376e-01   2.241711655018e-01   9.042068320445e-01  -8.974160167807e-02   3.242538696150e-01
 -3.259371051779e-01   1.053213940281e+00  -2.932381010328e-01  -6.891019356023e-02  -4.371522021669e-01
  8.117839059118e-01   1.065794502681e+00   5.811947771115e-01  -2.817984171189e-02   3.954244295849e-01
  3.544900043654e-01   8.788391425231e-01   4.855519353807e-01   7.519024948455e-02   2.475191715293e-01
  7.319976677788e-01  -2.720196160435e-01   1.068112627254e+00   7.502997529287e-02   3.780395957127e-01
  5.473844778677e-01   1.363733168929e-01   6.136221491356e-01  -6.840294815461e-02   3.259165348012e-01
  3.050949370324e-01  -1.791141369686e-02   2.594621124851e-01   1.283737483771e-02   2.222994493716e-01
  5.261934730361e-01   9.398870073135e-01   4.402171989622e-01   3.406561115160e-02   3.186588379528e-01
 -2.703783006497e-02   7.040830502624e-01   1.292030326796e+00   1.509267367911e-01  -2.674839439431e-02
  7.311990846904e-01   6.652999913033e-01   1.250798320650e+00   6.532734674172e-02   3.778517231422e-01
  9.505368491074e-01   1.340971940079e+00   1.216436766582e+00  -5.161219881467e-02   4.199648192047e-01
 -2.875663636533e-01  -4.694461841528e-01   2.295112799891e+00   3.861133163079e-02  -3.703425119087e-01
  9.511928288097e-01   2.793665709774e-01   1.073357897633e+00  -6.028729996938e-02   4.200659508163e-01
 -1.510099604965e-01  -2.611318590446e-01   1.080834769348e+00   1.769790603644e-01  -1.689283414343e-01
  5.675324516147e-01   5.336187327801e-01   1.565846989352e+00   1.861092175171e-02   3.325474494414e-01
  7.858309098124e-01   1.423842165999e+00   1.416245190519e+00  -3.311808530616e-02   3.900600968953e-01
 -2.907713127667e-01  -1.982611674024e-01   5.773104535231e-01   1.923612931980e-01  -3.757356752548e-01
  2.762721917461e-01  -9.216103605298e-02   3.586731706587e-01   6.431708146641e-02   2.064351192584e-01
 -4.702505912607e-01   9.169081942621e-01  -3.637430409402e-01   1.203452045350e-01  -7.376964383206e-01
  9.781577383304e-02   1.003610736190e+00   9.019628219575e-02  -3.166489957389e-03   8.591550623861e-02
 -4.812518221632e-02   1.242683546477e+00   9.518639809586e-01  -1.604958706670e-01  -4.859939572624e-02
 -4.639288015622e-01   3.693936562341e-01   2.066131477103e+00  -1.754740989460e-01  -7.227064591050e-01
  2.331140738355e-01   2.246472450285e-01   8.732939046275e-01  -1.209699201808e-01   1.809700040146e-01
  4.162596435010e-01   7.577604514750e-01   9.673659902029e-01   1.025745133652e-01   2.758589575024e-01
  6.658782861478e-01   5.092895807840e-01   1.525482552537e+00   4.709861430665e-03   3.614626042356e-01
  3.734937560147e-01  -4.864153316863e-02   3.346218232988e-01   3.220034313973e-02   2.566000568295e-01
  7.073039837436e-01   7.646704488357e-01   9.534448225183e-01   7.724893873798e-02   3.720943291173e-01
  7.355321745800e-01   7.576275521199e-01   9.764199969719e-01   7.540955646452e-02   3.788676509047e-01
 -2.302819230311e-01   5.590233328824e-01   2.163611889122e+00   6.940115462612e-02  -2.793592829930e-01
  2.972070918685e-01   1.128031625970e+00   4.792160028883e-01  -8.298259482803e-02   2.180451224324e-01
 -2.512553020428e-01  -2.121718609125e-01   7.000421252249e-01   1.899144608908e-01  -3.115109995620e-01
 -2.595438686070e-01   1.230682615116e+00   8.445134913026e-01  -1.955261107314e-01  -3.245798606257e-01
 -1.995108988219e-01  -2.897747584679e-01   1.299751921328e+00   1.801271802672e-01  -2.344791311063e-01
 -2.777119806499e-01   1.378516291125e+00   1.944292909801e+00  -1.385768115833e-01  -3.539671176671e-01
  2.365027377496e-01   1.417730603428e+00   1.692159752645e+00  -6.035247210871e-02   1.830469853706e-01
  4.557616730042e-01   2.570708036458e-01   1.028625164914e+00  -9.876288069252e-02   2.922914089327e-01
  5.426251267702e-01   1.588694739178e-01   6.788311726252e-01  -7.641946942199e-02   3.243122224452e-01
  1.041234437238e-01  -2.591484120818e-02   1.074416752049e-01   2.249092624419e-02   9.091942980403e-02
  6.620238348097e-01  -1.599986034651e-01   7.168984744363e-01   6.842278922605e-02   3.604295241714e-01
 -4.185364847632e-01   1.496220512377e+00   2.496424487797e+00  -5.451669405192e-03  -6.202747622111e-01
 -2.901926912626e-01   1.811265068287e-01   4.453094571920e-01  -1.841782802308e-01  -3.747595274549e-01
  7.596631627570e-01  -3.826245783943e-01   1.355933899802e+00   4.959919453478e-02   3.843727426510e-01
 -2.599967988050e-01   2.162551223292e-01   7.296353940881e-01  -1.926483830241e-01  -3.253000450305e-01
  8.019184221086e-01   1.059313949894e+00   5.699941266406e-01  -2.578552968484e-02   3.934168421470e-01
  4.008665323997e-01   1.120210423270e+00   5.052482317069e-01  -7.145171869580e-02   2.691090691370e-01
 -2.423317845410e-01  -4.890399035999e-01   2.260075881255e+00   1.333086962260e-02  -2.976724346158e-01
  5.274365260472e-02   5.843931219771e-01   1.819921760744e+00   7.373017375115e-02   4.833276384987e-02
 -3.827629418083e-01   1.187159631065e+00   4.437378122037e-01  -2.047453685703e-01  -5.456316484748e-01
  3.514803768945e-01  -1.748420984579e-01   6.758244623568e-01   9.734871141756e-02   2.460502738164e-01
  3.622923228202e-01   1.293251120449e+00   1.189313717014e+00  -1.042091836260e-01   2.512877768638e-01
  4.828596987355e-01   1.054375778598e-02   3.734630325413e-01  -6.375852384848e-03   3.028617694170e-01
  9.510659993641e-01   4.378902826408e-02   6.151562139066e-01  -1.666350110650e-02   4.200464076414e-01
  4.799802689160e-01   1.539477337127e-01   6.426435767711e-01  -7.951853721822e-02   3.017646012150e-01
  8.069994012259e-01   4.037699937042e-01   1.377990128824e+00  -4.006006857643e-02   3.944555686794e-01
 -3.947546590674e-01   7.730620685095e-01   7.887577870390e-01   2.220384787618e-01  -5.700816557498e-01
  5.523561920869e-01   1.478020496361e+00   1.581645276498e+00  -1.239965263675e-02   3.275767889344e-01
  2.620558797904e-01   1.417117992334e+00   1.673839693923e+00  -5.928261952051e-02   1.982797251212e-01
  3.265580068843e-02  -1.970243294924e-01   6.833794938605e-01   1.404740230478e-01   3.050170826295e-02
 -1.868826471917e-01   1.050410816832e+00  -1.377836619074e-01  -5.720274900786e-02  -2.168172069704e-01
 -3.409000265861e-01  -1.600091377477e-01   2.558373204004e-01   1.798829452869e-01  -4.645739031619e-01
  7.476774757494e-01   4.951325515601e-01   1.486248809350e+00  -2.281683870694e-03   3.816704055988e-01
  6.503090848924e-01   8.700225739038e-01   6.341661576900e-01   5.973738392237e-02   3.572421789205e-01
 -2.977106768694e-03   1.613445390622e-02   2.275596801061e-03  -1.556740872319e-02  -2.877406336565e-03
  7.079650035180e-01   6.288212230823e-02   5.334854422223e-01  -2.984090428220e-02   3.722571903578e-01
 -3.468153506835e-01   8.101739020122e-01   4.843559521665e-01   1.991265789059e-01  -4.756345970351e-01
  6.619095646302e-01   2.010873757157e-01   8.401538171434e-01  -7.725010835465e-02   3.603987798845e-01
  5.565408239945e-01   1.161122953947e+00   6.901015649894e-01  -7.608207226736e-02   3.289619262453e-01
 -4.977379225567e-01   3.288652215683e-01   1.768194692487e+00  -2.179973384672e-01  -8.050394264318e-01
  4.178190947422e-01  -7.194833304902e-02   3.986228832883e-01   4.479293386465e-02   2.765316719781e-01
 -1.153454385017e-01  -4.205945543435e-01   1.981344763108e+00   8.201977454783e-02  -1.244893337565e-01
 -1.683335649297e-02  -4.152523542725e-01   1.875638948170e+00   7.914298810216e-02  -1.648904316623e-02
  4.795472104632e-02   8.428320805821e-01   4.741093417397e-01   1.222414647197e-01   4.414431438663e-02
  3.752525604310e-01   3.594609809157e-01   1.442164016799e+00  -8.254904733854e-02   2.574238007282e-01
 -3.522143002007e-01   3.753489310003e-01   1.995069405090e+00  -1.519600179184e-01  -4.858404253804e-01
  9.435024082391e-02  -4.783573670800e-01   1.904653116841e+00   1.898632387275e-02   8.314026698399e-02
 -4.266445966000e-01   2.740389089100e-01   1.226993268347e+00  -2.287590866758e-01  -6.379202007152e-01
  4.067393331606e-01  -3.756825534595e-01   1.479843866311e+00   7.297181097391e-02   2.717079510222e-01
  3.237310713543e-03  -3.709104726972e-01   1.686560705306e+00   1.108632619326e-01   3.110213855239e-03
  6.665244506740e-01   2.409858904018e-01   9.702217927914e-01  -8.055850243880e-02   3.616350409879e-01
  9.459672884790e-01   3.340572613441e-01   1.202507772169e+00  -5.323931055798e-02   4.192567764544e-01
  3.636908387162e-01   1.241537970262e+00   9.625692958729e-01  -1.078808447755e-01   2.519573059500e-01
  2.234525138500e-01   1.301067651588e+00   1.254285962592e+00  -1.173555779935e-01   1.749732119108e-01
 -1.004871127171e-01   1.351203196975e+00   1.654275390088e+00  -1.359540252523e-01  -1.068581708406e-01
 -1.548474873198e-01  -1.829977938457e-01   5.255669367877e-01   1.625221638401e-01  -1.738945885130e-01
  5.051993829126e-01  -2.590561870032e-01   1.034949508894e+00   9.410810198037e-02   3.111702449883e-01
  7.907534497942e-01   5.466021210236e-01   1.446830077554e+00   2.066209939490e-02   3.910982849831e-01
  5.963815080508e-01   9.620173149902e-02   5.368866626496e-01  -4.906293592715e-02   3.416046662674e-01
  2.767294516450e-01   5.611291430779e-01   1.710103478326e+00   4.402031112334e-02   2.066937415588e-01
  7.692977751806e-01   7.710581330786e-02   5.783836009410e-01  -3.403579659694e-02   3.865001874453e-01
  6.581820264697e-01   2.089504623423e-01   8.647360621694e-01  -7.864869534645e-02   3.593921669128e-01
  7.684498256371e-01  -1.761182993968e-01   7.865123712342e-01   6.539883307279e-02   3.863145309124e-01
 -4.261305300497e-01   8.782032276033e-01  -8.744662713432e-02   1.602145142422e-01  -6.367932468555e-01
  2.808489676828e-01   1.252278168839e+00   1.010919491024e+00  -1.170003655270e-01   2.090134563007e-01
 -3.258104581269e-01  -2.015563509720e-01   5.897421550685e-01   2.003136911856e-01  -4.369234620544e-01
  5.202903861402e-01   7.581193931436e-01   9.691149039784e-01   9.277880727784e-02   3.165837392474e-01
  9.415322407499e-01  -1.710694078622e-01   8.079569178901e-01   5.444427652525e-02   4.185635867452e-01
 -1.837229681439e-01  -2.890528058960e-01   1.289975939399e+00   1.776107907051e-01  -2.124648980416e-01
  1.822566121365e-01  -8.145696729943e-02   2.685852933519e-01   6.301972883899e-02   1.481123581706e-01
 -3.715333724947e-01   1.999176737580e-01   5.572307982621e-01  -2.086497089571e-01  -5.232423586427e-01
  2.461091596558e-01  -9.660762372644e-02   3.520735463792e-01   6.901734606019e-02   1.888617498942e-01
  2.804148095294e-01   1.888015232594e-01   7.137152749646e-01  -1.085132804991e-01   2.087698476415e-01
  1.699289391322e-01  -3.770110863544e-01   1.607828012471e+00   9.090427126405e-02   1.396509006923e-01
  8.389878334447e-01   7.129155219859e-01   1.102867700729e+00   6.648542032084e-02   4.007665737134e-01
  5.082322392124e-01  -4.046391377363e-01   1.506008488201e+00   5.300382913514e-02   3.122708807345e-01
  7.405399495603e-01   1.257089881344e+00   1.021813445278e+00  -7.505822347128e-02   3.800312430124e-01
  6.296632880603e-01  -4.066890672240e-01   1.454046922644e+00   4.625694668646e-02   3.514466699585e-01
  2.268932145866e-01  -3.306824013826e-01   1.390148157021e+00   1.077561228564e-01   1.771216205123e-01
  2.034369816532e-01  -2.872093459252e-01   1.190423402961e+00   1.226460157970e-01   1.621887986256e-01
  4.878666056469e-01   1.043786803051e+00   3.986088925199e-01  -2.603847551493e-02   3.047551440551e-01
  8.116180133449e-01   6.653377250965e-01   1.232001397826e+00   6.046395039055e-02   3.953909856992e-01
 -1.393486393308e-01   2.981910677766e-01   1.341046582390e+00  -1.674493545235e-01  -1.540605723401e-01
  7.512756356555e-01   2.419131058438e-02   5.207971654943e-01  -1.125904703732e-02   3.824882276795e-01
  8.430812507070e-01   3.419286007061e-01   1.242291462521e+00  -5.702133275053e-02   4.015464432698e-01
  6.694731149887e-01  -1.619219066051e-01   7.242961983537e-01   6.844934968146e-02   3.624192069870e-01
  4.470989817910e-01   6.619446779626e-01   1.341520071086e+00   8.481677986524e-02   2.887941466062e-01
  8.240434920091e-01  -4.270926071783e-01   1.405361227966e+00   3.065728420091e-02   3.978665949318e-01
 -4.304640858331e-01   7.411235268527e-02  -3.529323683817e-01  -1.042821016005e-01  -6.463284744184e-01
  2.608997893923e-03  -2.907428630429e-02   1.910893364998e-02   2.779450792515e-02   2.508085441928e-03
 -1.383356317631e-01   4.460932341053e-01   2.077697894159e+00  -5.823278538159e-02  -1.527847304336e-01
  1.884558083692e-01   6.905348048261e-01   1.304377846143e+00   1.190847455686e-01   1.522919844563e-01
  9.119683249836e-01   3.960331778693e-01   1.329748451966e+00  -3.870918185193e-02   4.137882569384e-01
  2.101454492314e-01  -4.200318313261e-01   1.715728108058e+00   6.032418634123e-02   1.665287284998e-01
 -1.402403050563e-01   4.294288804750e-01   2.034012994033e+00  -7.532835777669e-02  -1.551856523972e-01
  1.628010159361e-01   6.630928665926e-02   2.183305661196e-01  -5.305870825928e-02   1.346659213148e-01
  5.666886009111e-01   7.168080883883e-01   1.119914987261e+00   8.691216645269e-02   3.322748651977e-01
 -4.923581542834e-01   8.540844005049e-01   2.224612685938e-02   1.956564654719e-01  -7.915768684709e-01
  8.043565413691e-01   9.695025202972e-01   5.478149785110e-01   1.345556230664e-02   3.939165470216e-01
  6.324449346370e-02   2.288788828087e-01   8.755054197595e-01  -1.430454058324e-01   5.738269147474e-02
  9.533833515459e-01   2.545210561239e-01   1.011332492087e+00  -6.117431024907e-02   4.204027361648e-01
 -1.644511924981e-01   4.892693890823e-01   2.169075968779e+00  -1.210838104786e-02  -1.864851969663e-01
  2.839976430973e-01   1.264132287902e+00   1.067445823726e+00  -1.161982131142e-01   2.107741091019e-01
  6.240514868854e-01   2.517173945987e-01   1.005913526266e+00  -8.405430739495e-02   3.498311002051e-01
 -4.531961378401e-01  -3.030759642420e-01   1.506619400890e+00   2.243123974952e-01  -6.976721579756e-01
  7.168386886959e-01  -1.027189271201e-01   5.996509925641e-01   4.623802437360e-02   3.744235065405e-01
  7.914328462787e-01   7.376759014974e-02   5.828175516634e-01  -3.198240059227e-02   3.912408010445e-01
  3.680961067151e-01  -4.027180459407e-01   1.574360744400e+00   6.173602368066e-02   2.540545375445e-01
 -4.464401559954e-02   3.579540018061e-01   1.655052436547e+00  -1.246822563579e-01  -4.493068015647e-02
  4.755509446828e-01   1.071036286187e+00   4.295952341373e-01  -4.186810228639e-02   3.000649335705e-01
  8.250301293999e-01   8.022472378919e-01   8.544204098229e-01   6.555896165272e-02   3.980606400039e-01
  8.780200831149e-02  -4.092791373746e-01   1.773583639496e+00   7.605706217623e-02   7.784548855869e-02
  6.184456099822e-01   8.787305624304e-02   5.308716837179e-01  -4.432752825335e-02   3.481996939677e-01
  7.630158238030e-01   3.240671341608e-01   1.215107824853e+00  -6.570382575793e-02   3.851175389455e-01
 -1.300177223138e-01   1.312119806289e+00   1.431265863333e+00  -1.607838553537e-01  -1.424023362237e-01
  9.300513839696e-01   1.901737975176e-01   8.501955731652e-01  -5.822049411063e-02   4.167413818696e-01
  5.479806025411e-01   1.787362131848e-01   7.446812746628e-01  -8.153621659730e-02   3.261164451438e-01
  5.077292104792e-01  -4.609795511411e-01   1.594710784263e+00   2.282359845619e-02   3.120887743721e-01
 -4.352467914265e-01   1.042035050682e+00  -4.684004415816e-01  -6.090909067269e-02  -6.569448476872e-01
  2.825426240004e-01  -2.993267012496e-01   1.232289384413e+00   1.112555881981e-01   2.099618302935e-01
  7.019001744635e-01  -4.279005339734e-01   1.457135607090e+00   3.413158090092e-02   3.707551346365e-01
  1.790017952335e-01  -1.327624761021e-01   4.346544156864e-01   9.561485379481e-02   1.458978172488e-01
  1.820917773807e-01  -3.820012960778e-01   1.618812366118e+00   8.691210011456e-02   1.480005401185e-01
 -2.332866787672e-01   1.151284499395e+00   2.722292524625e-01  -1.562803791957e-01  -2.838861240932e-01
 -4.899855902756e-01   1.447813448561e-01   1.543400782578e-02  -1.941382843874e-01  -7.856838789306e-01
  6.326700311971e-01  -9.030136406229e-02   5.416619504726e-01   4.480180645515e-02   3.523051120212e-01
  2.314345031763e-02   7.193385469666e-01   1.187238949452e+00   1.472258065742e-01   2.181411597322e-02
  3.951862280210e-01   1.217977331885e+00   8.634476880112e-01  -1.026893480912e-01   2.665672288842e-01
 -3.549758954343e-01  -2.126214418590e-01   6.723751925535e-01   2.100222802373e-01  -4.911019686180e-01
 -2.972179100156e-01   7.445339769976e-01   1.045726258600e+00   2.041379773826e-01  -3.866851857809e-01
 -2.340045530539e-02   8.177406252364e-01   5.776908545200e-01   1.428854395421e-01  -2.306829226404e-02
  3.540262532703e-01  -8.059190506146e-02   3.782904113914e-01   5.288757896100e-02   2.472933852242e-01
  2.975046966197e-01   8.431382626070e-01   5.853224510463e-01   9.598815194331e-02   2.182068131328e-01
 -6.520986561164e-02   9.952172515575e-01  -6.438141056227e-02   4.907561019779e-03  -6.696574144202e-02
 -6.896644610833e-02   7.523771177104e-01   9.840382640622e-01   1.639070113387e-01  -7.108589021149e-02
 -7.351998884012e-02   7.172640472300e-01   1.219234977515e+00   1.611756886891e-01  -7.612029624065e-02
  3.201727374247e-01   2.402931761575e-01   9.552306967308e-01  -1.124513370327e-01   2.302538849441e-01
 -2.427463668704e-01   1.076319561137e+00  -1.210582107042e-01  -8.941761299498e-02  -2.983101090877e-01
  4.238234040564e-01   1.589713947694e-01   6.402293144457e-01  -8.572496225240e-02   2.791030060177e-01
  7.850873923449e-01   7.658284979998e-01   9.534084375205e-01   7.161974714279e-02   3.899024273244e-01
  9.610337672957e-01   7.856242893682e-01   9.120865081380e-01   5.923395782460e-02   4.215678682884e-01
  7.726093468070e-01   5.656489226071e-01   1.435093445023e+00   2.920305311712e-02   3.872223485787e-01
  3.189054729727e-01   1.339630305157e+00   1.392603096107e+00  -9.537904900614e-02   2.295941900924e-01
  7.226987743513e-01   1.071081073388e+00   5.505497689149e-01  -3.301380173197e-02   3.758339381347e-01
  9.899377535548e-01   1.055248710724e+00   6.377953836510e-01  -2.009966752317e-02   4.258179802218e-01
 -3.798581930628e-01   1.435875097107e+00   2.326602252083e+00  -8.672832545287e-02  -5.397936737427e-01
 -3.977470086489e-01   5.302633769992e-01   2.440710396649e+00   4.253369471604e-02  -5.762713958639e-01
 -4.465955054127e-01  -3.087896366717e-01   1.555239467019e+00   2.199749786663e-01  -6.825311816351e-01
 -2.803715229841e-01   5.138423864153e-01   2.305281026273e+00   1.745710153183e-02  -3.583559784120e-01
  7.083139168762e-01   6.226201516667e-02   5.328880676298e-01  -2.955194007343e-02   3.723430715685e-01
 -4.590541187994e-01   8.578806070912e-01   2.393754321662e-02   1.859585524548e-01  -7.112718847616e-01
  5.361046418462e-01  -4.023492543776e-02   4.224538160967e-01   2.288455160997e-02   3.220902249817e-01
  1.281223303960e-01   1.410002271580e+00   1.746259451284e+00  -7.263897024722e-02   1.094114400609e-01
  4.597235126615e-01   4.660846097981e-01   1.627549179984e+00  -2.082807196741e-02   2.938715080071e-01
  9.375934838485e-01   1.882964983146e-01   8.468461463457e-01  -5.752576305542e-02   4.179429785031e-01
 -2.110371013885e-01   1.155527878269e+00   3.145076888489e-01  -1.558233409410e-01  -2.509793241532e-01
 -3.388307108855e-01   1.173701878324e+00   3.606390280466e-01  -1.886490732147e-01  -4.607342979908e-01
  3.789455820992e-01   8.418401820921e-01   6.213566103576e-01   8.921896942248e-02   2.591443827537e-01
  2.838051816129e-01   1.431248770822e+00   1.690823197240e+00  -4.884980898260e-02   2.106667962638e-01
  7.355829579614e-01  -3.093137718480e-01   1.179208694274e+00   7.031036652680e-02   3.788795072442e-01
  6.978799800019e-01   4.647796507857e-01   1.497945975582e+00  -1.718333932618e-02   3.697497454433e-01
 -2.267818461173e-01   2.439658380320e-02  -2.296922248219e-01  -2.914109920922e-02  -2.741191621485e-01
  2.494335426747e-01   5.108959398313e-01   1.784479750098e+00   8.250605282639e-03   1.908490521132e-01
  9.862486175988e-01   4.491600594408e-01   1.366997681758e+00  -1.861925886434e-02   4.252886113104e-01
  1.696587303711e-02   1.280596773154e+00   1.187964592783e+00  -1.481166707785e-01   1.608624485224e-02
 -4.838034492559e-01   1.130199058955e-01  -2.087163588679e-01  -1.593950590526e-01  -7.704546371009e-01
 -1.086814177839e-01   6.163229931366e-01   1.826807351037e+00   1.136935068406e-01  -1.165192062814e-01
  8.141884808522e-01  -7.520128968996e-02   5.937210978511e-01   3.185129082057e-02   3.959079921193e-01
  2.771245538169e-01  -2.114569394522e-01   8.163956542595e-01   1.140063052689e-01   2.069170244845e-01
 -3.225569822954e-01   7.815876185782e-02  -2.033331476792e-01  -9.870620854395e-02  -4.310663868080e-01
  1.306771819374e-01  -3.551748843800e-01   1.541146154962e+00   1.067646314809e-01   1.113301371932e-01
  1.953015482059e-01  -1.290530387380e-01   4.293158750935e-01   9.210964395849e-02   1.568498667318e-01
 -7.350551913924e-02   6.103382687379e-01   1.825620309312e+00   1.052173992927e-01  -7.610422842656e-02
  8.707183718332e-01   2.620732588765e-01   1.032745455715e+00  -6.608345598891e-02   4.066538241528e-01
  4.312318011591e-01   5.406062731685e-01   1.638583834909e+00   2.554702995475e-02   2.822349004210e-01
  9.025393926349e-01   2.343154505893e-01   9.587718942622e-01  -6.396060936514e-02   4.122071126578e-01
 -3.502832790125e-01   2.602114428738e-02  -3.828641341794e-01  -3.499129674560e-02  -4.821779407168e-01
  8.676964849815e-02  -1.315105265207e-02   8.336068909721e-02   1.164418583415e-02   7.700462638942e-02
  7.660660293645e-01   3.174291732337e-01   1.196481608351e+00  -6.682566169823e-02   3.857909758860e-01
  5.990392091202e-01   1.243376517094e+00   9.766431250732e-01  -8.603553890776e-02   3.424139983221e-01
 -1.601401676337e-01  -3.208297150095e-01   1.502330870381e+00   1.615472011976e-01  -1.808045380706e-01
  6.007030195012e-01   1.085564573290e-01   5.649028053978e-01  -5.419762921222e-02   3.429185613159e-01
 -3.009426123574e-01   1.579054968521e-01   2.690967252171e-01  -1.716208153260e-01  -3.930738644740e-01
  9.255722512330e-01   1.003494756206e+00   5.902682516637e-01  -1.380214036064e-03   4.160194614367e-01
 -3.827370575329e-01   7.690622876846e-01   8.272135956829e-01   2.202172149348e-01  -5.455794816956e-01
 -3.976596561439e-01   4.519333378203e-01   2.400633386930e+00  -6.693005191671e-02  -5.760901989791e-01
  6.687891457262e-01   1.406511942637e+00   1.436921388828e+00  -4.461981423999e-02   3.622377094132e-01
  8.484719561917e-02  -3.208425729809e-01   1.396757047428e+00   1.275686404899e-01   7.543431300468e-02
 -4.437917543536e-02   6.315973313384e-01   1.706788603487e+00   1.177920789751e-01  -4.465257797823e-02
  9.609173336623e-01   7.139567901148e-01   1.088939653041e+00   5.920490241439e-02   4.215502642897e-01
 -4.535427182005e-01   8.909554705262e-01  -1.988170258352e-01   1.502680775605e-01  -6.984725027188e-01
  3.166215307472e-01   2.379186519256e-01   9.441070482284e-01  -1.127214977434e-01   2.284011705813e-01
 -2.464479683255e-01   9.988854036851e-01  -2.680589892177e-01   1.362147977747e-03  -3.040262329083e-01
 -1.825443517007e-01   1.099536593532e+00   3.333277962274e-02  -1.070672299607e-01  -2.108481852281e-01
  8.099612427161e-01  -2.799689806354e-01   1.085758132587e+00   6.902841423177e-02   3.950563939375e-01
  2.793720361128e-01  -3.015307794465e-01   1.243053300197e+00   1.110904484405e-01   2.081839079241e-01
  9.804198263312e-01   1.115815476498e+00   7.097303486865e-01  -3.965935530318e-02   4.244445046130e-01
  4.447073532149e-01  -3.222237944803e-01   1.285574707203e+00   8.980641051478e-02   2.878182783219e-01
  9.221334652939e-01   1.142292066668e+00   7.424867965637e-01  -4.917030277333e-02   4.154609732225e-01
  2.518882763200e-01   3.116742747088e-01   1.296437111340e+00  -1.114025014441e-01   1.923083302186e-01
  7.098299388675e-01   1.295406778225e+00   1.142002353505e+00  -7.426137363016e-02   3.727155538727e-01
  3.469752415716e-01   1.084628093648e+00   3.830555401355e-01  -5.566564867227e-02   2.438354831154e-01
 -2.285619847943e-01   7.122680746550e-01   1.292736506299e+00   1.858332107466e-01  -2.767798692258e-01
 -3.808342814921e-01   9.293246710727e-01  -3.034391419120e-01   9.511667116129e-02  -5.417517746297e-01
 -5.099336652230e-02   5.754937767425e-01   1.934404341136e+00   7.358757103335e-02  -5.164065558106e-02
  3.063927278199e-01   3.007427906130e-01   1.233309065948e+00  -1.084133981016e-01   2.229932400812e-01
  5.328231186329e-01   8.104803183032e-01   7.780378036950e-01   8.523657199939e-02   3.209613662068e-01
  2.877788533312e-01   2.183153265999e-02   2.493245069269e-01  -1.589397468851e-02   2.128743855582e-01
  2.644365387290e-01   1.921467599572e-01   7.244364885642e-01  -1.111100759281e-01   1.996610497795e-01
  8.510126399992e-01   4.518735740837e-01   1.420383189350e+00  -2.011481232121e-02   4.030401157197e-01
 -3.077994480459e-01  -8.453379159142e-02  -1.599825378392e-01   1.045210213225e-01  -4.049554478092e-01
 -4.371143421487e-01   2.779938091255e-01   1.266657137311e+00  -2.301337678893e-01  -6.611169704662e-01
  7.450877344707e-01   4.686712578486e-01   1.478273985256e+00  -1.462986846131e-02   3.810782657880e-01
 -7.060240938100e-02   1.346256488904e+00   1.608630588245e+00  -1.350605644297e-01  -7.288953085484e-02
  2.459880800054e-01  -4.655554031301e-01   1.770532829888e+00   2.598531760889e-02   1.887891283687e-01
  3.227823601526e-01   6.144961007445e-01   1.551104935028e+00   7.404952621588e-02   2.316073007929e-01
  1.232635516924e-01  -3.621010347003e-01   1.575009317799e+00   1.037914608262e-01   1.057363162108e-01
  9.076094729721e-01   5.045067988710e-01   1.416819906769e+00   1.810893296725e-03   4.130608886907e-01
  7.644503434436e-01   1.464300364017e+00   1.466684176221e+00  -1.633117390177e-02   3.854347512895e-01
  5.717856272828e-01  -2.674811426073e-01   1.063176683199e+00   8.786906210024e-02   3.339145997807e-01
  4.989978479352e-01   5.923428125822e-01   1.517051125738e+00   5.198317765565e-02   3.088995543289e-01
  3.308946498610e-01   2.731080244613e-01   1.105176983462e+00  -1.103294462854e-01   2.357713257488e-01
  7.265398400718e-01   1.322779403714e+00   1.219206922914e+00  -6.832889234291e-02   3.767498171218e-01
 -1.970105712036e-01  -2.454986796021e-01   9.658083454397e-01   1.853808050494e-01  -2.309479465251e-01
  7.688199620711e-01  -1.848610673639e-02   5.265475492525e-01   8.473077490338e-03   3.863956087224e-01
 -1.121590129939e-01  -3.043280147448e-01   1.372975588543e+00   1.610328547091e-01  -1.206656150668e-01
  6.110589794056e-01   9.031906196197e-01   5.445988388400e-01   4.864085666550e-02   3.460229644135e-01
 -6.352729154441e-02   2.815284836785e-01   1.209231886350e+00  -1.598790369473e-01  -6.512997643129e-02
 -5.820537579308e-02   7.664723776792e-02   6.260440329707e-02  -7.514483161760e-02  -5.936256549876e-02
  8.775681635093e-01   1.206358995980e+00   8.837708929437e-01  -6.337834225533e-02   4.078781590066e-01
  2.431648665572e-01   7.069974482755e-01   1.211154809470e+00   1.169377918070e-01   1.870909989588e-01
 -1.624779738602e-01  -1.830852682801e-01   5.226519196685e-01   1.637619925472e-01  -1.838792181088e-01
  6.169539889534e-01   3.151761642300e-01   1.219703544574e+00  -7.763796470840e-02   3.477626292658e-01
  2.368549818335e-01   6.944362858794e-01   1.272256248858e+00   1.147157331154e-01   1.832621056225e-01
  6.751227280723e-01   7.133473085930e-01   1.119088361900e+00   7.790935895143e-02   3.639092683582e-01
  9.932505885378e-01   6.168229876104e-01   1.285079998681e+00   3.944956151924e-02   4.262901549544e-01
  7.843986473434e-01   4.227404116255e-01   1.415313418058e+00  -3.360561443968e-02   3.897561710070e-01
  1.070198193787e-01   1.495717306448e-01   4.678552323934e-01  -1.117103949986e-01   9.319684471996e-02
  1.367333999897e-01   2.624265319140e-01   1.068368976481e+00  -1.340373269839e-01   1.158407977775e-01
 -4.620777326949e-01   4.397612578093e-01   2.450512246919e+00  -8.847451939383e-02  -7.183517376676e-01
  1.480641656764e-01   1.446022639982e-01   4.668881141186e-01  -1.048761367421e-01   1.241398174884e-01
  2.191530472533e-01  -2.271618466318e-01   8.842226796060e-01   1.229044519857e-01   1.722684774557e-01
 -3.891372485996e-01  -4.521481739246e-01   2.389759486718e+00   6.609489648734e-02  -5.585578965708e-01
  7.044695015109e-01   2.474849399749e-01   9.919858695078e-01  -7.778078024411e-02   3.713936154807e-01
  9.984017245437e-01   2.646020654151e-01   1.035003095599e+00  -5.835412832792e-02   4.270183780206e-01
  3.006105857698e-01  -4.457711397634e-01   1.705450746706e+00   3.836496006236e-02   2.198887405619e-01
 -4.804946265417e-01  -3.706215435547e-01   2.092224890662e+00   1.770108332925e-01  -7.623778502040e-01
  5.066215042385e-01   3.028781767797e-02   3.973808354289e-01  -1.780567965518e-02   3.116871397316e-01
  7.963101626749e-01   7.302702204295e-01   1.057397873493e+00   7.065473510847e-02   3.922584483044e-01
  6.170299490345e-03   2.253968025383e-01   8.469413922146e-01  -1.506564531203e-01   5.911345891423e-03
  8.613413693984e-01   8.049677550256e-01   8.523928745498e-01   6.292663414555e-02   4.049513469133e-01
  2.065118243665e-01  -1.273693112636e-01   4.291952547888e-01   9.019869960072e-02   1.641849834327e-01
  2.219854750510e-01  -4.882998401719e-01   1.805218979707e+00   9.095975355422e-03   1.740528364067e-01
 -1.040363405741e-01   8.499482182361e-01   3.505163008220e-01   1.372096480520e-01  -1.110239627978e-01
  8.107680499475e-01   4.723150001421e-01   1.450869986136e+00  -1.215255386043e-02   3.952194655058e-01
 -2.793897891103e-01   9.771888507024e-01  -2.955724436427e-01   2.867854891960e-02  -3.567332699497e-01
  3.278069620012e-02  -6.277153102748e-02   1.054854097861e-01   5.710631536277e-02   3.061471873788e-02
  4.255197057847e-01   8.089412878122e-01   7.598258275763e-01   9.488366788068e-02   2.798240690777e-01
  6.482155453368e-01   1.275043786440e+00   1.083902973188e+00  -8.110963479924e-02   3.566649504455e-01
  8.713428536612e-01   4.359966080616e-01   1.397370122961e+00  -2.592361203166e-02   4.067661151950e-01
  7.177938701246e-01   1.205118325738e-02   5.007441274476e-01  -5.809571788327e-03   3.746544919885e-01
 -4.850073406020e-01   1.227034683636e-01  -1.446179863003e-01  -1.705712192134e-01  -7.734061219880e-01
  4.162769738613e-01   1.305509950114e+00   1.228811610371e+00  -9.651166110552e-02   2.758664445716e-01
  3.196554464695e-01   8.250731629399e-01   6.660761240544e-01   1.004080359821e-01   2.299847954528e-01
  6.032145246599e-01  -3.369889079038e-01   1.290621184170e+00   7.326960672229e-02   3.436771359408e-01
  4.833931688045e-01   4.834548565365e-03   3.726978950375e-01  -2.923656922104e-03   3.030643733046e-01
  9.224723927966e-01   1.305359397082e+00   1.140113500843e+00  -5.927373426935e-02   4.155161825341e-01
 -1.313668615360e-01   1.312976179043e-01   2.298329487989e-01  -1.278705142168e-01  -1.440750391105e-01
 -4.895507067396e-01   6.570362122986e-01   1.883916023505e+00   2.050938177516e-01  -7.846066319544e-01
 -4.286188837379e-01  -1.977563681592e-01   5.127151758651e-01   2.194556176784e-01  -6.422586931393e-01
 -4.395763373220e-01  -1.309933221001e-01  -3.868110534640e-02   1.717916482943e-01  -6.666400864591e-01
  4.607224025706e-01   5.664764258064e-01   1.586309385630e+00   3.991091162729e-02   2.942679939205e-01
 -4.748285710139e-01   9.036184423478e-01  -2.992715650850e-01   1.379796696996e-01  -7.486661608862e-01
  4.820016825713e-03  -4.229428119133e-01   1.880962308653e+00   7.106466989308e-02   4.623734001040e-03
  7.386660694766e-01   7.048780320264e-01   1.137267487060e+00   7.226381541118e-02   3.795971481725e-01
 -2.110128106144e-01   1.327413598321e+00   1.572867198711e+00  -1.661731841279e-01  -2.509441641185e-01
  2.111662301318e-01  -2.752941245953e-01   1.129117976219e+00   1.235632365900e-01   1.671842001483e-01
  5.228267435626e-03   1.154997483966e+00   4.407286553738e-01  -1.262220239050e-01   5.013389941987e-03
  5.921362309064e-01   5.424864137713e-01   1.545131482712e+00   2.286666326351e-02   3.403032488434e-01
 -3.266031628946e-01   7.870009440072e-02  -2.058303217721e-01  -9.972152396843e-02  -4.383561035860e-01
  4.638820607556e-01   1.173741919385e+00   7.051760969507e-01  -8.704388657584e-02   2.955171315584e-01
  9.044586476966e-01   5.217180564072e-01   1.414367101422e+00   8.727177028524e-03   4.125312873457e-01
  6.864119190734e-02   8.891726962706e-01   2.819196463158e-01   9.208599058788e-02   6.196294855620e-02
  4.885262169948e-01  -5.968843051126e-02   4.189106277696e-01   3.508732456262e-02   3.050032183670e-01
  6.994649236478e-01   1.412380906732e+00   1.434317559411e+00  -4.089179224402e-02   3.701470461400e-01
  7.765364669053e-01  -1.927738756520e-01   8.335214019768e-01   6.793014894379e-02   3.880727905911e-01
  9.991004879082e-01   2.536900486824e-01   1.008851203825e+00  -5.854540440154e-02   4.271166073844e-01
 -2.729792829168e-01   1.094890297577e+00  -7.647964704898e-02  -1.120456268147e-01  -3.462124946424e-01
  1.206016475020e-01   6.413590567258e-01   1.561602250052e+00   1.059556948413e-01   1.037082415923e-01
  8.834934328308e-01   1.399035860677e+00   1.343755987548e+00  -3.879836517542e-02   4.089242830522e-01
 -4.128614313035e-01   6.708904996918e-01   1.709867791430e+00   2.007083422184e-01  -6.080873493862e-01
  4.489543080580e-01   9.990159085878e-01   3.512413981312e-01   6.152962040793e-04   2.895480922890e-01
 -3.601563334323e-01  -5.492906833882e-02  -3.315168058644e-01   7.342576966884e-02  -5.010478896483e-01
  9.184514659088e-01   4.558359035837e-01   1.396866991309e+00  -1.733908871959e-02   4.148588670449e-01
  9.533850199038e-01   4.177811174102e-01   1.346925002122e+00  -3.022758332770e-02   4.204029921275e-01
 -3.201965092603e-01   1.387443255171e-01   1.238982735206e-01  -1.598528078429e-01  -4.268398736771e-01
 -5.496176958809e-03   1.813023888478e-01   5.794173277680e-01  -1.400557260137e-01  -5.325044941429e-03
  3.938783937934e-02   3.102130341816e-02   5.547830901379e-02  -2.860099462171e-02   3.655450536831e-02
 -4.373917907164e-01   7.878036946111e-01   6.413327309048e-01   2.272380717049e-01  -6.617380750236e-01
 -1.953928238115e-01   1.205693561901e+00   6.682554991809e-01  -1.780372286600e-01  -2.286722709057e-01
  5.314791850360e-02  -2.276002242467e-01   8.667264683282e-01   1.442845259575e-01   4.868457259362e-02
  4.513021030234e-01   1.813149476741e-01   7.292394887437e-01  -9.018306914082e-02   2.904983050688e-01
 -4.422930751764e-01   8.147667761678e-01   3.938233986577e-01   2.157258644541e-01  -6.727651744777e-01
  1.648520744595e-01   8.513395738679e-01   4.927672280197e-01   1.052107588966e-01   1.361073733030e-01
  5.550450788103e-01   1.242890928469e+00   9.738461419676e-01  -8.974996800453e-02   3.284681084616e-01
  7.709966020245e-01   7.735875705979e-01   9.297617657301e-01   7.215968774453e-02   3.868712298445e-01
  9.609386520516e-01  -3.143768634227e-01   1.155884697887e+00   5.585223236198e-02   4.215534877852e-01
  1.520664399111e-01   9.869437029684e-01   1.392242453709e-01   1.085540280536e-02   1.270281635435e-01
 -1.452132223540e-02   4.488392924191e-01   1.962148888178e+00  -4.914385421958e-02  -1.419248120536e-02
  9.349400883923e-02   1.476722359065e+00   1.904079499701e+00  -2.042762975970e-02   8.245172576924e-02
 -4.532195178134e-01  -9.908269225012e-02  -2.573582256005e-01   1.384288105742e-01  -6.977261316367e-01
 -3.533804381770e-01   7.223325639075e-01   1.243145119671e+00   2.123689878589e-01  -4.880587998704e-01
 -4.832548892767e-01   3.224797301665e-01   1.700720283742e+00  -2.194633517767e-01  -7.691120457955e-01
 -2.425370215555e-01   5.950370744430e-01   2.044701556437e+00   1.089539602904e-01  -2.979880486474e-01
  4.229154692001e-01   4.078039480370e-01   1.556723798710e+00  -5.585927551766e-02   2.787160917990e-01
 -4.866012836203e-01   1.092004204537e+00  -3.386205125419e-01  -1.339583068392e-01  -7.773244172772e-01
  1.947084526061e-01  -3.630268942823e-01   1.540415150483e+00   9.640487789575e-02   1.564573598626e-01
  5.539682828372e-01   1.401384386484e+00   1.477326334670e+00  -5.222634677376e-02   3.281117236450e-01
  7.520491734730e-01   1.176253648536e-01   6.419566919725e-01  -5.005079488812e-02   3.826633047742e-01
 -2.365784611670e-01   1.491557788751e+00   2.254318958708e+00  -1.021484824397e-02  -2.888755745677e-01
  6.496249708450e-01   3.670279066413e-01   1.358677766859e+00  -6.082266135051e-02   3.570538118820e-01
 -2.107839511059e-01   1.019106018193e+00  -2.164272352729e-01  -2.250659161219e-02  -2.506129788977e-01
  3.458540795663e-01   1.080084366498e+00   3.722695092092e-01  -5.299898321372e-02   2.432813082640e-01
 -2.870338059905e-01  -1.915830044102e-01   5.267826969267e-01   1.887910894488e-01  -3.694495682050e-01
  9.195100565573e-01   4.115205477871e-01   1.350153332298e+00  -3.336863963258e-02   4.150324130452e-01
 -3.264021130311e-01  -1.669999802393e-01   3.176526278052e-01   1.821584963250e-01  -4.379925424554e-01
 -1.355308741068e-01   1.244458195383e+00   9.603293439063e-01  -1.746799251504e-01  -1.492652215937e-01
 -3.701453606718e-01   4.239952788901e-01   2.268809236591e+00  -1.007139084316e-01  -5.205084689841e-01
  2.617382576483e-01  -4.663319333625e-01   1.759730260076e+00   2.502560075548e-02   1.980949521947e-01
 -3.174580292956e-01   8.368929375824e-01   2.949150404848e-01   1.780032769383e-01  -4.219605601645e-01
  3.448325235108e-01   9.707818446205e-03   2.840826100862e-01  -6.706312010537e-03   2.427753234780e-01
  1.278963460126e-01   2.076158508571e-01   7.673478055138e-01  -1.308169589049e-01   1.092412701931e-01
  3.580038911799e-01   9.911151628818e-01   2.928990908312e-01   6.060974757124e-03   2.492234336964e-01
 -3.942111200198e-01  -3.434930255860e-03  -4.618230531783e-01   4.839943569028e-03  -5.689611597333e-01
  6.867443119745e-02   9.810282597263e-01   7.068348765151e-02   1.707240934174e-02   6.199101186018e-02
  6.830818671291e-01   1.115905386930e+00   6.136037225947e-01  -5.285315212516e-02   3.659811156901e-01
  3.959545712525e-02  -2.879116568100e-01   1.227125104313e+00   1.434722766290e-01   3.673992954821e-02
 -5.614254101480e-03   1.319804282770e+00   1.426970241640e+00  -1.396196609513e-01  -5.440065694287e-03
  2.240920615708e-01   1.306936765258e+00   1.282147457220e+00  -1.157664235188e-01   1.753736308253e-01
 -4.086481168836e-02  -1.437401870751e-01   3.559873821728e-01   1.252875636828e-01  -4.097564001402e-02
  4.817270905585e-01  -7.373764202924e-02   4.376672972329e-01   4.308975184340e-02   3.024309306158e-01
  6.016415946485e-01   9.802469686722e-01   4.443119155317e-01   1.063317451685e-02   3.432024782309e-01
  3.272438911962e-01  -7.962384011943e-02   3.598941094868e-01   5.367424453028e-02   2.339054526349e-01
 -3.266909048508e-01   6.799553227884e-01   1.583685739347e+00   1.901183397200e-01  -4.385148126925e-01
 -7.414417037159e-02   1.141656069519e+00   3.240098841192e-01  -1.280242596117e-01  -7.681384259156e-02
  6.192538425342e-01  -3.244848580062e-01   1.248364709405e+00   7.536809854468e-02   3.484359924167e-01
 -4.889373955031e-01  -2.033374588511e-01   5.370312126452e-01   2.352252520237e-01  -7.830889368527e-01
  1.626816893743e-01   9.487154481378e-01   1.891103129574e-01   4.152550329732e-02   1.345818849257e-01
 -3.347254667991e-01   8.368524764008e-01   2.833833184148e-01   1.810182226611e-01  -4.531622161448e-01
  9.740986322539e-01  -1.039464794325e-01   6.893861780379e-01   3.645331142399e-02   4.235183068837e-01
  6.143512860418e-01  -3.137911690790e-01   1.215831221483e+00   7.812399157257e-02   3.469969871624e-01
  4.890059991786e-01  -3.012991601270e-01   1.197729694254e+00   9.081270283699e-02   3.051834623974e-01
  9.351247935887e-01   8.232904595762e-01   8.195428068207e-01   5.579724155133e-02   4.175515917241e-01
  6.807584012796e-01   9.743962747297e-01   4.878156849786e-01   1.274849395405e-02   3.653795746527e-01
  7.285402254751e-01   1.000085665609e+00   5.044682736127e-01  -4.091081619665e-05   3.772241185017e-01
  8.976392536273e-01   1.190103994479e-01   6.913086036965e-01  -4.391224100158e-02   4.113739871872e-01
  9.685482359934e-01   1.070164613986e+00   6.443926186446e-01  -2.573563827488e-02   4.226956915833e-01
 -4.436189936329e-01  -4.407983217134e-01   2.428598643246e+00   8.548852153706e-02  -6.757662234346e-01
 -3.707244322524e-01   5.437173014233e-01   2.375850884830e+00   5.947083059294e-02  -5.216481449285e-01
  9.473394435711e-01   1.403230757611e+00   1.329398134342e+00  -3.516370589294e-02   4.194700442235e-01
  6.668371525391e-01   1.479937689485e+00   1.521720075260e+00  -1.014115671929e-02   3.617184121475e-01
  4.176618198285e-01   1.303007379768e+00   1.218597931043e+00  -9.692212008833e-02   2.764639185320e-01
  9.557810338901e-01   9.159470088617e-01   6.561639225735e-01   3.076766010240e-02   4.207697451976e-01
  2.305414435584e-01   7.409056264494e-01   1.045732381223e+00   1.226248185629e-01   1.793841024313e-01
 -2.437042306814e-01  -4.117608145065e-01   2.075288502745e+00   1.021272292017e-01  -2.997853620415e-01
 -2.640829499618e-01   8.750185045506e-01   8.784914405569e-02   1.398768820178e-01  -3.318257553651e-01
  3.601798745574e-01  -4.143504785363e-01   1.606830857123e+00   5.556024409795e-02   2.502730298180e-01
  9.335998658247e-01   3.721106699467e-01   1.282293077294e+00  -4.490063570435e-02   4.173088971407e-01
  1.746014911810e-01   1.839267973087e-01   6.591379020869e-01  -1.186175243525e-01   1.428817261664e-01
  4.103688868390e-01   3.522770680908e-01   1.403538678039e+00  -8.267921711776e-02   2.732994848776e-01
 -2.405201582776e-01  -1.180489748719e-01   7.035662836831e-02   1.306510935171e-01  -2.948919193262e-01
  3.723773994930e-02  -8.030311032709e-02   1.554708685697e-01   7.153534445087e-02   3.462987398525e-02
  5.905830595702e-01   1.305461329280e+00   1.193267004377e+00  -8.159671781293e-02   3.398244470027e-01
  1.165057263066e-01   9.379925955677e-01   1.731884411617e-01   5.207117577770e-02   1.005672105920e-01
  1.026062365523e-01   2.214062021066e-01   8.381296531807e-01  -1.367060225605e-01   8.972136849592e-02
  1.781717644452e-01   8.953980344204e-01   3.332249689616e-01   7.892193497991e-02   1.453308468505e-01
 -4.158819084123e-01   1.238441846370e+00   8.916690053583e-01  -2.284021756984e-01  -6.145573526038e-01
 -2.411796802461e-01   1.305843802392e+00   1.433662367145e+00  -1.817289296389e-01  -2.959030412902e-01
  4.159027211831e-01   2.972680448593e-02   3.418799329725e-01  -1.907679145882e-02   2.757047041486e-01
  2.087268636486e-01  -4.978244983276e-02   2.218976656405e-01   3.859839823406e-02   1.656156713257e-01
  2.141218943929e-01   5.683428015411e-01   1.739681446882e+00   5.195208020666e-02   1.690748567857e-01
  7.846809485293e-01  -8.587781630437e-02   5.972630687441e-01   3.699408882753e-02   3.898161416860e-01
  3.619448045067e-01  -2.978845294015e-01   1.209079802689e+00   1.033543925020e-01   2.511211249090e-01
  2.400130095997e-01  -3.314656792554e-01   1.388655490689e+00   1.061101227096e-01   1.851842454689e-01
  1.907710105943e-01  -3.153202892679e-01   1.331985947971e+00   1.170256110006e-01   1.538401774514e-01
  2.092804619427e-01   1.450381747932e-01   4.991974400684e-01  -9.907853851641e-02   1.659722859080e-01
  1.681467285461e-01   1.050538654988e+00   1.921166719722e-01  -4.072707002100e-02   1.384109091062e-01
  8.123072054381e-01   6.952095446302e-01   1.154270681681e+00   6.599809208146e-02   3.955298565494e-01
 -2.876768753033e-01   1.383343420586e-01   1.483309377246e-01  -1.545846383876e-01  -3.705279225437e-01
  5.975297958153e-01  -4.914749526823e-01   1.561412722969e+00   4.616946149396e-03   3.419548554465e-01
 -3.734192246370e-01  -1.446168807555e-01   1.188849528352e-01   1.733696967597e-01  -5.269685558193e-01
  8.081970364384e-01   2.815059118819e-01   1.090253310228e+00  -6.901541530744e-02   3.946989284772e-01
 -4.591002648399e-01   1.475486236440e+00   2.538094885724e+00  -3.662745348244e-02  -7.113796268822e-01
 -1.587946681361e-01   1.207137864534e+00   6.899339516233e-01  -1.723057883402e-01  -1.790412101905e-01
  4.966989770812e-01   1.136862410624e+00   5.957209049098e-01  -7.201812661480e-02   3.080509036931e-01
 -8.442168609183e-02   4.912421931257e-01   2.083120098211e+00  -9.151046474339e-03  -8.835429079594e-02
  6.834836809433e-01   1.055718761452e+00   5.138690373379e-01  -2.722597251819e-02   3.660848715944e-01
  2.608964323157e-01   2.136343563907e-02   2.293126941682e-01  -1.596352507420e-02   1.976046826884e-01
 -3.264185017737e-01   2.694803834847e-01   1.167229920245e+00  -2.085165203334e-01  -4.380221731618e-01
  5.516392772877e-01   6.210683833203e-01   1.425662676419e+00   6.214129207927e-02   3.273383629978e-01
  1.062508020518e-01   1.453492448541e+00   1.864404024449e+00  -3.988542384340e-02   9.259340697282e-02
  1.812085697272e-01   1.372890136873e+00   1.585876882296e+00  -9.227893255931e-02   1.474007978431e-01
 -4.060415377047e-01   9.294613772343e-01  -3.360369335276e-01   9.727967450901e-02  -5.936166207024e-01
  9.753460179055e-01   1.223654228790e+00   9.356309344180e-01  -5.909820391913e-02   4.237019718732e-01
  2.336202528277e-02   1.344278680695e+00   1.545898854105e+00  -1.244174000271e-01   2.201553283004e-02
 -2.081479324323e-01   1.212408342883e+00   7.140135545703e-01  -1.822516167318e-01  -2.468088795838e-01
  5.084213087048e-02   1.331964451482e+00   1.468981242609e+00  -1.271060765862e-01   4.667429955081e-02
  9.918980072804e-01   3.994432898914e-01   1.310237102800e+00  -3.482780005119e-02   4.260977371605e-01
 -3.495256926211e-01   1.125728942282e+00   1.422054904685e-02  -1.525942905941e-01  -4.807447782721e-01
  5.922766693886e-01   3.096279653489e-03   4.350343184905e-01  -1.686076097213e-03   3.403464717089e-01
  9.209816803836e-01  -4.239606445007e-02   6.028713035171e-01   1.662122171818e-02   4.152730844109e-01
  3.269462065739e-01   3.270790746725e-01   1.339751988889e+00  -9.905608515561e-02   2.337527287008e-01
  8.433311180898e-01   1.351547763875e+00   1.264240261687e+00  -5.465928861325e-02   4.015938485291e-01
  1.070654348404e-01  -2.286631254643e-01   8.794417258686e-01   1.371051543907e-01   9.323261047690e-02
 -4.830823546528e-01   1.338681133861e+00   1.842352572204e+00  -2.073706285192e-01  -7.686900635863e-01
  2.453964318238e-01   2.048403434385e-01   7.790077055640e-01  -1.162378414378e-01   1.884340239504e-01
 -3.823008983693e-01   1.078573464187e+00  -2.728711965324e-01  -1.050653577668e-01  -5.447008443902e-01
  4.737654997323e-01   8.188773141618e-01   7.343433024265e-01   8.820252840271e-02   2.993756894523e-01
 -2.334910002735e-01   8.995781410241e-02  -5.757503575261e-02  -1.028845703737e-01  -2.841948995020e-01
  1.466704440100e-01   1.476152053074e+00   1.858455281722e+00  -1.987907854773e-02   1.231287597294e-01
 -9.524808955756e-02   1.222207790743e+00   8.095594939787e-01  -1.655734111454e-01  -1.007608827649e-01
 -1.633286978894e-01   1.070071693712e+00  -5.884949412551e-02  -7.651402830421e-02  -1.850015320271e-01
  4.200297557246e-01  -2.255880462442e-01   8.980761413451e-01   1.011227849374e-01   2.774818463533e-01
  5.524291649106e-01  -2.686319241225e-01   1.068584732520e+00   8.944988415606e-02   3.276010391979e-01
  6.710904983404e-01   1.743588197759e-01   7.603482896506e-01  -7.143025063480e-02   3.628474439270e-01
  1.159959939251e-01   1.446223108009e+00   1.843668682897e+00  -4.546848324667e-02   1.001745752155e-01
 -4.128896439856e-01  -3.734799737468e-01   2.042584256318e+00   1.629999533587e-01  -6.081476081622e-01
  7.131839941548e-01   9.989375738864e-01   4.970912874922e-01   5.149374490413e-04   3.735357781238e-01
  1.307533378650e-01   1.255579869537e+00   1.030902135791e+00  -1.351409149997e-01   1.113871855094e-01
  2.594390464046e-01  -4.522685352726e-01   1.744014764980e+00   3.528965840009e-02   1.967540346953e-01
 -1.266853423093e-01   1.427738256828e+00   2.015386458490e+00  -7.600935715860e-02  -1.382893453541e-01
  2.027035355574e-01   2.685552939013e-01   1.095680274691e+00  -1.253086370737e-01   1.617108960282e-01
  7.805677953734e-01   6.076353777308e-01   1.367564452362e+00   4.524651100971e-02   3.889391294173e-01
  7.158817011112e-02   8.362689121147e-02   1.925713913323e-01  -7.180782010082e-02   6.444405290937e-02
  5.282810893033e-01   1.133266280714e+00   5.976505175792e-01  -6.848229909438e-02   3.193870598259e-01
 -2.801883401615e-03  -1.755021484687e-02   3.386201452907e-03   1.692523778305e-02  -2.707593336904e-03
  5.477540585725e-02   2.818289170511e-01   1.188441628652e+00  -1.425971658335e-01   5.009810876209e-02
  9.139047292798e-02   1.321909029737e+00   1.399792006746e+00  -1.263586595440e-01   8.075532884702e-02
 -4.259764102277e-02  -2.315876752858e-01   8.797324571018e-01   1.587437517517e-01  -4.278551717265e-02
  5.882472489221e-01  -4.144607546710e-01   1.487293004768e+00   4.454538040961e-02   3.391016738616e-01
  3.673498300231e-01  -2.928522589490e-01   1.186698253248e+00   1.037745833422e-01   2.537005066134e-01
  4.862918509461e-01   1.417296896769e+00   1.543228941173e+00  -4.766743796207e-02   3.041616150935e-01
 -2.625551827932e-01   1.234468008184e-01   8.045298247267e-02  -1.383174808290e-01  -3.293798459102e-01
  4.799066193281e-01   1.083942459077e+00   4.558693775404e-01  -4.861306025368e-02   3.017364580795e-01
  7.241886842960e-01  -4.484718937117e-01   1.471761117324e+00   2.428193456156e-02   3.761900033946e-01
 -4.162142937295e-01   1.241008357879e+00   9.156678538089e-01  -2.287136717460e-01  -6.152716408507e-01
 -3.314962519566e-01   1.480379670552e+00   2.365961122365e+00  -2.596047673793e-02  -4.472479208289e-01
  2.791623833756e-01  -3.143544649434e-01   1.300618868287e+00   1.077512321000e-01   2.080659607196e-01
  5.286962313338e-01  -4.008032495463e-01   1.487817496644e+00   5.378754048599e-02   3.195315245952e-01
  2.910464729801e-01   4.704975920831e-01   1.742469533027e+00  -2.135555532080e-02   2.146770987088e-01
  6.634807899386e-01  -3.669049978298e-01   1.353617756941e+00   6.005777454123e-02   3.608209236110e-01
  8.920988670068e-01   1.242486515920e+00   9.800255684603e-01  -6.485010038190e-02   4.104224793151e-01
 -2.499671871951e-01   8.530662928873e-01   2.324107418948e-01   1.556530237546e-01  -3.094986654121e-01
  1.163892489261e-01  -4.220871860249e-01   1.788904453147e+00   6.447145337887e-02   1.004775246888e-01
  9.076805459604e-02   5.940034257906e-01   1.761014268941e+00   7.826393707402e-02   8.025205937215e-02
  2.910957236601e-01   1.258281216856e+00   1.039286265000e+00  -1.157057115539e-01   2.147041830561e-01
 -3.297081405487e-01   1.147873729413e+00   1.775828886845e-01  -1.688345302638e-01  -4.439888022185e-01
  5.249264044872e-01  -4.228112534095e-01   1.533432248279e+00   4.311680657224e-02   3.182154161259e-01
  1.422258065529e-01   6.241750634740e-01   1.619720994602e+00   9.407501465155e-02   1.198862515286e-01
  6.460704887220e-01   1.627924606373e-01   7.205081730260e-01  -7.024624166862e-02   3.560710968334e-01
 -3.932953955448e-01   1.048766108918e+00  -3.928315828440e-01  -6.758867111243e-02  -5.670760629359e-01
 -3.916820922278e-01   9.316524527206e-01  -3.261613239900e-01   9.315127076526e-02  -5.637630245979e-01
  3.028746414905e-01  -1.776509434765e-01   6.720682093650e-01   1.029210339673e-01   2.211084616523e-01
 -1.768470742499e-01   9.588397643524e-01  -1.463851625814e-01   4.651626560028e-02  -2.030847853416e-01
  6.259890509581e-01   1.473151149086e+00   1.539243386910e+00  -1.408698396342e-02   3.503908777691e-01
 -4.691895333570e-01   1.254610119674e+00   1.045520738552e+00  -2.409772288819e-01  -7.351677265830e-01
  2.385262725092e-01   9.161969883502e-01   3.130048818827e-01   6.125310129378e-02   1.842807974332e-01
  2.271043874978e-01   2.292231233109e-01   8.954143780767e-01  -1.221842356393e-01   1.772530155351e-01
 -7.466883926891e-02   9.600898009827e-01  -4.100350382467e-02   4.090113079255e-02  -7.739746335822e-02
  9.679980967270e-01   4.147492422551e-01   1.338309909846e+00  -3.079891543293e-02   4.226136759300e-01
  1.725663753598e-02   1.207616513285e+00   7.411736623930e-01  -1.455366862614e-01   1.635737498052e-02
 -4.632810472975e-02   1.045350946646e-01   1.718979289030e-01  -9.793207364581e-02  -4.670242639603e-02
  9.512010093370e-01  -2.454209403494e-01   9.884979902348e-01   6.130246927411e-02   4.200672111914e-01
  4.730922459783e-01  -1.994619684182e-01   8.020918691030e-01   9.236243501288e-02   2.991151735218e-01
  3.663982401542e-01   1.067668032370e+00   3.600466640085e-01  -4.444515004486e-02   2.532483365560e-01
  5.609398295126e-01   4.278522871951e-01   1.523575718707e+00  -3.912238448624e-02   3.304060271456e-01
  9.458335839521e-01  -1.813226552618e-01   8.319049655241e-01   5.599508772475e-02   4.192359651987e-01
 -3.316153848955e-01  -4.677727448695e-01   2.348440149680e+00   4.246276189707e-02  -4.474654590163e-01
  5.228131319217e-02   2.281692452744e-01   8.699819306060e-01  -1.444773038996e-01   4.793008097937e-02
 -1.030366451174e-01   1.293259694475e+00   1.296502373679e+00  -1.631780016892e-01  -1.098477179505e-01
 -1.978020216404e-01   7.854627402105e-01   7.326119390006e-01   1.810082399195e-01  -2.320638627719e-01
 -3.137530839826e-01   1.755187049396e-01   3.896512103231e-01  -1.852251306183e-01  -4.154000970357e-01
  3.476730025392e-01  -1.325003116628e-01   5.186015996883e-01   8.114815213716e-02   2.441797725983e-01
  2.687985281138e-01   1.105522927132e+00   3.917294086187e-01  -7.286238541858e-02   2.021756095846e-01
  1.009051790330e-01   5.484113034935e-01   1.865680139836e+00   4.168266288535e-02   8.837395718016e-02
 -3.774378522319e-01  -4.019427832580e-01   2.174182837139e+00   1.275213987842e-01  -5.349541659808e-01
 -3.198066508663e-01   8.992496193652e-01  -9.727822333176e-02   1.234973100067e-01  -4.261436663967e-01
 -4.653625451332e-01  -2.886396979814e-01   1.376456656836e+00   2.331468452949e-01  -7.260900982695e-01
  7.179625601596e-01   8.811315417945e-01   6.326444585710e-01   5.216398655340e-02   3.746952410608e-01
  7.997382509571e-01   1.353191251941e+00   1.279401057056e+00  -5.656504798479e-02   3.929680118947e-01
  3.232401302812e-01   5.088010464342e-02   3.047717665091e-01  -3.530156370356e-02   2.318440108385e-01
  6.448458450425e-01   1.723904188465e-01   7.483212347035e-01  -7.278811817945e-02   3.557309546001e-01
  3.305529547350e-01   1.344835786015e+00   1.408120714190e+00  -9.231669726286e-02   2.355972445460e-01
 -3.380775840719e-01   9.171808388039e-01  -2.018190685246e-01   1.056361200147e-01  -4.593406716385e-01
  2.455656496160e-01   1.003105578341e+00   2.108919026320e-01  -2.362078049329e-03   1.885356290140e-01
 -3.462878313576e-01  -4.602345415960e-01   2.352815404547e+00   5.295120846201e-02  -4.746430920093e-01
 -1.476179058910e-01   9.681935261837e-01  -1.299369098704e-01   3.510476083392e-02  -1.645690731695e-01
  8.323671411488e-01   6.000324072141e-02   5.831400993106e-01  -2.531701179711e-02   3.994921156908e-01
  9.651609846836e-01   1.026658129029e+00   6.110321725438e-01  -1.008769017932e-02   4.221893311764e-01
 -1.742849763582e-01   5.072856210848e-01   2.181656620039e+00   8.302741363519e-03  -1.996212340211e-01
  1.735109044605e-02   8.439420787273e-01   4.526563061901e-01   1.253180761838e-01   1.644541710343e-02
  1.355965188473e-01  -9.478210458830e-02   2.735633271508e-01   7.550075051556e-02   1.149980602094e-01
 -1.275611764569e-01   4.931899523697e-01   2.129776875378e+00  -7.419388644808e-03  -1.393677859406e-01
  5.923243022235e-01   2.400086407208e-01   9.645510424948e-01  -8.649843270740e-02   3.403611290481e-01
  4.090850201370e-01   9.211952511210e-01   4.067853375362e-01   4.913578784171e-02   2.727377905507e-01
 -4.087785445646e-01   2.493717179526e-01   9.941463533096e-01  -2.274416477540e-01  -5.994012719891e-01
 -4.641004488340e-01   1.059863216930e+00  -4.547022002132e-01  -8.812093357682e-02  -7.231110546362e-01
 -2.198814320114e-01  -3.399139759502e-01   1.661736478113e+00   1.601293915256e-01  -2.638912226601e-01
  8.898097102769e-01   6.665718304984e-01   1.212319831519e+00   5.632925639691e-02   4.100263626043e-01
  3.067027627599e-01   5.475944833856e-01   1.711074114992e+00   3.362441616273e-02   2.231587261257e-01
 -2.635866312815e-01   1.497344598845e+00   2.289029916532e+00  -3.299085471291e-03  -3.310303740328e-01
  5.985946153116e-01   3.435882994045e-01   1.311557189515e+00  -7.167720246496e-02   3.422788977247e-01
  2.767238238344e-01  -7.936711021911e-02   3.273655576741e-01   5.618586192968e-02   2.066905599023e-01
  4.871191683384e-01   1.144871431776e+00   6.163244124698e-01  -7.574218640646e-02   3.044736576832e-01
 -2.913679786995e-01   5.660589247330e-01   2.211758240581e+00   8.190318432663e-02  -3.767434052061e-01
  8.069913657707e-01   4.900462721528e-02   5.621599405666e-01  -2.135743869811e-02   3.944539339747e-01
 -2.625399260355e-01   1.305633040934e+00   1.441080154864e+00  -1.855984792882e-01  -3.293554566029e-01
  1.134978064314e-01   2.286744127257e-01   8.802497730883e-01  -1.362591526915e-01   9.824468949920e-02
  3.936726749549e-01   5.276704659227e-01   1.673957319980e+00   1.815582157169e-02   2.658852306490e-01
  8.099471215395e-01   1.342244785487e+00   1.250915358349e+00  -5.879521939233e-02   3.950535375120e-01
  7.008062014118e-01   1.364468733136e+00   1.335301840684e+00  -5.872988489084e-02   3.704823197855e-01
  2.901161410543e-01   7.036411157698e-01   1.217133485555e+00   1.110868241034e-01   2.141649994729e-01
  1.916973878090e-01  -9.417601168934e-02   3.100255976954e-01   7.112455679250e-02   1.544577201266e-01
 -1.984333201434e-01  -4.112533171468e-02  -1.705517109974e-01   4.745473033029e-02  -2.329551919205e-01
  3.980234312669e-01   8.312665329939e-01   6.669869154734e-01   9.118572354539e-02   2.678403081266e-01
  7.237069849027e-01   1.426603617678e+00   1.445838221415e+00  -3.398012407395e-02   3.760749965823e-01
  2.810353738039e-01  -2.633840968087e-01   1.064066406461e+00   1.165779004506e-01   2.091179873196e-01
 -1.940923011336e-01   3.124097956634e-01   1.460767380047e+00  -1.708969342094e-01  -2.268479716460e-01
  3.521163134582e-01   1.119496584418e+00   4.792641861197e-01  -7.453132089860e-02   2.463613634418e-01
 -2.852557885608e-01   1.464381060872e-01   2.025912990600e-01  -1.606575932812e-01  -3.664749819688e-01
  8.658094519172e-01   4.910757352146e-01   1.433445775109e+00  -3.731838574825e-03   4.057664049172e-01
  2.447477563605e-01  -3.915529731921e-01   1.613497354342e+00   7.631262871710e-02   1.880442263590e-01
  8.640079693276e-01  -1.281214138678e-01   6.985814050749e-01   4.808280617775e-02   4.054386266322e-01
  1.108497936897e-01   1.312059419504e+00   1.341609487257e+00  -1.274957684226e-01   9.618889068153e-02
  6.169807260129e-01   8.694652126807e-02   5.285320870602e-01  -4.396990786583e-02   3.477704746434e-01
  5.370827074459e-01   2.152699869837e-01   8.709856051058e-01  -8.924062384630e-02   3.224253050675e-01
  6.623834985181e-01  -4.029236774408e-01   1.432916619207e+00   4.640488158808e-02   3.605262471751e-01
  9.465597836589e-01   1.288537733729e+00   1.096301680867e+00  -5.980565074678e-02   4.193489344600e-01
  1.325399982672e-01   4.542534750289e-01   1.843981283172e+00  -3.826901909443e-02   1.127231707741e-01
  6.890834021406e-01   1.097200362678e+00   5.783109231941e-01  -4.527645688491e-02   3.675224930071e-01
  6.750290900477e-01  -8.160781168101e-03   4.789285350229e-01   4.101757701734e-03   3.638847037347e-01
  3.172631266991e-01   1.323889732073e+00   1.329806651628e+00  -1.010187417302e-01   2.287368394958e-01
 -1.367929661871e-03   9.086012595391e-01   1.593061781269e-01   8.343219878316e-02  -1.320068797340e-03
  8.398696564122e-01   8.885015516840e-01   6.597173593849e-01   4.401281832082e-02   4.009350972196e-01
  4.556185196356e-01   2.462005302279e-01   9.846126527741e-01  -9.884589539499e-02   2.922340889467e-01
  2.424945899345e-01   3.114482590465e-01   1.298091868339e+00  -1.124806596894e-01   1.866864763241e-01
 -8.083799540280e-03   1.175643172082e+00   5.460913858460e-01  -1.380175720003e-01  -7.851696614361e-03
  5.658434262945e-01   3.613015113768e-01   1.373124481717e+00  -6.804019626868e-02   3.320014085320e-01
 -1.896365984919e-01   2.096379138001e-01   6.987964385875e-01  -1.782518962311e-01  -2.206323249446e-01
 -3.647677875613e-01   1.761551964318e-01   3.639714174950e-01  -1.949509951746e-01  -5.099853558795e-01
  4.713127141958e-01   9.056468791187e-01   4.734063962623e-01   5.441336871632e-02   2.984249527266e-01
  3.657068018125e-01   1.841546263878e-01   7.173956056241e-01  -9.872695729404e-02   2.529192629087e-01
  6.735383147826e-01  -1.221683996432e-01   6.240169250900e-01   5.565341525233e-02   3.634930219762e-01
  5.545632703294e-01   9.774004688264e-01   4.199092665204e-01   1.272003233261e-02   3.283087367936e-01
 -1.460215444452e-01   8.163897403066e-01   5.336317501830e-01   1.614220983713e-01  -1.625273657754e-01
  6.198170609984e-01   2.359716541046e-01   9.515603335469e-01  -8.407528163104e-02   3.486004399554e-01
  4.021762425451e-01   1.874984976084e-01   7.402713743064e-01  -9.617543715494e-02   2.696912047005e-01
  5.373347710234e-01   4.073017748189e-01   1.497565701366e+00  -5.026816466212e-02   3.225115583839e-01
 -4.635298882420e-01   3.180485007542e-01   1.648177350349e+00  -2.181830858054e-01  -7.217666840420e-01
 -1.958676364703e-01   1.184910399463e-01   1.117835008012e-01  -1.255268808417e-01  -2.293394514977e-01
 -3.861900107005e-01   1.908355417285e-01   4.729760092679e-01  -2.073449036258e-01  -5.525615467544e-01
 -4.328617215104e-01  -4.630740623296e-01   2.476990385956e+00   5.352557944445e-02  -6.516383740058e-01
  7.433904933456e-01   1.321402373403e+00   1.211875571472e+00  -6.751191949730e-02   3.806885881581e-01
  5.587993444705e-01  -2.704905999640e-04   4.163997468494e-01   1.521346700437e-04   3.297048803737e-01
 -3.058108672311e-01   9.958660061122e-01  -3.423005261046e-01   5.349059222200e-03  -4.014934361946e-01
  4.233674668559e-01  -6.843494242825e-02   3.955639519050e-01   4.251796376523e-02   2.789087941320e-01
 -3.881321068758e-01   1.039786402229e+00  -4.084380725039e-01  -5.515864325041e-02  -5.565090406853e-01
  9.700013852995e-01   1.298447996046e+00   1.117689097667e+00  -5.745773315612e-02   4.229119116485e-01
  6.085220350825e-01   1.069201010328e+00   4.954669109462e-01  -3.594230634696e-02   3.452681863326e-01
  5.319792106156e-01   1.168282474144e-01   5.553506695178e-01  -6.153496140427e-02   3.206699019813e-01
 -4.774184050351e-01   1.184624779168e+00   3.673946930907e-01  -2.227842435601e-01  -7.549149061184e-01
  9.196232444713e-01  -2.611669504226e-01   1.028896971239e+00   6.306735761891e-02   4.150509481947e-01
  1.979456410186e-01   1.491432466170e+00   1.825127094911e+00  -6.819563735117e-03   1.585942615405e-01
 -6.903637859613e-02   1.302679612670e+00   1.347342698740e+00  -1.550377482269e-01  -7.116287409302e-02
  6.258018010026e-01   3.585124812573e-01   1.344784074761e+00  -6.515667972199e-02   3.503368709873e-01
  5.427229350666e-01   8.058529063808e-01   7.962398007351e-01   8.537185733288e-02   3.243453406229e-01
  8.675288994352e-01   2.752861036557e-01   1.068569561849e+00  -6.564082419203e-02   4.060781971838e-01
  8.598800132565e-01  -4.523033394156e-01   1.417155549658e+00   1.977094048596e-02   4.046832425069e-01
  2.444783908157e-01   5.563636355234e-01   1.741056209043e+00   4.202590868463e-02   1.878822178058e-01
  7.353900192409e-01   5.077374462291e-02   5.325671932911e-01  -2.368165593603e-02   3.788344558842e-01
  6.479531202546e-01   1.004988709927e+00   4.647118223844e-01  -2.574413470034e-03   3.565924304597e-01
 -1.026032370691e-01  -1.291886785603e-01   2.402106579775e-01   1.228411172962e-01  -1.093384725543e-01
 -4.689121828680e-01   1.134039462566e+00  -4.622046783618e-02  -1.798220014392e-01  -7.345075974221e-01
  7.124434633642e-01  -4.324743072422e-01   1.458656662284e+00   3.177819891068e-02   3.733551393791e-01
  8.867284067237e-01   1.346664718919e-01   7.179677517812e-01  -4.886119363417e-02   4.094904052953e-01
 -4.789492225134e-01   9.542340174984e-02  -3.098550733881e-01  -1.373216671075e-01  -7.586231534486e-01
  9.782312849091e-01  -4.339142515432e-01   1.356448263101e+00   2.410347366537e-02   4.241251102230e-01
  6.876866770401e-01   1.250255192490e+00   1.000826453148e+00  -7.905882764642e-02   3.671653616888e-01
 -1.518264737370e-01   1.440620548578e+00   2.077932890811e+00  -6.471727510397e-02  -1.699819389747e-01
 -2.336748953588e-03  -1.202430971413e-01   2.704366741139e-01   1.054063945031e-01  -2.257098923745e-03
 -4.067764816924e-01   1.453637807055e+00   2.417627203032e+00  -6.519580248525e-02  -5.951669255826e-01
  7.652378505732e-01   8.088099295429e-01   8.272516647067e-01   6.841359041651e-02   3.856085185503e-01
 -4.896380382382e-01   1.981628867966e-01   4.870777894838e-01  -2.329497871297e-01  -7.848228877480e-01
  9.728483108302e-01   9.135994599645e-02   6.711855829894e-01  -3.261478742691e-02   4.233337659492e-01
  7.494928183543e-02   1.117018094763e+00   3.100171842175e-01  -9.571588457620e-02   6.725667250369e-02
  4.475311652723e-02  -4.910262395858e-01   1.956264431434e+00   8.278910182749e-03   4.132251654125e-02
 -2.009129507675e-01  -4.000694452717e-01   1.982170336759e+00   1.093527117658e-01  -2.364666929360e-01
 -4.351086309293e-01   9.651944829498e-01  -4.847200071113e-01   5.061211513179e-02  -6.566367922744e-01
 -2.786803925357e-01   2.556353189453e-01   1.046307199510e+00  -2.005159219047e-01  -3.555626175410e-01
 -2.565672730519e-01  -4.634840064118e-02  -2.266020247314e-01   5.639290260031e-02  -3.198625179213e-01
  8.047948882772e-01  -1.896527467809e-01   8.295740118151e-01   6.560513110059e-02   3.940061396473e-01
 -3.871065250192e-01   1.372714319394e+00   2.011998467007e+00  -1.597481899625e-01  -5.544226074655e-01
  8.163529513099e-01   6.587949073951e-01   1.246877126491e+00   5.868198162378e-02   3.963413568427e-01
  2.100510807324e-01   1.396767026217e+00   1.650868919165e+00  -7.567813974306e-02   1.664680667271e-01
  7.537246475241e-01  -4.954312025321e-01   1.483450139715e+00   2.129281327715e-03   3.830416259124e-01
  5.148650464981e-01  -3.519424112072e-01   1.363853114025e+00   7.487587881676e-02   3.146556477830e-01
  5.912043732523e-01   2.397323428538e-01   9.635327517186e-01  -8.658226267580e-02   3.400161536853e-01
  3.020636788591e-02   1.360998934480e+00   1.623820505546e+00  -1.141952669320e-01   2.827985548792e-02
  3.246412405736e-01   4.181398348371e-01   1.636720932947e+00  -5.518673085134e-02   2.325672195543e-01
 -1.933677494505e-01  -3.369501618330e-01   1.625980374631e+00   1.579048421502e-01  -2.258335935695e-01
 -5.339957024473e-02   1.490702471429e+00   2.051014641240e+00  -9.428244718966e-03  -5.420505863226e-02
  6.203786048053e-01   6.620636273292e-01   1.288645335978e+00   7.180527960485e-02   3.487642208991e-01
  4.395133713166e-01   7.962040741651e-01   8.125931377184e-01   9.621863360233e-02   2.856833943995e-01
  5.607625703696e-01   1.269372809916e-01   5.931557693218e-01  -6.394140713467e-02   3.303480731507e-01
  5.145549805929e-02   1.994717848281e-01   7.029312237950e-01  -1.386688957474e-01   4.720992883060e-02
  3.431478815145e-02  -3.025453025706e-01   1.313641006702e+00   1.403802076950e-01   3.200060966767e-02
  6.003949546202e-01  -2.849886278051e-01   1.122267007413e+00   8.392789812920e-02   3.428252603512e-01
 -3.576019830946e-01   8.193199190205e-02  -2.285400187670e-01  -1.065938943874e-01  -4.961313814866e-01
  3.045749434210e-01   2.922939270101e-02   2.669132422439e-01  -2.088607428925e-02   2.220209767300e-01
  6.574783896859e-01   1.248847679956e+00   9.961579461204e-01  -8.139226591034e-02   3.592013386422e-01
  5.624969742462e-01  -3.792622307884e-01   1.422063685372e+00   6.136008761294e-02   3.309142777986e-01
  2.972893728361e-01   1.830356001534e-01   6.933070059996e-01  -1.051279405529e-01   2.180898355230e-01
  9.480917373639e-02  -2.347414993513e-01   9.126336660723e-01   1.393475017363e-01   8.350885160036e-02
  4.874276585901e-01   9.410325058589e-01   4.172637541857e-01   3.471996707779e-02   3.045898848724e-01
  7.395471544915e-01  -2.436437221843e-01   9.804236423499e-01   7.514471208559e-02   3.798014517590e-01
 -3.714610141530e-01   1.294150633039e+00   1.391747528480e+00  -2.110206519244e-01  -5.230996576626e-01
  6.521225112080e-01  -3.140557946379e-01   1.208932191058e+00   7.527810645723e-02   3.577402956944e-01
  9.030881292404e-01   9.477834598331e-01   6.035308774446e-01   2.069968722551e-02   4.122999202998e-01
  3.145037908078e-02   4.124986598225e-01   1.827180099391e+00  -7.775133648356e-02   2.940959485830e-02
  8.734126399363e-01  -2.393282758305e-01   9.711248291428e-01   6.595364679126e-02   4.071373283802e-01
 -4.825508412962e-01   5.648151924344e-01   2.461890237274e+00   9.672430344201e-02  -7.673909790826e-01
 -3.457225171930e-01   6.822672583859e-01   1.576089588813e+00   1.949416885472e-01  -4.735816677416e-01
  4.304072315940e-01   1.330350520892e+00   1.319458616834e+00  -8.866729049259e-02   2.818885219651e-01
  8.998737354606e-01  -8.384648923904e-02   6.368554456452e-01   3.239865531876e-02   4.117548716566e-01
  6.038166565557e-01   5.770115480235e-01   1.494668705529e+00   3.987571534875e-02   3.438584586778e-01
  3.441712801604e-01  -1.323872429291e-02   2.847730563265e-01   9.146467645703e-03   2.424472728572e-01
  4.869802816190e-01   1.341101847263e+00   1.338767669901e+00  -8.063887294742e-02   3.044213079764e-01
  5.507495771628e-01  -4.735817370040e-01   1.580062217550e+00   1.490573895247e-02   3.270420149532e-01
 -2.988594765475e-02   9.178334701742e-01   1.049196362074e-01   7.792865020751e-02  -2.964803303867e-02
  8.170999573064e-01  -2.805958761142e-01   1.086929982393e+00   6.850314924230e-02   3.964905012985e-01
  3.988144189762e-01  -4.572875720733e-02   3.470217253757e-01   2.959612660706e-02   2.681939923240e-01
  1.530121932090e-01   1.174899548828e+00   6.077693889295e-01  -1.178904288202e-01   1.277074426345e-01
 -4.251553902821e-01   1.679554696456e-01   2.573763295611e-01  -2.010342270037e-01  -6.346585785572e-01
  2.696496776338e-01   4.250232299502e-01   1.687150803719e+00  -5.368358110271e-02   2.026638121399e-01
  5.609770609244e-01   1.085452078963e+00   4.995672693297e-01  -4.568958201933e-02   3.304181972544e-01
 -2.046272935942e-01   1.299233792877e+00   1.370800682868e+00  -1.779535058646e-01  -2.417582170206e-01
  4.053676302234e-01   7.641961972644e-01   9.397287265143e-01   1.033676920831e-01   2.711035638624e-01
  9.162958537996e-01   6.666538582428e-01   1.206784256815e+00   5.492595897296e-02   4.145043780942e-01
  8.916141607466e-01   1.337900370714e+00   1.222167378193e+00  -5.529578816369e-02   4.103387513222e-01
 -2.361852789622e-02   3.846034663743e-01   1.765693033143e+00  -1.040629911194e-01  -2.328820018882e-02
 -3.034805227642e-04   1.470283796701e+00   1.982907252604e+00  -2.848093034457e-02  -2.925620433373e-04
  8.218596076047e-01  -1.835780119967e-01   8.164207687972e-01   6.350677170020e-02   3.974357688739e-01
  9.423140796098e-01  -2.271001301346e-01   9.421756951857e-01   6.121617960333e-02   4.186862173359e-01
  7.223770096330e-01   8.903344463793e-01   6.152447050668e-01   4.861320530083e-02   3.757569070284e-01
  4.366254779374e-02   1.377194485307e+00   1.687252856874e+00  -1.025460371222e-01   4.035733918720e-02
  1.770725115188e-01   3.696098880822e-01   1.575643689761e+00  -9.448722495139e-02   1.445785810047e-01
 -3.627207035621e-01   2.974579002252e-01   1.416724496677e+00  -2.079673576470e-01  -5.060080925445e-01
  4.645748883978e-01   8.824571261367e-01   5.274343408110e-01   6.599110794414e-02   2.957900182225e-01
  9.989873556677e-01   1.174946915288e-01   7.175738013649e-01  -3.941523498675e-02   4.271007126803e-01
 -5.416290485691e-02   8.243238426435e-01   5.256747673419e-01   1.442999087086e-01  -5.502106791115e-02
  4.848682485805e-03  -1.364287811408e-01   3.485001611987e-01   1.154204438542e-01   4.651104030813e-03
  1.255868671081e-01   4.006292714560e-01   1.718846233538e+00  -7.944409691976e-02   1.074979394095e-01
 -4.734201594713e-01   9.851658915138e-02  -2.853416410558e-01  -1.404498089696e-01  -7.452810204519e-01
  7.351313117580e-01  -3.616687388368e-01   1.317824459037e+00   5.768537585826e-02   3.787740211608e-01
 -3.867908991841e-01  -4.955450577627e-01   2.451176005639e+00   6.232119059090e-03  -5.537813310302e-01
  6.219461470248e-01   2.177956115201e-01   8.896395586439e-01  -8.251145261521e-02   3.492204762755e-01
  4.813041338952e-02  -3.661158402501e-01   1.636342447286e+00   1.091584950444e-01   4.429866089278e-02
  9.993906393998e-02  -1.742557071706e-01   5.839163098609e-01   1.238200848182e-01   8.760672596500e-02
  3.450387059656e-03   1.991631734753e-01   6.870291530621e-01  -1.451422465662e-01   3.314244901508e-03
  9.586868893130e-01   3.799306621378e-01   1.289251334145e+00  -4.169934974558e-02   4.212122719301e-01
 -2.165926015479e-01  -7.566960216892e-02  -9.546692214860e-02   8.650650111044e-02  -2.590641111838e-01
  4.482695373744e-01   9.371793731926e-01   4.007197670405e-01   3.829165934808e-02   2.892701370963e-01
 -1.837258378697e-01   1.137109802623e+00   2.225259057512e-01  -1.389351285810e-01  -2.124688389398e-01
  1.067104795484e-01   5.939125776157e-01   1.749697831241e+00   7.700502562528e-02   9.295421736645e-02
 -4.285441052676e-01   1.189676256474e+00   4.407765602635e-01  -2.153644154750e-01  -6.420940665897e-01
 -2.752933261156e-01  -1.497233859771e-01   2.317917811615e-01   1.615889844824e-01  -3.499952644813e-01
 -2.633522874537e-01   8.858839798283e-01   2.844883364008e-02   1.299153584386e-01  -3.306550879473e-01
  7.602852648397e-01   8.289424588799e-01   7.712722135509e-01   6.483285165878e-02   3.845113070468e-01
  2.482838114998e-01   2.061646541696e-01   7.859175909546e-01  -1.161920886592e-01   1.901631876187e-01
  9.417253796742e-01   1.118105702110e+00   7.025945416259e-01  -4.182696676379e-02   4.185938975687e-01
 -2.159580006887e-01   9.304552156534e-01  -1.156720331338e-01   7.992889826846e-02  -2.581362058815e-01
 -1.849399440707e-01   6.521289034143e-01   1.689469680024e+00   1.497289185056e-01  -2.141380872189e-01
  9.969341766117e-02   2.236694305931e-01   8.504002814860e-01  -1.374305088899e-01   8.741142035991e-02
 -2.666028450784e-01  -1.311991849585e-01   1.220331052899e-01   1.455877245787e-01  -3.358758024805e-01
  8.074558177524e-01   9.408324237978e-01   5.721291825707e-01   2.558794151969e-02   3.945483788975e-01
  9.235066753184e-01   5.119205986675e-01   1.409495892114e+00   4.713254909053e-03   4.156844383236e-01
  5.377963309811e-01  -3.280651729286e-01   1.280535521525e+00   8.057571136053e-02   3.226693904190e-01
  7.815033337836e-01   5.167098015153e-01   1.468280344550e+00   7.568977591164e-03   3.891392175421e-01
  9.789902230897e-01   6.575097622200e-01   1.213695915510e+00   4.990572092029e-02   4.242360218274e-01
  7.131623856839e-01   5.298426483384e-01   1.494115041835e+00   1.437995413719e-02   3.735305107895e-01
 -4.403517813069e-01   7.817739378521e-01   6.968412236325e-01   2.298134139328e-01  -6.683851130631e-01
  6.248906293754e-01   1.060805490378e+00   4.918924488166e-01  -3.131407585665e-02   3.500737917595e-01
 -9.964501913685e-02   1.499037572851e+00   2.100774101676e+00  -1.021013519091e-03  -1.058739664965e-01
  2.140652049048e-01   4.016955689044e-01   1.663262353601e+00  -7.227070391016e-02   1.690386953093e-01
  2.057839828342e-01   9.288027472045e-01   2.605941449176e-01   5.441393838058e-02   1.637135376625e-01
  2.279766876379e-01   1.278892589939e+00   1.144930331986e+00  -1.211059070627e-01   1.777952076701e-01
  3.541951916004e-01  -4.762364758749e-01   1.702899916668e+00   1.621842590416e-02   2.473756595299e-01
  1.933591737611e-01   9.969067084659e-01   1.701721098179e-01   2.474136746054e-03   1.555627424539e-01
 -9.723024021328e-02   1.296849113855e+00   1.318629975466e+00  -1.612062919252e-01  -1.030605146446e-01
  6.252652905855e-01  -1.284107081693e-01   6.213197765709e-01   6.062790287310e-02   3.501820222460e-01
  1.333742573610e-01   2.201946739220e-01   8.362773257492e-01  -1.325245521648e-01   1.133454187018e-01
 -2.622048540677e-01   1.476733739241e+00   2.273761031261e+00  -2.876629191386e-02  -3.288199945579e-01
 -4.401019304064e-01  -1.005190654615e-01  -2.334696419202e-01   1.384029099934e-01  -6.678225742543e-01
  3.733659268979e-01  -4.926567153861e-01   1.697053807032e+00   4.936568038212e-03   2.565400785657e-01
  4.774257045870e-01   5.421237541670e-02   4.050545177774e-01  -3.234464479506e-02   3.007861079912e-01
 -1.821241231924e-01  -8.504550555983e-02  -2.571590657356e-02   9.310453145616e-02  -2.102726437568e-01
 -2.699210686256e-01   3.504779008255e-01   1.765566011801e+00  -1.606061433247e-01  -3.412390407691e-01
 -4.000018687999e-01  -2.210043865064e-01   7.336046117285e-01   2.217952783024e-01  -5.809592667591e-01
  4.609798110615e-01   8.300511536025e-02   4.439617321964e-01  -4.900647719403e-02   2.943700425371e-01
 -3.411712602059e-01   2.698255103660e-01   1.172614303005e+00  -2.114454322484e-01  -4.650783119940e-01
  2.116421079841e-01  -1.313667604325e-01   4.468853336301e-01   9.191347683128e-02   1.674893340004e-01
  8.083170758350e-01   1.254832710086e+00   1.013931087555e+00  -7.034952464990e-02   3.947232895539e-01
  9.219628206221e-01   1.281419407990e+00   1.080661877756e+00  -6.185531687465e-02   4.154331625477e-01
  1.897010216436e-01   9.433603527843e-01   2.192736219409e-01   4.451185396121e-02   1.531255264674e-01
 -2.017367360588e-01   1.390227876668e+00   1.936979561507e+00  -1.185474632162e-01  -2.376370061483e-01
  7.157400221509e-01   3.552905200549e-01   1.308207874620e+00  -6.071632723207e-02   3.741572965790e-01
 -2.426201415157e-03   1.176077014656e+00   5.510007273693e-01  -1.374553273183e-01  -2.343704518021e-03
  5.281327977891e-01   2.750102612433e-01   1.094072067310e+00  -9.106411032794e-02   3.193354280152e-01
 -1.950659535963e-01   6.394876689094e-01   1.772248566959e+00   1.422473990048e-01  -2.282133256188e-01
  2.079709152746e-01   9.910263076302e-01   1.829217310768e-01   7.073844824544e-03   1.651280927472e-01
  4.977375236644e-01  -1.046363331469e-01   5.100479382743e-01   5.801841647247e-02   3.084347590188e-01
  6.029514495278e-01   1.343883502514e+00   1.311114347241e+00  -7.128848194599e-02   3.435978488396e-01
  4.978062423702e-01  -2.082259187570e-01   8.394045485043e-01   9.168324721607e-02   3.084601309220e-01
  4.632275697841e-01   1.394064065195e+00   1.503311203565e+00  -6.061287744165e-02   2.952590097623e-01
 -3.155670145090e-01  -1.708253349580e-01   3.531809721637e-01   1.827033902009e-01  -4.186062273177e-01
  7.171905149536e-01  -4.428099888627e-01   1.468984422306e+00   2.702187686175e-02   3.745086359222e-01
  9.532444599566e-01   1.925962797581e-01   8.591733667831e-01  -5.726898076716e-02   4.203814242561e-01
  8.004046195306e-01   4.330898140108e-01   1.422110916837e+00  -2.894515526023e-02   3.931053969043e-01
  9.073849767217e-01   1.498351241787e+00   1.417054924946e+00  -6.627136138803e-04   4.130232609295e-01
 -4.117418533749e-01   7.196627482777e-02  -3.376224000511e-01  -9.965996423673e-02  -6.056987135776e-01
  7.545972360191e-01  -1.670771282226e-01   7.594586914856e-01   6.428669054589e-02   3.832381726150e-01
  4.842757392172e-01   1.586356973782e-01   6.594794268325e-01  -8.076330944895e-02   3.033991031478e-01
  5.198963923917e-01   4.363321347893e-01   1.558059387338e+00  -3.619374193395e-02   3.164443971936e-01
 -6.074630245665e-02  -4.941426438899e-01   2.059573317714e+00   5.983963153298e-03  -6.210881244190e-02
 -1.689192387110e-01   9.020100264715e-01   3.929354423771e-02   1.042434852893e-01  -1.924227894754e-01
  2.982726384395e-01   6.698321610422e-02   3.152951991372e-01  -4.700968054641e-02   2.186236129815e-01
  5.949848468135e-01   2.548882986961e-01   1.017307728634e+00  -8.640644562418e-02   3.411776855243e-01
  6.128264603039e-01   1.312240000216e-01   6.238836183667e-01  -6.238852375155e-02   3.465466386939e-01
  4.363340369217e-01  -4.960015550792e-01   1.656502736312e+00   2.530341697074e-03   2.843660069026e-01
  6.883199115835e-01  -1.103536324817e-01   6.038263103290e-01   5.049845781662e-02   3.673273937846e-01
  2.855694683144e-01   7.920561855623e-01   8.016558347430e-01   1.124381108663e-01   2.116490401497e-01
  8.811449722887e-01   1.200472245995e+00   8.690228834742e-01  -6.246006314381e-02   4.085110840117e-01
  3.764561043345e-02   5.540755347014e-01   1.909239025199e+00   4.929650984126e-02   3.499558682057e-02
  9.277784163857e-01   1.229623208821e+00   9.477832948362e-01  -6.221454985921e-02   4.163758171651e-01
  8.724489628257e-02   1.202487197680e+00   7.296014695173e-01  -1.347774570763e-01   7.739192589762e-02
  1.642425061536e-01   7.420306384404e-02   2.375017841702e-01  -5.885579362573e-02   1.356795731676e-01
 -2.892113541467e-01   6.851920409985e-01   1.523344768508e+00   1.861151986324e-01  -3.731064760435e-01
  5.797395790236e-01   1.590181137488e-01   6.905650329642e-01  -7.377871081681e-02   3.364414510708e-01
 -2.036598030561e-01  -2.173127180501e-01   7.518339046827e-01   1.827245400885e-01  -2.403762606236e-01
 -6.446734900753e-02  -3.474158703941e-01   1.611403066853e+00   1.335847641022e-01  -6.615488798633e-02
  8.308796024032e-02   1.204771856279e+00   7.412077685998e-01  -1.359022824977e-01   7.399221259916e-02
 -1.796067331455e-02  -2.022056605282e-01   6.990277157782e-01   1.490780144404e-01  -1.761253299933e-02
  1.243682816533e-01   6.834506572645e-01   1.360196530775e+00   1.243365537369e-01   1.065749468668e-01
  3.662013391089e-01   3.540717120298e-01   1.427402145717e+00  -8.554075292248e-02   2.531546708413e-01
  4.402166692639e-01   6.558994048071e-01   1.364683313267e+00   8.331715368412e-02   2.859737237667e-01
 -2.730577344104e-02  -2.209343762008e-01   8.135460880733e-01   1.548553273852e-01  -2.702050691354e-02
  7.271987093469e-01   1.128567314915e+00   6.571041910547e-01  -5.500695479539e-02   3.769062403393e-01
  6.850477177882e-01   4.265357466749e-01   1.462664256648e+00  -3.530028466493e-02   3.664879711216e-01
  2.893229899307e-01   7.910210507492e-01   8.071266762245e-01   1.122268926696e-01   2.137276853630e-01
  9.675810929349e-01   1.064394888573e+00   6.382079331437e-01  -2.376394009298e-02   4.225514503583e-01
  3.314848788922e-01  -2.973987973767e-01   1.213189665112e+00   1.065336744993e-01   2.360717559739e-01
 -1.240548267264e-01  -3.973313740304e-01   1.900524849863e+00   1.039370883910e-01  -1.350612372525e-01
  4.940249370278e-01  -5.530265276924e-02   4.159317203417e-01   3.244579588218e-02   3.070590130390e-01
  1.512222691542e-01  -2.474178975656e-01   9.859770099466e-01   1.325651738899e-01   1.264207984320e-01
 -3.845928041795e-01   8.201874287323e-01   3.816419804799e-01   2.009440000436e-01  -5.493261289927e-01
  7.200347253105e-01   8.166723534421e-01   7.967738295881e-01   7.000595692369e-02   3.751947175453e-01
  5.708826020485e-01   1.390446852833e+00   1.445496861175e+00  -5.620684220741e-02   3.336252657727e-01
  6.841132104528e-01   9.245154831648e-01   5.398800961359e-01   3.623084404369e-02   3.662472664993e-01
  1.362488788960e-01  -3.895251524322e-01   1.674028606168e+00   8.604856173651e-02   1.154818619036e-01
  9.006595635074e-01   1.420529650381e+00   1.368535227754e+00  -3.083169427173e-02   4.118884326145e-01
 -2.353668839513e-01   1.333413305888e+00   1.627855803331e+00  -1.666084323594e-01  -2.870354690434e-01
  3.466475437327e-01  -4.004515732455e-01   1.580446086165e+00   6.429978096317e-02   2.436736304560e-01
  6.764892279982e-01  -1.185880302110e-02   4.804221468483e-01   5.949169992941e-03   3.642672464657e-01
  4.027609862184e-01   7.969472284023e-01   8.028036697015e-01   9.954760199069e-02   2.699506354564e-01
  8.755454842769e-02   8.871925565131e-01   3.022788607653e-01   9.176124927602e-02   7.764408370018e-02
 -4.215914027253e-02   3.376092135854e-01   1.544774332190e+00  -1.361472497246e-01  -4.232694763966e-02
 -5.025497081421e-02   7.498006216897e-01   1.001314897026e+00   1.609955967455e-01  -5.085609490152e-02
  5.948431642645e-01  -4.232375897282e-01   1.499375089932e+00   4.010220786307e-02   3.411343067466e-01
  1.674553393289e-01   5.783514263237e-01   1.749913257664e+00   6.169256582114e-02   1.379287199291e-01
  4.105669959348e-01   1.382563943824e+00   1.498117960471e+00  -6.946561710773e-02   2.733860342918e-01
  7.659394480837e-01  -3.053406694873e-01   1.162875379167e+00   6.892824800171e-02   3.857631074232e-01
 -4.937165456170e-01  -1.829201874984e-01   3.416144539634e-01   2.252425361462e-01  -7.949630010722e-01
 -1.798573184630e-01   3.560755535418e-01   1.735242876063e+00  -1.433767862191e-01  -2.071760737389e-01
 -2.762848896972e-01  -5.966452526841e-02  -2.144458460438e-01   7.329832699714e-02  -3.516213458791e-01
 -4.379630184035e-01  -2.075766534844e-01   5.982666216959e-01   2.256699383383e-01  -6.630178885793e-01
  3.777031662821e-01  -1.724776092920e-01   6.747558527526e-01   9.418861501602e-02   2.585669066864e-01
  8.229329534005e-01  -3.588631557054e-01   1.285900436450e+00   5.378632008623e-02   3.976477399211e-01
 -2.278589680034e-01  -1.966556635414e-01   5.902907462243e-01   1.804199880227e-01  -2.757280052709e-01
  8.026829521220e-01   1.399964973109e+00   1.373187839329e+00  -4.160732242209e-02   3.935737892471e-01
 -4.683100049666e-01   6.992288087235e-01   1.492511058127e+00   2.287215197864e-01  -7.330755523374e-01
 -4.749284546324e-01   6.687427328719e-01   1.772303006210e+00   2.115010748143e-01  -7.489065819653e-01
  7.275032658194e-01  -1.895728650073e-01   8.161631065945e-01   7.066446616362e-02   3.769784784753e-01
  2.073096727896e-01  -4.124514368700e-01   1.698096835388e+00   6.566178034347e-02   1.647010155526e-01
 -4.122196688902e-01   2.357068846711e-01   8.665691596681e-01  -2.272793409115e-01  -6.067175094609e-01
 -4.197188926762e-01   1.297915989236e+00   1.444377236636e+00  -2.195156280005e-01  -6.228308572232e-01
  5.618481636249e-01   8.878510051156e-01   5.566958888874e-01   5.781502881049e-02   3.307026919589e-01
  8.911229259596e-01  -2.866669645838e-01   1.096745134105e+00   6.326655974931e-02   4.102538157447e-01
  5.244516354478e-01   9.995460914262e-02   5.118651175491e-01  -5.436515778074e-02   3.180489873977e-01
  4.199049871350e-01   5.922591708712e-01   1.558196487506e+00   5.605553632332e-02   2.774283267283e-01
 -7.324204987550e-02  -2.501451833945e-02  -5.990979447154e-02   2.576428031994e-02  -7.581173852480e-02
 -3.525764575016e-01   2.709358264146e-01   1.184241158894e+00  -2.135904373548e-01  -4.865288328627e-01
  6.482032401604e-01   7.986568818024e-01   8.388486023103e-01   7.831712065882e-02   3.566615507852e-01
  6.692390949886e-01  -2.880207614949e-01   1.124152034444e+00   7.819158357062e-02   3.623571345407e-01
  4.422741556144e-01  -3.264000755854e-01   1.301544647853e+00   8.883429987426e-02   2.868208210974e-01
  8.987411433039e-02   5.319476548447e-02   1.337164995139e-01  -4.614197749492e-02   7.952818798693e-02
  4.483303678961e-01   1.068227875571e+00   4.095802320661e-01  -4.138949455583e-02   2.892948436569e-01
  2.297930599357e-01   5.308049027887e-02   2.428088656739e-01  -4.023782630008e-02   1.789212817844e-01
  7.393356305371e-01   6.908163703896e-01   1.178188199238e+00   7.007891352167e-02   3.797524358072e-01
  6.589441724790e-02   1.044782109272e+00   9.843623892538e-02  -3.997043989476e-02   5.963767438925e-02
 -1.605346976680e-01   6.059008207912e-01   1.918302489516e+00   1.105393193537e-01  -1.813224522220e-01
  3.755231040041e-01   6.051210755607e-01   1.549897418810e+00   6.552791250521e-02   2.575502633857e-01
  3.790339443732e-01   5.210621097786e-01   1.687926954087e+00   1.404591458716e-02   2.591854009733e-01
 -2.474553816431e-01   3.015450874606e-01   1.403942908584e+00  -1.845719737195e-01  -3.055889837818e-01
 -4.455063281716e-03   1.386593934302e+00   1.759952248793e+00  -1.007088327971e-01  -4.312012348487e-03
 -1.502228989470e-01  -1.688338079770e-01   4.357921729645e-01   1.547202212121e-01  -1.679143155575e-01
  5.292848504321e-01   8.979253068091e-01   5.188760000419e-01   5.510041297437e-02   3.197361593911e-01
  2.171389650561e-01   1.282479822710e+00   1.164396241033e+00  -1.218401081560e-01   1.709937163827e-01
 -1.372996883838e-03   5.826174452695e-02   6.502211548308e-02  -5.497621620221e-02  -1.324965201585e-03
  2.181011795916e-01   2.710209491624e-01   1.106729168279e+00  -1.232240510195e-01   1.716033424956e-01
 -3.676349044107e-01   9.887096076083e-01  -4.216047429198e-01   1.549449425183e-02  -5.155823025888e-01
 -4.010456024632e-01   7.860888273141e-01   6.691119529384e-01   2.199757172673e-01  -5.831361045606e-01
  6.467662013548e-01   4.247399647439e-01   1.477327466878e+00  -3.745541819984e-02   3.562639722489e-01
 -1.357621664184e-01  -2.947911351362e-01   1.316553169159e+00   1.679470528044e-01  -1.495547360624e-01
  2.884798795321e-01   2.460238196353e-01   9.810827362024e-01  -1.161187275803e-01   2.132620919257e-01
  5.119316500861e-01   4.869202727590e-01   1.608505051797e+00  -7.687803638429e-03   3.136047303841e-01
  9.369280795929e-01  -6.124198489422e-02   6.242726769589e-01   2.333941238264e-02   4.178376684137e-01
  7.757637194857e-01   5.981164952468e-01   1.386324153034e+00   4.198963892534e-02   3.879059557176e-01
  8.475462710030e-01  -3.674530104284e-02   5.698869182518e-01   1.550810162572e-02   4.023901227601e-01
  6.930335640769e-02   1.113645576144e+00   2.931139659133e-01  -9.396183642115e-02   6.252166280701e-02
 -3.280765211854e-01  -5.339025892598e-03  -3.711062139426e-01   7.057586481686e-03  -4.410247006021e-01
  1.376295741142e-01   5.052186637658e-01   1.875310250439e+00   4.403896940940e-03   1.165038057176e-01
  2.981414844534e-01  -1.407672966764e-01   5.245567063605e-01   8.902207601372e-02   2.185524729318e-01
  7.793684208039e-02  -4.956497421482e-01   1.927294102938e+00   3.888667432023e-03   6.974144906989e-02
 -7.773725215870e-02   9.634290468138e-01  -4.946761043742e-02   3.765343426170e-02  -8.082248803039e-02
  5.688712076986e-01   5.611812283975e-01   1.535783156703e+00   3.324524152146e-02   3.329789915089e-01
  6.360053839965e-01   8.414141271711e-03   4.590034181676e-01  -4.391059581593e-03   3.532515716921e-01
 -3.966149903375e-01  -3.501946526681e-01   1.862881022648e+00   1.816994421085e-01  -5.739255922076e-01
  4.787640648708e-01   7.362696152625e-01   1.054317324330e+00   9.633336973081e-02   3.012993506425e-01
  6.091730382775e-01   1.087177578359e-01   5.687954235538e-01  -5.382407930314e-02   3.454622214843e-01
  3.239094150894e-01   5.623018336068e-01   1.676499620927e+00   4.282927876356e-02   2.321897180961e-01
  1.322364624213e-01   3.438232927135e-02   1.401179335214e-01  -2.894442485362e-02   1.124965244520e-01
  6.535939350228e-01   1.396767286297e+00   1.424473371997e+00  -4.935440174877e-02   3.581431927497e-01
  7.453808601875e-01  -3.451781069418e-01   1.274497221014e+00   6.180453174167e-02   3.811454369096e-01
  7.269587829395e-01   1.025823412529e+00   5.102307326160e-01  -1.229702273665e-02   3.768493020208e-01
  2.143802715595e-01   1.284393136562e+00   1.174396578288e+00  -1.218517073831e-01   1.692396221352e-01
  8.415104666048e-01   9.869314330207e-01   5.570829441022e-01   5.590982153259e-03   4.012479080009e-01
 -7.566538881419e-02   1.366027350835e-01   2.968234394813e-01  -1.248510490413e-01  -7.850761182211e-02
  4.797091590088e-01   9.707295922700e-02   4.837399665217e-01  -5.533607727765e-02   3.016609844093e-01
  4.932717052297e-01  -4.553997406065e-01   1.597395575801e+00   2.637186796902e-02   3.067786901448e-01
  1.257598825241e-01   1.422113137993e+00   1.781879953707e+00  -6.387228715243e-02   1.076288107210e-01
 -2.898266594279e-01  -1.895832618563e-01   5.100382690740e-01   1.883705449526e-01  -3.741425852617e-01
 -3.391995997955e-01  -1.393725624072e-01   1.119022549970e-01   1.633463085421e-01  -4.614176483493e-01
  2.915612365004e-01   3.304735683632e-01   1.365708654422e+00  -1.013190985922e-01   2.149600548240e-01
  6.660675765804e-01   1.284124319077e+00   1.111977433228e+00  -7.887503106985e-02   3.615131409012e-01
  7.353862941664e-01   1.297671580185e+00   1.145255309209e+00  -7.214494818927e-02   3.788335859112e-01
  4.863562701140e-01   9.320454520487e-01   4.303798324610e-01   3.975015739607e-02   3.041859301954e-01
  8.405475077552e-01   8.924441730541e-01   6.529410196808e-01   4.267859713247e-02   4.010644455187e-01
 -8.611210224980e-02   5.075378362684e-01   2.085312260312e+00   7.890171339134e-03  -9.027441975246e-02
 -4.804021636459e-01   9.761297386911e-01  -5.709702624959e-01   3.641320142953e-02  -7.621528886608e-01
  4.483793467225e-01   1.178739034995e+00   7.189688488836e-01  -8.975157544810e-02   2.893147344987e-01
  3.822789432911e-01   5.859535970044e-01   1.593364807190e+00   5.456343181259e-02   2.606869171535e-01
  6.150733270325e-01   2.070022469905e-01   8.524658864104e-01  -8.171415050972e-02   3.472097764637e-01
  5.232952652290e-01   1.273653218210e+00   1.089422423663e+00  -9.160993257583e-02   3.176429878159e-01
 -4.755295773441e-01   1.299029534706e-01  -8.322017498241e-02  -1.767143599875e-01  -7.503544695343e-01
  2.717294037889e-01   1.340920596815e+00   1.416127196280e+00  -9.930140707402e-02   2.038533379660e-01
  7.468791658158e-01   1.392707830616e+00   1.380350278218e+00  -4.661394395267e-02   3.814881884662e-01
 -2.186700561794e-01   8.325986817520e-01   3.876454828093e-01   1.644318257658e-01  -2.621096906459e-01
  5.816408572912e-01   1.357735040520e+00   1.357605174691e+00  -6.825833350130e-02   3.370397435270e-01
  6.518870273109e-01   1.439860911100e+00   1.495886866655e+00  -3.019165640911e-02   3.576757106731e-01
  4.159003786126e-01   4.255904422235e-02   3.540334378931e-01  -2.714500183978e-02   2.757036913946e-01
  9.512432312520e-01   1.410847762155e+00   1.338711876593e+00  -3.258349661953e-02   4.200737160123e-01
 -1.511025673837e-01   9.376335832344e-02   3.824250408971e-02  -9.858647428753e-02  -1.690477544785e-01
  9.466058819703e-01   1.014685810069e-01   6.772854959966e-01  -3.666589951133e-02   4.193561002810e-01
  9.114328537156e-01   6.192956124921e-01   1.304108219187e+00   4.341601892071e-02   4.136992309378e-01
  8.013484311119e-01   7.045369329110e-01   1.130170951814e+00   6.798499806397e-02   3.932996805468e-01
  1.784283361402e-01   9.621967432856e-02   3.072339489070e-01  -7.341039175294e-02   1.455062005384e-01
 -3.883234114312e-01   7.131453075044e-01   1.333669157914e+00   2.170513202779e-01  -5.568986853442e-01
  1.060612070249e-01   5.574259006757e-01   1.844700084327e+00   4.888905820259e-02   9.244449676251e-02
  7.047725114240e-01  -4.105578464996e-01   1.429035164077e+00   4.143965761462e-02   3.714687055791e-01
  6.878923696353e-01  -2.093671616531e-01   8.698592132682e-01   7.648120230673e-02   3.672180160116e-01
  3.264872815746e-01  -3.713540288064e-01   1.504259669288e+00   8.097283947477e-02   2.335171103548e-01
  5.803453886066e-01   2.787710881800e-01   1.102769970662e+00  -8.624682595560e-02   3.366323247207e-01
 -1.967007811089e-02  -1.685663938930e-02  -1.342685238612e-02   1.652539001784e-02  -1.932079897239e-02
 -6.399612120899e-02   5.540740879710e-01   2.002816163431e+00   5.436843928344e-02  -6.564089277484e-02
  3.324340911166e-01   1.285897352557e+00   1.162335827469e+00  -1.085173270537e-01   2.365541946167e-01
  1.410593881509e-01   4.867606637035e-01   1.869872579695e+00  -1.112462412529e-02   1.190306996309e-01
  1.483445007572e-01  -2.820568282144e-01   1.173408641164e+00   1.302630635723e-01   1.243428551327e-01
  5.180797219899e-01   6.675888415323e-01   1.300428631220e+00   8.089342323383e-02   3.158005326713e-01
 -1.120658006973e-01   6.545095886328e-01   1.629025398498e+00   1.410329024276e-01  -1.205541132339e-01
  6.957835771330e-01   2.668398828471e-01   1.054011969845e+00  -7.800571164620e-02   3.692223684368e-01
 -4.044210988001e-01  -1.024523740635e-01  -1.810971700618e-01   1.359351434360e-01  -5.902061852409e-01
 -2.112673216845e-01   4.931487839220e-01   2.224680575567e+00  -8.091313005524e-03  -2.513126416222e-01
 -2.116811218932e-01  -3.655318007172e-01   1.814039231656e+00   1.406762220647e-01  -2.519121216707e-01
  6.944810219418e-01  -1.567989674411e-01   7.169810130477e-01   6.545619468665e-02   3.688936189963e-01
  2.615925569858e-01   1.485563436005e+00   1.773966303332e+00  -1.079790299184e-02   1.980101547021e-01
  1.990376886196e-02   2.577736853584e-01   1.047896465335e+00  -1.502904355943e-01   1.881877786089e-02
 -2.149834689325e-01  -2.058506102325e-01   6.630999214373e-01   1.814816369685e-01  -2.567134659034e-01
 -4.037575465700e-02  -3.481043996939e-01   1.601046660944e+00   1.301213023040e-01  -4.046593058811e-02
  6.021291665412e-01   1.004107500181e+00   4.404538995451e-01  -2.215491213802e-03   3.433497650645e-01
  1.064918011757e-01   1.782338232044e-01   6.067132349637e-01  -1.245871783182e-01   9.278261204584e-02
  8.825367023848e-01   1.441190269218e+00   1.398352205193e+00  -2.366451598335e-02   4.087561772059e-01
  1.622473611341e-01  -4.691113891574e-02   1.816355494410e-01   3.810843811714e-02   1.342758436057e-01
 -4.394481621282e-01  -1.720181045769e-01   2.812381623375e-01   2.067037583099e-01  -6.663518974875e-01
  1.924173655061e-01   7.127604391076e-01   1.192609904248e+00   1.239498571678e-01   1.549369115690e-01
 -1.256639064586e-01   1.345466881610e+00   1.637185319938e+00  -1.429077595555e-01  -1.370339186320e-01
  1.935851873665e-01  -3.467805939235e-01   1.474067970872e+00   1.044627779038e-01   1.557127593714e-01
  7.329275979682e-01  -4.423140308575e-01   1.461382290120e+00   2.683580173506e-02   3.782580045296e-01
  8.714380450323e-01   1.396482294486e+00   1.343622664310e+00  -4.010253587760e-02   4.067832201386e-01
  9.857895822723e-01   4.582127170006e-01   1.373470225552e+00  -1.539584400290e-02   4.252224787731e-01
  4.165761959317e-01   2.816173014333e-01   1.132095355079e+00  -1.006460726805e-01   2.759956751825e-01
 -1.539286352438e-01   1.177369072937e+00   4.888509643607e-01  -1.597059615324e-01  -1.727021302996e-01
  4.313365978084e-02   5.424053739385e-01   1.925433398799e+00   3.874153829024e-02   3.988853059463e-02
  2.720510159662e-01  -3.571686607571e-01   1.479790276240e+00   9.225099608859e-02   2.040368628037e-01
  3.623785656332e-01  -5.875393342068e-02   3.422862875388e-01   3.903148105521e-02   2.513291172064e-01
  2.626794714253e-01   5.335438154471e-01   1.759168460276e+00   2.491201096186e-02   1.986421632877e-01
 -1.323925508564e-01   8.680975291705e-01   2.322482091477e-01   1.284454418637e-01  -1.453496328996e-01
  6.263993038460e-01   1.423196743019e+00   1.484351631753e+00  -3.892004876853e-02   3.505091351207e-01
  6.520898885775e-01  -4.965084153768e-01   1.533292018730e+00   1.794805813688e-03   3.577313501936e-01
  2.846585332041e-01   9.868049551610e-02   3.814028868228e-01  -6.774177602639e-02   2.111423058594e-01
  2.799314087683e-01  -1.992449746489e-01   7.606088701025e-01   1.112108721297e-01   2.084983687078e-01
 -3.370674574247e-01   1.317483901928e+00   1.569332966483e+00  -1.934591695927e-01  -4.574746525010e-01
 -3.910923704581e-01   3.758277144309e-01   2.036149784471e+00  -1.572843330742e-01  -5.625545559899e-01
 -1.819102883362e-01   1.243822027202e+00   9.537560597222e-01  -1.826379512434e-01  -2.099799562295e-01
 -1.278510331013e-01   1.434380478737e+00   2.036341309438e+00  -6.952324579888e-02  -1.397250961792e-01
  1.448857838285e-01   3.034967620114e-01   1.286851278898e+00  -1.259297319643e-01   1.218301285221e-01
 -3.052821906443e-01   1.147894056046e+00   1.968540416254e-01  -1.649222675590e-01  -4.005752695433e-01
  6.824122084960e-01   7.925701055905e-01   8.630783919130e-01   7.663625054141e-02   3.658080185431e-01
 -4.892921355530e-01  -2.452671205535e-01   9.523532642164e-01   2.456858014150e-01  -7.839665549955e-01
 -1.924228774377e-01   5.949757358888e-01   1.995705409688e+00   1.037580063527e-01  -2.245128917926e-01
  6.450353417914e-01   6.519067073172e-01   1.310447746761e+00   6.721914398543e-02   3.557836394487e-01
 -2.736684450389e-01   5.706777641843e-01   2.175529781383e+00   8.578604564492e-02  -3.473373053388e-01
  5.034612803461e-01   1.221470519355e+00   8.902453106772e-01  -9.290577915847e-02   3.105365742726e-01
  3.759176005280e-01  -2.452228752294e-01   9.791098297275e-01   1.067198823193e-01   2.577345483565e-01
  1.425228939109e-01   1.217086553097e+00   8.210215718059e-01  -1.308500998624e-01   1.201038538560e-01
  6.233626575756e-01   5.683572998247e-01   1.498585945221e+00   3.502698476862e-02   3.496315877181e-01
 -2.458762516008e-01   5.523787583401e-01   2.199373002854e+00   6.282867161629e-02  -3.031407055711e-01
  7.366518968467e-01   7.149835655951e-01   1.107304701622e+00   7.359688333607e-02   3.791288020937e-01
  3.816163535160e-01   9.829559220442e-01   3.116958073378e-01   1.134955280905e-02   2.603810881629e-01
  9.377735767137e-01   1.232290427830e+00   9.550231687925e-01  -6.174240826745e-02   4.179714576521e-01
 -2.378639970639e-02   1.105330008585e+00   1.928244005575e-01  -9.644707565690e-02  -2.345754781178e-02
 -2.254043092946e-01   1.285224495617e+00   1.272781960981e+00  -1.859507768440e-01  -2.720664657343e-01
  3.465189933696e-02  -1.692541721082e-01   5.301025072110e-01   1.296605496579e-01   3.230460539981e-02
  2.745766842844e-01   4.481874796227e-01   1.727184782927e+00  -3.765070227399e-02   2.054741626588e-01
  8.780692854600e-01   1.188087905586e+00   8.372830233807e-01  -6.088961110345e-02   4.079670968173e-01
 -4.958607944859e-01   1.213221169050e+00   6.306427024484e-01  -2.407801394653e-01  -8.003261573726e-01
  6.359760519265e-01   1.698058633760e-01   7.384219712529e-01  -7.277106552843e-02   3.532432747401e-01
  3.128640228322e-01   3.573987559664e-01   1.462120433992e+00  -8.859052444233e-02   2.264269686740e-01
  4.672016680000e-02   1.797392517225e-03   4.408844912129e-02  -1.655919546591e-03   4.305827768829e-02
  2.722820115008e-01   5.911466393829e-01   1.646467599926e+00   6.393419520444e-02   2.041686079589e-01
 -4.396379821724e-01   7.892511599539e-01   6.270675569548e-01   2.272196876598e-01  -6.667787140336e-01
  8.119107151146e-01  -3.432597854846e-01   1.252875844416e+00   5.843788859098e-02   3.954499870670e-01
  6.227403631265e-01   1.437048300236e+00   1.506356640147e+00  -3.242929454976e-02   3.494511184935e-01
 -3.569403313780e-02  -1.793848220159e-01   5.557026460696e-01   1.433809940310e-01  -3.561074341180e-02
  4.310359420325e-01   1.185109629705e+00   7.382712571041e-01  -9.294526916180e-02   2.821526753615e-01
  8.849617584351e-01  -3.688352628171e-01   1.289464694026e+00   4.797927164762e-02   4.091816783908e-01
  8.821558295955e-01   2.258016045675e-01   9.352756013578e-01  -6.479136644537e-02   4.086891682320e-01
  9.035208800590e-01   4.991255458693e-01   1.418627071851e+00  -3.528002170947e-04   4.123730421038e-01
  2.063987420502e-01  -2.366774449053e-01   9.314713032865e-01   1.252764117785e-01   1.641117798621e-01
 -3.692546101526e-01  -3.965533453256e-01   2.136364576651e+00   1.324967852134e-01  -5.187578563631e-01
 -2.586315914695e-01   6.171542637172e-01   1.950870279244e+00   1.321337768131e-01  -3.231311959673e-01
  3.864272184260e-01   1.433797072657e-01   5.721444185065e-01  -8.284927627304e-02   2.625927685219e-01
 -2.843531995213e-01   9.766609245223e-02  -7.529873473993e-02  -1.161746755855e-01  -3.649688657427e-01
 -1.925857650231e-02   3.720511455931e-02   8.975172070144e-03  -3.619600997171e-02  -1.890905698354e-02
  5.879153290544e-01   1.160546466139e+00   6.975904831776e-01  -7.364848882964e-02   3.389987031221e-01
 -4.713696969393e-01   9.290646168354e-01  -4.211691881370e-01   1.041449988391e-01  -7.403690991521e-01
 -3.512225903452e-02  -4.933761085685e-01   2.033532368130e+00   6.601585829853e-03  -3.502078065787e-02
  6.020138318204e-01   6.581552368779e-01   1.305411221880e+00   7.195889295920e-02   3.433149369857e-01
 -3.952177472555e-01   9.580894590680e-01  -4.131302731922e-01   5.843455874472e-02  -5.710372303273e-01
 -8.980399523523e-02  -3.776158946459e-01   1.783599741312e+00   1.163042846804e-01  -9.448982508240e-02
 -4.185364929076e-01  -4.205129572493e-01   2.314013949521e+00   1.099579694794e-01  -6.202747797974e-01
 -4.089586979344e-01   5.559776524332e-01   2.392301796546e+00   7.837039029909e-02  -5.997830968090e-01
  9.588465564684e-01  -4.769542423101e-01   1.392743019765e+00   8.784354551822e-03   4.212365155499e-01
 -1.837456071779e-01   2.001623440150e-02  -1.843020906435e-01  -2.296694549757e-02  -2.124959880590e-01
 -2.901268524396e-01   1.404184491261e+00   2.090081380373e+00  -1.148865774747e-01  -3.746485248147e-01
  9.019310497465e-01   1.349882752793e+00   1.246193889984e+00  -5.205584007180e-02   4.121041090258e-01
 -2.527409477566e-01   9.248031269315e-01  -1.360324980645e-01   8.905612261205e-02  -3.138381354944e-01
  7.328130819378e-01   4.436048131431e-01   1.462837128666e+00  -2.626387389649e-02   3.782311297595e-01
  9.557146164916e-01  -5.955519618323e-02   6.294511391415e-01   2.231953729402e-02   4.207596016274e-01
  1.344576023242e-01   1.015306420490e+00   1.255970949953e-01  -1.293859820420e-02   1.141519601716e-01
 -2.174545738375e-01  -4.761887361602e-01   2.219372185225e+00   2.819267017272e-02  -2.603262953115e-01
  1.246229072661e-01   1.338251114498e+00   1.466929765788e+00  -1.156439224400e-01   1.067679870214e-01
 -4.991567125499e-01   1.233053895031e+00   8.280708592146e-01  -2.467370877368e-01  -8.086131901921e-01
  1.704687963694e-01   8.797523936289e-01   3.823760525258e-01   8.923859904410e-02   1.400256721933e-01
 -4.167601585756e-01   1.956925691194e-01   4.999513864671e-01  -2.159854019042e-01  -6.164456849265e-01
  2.768496319604e-01   1.300010940771e+00   1.236700730457e+00  -1.117126225290e-01   2.067616767020e-01
  7.724425590143e-01  -2.513596247245e-01   1.004057793751e+00   7.285523170560e-02   3.871860869552e-01
  7.256109429474e-01   1.302628683722e+00   1.161345232182e+00  -7.209211581427e-02   3.765289484285e-01
 -3.804197184009e-01   7.445318316734e-01   1.049563264667e+00   2.211808334446e-01  -5.409196823245e-01
 -1.252040400788e-01   9.035791689475e-01   7.254820343592e-02   9.854520021758e-02  -1.364695122954e-01
 -4.221430314277e-01  -3.695932354840e-01   2.025427837595e+00   1.683509379002e-01  -6.280895397238e-01
  1.078486553866e-01   1.306304715133e+00   1.312239427443e+00  -1.296811390531e-01   9.384622065142e-02
 -5.809765171270e-02   4.731320821342e-01   2.042553948487e+00  -2.725498646721e-02  -5.924643367867e-02
  7.972880225919e-01  -2.595623400152e-01   1.027847105511e+00   7.100570646811e-02   3.924613290256e-01
 -6.533609086448e-02   6.435936807824e-01   1.660151076200e+00   1.281843041927e-01  -6.710369916733e-02
  5.081630711818e-01  -2.874639772318e-01   1.142917490239e+00   9.139977653992e-02   3.122458510066e-01
 -2.653975884136e-01   1.353660223565e+00   1.782927581891e+00  -1.575379753900e-01  -3.339362253204e-01
  3.634766662547e-02   5.472184727469e-01   1.923392259032e+00   4.329810813230e-02   3.383079998074e-02
 -2.651173402959e-01   6.375140514620e-01   1.838423878681e+00   1.505991922782e-01  -3.334858771759e-01
 -2.054966114405e-02   1.343096818751e+00   1.563197304994e+00  -1.304407560344e-01  -2.020199166008e-02
  5.988092945337e-01   6.252122581902e-01   1.396529109908e+00   6.098369551250e-02   3.423441476610e-01
  3.881407700933e-01   6.588721462406e-01   1.372718602208e+00   8.868858249908e-02   2.633755927676e-01
 -4.427831972131e-01   6.480253918221e-01   1.915935592590e+00   1.884071694435e-01  -6.738736103478e-01
  9.597426768500e-01   1.151103296205e+00   7.691409463914e-01  -4.945517588866e-02   4.213724427549e-01
  2.366010474657e-01   1.221541315394e+00   8.584045824447e-01  -1.201631471282e-01   1.831070391450e-01
  7.811925584304e-01   9.952920619853e-01   5.291918150057e-01   2.136788656909e-03   3.890727905305e-01
  4.716186521359e-01   4.978735788585e-01   1.634697181574e+00  -1.300773929444e-03   2.985437843940e-01
  2.328813199790e-01  -3.055885956339e-01   1.273418242774e+00   1.151493333717e-01   1.808268459061e-01
  8.745409133011e-01   1.397077567184e+00   1.343569209408e+00  -3.978597104880e-02   4.073390597723e-01
 -4.049464269686e-01   2.189395265470e-01   7.135051620976e-01  -2.223033185501e-01  -5.913106436064e-01
  3.863664554089e-01   3.254128491955e-02   3.252458284510e-01  -2.146110345809e-02   2.625649618616e-01
  8.106300906548e-01   9.665181167719e-01   5.522546541182e-01   1.466475808755e-02   3.951915991975e-01
  8.085793927198e-01   6.095653587266e-01   1.354266356410e+00   4.470358657042e-02   3.947765051450e-01
 -4.122209333412e-01   1.442747078707e+00   2.392534273736e+00  -8.033119501045e-02  -6.067202067621e-01
  5.460724402334e-01   1.033387255129e+00   4.221488239503e-01  -1.887094898498e-02   3.254757331563e-01
 -2.296844844996e-01   2.657893323582e-01   1.123584727653e+00  -1.904466607439e-01  -2.784623272087e-01
  9.101312501823e-01  -3.825737150631e-01   1.307797594837e+00   4.291897585277e-02   4.134824463481e-01
  2.199560712791e-01  -2.633471594863e-01   1.067763766807e+00   1.236486232012e-01   1.727753523959e-01
  3.262670382905e-01   7.187324867804e-02   3.430002723334e-01  -4.887718564296e-02   2.334039604183e-01
  2.827532379393e-01   1.218121626956e+00   8.484965144987e-01  -1.144627126767e-01   2.100795486643e-01
 -2.061409748087e-01  -3.711034404210e-01   1.841138104622e+00   1.354944689147e-01  -2.439255249198e-01
  7.156676805943e-01  -4.303003271215e-01   1.454369911729e+00   3.263459674490e-02   3.741397482288e-01
  7.743823293997e-01   3.942125357145e-01   1.373182638319e+00  -4.485547336400e-02   3.876070960533e-01
  1.077510842727e-03   3.933468065190e-01   1.782932585990e+00  -9.516512450585e-02   1.037363272627e-03
 -7.217863924469e-02   7.337117769649e-01   1.109523005844e+00   1.635731720837e-01  -7.463270371905e-02
 -1.158995238274e-01  -9.790451933919e-02   8.680332663078e-02   9.897553492151e-02  -1.251566377605e-01
  8.617860733458e-01   4.590462116932e-01   1.421465662162e+00  -1.701189651000e-02   4.050327837622e-01
  7.647384261578e-01   1.083660256550e+00   5.860620620084e-01  -3.683092550596e-02   3.854983487329e-01
 -3.466920007658e-02   1.104429073417e+00   1.807301486297e-01  -9.675416317825e-02  -3.455377097487e-02
  6.086777238629e-01   4.546077056673e-02   4.663254981468e-01  -2.403891094625e-02   3.453146123999e-01
 -4.789933986217e-01   3.727319816619e-01   2.105830192622e+00  -1.745211649933e-01  -7.587303280274e-01
  3.280985388420e-01   1.272880428057e+00   1.104429282209e+00  -1.106501738605e-01   2.343434339067e-01
  8.928809759534e-01  -1.288588367736e-01   7.082688356440e-01   4.697112562297e-02   4.105574157119e-01
  8.883943569646e-01  -4.712154719102e-01   1.417852612480e+00   1.171963460128e-02   4.097805734041e-01
 -1.915593100316e-01   1.478314263801e+00   2.191605820954e+00  -2.505914566151e-02  -2.233079360609e-01
 -5.797667336269e-02   1.242053845613e+00   9.472257102400e-01  -1.619961612332e-01  -5.911604185132e-02
  3.253041997038e-01   2.309908534036e-01   9.129128118701e-01  -1.113063667731e-01   2.329087379260e-01
  3.802573940427e-01  -5.936903122019e-02   3.544934710965e-01   3.874764929349e-02   2.597526151471e-01
  1.752400872061e-01  -3.888339219619e-01   1.646817582711e+00   8.330675160955e-02   1.433210261178e-01
 -2.701677375905e-01   5.146122478335e-01   2.291947791872e+00   1.824503924513e-02  -3.416391027704e-01
 -3.896671538547e-01   1.018685803009e+00  -4.457525988485e-01  -2.615578723621e-02  -5.596396412746e-01
  9.762431322757e-01  -1.376102400946e-01   7.467274479538e-01   4.554898354195e-02   4.238337902084e-01
  2.273765698167e-01   6.484085146773e-01   1.478592503438e+00   9.894219387569e-02   1.774222926750e-01
  1.732351261540e-01  -2.820630977849e-03   1.538941147293e-01   2.300258210100e-03   1.419399646265e-01
 -7.708136637995e-02   1.464946710383e+00   2.051096132092e+00  -3.609393636724e-02  -8.008867186845e-02
  1.098095794799e-01   1.046798390758e+00   1.390305774102e-01  -3.999025248335e-02   9.537843994367e-02
 -2.184030854526e-01   4.340169733864e-01   2.129712502548e+00  -7.625902338964e-02  -2.617176243421e-01
  7.750483738965e-01  -3.972152963992e-01   1.378390345960e+00   4.373952253828e-02   3.877512921556e-01
  5.144115861902e-01  -4.187554858635e-01   1.531454760893e+00   4.564785177162e-02   3.144935792992e-01
  6.171524900861e-01   5.309954774890e-01   1.541257672474e+00   1.637578912732e-02   3.478208652353e-01
 -1.009417277716e-02   4.442172324281e-01   1.948384700647e+00  -5.318100146763e-02  -9.823417492761e-03
 -3.110941438511e-01   4.551930059189e-01   2.296475518633e+00  -5.751237398549e-02  -4.107206210594e-01
  5.874516266109e-03   5.712074666856e-01   1.896480938007e+00   6.598417547084e-02   5.629577449387e-03
  8.038004941236e-01  -1.417189520625e-02   5.409631780580e-01   6.286161690891e-03   3.938027889505e-01
  6.265371262914e-01  -3.208813658445e-01   1.235517767001e+00   7.567816781227e-02   3.505488421181e-01
 -2.187465580326e-01   4.846407451729e-01   2.228938844637e+00  -1.824785041951e-02  -2.622220764831e-01
  7.077423346869e-01   1.200023614009e+00   8.438433709847e-01  -7.375372266811e-02   3.722023526593e-01
  3.392012744766e-01  -1.386670387130e-01   5.356812838911e-01   8.463573995276e-02   2.399681673709e-01
  7.875532754466e-01   3.345907119097e-01   1.237263459233e+00  -6.189899761007e-02   3.904244732067e-01
  6.571191765757e-01  -2.912510349523e-01   1.136052290684e+00   7.870294032274e-02   3.591038192050e-01
 -4.849324759203e-01   6.570697186574e-01   1.879710382942e+00   2.042114310723e-01  -7.732223824130e-01
 -3.306526504043e-01  -4.455220874574e-01   2.295503528545e+00   7.080439554681e-02  -4.457089226096e-01
 -3.623477750853e-01   1.326223125141e+00   1.653424216521e+00  -1.930207506736e-01  -5.052852211013e-01
  1.468518820497e-01   1.443719371240e+00   1.814321930769e+00  -4.610683400143e-02   1.232605354893e-01
  3.457229440907e-01   6.435349355187e-02   3.411532905613e-01  -4.324456835414e-02   2.432164115511e-01
  5.684095465526e-02   1.490988043276e+00   1.945176197011e+00  -8.217817719427e-03   5.188574504641e-02
  2.517898025310e-01   1.151108179524e+00   5.432905550235e-01  -9.784372650317e-02   1.922499228380e-01
  8.584802919607e-01   6.212266666590e-01   1.316392825630e+00   4.628136724452e-02   4.044257367534e-01
  6.485165333767e-01   4.423315643803e-01   1.500505754425e+00  -2.910170253870e-02   3.567480819793e-01
 -3.607663128996e-01   1.475705267167e+00   2.399323408077e+00  -3.302037921589e-02  -5.022255377236e-01
  9.051533267601e-01   9.854147150529e-01   5.837786142397e-01   5.867020428738e-03   4.126483278938e-01
 -4.216756053337e-01   7.235412939126e-01   1.248449031251e+00   2.271130944574e-01  -6.270736395705e-01
 -3.458969659944e-01   6.314077605846e-01   1.946346876256e+00   1.573398944175e-01  -4.739090864722e-01
  2.285311752786e-01   1.489048769595e+00   1.800423799626e+00  -8.461146310468e-03   1.781393847400e-01
  7.483660254062e-01   8.294436715205e-01   7.672843086704e-01   6.546979809079e-02   3.818273445005e-01
 -4.509451467656e-01   9.893473790978e-01  -5.408781391849e-01   1.584287927811e-02  -6.924870232287e-01
  2.394746363627e-01  -1.238892929721e-01   4.347203456801e-01   8.550307418645e-02   1.848573902677e-01
  7.369492125575e-01   9.564859418624e-01   5.267249903922e-01   2.035717266199e-02   3.791980499567e-01
  8.720391764276e-02   9.363459718026e-01   1.531653781623e-01   5.490936258374e-02   7.735854464677e-02
  5.683888717271e-01  -2.029904406329e-01   8.316802295224e-01   8.485081132735e-02   3.328236409661e-01
  1.710980565724e-01   3.383653650070e-01   1.446994843658e+00  -1.105293301185e-01   1.404620157553e-01
 -3.785835892608e-01  -2.987609139578e-01   1.434401434407e+00   2.106326864079e-01  -5.372422703222e-01
 -4.881467377867e-01   8.085686800731e-01   4.241479454143e-01   2.290853864721e-01  -7.811350270386e-01
  8.767731737004e-01  -6.258196678502e-02   6.032182620830e-01   2.524576598236e-02   4.077368899390e-01
  4.215191509611e-01   2.396334944436e-01   9.566409792801e-01  -1.019606736436e-01   2.781197312227e-01
  8.772513159255e-01  -4.770709876854e-01   1.424919116119e+00   9.455206776511e-03   4.078218813823e-01
  6.863693891665e-01  -2.136860056659e-01   8.832650012925e-01   7.710774876149e-02   3.668276596979e-01
 -1.400575979276e-01  -4.396531572766e-01   2.063220533203e+00   6.497983946467e-02  -1.549549598697e-01
 -1.617734218266e-01  -3.536594342736e-01   1.708511922769e+00   1.425657807422e-01  -1.829511331164e-01
  2.674397575321e-01   3.662767967348e-01   1.515691868136e+00  -8.828219133079e-02   2.013945838277e-01
 -2.021076226990e-01   2.387139326433e-01   9.139105279705e-01  -1.858998260902e-01  -2.381645143966e-01
 -1.459537602997e-01   1.421330574524e+00   2.013260260010e+00  -8.375743172822e-02  -1.624408104681e-01
 -4.559042816614e-01   2.537627542903e-01   1.036682821279e+00  -2.379448650519e-01  -7.039402271850e-01
 -4.826790917843e-01   1.071496141246e+00  -4.343162724477e-01  -1.060621147731e-01  -7.677043173546e-01
  6.207155869494e-01   2.636091867317e-01   1.046955221741e+00  -8.402176793438e-02   3.488624206820e-01
  8.527511614118e-02   7.585976318314e-01   9.502657236778e-01   1.410764782020e-01   7.578435410445e-02
  9.316698838439e-01  -9.855811190788e-02   6.682267760344e-01   3.627301479622e-02   4.170007130589e-01
  7.022745998140e-01   4.951127495297e-01   1.507995822733e+00  -2.393433714114e-03   3.708483767188e-01
  1.045893436907e-01   5.586996183354e-01   1.843317607021e+00   4.999524674359e-02   9.128662472998e-02
 -1.499815094778e-01  -2.242528686184e-01   8.138825491832e-01   1.749229196645e-01  -1.676036249186e-01
  1.991390951674e-01   8.355637245308e-01   5.773366416001e-01   1.087403558530e-01   1.593787151391e-01
  2.152319846611e-01   1.373802505818e+00   1.570305922482e+00  -8.880219912307e-02   1.697821730494e-01
 -1.238062247097e-02   2.366748729365e-02  -8.341448817932e-04  -2.299811934060e-02  -1.207521272152e-02
  2.125511362473e-01   1.325847616347e-01   4.519677300353e-01  -9.247899215530e-02   1.680714274031e-01
 -2.817343916561e-02  -1.024803916022e-01   1.782289318453e-01   9.461417694856e-02  -2.790263833427e-02
  7.625523565652e-01   5.814630821269e-01   1.418093249802e+00   3.602674899046e-02   3.850148657939e-01
  5.411896007530e-01  -4.984611805755e-01   1.593562298277e+00   8.802937752869e-04   3.238254301266e-01
  3.458083521508e-02  -4.291862722699e-01   1.873051877009e+00   6.385261966779e-02   3.224053855193e-02
  3.176365669001e-01   6.180482219990e-02   3.185243348119e-01  -4.276277200445e-02   2.289320241718e-01
  2.995587408142e-01  -1.488618801196e-01   5.552849378391e-01   9.248792240240e-02   2.193202637671e-01
 -7.732811103593e-02   2.005907491441e-01   6.708794450868e-01  -1.573520915077e-01  -8.036462513796e-02
 -2.248633104557e-01   6.003597977601e-01   2.003133045715e+00   1.123215223443e-01  -2.712618014331e-01
  8.242498968085e-01   1.065786815631e+00   5.861874243266e-01  -2.784024956812e-02   3.979072197417e-01
  1.289386044283e-01   3.313726452289e-01   1.432118146854e+00  -1.181378941188e-01   1.100254904642e-01
  8.038017359753e-01  -4.512735442741e-01   1.439431484986e+00   2.130541950249e-02   3.938030431487e-01
 -3.674425885150e-01   1.164360431732e+00   2.697312354467e-01  -1.876758856098e-01  -5.152059109728e-01
  2.843097386173e-01   1.364954211026e+00   1.502652103564e+00  -8.750218835516e-02   2.109480429910e-01
  4.193006771634e-01   1.149276267917e+00   6.051548432399e-01  -8.256558596961e-02   2.771689250786e-01
  6.168083717713e-01   1.420926720651e+00   1.485147003190e+00  -4.034689120888e-02   3.477198941414e-01
  4.725471437910e-01   7.226622666114e-02   4.300742009955e-01  -4.266630637103e-02   2.989039981072e-01
  4.183670881309e-01   1.084378412862e+00   4.235451783602e-01  -5.182581273379e-02   2.767675850921e-01
  1.197088768064e-01   5.639453224155e-01   1.820081224605e+00   5.344622853902e-02   1.030257162006e-01
 -2.266740998181e-01   1.102764103863e+00   6.310865593608e-03  -1.148332288172e-01  -2.739584105834e-01
  9.694189937099e-01  -2.960969286309e-01   1.112205749789e+00   5.775052141176e-02   4.228253279212e-01
  8.566142286823e-01   8.976481290879e-01   6.494996379571e-01   4.028684070438e-02   4.040813561198e-01
  6.918750103244e-01   7.754541244375e-01   9.182471947672e-01   7.773556480431e-02   3.682334099086e-01
  6.288877156927e-01   1.437619687216e+00   1.504116938567e+00  -3.196034181549e-02   3.512244313553e-01
  5.164821029572e-01  -4.079777209026e-01   1.509081775600e+00   5.095742727468e-02   3.152324381880e-01
  6.744224066501e-01   3.569982929693e-01   1.325129683169e+00  -6.265130190822e-02   3.637254413850e-01
  4.791993437277e-02   1.262964296059e+00   1.077694749749e+00  -1.459758738479e-01   4.411374793940e-02
  5.938649299758e-01  -2.654034125734e-01   1.054520283489e+00   8.613558121746e-02   3.408344784407e-01
  2.922167699900e-02   1.410857843015e+00   1.823677525818e+00  -7.922520364719e-02   2.738369318370e-02
 -2.849258215980e-01   9.808146338246e-01  -3.064471162723e-01   2.427352326275e-02  -3.659240746865e-01
 -3.817157921671e-01   1.462453356968e+00   2.404646416628e+00  -5.179184678808e-02  -5.435233146043e-01
  6.230791819929e-02   1.019490480505e+00   6.533396225645e-02  -1.764484338703e-02   5.658294329161e-02
  8.289990718399e-01  -3.171403961517e-01   1.184174675102e+00   6.294443409317e-02   3.988375070475e-01
 -4.345184549879e-02   1.368377461845e+00   1.706035696588e+00  -1.177040076603e-01  -4.367992953540e-02
  3.091783734269e-01   4.106319394803e-01   1.628340362669e+00  -6.062751150405e-02   2.244765809236e-01
  6.552827967513e-01   1.350151313782e+00   1.312982202826e+00  -6.594332452896e-02   3.586042211974e-01
  6.097772902963e-01   8.059776693141e-01   8.085819984404e-01   8.000636376824e-02   3.456421044410e-01
 -1.543144100007e-01   4.123283691022e-01   1.988704032166e+00  -9.315722912911e-02  -1.732025198247e-01
 -9.687174036206e-02  -1.343888448791e-01   2.708178402897e-01   1.258853700016e-01  -1.026439427563e-01
  8.385043274466e-01   8.205523376431e-01   8.088301108321e-01   6.175608701934e-02   4.006740501471e-01
  9.664002973246e-01  -1.057432016623e-01   6.897959457783e-01   3.726427592888e-02   4.223749797197e-01
 -4.012958952854e-01   6.550214136100e-01   1.827324761260e+00   1.867794364077e-01  -5.836587730488e-01
  8.949918727120e-01   5.394553605570e-01   1.409184760556e+00   1.588591538463e-02   4.109205926369e-01
  8.058117912195e-01   4.072351852124e-02   5.550051925945e-01  -1.785606695432e-02   3.942136906266e-01
  8.988688215957e-02   6.990027029608e-01   1.288833684512e+00   1.334968493048e-01   7.953853556547e-02
  9.510784007736e-01   5.660803221893e-01   1.365904536552e+00   2.474063322900e-02   4.200483187879e-01
  8.588519701728e-01  -2.880599076691e-01   1.103521433924e+00   6.512864481478e-02   4.044941818960e-01
 -4.024193918475e-01   3.649391686348e-01   1.974203014834e+00  -1.696225675518e-01  -5.860079987630e-01
  3.547284577837e-01   1.262237811153e+00   1.054573897524e+00  -1.086486964596e-01   2.476351887039e-01
  5.978883479658e-01  -1.005051317987e-01   5.463631231973e-01   5.089150764580e-02   3.420640431050e-01
  6.187170617468e-01  -1.502985719873e-01   6.770518529229e-01   6.844888546297e-02   3.482790978672e-01
 -3.053499527990e-01   1.368094444375e+00   1.906989987814e+00  -1.517459995698e-01  -4.006929016057e-01
  4.541378525873e-01  -3.914275246043e-01   1.501066332808e+00   6.242787416087e-02   2.916402868781e-01
  6.672769942460e-01   7.623004823497e-01   9.594134015285e-01   8.038869817148e-02   3.618355957405e-01
  2.633507260783e-01  -4.268324685630e-01   1.695293009440e+00   5.280156081373e-02   1.990318171657e-01
  4.458424139713e-01   1.393555051952e+00   1.510527299882e+00  -6.188774693144e-02   2.882819837860e-01
  4.940105363242e-01   1.107536334440e+00   5.152832759054e-01  -5.959171192513e-02   3.070536574855e-01
  8.319531498024e-02   1.132358206998e+00   3.782342285823e-01  -1.046217241902e-01   7.408035481325e-02
  5.428930182683e-01   1.130025931678e+00   5.943965684870e-01  -6.627186385668e-02   3.244029164303e-01
  5.867456329833e-01  -2.047964933292e-01   8.408097405786e-01   8.364536344451e-02   3.386353054038e-01
  7.096829974359e-01   8.912872515104e-01   6.085950416780e-01   4.885304631703e-02   3.726794983967e-01
  1.671343496674e-01   2.189713105403e-01   8.350945500334e-01  -1.280914889423e-01   1.377046365710e-01
  4.138642179063e-01   5.802106539034e-01   1.587648870401e+00   4.970814413992e-02   2.748216746865e-01
 -4.493914528475e-02   1.110812576958e+00   1.987918253913e-01  -1.027269104166e-01  -4.524075591275e-02
  5.875482033201e-01   6.405115466708e-01   1.360428296260e+00   6.726586285310e-02   3.388847337917e-01
 -4.646805096819e-02   9.651371212396e-01  -2.081094450913e-02   3.485730128550e-02  -4.684991583791e-02
  1.945668317632e-01   8.377484073611e-01   5.657359255718e-01   1.083164792519e-01   1.563635697136e-01
 -2.240295919301e-01   5.983457500154e-01   2.011506273210e+00   1.102768383261e-01  -2.700233970055e-01
 -3.340193833046e-01  -3.105351176354e-01   1.512233176054e+00   1.965082193556e-01  -4.518658803660e-01
  7.008363318035e-01   1.878398754090e-01   8.062415006314e-01  -7.218476052403e-02   3.704898414048e-01
 -4.152471315081e-01  -4.722028602706e-01   2.469408893106e+00   3.976953799676e-02  -6.131945027660e-01
 -7.654097545835e-02  -2.255127317774e-01   8.350161607767e-01   1.631757016329e-01  -7.948476996970e-02
  1.327885293302e-01   3.245962748222e-01   1.397465606330e+00  -1.204044246897e-01   1.129086470209e-01
  4.969983170765e-01   4.619436140954e-01   1.601792756734e+00  -2.250214686695e-02   3.081616210381e-01
  1.231345886312e-01   1.068696544161e+00   1.933522963787e-01  -5.698850572618e-02   1.056383003829e-01
  5.204768098671e-01   1.356055739316e+00   1.374316686511e+00  -7.301271114478e-02   3.166496340441e-01
  1.039098340433e-01   1.539121217954e-01   4.863754629465e-01  -1.142364266319e-01   9.075096494713e-02
 -4.071278979825e-01   4.981452625652e-01   2.480378438143e+00  -2.646275032603e-03  -5.959089862752e-01
  8.752033650419e-01   1.280310345407e+00   1.081438240280e+00  -6.479514236806e-02   4.074572996130e-01
  5.682203263959e-01   7.616101258779e-01   9.578493264316e-01   8.847012903852e-02   3.327693219041e-01
 -3.220688507206e-01   1.082510285236e+00  -1.847332788694e-01  -1.036663743113e-01  -4.301907915829e-01
 -1.104837442297e-01   1.471960390685e+00   2.095134684083e+00  -2.990375763985e-02  -1.186646877541e-01
  1.643263316067e-01   1.349271023287e-01   4.352535431454e-01  -9.816395728787e-02   1.357384323836e-01
  6.627765661453e-01  -3.017836684711e-01   1.168763896006e+00   7.673113777966e-02   3.606318767136e-01
  7.234639268469e-01   7.541450215195e-02   5.569028923858e-01  -3.485266250833e-02   3.760169253797e-01
  7.993417243225e-01   1.080752317601e+00   5.954623315965e-01  -3.449502469221e-02   3.928861763348e-01
  2.709871269812e-01   1.354282850036e-01   4.922426753104e-01  -8.882034914117e-02   2.034293304316e-01
 -8.732564066209e-02   2.217652762315e-01   8.080302112170e-01  -1.642328070831e-01  -9.165673035255e-02
 -1.283431600202e-01   1.084282993911e-01   1.209566553045e-01  -1.093174645971e-01  -1.403322051215e-01
 -1.205183960616e-01   1.434157713740e+00   2.028412590745e+00  -6.925452887292e-02  -1.307471238579e-01
 -1.514953235236e-01   1.449387875297e+00   2.099177903978e+00  -5.549808053884e-02  -1.695544354835e-01
 -4.395721260528e-01  -8.644701646077e-04  -5.274790986845e-01   1.272593457900e-03  -6.666306167145e-01
  7.577227300674e-01   5.168155028627e-01   1.479102837443e+00   7.793256293826e-03   3.839394699283e-01
  5.161166512856e-01   4.025734732001e-04   3.918938001266e-01  -2.359313441216e-04   3.151022418486e-01
  4.392896690341e-01  -4.477956069220e-01   1.619929349693e+00   3.235846709851e-02   2.855909650287e-01
  8.790926976009e-01   8.188695317601e-01   8.202676575610e-01   5.968185055989e-02   4.081484626760e-01
  3.964051986120e-01   9.317374997793e-02   4.311750228937e-01  -5.784187458349e-02   2.671150453508e-01
 -3.154851306619e-01   1.390156211916e+00   2.045148037301e+00  -1.323543759157e-01  -4.184612555357e-01
  1.083704236979e-01   7.864474542336e-01   7.955033191443e-01   1.345653189170e-01   9.425448359029e-02
  2.876018254602e-01  -4.882266106892e-02   2.774596101840e-01   3.510538615547e-02   2.127763964497e-01
 -3.847634603403e-01   9.829807736433e-01  -4.406345474294e-01   2.371994069341e-02  -5.496713474549e-01
 -1.669166138374e-01   1.195087105271e+00   6.027485191274e-01  -1.695363522683e-01  -1.897551744099e-01
  8.249546963080e-01   8.920673654581e-01   6.483559573093e-01   4.345260903076e-02   3.980458173657e-01
 -3.892774121434e-01   1.121442919737e+00  -5.174048418532e-02  -1.542657803225e-01  -5.588439179375e-01
  1.459004696865e-01   2.436017666191e-01   9.650814078182e-01  -1.331566905808e-01   1.225690257452e-01
  1.363386746884e-01   6.470956916432e-01   1.528270872224e+00   1.073505594681e-01   1.155484084253e-01
  3.873010923782e-02   6.104310492671e-01   1.740617521082e+00   9.449660144783e-02   3.596659400436e-02
  6.088721306698e-01  -2.515195163916e-01   1.005309295947e+00   8.529405110822e-02   3.453725645451e-01
 -2.597603726377e-02   1.086986445836e+00   1.240211220941e-01  -8.174146834082e-02  -2.567146113888e-02
  1.178110528971e-01   1.392122436930e+00   1.695340106701e+00  -8.586224702781e-02   1.015709172329e-01
  4.804835752175e-01  -4.675571836246e-01   1.616323534230e+00   1.954167464634e-02   3.019568187759e-01
 -2.989483920028e-01   7.725872954133e-01   8.113272174462e-01   2.025423656725e-01  -3.896476366122e-01
  4.527574117568e-01  -2.244605232682e-01   8.967176671854e-01   9.787327608982e-02   2.910851506369e-01
  1.621434236851e-02   2.237830384877e-01   8.385604623055e-01  -1.489617394264e-01   1.538475823559e-02
 -1.102709903611e-01   1.085948751461e+00   4.613896807696e-02  -8.770715378845e-02  -1.184110383333e-01
  4.470649949374e-01   7.915429256020e-01   8.322678531812e-01   9.631558625383e-02   2.887803102650e-01
  4.883967554787e-01   1.387842667174e+00   1.475800937600e+00  -6.205980188954e-02   3.049545538470e-01
  9.963090189168e-01   1.153956344550e+00   7.827501174500e-01  -4.834778980031e-02   4.267234011463e-01
  1.417977298737e-01   1.222091070604e-01   3.724915123525e-01  -9.293203115207e-02   1.195724865588e-01
  2.149277751191e-01   2.597501599016e-01   1.049769410859e+00  -1.244535732775e-01   1.695884903607e-01
  6.884558885253e-01   3.023223627920e-01   1.166289435509e+00  -7.476958254088e-02   3.673621617874e-01
  7.535628322832e-01   2.588254798611e-01   1.026809825585e+00  -7.408164050886e-02   3.830051413954e-01
  1.355566650566e-01  -3.150993420613e-01   1.349012748167e+00   1.234959097780e-01   1.149684842147e-01
 -3.573396034639e-01  -2.706907368781e-01   1.182934363578e+00   2.146166286754e-01  -4.956277335598e-01
  5.383240956050e-01   1.200873610849e+00   8.191734348063e-01  -8.698410213511e-02   3.228496893838e-01
 -1.355055570968e-01   6.026502708454e-01   1.910596669113e+00   1.050743344308e-01  -1.492335394847e-01
  1.139792001264e-01   1.822925631092e-01   6.302307499298e-01  -1.251783288031e-01   9.861729621576e-02
  4.240829226203e-01  -2.413432196686e-01   9.638737085977e-01   1.017744567973e-01   2.792134748453e-01
  9.244866488697e-01   6.501334023600e-02   6.234960567750e-01  -2.499627730823e-02   4.158435500240e-01
 -6.511257287403e-03  -2.526476560490e-01   1.016739661485e+00   1.543282503418e-01  -6.314705560079e-03
  9.041479325917e-02   1.097171369817e+00   2.490365653966e-01  -8.059915003925e-02   7.996615376501e-02
 -9.028276692914e-02   5.806173307835e-01   1.953923122209e+00   8.117888053011e-02  -9.503868740807e-02
 -9.290275689454e-02  -3.706580201121e-01   1.751954775604e+00   1.218092106187e-01  -9.805122175781e-02
 -2.570749072484e-01   3.580247987324e-01   1.804318475557e+00  -1.529541475858e-01  -3.206651093442e-01
 -1.525971995246e-01   1.373096859951e+00   1.809279117499e+00  -1.271352504865e-01  -1.709779765818e-01
  2.655337610388e-01   1.403057040174e+00   1.634978025989e+00  -6.794270165708e-02   2.002955580031e-01
 -1.084511117996e-01  -4.615074778960e-01   2.077864746277e+00   4.078365766666e-02  -1.162455877114e-01
  9.815006134609e-01   6.925911124454e-01   1.137055240046e+00   5.572981500158e-02   4.246017377451e-01
 -4.796819301502e-01  -7.251288291912e-04  -5.876874844600e-01   1.109540931550e-03  -7.604019376733e-01
 -2.691170322752e-01  -1.672349845186e-01   3.559627290181e-01   1.725205131127e-01  -3.399363277752e-01
 -3.942943994864e-01  -2.187380691897e-01   7.146156313978e-01   2.199776412134e-01  -5.691327627202e-01
  3.909890991329e-01   1.065146516673e+00   3.706301147474e-01  -4.188011496275e-02   2.646711249553e-01
 -4.002945052932e-01   6.628815986479e-02  -3.450260371418e-01  -9.126587737332e-02  -5.815691552338e-01
 -8.787228132092e-02  -5.151482543765e-02  -3.185850078723e-02   5.309591589622e-02  -9.228045180413e-02
 -1.335331548661e-02   4.730962357074e-01   1.998514182603e+00  -2.613917479849e-02  -1.303617614724e-02
  5.259209247380e-02  -1.165421264308e-01   2.930854227859e-01   9.747677598091e-02   4.820079934821e-02
  8.809857044717e-01  -4.711260064669e-01   1.420803439582e+00   1.183989661947e-02   4.084829939108e-01
  1.731311402048e-01   7.867673873766e-01   8.062198684433e-01   1.263639830335e-01   1.418681911206e-01
 -1.175159507855e-01   8.562938510126e-02   3.830202617531e-02  -8.802587100877e-02  -1.271074334345e-01
 -4.711792942398e-01   2.765886913726e-01   1.261857826407e+00  -2.381782720168e-01  -7.399139701874e-01
  2.148989575588e-01  -4.403008352641e-01   1.756410108267e+00   4.568257502595e-02   1.695701370437e-01
  4.223357214968e-01   1.460652086879e+00   1.645390347830e+00  -2.498510253073e-02   2.784686792807e-01
  7.503238699871e-01   1.033410316963e+00   5.254152987419e-01  -1.550959086632e-02   3.822724532600e-01
  6.155597774300e-01   9.717452581963e-01   4.561499993661e-01   1.496673214905e-02   3.473529690945e-01
  2.106023796359e-01   7.347152904929e-01   1.078274847444e+00   1.246313735198e-01   1.668222955949e-01
 -3.940504969314e-01  -3.012283532363e-01   1.462480844373e+00   2.127217541603e-01  -5.686302627585e-01
 -2.731570531800e-01  -2.980926187577e-01   1.387220168157e+00   1.905339835910e-01  -3.465024980372e-01
 -3.047153578662e-01   2.468457670430e-01   9.734182871115e-01  -2.056992580821e-01  -3.995918748195e-01
 -1.712933427615e-01   6.080936897848e-01   1.917752697070e+00   1.136416775587e-01  -1.955986051024e-01
 -1.687737296338e-01  -5.394463650826e-02  -1.096867396873e-01   6.000681502782e-02  -1.922286156600e-01
 -2.542887867499e-01  -1.185896692555e-01   6.087648328335e-02   1.328864395297e-01  -3.162697904513e-01
 -3.525582254459e-01   1.106921598411e+00  -9.940120694644e-02  -1.340953449327e-01  -4.864941649322e-01
 -4.138064565586e-01   9.638017594024e-01  -4.516653413016e-01   5.153406177813e-02  -6.101075901732e-01
  5.873062926561e-01   9.921667975857e-01   4.329016620154e-01   4.284584617090e-03   3.388095917334e-01
  8.652507533620e-01   1.260978943120e+00   1.029939712671e+00  -6.646573932641e-02   4.056648718989e-01
 -3.200236602957e-01   9.152165577283e-01  -1.726460628464e-01   1.060419293054e-01  -4.265311362548e-01
  6.522910074013e-01   5.689030416934e-01   1.484113264379e+00   3.431876193132e-02   3.577864903357e-01
  5.505485933375e-01   1.406299336389e+00   1.489221724170e+00  -5.010569689659e-02   3.269749993433e-01
 -2.956373359692e-01   2.819965617114e-01   1.265516743622e+00  -1.998398933874e-01  -3.839879864224e-01
 -4.490451225162e-01   9.970893750777e-01  -5.412530524939e-01   4.323831328254e-03  -6.881278118960e-01
  6.179171661803e-01  -4.895299283862e-01   1.550087871032e+00   5.558645606199e-03   3.480449966517e-01
  3.539360736292e-01   3.865645790422e-02   3.098828669629e-01  -2.622797233870e-02   2.472494560557e-01
  2.147542002194e-01  -2.129688255550e-01   8.125277818906e-01   1.213478681845e-01   1.694779286201e-01
 -2.218899149362e-01   1.485944405341e+00   2.233603492135e+00  -1.675390600661e-02  -2.668542162064e-01
  9.778693900339e-01   1.449633927132e+00   1.370336049752e+00  -1.860118118253e-02   4.240721655694e-01
  8.617148177586e-01   9.283868179189e-01   6.075371949071e-01   2.907567619607e-02   4.050197397084e-01
  4.194015178606e-01   3.186028525940e-01   1.278900839709e+00  -9.302081402581e-02   2.772122322197e-01
  6.836108001432e-02   3.592357699536e-01   1.593311663274e+00  -1.110874014120e-01   6.172638395077e-02
  2.444892018544e-01   1.008330922604e+00   2.110045839124e-01  -6.340516177764e-03   1.878887216710e-01
  6.711346877144e-01   1.418999618486e+00   1.457343659982e+00  -3.914105638028e-02   3.628591252864e-01
  7.057838128347e-02   4.315617257588e-01   1.849190392148e+00  -5.973806698805e-02   6.359548354643e-02
 -3.588438230347e-01   5.543868026400e-01   2.331454848922e+00   7.263755077491e-02  -4.985186003828e-01
  9.670620836950e-01   1.442651199308e+00   1.368478675497e+00  -2.129532135159e-02   4.224739335733e-01
 -4.401541826060e-01   8.437181652430e-02  -3.185830850593e-01  -1.185351313306e-01  -6.679401975757e-01
  7.109980388762e-01   1.261771733992e+00   1.037242430574e+00  -7.709123393465e-02   3.730018112425e-01
  6.308023946788e-02   1.355234147052e+00   1.577849863621e+00  -1.139184705585e-01   5.724253821218e-02
  6.669641880248e-01  -4.429913925575e-02   4.944092233258e-01   2.216037927858e-02   3.617522674241e-01
  1.245585502486e-01   1.304350982588e+00   1.297015634313e+00  -1.281783710569e-01   1.067192047702e-01
  1.323040788790e-01   9.618446502296e-01   1.448884203712e-01   3.206062386835e-02   1.125470242734e-01
  9.113876489806e-01   3.366518366703e-01   1.215192350087e+00  -5.451262783904e-02   4.136917111144e-01
  8.250539091188e-01   2.476538445253e-01   9.933442511812e-01  -6.924829239797e-02   3.980653122832e-01
 -4.398072713258e-01   1.284136184670e+00   1.325192105063e+00  -2.289777655186e-01  -6.671594979653e-01
  3.771113670140e-01   5.617489952412e-01   1.643605330312e+00   4.034598136846e-02   2.582913511967e-01
 -3.663187570887e-01  -5.100503793120e-02  -3.509128629510e-01   6.877575075520e-02  -5.130091887470e-01
  3.871313158780e-01   6.276147653865e-01   1.478849125001e+00   7.590172122855e-02   2.629147435406e-01
 -3.799615745169e-01  -1.320073135987e-01   2.606963524972e-02   1.631549060396e-01  -5.400008897033e-01
 -1.099628542225e-01   4.513820148163e-01   2.060323121171e+00  -5.128687029196e-02  -1.180438566307e-01
  4.829722954465e-01   7.585962479499e-01   9.661053682401e-01   9.616117751250e-02   3.029045492967e-01
  3.877868991492e-01  -3.045726413793e-01   1.231368302217e+00   9.940902335273e-02   2.632141410426e-01
 -2.562696050645e-01  -3.858703792718e-01   1.964870177394e+00   1.290442404099e-01  -3.193922571989e-01
  8.521068557590e-01   9.083248637202e-01   6.310823327953e-01   3.675172039946e-02   4.032443963924e-01
  5.403502149465e-01   4.484378139363e-01   1.563165449398e+00  -2.900717202139e-02   3.235401665410e-01
 -2.485145683014e-01   6.054110658007e-01   2.001970593291e+00   1.198483869708e-01  -3.072353238235e-01
  4.290257002197e-02   6.304791327464e-01   1.654711701177e+00   1.075861621607e-01   3.968354156960e-02
  9.599019098819e-02   3.264542719568e-01   1.421280864383e+00  -1.240051827519e-01   8.445586892815e-02
 -3.235992826590e-01   5.701194553753e-01   2.235530907113e+00   8.935079181434e-02  -4.329387926520e-01
  5.416643054706e-01   1.262675707030e-03   4.067001295439e-01  -7.219968794400e-04   3.239865533798e-01
 -1.078936258143e-01  -4.076647460457e-01   1.928025124201e+00   9.329193095249e-02  -1.155837605462e-01
  7.199436633412e-01  -8.316956857437e-02   5.670298828445e-01   3.825118843333e-02   3.751728097716e-01
 -6.447948983930e-02   1.108994412380e+00   1.758176673593e-01  -1.032423794161e-01  -6.616813685850e-02
  2.398588953413e-01   1.262840504582e+00   1.063958524993e+00  -1.213313454832e-01   1.850907148280e-01
 -2.235311740210e-01   3.511813779546e-01   1.736511720281e+00  -1.530861004552e-01  -2.692839976099e-01
 -1.801694074553e-02   2.356823290182e-01   9.085871510089e-01  -1.554395298651e-01  -1.766867340502e-02
  6.157940628550e-01   3.069319946183e-01   1.193417399545e+00  -7.936731834991e-02   3.474218859895e-01
  7.399671191384e-02   5.292040598001e-01   1.915537383702e+00   2.606107752350e-02   6.646139970837e-02
  3.247587018161e-01   1.274197134299e+00   1.110749703345e+00  -1.108701598975e-01   2.326277606384e-01
  6.036402268083e-01   4.632762500253e-01   1.544104932883e+00  -1.960625212069e-02   3.438053513748e-01
 -3.170122229598e-01   3.089717099048e-01   1.491501352551e+00  -1.940635112330e-01  -4.211686751447e-01
 -3.473411897122e-01   1.460657357190e+00   2.355102703938e+00  -5.245299228339e-02  -4.766239476822e-01
 -5.295073278649e-02   3.700408418229e-01   1.720583591341e+00  -1.176377739402e-01  -5.372580892155e-02
 -3.657035633767e-01   5.322774262350e-01   2.393384763678e+00   4.394829762886e-02  -5.118087004351e-01
  1.138031182027e-01   1.090670488363e+00   2.454071882657e-01  -7.413825028742e-02   9.848104598243e-02
  7.379869061906e-01  -4.325823468013e-01   1.447640755392e+00   3.095885524545e-02   3.794394286719e-01
 -5.368049695794e-02  -4.329754241078e-01   1.961085083472e+00   6.603107228810e-02  -5.450523136269e-02
  8.263735013025e-01   1.137697755727e+00   7.075608697496e-01  -5.265138098828e-02   3.983242525924e-01
  9.801333599419e-01   1.199095943153e-01   7.163986497350e-01  -4.080267853709e-02   4.244027744807e-01
 -4.639328451377e-01   1.693395949259e-01   2.409598039945e-01  -2.097097382217e-01  -7.227159888127e-01
  4.311854296905e-01  -1.835989537239e-01   7.325699379441e-01   9.254670323471e-02   2.822154356784e-01
 -4.723137137058e-01   1.347734035777e+00   1.908373902384e+00  -1.976282810558e-01  -7.426280976764e-01
  9.235129807988e-01   7.587038106963e-01   9.775539961022e-01   6.289219237761e-02   4.156854630629e-01
  1.610071934173e-01  -5.019629755666e-02   1.859655066345e-01   4.073977429619e-02   1.334005709388e-01
 -3.581023017747e-01   9.303575797127e-01  -2.791047333875e-01   9.178419003305e-02  -4.970924688998e-01
  3.716323234975e-01   1.113334400883e+00   4.708913520960e-01  -7.005365393529e-02   2.557251995200e-01
  5.301070029355e-01   9.150853511275e-01   4.834220550270e-01   4.680201167661e-02   3.200215942856e-01
 -4.278327678531e-01   1.099539482898e+00  -2.244359673904e-01  -1.356226621789e-01  -6.405292265181e-01
  6.062851798825e-01   7.988988280488e-01   8.313970896585e-01   8.150654316262e-02   3.445996204983e-01
  7.440158059102e-01   5.275174937921e-01   1.480917259957e+00   1.288241682384e-02   3.808323049682e-01
  1.681684244357e-01   4.831349952015e-01   1.845611149755e+00  -1.379580683955e-02   1.384260298733e-01
  9.654530001854e-01   9.722311966616e-01   6.116099225599e-01   1.050083741376e-02   4.222331149273e-01
  5.503174135172e-01   4.644680900485e-02   4.364872184030e-01  -2.596569841370e-02   3.268978831345e-01
  4.574378098262e-01   1.151310692717e+00   6.260670708787e-01  -8.032573349282e-02   2.929613748333e-01
 -2.241448751388e-01   1.485519885911e-01   2.613805348739e-01  -1.529870848849e-01  -2.701945199936e-01
  3.754897783116e-01  -3.999634380720e-03   3.038502795130e-01   2.683950575530e-03   2.575346892135e-01
  6.529880358857e-01  -2.488218816932e-01   9.960548956732e-01   8.174516010005e-02   3.579774272059e-01
 -4.954445382629e-01   7.773651211824e-01   7.241949683398e-01   2.436103249698e-01  -7.992832903067e-01
  8.580291088716e-01   7.909085359885e-01   8.888075174962e-01   6.488546212231e-02   4.043425847432e-01
  2.348529763214e-01   5.241825220367e-02   2.454125539453e-01  -3.956083310743e-02   1.820375074047e-01
  1.695114776896e-01   1.025765445195e+00   1.618236511871e-01  -2.099667679584e-02   1.393608294498e-01
 -1.336885057017e-01   1.061852677375e+00  -5.268334516028e-02  -6.611283104544e-02  -1.469636851658e-01
  6.531989076377e-02  -3.936612861612e-01   1.737079877162e+00   8.922863768766e-02   5.914975191327e-02
  7.355053460404e-01   1.434227326983e-01   6.944774502766e-01  -5.919377251592e-02   3.788613868069e-01
  9.891285486995e-02   1.459650366970e+00   1.880017152485e+00  -3.497338482679e-02   8.679020538448e-02
  2.758562654503e-01   6.856295600214e-01   1.301648975310e+00   1.080904573276e-01   2.061996768455e-01
 -6.626260180600e-02   8.932047638007e-01   1.651625002313e-01   1.016603268209e-01  -6.811735612222e-02
  7.300917195024e-01  -3.736949640632e-01   1.346989773381e+00   5.410276947693e-02   3.775907283125e-01
 -4.469250943858e-01   1.400421116993e+00   2.246951205347e+00  -1.381885784397e-01  -6.832826545914e-01
  9.468271623700e-01   1.012940055974e+00   5.998055021600e-01  -5.001794446174e-03   4.193904886819e-01
  2.384747053556e-01   1.007692940602e+00   2.062576687364e-01  -5.889392005753e-03   1.842494150540e-01
 -2.019191049767e-01   1.835336532142e-01   5.072845774355e-01  -1.703201616505e-01  -2.378963404570e-01
  1.630811742955e-01   7.373091354790e-01   1.068069659700e+00   1.306594832157e-01   1.348631484391e-01
  7.127582874399e-01   8.920766081644e-01   6.081831808605e-01   4.841099876924e-02   3.734319663784e-01
  9.790459006850e-01   5.651372718483e-01   1.357097963879e+00   2.375856378136e-02   4.242441521928e-01
  3.409039853448e-01   1.477349434217e+00   1.712692998239e+00  -1.566346091387e-02   2.408201781329e-01
  8.589042418561e-01   8.152774708602e-01   8.257367577271e-01   6.147328849139e-02   4.045038038785e-01
  2.798269879047e-01   1.211035750300e+00   8.149119735479e-01  -1.136350360278e-01   2.084396924914e-01
  2.913526950723e-01   7.231809646309e-01   1.126654580062e+00   1.141931487025e-01   2.148454572347e-01
 -4.252415308140e-01  -3.711247007432e-01   2.039039721218e+00   1.673286253171e-01  -6.348469863796e-01
  6.718007793087e-02   7.878051926771e-01   7.794426739813e-01   1.397310628939e-01   6.072757939334e-02
 -1.786356532325e-01  -2.749994432030e-01   1.185819078026e+00   1.799566425162e-01  -2.055128193672e-01
  4.263483449174e-01  -2.730477886856e-01   1.095684861955e+00   1.006383630567e-01   2.801754503634e-01
  6.101905691860e-01   1.063963472809e+00   4.888526866335e-01  -3.332298306102e-02   3.457650150106e-01
 -3.488198046005e-02   8.825382992958e-01   2.349144677105e-01   1.067304336876e-01  -3.477305256515e-02
  7.731243899564e-01  -4.697589917397e-01   1.466147638468e+00   1.375152679369e-02   3.873342514512e-01
  5.861097744512e-01  -2.102687586998e-01   8.595644197915e-01   8.448706241123e-02   3.384374147365e-01
  3.961106818065e-02  -1.953801808037e-01   6.761138887015e-01   1.390297836444e-01   3.675386884053e-02
  3.616248348764e-02  -4.370893948890e-01   1.891279348641e+00   5.703998051679e-02   3.366437724739e-02
 -3.537112134095e-01   1.210739028249e+00   6.566222927480e-01  -2.091581581983e-01  -4.886889504672e-01
  3.213254210044e-01   3.156693665021e-01   1.294211120578e+00  -1.030912985331e-01   2.308525350554e-01
 -2.362412973840e-01   1.283780356461e+00   1.264518798459e+00  -1.882789285826e-01  -2.883630691724e-01
  5.332510800756e-02  -2.352858057194e-01   9.123042748147e-01   1.450783134353e-01   4.883868377060e-02
  1.929948674692e-01   6.197774760634e-01   1.606039301824e+00   8.704796369657e-02   1.553207959179e-01
  9.747704194369e-01  -6.775962874890e-02   6.440388702811e-01   2.475959243757e-02   4.236172756573e-01
 -4.106674699259e-01   7.841873480642e-01   6.833466948051e-01   2.226211873877e-01  -6.034113424405e-01
  8.133194964706e-01  -4.736356206629e-01   1.450403007186e+00   1.154986853712e-02   3.957334970160e-01
  4.751351128005e-01   5.748399142779e-01   1.563944953126e+00   4.396450140148e-02   2.999046197597e-01
  9.881180115649e-01  -1.207400672131e-01   7.199538866580e-01   4.071459257679e-02   4.255573285790e-01
  3.070107122502e-01   1.069059886485e-01   4.177233892377e-01  -7.100671132932e-02   2.233230011610e-01
  4.338601764890e-01  -5.322815326795e-02   3.781953136174e-01   3.314240880426e-02   2.833353398715e-01
 -3.192756393505e-01   1.088800065310e+00  -1.539945792912e-01  -1.104673073472e-01  -4.251962297225e-01
  1.926775149979e-02  -4.313429298499e-01   1.891675169156e+00   6.295446088013e-02   1.822853057565e-02
 -2.274489764031e-03  -5.683905847457e-02   6.104016024543e-02   5.373875667689e-02  -2.196829975264e-03
 -3.807873400287e-01   7.708225416729e-01   8.116995286405e-01   2.194978035484e-01  -5.416575224610e-01
  6.868940006369e-01   9.709503780168e-01   4.927434833556e-01   1.436114098805e-02   3.669622526701e-01
 -3.080380810151e-01   1.448289766416e+00   2.275236335936e+00  -6.588660276023e-02  -4.053717873438e-01
  8.350337229962e-01   1.261819493971e+00   1.033180158129e+00  -6.840384782114e-02   4.000073794087e-01
  8.323066565605e-02   1.127174241726e+00   3.563729732073e-01  -1.014569836983e-01   7.410937503472e-02
 -1.795311934236e-01  -1.088191985901e-01   7.834602617224e-02   1.151931040352e-01  -2.067316826547e-01
  5.507293218528e-01   1.180593851799e+00   7.515620882510e-01  -8.177084235074e-02   3.270352622429e-01
  2.820411464150e-01  -6.153020572178e-02   2.942440814184e-01   4.406847138128e-02   2.096813471821e-01
  8.723704500249e-01  -2.895993819981e-01   1.106230650015e+00   6.413102533744e-02   4.069505982315e-01
  9.738449165603e-02  -3.169551648671e-01   1.371806658330e+00   1.274673803445e-01   8.557113955445e-02
  9.092749647894e-01   5.205017660829e-01   1.412868958098e+00   8.203046222641e-03   4.133395334793e-01
  4.850409268581e-01   2.512782350823e-02   3.811975604291e-01  -1.511112176916e-02   3.036888530776e-01
 -3.984382920925e-01   2.898271550337e-01   1.363565147870e+00  -2.181741206949e-01  -5.777064141864e-01
  2.550137937522e-01   1.413437914286e+00   1.669250173027e+00  -6.207629602224e-02   1.941564081029e-01
 -1.174834815894e-01  -1.786729064326e-01   5.147447064076e-01   1.548088097825e-01  -1.270681879205e-01
 -1.177255651772e-02   9.562614593211e-02   1.657252345475e-01  -8.770248560842e-02  -1.147539390251e-02
 -3.805194525325e-01   1.260420089688e+00   1.094407471355e+00  -2.208585141786e-01  -5.411198034335e-01
 -3.019385203675e-01   1.127067742019e+00   6.643573569930e-02  -1.469638308497e-01  -3.947898500473e-01
  8.763968597869e-01   4.723972973035e-01   1.423274371852e+00  -1.137414892162e-02   4.076699437274e-01
  9.560408447908e-01  -2.321205596960e-01   9.553859447271e-01   6.065768185184e-02   4.208094122389e-01
  4.019745886892e-01   3.127446081356e-01   1.260736754576e+00  -9.613315383099e-02   2.696016699589e-01
  4.462553798116e-01   5.052043951270e-01   1.650112958584e+00   3.261925593336e-03   2.884504408536e-01
  5.825320713248e-01  -2.872041308170e-01   1.132126938868e+00   8.511138247721e-02   3.373194360650e-01
 -4.052536204850e-01  -3.053514870534e-01   1.503658832323e+00   2.131013102105e-01  -5.919570105582e-01
 -3.696764779988e-01   8.083612363172e-01   4.880182067832e-01   2.044701045248e-01  -5.195865883577e-01
 -4.968816592275e-01   5.536696007394e-01   2.523326204281e+00   8.192086957440e-02  -8.028873248549e-01
  7.797324481677e-01   4.428149228158e-01   1.441556948864e+00  -2.543916877625e-02   3.887601645007e-01
 -3.637569292240e-01   1.324959688169e+00   1.644288311275e+00  -1.940736709763e-01  -5.080194058414e-01
 -6.449543119716e-02   8.928893882592e-02   9.898748096587e-02  -8.684132954226e-02  -6.618553358489e-02
  3.060873384968e-01   3.537568147979e-01   1.451724585301e+00  -9.078012978176e-02   2.228301369988e-01
  7.750421222182e-01   1.494791284036e-01   7.202458384220e-01  -5.865566732178e-02   3.877499395514e-01
  6.587456540134e-01  -1.883655439479e-02   4.736980019448e-01   9.599112234859e-03   3.595448377074e-01
  3.805458816195e-01   4.512267419805e-01   1.660698519513e+00  -3.206612382179e-02   2.598861686152e-01
  8.048265796704e-01  -3.012890486578e-01   1.145815418503e+00   6.698383303714e-02   3.940126140380e-01
  3.086301967297e-01   8.511108112312e-01   5.592584956274e-01   9.169446919590e-02   2.241853089673e-01
  4.311708063502e-01   7.582644576878e-01   9.657442323940e-01   1.010948757947e-01   2.822092970701e-01
 -3.890291097571e-01   1.216557106270e+00   6.965339644886e-01  -2.182468811694e-01  -5.583372784412e-01
  8.903349007790e-03  -6.372949643933e-02   8.697225273508e-02   5.927966110364e-02   8.507312483042e-03
  4.259953434836e-01   4.885232898688e-01   1.661562255023e+00  -7.329965628260e-03   2.800258300558e-01
 -4.634943834302e-01   1.103526643534e+00  -2.439286570609e-01  -1.451898042532e-01  -7.216830754790e-01
  9.772441043893e-01   1.087839867577e+00   6.679730629716e-01  -3.135828939700e-02   4.239806001825e-01
  2.388633706128e-01   1.323922008357e+00   1.355835473982e+00  -1.089361035338e-01   1.844858694244e-01
 -4.498481961027e-01   1.139673944234e-01  -1.637943720777e-01  -1.553288737257e-01  -6.899683499333e-01
  6.542272778598e-01   3.165536621152e-01   1.216169814941e+00  -7.461438931835e-02   3.583162596889e-01
  2.762458859726e-01  -1.337082861046e-01   4.886127104370e-01   8.752877487777e-02   2.064202340023e-01
  5.473593414951e-01   8.447596033547e-01   6.690684279923e-01   7.493374604342e-02   3.259081002734e-01
  1.662183013381e-02   9.685310936323e-02   1.925585843833e-01  -8.629239613688e-02   1.576523770454e-02
  5.139222534576e-01  -2.103113022644e-01   8.496042899290e-01   9.058028370062e-02   3.143185308916e-01
  4.751186151771e-01   1.146618625905e+00   6.173686119795e-01  -7.727219574330e-02   2.998982568541e-01
 -4.150035032604e-01   1.306662920896e+00   1.519952447055e+00  -2.144632529372e-01  -6.126718817690e-01
  7.383921697137e-01  -4.096672908955e-02   5.253220302355e-01   1.916607004695e-02   3.795335663165e-01
  9.304762673087e-01   1.364596859687e+00   1.268972018195e+00  -4.703541382680e-02   4.168095389854e-01
  9.832123982352e-01  -2.230923048434e-01   9.347674034467e-01   5.861690438868e-02   4.248500992917e-01
  3.071435586138e-02   2.183445627217e-01   8.081748513151e-01  -1.459745898126e-01   2.874150818933e-02
 -1.282628992595e-01  -3.227605892490e-03  -1.313442304708e-01   3.519613204232e-03  -1.402331526879e-01
  7.938593794721e-01   1.035730368650e+00   5.463772108384e-01  -1.588823844234e-02   3.917482906362e-01
 -1.932959824453e-01   8.033305828174e-01   6.038115878663e-01   1.745144847420e-01  -2.257331962826e-01
 -4.164974119794e-01   5.207645063381e-02  -4.146471723177e-01  -7.364579467798e-02  -6.158804163331e-01
  6.091971077240e-01  -3.987450174669e-01   1.447168415512e+00   5.066357992723e-02   3.454693908515e-01
  9.883311992188e-01   4.476770819348e-03   6.143752385225e-01  -1.664195964777e-03   4.255879119181e-01
 -1.298714098011e-01   1.196589742172e+00   6.267675033551e-01  -1.641381498735e-01  -1.422211949284e-01
  7.180647659127e-01   2.617455395577e-01   1.036907493430e+00  -7.656892130694e-02   3.747199236239e-01
 -3.075375250989e-01   9.623971841356e-01  -3.076244540284e-01   4.828935870122e-02  -4.044986949755e-01
 -2.092351087095e-01   9.347926621741e-01  -1.221633519873e-01   7.475020443448e-02  -2.483754671671e-01
 -4.445689257720e-01  -1.087756201073e-01  -1.901332033147e-01   1.486658802453e-01  -6.779209955119e-01
 -1.225835361182e-01   1.360424779694e+00   1.719668899717e+00  -1.327106722399e-01  -1.332628279742e-01
 -2.244371611076e-02   4.699131363643e-01   2.003660838822e+00  -2.945377808933e-02  -2.210459260101e-02
  7.991793655111e-01  -2.087171491170e-01   8.812662298194e-01   6.862921545607e-02   3.928526505103e-01
  3.295170986174e-01   6.610329909941e-01   1.386039910765e+00   9.465618778791e-02   2.350688124786e-01
  3.900363921368e-01  -3.654894034353e-01   1.455688190814e+00   7.879092029812e-02   2.642385877074e-01
  7.289111609422e-01   6.892427757635e-01   1.184541436159e+00   7.051009571042e-02   3.773118683354e-01
  8.187313676338e-01   6.789489373989e-01   1.196132723072e+00   6.285023475762e-02   3.968154770036e-01
 -1.680708591549e-01   1.397666113458e+00   1.941031836296e+00  -1.081376157454e-01  -1.912914403776e-01
 -2.623725972050e-02  -3.253937923984e-01   1.467876049324e+00   1.399888625047e-01  -2.593620407032e-02
  6.416591014448e-01   1.293061696004e-01   6.294506213004e-01  -5.999827615913e-02   3.548420710050e-01
 -3.621510595729e-01   1.309967562852e-01   3.602450666893e-02  -1.594426866732e-01  -5.049041239523e-01
  2.581050014102e-01   7.306571169421e-01   1.094537100984e+00   1.187232519791e-01   1.959732808804e-01
  4.713580353371e-01   7.008465926775e-01   1.192984237368e+00   9.277796164530e-02   2.984425606753e-01
  3.004499979501e-01   5.263055388112e-01   1.738394047561e+00   1.889190077598e-02   2.198020243079e-01
  2.905459086897e-01   1.343335971695e+00   1.418250223774e+00  -9.655443768737e-02   2.144016782812e-01
  7.277551682251e-02   1.422509513929e+00   1.823931038596e+00  -6.690398006963e-02   6.543972139540e-02
  5.322537609183e-01   3.468809561595e-01   1.342361565569e+00  -7.533937757116e-02   3.207647766628e-01
  2.120243571847e-01   1.991958815130e-03   1.848758080796e-01  -1.564901278143e-03   1.677342303507e-01
  1.443511547117e-01   1.058576599463e+00   1.881448130353e-01  -4.801943040894e-02   1.214402283330e-01
  5.105075347010e-01   4.094067907260e-01   1.515001084873e+00  -5.054444362920e-02   3.130923808021e-01
 -1.122913720366e-01  -2.913886908174e-01   1.286519823882e+00   1.651679643066e-01  -1.208239792003e-01
  2.718237682915e-01   7.226473497294e-01   1.131603722605e+00   1.162956840659e-01   2.039071979384e-01
 -2.321611420230e-01   3.679854428524e-02  -2.174664112637e-01  -4.396274006278e-02  -2.821873650765e-01
  7.082127885725e-01   4.464895378632e-01   1.477041336664e+00  -2.557202354655e-02   3.723181858854e-01
 -4.256599770327e-01   5.740740694258e-01   2.346845629210e+00   1.037507113301e-01  -6.357626632270e-01
 -4.818457944949e-01   3.468124787291e-02  -5.533935363642e-01  -5.275790916801e-02  -7.656698096606e-01
  6.956414662177e-02   3.860911417037e-01   1.705694299549e+00  -9.411741209777e-02   6.274151399706e-02
 -2.683769127455e-01   2.693993453797e-01   1.157477830661e+00  -1.971852700658e-01  -3.387389571021e-01
 -6.142192235779e-02   1.316286296299e+00   1.429222525408e+00  -1.488260762442e-01  -6.284129242815e-02
  1.238538161959e-01  -2.816448761147e-01   1.175298936460e+00   1.334442333562e-01   1.061846242615e-01
 -6.704898550414e-02   6.424959886637e-01   1.666999375201e+00   1.276935142529e-01  -6.897912710204e-02
  8.286151994097e-01   1.386543476112e+00   1.340398847760e+00  -4.513855489624e-02   3.987626285279e-01
  5.737110182167e-01  -4.804853989539e-01   1.570955184199e+00   1.079209878774e-02   3.345298260737e-01
  2.634607877125e-01   1.272367762186e+00   1.108667834001e+00  -1.178165393612e-01   1.990956583013e-01
  7.125159733885e-01  -3.602602515724e-01   1.321413304536e+00   5.939506021250e-02   3.733728382433e-01
  8.550137769750e-01  -4.303243405014e-01   1.397298864481e+00   2.852432451979e-02   4.037850055501e-01
  5.944640828190e-01   6.628528159315e-01   1.293561328890e+00   7.384537096556e-02   3.410181855643e-01
 -6.480060133048e-02   1.783010283058e-01   5.365271106437e-01  -1.469792582929e-01  -6.651866735215e-02
  6.325208984526e-01   5.314606744680e-01   1.532990345169e+00   1.637405680468e-02   3.522626509427e-01
 -2.463895896149e-01   6.003686392096e-01   2.024119624052e+00   1.146847817276e-01  -3.039357658625e-01
  9.137134891611e-01  -1.702739654312e-01   8.009188300069e-01   5.577175507769e-02   4.140777663005e-01
 -4.154595105995e-01   4.833933072822e-01   2.484297423396e+00  -2.384209141946e-02  -6.136502896577e-01
  3.391883420817e-01  -3.398323007824e-01   1.385776864023e+00   9.345771403563e-02   2.399616854904e-01
 -1.835563069590e-01   1.149092973673e+00   2.929795573844e-01  -1.474877158303e-01  -2.122360652233e-01
  2.902439733140e-01   1.036096542192e+00   2.633650732294e-01  -2.607445612914e-02   2.142354189014e-01
 -3.302815229217e-01   1.461016496588e+00   2.333761178395e+00  -5.113615126177e-02  -4.450326599582e-01
  2.636104214655e-01   2.979027611319e-01   1.229948173869e+00  -1.136242630523e-01   1.991824314829e-01
  1.398939765103e-01   1.378722700280e+00   1.632203813740e+00  -9.253654953486e-02   1.181739630145e-01
  5.831567297645e-01   1.095265092262e+00   5.290479191543e-01  -4.926799539006e-02   3.375151884149e-01
  4.181769787854e-01   2.625984841154e-01   1.052846679940e+00  -1.021859934096e-01   2.766857705655e-01
  9.963535008766e-01  -1.258939504346e-01   7.308397574542e-01   4.175130115348e-02   4.267296834760e-01
  4.335228478255e-01   9.205380023312e-01   4.218903723219e-01   4.835867226683e-02   2.831944198675e-01
  2.903816435678e-01   1.211682826511e+00   8.197682446692e-01  -1.125983303931e-01   2.143112384192e-01
  7.789598298966e-01   5.632567366824e-01   1.435233987158e+00   2.802466453091e-02   3.885943819356e-01
  7.532427837184e-01  -1.876201142988e-01   8.151668484142e-01   6.859043670007e-02   3.829329464572e-01
  2.663473311472e-01   7.517857805064e-01   9.913199964320e-01   1.186517076597e-01   2.007651685219e-01
  8.123431030886e-02   7.267502758858e-01   1.134602006764e+00   1.403231614320e-01   7.246741761690e-02
  3.854232294957e-01   1.046145362274e+00   3.390539195149e-01  -3.024603130228e-02   2.621329004288e-01
  7.923160000757e-01  -5.234950838825e-03   5.342601664922e-01   2.350567791635e-03   3.914257802361e-01
  6.998112139305e-01   1.027328073308e+00   4.980481905107e-01  -1.335146549505e-02   3.702336899085e-01
  5.203807395247e-01  -4.102828858333e-01   1.511913012359e+00   4.963431512425e-02   3.166156792223e-01
 -3.593784137470e-01   1.239373964483e+00   9.056709936176e-01  -2.163856280957e-01  -4.995480176883e-01
  7.088903512886e-03  -3.723776040171e-01   1.690625909295e+00   1.094806734193e-01   6.785401224980e-03
  7.862426964803e-01   2.947308318217e-01   1.130009331648e+00  -6.907443991902e-02   3.901473227867e-01
 -8.302940555772e-02   3.510298701153e-01   1.642409922777e+00  -1.337931631996e-01  -8.677750319188e-02
  9.780145356227e-01   1.257549465937e+00   1.018475150133e+00  -5.969613864174e-02   4.240934045776e-01
  2.540063558215e-01   5.010509352890e-01   1.782846983851e+00   7.929016107528e-04   1.935619386570e-01
  7.945536349932e-01   1.159869150336e+00   7.505242435871e-01  -6.018751529265e-02   3.918930523395e-01
 -1.741206420192e-01   1.208090300102e+00   6.921483964849e-01  -1.751553899776e-01  -1.993996631575e-01
  7.498841933056e-01   1.540168810672e-01   7.246657737841e-01  -6.132405336217e-02   3.821726405859e-01
  4.473088045776e-01   2.272498123094e-01   9.074311189177e-01  -9.865254108393e-02   2.888795472035e-01
  9.834143797861e-01   8.496948256257e-01   7.727704234118e-01   4.816553371894e-02   4.248793506274e-01
 -4.719674133029e-01   7.982504928679e-03  -5.739616956990e-01  -1.211875109869e-02  -7.417989357404e-01
  7.368438975638e-01   1.171742038575e+00   7.679077031376e-01  -6.646790642039e-02   3.791735255587e-01
  5.735533750369e-01   1.253402703322e+00   1.012300186823e+00  -8.823112919800e-02   3.344795396190e-01
 -1.034875782214e-01   1.069960872151e+00   1.606177852468e-04  -7.211942609592e-02  -1.103780066815e-01
 -8.564482249147e-02   1.546971621665e-01   3.878460938405e-01  -1.375978767540e-01  -8.974301492759e-02
  9.830680697724e-01   9.198099790114e-01   6.604448890851e-01   2.871354154065e-02   4.248291904038e-01
 -3.103405401422e-01   6.980441286764e-01   1.432479363430e+00   1.959333085559e-01  -4.093987078496e-01
  7.650529998126e-01   1.165695201809e+00   7.582766806360e-01  -6.332260881490e-02   3.855677540218e-01
  9.741111115325e-01   1.324400332772e+00   1.176241731190e+00  -5.355247507387e-02   4.235201465196e-01
  1.722708856686e-01   1.097020949633e+00   3.055434548088e-01  -7.438453240310e-02   1.412738714561e-01
 -1.963739929880e-01  -9.875932264733e-02   1.691956060676e-02   1.077686689281e-01  -2.300516288973e-01
  2.007774178787e-01  -1.811318549478e-01   6.544387759111e-01   1.147495497154e-01   1.604526447701e-01
  5.776341518592e-01   1.210255873404e+00   8.583676418002e-01  -8.517824588211e-02   3.357763538775e-01
  4.855643771596e-01   1.661881352986e-01   6.852307714121e-01  -8.304677306929e-02   3.038868194705e-01
  1.352213321182e-01   3.775289816116e-01   1.630493980087e+00  -9.368217200641e-02   1.147195394603e-01
  8.143939849757e-01   1.389427581323e+00   1.350445796026e+00  -4.479479677189e-02   3.959492153516e-01
 -2.567740135432e-01   2.005945744136e-01   6.087727927975e-01  -1.870606541123e-01  -3.201892887166e-01
 -1.385428085403e-02   2.611994302260e-02   1.760477184937e-04  -2.539684155224e-02  -1.353180378214e-02
  9.500326247844e-01  -2.368163385207e-01   9.668803578372e-01   6.118642227193e-02   4.198869965743e-01
  3.131397864013e-01   3.006547876888e-01   1.231408590508e+00  -1.077303789786e-01   2.265723420529e-01
  7.026468979748e-01   4.714344356144e-01   1.499891822582e+00  -1.391162323594e-02   3.709410223769e-01
 -3.534169236881e-01   5.937353016267e-02  -3.091010352023e-01  -7.858760620716e-02  -4.881282876799e-01
  5.488423734947e-01   4.610679760905e-02   4.353247035696e-01  -2.581766104608e-02   3.264050341921e-01
 -3.670728996221e-01   4.185115027941e-01   2.241754310405e+00  -1.070409579218e-01  -5.144827650482e-01
  7.742168810293e-01   4.084418078511e-01   1.397866318757e+00  -3.957187036350e-02   3.875712483975e-01
  3.555050059311e-01  -2.926525266243e-01   1.187982730038e+00   1.050022599332e-01   2.480126412251e-01
 -2.680213096988e-02   7.279950980758e-01   1.141427124853e+00   1.558956236434e-01  -2.650914402666e-02
 -4.430160313266e-01   1.313349496454e+00   1.594042068812e+00  -2.166961993850e-01  -6.744005435103e-01
  4.808793956628e-01   9.726580911504e-01   3.801469036143e-01   1.649604713176e-02   3.021078555090e-01
 -1.898598750182e-01   5.928070189764e-02  -1.184482013060e-01  -6.702702612865e-02  -2.209425239398e-01
  3.224647097141e-01   4.828958540706e-01   1.728652598167e+00  -1.205753469409e-02   2.314429229635e-01
  9.148721195637e-01   3.141635396223e-01   1.162450938993e+00  -5.842117562474e-02   4.142694370113e-01
 -3.239192132456e-01   4.424904096296e-01   2.278154632083e+00  -7.409407874805e-02  -4.335142762535e-01
  9.969569111208e-01   1.476619304381e-01   7.706004022844e-01  -4.696311708580e-02   4.268148518471e-01
  4.559142499420e-01  -2.663958764971e-01   1.066271137260e+00   9.832184190381e-02   2.923524847969e-01
 -1.608501171433e-02  -1.165462256519e-01   2.447312932085e-01   1.041497444216e-01  -1.574458586892e-02
  2.398565259602e-02  -4.783019866531e-01   1.968082302570e+00   2.037017676246e-02   2.258973925284e-02
  6.944741938488e-01   1.228255320728e+00   9.302553870885e-01  -7.781152961942e-02   3.688918934912e-01
  3.069304565123e-01   1.014602433958e+00   2.591938223348e-01  -1.045468637991e-02   2.232801982935e-01
  3.965879438826e-01   5.699984738796e-01   1.617414411766e+00   4.456205118354e-02   2.671970618483e-01
 -4.473350510945e-01  -4.254453119686e-01   2.373183973029e+00   1.065773021706e-01  -6.842180348920e-01
 -1.585814167977e-01  -4.206680481883e-01   2.023356905849e+00   8.543712458098e-02  -1.787621558576e-01
  2.163780731600e-01   2.846916875842e-01   1.175548169088e+00  -1.215670285872e-01   1.705108402000e-01
  5.136353561171e-01  -2.946051063270e-01   1.168610041176e+00   8.984942616353e-02   3.142158226492e-01
 -1.858467468221e-01   1.498606491670e+00   2.196104125916e+00  -1.606385538335e-03  -2.153873814825e-01
 -4.612626366554e-01  -3.790813558883e-01   2.130840521442e+00   1.647774700092e-01  -7.164391097787e-01
 -2.961039544434e-01   1.446934131082e+00   2.256990699237e+00  -6.677779230336e-02  -3.847834013445e-01
  9.147306719397e-01   9.989677289441e-01   5.858736131465e-01   4.119958803570e-04   4.142460604481e-01
 -4.220768836944e-01   1.008422912615e+00  -4.998596606948e-01  -1.218649387006e-02  -6.279457191627e-01
  1.167607108614e-02  -3.557272234827e-01   1.609612552462e+00   1.194150395760e-01   1.112702435812e-02
 -2.418361813165e-01   2.349164643070e-01   8.805317348397e-01  -1.927732665139e-01  -2.969108092208e-01
  5.005115074129e-01   2.308155256565e-01   9.257682206886e-01  -9.400042039702e-02   3.094562868950e-01
  9.251601535026e-01  -3.058727965268e-01   1.140993651636e+00   5.905094193273e-02   4.159527283063e-01
 -4.549836522507e-02  -4.428293772010e-01   1.978136765569e+00   5.633728833747e-02  -4.582878006794e-02
  7.749647785425e-01  -1.644188987000e-01   7.573032865036e-01   6.242409420192e-02   3.877332042365e-01
  9.308618775525e-01   1.472891158309e+00   1.401846077344e+00  -1.060130785122e-02   4.168713478595e-01
  6.504797710040e-01  -4.883387950363e-01   1.532815353110e+00   5.998717678086e-03   3.572891376981e-01
  2.852443143291e-01   1.101861498413e+00   3.906970699599e-01  -6.958523422087e-02   2.114682658416e-01
  6.218192203475e-01   6.100062657171e-01   1.423160643221e+00   5.369930176657e-02   3.491835837378e-01
  7.805926597621e-01   1.283503350511e+00   1.098478396027e+00  -7.069210467341e-02   3.889444519530e-01
  3.776020219684e-01   4.571263047482e-01   1.669890107982e+00  -2.836882899265e-02   2.585198338106e-01
 -9.593798439686e-02   3.448484248007e-01   1.615667293221e+00  -1.392398219032e-01  -1.015602814953e-01
  3.114551447639e-01   2.787465599845e-02   2.706330436280e-01  -1.979649898671e-02   2.256830479929e-01
  7.655688794059e-01   9.727652522016e-01   5.288237160002e-01   1.248921593079e-02   3.856814829626e-01
 -8.440075943245e-02   2.864738031320e-01   1.246421412731e+00  -1.620317857087e-01  -8.833055956873e-02
  8.337391789644e-01  -2.549738261525e-01   1.013990736455e+00   6.864500643939e-02   3.997575653684e-01
  9.542112115948e-01   1.013267026509e+00   6.027106571765e-01  -5.091528881218e-03   4.205296470102e-01
 -2.058237143566e-01   1.022164969744e+00  -2.075959353671e-01  -2.596387041053e-02  -2.434707434690e-01
 -1.829628535373e-01   1.249508826674e+00   9.963187734718e-01  -1.829602662354e-01  -2.114218253606e-01
  5.873508126683e-01   8.452600522391e-01   6.801038276939e-01   7.194671010080e-02   3.388234231276e-01
 -4.560605115277e-01   5.027208207599e-01   2.551741535888e+00   4.069319210545e-03  -7.043028244332e-01
 -1.491304780734e-01   3.067346212079e-01   1.402910870772e+00  -1.659585651169e-01  -1.665094210392e-01
 -3.412972969787e-01   4.611400162133e-01   2.348257375560e+00  -5.152144016533e-02  -4.653127903224e-01
 -3.222917049537e-01  -3.162194382504e-01   1.551386556996e+00   1.914017959124e-01  -4.305904383718e-01
  8.713475496595e-01   4.083040480777e-01   1.362109083149e+00  -3.608377598950e-02   4.067669590928e-01
  7.787077739278e-01   6.596757928042e-01   1.253798687430e+00   6.106646150863e-02   3.885402442474e-01
 -2.195521345582e-01   4.638590264785e-01   2.203921147781e+00  -4.266915422193e-02  -2.634065235770e-01
 -3.967044975710e-01   1.068811427456e+00  -3.308115653195e-01  -9.419859548466e-02  -5.741108855926e-01
 -1.880968345650e-01   3.806095145836e-01   1.876984918739e+00  -1.253525131232e-01  -2.184967554866e-01
  7.910686298164e-01   1.443288418381e+00   1.437245261399e+00  -2.496333903466e-02   3.911644230680e-01
  6.235763225079e-01   1.901282963035e-01   7.985749898584e-01  -7.821699791902e-02   3.496935019606e-01
  2.746527054943e-01   1.450722348017e+00   1.730948394101e+00  -3.586689413804e-02   2.055173162043e-01
  8.171961263103e-01   1.949717313151e-01   8.458147369620e-01  -6.565259903877e-02   3.965096864484e-01
  6.818378963767e-01   4.758245153423e-01   1.512376216590e+00  -1.203046981134e-02   3.656593890245e-01
  9.701647109252e-01   7.373271027880e-01   1.031227486697e+00   6.002639979460e-02   4.229361757031e-01
  9.138994955766e-01   2.940842711676e-01   1.113340668831e+00  -6.114943386099e-02   4.141085659489e-01
  3.994668931395e-01   7.466060580902e-01   1.014509605588e+00   1.043483911846e-01   2.684853356470e-01
  1.589606524242e-02   1.092231141706e-01   2.381457052677e-01  -9.571501537284e-02   1.508736858990e-02
  9.530628476391e-01  -4.743513834666e-01   1.393943659548e+00   9.822924787175e-03   4.203535485520e-01
  7.264987556163e-01   1.427704260384e+00   1.446157568824e+00  -3.341637031325e-02   3.767400566136e-01
  2.125284663499e-01   1.497803816239e+00   1.814714519891e+00  -1.724494560318e-03   1.680569232023e-01
 -2.795601456054e-01  -4.423342860895e-03  -3.087037984287e-01   5.580382110649e-03  -3.570146321545e-01
 -4.579250851801e-01   1.417042411571e+00   2.348292900135e+00  -1.187497697561e-01  -7.086387919441e-01
  8.916023944364e-01   9.866237713617e-01   5.780250600603e-01   5.452613637430e-03   4.103367178411e-01
  8.023449230213e-01   9.481238832902e-01   5.627898400678e-01   2.266683715340e-02   3.935044252193e-01
  4.446389662272e-01   1.330772884903e-01   5.632999786934e-01  -7.415171664605e-02   2.877903078243e-01
 -3.848988565084e-02   9.522723812032e-01   8.524196877489e-03   4.702305444759e-02  -3.850491572620e-02
 -4.645341973073e-01  -1.053822373774e-01  -2.340442152389e-01   1.475522068306e-01  -7.241340543991e-01
 -3.256401361324e-01   4.857880548923e-01   2.363207500210e+00  -1.872113178197e-02  -4.366159276640e-01
  2.102807949269e-02  -3.375866034199e-01   1.512470960324e+00   1.281149759217e-01   1.986041059986e-02
 -3.576451697349e-01  -4.691003318081e-01   2.385014705021e+00   4.177087202983e-02  -4.962143043409e-01
 -4.902549607804e-01   6.745356015197e-01   1.732351788005e+00   2.188809528322e-01  -7.863515877511e-01
  3.189302283821e-01   2.335181487021e-01   9.239810315013e-01  -1.121915029689e-01   2.296070923556e-01
  3.717038645419e-01  -2.235735095777e-01   8.844828893708e-01   1.057280348465e-01   2.557588812295e-01
  8.341462177850e-01  -4.667287520093e-01   1.437835332825e+00   1.424727492852e-02   3.998361806925e-01
 -3.503475663627e-01   1.191070933632e+00   4.928020705027e-01  -2.004201975092e-01  -4.822996525305e-01
 -9.456735574073e-02   7.106257658171e-01   1.268246263420e+00   1.629044430042e-01  -9.997314038651e-02
  7.991474347369e-02   1.033188846757e+00   9.418414293097e-02  -2.940031896223e-02   7.137863004837e-02
 -1.151626090847e-01   3.290668250851e-01   1.532551651699e+00  -1.506702705665e-01  -1.242693023350e-01
  2.040397924426e-01   1.038054479066e+00   2.018855112846e-01  -2.984142654444e-02   1.625810756825e-01
  5.306671377066e-01  -4.604135094783e-01   1.581186908281e+00   2.264178112985e-02   3.202158029660e-01
  6.465801077026e-01  -3.306848051297e-01   1.260364995983e+00   7.190838581259e-02   3.562124060387e-01
  2.236702677156e-01   1.028421719765e+00   2.067293373561e-01  -2.196256972466e-02   1.751096023783e-01
 -2.270138195743e-01   1.171497054138e+00   4.107134325722e-01  -1.681408529643e-01  -2.744653671467e-01
 -4.403585505158e-01   1.113584796444e+00  -1.556082649745e-01  -1.534891230081e-01  -6.684003576932e-01
  6.712867802809e-01   7.325542292645e-02   5.308534319864e-01  -3.567716526384e-02   3.628993230019e-01
  5.709397358546e-01  -3.904826241037e-01   1.445554677334e+00   5.618838868989e-02   3.336435866702e-01
 -4.731871261052e-01   9.411558831704e-02  -3.098733142890e-01  -1.349148290734e-01  -7.447218064056e-01
  1.638463499747e-01   2.356592142033e-01   9.231599656894e-01  -1.304479951011e-01   1.354012778481e-01
  2.139427526898e-01   1.326355783311e+00   1.375566528577e+00  -1.107161715431e-01   1.689605711703e-01
 -1.287189881081e-01  -4.447670997988e-01   2.064584735397e+00   5.905820638651e-02  -1.407962308019e-01
 -4.933110459605e-01  -4.478457083016e-02  -5.454266108469e-01   6.851979374226e-02  -7.939512625954e-01
  6.368841582658e-01  -4.122193223365e-01   1.461030260012e+00   4.350574881695e-02   3.534999268362e-01
 -3.329685126180e-01   7.504288584443e-02  -2.279601573226e-01  -9.603281577337e-02  -4.499397955900e-01
  8.408850599829e-01   1.100327159656e+00   6.407824539983e-01  -4.020452695667e-02   4.011287945810e-01
 -1.302166581029e-01   8.660037429449e-01   2.449160752508e-01   1.297112136982e-01  -1.426487094014e-01
 -9.419479170655e-02   1.346313986523e+00   1.622952888672e+00  -1.381320943264e-01  -9.954244825732e-02
  6.959742351030e-02   1.077714991665e-01   2.711975886211e-01  -8.987153868774e-02   6.276955910762e-02
  4.612704829129e-01   2.737142260677e-01   1.095173750323e+00  -9.724737896212e-02   2.944852174345e-01
  1.376166299070e-01  -3.634724240605e-02   1.469477838634e-01   3.041240700275e-02   1.164942374777e-01
 -2.316715984798e-01  -4.882198241558e-01   2.246736761962e+00   1.418014857310e-02  -2.814496521933e-01
 -1.722069594534e-01   4.381415518877e-01   2.092478993156e+00  -6.861925549672e-02  -1.968246187411e-01
 -1.716982439137e-01  -4.663401977823e-01   2.153660176661e+00   3.799208449923e-02  -1.961416894949e-01
  3.174630817120e-01  -2.655782390256e-01   1.071966644348e+00   1.124147316845e-01   2.288413667522e-01
  7.439534428936e-01   9.402795755138e-01   5.457444902017e-01   2.744502367723e-02   3.808179797291e-01
 -3.914441993259e-01   1.644680944486e-01   2.534895084789e-01  -1.921451768287e-01  -5.632753648221e-01
 -2.328105902440e-01   1.236954548615e+00   8.975304607816e-01  -1.913206832249e-01  -2.831671196661e-01
  7.927043025593e-01  -3.494738048719e-01   1.272553234827e+00   5.794197970191e-02   3.915070117409e-01
 -6.381485952211e-02   6.830486972280e-01   1.434273315044e+00   1.488926681360e-01  -6.544330454171e-02
  9.116919844275e-01  -2.112064275078e-01   8.997591979989e-01   6.182484250478e-02   4.137423247809e-01
  7.066172900077e-01   3.449855958582e-01   1.284439700210e+00  -6.420991619437e-02   3.719249224664e-01
 -4.467576634829e-01   2.752446828769e-01   1.242949680499e+00  -2.329609248512e-01  -6.829008473444e-01
  6.431692971708e-01   4.758275996735e-01   1.531832513993e+00  -1.248568106595e-02   3.552639930243e-01
 -1.549018100439e-01   7.216455573991e-03  -1.598107426757e-01  -8.071773524963e-03  -1.739651530297e-01
  6.358453293335e-02  -2.304326443995e-01   8.846535518821e-01   1.431780787540e-01   5.767269650700e-02
 -2.077325448015e-01   9.709507020388e-01  -2.013546513058e-01   3.401164140241e-02  -2.462111850126e-01
 -3.803181432993e-01   3.354457474700e-01   1.737877672274e+00  -1.901571783191e-01  -5.407159067630e-01
  1.578114678213e-02  -2.392274727998e-01   9.333867455607e-01   1.507229950168e-01   1.497994701358e-02
  6.097017020335e-01   7.878118062262e-01   8.692248838891e-01   8.283572660635e-02   3.456196136372e-01
 -3.697774396893e-01  -5.615872998771e-02  -3.401472810834e-01   7.570017629561e-02  -5.197850209982e-01
  2.103800224376e-01   1.353686709017e+00   1.495086404035e+00  -9.958519344926e-02   1.666794685928e-01
  2.702521573264e-01  -1.987273582296e-01   7.559864352122e-01   1.121320003444e-01   2.030088987957e-01
 -2.159831570644e-01   1.030117883965e+00  -2.094172718106e-01  -3.552945864342e-02  -2.581729676136e-01
  5.948407081292e-01  -4.523834829987e-01   1.538638012302e+00   2.548299088864e-02   3.411335546501e-01
  5.602331042065e-01   1.386702161902e+00   1.441258040512e+00  -5.839516003945e-02   3.301748488734e-01
  4.366064036684e-01   1.488764895369e+00   1.654902442154e+00  -7.102906579646e-03   2.844791811046e-01
  9.071403358020e-02   9.729393682907e-01   9.692490100510e-02   2.378129062306e-02   8.020835105790e-02
 -4.511674844471e-01   1.737594751916e-02  -5.354704063010e-01  -2.581549227684e-02  -6.929981750613e-01
  6.192434042911e-02   6.607853458144e-01   1.500853607117e+00   1.223843125783e-01   5.625498659293e-02
  3.244070423038e-01  -4.043578153383e-02   2.919723798863e-01   2.820096599434e-02   2.324464697392e-01
  7.047535457291e-01   4.000011305819e-01   1.410192072235e+00  -4.571114260539e-02   3.714640069009e-01
 -4.324916547333e-01   8.571563037631e-01   5.399478064515e-02   1.819207858887e-01  -6.508172070403e-01
  5.474019365705e-01   7.975180262134e-01   8.264385755428e-01   8.649986512097e-02   3.259223928409e-01
 -4.952446019193e-01   7.816511412597e-01   6.815904909948e-01   2.423361899345e-01  -7.987826773977e-01
 -2.816450152639e-01   7.686961424231e-01   8.462502894486e-01   1.998290164870e-01  -3.604655147178e-01
  8.309217488315e-01   8.595508148041e-01   7.147914566250e-01   5.318528468755e-02   3.992117136927e-01
  5.188930643158e-01  -4.743156397362e-02   4.202509852848e-01   2.731482533899e-02   3.160890763014e-01
 -4.344781269294e-01   2.682242617392e-01   1.173672055002e+00  -2.316202083613e-01  -6.552320032490e-01
  3.046444433274e-01  -1.352435702512e-01   5.077982173075e-01   8.589795327316e-02   2.220582122378e-01
  2.198776433727e-02  -2.168121996518e-01   7.973234694322e-01   1.469149392490e-01   2.074773958313e-02
 -4.243988735902e-01   3.700943503832e-01   2.031117842924e+00  -1.682202005358e-01  -6.330052573294e-01
  1.884880695789e-01   3.524553364375e-01   1.500497357132e+00  -1.023055871961e-01   1.523136052669e-01
 -3.506915773774e-01  -4.157614841013e-01   2.210252970475e+00   1.085879238709e-01  -4.829512065932e-01
  2.764746768431e-01   1.029401286837e+00   2.469405292783e-01  -2.158419166376e-02   2.065496712233e-01
 -1.805943331021e-01   1.333314328209e+00   1.594932124080e+00  -1.580986215055e-01  -2.081813890809e-01
 -2.896350537007e-01  -3.728419088082e-01   1.922022379509e+00   1.453118267376e-01  -3.738198096623e-01
  6.871592264862e-01   3.716513863751e-01   1.356897811751e+00  -5.709586008578e-02   3.670302465544e-01
 -3.717950756453e-01   3.535825252409e-01   1.866913338998e+00  -1.746140427306e-01  -5.237586408124e-01
  8.268877328736e-01   1.488090708765e+00   1.449460418242e+00  -5.168316908873e-03   3.984249807808e-01
  9.313800902056e-01  -1.477496784303e-01   7.558144958731e-01   5.004759404423e-02   4.169543390509e-01
  5.042711932790e-02   4.162864533399e-01   1.823803898001e+00  -7.335609591164e-02   4.631152705226e-02
 -3.941229275478e-01   5.161393652722e-01   2.454528446981e+00   2.270183919523e-02  -5.687794631943e-01
 -1.971622540006e-01   2.441719081142e-01   9.557278205125e-01  -1.853577386211e-01  -2.311616818926e-01
 -1.323902232820e-01   1.089647985176e+00   3.942603200993e-02  -9.304626300148e-02  -1.453467376382e-01
  3.615042373025e-02   4.115822189656e-01   1.820522463293e+00  -7.812593444456e-02   3.365353717116e-02
  2.050578090121e-01   6.443557006709e-01   1.505621321320e+00   9.915091563099e-02   1.632425125385e-01
 -4.338024251459e-01   9.203438298834e-01  -3.327153155659e-01   1.118049627916e-01  -6.537284056620e-01
  2.296009101054e-01   1.128503132211e+00   4.458677326005e-01  -8.882152852030e-02   1.788023433883e-01
  9.870017740934e-01   9.064202170355e-01   6.785972790863e-01   3.286369955822e-02   4.253969907664e-01
 -1.708224554566e-03   1.197388464015e-01   2.687061694178e-01  -1.049877085041e-01  -1.648998494008e-03
 -3.079650751517e-01  -2.668496392646e-01   1.142185990078e+00   2.052294887302e-01  -4.052443947241e-01
 -1.332706109761e-01   4.290625913594e-03  -1.366380868019e-01  -4.701194456129e-03  -1.464427759723e-01
  4.917966594159e-01   1.312494401960e+00   1.238211467778e+00  -8.821893685047e-02   3.062285565338e-01
 -3.808337479489e-01   7.389317679228e-01   1.100300916682e+00   2.208646017391e-01  -5.417507032986e-01
  4.505312719211e-01   1.011588019178e+00   3.539305172759e-01  -7.227980092330e-03   2.901868039826e-01
 -1.214584590509e-01   2.974395742322e-01   1.330146468898e+00  -1.648279675359e-01  -1.318910444535e-01
  2.409452182249e-01  -1.363798977099e-01   4.809002863505e-01   9.190722892120e-02   1.857494030863e-01
 -1.901974753372e-01   4.218738686502e-01   2.059338569566e+00  -8.685188125732e-02  -2.214118070521e-01
 -2.804215754750e-01   1.903585607545e-01   5.203934896183e-01  -1.870314310146e-01  -3.584387924968e-01
  7.747572255892e-01   1.424692655140e+00   1.421871389075e+00  -3.312810687665e-02   3.876882824267e-01
  4.760783944569e-02   1.461964461057e+00   1.928008483090e+00  -3.468020559558e-02   4.383942383896e-02
 -3.188361294062e-02   2.083464921330e-01   7.331869925206e-01  -1.527842041633e-01  -3.169135403520e-02
  6.908389096391e-02   1.211016866209e+00   7.731230028727e-01  -1.392211799191e-01   6.233656354560e-02
  3.073455008089e-01   6.040922657183e-01   1.590179016639e+00   6.939434474451e-02   2.235014828522e-01
 -1.709223567809e-01   8.566208277791e-01   2.678903197208e-01   1.417635782905e-01  -1.951013822732e-01
 -9.281768658759e-02   1.109153004618e+00   1.536882193860e-01  -1.062302581453e-01  -9.795316649638e-02
 -2.488731589530e-02  -4.964663963270e-01   2.024022423519e+00   3.487858062856e-03  -2.456950154406e-02
  3.807282732474e-01   1.173551053891e+00   6.798396728663e-01  -9.424776979721e-02   2.599705673362e-01
 -7.183141822136e-02   1.886715511705e-01   5.971853526689e-01  -1.523248915936e-01  -7.424825257541e-02
 -3.298574963537e-01   1.018129093594e+00  -3.653289611642e-01  -2.395838692705e-02  -4.442605972974e-01
  9.401221347209e-01   6.112796342484e-01   1.309301621884e+00   3.989419623086e-02   4.183419453566e-01
 -7.020566062829e-02   3.950334379886e-01   1.845604806477e+00  -1.005637841500e-01  -7.245159496896e-02
 -9.402830834580e-02   9.314856406109e-02   8.737201118928e-02  -9.277014735290e-02  -9.935008983002e-02
  3.283741596240e-01   3.490569442893e-01   1.424829315413e+00  -9.081463994039e-02   2.344845274972e-01
 -2.544255548744e-01   5.087463185327e-01   2.275948023712e+00   1.076603791519e-02  -3.164850022049e-01
  9.361813206801e-01   5.177542862803e-01   1.403140181885e+00   6.926696581571e-03   4.177193217861e-01
  9.695791181180e-02   1.053201209087e+00   1.396225230163e-01  -4.583338463006e-02   8.523024583132e-02
 -8.969612840774e-02   1.129654071951e+00   2.519193467266e-01  -1.216585959214e-01  -9.436623679598e-02
  3.904289441482e-01   2.977085626465e-01   1.202693392842e+00  -1.005902022040e-01   2.644169059461e-01
  6.394841080760e-02   7.497958956970e-01   1.001205775574e+00   1.442163421833e-01   5.798282183117e-02
  5.317777689262e-01   8.607974073262e-01   6.158762231434e-01   7.049803010299e-02   3.206002590597e-01
  4.949651313378e-01  -3.281744429869e-01   1.292733631793e+00   8.394052165699e-02   3.074083453715e-01
 -3.852002887499e-01   3.264010627423e-02  -4.191446844289e-01  -4.527803361051e-02  -5.505555203349e-01
 -3.089282433295e-01   8.178228933973e-01   4.432859341078e-01   1.881018174326e-01  -4.069265314359e-01
 -3.628367369560e-01   1.317088007222e+00   1.580431244834e+00  -1.985459373484e-01  -5.062331136022e-01
  9.882836425617e-01   1.353248944492e+00   1.233088372999e+00  -4.715347411255e-02   4.255810906544e-01
  3.394725940121e-01   1.851364253843e-01   7.142372111410e-01  -1.015272087949e-01   2.401041189173e-01
  3.770564731794e-01   9.926449503241e-01   3.054233933456e-01   4.926916638308e-03   2.582657754182e-01
  1.962797080021e-01   9.166671824817e-01   2.832311516991e-01   6.347394712756e-02   1.574962271668e-01
  6.589170007626e-01  -2.842244762092e-01   1.113077593088e+00   7.940956061068e-02   3.595912178400e-01
 -2.345404498591e-01   1.155510998436e+00   2.986931139026e-01  -1.593817858269e-01  -2.857827698455e-01
 -1.092634349848e-01   1.088738103287e+00   5.722246789276e-02  -9.017013319007e-02  -1.172112223529e-01
  3.593874426330e-03   5.435246038211e-02   6.100672993834e-02  -5.119179333930e-02   3.451593882215e-03
  7.199847187330e-01  -3.721746683223e-01   1.346967879085e+00   5.514320907491e-02   3.751826873922e-01
  6.764132530370e-01   1.324226662394e+00   1.234298368407e+00  -7.138698657468e-02   3.642473682650e-01
  4.813356898941e-01   3.514514852665e-01   1.374245540075e+00  -7.751233753415e-02   3.022818248395e-01
  3.846950714909e-02   2.039729288550e-01   7.251971345026e-01  -1.416638284308e-01   3.573344887690e-02
  6.831941621314e-01   1.102119217619e-01   6.015699756470e-01  -5.069413750534e-02   3.660101204685e-01
  1.068433274905e-01   7.331777420318e-01   1.095177924151e+00   1.376039184062e-01   9.305843293788e-02
  2.843630099977e-01   8.726406926877e-01   4.704203348158e-01   8.367377857609e-02   2.109777212003e-01
  9.020395786393e-01   7.799615453801e-01   9.215433607161e-01   6.316734634741e-02   4.121224938147e-01
 -3.914496136699e-01   1.044161819095e+00  -4.024977666049e-01  -6.127169308865e-02  -5.632864612702e-01
 -3.189683320382e-01  -4.212585100260e-01   2.196822488658e+00   9.903821634243e-02  -4.246483714068e-01
 -2.814955086785e-01  -4.933811004744e-01   2.310519487476e+00   8.364497966420e-03  -3.602175891344e-01
 -1.267877145749e-01  -1.793725597364e-01   5.148554855647e-01   1.565318388056e-01  -1.384153054213e-01
 -1.582792822025e-02   3.599380558009e-01   1.646917255959e+00  -1.200396948346e-01  -1.548908557742e-02
  1.675755175378e-01  -2.998063366520e-01   1.261947521862e+00   1.241708559720e-01   1.380125808507e-01
  1.393387352370e-01   1.098402189707e+00   2.875206589159e-01  -7.773455310498e-02   1.177651075351e-01
  9.712780939267e-02   1.104131693662e+00   2.774177428994e-01  -8.500616391622e-02   8.536605005954e-02
  9.785682240924e-01   1.084943612503e+00   6.647359567553e-01  -3.038757950712e-02   4.241743707099e-01
 -3.310823564072e-01   2.980101059598e-01   1.408770437152e+00  -2.015055643328e-01  -4.464925306753e-01
  7.218916020743e-01  -3.961410622600e-01   1.396245181409e+00   4.644993887378e-02   3.756406090684e-01
  3.238528555569e-01  -4.794102165640e-01   1.725784748066e+00   1.448278560312e-02   2.321605205161e-01
  4.099865646240e-01  -1.811667107907e-01   7.176712352396e-01   9.380608435171e-02   2.731323634272e-01
  1.107411480826e-01   9.658330801830e-01   1.218589612233e-01   2.936801458525e-02   9.610431879205e-02
 -2.734793467071e-01  -4.269458426876e-01   2.166835465567e+00   8.845249117699e-02  -3.470285211840e-01
 -6.301841763718e-02   7.242979439530e-01   1.170857714451e+00   1.608676118730e-01  -6.457594336883e-02
  9.696172325177e-01   9.226702493118e-01   6.526620890815e-01   2.813531926594e-02   4.228548108502e-01
  2.219481552335e-01   1.291719340973e+00   1.209236055285e+00  -1.196161228806e-01   1.740293891271e-01
 -7.301233297201e-02   1.170344680096e+00   4.851640147082e-01  -1.443813958613e-01  -7.555683992519e-02
  9.561629524163e-01   8.766082879111e-01   7.157959624923e-01   4.272014001579e-02   4.208280483534e-01
  6.631480363686e-01   5.178404323865e-01   1.524453523328e+00   9.055175435958e-03   3.607316288294e-01
  8.948971337907e-01   4.630570132871e-01   1.410806136566e+00  -1.489458768750e-02   4.109043245856e-01
  3.740558947279e-01  -2.513346149949e-01   1.005847506739e+00   1.069559487289e-01   2.568636407012e-01
  4.490886773584e-01   2.256216457787e-01   9.010262870378e-01  -9.833330946284e-02   2.896025910728e-01
  6.061316503667e-01   1.158649583335e+00   6.972512848294e-01  -7.181847163428e-02   3.445536267989e-01
  7.721116550957e-01   1.325469765191e-01   6.803188345122e-01  -5.391962437300e-02   3.871141100440e-01
  3.505047163773e-01   1.176732447007e+00   6.830875737702e-01  -9.802454332202e-02   2.455722549595e-01
  2.913639324791e-01  -3.773800792074e-02   2.659502059861e-01   2.720898229505e-02   2.148516335835e-01
  3.313232205698e-01   1.420895222162e+00   1.638727699062e+00  -5.314440823156e-02   2.359895048720e-01
  8.416680439580e-01   6.667377226843e-01   1.222001645208e+00   5.903981352686e-02   4.012778971594e-01
  1.371995349579e-01   1.494844969620e-01   4.827222966362e-01  -1.084645767156e-01   1.161857968800e-01
 -1.084626060113e-02   1.023101953780e-01   1.911894145855e-01  -9.291473045720e-02  -1.056301133296e-02
  4.354011352228e-01   1.154567286983e+00   6.290655285966e-01  -8.323143039684e-02   2.839779157370e-01
  1.069459056891e-01   6.574179146740e-01   1.495643353435e+00   1.156051887370e-01   9.313888446900e-02
 -4.407612523968e-01   2.516927729269e-01   1.016264839157e+00  -2.345498095555e-01  -6.693076224185e-01
 -2.363239628311e-01  -2.048541214643e-01   6.485440448688e-01   1.849188657786e-01  -2.884886938662e-01
  3.556993678198e-01  -3.709357514467e-01   1.488910701300e+00   7.892236890975e-02   2.481070252827e-01
  9.181315393166e-01   6.296389154830e-02   6.191030744197e-01  -2.439956139549e-02   4.148063483649e-01
  8.496070765903e-01   1.046107235192e+00   5.774148727296e-01  -1.932131478220e-02   4.027770761507e-01
 -8.662677364289e-02  -4.523221158341e-01   2.038655726091e+00   4.920613381229e-02  -9.086027395586e-02
  3.347241837454e-01  -1.866408542095e-01   7.192247469529e-01   1.024045449972e-01   2.377145106765e-01
  3.384227147107e-01   1.379547091102e+00   1.524685518876e+00  -7.600638027961e-02   2.395776552629e-01
  8.874254268647e-01   2.406728059147e-01   9.750969334329e-01  -6.510354199103e-02   4.096119226677e-01
  5.657720308175e-01   3.502197782668e-01   1.341382011693e+00  -7.186199192140e-02   3.319782880785e-01
 -2.708442169814e-01  -4.045323397736e-01   2.071615306977e+00   1.124123281157e-01  -3.427372328049e-01
  7.140078178277e-01  -4.970836731010e-01   1.502436420440e+00   1.412297065936e-03   3.737364318854e-01
  4.623738242737e-01   1.258418007793e+00   1.033858008494e+00  -9.809508040612e-02   2.949218150624e-01
  6.718002699409e-01   1.329220757680e-01   6.487843232799e-01  -5.951967025511e-02   3.630349501176e-01
  7.049595459014e-01   1.017149824920e+00   4.960181348069e-01  -8.362193259263e-03   3.715150334559e-01
  4.686510994992e-01  -2.543315669409e-01   1.017322823375e+00   9.760381484626e-02   2.973881728253e-01
 -1.863869042073e-01  -4.302308330819e-01   2.083610333577e+00   7.791757218476e-02  -2.161325900177e-01
 -4.807007345168e-01  -4.154664912155e-01   2.370311347803e+00   1.234723404796e-01  -7.628794537024e-01
 -1.339806434431e-01  -3.325467645945e-01   1.564037917453e+00   1.515724445142e-01  -1.473280865148e-01
  2.260648599365e-01   7.634947538297e-01   9.318908416755e-01   1.229131716994e-01   1.766056888788e-01
  2.492940760655e-02   1.491704365452e-01   4.220593575154e-01  -1.206841069088e-01   2.345739250453e-02
  2.062219258328e-01  -2.521849385077e-01   1.011253609358e+00   1.257261814163e-01   1.639972863171e-01
 -4.633517996734e-01   3.596269533511e-01   1.993412381208e+00  -1.850695989151e-01  -7.213473695128e-01
  7.377646971471e-01   8.018771631000e-01   8.427288786923e-01   7.136732434628e-02   3.793877810700e-01
  8.209609820180e-01  -7.178590051736e-02   5.920302624215e-01   3.030830558393e-02   3.972579650872e-01
 -2.984281293432e-01   3.491131677182e-01   1.777632778204e+00  -1.661085872268e-01  -3.887559482973e-01
  8.431864175908e-01  -1.629212712698e-01   7.691710312181e-01   5.812126866984e-02   4.015663984900e-01
  5.011339853011e-01   1.328233607474e-03   3.830689206267e-01  -7.897348928332e-04   3.096847668835e-01
  1.815469822459e-01   1.424909061350e+00   1.747770581535e+00  -5.852315373156e-02   1.476307175712e-01
  6.386375918844e-01   9.943566763740e-01   4.599587258350e-01   2.938353901351e-03   3.539942188665e-01
 -3.038596144836e-01  -3.046599080849e-01   1.451291380383e+00   1.935652688744e-01  -3.981092847750e-01
  8.031521698339e-01   1.112378267718e+00   6.491092579744e-01  -4.589637174358e-02   3.936699984791e-01
 -3.486953798779e-01  -2.273011196705e-01   8.010900716849e-01   2.124680961438e-01  -4.791764377824e-01
 -1.127222727563e-01   5.862214224040e-01   1.955133721735e+00   8.816572129563e-02  -1.213398205986e-01
 -4.470690225925e-01   6.352919338153e-01   2.015361161476e+00   1.773071861309e-01  -6.836109650974e-01
  6.707767890995e-01   5.768157572381e-01   1.464054323910e+00   3.729618477771e-02   3.627644870007e-01
 -4.371704444068e-01   1.348949078486e+00   1.887606598358e+00  -1.900130642445e-01  -6.612425358480e-01
  5.809734857829e-01   1.242197123389e+00   9.720040127749e-01  -8.751717347632e-02   3.368299853774e-01
  5.369179542277e-01   9.660103357280e-01   4.175021265847e-01   1.937649197989e-02   3.223689057215e-01
 -4.601726426508e-02   1.464052664813e-01   3.666175328344e-01  -1.275558572958e-01  -4.637497369159e-02
 -3.615928040227e-01   1.234612675419e+00   8.632240158645e-01  -2.163171776785e-01  -5.038234015144e-01
 -1.090641031946e-01   1.196936782795e+00   6.364652783296e-01  -1.610014642784e-01  -1.169741302548e-01
  6.809706092374e-01  -8.256440719384e-02   5.494770223490e-01   3.945275456728e-02   3.654346267582e-01
  7.890730510580e-01   8.402387560790e-02   5.961938364416e-01  -3.611880856652e-02   3.907449873669e-01
 -3.128402809367e-01   9.693741558612e-01  -3.269289645188e-01   3.965546940902e-02  -4.137909483858e-01
 -2.665581339690e-02  -7.540547230284e-02   8.699728881005e-02   7.180396479472e-02  -2.636067656172e-02
 -1.836833857650e-01   1.821750569174e-01   5.065721818705e-01  -1.667130389335e-01  -2.124105431139e-01
  3.324863829333e-01   1.059053674234e+00   3.235575593918e-01  -4.036774214309e-02   2.365807463733e-01
  4.699364025254e-01   1.136330423798e+00   5.835499158703e-01  -7.368669200810e-02   2.978895015623e-01
  3.969951687916e-01   1.202211662293e+00   7.982586104992e-01  -9.994016565499e-02   2.673797214414e-01
 -4.687625132429e-01   4.486052250586e-01   2.489877106819e+00  -7.647226341617e-02  -7.341515114040e-01
  6.854033784507e-02  -1.820833517889e-01   6.125578256029e-01   1.307038391268e-01   6.187778837416e-02
 -1.893670382728e-01   8.368338000081e-02  -3.809427028831e-02  -9.239735892224e-02  -2.202580016568e-01
  1.984418853691e-01   1.079304914185e+00   2.745020812217e-01  -6.054523155053e-02   1.589206605504e-01
  6.626200707496e-01   2.633596614865e-01   1.044271823568e+00  -8.070689482095e-02   3.605898311049e-01
 -3.774639969565e-03  -4.260925220045e-01   1.897360396587e+00   6.894548271797e-02  -3.651039126879e-03
  7.808150460682e-01   5.406561193539e-01   1.455895529072e+00   1.826183834732e-02   3.889920452017e-01
  9.667562681738e-01   2.444867522462e-01   9.863583347884e-01  -6.037908220740e-02   4.224282220806e-01
  8.190965665231e-01  -3.611124144564e-01   1.291904748928e+00   5.335813839852e-02   3.968880844714e-01
  4.467176895637e-01   7.942846764380e-02   4.291297338026e-01  -4.772917111857e-02   2.886388672840e-01
 -8.210339141443e-03   4.445939908245e-01   1.947481068236e+00  -5.274065776317e-02  -7.975578115260e-03
 -2.214872270188e-01   1.456179870808e+00   2.191322604827e+00  -5.162209730060e-02  -2.662592353380e-01
 -3.151475310756e-01   1.182707881607e+00   4.440565957220e-01  -1.895180786429e-01  -4.178637917608e-01
  5.762007371756e-01   1.397413583794e+00   1.458748237686e+00  -5.289105858543e-02   3.353219963217e-01
  7.863989900120e-01  -1.781956118825e-01   7.956609532655e-01   6.469185402826e-02   3.901804112320e-01
 -3.694113115819e-01   7.978404761853e-01   5.773006985574e-01   2.091574194348e-01  -5.190656074835e-01
  6.128580779974e-01   9.215091397493e-01   5.120394862260e-01   4.022716422199e-02   3.465559902414e-01
  9.453242087077e-01   1.165848043215e-01   7.010409620156e-01  -4.124583845958e-02   4.191566312297e-01
  4.032496919987e-01   1.142424773472e+00   5.758439456776e-01  -8.112802032524e-02   2.701672332902e-01
  4.070690105994e-01   6.485978258255e-02   3.798248487848e-01  -4.106479673934e-02   2.718529724447e-01
  8.214409353461e-01  -1.948555479009e-01   8.461330598840e-01   6.536735862620e-02   3.973529678923e-01
  5.473541087758e-01   5.752662886598e-01   1.525310822941e+00   4.122461961042e-02   3.259063443793e-01
  6.927864490618e-01   8.458563854700e-01   7.094266975555e-01   6.482863970361e-02   3.684646917260e-01
  4.760557617169e-01   5.093893646556e-01   1.630945708077e+00   5.716004724828e-03   3.002593808294e-01
  1.348629262621e-01   1.081136410523e+00   2.335384250573e-01  -6.572826543855e-02   1.144532878608e-01
  7.488989818037e-01   1.499067209884e+00   1.485895602706e+00  -4.368094316617e-04   3.819486766110e-01
  7.356266760160e-02   7.573281056960e-01   9.571225765420e-01   1.427349378818e-01   6.609854426124e-02
  5.016400803757e-01  -4.557786641522e-01   1.593001370481e+00   2.594355485912e-02   3.098703267196e-01
  2.315782986383e-01   7.912403648122e-01   7.950230733332e-01   1.186062623218e-01   1.800242193966e-01
  3.985875850977e-01   8.533151304405e-02   4.145240918016e-01  -5.336194593865e-02   2.680926204032e-01
  3.811391847349e-01   1.095655201330e+00   4.287809949982e-01  -6.007246496959e-02   2.601606011711e-01
 -1.770785391898e-01   3.629318012677e-01   1.772744546094e+00  -1.380169386014e-01  -2.033985325900e-01
  7.886456069600e-01   4.128940045439e-01   1.399335016890e+00  -3.732678576187e-02   3.906549361181e-01
  6.492777503277e-01   8.007519326546e-01   8.323152311520e-01   7.790425085415e-02   3.569581115553e-01
 -4.161741123735e-01  -3.728440955525e-01   2.041622043765e+00   1.641563638304e-01  -6.151852677409e-01
 -4.542928632893e-01   1.313235257154e+00   1.599507989667e+00  -2.191301449281e-01  -7.002066160585e-01
  4.170538549942e-02   8.428294241060e-01   4.709458656254e-01   1.229812690293e-01   3.862011159625e-02
 -3.761998476508e-01  -3.508737475700e-02  -4.022220996365e-01   4.819973957255e-02  -5.324874710909e-01
  5.062318099600e-01   1.132397160011e+00   5.865248293197e-01  -6.960781496076e-02   3.115456394674e-01
  3.726644014465e-01   6.518514103424e-01   1.403832746970e+00   8.737478933985e-02   2.562106549803e-01
  7.539625782608e-02  -8.360133985967e-02   1.954543562095e-01   7.152495687313e-02   6.762933666941e-02
 -2.839894348972e-01   2.378944129111e-01   9.000897909805e-01  -2.010878141345e-01  -3.643626058767e-01
  6.950747481067e-01  -4.772515997468e-01   1.506555429400e+00   1.118174653574e-02   3.690435707898e-01
 -3.016042529836e-01  -1.962227862084e-01   5.566791892233e-01   1.935250978013e-01  -3.942135279415e-01
  9.748586873756e-01  -3.734037115693e-01   1.273565148095e+00   4.281080227526e-02   4.236302699101e-01
  9.741018395122e-01   7.824536657201e-01   9.208005498121e-01   5.874627712815e-02   4.235187796867e-01
 -1.706024819120e-01   3.928050195927e-01   1.921308083535e+00  -1.127698752138e-01  -1.946729476871e-01
  5.126606850769e-01   1.141019652323e+00   6.141039429770e-01  -7.248939892684e-02   3.138664692918e-01
  8.725797843508e-01   4.745691796525e-02   5.877276818366e-01  -1.943519984348e-02   4.069881349709e-01
  2.269237272439e-01  -2.469821610414e-01   9.847639772172e-01   1.232321121703e-01   1.771406092611e-01
  8.312163655415e-01   4.443960699494e-01   1.421729971208e+00  -2.356628713070e-02   3.992689319013e-01
  2.074833402127e-01  -2.713155680608e-01   1.109329181456e+00   1.244606275788e-01   1.648132349773e-01
  4.809404707288e-01   1.335756667708e+00   1.322796863813e+00  -8.281886038286e-02   3.021311502059e-01
  7.323386107162e-01   6.217076078081e-01   1.356260366427e+00   5.242934054910e-02   3.781197170125e-01
  6.473154085163e-01   7.160039054119e-01   1.113597623749e+00   8.032750070799e-02   3.564160487483e-01
 -3.743784071231e-01  -2.396195714623e-01   9.065063247876e-01   2.195588316271e-01  -5.288689777667e-01
  8.420943628366e-01   1.101534271894e+00   6.431968736745e-01  -4.057394515618e-02   4.013589859206e-01
  8.699675038821e-01  -7.772615427369e-02   6.181548004073e-01   3.111731039639e-02   4.065186279369e-01
 -1.368261616923e-01   3.380151686833e-02  -1.153189544912e-01  -3.688881797145e-02  -1.508882298186e-01
 -9.325991743152e-02   1.286430423185e+00   1.248243939288e+00  -1.634315087189e-01  -9.846307403533e-02
  9.022535441788e-01   6.729439641026e-01   1.195096380720e+00   5.690113804871e-02   4.121587283028e-01
  4.076006561827e-01   4.000022231845e-01   1.546212882240e+00  -6.086820343251e-02   2.720866433553e-01
  3.434379485602e-01   1.455796206791e+00   1.690691970665e+00  -3.020484976318e-02   2.420829691017e-01
  7.826462725306e-01  -3.261285947520e-01   1.216503056406e+00   6.404773694606e-02   3.893831742338e-01
  8.144330615637e-01   1.163355656166e+00   7.637492857559e-01  -5.985350238122e-02   3.959570520975e-01
  4.614942481544e-01   1.369880043885e-01   5.821525262188e-01  -7.455409687584e-02   2.945738375201e-01
 -3.010417433558e-01   8.125200852751e-01   4.883509955267e-01   1.893969932948e-01  -3.932445231915e-01
  3.902660761680e-01   6.796871865645e-01   1.293527718738e+00   9.519154380990e-02   2.643429389253e-01
  2.268575468499e-01   8.999316994316e-01   3.500625191731e-01   7.249445074521e-02   1.770994222197e-01
  7.073758169538e-01   4.336889185007e-02   5.129177263517e-01  -2.087758597279e-02   3.721120373465e-01
 -9.000366498268e-02   7.295211492356e-01   1.139944928150e+00   1.658997994231e-01  -9.471866426829e-02
  6.795163438624e-01   4.431749438030e-01   1.486742902761e+00  -2.784989455568e-02   3.650569015834e-01
  3.368798864543e-01   4.095590923729e-01   1.609179319655e+00  -5.966155855292e-02   2.388020658697e-01
  6.828336369064e-01   1.277090650662e+00   1.087720683658e+00  -7.828166520787e-02   3.659169777982e-01
 -2.040718506554e-01   5.563600625808e-01   2.141810948012e+00   6.474857126122e-02  -2.409645113494e-01
  2.606988611120e-01  -1.629849957830e-01   5.956073390269e-01   1.019153266207e-01   1.974895041591e-01
 -3.352863517461e-01  -2.541651824679e-02  -3.638655199859e-01   3.369471660948e-02  -4.541932323859e-01
  1.262893762758e-01   1.271614004495e+00   1.119872972475e+00  -1.345565959311e-01   1.080290562385e-01
 -4.771100761582e-01  -2.577539132731e-01   1.077129777047e+00   2.426373927011e-01  -7.541693341681e-01
 -1.292174837890e-01   2.366020249020e-01   9.047665354442e-01  -1.731104241839e-01  -1.414122299829e-01
  3.912542726583e-01  -3.637936924019e-01   1.449661316124e+00   7.943783883470e-02   2.647913748000e-01
  5.530136534145e-01  -3.025130313055e-01   1.190141025507e+00   8.516008584698e-02   3.277951528720e-01
 -4.675630775468e-01   1.436058450903e+00   2.444316178789e+00  -9.412258861852e-02  -7.313015849611e-01
  5.260916784690e-01   6.359572622899e-01   1.395577142510e+00   6.966275230690e-02   3.186232540380e-01
  8.825326376361e-01   6.967196238673e-01   1.140353444405e+00   6.188624103630e-02   4.087554623327e-01
  2.449128868430e-01  -1.063013266317e-01   3.799497194711e-01   7.502514118919e-02   1.881435016779e-01
 -1.749267132426e-01   3.893841293624e-01   1.909074395352e+00  -1.162645247347e-01  -2.004871559422e-01
  5.349819170253e-01  -2.870587788122e-01   1.137792080055e+00   8.912178583252e-02   3.217048058592e-01
 -4.256035022598e-01  -4.773668320078e-01   2.491862697113e+00   3.276240972683e-02  -6.356390375823e-01
  8.561185737838e-01   7.072871389553e-01   1.116194790319e+00   6.480716090071e-02   4.039896749745e-01
  7.961853574969e-01  -3.666844430975e-01   1.310687377909e+00   5.291379204622e-02   3.922325269200e-01
 -1.791109087262e-01  -4.466587750255e-01   2.122287127314e+00   5.995539856145e-02  -2.061593976490e-01
  4.698063628120e-01   1.249325323946e+00   9.973045099931e-01  -9.753044855413e-02   2.978388364009e-01
  9.205413684520e-01  -1.729919528689e-01   8.084219244647e-01   5.591592026247e-02   4.152011467553e-01
  7.146357148997e-01  -4.621960204336e-01   1.488115679205e+00   1.812580620272e-02   3.738891511638e-01
  7.689910459709e-01  -3.724528717620e-01   1.331560684471e+00   5.251055754300e-02   3.864330648419e-01
 -4.202764927000e-01   1.263688366428e-01  -5.104914618572e-02  -1.640114194188e-01  -6.240382835788e-01
  5.747356333521e-02   7.588048892083e-03   5.495864241799e-02  -6.916243992367e-03   5.243181625854e-02
  7.563292629283e-02   5.540224752908e-01   1.876657058594e+00   4.747957930063e-02   6.782652794155e-02
 -4.423989528666e-01  -4.224706582552e-01   2.353504015206e+00   1.099707045261e-01  -6.730045335872e-01
  7.806369082857e-01   4.472193788104e-01   1.445588528166e+00  -2.353484377834e-02   3.889539232760e-01
  5.632928670660e-01   1.400183799176e+00   1.470497090170e+00  -5.230499215356e-02   3.311734679964e-01
 -4.069017975722e-01  -3.585673852519e-02  -4.427504123014e-01   5.071755708973e-02  -5.954314885202e-01
 -4.629839538241e-01  -1.963417580827e-01   4.831814570344e-01   2.261498222823e-01  -7.204817217017e-01
  4.317829315203e-01  -2.873357112480e-01   1.153317645198e+00   9.840057216039e-02   2.824661080109e-01
  4.466540002002e-01   1.386086059614e+00   1.490653214335e+00  -6.544191856230e-02   2.886129189894e-01
  9.761365564402e-01   1.322975229812e+00   1.172770866843e+00  -5.368748010413e-02   4.238181423170e-01
  5.389600810861e-01   6.779732931798e-01   1.260115454561e+00   8.205782883558e-02   3.230667160415e-01
  9.103162993521e-01   6.050661598639e-01   1.328520037958e+00   3.911985042851e-02   4.135132998205e-01
  5.820320137961e-01   2.804823854827e-03   4.294093044898e-01  -1.542536225191e-03   3.371625605807e-01
  4.876853139524e-02   4.649151933744e-01   1.930998653003e+00  -3.199956649111e-02   4.485881093692e-02
  7.204095167440e-02   1.312459251958e+00   1.356794856559e+00  -1.322175511536e-01   6.482400891336e-02
  6.330858671781e-01  -2.619399308481e-01   1.040719075515e+00   8.309610463312e-02   3.524234444064e-01
  2.073575354143e-01   9.152282206922e-01   2.945734708367e-01   6.378076322697e-02   1.647319469002e-01
 -3.896531073542e-02   1.472093057846e-01   3.750883583371e-01  -1.271777502108e-01  -3.899861318659e-02
  1.433746615544e-01   2.102558882154e-01   7.847612695854e-01  -1.294454520168e-01   1.207270427365e-01
  8.482218166735e-01  -1.710670716636e-01   7.898810283282e-01   5.956670794778e-02   4.025171380167e-01
 -6.654255091926e-03   5.583721277986e-01   1.939498750162e+00   5.535670336925e-02  -6.454278070301e-03
  6.249973065868e-01  -5.320515454280e-02   4.827793172656e-01   2.755519679264e-02   3.501046161636e-01
 -6.654967006185e-02   1.185800175574e+00   5.814709200831e-01  -1.504178549876e-01  -6.843179302567e-02
 -2.093721516827e-01   6.684528499008e-01   1.599859004772e+00   1.635764373940e-01  -2.485731749656e-01
 -2.634610546048e-01   6.555516035855e-01   1.720856013099e+00   1.639147697054e-01  -3.308292502401e-01
 -4.008569795055e-01  -3.658680349893e-01   1.979165000151e+00   1.684936884468e-01  -5.827423833938e-01
  7.595631012904e-01   1.225671914732e-01   6.547687753728e-01  -5.135836578157e-02   3.843504398661e-01
 -3.839021678681e-01  -2.841055151118e-01   1.307862436282e+00   2.169764555842e-01  -5.479302075148e-01
  8.668898242644e-01  -1.436484963670e-01   7.312964739199e-01   5.221225109862e-02   4.059624325236e-01
 -3.318135792501e-02   1.015431784859e-02  -3.039427928395e-02  -1.009727457467e-02  -3.302298033411e-02
 -4.009383670583e-01   1.134696259909e+00   2.465948469682e-02  -1.690383896103e-01  -5.829122497294e-01
  4.276198574235e-02   9.461223799995e-01   9.483627102283e-02   4.888142237173e-02   3.955879108792e-02
  3.767499400859e-01  -3.688248111070e-01   1.472362499932e+00   7.830521294698e-02   2.581229077553e-01
 -1.033383952707e-01   1.166699963549e+00   4.478404474543e-01  -1.467625787545e-01  -1.102025193554e-01
 -3.943303199385e-01   3.851763808384e-01   2.097982137920e+00  -1.481446220339e-01  -5.692067877504e-01
  7.400182736358e-01  -2.433874652725e-01   9.796441002873e-01   7.510567153657e-02   3.799105513016e-01
  5.271331888862e-02  -1.957225299165e-02   5.671107921789e-02   1.788309726010e-02   4.830635514959e-02
 -3.366281252662e-01  -2.145590971378e-01   6.945189922618e-01   2.069269801612e-01  -4.566642019214e-01
 -4.109846930312e-01   3.940392311242e-01   2.168644658488e+00  -1.407830252276e-01  -6.040862202700e-01
 -4.143097482719e-01   1.169187153251e+00   2.751575866644e-01  -1.998102631252e-01  -6.111850116936e-01
 -2.938589310025e-01  -4.297795096306e-01   2.200261231993e+00   8.694306284361e-02  -3.809630028720e-01
  4.848652196973e-01   1.122536492602e+00   5.500488880167e-01  -6.691120299535e-02   3.036223566842e-01
  4.499445104369e-02   7.219980354903e-01   1.167607374438e+00   1.446075961160e-01   4.153582888197e-02
  8.190281266042e-01   7.395114938137e-01   1.029907297949e+00   6.950796671366e-02   3.968744813958e-01
  6.256007575116e-01   1.234030865526e+00   9.451863345558e-01  -8.351163834827e-02   3.502788641601e-01
  3.064508871129e-01   9.334294858120e-01   3.198844192198e-01   4.637026889279e-02   2.230242910582e-01
 -1.731175856793e-01   9.085754245498e-01   8.077886167766e-03   9.847544792757e-02  -1.980487696547e-01
  1.346675758682e-01   2.035449909084e-01   7.472662156084e-01  -1.290168356819e-01   1.143080890075e-01
  8.913007657065e-01   5.252452424943e-02   5.992662101599e-01  -2.105515940157e-02   4.102845739165e-01
 -4.476806659260e-02  -8.974420486164e-02   1.175484272771e-01   8.559342529743e-02  -4.506099189922e-02
  2.372733611696e-01  -1.230735422727e-01   4.306640534251e-01   8.523818352885e-02   1.835174258822e-01
  6.114236155302e-01   6.620165107204e-01   1.291286986137e+00   7.241443788496e-02   3.461311459545e-01
  4.090125433748e-01   1.137205211518e+00   5.611729053570e-01  -7.851387381533e-02   2.727060403505e-01
 -2.682464542320e-01   5.898979881493e-01   2.093859358244e+00   1.063260174800e-01  -3.385280774072e-01
  1.538516874224e-01   1.397357678836e+00   1.689021401040e+00  -7.949835576900e-02   1.283093655344e-01
  6.559578240675e-01   1.356462169155e+00   1.329564668738e+00  -6.394680819991e-02   3.587880719523e-01
  2.496074221062e-01  -1.164656460310e-02   2.159140706206e-01   8.816532421361e-03   1.909526464811e-01
  7.123410334978e-01  -3.896418681753e-01   1.387098468969e+00   4.934451851587e-02   3.733301332093e-01
 -2.333507839455e-01  -1.357462735027e-01   1.763288799490e-01   1.446641821225e-01  -2.839829882375e-01
  7.581702848907e-01  -3.785440403762e-01   1.348027483158e+00   5.105588233041e-02   3.840395467739e-01
  3.737532128277e-01   2.443194047506e-01   9.751086678920e-01  -1.069227722503e-01   2.567217502468e-01
 -9.104998609463e-02  -3.955128254098e-01   1.864774503594e+00   1.022053236605e-01  -9.591928182738e-02
  1.225206746760e-01   7.779329376045e-02   2.154299477634e-01  -6.400125445494e-02   1.051713730060e-01
  7.248754353698e-01   1.201523527260e-01   6.378208208656e-01  -5.226744880434e-02   3.763537822300e-01
 -2.812036214056e-01  -1.960025971665e-01   5.635990072152e-01   1.896649519643e-01  -3.597337606420e-01
  1.610447767270e-01   1.369586856431e+00   1.584513904189e+00  -9.597103485329e-02   1.334271268497e-01
  5.530708119167e-01   6.066170314628e-01   1.460010025607e+00   5.588792931281e-02   3.278141239677e-01
 -3.773422515337e-01   1.474247360664e-01   1.357005085110e-01  -1.763925716209e-01  -5.347634740596e-01
 -8.902656767288e-02   6.904374007902e-01   1.398317934422e+00   1.555576266059e-01  -9.359966290825e-02
  4.069603973448e-01  -3.741100874778e-01   1.475018897146e+00   7.367971754035e-02   2.718052048659e-01
  4.828411400749e-01  -3.492988165547e-01   1.366843746343e+00   7.816814529567e-02   3.028547173672e-01
  5.759045910996e-01  -1.553228217566e-01   6.782945275464e-01   7.292596466799e-02   3.352279686550e-01
  9.620171786608e-01   2.792766033353e-01   1.072376726326e+00  -5.966794496623e-02   4.217163961158e-01
  7.184793950576e-01   5.456514522498e-01   1.479916995304e+00   2.171328300164e-02   3.748200061898e-01
  6.679122394213e-01   1.148428926142e+00   6.870277449104e-01  -6.471990680658e-02   3.620046638968e-01
  7.631103640105e-01   1.100449504450e+00   6.130399586014e-01  -4.337949494831e-02   3.851384714329e-01
  7.319083725285e-01   2.460986359689e-01   9.878936103084e-01  -7.573760496668e-02   3.780186027026e-01
  4.508774325639e-01   4.439428705935e-01   1.607815442198e+00  -3.426577201169e-02   2.903267484511e-01
  7.750227008029e-01   1.375180142113e+00   1.335422682526e+00  -5.133216269641e-02   3.877457374579e-01
 -2.519075573661e-01   1.373769571658e+00   1.894409860360e+00  -1.393260025998e-01  -3.125318807402e-01
 -1.028713306862e-01   2.027102891147e-01   6.767088985473e-01  -1.619484287195e-01  -1.096534267616e-01
  6.174157545823e-01   1.295336624948e+00   1.154996549008e+00  -8.118929631438e-02   3.478980670211e-01
  1.625892046168e-01   6.907492781364e-01   1.310988029153e+00   1.221550753123e-01   1.345167387284e-01
  5.436609150200e-01   6.651788835123e-01   1.300870025859e+00   7.823369179039e-02   3.246626265625e-01
  8.901846943068e-01   9.641538719035e-01   5.866614401537e-01   1.452579987623e-02   4.100913697708e-01
  5.111700862230e-01   3.005979074602e-03   3.890949356609e-01  -1.769992612392e-03   3.133309198643e-01
  7.982207715479e-02  -3.727532952098e-01   1.645442596351e+00   1.018359028168e-01   7.130206604339e-02
 -3.678511553770e-01   1.292080430004e+00   1.372521406895e+00  -2.110488582749e-01  -5.160057054818e-01
  4.480105154410e-01  -4.752100681664e-01   1.641500179377e+00   1.545127836197e-02   2.891649018629e-01
  4.621518648902e-01   7.949295081451e-01   8.215587109513e-01   9.436431761545e-02   2.948340592271e-01
 -6.676373449973e-02   1.199510239630e-01   2.223609284444e-01  -1.119399258110e-01  -6.866637930656e-02
 -1.709372498883e-01   1.866363334600e-01   5.428788281176e-01  -1.667082994821e-01  -1.951213362671e-01
  7.974625065583e-01  -3.619563289903e-01   1.299933990984e+00   5.423913687097e-02   3.924974897638e-01
 -1.507410502688e-01  -2.853794821571e-01   1.254941693117e+00   1.730025570673e-01  -1.685817127521e-01
  2.877894566711e-01  -2.706053099494e-01   1.097834407187e+00   1.152595234863e-01   2.128802536960e-01
  3.443658070946e-01  -3.194856546662e-01   1.303428233447e+00   9.974018592770e-02   2.425438233743e-01
 -1.577924697962e-01  -3.300186501738e-01   1.560997842186e+00   1.564775359087e-01  -1.777307599443e-01
 -2.643867208223e-01   1.026401016719e-02  -2.875217355106e-01  -1.275364845175e-02  -3.323129424297e-01
  1.375630854136e-01   1.459510782629e+00   1.847647575999e+00  -3.380867341523e-02   1.164546553400e-01
  8.357626576344e-01   1.241388751314e+00   9.758327095530e-01  -6.844443445596e-02   4.001477711647e-01
  4.104135142571e-02  -7.773818856736e-02   1.511819483384e-01   6.918446318954e-02   3.802920735181e-02
  5.468440801029e-01   1.032921833637e+00   4.222213440202e-01  -1.859784045933e-02   3.257351138690e-01
  8.324551931250e-01  -7.237611733875e-02   5.972520618043e-01   3.020371652972e-02   3.995091722927e-01
 -8.509689114859e-02   5.025182759162e-01   2.085332225296e+00   2.634282736198e-03  -8.912050001422e-02
  4.770105688009e-01   1.825868921399e-01   7.404577659985e-01  -8.829708967326e-02   3.006266399410e-01
  8.987233337189e-01   7.323047749624e-01   1.046664078882e+00   6.411096406639e-02   4.115589817850e-01
 -4.057595481290e-02   1.216765962901e+00   7.844315688980e-01  -1.560361092959e-01  -4.067452691431e-02
 -5.458238598675e-02   1.023349865053e-02  -5.183331266746e-02  -1.038796016188e-02  -5.547000719341e-02
 -4.960307284819e-01   4.620778844956e-01   2.567348735334e+00  -5.839124821515e-02  -8.007521418969e-01
 -4.562769288245e-01  -1.252871581223e-01  -9.565401441458e-02   1.686634060277e-01  -7.048052924030e-01
  8.758347860290e-01   1.031623964371e+00   5.785058866105e-01  -1.301777365875e-02   4.075698603826e-01
  6.285967912668e-01   1.276465183720e+00   1.090313789686e+00  -8.253737208595e-02   3.511409818624e-01
  5.639944408043e-01   1.196764557739e+00   8.093689193678e-01  -8.413176660225e-02   3.314016127784e-01
  6.758226406085e-01  -8.997786530217e-02   5.597637458650e-01   4.283964121905e-02   3.640927402475e-01
 -1.183305318809e-01   5.982658446127e-01   1.913867920509e+00   9.952617948206e-02  -1.280928217006e-01
  7.986048784610e-01   1.487001705766e+00   1.461632266313e+00  -5.795751443271e-03   3.927339391522e-01
 -5.040346087477e-03   9.711662393460e-02   1.764769380153e-01  -8.832209700041e-02  -4.881258621347e-03
 -4.361115356843e-01   8.998727283309e-01  -2.309442147862e-01   1.374073029357e-01  -6.588748261177e-01
  4.218099413965e-01   4.353832404989e-01   1.611829288102e+00  -4.034228663722e-02   2.782440587290e-01
  2.000268267202e-01   4.393950203298e-01   1.765597741288e+00  -4.701115458591e-02   1.599610490221e-01
  6.133353270265e-01   9.195201647499e-01   5.155779056682e-01   4.114042194012e-02   3.466970767161e-01
  6.891068390106e-01   1.493696140898e+00   1.514322481406e+00  -3.126290483403e-03   3.675284774272e-01
  3.287762996527e-01   1.300715877161e+00   1.228213054307e+00  -1.061056745304e-01   2.346902533923e-01
  2.611224153119e-01   1.473903102680e+00   1.767084522406e+00  -1.946745052177e-02   1.977363707389e-01
 -3.275793797784e-01   1.345669679177e+00   1.775505669061e+00  -1.734554665284e-01  -4.401234137713e-01
  4.992718379733e-01   8.055379727503e-02   4.594285707634e-01  -4.595936344904e-02   3.090004498588e-01
 -3.451073523185e-01  -1.629033743888e-01   2.743494968506e-01   1.826679533954e-01  -4.724279579122e-01
  4.638087912970e-01   1.129414533615e+00   5.604862391586e-01  -7.126190803785e-02   2.954882513247e-01
  9.287330019106e-01  -4.289885990065e-01   1.368584911899e+00   2.704352291343e-02   4.165295396440e-01
  4.150253838198e-01   1.277934805072e+00   1.117053825964e+00  -1.012390907544e-01   2.753250884405e-01
  2.857462267784e-01   7.070519533849e-01   1.202414355488e+00   1.122467422989e-01   2.117472641837e-01
  4.562445441028e-01   1.225091919377e+00   8.995879232331e-01  -9.760677523619e-02   2.924846385568e-01
 -4.767474896271e-01   9.729629752147e-02  -2.964752821726e-01  -1.393803090607e-01  -7.532931281739e-01
  3.489620663783e-01   1.321902234428e+00   1.311881796039e+00  -9.858438671203e-02   2.448146063518e-01
  5.228835865239e-01  -1.614709988403e-01   6.810058760887e-01   7.869758241454e-02   3.174982295690e-01
  5.700546370704e-01   2.895693160685e-01   1.142056215850e+00  -8.582670848967e-02   3.333595385455e-01
  1.369739030207e-01  -4.121485703330e-01   1.746185200246e+00   7.048494075550e-02   1.160188392849e-01
  6.937859359506e-01  -2.684408421896e-01   1.059238802924e+00   7.806858462838e-02   3.687178495236e-01
  9.638666548215e-01   8.072510714011e-01   8.609621842628e-01   5.670618699429e-02   4.219949670567e-01
 -1.058551555783e-01  -4.748976878988e-01   2.093656643895e+00   2.667946558549e-02  -1.131698079468e-01
  8.753311162411e-03   1.175630854990e+00   5.533288312671e-01  -1.357907857315e-01   8.365154646766e-03
  6.665707794599e-01  -5.039123592383e-02   5.001189645405e-01   2.512136952720e-02   3.616473961308e-01
  8.540194810256e-02  -1.048969438715e-01   2.719092060497e-01   8.651020726171e-02   7.588804781901e-02
  7.043290540163e-01   8.044999996634e-01   8.296820692146e-01   7.328391912432e-02   3.713587957477e-01
  5.454564562854e-01   2.360233144240e-01   9.481526656454e-01  -9.032421341636e-02   3.252683978863e-01
 -4.285413296604e-01   1.660798618431e-02  -5.031278540197e-01  -2.414645666639e-02  -6.420879564821e-01
  7.998672688086e-01  -2.428871897980e-01   9.793321974496e-01   7.088660942193e-02   3.929946252434e-01
  8.878191153233e-01   9.048664636812e-01   6.486776699722e-01   3.668786974239e-02   4.096804855696e-01
 -3.003130196014e-01   9.879070913495e-01  -3.318040078192e-01   1.555135060643e-02  -3.919907515436e-01
  4.304266705258e-01   1.393552573140e+00   1.518162334657e+00  -6.281530124762e-02   2.818966940507e-01
 -5.248199262022e-02   2.847052845181e-01   1.227559205926e+00  -1.575209091436e-01  -5.322575033783e-02
  1.886005254198e-01  -2.801714696503e-01   1.157120812610e+00   1.256004019924e-01   1.523889603881e-01
  5.065252274106e-01   1.223539816479e+00   8.984299949699e-01  -9.284224602495e-02   3.116521909390e-01
 -4.024208718217e-01   7.635134739313e-01   8.750152421820e-01   2.252397435887e-01  -5.860110967381e-01
  3.364101031652e-01   3.702278808244e-01   1.495748107507e+00  -8.074224426809e-02   2.385654444428e-01
 -1.607963639930e-01   1.106799272696e+00   8.554982900073e-02  -1.113607678029e-01  -1.816661685676e-01
  9.907618382552e-01   1.459257256113e+00   1.372332452714e+00  -1.494775482781e-02   4.259357179788e-01
  3.444437816198e-01   1.006748344841e+00   2.831248871779e-01  -4.665103416529e-03   2.425825146942e-01
  9.264189090008e-01   3.419291992724e-01   1.223593860263e+00  -5.262057091179e-02   4.161563989257e-01
  9.763261486315e-01   8.815255597045e-01   7.129601860408e-01   4.055731012935e-02   4.238459767756e-01
  3.777465493662e-01   4.561980636327e-01   1.668706869258e+00  -2.896358127577e-02   2.585870944955e-01
  1.824643544401e-01   1.301173622952e+00   1.265061693519e+00  -1.220570875695e-01   1.482532325892e-01
 -4.296761872766e-01  -8.970894717518e-02  -2.789510492778e-01   1.239910801960e-01  -6.445889129487e-01
 -3.133699923760e-01  -1.126399974889e-01  -2.773011588706e-02   1.348750748696e-01  -4.147244134255e-01
  3.154261195258e-01  -1.305936961563e-01   4.969038704904e-01   8.279117296074e-02   2.277746493687e-01
  9.018247894764e-01   3.444721377502e-01   1.234540271679e+00  -5.331473481169e-02   4.120861048149e-01
  5.688272399883e-02   4.591269504976e-02   9.246234588787e-02  -4.130897148486e-02   5.192182110245e-02
  7.426472275439e-01   1.401199549407e+00   1.397634557471e+00  -4.361388773845e-02   3.805175364599e-01
  3.162009124584e-01   1.391174889188e+00   1.571567423797e+00  -7.144288666690e-02   2.281808869474e-01
 -1.627823279406e-01  -4.483297569574e-01   2.108743361095e+00   5.723696916644e-02  -1.842805244788e-01
 -2.236073203595e-01   9.059403244874e-01  -3.007958453861e-02   1.060160120033e-01  -2.693969141911e-01
  5.777023605210e-01  -9.411394346135e-03   4.279361080788e-01   5.194757287107e-03   3.357979430898e-01
  9.420312056367e-01   1.221248826521e+00   9.275253354277e-01  -6.086539764179e-02   4.186418701892e-01
  9.974020550234e-01   8.832186103512e-01   7.159913653845e-01   3.928065718681e-02   4.268776182457e-01
  7.154972591012e-01  -1.975650581650e-01   8.376523279052e-01   7.282859796023e-02   3.740983983330e-01
 -4.402487341753e-01  -3.316885661631e-01   1.750528632045e+00   2.042378409642e-01  -6.681530698246e-01
  5.592181445136e-01   8.134018424732e-02   4.911774496439e-01  -4.376556607088e-02   3.298422920917e-01
  3.770160748446e-01  -1.945041712571e-01   7.624228777913e-01   1.002366031166e-01   2.582469515601e-01
 -2.059776809611e-01   4.748883063509e-01   2.204433776196e+00  -2.939300983168e-02  -2.436914143277e-01
 -4.081072369058e-01   5.827728794811e-01   2.285944284476e+00   1.129542816362e-01  -5.979796405504e-01
 -1.694530334502e-01   5.194077376408e-01   2.168657066383e+00   2.196758312061e-02  -1.931355755486e-01
 -3.859629071215e-01   1.139932963786e+00   7.489053916243e-02  -1.713770525562e-01  -5.521009015504e-01
  8.549396236250e-01   3.071204914382e-01   1.154090337148e+00  -6.300215264258e-02   4.037712526370e-01
 -2.907227403924e-02   9.067217046472e-01   1.432151045788e-01   8.724785766696e-02  -2.881801561963e-02
  1.168748847297e-01   5.262008147895e-01   1.881395049896e+00   2.245917722928e-02   1.008513242554e-01
  9.190626432826e-01   2.175748191911e-01   9.165584021898e-01  -6.194880270034e-02   4.149591070401e-01
 -1.542144583125e-01   1.331648636254e+00   1.569449287896e+00  -1.550524961963e-01  -1.730728364933e-01
  8.457315055003e-01  -3.845332322786e-01   1.331146968374e+00   4.504519624126e-02   4.020480927654e-01
  5.191709867734e-01   1.421327401021e+00   1.533740603386e+00  -4.412180994630e-02   3.161875692126e-01
  3.804478620545e-03   7.939842239251e-01   7.281420309255e-01   1.470238136505e-01   3.653119652109e-03
 -4.389501286223e-02   5.054027227203e-01   2.042609929378e+00   5.430771505556e-03  -4.414453754868e-02
  6.917807893732e-01   1.236720918179e+00   9.572140673129e-01  -7.847366671818e-02   3.682094777235e-01
  6.848605064413e-01   1.124827328494e-01   6.069576880377e-01  -5.147816483287e-02   3.664397851025e-01
  6.327247612023e-01   7.982367849492e-01   8.377952114118e-01   7.956010099427e-02   3.523206916882e-01
  7.763927808851e-02  -4.467350880082e-01   1.876424242376e+00   4.674852087628e-02   6.949460394037e-02
  6.041873419730e-01  -2.976823939901e-01   1.164869571448e+00   8.186716778957e-02   3.439699802668e-01
  5.391443413530e-01   4.437558175584e-01   1.558007350040e+00  -3.157205689313e-02   3.231295441870e-01
  6.054461346829e-01   4.314796853971e-01   1.507031484444e+00  -3.571671861129e-02   3.443480968724e-01
  3.293801001005e-01  -4.329021332909e-01   1.664267889421e+00   4.569467783293e-02   2.349988449685e-01
  5.822630904904e-01   1.279958915147e+00   1.106766149252e+00  -8.596774870788e-02   3.372350715689e-01
  8.302872600403e-01   1.020775148652e+00   5.545745461543e-01  -8.969243725549e-03   3.990883777290e-01
  1.639875457776e-01   4.805774285173e-01   1.847464482813e+00  -1.594233114120e-02   1.355004907058e-01
 -3.420598074213e-01   9.124190018809e-01  -1.852185509153e-01   1.115305927567e-01  -4.667325772321e-01
  2.999077522752e-01   6.902737178561e-01   1.274522538384e+00   1.068878273515e-01   2.195090171764e-01
 -1.000560886317e-01   1.027201030485e-01   1.202781842105e-01  -1.016044087755e-01  -1.063542080444e-01
 -2.082480614715e-01   5.793339406052e-01   2.073524612268e+00   8.962814930791e-02  -2.469530252391e-01
  1.668050309931e-01   1.341315179552e+00   1.462181427799e+00  -1.096925775427e-01   1.374745945879e-01
  7.907320547082e-01   2.918438220364e-01   1.121293536905e+00  -6.912506193162e-02   3.910937939336e-01
 -3.286819069213e-02  -3.724417673219e-01   1.718038410528e+00   1.137344187959e-01  -3.270133200095e-02
  6.795925140914e-01  -3.185839205914e-01   1.216987770378e+00   7.239385056858e-02   3.650767120263e-01
  4.046687942424e-01   2.356140173463e-01   9.388840085447e-01  -1.034262285026e-01   2.707950341868e-01
 -2.935619065691e-01   1.149338433584e+00   2.155557285690e-01  -1.641685961669e-01  -3.804587879909e-01
  2.301752624567e-01   1.258958232555e+00   1.045064405623e+00  -1.226740584737e-01   1.791577295604e-01
 -1.541050926909e-01   8.995215045076e-01   6.350329671449e-02   1.050245121126e-01  -1.729309675803e-01
  4.558755375395e-01  -1.507101915600e-01   6.235274226063e-01   8.022946165438e-02   2.923369900962e-01
 -4.509498993116e-01   8.691468271041e-01  -5.112560866704e-02   1.735431368927e-01  -6.924979469877e-01
  7.292394273500e-01   6.945323137904e-01   1.169110753528e+00   7.138914044692e-02   3.773894719113e-01
  8.488605235945e-01  -1.184651296804e-02   5.599443411692e-01   5.033399100922e-03   4.026370748885e-01
  6.606349632340e-02   6.631568207415e-01   1.486963076315e+00   1.230236482621e-01   5.978116364438e-02
  6.941697708214e-01  -9.309955154051e-02   5.729445291715e-01   4.338187036113e-02   3.688149406617e-01
 -2.255034000289e-01   1.428301262634e+00   2.118762254862e+00  -8.299749434405e-02  -2.722139410508e-01
  3.026533340555e-01   1.309476937662e+00   1.272707892450e+00  -1.066710364865e-01   2.209894706566e-01
 -3.365817938609e-01  -4.104056366411e-01   2.169733676008e+00   1.132220368220e-01  -4.565787728412e-01
 -2.871484351948e-02   9.890632100877e-01  -2.563376106484e-02   1.082746186665e-02  -2.845381690601e-02
  9.370849446732e-01  -8.152385002346e-02   6.467112303976e-01   3.046982654575e-02   4.178625068072e-01
 -4.521453157902e-01   2.085375222672e-01   6.017501639259e-01  -2.291485476485e-01  -6.952488003359e-01
 -4.830533153455e-01   1.045554470050e+00  -5.280665027108e-01  -6.898036074346e-02  -7.686190535455e-01
 -7.072711623420e-02  -1.162637944147e-02  -6.768420741929e-02   1.198452783716e-02  -7.302725292078e-02
  1.292664240424e-01  -3.537858227786e-01   1.535778542485e+00   1.076312221141e-01   1.102718243060e-01
  7.192527805080e-01  -1.502262237500e-01   7.066902338305e-01   6.210756459763e-02   3.750064712178e-01
  3.434029082713e-02   4.064373459764e-01   1.805034515523e+00  -8.229626505241e-02   3.202361404523e-02
  4.208722567214e-01  -3.596189787575e-01   1.423656265648e+00   7.893388813060e-02   2.778429013985e-01
  4.371075853712e-01  -2.899365467736e-01   1.162942000103e+00   9.750153211722e-02   2.846872776211e-01
 -4.093873878214e-01  -2.208364785826e-01   7.296448304308e-01   2.237669384504e-01  -6.006922139449e-01
  2.150940353857e-01   8.760189001206e-03   1.884509198539e-01  -6.858470693429e-03   1.696943582317e-01
  1.490675763774e-03   1.205198583261e+00   7.226061005872e-01  -1.471355043207e-01   1.434562756623e-03
  7.863622506301e-01   3.886779267221e-01   1.358624997619e+00  -4.628104607856e-02   3.901726341413e-01
 -2.378291492588e-01   9.488752282767e-01  -1.932729341085e-01   6.090311357990e-02  -2.907795933453e-01
  2.352020318197e-01   5.238851850881e-01   1.788220409159e+00   1.828159691634e-02   1.822513599452e-01
 -4.410417033563e-01   6.511808114188e-01   1.889909252813e+00   1.908347685582e-01  -6.699398788036e-01
 -1.205156613229e-01   1.450963525208e+00   2.070269912772e+00  -5.224296420358e-02  -1.307437990994e-01
  1.500997273880e-01   5.014770754594e-02   1.772813605144e-01  -4.113176379396e-02   1.256116182358e-01
  8.004732978400e-01   1.486978736529e+00   1.460796317952e+00  -5.795525014483e-03   3.931195462630e-01
  6.617372050769e-01   4.545680830780e-01   1.507097734353e+00  -2.282646684585e-02   3.603523938933e-01
  9.027691397699e-01   4.081492964141e-01   1.351085882545e+00  -3.505983430334e-02   4.122459816612e-01
  9.906700646437e-01   1.281533986412e-01   7.332741017222e-01  -4.256568668396e-02   4.259226154484e-01
  2.725611534393e-01   6.093370855596e-01   1.594552959579e+00   7.480541467989e-02   2.043277345079e-01
  9.184982840919e-01   2.124684510931e-01   9.035929489146e-01  -6.153981904174e-02   4.148665499331e-01
 -2.935634648260e-02   1.854421309571e-01   5.940798334668e-01  -1.449819567282e-01  -2.910764617543e-02
 -7.267230275781e-02  -3.711807841864e-02  -4.351136986618e-02   3.802053783158e-02  -7.517974252073e-02
  7.094823280128e-01   1.304042481761e+00   1.168106802305e+00  -7.299528735415e-02   3.726302430182e-01
  7.505698926896e-01   6.809655988586e-01   1.203888029652e+00   6.751916258886e-02   3.823282669116e-01
  1.726193501949e-01   9.513310067353e-01   1.925412891874e-01   3.909969265128e-02   1.415147321145e-01
  7.449898139727e-01   2.965476671229e-01   1.140622638025e+00  -7.163440719918e-02   3.810558183925e-01
 -3.407414737190e-01  -8.155839325169e-02  -2.103402814921e-01   1.044403323744e-01  -4.642791670345e-01
  8.834551499039e-01   4.584618787246e-01   1.412353737088e+00  -1.689264313577e-02   4.089175623619e-01
  2.814306396864e-02   1.157138773347e+00   4.638231319264e-01  -1.245828229132e-01   2.640009884814e-02
  2.034198651521e-01   1.805762267562e-01   6.527146530139e-01  -1.142724283363e-01   1.621776534650e-01
 -2.489019392801e-02   1.473307748451e-01   3.841323695526e-01  -1.255363951485e-01  -2.457241152465e-02
  1.055994791574e-02   9.885423233493e-01   1.268942384936e-02   1.092098113053e-02   1.007417675134e-02
  1.093940928038e-01  -3.035233162637e-01   1.296974441085e+00   1.303040467367e-01   9.505427193021e-02
  3.659182065749e-02   1.779418874987e-01   5.777134999544e-01  -1.331506137571e-01   3.405012865652e-02
  8.375012221415e-01   7.539392225916e-01   9.889589022266e-01   6.840902972290e-02   4.004818209755e-01
  9.508278401626e-01  -7.485324969798e-02   6.434517098009e-01   2.780186185480e-02   4.200096967308e-01
  8.360952018505e-01   4.387520174915e-01   1.414065902456e+00  -2.572371241740e-02   4.002117532087e-01
  1.631082208026e-01   1.390908499058e+00   1.661531611535e+00  -8.297093837961e-02   1.348821831225e-01
  1.394022506510e-01   3.216778831810e-01   1.380571977269e+00  -1.207300408741e-01   1.178118996855e-01
  2.575824470239e-02   4.043685211833e-01   1.804619811946e+00  -8.459110967799e-02   2.421809384496e-02
 -1.314802098148e-02   1.619685289271e-01   4.679579848993e-01  -1.321773571524e-01  -1.283320723777e-02
  9.432971450594e-01  -3.044091552340e-01   1.135065653803e+00   5.822071698327e-02   4.188401480658e-01
  6.966392010746e-01   8.020169061025e-01   8.359453826076e-01   7.423065590782e-02   3.694378690211e-01
  6.780986586213e-01   6.623475764580e-01   1.272236785257e+00   6.799462754309e-02   3.646876570072e-01
  8.580797585140e-01   1.479815958921e-01   7.384512728659e-01  -5.376946771790e-02   4.043519229600e-01
  6.053954955867e-03  -2.872452913070e-01   1.230539899182e+00   1.483351882317e-01   5.800533152421e-03
  8.403831843676e-01   2.767131111643e-01   1.074323007881e+00  -6.728123385324e-02   4.010331046755e-01
  3.718969195811e-01   7.722037142010e-02   3.818642768811e-01  -4.998737943048e-02   2.558497488694e-01
 -4.884872894076e-01   2.726207494178e-01   1.226818596470e+00  -2.431273407888e-01  -7.819762488551e-01
