1    0.19595685E+02    0.3749E-04    1   T
2    0.16008702E+02    0.1000E+01    1   T
3    0.56040111E+01    0.1000E+01    1   T
4    0.20098842E+01    0.1000E+01    1   T
5    0.16586134E+01    0.1000E+01    1   T
6    0.15460558E+01    0.1000E+01    1   T
7    0.11805191E+01    0.1000E+01    1   T
8    0.77223596E+00    0.1000E+01    1   T
9    0.40038066E+00    0.1000E+01    1   T
10    0.24652967E+00    0.1000E+01    1   T
11    0.22977860E+00    0.1000E+01    1   T
12    0.21703644E+00    0.1000E+01    1   T
13    0.19009360E+00    0.1000E+01    1   T
14    0.15689204E+00    0.1000E+01    1   T
15    0.11362527E+00    0.1000E+01    1   T
16    0.83077758E-01    0.1000E+01    1   T
17    0.73744711E-01    0.1000E+01    1   T
18    0.62729734E-01    0.1000E+01    1   T
19    0.44702860E-01    0.1000E+01    1   T
20    0.38377959E-01    0.1000E+01    1   T
21    0.35053767E-01    0.1000E+01    1   T
22    0.29158100E-01    0.1000E+01    1   T
23    0.25531157E-01    0.1000E+01    1   T
24    0.23601049E-01    0.1000E+01    1   T
25    0.21829881E-01    0.1000E+01    1   T
26    0.18797201E-01    0.1000E+01    1   T
27    0.16021754E-01    0.1000E+01    1   T
28    0.14323110E-01    0.1000E+01    1   T
29    0.13462944E-01    0.1000E+01    1   T
30    0.12299726E-01    0.1000E+01    1   T
31    0.11390300E-01    0.1000E+01    1   T
32    0.10403929E-01    0.1000E+01    1   T
33    0.10034682E-01    0.1000E+01    1   T
34    0.94270898E-02    0.1000E+01    1   T
35    0.80230825E-02    0.1000E+01    1   T
36    0.65944500E-02    0.1000E+01    1   T
37    0.63356860E-02    0.1000E+01    1   T
38    0.61053018E-02    0.1000E+01    1   T
39    0.52591836E-02    0.1000E+01    1   T
40    0.47997755E-02    0.1000E+01    1   T
41    0.41966386E-02    0.1000E+01    1   T
42    0.35683785E-02    0.1000E+01    1   T
43    0.31083406E-02    0.1000E+01    1   T
44    0.27926796E-02    0.1000E+01    1   T
45    0.25407699E-02    0.1000E+01    1   T
46    0.24284024E-02    0.1000E+01    1   T
47    0.24037905E-02    0.1000E+01    1   T
48    0.23881231E-02    0.1000E+01    1   T
49    0.23466320E-02    0.1000E+01    1   T
50    0.22627583E-02    0.1000E+01    1   T
51    0.21730666E-02    0.1000E+01    1   T
52    0.20782629E-02    0.1000E+01    1   T
53    0.20191223E-02    0.1000E+01    1   T
54    0.19909053E-02    0.1000E+01    1   T
55    0.19716749E-02    0.1000E+01    1   T
56    0.19419487E-02    0.1000E+01    1   T
57    0.18838541E-02    0.1000E+01    1   T
58    0.18441167E-02    0.1000E+01    1   T
59    0.18067662E-02    0.1000E+01    1   T
60    0.17948860E-02    0.1000E+01    1   T
61    0.17783406E-02    0.1000E+01    1   T
62    0.17602832E-02    0.1000E+01    1   T
63    0.16812102E-02    0.1000E+01    1   T
64    0.16355528E-02    0.1000E+01    1   T
65    0.16042452E-02    0.1000E+01    1   T
66    0.15920727E-02    0.1000E+01    1   T
67    0.15747061E-02    0.1000E+01    1   T
68    0.15612031E-02    0.1000E+01    1   T
69    0.15554372E-02    0.1000E+01    1   T
70    0.15509834E-02    0.1000E+01    1   T
71    0.15453091E-02    0.1000E+01    1   T
72    0.15351358E-02    0.1000E+01    1   T
73    0.15043506E-02    0.1000E+01    1   T
74    0.14461352E-02    0.1000E+01    1   T
75    0.13227162E-02    0.1000E+01    1   T
76    0.12266775E-02    0.1000E+01    1   T
77    0.11001306E-02    0.1000E+01    1   T
78    0.10640996E-02    0.1000E+01    1   T
79    0.10381455E-02    0.1000E+01    1   T
80    0.10288763E-02    0.1000E+01    1   T
81    0.10122811E-02    0.1000E+01    1   T
82    0.99801247E-03    0.1000E+01    1   T
83    0.97628378E-03    0.1000E+01    1   T
84    0.95852201E-03    0.1000E+01    1   T
85    0.94088634E-03    0.1000E+01    1   T
86    0.91450434E-03    0.1000E+01    1   T
87    0.86887195E-03    0.5000E+00    2   T
88    0.76409935E-03    0.1000E+01    1   T
89    0.61540506E-03    0.1000E+01    1   T
90    0.57128191E-03    0.1000E+01    1   T
91    0.53004598E-03    0.1000E+01    1   T
92    0.50949546E-03    0.1000E+01    1   T
93    0.49893524E-03    0.1000E+01    1   T
94    0.49083488E-03    0.1000E+01    1   T
95    0.48734483E-03    0.5000E+00    2   T
96    0.48027970E-03    0.1000E+01    1   T
97    0.47838347E-03    0.1000E+01    1   T
98    0.45939597E-03    0.1000E+01    1   T
99    0.44296076E-03    0.1000E+01    1   T
100    0.42678277E-03    0.1000E+01    1   T
101    0.41712557E-03    0.1000E+01    1   T
102    0.41043164E-03    0.1000E+01    1   T
103    0.40715699E-03    0.5000E+00    2   T
104    0.40506784E-03    0.1000E+01    1   T
105    0.40189972E-03    0.1000E+01    1   T
106    0.40027732E-03    0.1000E+01    1   T
107    0.39568350E-03    0.1000E+01    1   T
108    0.38907272E-03    0.1000E+01    1   T
109    0.37900001E-03    0.1000E+01    1   T
110    0.36554837E-03    0.1000E+01    1   T
111    0.35841687E-03    0.5000E+00    2   T
112    0.32898153E-03    0.1000E+01    1   T
113    0.30441528E-03    0.1000E+01    1   T
114    0.28088831E-03    0.1000E+01    1   T
115    0.27121199E-03    0.1000E+01    1   T
116    0.26372045E-03    0.1000E+01    1   T
117    0.25467627E-03    0.1000E+01    1   T
118    0.24689949E-03    0.1000E+01    1   T
119    0.24184310E-03    0.1000E+01    1   T
120    0.23729599E-03    0.1000E+01    1   T
121    0.23531586E-03    0.1000E+01    1   T
122    0.23357326E-03    0.1000E+01    1   T
123    0.22978980E-03    0.1000E+01    1   T
124    0.22403580E-03    0.1000E+01    1   T
125    0.20811627E-03    0.1000E+01    1   T
126    0.19900456E-03    0.1000E+01    1   T
127    0.18818771E-03    0.1000E+01    1   T
128    0.18271463E-03    0.1000E+01    1   T
129    0.17909411E-03    0.1000E+01    1   T
130    0.17694848E-03    0.1000E+01    1   T
131    0.17493863E-03    0.1000E+01    1   T
132    0.17173655E-03    0.1000E+01    1   T
133    0.16626793E-03    0.1000E+01    1   T
134    0.15886274E-03    0.1000E+01    1   T
135    0.14523503E-03    0.1000E+01    1   T
136    0.13298073E-03    0.1000E+01    1   T
137    0.12831582E-03    0.1000E+01    1   T
138    0.12510342E-03    0.1000E+01    1   T
139    0.12368931E-03    0.1000E+01    1   T
140    0.12332624E-03    0.1000E+01    1   T
141    0.12288123E-03    0.1000E+01    1   T
142    0.12253365E-03    0.1000E+01    1   T
143    0.12216473E-03    0.1000E+01    1   T
144    0.12155413E-03    0.1000E+01    1   T
145    0.12091168E-03    0.1000E+01    1   T
146    0.12001251E-03    0.1000E+01    1   T
147    0.11825258E-03    0.1000E+01    1   T
148    0.11473584E-03    0.1000E+01    1   T
149    0.11291980E-03    0.5000E+00    2   T
150    0.11029762E-03    0.5000E+00    2   T
151    0.10517722E-03    0.1000E+01    1   T
152    0.10296539E-03    0.1000E+01    1   T
153    0.10101787E-03    0.1000E+01    1   T
154    0.97344947E-04    0.1000E+01    1   T
155    0.93660647E-04    0.1000E+01    1   T
156    0.90039152E-04    0.1000E+01    1   T
157    0.87886475E-04    0.5000E+00    2   T
158    0.84932688E-04    0.1000E+01    1   T
159    0.82772061E-04    0.1000E+01    1   T
160    0.80352889E-04    0.1000E+01    1   T
161    0.77654710E-04    0.1000E+01    1   T
162    0.77182627E-04    0.5000E+00    2   T
163    0.74442304E-04    0.1000E+01    1   T
164    0.71270445E-04    0.1000E+01    1   T
165    0.70614454E-04    0.1000E+01    1   T
166    0.69882916E-04    0.1000E+01    1   T
167    0.68752377E-04    0.1000E+01    1   T
168    0.67992952E-04    0.1000E+01    1   T
169    0.67477332E-04    0.1000E+01    1   T
170    0.66989192E-04    0.1000E+01    1   T
171    0.66619256E-04    0.1000E+01    1   T
172    0.66557507E-04    0.1000E+01    1   T
173    0.66348558E-04    0.1000E+01    1   T
174    0.66261661E-04    0.1000E+01    1   T
175    0.66101087E-04    0.1000E+01    1   T
176    0.65784029E-04    0.1000E+01    1   T
177    0.65525716E-04    0.2500E+00    3   T
178    0.65410887E-04    0.1000E+01    1   T
179    0.64953497E-04    0.1250E+00    4   T
180    0.63344281E-04    0.1000E+01    1   T
181    0.61948884E-04    0.1000E+01    1   T
182    0.60798347E-04    0.1000E+01    1   T
183    0.59441751E-04    0.1000E+01    1   T
184    0.58922098E-04    0.5000E+00    2   T
185    0.57949442E-04    0.5000E+00    2   T
186    0.56911222E-04    0.1000E+01    1   T
187    0.55954092E-04    0.1000E+01    1   T
188    0.55340679E-04    0.1000E+01    1   T
189    0.53114408E-04    0.1000E+01    1   T
190    0.51760282E-04    0.1000E+01    1   T
191    0.51216610E-04    0.1000E+01    1   T
192    0.51025597E-04    0.1000E+01    1   T
193    0.50931096E-04    0.1000E+01    1   T
194    0.50926656E-04    0.1000E+01    1   T
195    0.50649119E-04    0.1000E+01    1   T
196    0.50585696E-04    0.1000E+01    1   T
197    0.50543199E-04    0.1000E+01    1   T
198    0.50524391E-04    0.1000E+01    1   T
199    0.50496400E-04    0.1000E+01    1   T
200    0.50461971E-04    0.1000E+01    1   T
201    0.50411254E-04    0.1000E+01    1   T
202    0.50338012E-04    0.1000E+01    1   T
203    0.50165932E-04    0.1000E+01    1   T
204    0.49781158E-04    0.1000E+01    1   T
205    0.49604879E-04    0.5000E+00    2   T
206    0.49059114E-04    0.5000E+00    2   T
207    0.47984393E-04    0.1000E+01    1   T
208    0.46071440E-04    0.1000E+01    1   T
209    0.43489810E-04    0.1000E+01    1   T
210    0.39333467E-04    0.1000E+01    1   T
211    0.36024612E-04    0.1000E+01    1   T
212    0.32824303E-04    0.1000E+01    1   T
213    0.30508463E-04    0.5000E+00    2   T
214    0.28887178E-04    0.1000E+01    1   T
215    0.28439277E-04    0.5000E+00    2   T
216    0.28104762E-04    0.1000E+01    1   T
217    0.27955627E-04    0.1000E+01    1   T
218    0.27873230E-04    0.1000E+01    1   T
219    0.27847707E-04    0.1000E+01    1   T
220    0.27828804E-04    0.1000E+01    1   T
221    0.27761534E-04    0.1000E+01    1   T
222    0.27682774E-04    0.1000E+01    1   T
223    0.27565259E-04    0.1000E+01    1   T
224    0.27435745E-04    0.1000E+01    1   T
225    0.27372800E-04    0.1000E+01    1   T
226    0.27337498E-04    0.1000E+01    1   T
227    0.27282707E-04    0.1000E+01    1   T
228    0.27255177E-04    0.5000E+00    2   T
229    0.27207195E-04    0.1000E+01    1   T
230    0.27177964E-04    0.1000E+01    1   T
231    0.27165878E-04    0.1000E+01    1   T
232    0.27117402E-04    0.1000E+01    1   T
233    0.27021669E-04    0.1000E+01    1   T
234    0.26805589E-04    0.1000E+01    1   T
235    0.26544786E-04    0.1000E+01    1   T
236    0.26162513E-04    0.1000E+01    1   T
237    0.25761566E-04    0.1000E+01    1   T
238    0.25703292E-04    0.5000E+00    2   T
239    0.25330646E-04    0.1000E+01    1   T
240    0.25119467E-04    0.1000E+01    1   T
241    0.24808398E-04    0.1000E+01    1   T
242    0.24585001E-04    0.1000E+01    1   T
243    0.24494233E-04    0.1000E+01    1   T
244    0.24462959E-04    0.1000E+01    1   T
245    0.24451269E-04    0.1000E+01    1   T
246    0.24442040E-04    0.1000E+01    1   T
247    0.24436187E-04    0.1000E+01    1   T
248    0.24432175E-04    0.1000E+01    1   T
249    0.24425122E-04    0.1000E+01    1   T
250    0.24412355E-04    0.1000E+01    1   T
251    0.24381060E-04    0.1000E+01    1   T
252    0.24312480E-04    0.1000E+01    1   T
253    0.24139825E-04    0.1000E+01    1   T
254    0.23832536E-04    0.1000E+01    1   T
255    0.23521622E-04    0.1000E+01    1   T
256    0.22989375E-04    0.1000E+01    1   T
257    0.21824247E-04    0.1000E+01    1   T
258    0.20961377E-04    0.1000E+01    1   T
259    0.20375298E-04    0.1000E+01    1   T
260    0.19845692E-04    0.1000E+01    1   T
261    0.19582111E-04    0.1000E+01    1   T
262    0.19388646E-04    0.1000E+01    1   T
263    0.19139187E-04    0.1000E+01    1   T
264    0.19135862E-04    0.5000E+00    2   T
265    0.18998516E-04    0.1000E+01    1   T
266    0.18957656E-04    0.1000E+01    1   T
267    0.18895962E-04    0.1000E+01    1   T
268    0.18835367E-04    0.1000E+01    1   T
269    0.18777811E-04    0.1000E+01    1   T
270    0.18746049E-04    0.1000E+01    1   T
271    0.18731502E-04    0.1000E+01    1   T
272    0.18707627E-04    0.1000E+01    1   T
273    0.18684351E-04    0.5000E+00    2   T
274    0.18637570E-04    0.1000E+01    1   T
275    0.18573904E-04    0.1000E+01    1   T
276    0.18533081E-04    0.1000E+01    1   T
277    0.18473302E-04    0.1000E+01    1   T
278    0.18411248E-04    0.1000E+01    1   T
279    0.18301565E-04    0.1000E+01    1   T
280    0.18129259E-04    0.1000E+01    1   T
281    0.18024165E-04    0.5000E+00    2   T
282    0.17824756E-04    0.1000E+01    1   T
283    0.17577617E-04    0.1000E+01    1   T
284    0.17219594E-04    0.1000E+01    1   T
285    0.17062983E-04    0.1000E+01    1   T
286    0.16777276E-04    0.1000E+01    1   T
287    0.16640358E-04    0.1000E+01    1   T
288    0.16465497E-04    0.1000E+01    1   T
289    0.16199802E-04    0.1000E+01    1   T
290    0.15800219E-04    0.1000E+01    1   T
291    0.15590238E-04    0.1000E+01    1   T
292    0.15120404E-04    0.1000E+01    1   T
293    0.14842979E-04    0.1000E+01    1   T
294    0.14573948E-04    0.1000E+01    1   T
295    0.14424467E-04    0.1000E+01    1   T
296    0.14336400E-04    0.1000E+01    1   T
297    0.14243982E-04    0.1000E+01    1   T
298    0.14128275E-04    0.2500E+00    3   T
299    0.14013141E-04    0.2500E+00    3   T
300    0.13853189E-04    0.1000E+01    1   T
301    0.13681177E-04    0.1000E+01    1   T
302    0.13532799E-04    0.5000E+00    2   T
303    0.13203097E-04    0.1000E+01    1   T
304    0.12788016E-04    0.1000E+01    1   T
305    0.12583848E-04    0.1000E+01    1   T
306    0.12439316E-04    0.1000E+01    1   T
307    0.12350091E-04    0.1000E+01    1   T
308    0.12247282E-04    0.1000E+01    1   T
309    0.12170121E-04    0.1000E+01    1   T
310    0.12148650E-04    0.1000E+01    1   T
311    0.12044442E-04    0.1000E+01    1   T
312    0.12007167E-04    0.1000E+01    1   T
313    0.11970735E-04    0.1000E+01    1   T
314    0.11879918E-04    0.1000E+01    1   T
315    0.11837483E-04    0.1000E+01    1   T
316    0.11810579E-04    0.1000E+01    1   T
317    0.11799132E-04    0.1000E+01    1   T
318    0.11788548E-04    0.1000E+01    1   T
319    0.11773731E-04    0.1000E+01    1   T
320    0.11762967E-04    0.1000E+01    1   T
321    0.11749135E-04    0.1000E+01    1   T
322    0.11736518E-04    0.1000E+01    1   T
323    0.11722878E-04    0.1000E+01    1   T
324    0.11702082E-04    0.1000E+01    1   T
325    0.11688703E-04    0.1000E+01    1   T
326    0.11671904E-04    0.1000E+01    1   T
327    0.11652350E-04    0.1000E+01    1   T
328    0.11585898E-04    0.1000E+01    1   T
329    0.11570017E-04    0.1000E+01    1   T
330    0.11450761E-04    0.1000E+01    1   T
331    0.11288245E-04    0.1000E+01    1   T
332    0.10960520E-04    0.1000E+01    1   T
333    0.10936220E-04    0.2500E+00    3   T
334    0.10853134E-04    0.5000E+00    2   T
335    0.10834533E-04    0.1250E+00    4   T
336    0.10589515E-04    0.1000E+01    1   T
337    0.10470507E-04    0.1000E+01    1   T
338    0.10314033E-04    0.1000E+01    1   T
339    0.10258646E-04    0.1000E+01    1   T
340    0.10238192E-04    0.2500E+00    3   T
341    0.10202416E-04    0.1000E+01    1   T
342    0.10183978E-04    0.1000E+01    1   T
343    0.10175606E-04    0.1000E+01    1   T
344    0.10170376E-04    0.1000E+01    1   T
345    0.10165705E-04    0.1000E+01    1   T
346    0.10160714E-04    0.1000E+01    1   T
347    0.10159005E-04    0.1000E+01    1   T
348    0.10151603E-04    0.1000E+01    1   T
349    0.10146520E-04    0.1000E+01    1   T
350    0.10139447E-04    0.1000E+01    1   T
351    0.10134577E-04    0.1000E+01    1   T
352    0.10133301E-04    0.6250E-01    5   T
353    0.10124720E-04    0.1000E+01    1   T
354    0.10114809E-04    0.1000E+01    1   T
355    0.10107754E-04    0.5000E+00    2   T
356    0.10092288E-04    0.1000E+01    1   T
357    0.10057973E-04    0.1000E+01    1   T
358    0.10017340E-04    0.1000E+01    1   T
359    0.99417419E-05    0.1000E+01    1   T
360    0.99149972E-05    0.2500E+00    3   T
361    0.97702713E-05    0.1000E+01    1   T
362    0.95841173E-05    0.1000E+01    1   T
363    0.95466098E-05    0.5000E+00    2   T
364    0.93242124E-05    0.1000E+01    1   T
365    0.91120939E-05    0.1000E+01    1   T
366    0.89062763E-05    0.1000E+01    1   T
367    0.85288218E-05    0.1000E+01    1   T
368    0.83014943E-05    0.1000E+01    1   T
369    0.79111367E-05    0.1000E+01    1   T
370    0.78121444E-05    0.1000E+01    1   T
371    0.70646861E-05    0.1000E+01    1   T
372    0.68364436E-05    0.1000E+01    1   T
373    0.66359218E-05    0.1000E+01    1   T
374    0.64428354E-05    0.1000E+01    1   T
375    0.63000286E-05    0.1000E+01    1   T
376    0.61379814E-05    0.5000E+00    2   T
377    0.60384213E-05    0.1000E+01    1   T
378    0.59635861E-05    0.1000E+01    1   T
379    0.58812060E-05    0.1000E+01    1   T
380    0.58377311E-05    0.1000E+01    1   T
381    0.58052560E-05    0.1000E+01    1   T
382    0.57876165E-05    0.1000E+01    1   T
383    0.57761782E-05    0.1000E+01    1   T
384    0.57753324E-05    0.1000E+01    1   T
385    0.57599471E-05    0.1000E+01    1   T
386    0.57524802E-05    0.1000E+01    1   T
387    0.57381299E-05    0.1000E+01    1   T
388    0.57319177E-05    0.5000E+00    2   T
389    0.57242190E-05    0.1000E+01    1   T
390    0.57141527E-05    0.1000E+01    1   T
391    0.57064870E-05    0.1000E+01    1   T
392    0.56895649E-05    0.1000E+01    1   T
393    0.56862036E-05    0.1000E+01    1   T
394    0.56624446E-05    0.1000E+01    1   T
395    0.56530968E-05    0.1000E+01    1   T
396    0.56461872E-05    0.1000E+01    1   T
397    0.56412134E-05    0.1000E+01    1   T
398    0.56366801E-05    0.1000E+01    1   T
399    0.56297045E-05    0.1000E+01    1   T
400    0.56287688E-05    0.1000E+01    1   T
401    0.56129526E-05    0.1000E+01    1   T
402    0.56092322E-05    0.1000E+01    1   T
403    0.56044465E-05    0.1000E+01    1   T
404    0.55988759E-05    0.1000E+01    1   T
405    0.55902597E-05    0.1000E+01    1   T
406    0.55796812E-05    0.1000E+01    1   T
407    0.55678155E-05    0.1000E+01    1   T
408    0.55488688E-05    0.1000E+01    1   T
409    0.55400702E-05    0.1000E+01    1   T
410    0.55308937E-05    0.1000E+01    1   T
411    0.55193818E-05    0.1000E+01    1   T
412    0.55129743E-05    0.1000E+01    1   T
413    0.54999471E-05    0.1000E+01    1   T
414    0.54844100E-05    0.1000E+01    1   T
415    0.54679243E-05    0.1000E+01    1   T
416    0.54582941E-05    0.1000E+01    1   T
417    0.54505418E-05    0.1000E+01    1   T
418    0.54421584E-05    0.1000E+01    1   T
419    0.54184183E-05    0.1000E+01    1   T
420    0.53873223E-05    0.1000E+01    1   T
421    0.53819831E-05    0.2500E+00    3   T
422    0.53676650E-05    0.1000E+01    1   T
423    0.53318289E-05    0.1000E+01    1   T
424    0.53123780E-05    0.1000E+01    1   T
425    0.52802236E-05    0.1000E+01    1   T
426    0.52417267E-05    0.1000E+01    1   T
427    0.52140692E-05    0.1000E+01    1   T
428    0.51990528E-05    0.1000E+01    1   T
429    0.51672635E-05    0.1000E+01    1   T
430    0.51397532E-05    0.1000E+01    1   T
431    0.51147724E-05    0.1000E+01    1   T
432    0.50871761E-05    0.1000E+01    1   T
433    0.50355968E-05    0.1000E+01    1   T
434    0.49552322E-05    0.1000E+01    1   T
435    0.48652477E-05    0.1000E+01    1   T
436    0.47720563E-05    0.1000E+01    1   T
437    0.46910875E-05    0.1000E+01    1   T
438    0.46499299E-05    0.1000E+01    1   T
439    0.45719206E-05    0.1000E+01    1   T
440    0.44869985E-05    0.1000E+01    1   T
441    0.44792401E-05    0.1000E+01    1   T
442    0.44448412E-05    0.5000E+00    2   T
443    0.43991095E-05    0.1000E+01    1   T
444    0.43703278E-05    0.1000E+01    1   T
445    0.43428987E-05    0.1000E+01    1   T
446    0.43286951E-05    0.1000E+01    1   T
447    0.43201882E-05    0.1000E+01    1   T
448    0.43195813E-05    0.1000E+01    1   T
449    0.43016395E-05    0.1000E+01    1   T
450    0.42972565E-05    0.1000E+01    1   T
451    0.42949165E-05    0.1000E+01    1   T
452    0.42922989E-05    0.1000E+01    1   T
453    0.42889317E-05    0.5000E+00    2   T
454    0.42806415E-05    0.1000E+01    1   T
455    0.42699955E-05    0.1000E+01    1   T
456    0.42595940E-05    0.1000E+01    1   T
457    0.42415260E-05    0.1000E+01    1   T
458    0.42351592E-05    0.1000E+01    1   T
459    0.42302995E-05    0.1000E+01    1   T
460    0.42268808E-05    0.1000E+01    1   T
461    0.42260271E-05    0.1000E+01    1   T
462    0.42232671E-05    0.1000E+01    1   T
463    0.42207716E-05    0.1000E+01    1   T
464    0.42182484E-05    0.1000E+01    1   T
465    0.42153930E-05    0.1000E+01    1   T
466    0.42127269E-05    0.1000E+01    1   T
467    0.42118311E-05    0.5000E+00    2   T
468    0.42100270E-05    0.1000E+01    1   T
469    0.42080607E-05    0.1000E+01    1   T
470    0.42053903E-05    0.1000E+01    1   T
471    0.42042003E-05    0.1000E+01    1   T
472    0.41987599E-05    0.1000E+01    1   T
473    0.41942102E-05    0.1000E+01    1   T
474    0.41870892E-05    0.1000E+01    1   T
475    0.41797268E-05    0.1000E+01    1   T
476    0.41677241E-05    0.1000E+01    1   T
477    0.41544984E-05    0.1000E+01    1   T
478    0.41372728E-05    0.1000E+01    1   T
479    0.41190118E-05    0.1000E+01    1   T
480    0.41113200E-05    0.1000E+01    1   T
481    0.40760525E-05    0.1000E+01    1   T
482    0.40402126E-05    0.1000E+01    1   T
483    0.39883269E-05    0.1000E+01    1   T
484    0.39159090E-05    0.1000E+01    1   T
485    0.38676610E-05    0.1000E+01    1   T
486    0.38090902E-05    0.1000E+01    1   T
487    0.37858880E-05    0.1000E+01    1   T
488    0.37713174E-05    0.1000E+01    1   T
489    0.37535123E-05    0.1000E+01    1   T
490    0.37383818E-05    0.1000E+01    1   T
491    0.37176368E-05    0.1000E+01    1   T
492    0.37042627E-05    0.1000E+01    1   T
493    0.36952071E-05    0.1000E+01    1   T
494    0.36778371E-05    0.1000E+01    1   T
495    0.36676999E-05    0.1000E+01    1   T
496    0.36598195E-05    0.1000E+01    1   T
497    0.36581095E-05    0.5000E+00    2   T
498    0.36553127E-05    0.1000E+01    1   T
499    0.36522528E-05    0.1000E+01    1   T
500    0.36493883E-05    0.1000E+01    1   T
501    0.36480409E-05    0.1000E+01    1   T
502    0.36443972E-05    0.1000E+01    1   T
503    0.36423991E-05    0.1000E+01    1   T
504    0.36410298E-05    0.1000E+01    1   T
505    0.36403374E-05    0.1000E+01    1   T
506    0.36396988E-05    0.1000E+01    1   T
507    0.36389894E-05    0.1000E+01    1   T
508    0.36375735E-05    0.1000E+01    1   T
509    0.36354970E-05    0.1000E+01    1   T
510    0.36312561E-05    0.1000E+01    1   T
511    0.36259530E-05    0.1000E+01    1   T
512    0.36210647E-05    0.1000E+01    1   T
513    0.36154537E-05    0.5000E+00    2   T
514    0.36036867E-05    0.1000E+01    1   T
515    0.35859856E-05    0.1000E+01    1   T
516    0.35537296E-05    0.1000E+01    1   T
517    0.35335125E-05    0.1000E+01    1   T
518    0.34932574E-05    0.1000E+01    1   T
519    0.34739638E-05    0.1000E+01    1   T
520    0.34616213E-05    0.1000E+01    1   T
521    0.34497136E-05    0.1000E+01    1   T
522    0.34371052E-05    0.2500E+00    3   T
523    0.34263695E-05    0.1250E+00    4   T
524    0.33812466E-05    0.1000E+01    1   T
525    0.33694776E-05    0.1000E+01    1   T
526    0.33557119E-05    0.1000E+01    1   T
527    0.33260977E-05    0.1000E+01    1   T
528    0.33039902E-05    0.1000E+01    1   T
529    0.32605019E-05    0.1000E+01    1   T
530    0.32295159E-05    0.1000E+01    1   T
531    0.31184732E-05    0.1000E+01    1   T
532    0.30572280E-05    0.1000E+01    1   T
533    0.29883073E-05    0.1000E+01    1   T
534    0.29280076E-05    0.1000E+01    1   T
535    0.29064120E-05    0.5000E+00    2   T
536    0.28870861E-05    0.1000E+01    1   T
537    0.28679986E-05    0.1000E+01    1   T
538    0.28381801E-05    0.1000E+01    1   T
539    0.27978192E-05    0.1000E+01    1   T
540    0.27673787E-05    0.1000E+01    1   T
541    0.27427230E-05    0.1000E+01    1   T
542    0.27253702E-05    0.6250E-01    5   T
543    0.27164764E-05    0.1000E+01    1   T
544    0.26782806E-05    0.1000E+01    1   T
545    0.26501914E-05    0.1000E+01    1   T
546    0.25983085E-05    0.1000E+01    1   T
547    0.25667934E-05    0.1000E+01    1   T
548    0.25489439E-05    0.1000E+01    1   T
549    0.25370866E-05    0.1000E+01    1   T
550    0.25314552E-05    0.1000E+01    1   T
551    0.25238648E-05    0.1000E+01    1   T
552    0.25200961E-05    0.1000E+01    1   T
553    0.25174403E-05    0.1000E+01    1   T
554    0.25147782E-05    0.1000E+01    1   T
555    0.25120046E-05    0.1000E+01    1   T
556    0.25091531E-05    0.1000E+01    1   T
557    0.25058323E-05    0.1000E+01    1   T
558    0.25018980E-05    0.1000E+01    1   T
559    0.25010904E-05    0.1250E+00    4   T
560    0.24964249E-05    0.1000E+01    1   T
561    0.24949488E-05    0.5000E+00    2   T
562    0.24879931E-05    0.1000E+01    1   T
563    0.24849905E-05    0.1000E+01    1   T
564    0.24825807E-05    0.1000E+01    1   T
565    0.24801914E-05    0.1000E+01    1   T
566    0.24761306E-05    0.1000E+01    1   T
567    0.24746835E-05    0.1000E+01    1   T
568    0.24731069E-05    0.1000E+01    1   T
569    0.24714982E-05    0.1000E+01    1   T
570    0.24691805E-05    0.1000E+01    1   T
571    0.24671211E-05    0.1000E+01    1   T
572    0.24644064E-05    0.5000E+00    2   T
573    0.24621882E-05    0.1000E+01    1   T
574    0.24612454E-05    0.1000E+01    1   T
575    0.24607475E-05    0.1000E+01    1   T
576    0.24602841E-05    0.1000E+01    1   T
577    0.24595722E-05    0.1000E+01    1   T
578    0.24588708E-05    0.5000E+00    2   T
579    0.24578466E-05    0.1000E+01    1   T
580    0.24570674E-05    0.1000E+01    1   T
581    0.24560204E-05    0.1000E+01    1   T
582    0.24547079E-05    0.1000E+01    1   T
583    0.24515945E-05    0.1000E+01    1   T
584    0.24454286E-05    0.1000E+01    1   T
585    0.24354345E-05    0.1000E+01    1   T
586    0.24319264E-05    0.5000E+00    2   T
587    0.24222867E-05    0.1000E+01    1   T
588    0.24147858E-05    0.1000E+01    1   T
589    0.24131940E-05    0.1250E+00    4   T
590    0.24018031E-05    0.1000E+01    1   T
591    0.23917900E-05    0.1000E+01    1   T
592    0.23841342E-05    0.1000E+01    1   T
593    0.23775811E-05    0.1000E+01    1   T
594    0.23707244E-05    0.1000E+01    1   T
595    0.23659343E-05    0.1000E+01    1   T
596    0.23588976E-05    0.1000E+01    1   T
597    0.23499368E-05    0.1000E+01    1   T
598    0.23336577E-05    0.1000E+01    1   T
599    0.23291153E-05    0.5000E+00    2   T
600    0.23033460E-05    0.1000E+01    1   T
601    0.22809420E-05    0.1000E+01    1   T
602    0.22673591E-05    0.1000E+01    1   T
603    0.22518554E-05    0.1000E+01    1   T
604    0.22363296E-05    0.1000E+01    1   T
605    0.22322692E-05    0.2500E+00    3   T
606    0.22124091E-05    0.1000E+01    1   T
607    0.21896059E-05    0.1000E+01    1   T
608    0.21295429E-05    0.1000E+01    1   T
609    0.20816491E-05    0.1000E+01    1   T
610    0.20709884E-05    0.5000E+00    2   T
611    0.20410069E-05    0.1000E+01    1   T
612    0.20324557E-05    0.1000E+01    1   T
613    0.20079312E-05    0.1000E+01    1   T
614    0.19961422E-05    0.1000E+01    1   T
615    0.19834474E-05    0.1000E+01    1   T
616    0.19728362E-05    0.1000E+01    1   T
617    0.19606936E-05    0.1000E+01    1   T
618    0.19541682E-05    0.1000E+01    1   T
619    0.19457233E-05    0.1000E+01    1   T
620    0.19289672E-05    0.1000E+01    1   T
621    0.19055164E-05    0.1000E+01    1   T
622    0.18749805E-05    0.1000E+01    1   T
623    0.18621748E-05    0.1000E+01    1   T
624    0.18333056E-05    0.1000E+01    1   T
625    0.18185980E-05    0.1000E+01    1   T
626    0.18022562E-05    0.1000E+01    1   T
627    0.17766475E-05    0.1000E+01    1   T
628    0.17505061E-05    0.1000E+01    1   T
629    0.17203176E-05    0.1000E+01    1   T
630    0.17148789E-05    0.1000E+01    1   T
631    0.16982065E-05    0.1000E+01    1   T
632    0.16874668E-05    0.1000E+01    1   T
633    0.16747831E-05    0.1000E+01    1   T
634    0.16620147E-05    0.1000E+01    1   T
635    0.16464529E-05    0.1000E+01    1   T
636    0.16370965E-05    0.1000E+01    1   T
637    0.16306536E-05    0.1000E+01    1   T
638    0.16251190E-05    0.1000E+01    1   T
639    0.16188876E-05    0.1000E+01    1   T
640    0.16150542E-05    0.1000E+01    1   T
641    0.16123241E-05    0.1000E+01    1   T
642    0.16053707E-05    0.1000E+01    1   T
643    0.15958894E-05    0.1000E+01    1   T
644    0.15846601E-05    0.1000E+01    1   T
645    0.15664615E-05    0.1000E+01    1   T
646    0.15539713E-05    0.1000E+01    1   T
647    0.15456070E-05    0.1000E+01    1   T
648    0.15403150E-05    0.1000E+01    1   T
649    0.15368343E-05    0.1000E+01    1   T
650    0.15329663E-05    0.1000E+01    1   T
651    0.15295503E-05    0.1000E+01    1   T
652    0.15246431E-05    0.1000E+01    1   T
653    0.15241910E-05    0.3125E-01    6   T
654    0.15201394E-05    0.1000E+01    1   T
655    0.15152520E-05    0.1000E+01    1   T
656    0.15106369E-05    0.1000E+01    1   T
657    0.15095062E-05    0.5000E+00    2   T
658    0.15059293E-05    0.1000E+01    1   T
659    0.15041790E-05    0.1000E+01    1   T
660    0.15029994E-05    0.1000E+01    1   T
661    0.15016914E-05    0.1000E+01    1   T
662    0.15007185E-05    0.1000E+01    1   T
663    0.15001787E-05    0.1250E+00    4   T
664    0.14992249E-05    0.5000E+00    2   T
665    0.14973109E-05    0.1000E+01    1   T
666    0.14957703E-05    0.1000E+01    1   T
667    0.14929623E-05    0.1000E+01    1   T
668    0.14897823E-05    0.1000E+01    1   T
669    0.14861083E-05    0.1000E+01    1   T
670    0.14834665E-05    0.1000E+01    1   T
671    0.14816071E-05    0.1000E+01    1   T
672    0.14806706E-05    0.1000E+01    1   T
673    0.14795345E-05    0.1000E+01    1   T
674    0.14788709E-05    0.1000E+01    1   T
675    0.14779416E-05    0.1000E+01    1   T
676    0.14758477E-05    0.1000E+01    1   T
677    0.14732271E-05    0.1000E+01    1   T
678    0.14694694E-05    0.1000E+01    1   T
679    0.14646186E-05    0.1000E+01    1   T
680    0.14613011E-05    0.1000E+01    1   T
681    0.14609310E-05    0.2500E+00    3   T
682    0.14587047E-05    0.1000E+01    1   T
683    0.14580644E-05    0.1000E+01    1   T
684    0.14571179E-05    0.1000E+01    1   T
685    0.14559333E-05    0.1000E+01    1   T
686    0.14545219E-05    0.1000E+01    1   T
687    0.14538728E-05    0.1000E+01    1   T
688    0.14537514E-05    0.5000E+00    2   T
689    0.14535578E-05    0.1000E+01    1   T
690    0.14533860E-05    0.1000E+01    1   T
691    0.14532123E-05    0.1000E+01    1   T
692    0.14530905E-05    0.1000E+01    1   T
693    0.14527986E-05    0.1000E+01    1   T
694    0.14523264E-05    0.1000E+01    1   T
695    0.14516425E-05    0.1000E+01    1   T
696    0.14508458E-05    0.1000E+01    1   T
697    0.14507612E-05    0.6250E-01    5   T
698    0.14500354E-05    0.1000E+01    1   T
699    0.14495425E-05    0.1000E+01    1   T
700    0.14490976E-05    0.1000E+01    1   T
701    0.14487447E-05    0.1000E+01    1   T
702    0.14485730E-05    0.1000E+01    1   T
703    0.14481904E-05    0.1000E+01    1   T
704    0.14478187E-05    0.1000E+01    1   T
705    0.14473019E-05    0.1000E+01    1   T
706    0.14466035E-05    0.1000E+01    1   T
707    0.14457464E-05    0.1000E+01    1   T
708    0.14446398E-05    0.1000E+01    1   T
709    0.14438450E-05    0.1000E+01    1   T
710    0.14434260E-05    0.1000E+01    1   T
711    0.14430189E-05    0.1000E+01    1   T
712    0.14424836E-05    0.1000E+01    1   T
713    0.14416513E-05    0.1000E+01    1   T
714    0.14413708E-05    0.2500E+00    3   T
715    0.14405365E-05    0.1000E+01    1   T
716    0.14398733E-05    0.1000E+01    1   T
717    0.14393999E-05    0.1000E+01    1   T
718    0.14386090E-05    0.1000E+01    1   T
719    0.14371787E-05    0.1000E+01    1   T
720    0.14350627E-05    0.1000E+01    1   T
721    0.14325566E-05    0.1000E+01    1   T
722    0.14298284E-05    0.1000E+01    1   T
723    0.14276604E-05    0.1000E+01    1   T
724    0.14254899E-05    0.1000E+01    1   T
725    0.14226444E-05    0.1000E+01    1   T
726    0.14196740E-05    0.1000E+01    1   T
727    0.14156742E-05    0.1000E+01    1   T
728    0.14139923E-05    0.1250E+00    4   T
729    0.14085771E-05    0.1000E+01    1   T
730    0.14042389E-05    0.5000E+00    2   T
731    0.14004331E-05    0.1250E+00    4   T
732    0.13956755E-05    0.1000E+01    1   T
733    0.13920687E-05    0.1000E+01    1   T
734    0.13906720E-05    0.1000E+01    1   T
735    0.13882784E-05    0.1000E+01    1   T
736    0.13854389E-05    0.1000E+01    1   T
737    0.13818485E-05    0.1000E+01    1   T
738    0.13762509E-05    0.1000E+01    1   T
739    0.13715477E-05    0.1000E+01    1   T
740    0.13655120E-05    0.1000E+01    1   T
741    0.13594655E-05    0.1000E+01    1   T
742    0.13552423E-05    0.1000E+01    1   T
743    0.13524151E-05    0.1000E+01    1   T
744    0.13500152E-05    0.1000E+01    1   T
745    0.13452825E-05    0.1000E+01    1   T
746    0.13408406E-05    0.1000E+01    1   T
747    0.13376683E-05    0.1000E+01    1   T
748    0.13335881E-05    0.1000E+01    1   T
749    0.13277804E-05    0.1000E+01    1   T
750    0.13223003E-05    0.1000E+01    1   T
751    0.13197705E-05    0.1000E+01    1   T
752    0.13189655E-05    0.1000E+01    1   T
753    0.13185455E-05    0.1000E+01    1   T
754    0.13176576E-05    0.1000E+01    1   T
755    0.13168964E-05    0.1000E+01    1   T
756    0.13156699E-05    0.1000E+01    1   T
757    0.13141218E-05    0.1000E+01    1   T
758    0.13123965E-05    0.1000E+01    1   T
759    0.13104291E-05    0.1000E+01    1   T
760    0.13076992E-05    0.1000E+01    1   T
761    0.13069243E-05    0.5000E+00    2   T
762    0.13033440E-05    0.1000E+01    1   T
763    0.13009011E-05    0.1000E+01    1   T
764    0.12981916E-05    0.1000E+01    1   T
765    0.12952309E-05    0.1000E+01    1   T
766    0.12915527E-05    0.1000E+01    1   T
767    0.12910081E-05    0.1000E+01    1   T
768    0.12858236E-05    0.1000E+01    1   T
769    0.12820966E-05    0.1000E+01    1   T
770    0.12785859E-05    0.1000E+01    1   T
771    0.12767857E-05    0.1000E+01    1   T
772    0.12742023E-05    0.1000E+01    1   T
773    0.12727973E-05    0.6250E-01    5   T
774    0.12685220E-05    0.1000E+01    1   T
775    0.12605801E-05    0.1000E+01    1   T
776    0.12586329E-05    0.1000E+01    1   T
777    0.12483140E-05    0.1000E+01    1   T
778    0.12367747E-05    0.1000E+01    1   T
779    0.12262442E-05    0.1000E+01    1   T
780    0.11988604E-05    0.1000E+01    1   T
781    0.11844493E-05    0.1000E+01    1   T
782    0.11676557E-05    0.1000E+01    1   T
783    0.11538977E-05    0.1000E+01    1   T
784    0.11498970E-05    0.5000E+00    2   T
785    0.11419147E-05    0.1000E+01    1   T
786    0.11377629E-05    0.1000E+01    1   T
787    0.11277215E-05    0.1000E+01    1   T
788    0.11200803E-05    0.1000E+01    1   T
789    0.11130770E-05    0.1000E+01    1   T
790    0.11102436E-05    0.1000E+01    1   T
791    0.11076973E-05    0.1000E+01    1   T
792    0.11036545E-05    0.1000E+01    1   T
793    0.10980687E-05    0.1000E+01    1   T
794    0.10948170E-05    0.1000E+01    1   T
795    0.10938533E-05    0.2500E+00    3   T
796    0.10887760E-05    0.1000E+01    1   T
797    0.10829211E-05    0.1000E+01    1   T
798    0.10800656E-05    0.1000E+01    1   T
799    0.10751817E-05    0.1000E+01    1   T
800    0.10729009E-05    0.1000E+01    1   T
801    0.10712339E-05    0.1000E+01    1   T
802    0.10693251E-05    0.1000E+01    1   T
803    0.10669842E-05    0.1000E+01    1   T
804    0.10646883E-05    0.1000E+01    1   T
805    0.10638392E-05    0.1250E+00    4   T
806    0.10619581E-05    0.1000E+01    1   T
807    0.10567364E-05    0.1000E+01    1   T
808    0.10507717E-05    0.1000E+01    1   T
809    0.10452980E-05    0.1000E+01    1   T
810    0.10420098E-05    0.1000E+01    1   T
811    0.10408920E-05    0.1000E+01    1   T
812    0.10405651E-05    0.1000E+01    1   T
813    0.10319007E-05    0.1000E+01    1   T
814    0.10294162E-05    0.1000E+01    1   T
815    0.10269601E-05    0.1000E+01    1   T
816    0.10242627E-05    0.1000E+01    1   T
817    0.10234932E-05    0.1000E+01    1   T
818    0.10230732E-05    0.1000E+01    1   T
819    0.10224266E-05    0.1000E+01    1   T
820    0.10214342E-05    0.1000E+01    1   T
821    0.10211201E-05    0.5000E+00    2   T
822    0.10203104E-05    0.1000E+01    1   T
823    0.10194617E-05    0.1000E+01    1   T
824    0.10185625E-05    0.1000E+01    1   T
825    0.10175430E-05    0.1000E+01    1   T
826    0.10152626E-05    0.1000E+01    1   T
827    0.10125748E-05    0.1000E+01    1   T
828    0.10104110E-05    0.5000E+00    2   T
829    0.10056103E-05    0.1000E+01    1   T
830    0.10029504E-05    0.1000E+01    1   T
831    0.99696941E-06    0.1000E+01    1   T
832    0.99289810E-06    0.1000E+01    1   T
833    0.99188958E-06    0.1000E+01    1   T
834    0.99119433E-06    0.1000E+01    1   T
835    0.99090045E-06    0.5000E+00    2   T
836    0.99029135E-06    0.1000E+01    1   T
837    0.98982378E-06    0.1000E+01    1   T
838    0.98910727E-06    0.1000E+01    1   T
839    0.98812483E-06    0.1000E+01    1   T
840    0.98783269E-06    0.2500E+00    3   T
841    0.98660462E-06    0.1000E+01    1   T
842    0.98572231E-06    0.1000E+01    1   T
843    0.98441885E-06    0.1000E+01    1   T
844    0.98344276E-06    0.1000E+01    1   T
845    0.98229676E-06    0.1000E+01    1   T
846    0.98133591E-06    0.1000E+01    1   T
847    0.98051426E-06    0.1000E+01    1   T
848    0.97944455E-06    0.1000E+01    1   T
849    0.97823790E-06    0.1000E+01    1   T
850    0.97694532E-06    0.1000E+01    1   T
851    0.97391611E-06    0.1000E+01    1   T
852    0.96912579E-06    0.1000E+01    1   T
853    0.96454540E-06    0.1000E+01    1   T
854    0.95938923E-06    0.1000E+01    1   T
855    0.95593551E-06    0.1000E+01    1   T
856    0.95389057E-06    0.1000E+01    1   T
857    0.95198939E-06    0.1000E+01    1   T
858    0.94651913E-06    0.1000E+01    1   T
859    0.94319125E-06    0.1000E+01    1   T
860    0.94030656E-06    0.1000E+01    1   T
861    0.93768511E-06    0.1000E+01    1   T
862    0.93581042E-06    0.1000E+01    1   T
863    0.93238137E-06    0.1000E+01    1   T
864    0.93045089E-06    0.1000E+01    1   T
865    0.92762688E-06    0.1000E+01    1   T
866    0.92643684E-06    0.1000E+01    1   T
867    0.92238642E-06    0.1000E+01    1   T
868    0.91885935E-06    0.1000E+01    1   T
869    0.91304876E-06    0.1000E+01    1   T
870    0.90627003E-06    0.1000E+01    1   T
871    0.90518723E-06    0.5000E+00    2   T
872    0.90232739E-06    0.1000E+01    1   T
873    0.90002015E-06    0.1000E+01    1   T
874    0.89471863E-06    0.1000E+01    1   T
875    0.88706560E-06    0.1000E+01    1   T
876    0.87714888E-06    0.1000E+01    1   T
877    0.87035070E-06    0.1000E+01    1   T
878    0.85702609E-06    0.1000E+01    1   T
879    0.84916034E-06    0.1000E+01    1   T
880    0.83679418E-06    0.1000E+01    1   T
881    0.82957545E-06    0.1000E+01    1   T
882    0.82012418E-06    0.1000E+01    1   T
883    0.81327499E-06    0.1000E+01    1   T
884    0.80762750E-06    0.1000E+01    1   T
885    0.80187200E-06    0.5000E+00    2   T
886    0.79341337E-06    0.1000E+01    1   T
887    0.78677722E-06    0.1000E+01    1   T
888    0.78473647E-06    0.1000E+01    1   T
889    0.77981575E-06    0.1000E+01    1   T
890    0.77610695E-06    0.1000E+01    1   T
891    0.76890764E-06    0.1000E+01    1   T
892    0.76252746E-06    0.1000E+01    1   T
893    0.75796264E-06    0.1000E+01    1   T
894    0.75636694E-06    0.5000E+00    2   T
895    0.75196203E-06    0.1000E+01    1   T
896    0.74866516E-06    0.1000E+01    1   T
897    0.74530899E-06    0.1000E+01    1   T
898    0.74189313E-06    0.1000E+01    1   T
899    0.74018710E-06    0.1000E+01    1   T
900    0.73572459E-06    0.1000E+01    1   T
901    0.73244704E-06    0.1000E+01    1   T
902    0.72881964E-06    0.1000E+01    1   T
903    0.72510072E-06    0.1000E+01    1   T
904    0.72216267E-06    0.1000E+01    1   T
905    0.72030116E-06    0.1000E+01    1   T
906    0.71933764E-06    0.1000E+01    1   T
907    0.71839789E-06    0.1000E+01    1   T
908    0.71759376E-06    0.1000E+01    1   T
909    0.71740596E-06    0.2500E+00    3   T
910    0.71635727E-06    0.1000E+01    1   T
911    0.71546611E-06    0.1000E+01    1   T
912    0.71441817E-06    0.1000E+01    1   T
913    0.71317697E-06    0.1000E+01    1   T
914    0.71239368E-06    0.1000E+01    1   T
915    0.71176804E-06    0.1000E+01    1   T
916    0.71126311E-06    0.1000E+01    1   T
917    0.71084067E-06    0.5000E+00    2   T
918    0.71042755E-06    0.1000E+01    1   T
919    0.71021990E-06    0.1000E+01    1   T
920    0.71010904E-06    0.2500E+00    3   T
921    0.70969324E-06    0.1000E+01    1   T
922    0.70927394E-06    0.1000E+01    1   T
923    0.70878333E-06    0.1000E+01    1   T
924    0.70842319E-06    0.1000E+01    1   T
925    0.70821396E-06    0.5000E+00    2   T
926    0.70776343E-06    0.1000E+01    1   T
927    0.70737550E-06    0.1000E+01    1   T
928    0.70715272E-06    0.1000E+01    1   T
929    0.70682950E-06    0.1000E+01    1   T
930    0.70632853E-06    0.1000E+01    1   T
931    0.70618652E-06    0.1000E+01    1   T
932    0.70526874E-06    0.1000E+01    1   T
933    0.70494648E-06    0.1000E+01    1   T
934    0.70442887E-06    0.1000E+01    1   T
935    0.70420616E-06    0.1000E+01    1   T
936    0.70406991E-06    0.1000E+01    1   T
937    0.70393934E-06    0.1000E+01    1   T
938    0.70371501E-06    0.1000E+01    1   T
939    0.70317828E-06    0.1000E+01    1   T
940    0.70249117E-06    0.1000E+01    1   T
941    0.70163876E-06    0.1000E+01    1   T
942    0.70111685E-06    0.1000E+01    1   T
943    0.70080288E-06    0.1000E+01    1   T
944    0.70059455E-06    0.1000E+01    1   T
945    0.70035560E-06    0.1000E+01    1   T
946    0.70002507E-06    0.1000E+01    1   T
947    0.69961476E-06    0.5000E+00    2   T
948    0.69857288E-06    0.1000E+01    1   T
949    0.69618730E-06    0.1000E+01    1   T
950    0.69449716E-06    0.1000E+01    1   T
951    0.69335970E-06    0.1000E+01    1   T
952    0.69307460E-06    0.1000E+01    1   T
953    0.69266865E-06    0.1000E+01    1   T
954    0.69243854E-06    0.1000E+01    1   T
955    0.69214489E-06    0.1000E+01    1   T
956    0.69194504E-06    0.1000E+01    1   T
957    0.69166127E-06    0.1000E+01    1   T
958    0.69152311E-06    0.1000E+01    1   T
959    0.69146522E-06    0.1000E+01    1   T
960    0.69140570E-06    0.1000E+01    1   T
961    0.69126024E-06    0.1000E+01    1   T
962    0.69111271E-06    0.1000E+01    1   T
963    0.69087144E-06    0.1000E+01    1   T
964    0.69036112E-06    0.1000E+01    1   T
965    0.69005310E-06    0.1000E+01    1   T
966    0.68956623E-06    0.1000E+01    1   T
967    0.68859039E-06    0.1000E+01    1   T
968    0.68771760E-06    0.1000E+01    1   T
969    0.68700209E-06    0.1000E+01    1   T
970    0.68633608E-06    0.1000E+01    1   T
971    0.68600876E-06    0.1000E+01    1   T
972    0.68580111E-06    0.1000E+01    1   T
973    0.68563008E-06    0.1000E+01    1   T
974    0.68508565E-06    0.1000E+01    1   T
975    0.68477301E-06    0.1000E+01    1   T
976    0.68442508E-06    0.1000E+01    1   T
977    0.68408060E-06    0.1000E+01    1   T
978    0.68391342E-06    0.1000E+01    1   T
979    0.68379248E-06    0.2500E+00    3   T
980    0.68325488E-06    0.1000E+01    1   T
981    0.68294422E-06    0.1000E+01    1   T
982    0.68197586E-06    0.1000E+01    1   T
983    0.68185931E-06    0.1000E+01    1   T
984    0.68000810E-06    0.1000E+01    1   T
985    0.67930024E-06    0.2500E+00    3   T
986    0.67722934E-06    0.1000E+01    1   T
987    0.67414615E-06    0.1000E+01    1   T
988    0.67202585E-06    0.1000E+01    1   T
989    0.67171887E-06    0.6250E-01    5   T
990    0.66973374E-06    0.1000E+01    1   T
991    0.66794246E-06    0.1000E+01    1   T
992    0.66597668E-06    0.1000E+01    1   T
993    0.66335973E-06    0.1000E+01    1   T
994    0.65954829E-06    0.1000E+01    1   T
995    0.65397639E-06    0.1000E+01    1   T
996    0.65286972E-06    0.2500E+00    3   T
997    0.64795016E-06    0.1000E+01    1   T
998    0.64367294E-06    0.1000E+01    1   T
999    0.63882390E-06    0.1000E+01    1   T
1000    0.63653838E-06    0.2500E+00    3   T
1001    0.63323471E-06    0.1000E+01    1   T
1002    0.63079672E-06    0.1000E+01    1   T
1003    0.62936041E-06    0.1000E+01    1   T
1004    0.62087250E-06    0.1000E+01    1   T
1005    0.61701274E-06    0.5000E+00    2   T
1006    0.60884242E-06    0.1000E+01    1   T
1007    0.60142071E-06    0.1000E+01    1   T
1008    0.59792398E-06    0.1000E+01    1   T
1009    0.59379198E-06    0.1000E+01    1   T
1010    0.58768803E-06    0.1000E+01    1   T
1011    0.58717546E-06    0.2500E+00    3   T
1012    0.58459152E-06    0.1000E+01    1   T
1013    0.58293382E-06    0.1000E+01    1   T
1014    0.58172085E-06    0.1000E+01    1   T
1015    0.57960013E-06    0.1000E+01    1   T
1016    0.57834795E-06    0.1000E+01    1   T
1017    0.57697158E-06    0.1000E+01    1   T
1018    0.57480322E-06    0.1000E+01    1   T
1019    0.56916883E-06    0.1000E+01    1   T
1020    0.56577426E-06    0.5000E+00    2   T
1021    0.56118981E-06    0.1000E+01    1   T
1022    0.55823614E-06    0.5000E+00    2   T
1023    0.55059371E-06    0.1000E+01    1   T
1024    0.54762995E-06    0.1000E+01    1   T
1025    0.54346309E-06    0.1000E+01    1   T
1026    0.54336488E-06    0.1000E+01    1   T
1027    0.53849855E-06    0.1000E+01    1   T
1028    0.53736947E-06    0.1000E+01    1   T
1029    0.53351726E-06    0.1000E+01    1   T
1030    0.53094554E-06    0.1000E+01    1   T
1031    0.52721379E-06    0.1000E+01    1   T
1032    0.52461233E-06    0.1000E+01    1   T
1033    0.52148680E-06    0.1000E+01    1   T
1034    0.51907506E-06    0.1000E+01    1   T
1035    0.51720612E-06    0.1000E+01    1   T
1036    0.51547932E-06    0.1000E+01    1   T
1037    0.51336059E-06    0.1000E+01    1   T
1038    0.51162291E-06    0.1000E+01    1   T
1039    0.51100595E-06    0.1000E+01    1   T
1040    0.50971238E-06    0.1000E+01    1   T
1041    0.50883374E-06    0.1000E+01    1   T
1042    0.50844451E-06    0.5000E+00    2   T
1043    0.50657221E-06    0.5000E+00    2   T
1044    0.50555439E-06    0.1000E+01    1   T
1045    0.50432347E-06    0.1000E+01    1   T
1046    0.50201307E-06    0.1000E+01    1   T
1047    0.50144687E-06    0.1000E+01    1   T
1048    0.49897864E-06    0.1000E+01    1   T
1049    0.49814166E-06    0.1000E+01    1   T
1050    0.49693983E-06    0.1000E+01    1   T
1051    0.49542962E-06    0.1000E+01    1   T
1052    0.49384139E-06    0.1000E+01    1   T
1053    0.49259819E-06    0.1000E+01    1   T
1054    0.49197057E-06    0.1000E+01    1   T
1055    0.49155330E-06    0.1000E+01    1   T
1056    0.49102953E-06    0.1000E+01    1   T
1057    0.49066897E-06    0.1000E+01    1   T
1058    0.49004165E-06    0.1000E+01    1   T
1059    0.48960644E-06    0.1000E+01    1   T
1060    0.48887831E-06    0.1000E+01    1   T
1061    0.48850193E-06    0.1000E+01    1   T
1062    0.48767414E-06    0.1000E+01    1   T
1063    0.48701155E-06    0.1000E+01    1   T
1064    0.48612813E-06    0.1000E+01    1   T
1065    0.48536237E-06    0.1000E+01    1   T
1066    0.48456683E-06    0.1000E+01    1   T
1067    0.48408678E-06    0.1000E+01    1   T
1068    0.48358889E-06    0.1000E+01    1   T
1069    0.48309308E-06    0.5000E+00    2   T
1070    0.48228745E-06    0.1000E+01    1   T
1071    0.48193359E-06    0.1000E+01    1   T
1072    0.48162279E-06    0.1000E+01    1   T
1073    0.48141689E-06    0.1000E+01    1   T
1074    0.48110554E-06    0.1000E+01    1   T
1075    0.48075559E-06    0.1000E+01    1   T
1076    0.48034314E-06    0.1000E+01    1   T
1077    0.48002305E-06    0.1000E+01    1   T
1078    0.47964031E-06    0.1000E+01    1   T
1079    0.47935561E-06    0.1000E+01    1   T
1080    0.47925975E-06    0.1000E+01    1   T
1081    0.47921197E-06    0.1250E+00    4   T
1082    0.47903594E-06    0.1000E+01    1   T
1083    0.47891430E-06    0.1000E+01    1   T
1084    0.47869632E-06    0.1000E+01    1   T
1085    0.47830553E-06    0.1000E+01    1   T
1086    0.47764871E-06    0.1000E+01    1   T
1087    0.47662955E-06    0.1000E+01    1   T
1088    0.47551529E-06    0.1000E+01    1   T
1089    0.47474964E-06    0.1000E+01    1   T
1090    0.47374977E-06    0.1000E+01    1   T
1091    0.47332623E-06    0.1000E+01    1   T
1092    0.47153683E-06    0.1000E+01    1   T
1093    0.47046567E-06    0.1000E+01    1   T
1094    0.46908427E-06    0.1000E+01    1   T
1095    0.46788319E-06    0.1000E+01    1   T
1096    0.46756707E-06    0.5000E+00    2   T
1097    0.46699819E-06    0.1000E+01    1   T
1098    0.46641202E-06    0.1000E+01    1   T
1099    0.46612544E-06    0.1000E+01    1   T
1100    0.46524463E-06    0.1000E+01    1   T
1101    0.46486519E-06    0.1000E+01    1   T
1102    0.46384209E-06    0.1000E+01    1   T
1103    0.46313965E-06    0.1000E+01    1   T
1104    0.46180563E-06    0.1000E+01    1   T
1105    0.46059914E-06    0.1000E+01    1   T
1106    0.45962610E-06    0.1000E+01    1   T
1107    0.45814001E-06    0.1000E+01    1   T
1108    0.45678612E-06    0.1000E+01    1   T
1109    0.45485772E-06    0.1000E+01    1   T
1110    0.45307784E-06    0.1000E+01    1   T
1111    0.45193057E-06    0.1000E+01    1   T
1112    0.45100254E-06    0.1000E+01    1   T
1113    0.45009545E-06    0.1000E+01    1   T
1114    0.44789991E-06    0.1000E+01    1   T
1115    0.44720518E-06    0.1000E+01    1   T
1116    0.44678739E-06    0.5000E+00    2   T
1117    0.44644014E-06    0.5000E+00    2   T
1118    0.44613066E-06    0.1000E+01    1   T
1119    0.44570819E-06    0.1000E+01    1   T
1120    0.44517190E-06    0.1000E+01    1   T
1121    0.44470318E-06    0.1000E+01    1   T
1122    0.44416635E-06    0.1000E+01    1   T
1123    0.44378368E-06    0.1000E+01    1   T
1124    0.44295339E-06    0.1000E+01    1   T
1125    0.44220685E-06    0.1000E+01    1   T
1126    0.44137553E-06    0.1000E+01    1   T
1127    0.43982691E-06    0.1000E+01    1   T
1128    0.43786448E-06    0.1000E+01    1   T
1129    0.43616716E-06    0.1000E+01    1   T
1130    0.43516637E-06    0.1000E+01    1   T
1131    0.43376292E-06    0.1000E+01    1   T
1132    0.43239849E-06    0.1000E+01    1   T
1133    0.43129697E-06    0.1000E+01    1   T
1134    0.43098200E-06    0.1250E+00    4   T
1135    0.42924745E-06    0.1000E+01    1   T
1136    0.42885250E-06    0.5000E+00    2   T
1137    0.42811007E-06    0.1000E+01    1   T
1138    0.42765988E-06    0.1000E+01    1   T
1139    0.42721944E-06    0.1000E+01    1   T
1140    0.42668555E-06    0.1000E+01    1   T
1141    0.42595236E-06    0.1000E+01    1   T
1142    0.42505346E-06    0.1000E+01    1   T
1143    0.42423378E-06    0.1000E+01    1   T
1144    0.42397796E-06    0.5000E+00    2   T
1145    0.42356681E-06    0.1000E+01    1   T
1146    0.42310817E-06    0.1000E+01    1   T
1147    0.42260754E-06    0.1000E+01    1   T
1148    0.42167788E-06    0.5000E+00    2   T
1149    0.42069665E-06    0.1000E+01    1   T
1150    0.41966430E-06    0.1000E+01    1   T
1151    0.41818489E-06    0.1000E+01    1   T
1152    0.41736863E-06    0.1000E+01    1   T
1153    0.41616297E-06    0.1000E+01    1   T
1154    0.41548926E-06    0.1000E+01    1   T
1155    0.41471842E-06    0.1000E+01    1   T
1156    0.41243415E-06    0.1000E+01    1   T
1157    0.41243370E-06    0.6250E-01    5   T
1158    0.41082708E-06    0.1000E+01    1   T
1159    0.41014592E-06    0.1000E+01    1   T
1160    0.40960751E-06    0.1000E+01    1   T
1161    0.40950490E-06    0.1000E+01    1   T
1162    0.40918462E-06    0.5000E+00    2   T
1163    0.40879874E-06    0.1000E+01    1   T
1164    0.40862611E-06    0.1000E+01    1   T
1165    0.40821503E-06    0.1000E+01    1   T
1166    0.40820751E-06    0.1000E+01    1   T
1167    0.40770681E-06    0.1000E+01    1   T
1168    0.40749989E-06    0.1000E+01    1   T
1169    0.40718945E-06    0.1000E+01    1   T
1170    0.40709002E-06    0.5000E+00    2   T
1171    0.40684165E-06    0.1000E+01    1   T
1172    0.40670063E-06    0.1000E+01    1   T
1173    0.40660593E-06    0.1000E+01    1   T
1174    0.40650755E-06    0.1000E+01    1   T
1175    0.40639488E-06    0.1000E+01    1   T
1176    0.40617562E-06    0.1000E+01    1   T
1177    0.40603659E-06    0.1000E+01    1   T
1178    0.40578975E-06    0.1000E+01    1   T
1179    0.40557633E-06    0.1000E+01    1   T
1180    0.40541427E-06    0.1000E+01    1   T
1181    0.40524097E-06    0.1000E+01    1   T
1182    0.40513576E-06    0.1000E+01    1   T
1183    0.40501457E-06    0.1000E+01    1   T
1184    0.40488565E-06    0.5000E+00    2   T
1185    0.40470064E-06    0.1000E+01    1   T
1186    0.40456533E-06    0.1000E+01    1   T
1187    0.40448342E-06    0.1000E+01    1   T
1188    0.40422793E-06    0.1000E+01    1   T
1189    0.40394314E-06    0.1000E+01    1   T
1190    0.40378208E-06    0.1000E+01    1   T
1191    0.40342029E-06    0.1000E+01    1   T
1192    0.40301350E-06    0.1000E+01    1   T
1193    0.40278805E-06    0.1000E+01    1   T
1194    0.40273214E-06    0.2500E+00    3   T
1195    0.40241901E-06    0.1000E+01    1   T
1196    0.40216029E-06    0.1000E+01    1   T
1197    0.40187285E-06    0.1000E+01    1   T
1198    0.40148542E-06    0.1000E+01    1   T
1199    0.40091544E-06    0.1000E+01    1   T
1200    0.40053617E-06    0.5000E+00    2   T
1201    0.39966797E-06    0.1000E+01    1   T
1202    0.39818132E-06    0.1000E+01    1   T
1203    0.39659850E-06    0.1000E+01    1   T
1204    0.39616968E-06    0.5000E+00    2   T
1205    0.39443680E-06    0.1000E+01    1   T
1206    0.39288821E-06    0.1000E+01    1   T
1207    0.39127411E-06    0.1000E+01    1   T
1208    0.38889100E-06    0.1000E+01    1   T
1209    0.38614689E-06    0.1000E+01    1   T
1210    0.38422157E-06    0.1000E+01    1   T
1211    0.38197498E-06    0.1000E+01    1   T
1212    0.37958542E-06    0.1000E+01    1   T
1213    0.37800627E-06    0.1000E+01    1   T
1214    0.37697572E-06    0.1000E+01    1   T
1215    0.37546914E-06    0.1000E+01    1   T
1216    0.37499006E-06    0.5000E+00    2   T
1217    0.37381397E-06    0.1000E+01    1   T
1218    0.37285132E-06    0.1000E+01    1   T
1219    0.37197901E-06    0.1000E+01    1   T
1220    0.37161472E-06    0.1000E+01    1   T
1221    0.37137696E-06    0.1000E+01    1   T
1222    0.37135053E-06    0.1250E+00    4   T
1223    0.37111418E-06    0.1000E+01    1   T
1224    0.37073992E-06    0.1000E+01    1   T
1225    0.37070353E-06    0.1000E+01    1   T
1226    0.37002866E-06    0.1000E+01    1   T
1227    0.36989250E-06    0.5000E+00    2   T
1228    0.36973825E-06    0.1000E+01    1   T
1229    0.36957980E-06    0.1000E+01    1   T
1230    0.36948297E-06    0.1000E+01    1   T
1231    0.36932066E-06    0.1000E+01    1   T
1232    0.36925360E-06    0.5000E+00    2   T
1233    0.36920532E-06    0.1000E+01    1   T
1234    0.36903666E-06    0.1000E+01    1   T
1235    0.36897737E-06    0.1000E+01    1   T
1236    0.36891872E-06    0.1000E+01    1   T
1237    0.36887436E-06    0.1000E+01    1   T
1238    0.36880335E-06    0.1000E+01    1   T
1239    0.36877736E-06    0.1000E+01    1   T
1240    0.36868367E-06    0.1000E+01    1   T
1241    0.36864647E-06    0.1000E+01    1   T
1242    0.36858854E-06    0.1000E+01    1   T
1243    0.36857161E-06    0.1000E+01    1   T
1244    0.36849531E-06    0.5000E+00    2   T
1245    0.36836283E-06    0.1000E+01    1   T
1246    0.36822174E-06    0.1000E+01    1   T
1247    0.36797113E-06    0.1000E+01    1   T
1248    0.36767587E-06    0.1000E+01    1   T
1249    0.36719601E-06    0.1000E+01    1   T
1250    0.36667455E-06    0.1000E+01    1   T
1251    0.36603649E-06    0.1000E+01    1   T
1252    0.36590546E-06    0.5000E+00    2   T
1253    0.36560820E-06    0.1000E+01    1   T
1254    0.36544236E-06    0.1000E+01    1   T
1255    0.36534881E-06    0.1000E+01    1   T
1256    0.36518718E-06    0.2500E+00    3   T
1257    0.36490480E-06    0.1000E+01    1   T
1258    0.36468570E-06    0.1000E+01    1   T
1259    0.36437352E-06    0.1000E+01    1   T
1260    0.36437117E-06    0.1000E+01    1   T
1261    0.36414721E-06    0.1000E+01    1   T
1262    0.36360383E-06    0.1000E+01    1   T
1263    0.36335602E-06    0.1000E+01    1   T
1264    0.36292477E-06    0.1000E+01    1   T
1265    0.36242755E-06    0.1000E+01    1   T
1266    0.36224958E-06    0.5000E+00    2   T
1267    0.36177873E-06    0.1000E+01    1   T
1268    0.36125378E-06    0.1000E+01    1   T
1269    0.36067315E-06    0.1000E+01    1   T
1270    0.36011038E-06    0.1000E+01    1   T
1271    0.35949823E-06    0.1000E+01    1   T
1272    0.35891392E-06    0.1000E+01    1   T
1273    0.35812972E-06    0.1000E+01    1   T
1274    0.35716404E-06    0.1000E+01    1   T
1275    0.35624708E-06    0.1000E+01    1   T
1276    0.35552830E-06    0.5000E+00    2   T
1277    0.35492312E-06    0.1000E+01    1   T
1278    0.35437286E-06    0.1000E+01    1   T
1279    0.35371868E-06    0.1000E+01    1   T
1280    0.35273717E-06    0.1000E+01    1   T
1281    0.35251931E-06    0.2500E+00    3   T
1282    0.35152622E-06    0.1000E+01    1   T
1283    0.35075081E-06    0.1000E+01    1   T
1284    0.34889270E-06    0.1000E+01    1   T
1285    0.34771985E-06    0.1000E+01    1   T
1286    0.34707222E-06    0.1000E+01    1   T
1287    0.34653178E-06    0.1000E+01    1   T
1288    0.34618040E-06    0.1000E+01    1   T
1289    0.34614766E-06    0.2500E+00    3   T
1290    0.34528996E-06    0.1000E+01    1   T
1291    0.34492362E-06    0.1000E+01    1   T
1292    0.34465880E-06    0.1000E+01    1   T
1293    0.34428449E-06    0.1000E+01    1   T
1294    0.34412946E-06    0.1000E+01    1   T
1295    0.34354118E-06    0.1000E+01    1   T
1296    0.34323653E-06    0.1000E+01    1   T
1297    0.34298545E-06    0.1000E+01    1   T
1298    0.34297940E-06    0.5000E+00    2   T
1299    0.34275984E-06    0.1000E+01    1   T
1300    0.34248325E-06    0.1000E+01    1   T
1301    0.34210011E-06    0.1000E+01    1   T
1302    0.34175571E-06    0.1000E+01    1   T
1303    0.34159183E-06    0.1000E+01    1   T
1304    0.34148736E-06    0.1000E+01    1   T
1305    0.34138819E-06    0.1000E+01    1   T
1306    0.34130284E-06    0.1000E+01    1   T
1307    0.34128259E-06    0.6250E-01    5   T
1308    0.34120062E-06    0.1000E+01    1   T
1309    0.34111609E-06    0.1000E+01    1   T
1310    0.34100604E-06    0.1000E+01    1   T
1311    0.34088200E-06    0.1000E+01    1   T
1312    0.34074365E-06    0.1000E+01    1   T
1313    0.34069616E-06    0.2500E+00    3   T
1314    0.34050381E-06    0.1000E+01    1   T
1315    0.34028354E-06    0.1000E+01    1   T
1316    0.34008845E-06    0.1000E+01    1   T
1317    0.33983765E-06    0.1000E+01    1   T
1318    0.33978048E-06    0.6250E-01    5   T
1319    0.33958294E-06    0.1000E+01    1   T
1320    0.33945357E-06    0.1000E+01    1   T
1321    0.33943519E-06    0.1000E+01    1   T
1322    0.33934556E-06    0.1000E+01    1   T
1323    0.33931590E-06    0.1000E+01    1   T
1324    0.33926263E-06    0.1000E+01    1   T
1325    0.33925407E-06    0.5000E+00    2   T
1326    0.33922101E-06    0.1000E+01    1   T
1327    0.33920426E-06    0.1000E+01    1   T
1328    0.33920286E-06    0.5000E+00    2   T
1329    0.33916001E-06    0.1000E+01    1   T
1330    0.33913193E-06    0.1000E+01    1   T
1331    0.33906746E-06    0.1000E+01    1   T
1332    0.33904873E-06    0.1250E+00    4   T
1333    0.33897858E-06    0.1000E+01    1   T
1334    0.33890447E-06    0.1000E+01    1   T
1335    0.33879266E-06    0.1000E+01    1   T
1336    0.33865688E-06    0.1000E+01    1   T
1337    0.33861167E-06    0.2500E+00    3   T
1338    0.33848512E-06    0.1000E+01    1   T
1339    0.33840767E-06    0.1000E+01    1   T
1340    0.33836522E-06    0.1000E+01    1   T
1341    0.33831645E-06    0.1000E+01    1   T
1342    0.33825664E-06    0.1000E+01    1   T
1343    0.33819666E-06    0.1000E+01    1   T
1344    0.33808306E-06    0.1000E+01    1   T
1345    0.33798116E-06    0.1000E+01    1   T
1346    0.33793397E-06    0.2500E+00    3   T
1347    0.33776206E-06    0.1000E+01    1   T
1348    0.33758770E-06    0.1000E+01    1   T
1349    0.33745136E-06    0.1000E+01    1   T
1350    0.33736400E-06    0.1000E+01    1   T
1351    0.33726504E-06    0.1000E+01    1   T
1352    0.33715804E-06    0.1000E+01    1   T
1353    0.33715344E-06    0.1250E+00    4   T
1354    0.33700952E-06    0.1000E+01    1   T
1355    0.33690655E-06    0.1000E+01    1   T
1356    0.33689136E-06    0.2500E+00    3   T
1357    0.33666221E-06    0.1000E+01    1   T
1358    0.33649648E-06    0.1000E+01    1   T
1359    0.33630851E-06    0.1000E+01    1   T
1360    0.33617137E-06    0.1000E+01    1   T
1361    0.33595291E-06    0.1000E+01    1   T
1362    0.33571350E-06    0.1000E+01    1   T
1363    0.33554989E-06    0.1000E+01    1   T
1364    0.33539004E-06    0.1000E+01    1   T
1365    0.33532528E-06    0.1000E+01    1   T
1366    0.33520781E-06    0.1000E+01    1   T
1367    0.33510318E-06    0.5000E+00    2   T
1368    0.33475055E-06    0.1000E+01    1   T
1369    0.33443856E-06    0.1000E+01    1   T
1370    0.33392932E-06    0.1000E+01    1   T
1371    0.33365636E-06    0.1000E+01    1   T
1372    0.33354097E-06    0.1000E+01    1   T
1373    0.33339015E-06    0.1000E+01    1   T
1374    0.33332652E-06    0.5000E+00    2   T
1375    0.33323992E-06    0.1000E+01    1   T
1376    0.33294164E-06    0.1000E+01    1   T
1377    0.33264101E-06    0.1000E+01    1   T
1378    0.33219741E-06    0.1000E+01    1   T
1379    0.33167590E-06    0.1000E+01    1   T
1380    0.33133224E-06    0.1000E+01    1   T
1381    0.33091858E-06    0.1000E+01    1   T
1382    0.33073799E-06    0.1000E+01    1   T
1383    0.33049526E-06    0.1000E+01    1   T
1384    0.33015497E-06    0.1000E+01    1   T
1385    0.32935908E-06    0.1000E+01    1   T
1386    0.32834676E-06    0.1000E+01    1   T
1387    0.32753876E-06    0.1000E+01    1   T
1388    0.32684013E-06    0.1000E+01    1   T
1389    0.32658488E-06    0.1000E+01    1   T
1390    0.32631994E-06    0.1000E+01    1   T
1391    0.32606500E-06    0.5000E+00    2   T
1392    0.32551351E-06    0.1000E+01    1   T
1393    0.32485976E-06    0.1000E+01    1   T
1394    0.32447874E-06    0.1000E+01    1   T
1395    0.32429984E-06    0.1000E+01    1   T
1396    0.32409847E-06    0.1000E+01    1   T
1397    0.32406477E-06    0.5000E+00    2   T
1398    0.32380838E-06    0.1000E+01    1   T
1399    0.32370346E-06    0.1000E+01    1   T
1400    0.32344846E-06    0.1000E+01    1   T
1401    0.32304881E-06    0.1000E+01    1   T
1402    0.32260370E-06    0.1000E+01    1   T
1403    0.32238669E-06    0.2500E+00    3   T
1404    0.32187099E-06    0.1000E+01    1   T
1405    0.32184113E-06    0.1000E+01    1   T
1406    0.32144728E-06    0.1000E+01    1   T
1407    0.32125155E-06    0.1000E+01    1   T
1408    0.32105567E-06    0.1000E+01    1   T
1409    0.32092006E-06    0.1000E+01    1   T
1410    0.32084504E-06    0.5000E+00    2   T
1411    0.32073470E-06    0.1000E+01    1   T
1412    0.32063401E-06    0.1000E+01    1   T
1413    0.32058419E-06    0.1000E+01    1   T
1414    0.32053449E-06    0.1000E+01    1   T
1415    0.32045823E-06    0.1000E+01    1   T
1416    0.32037416E-06    0.1000E+01    1   T
1417    0.32029180E-06    0.1000E+01    1   T
1418    0.32016251E-06    0.1000E+01    1   T
1419    0.31995428E-06    0.1000E+01    1   T
1420    0.31969663E-06    0.1000E+01    1   T
1421    0.31953424E-06    0.1000E+01    1   T
1422    0.31933170E-06    0.1000E+01    1   T
1423    0.31918083E-06    0.1000E+01    1   T
1424    0.31898055E-06    0.1000E+01    1   T
1425    0.31894172E-06    0.1250E+00    4   T
1426    0.31886912E-06    0.1000E+01    1   T
1427    0.31879589E-06    0.1000E+01    1   T
1428    0.31867683E-06    0.1000E+01    1   T
1429    0.31845786E-06    0.1000E+01    1   T
1430    0.31832762E-06    0.1000E+01    1   T
1431    0.31772548E-06    0.5000E+00    2   T
1432    0.31732352E-06    0.1000E+01    1   T
1433    0.31722583E-06    0.5000E+00    2   T
1434    0.31666517E-06    0.1000E+01    1   T
1435    0.31632694E-06    0.1000E+01    1   T
1436    0.31577673E-06    0.1000E+01    1   T
1437    0.31467198E-06    0.1000E+01    1   T
1438    0.31400635E-06    0.1000E+01    1   T
1439    0.31307660E-06    0.1000E+01    1   T
1440    0.31227554E-06    0.1000E+01    1   T
1441    0.31137064E-06    0.1000E+01    1   T
1442    0.31107745E-06    0.1000E+01    1   T
1443    0.31089039E-06    0.1000E+01    1   T
1444    0.31077218E-06    0.1000E+01    1   T
1445    0.31069716E-06    0.1000E+01    1   T
1446    0.31064596E-06    0.1000E+01    1   T
1447    0.31052294E-06    0.1000E+01    1   T
1448    0.31037221E-06    0.1000E+01    1   T
1449    0.31013687E-06    0.1000E+01    1   T
1450    0.30990842E-06    0.1000E+01    1   T
1451    0.30984928E-06    0.2500E+00    3   T
1452    0.30977718E-06    0.2500E+00    3   T
1453    0.30956273E-06    0.1000E+01    1   T
1454    0.30942938E-06    0.1000E+01    1   T
1455    0.30937399E-06    0.1000E+01    1   T
1456    0.30931398E-06    0.1000E+01    1   T
1457    0.30923734E-06    0.1000E+01    1   T
1458    0.30915746E-06    0.1000E+01    1   T
1459    0.30914074E-06    0.5000E+00    2   T
1460    0.30902026E-06    0.1000E+01    1   T
1461    0.30895017E-06    0.1000E+01    1   T
1462    0.30876564E-06    0.1000E+01    1   T
1463    0.30859204E-06    0.1000E+01    1   T
1464    0.30834157E-06    0.1000E+01    1   T
1465    0.30800242E-06    0.1000E+01    1   T
1466    0.30765678E-06    0.1000E+01    1   T
1467    0.30731368E-06    0.1000E+01    1   T
1468    0.30705614E-06    0.1000E+01    1   T
1469    0.30687814E-06    0.1000E+01    1   T
1470    0.30666488E-06    0.1000E+01    1   T
1471    0.30612224E-06    0.1000E+01    1   T
1472    0.30571600E-06    0.1000E+01    1   T
1473    0.30470395E-06    0.1000E+01    1   T
1474    0.30375646E-06    0.1000E+01    1   T
1475    0.30300400E-06    0.1000E+01    1   T
1476    0.30226587E-06    0.1000E+01    1   T
1477    0.30187780E-06    0.1000E+01    1   T
1478    0.30133629E-06    0.1000E+01    1   T
1479    0.30101759E-06    0.1000E+01    1   T
1480    0.30043297E-06    0.1000E+01    1   T
1481    0.30001335E-06    0.1000E+01    1   T
1482    0.29995400E-06    0.1000E+01    1   T
1483    0.29935682E-06    0.1000E+01    1   T
1484    0.29917400E-06    0.1000E+01    1   T
1485    0.29900802E-06    0.1000E+01    1   T
1486    0.29900036E-06    0.1000E+01    1   T
1487    0.29879289E-06    0.1000E+01    1   T
1488    0.29852057E-06    0.1000E+01    1   T
1489    0.29810608E-06    0.1000E+01    1   T
1490    0.29783711E-06    0.5000E+00    2   T
1491    0.29766262E-06    0.1000E+01    1   T
1492    0.29759031E-06    0.1000E+01    1   T
1493    0.29755322E-06    0.1000E+01    1   T
1494    0.29751825E-06    0.1000E+01    1   T
1495    0.29749096E-06    0.1000E+01    1   T
1496    0.29744659E-06    0.1000E+01    1   T
1497    0.29743652E-06    0.1250E+00    4   T
1498    0.29741354E-06    0.1000E+01    1   T
1499    0.29738989E-06    0.1000E+01    1   T
1500    0.29736508E-06    0.1000E+01    1   T
1501    0.29732369E-06    0.1000E+01    1   T
1502    0.29728712E-06    0.1000E+01    1   T
1503    0.29725415E-06    0.1000E+01    1   T
1504    0.29722730E-06    0.1000E+01    1   T
1505    0.29720225E-06    0.1000E+01    1   T
1506    0.29715452E-06    0.1000E+01    1   T
1507    0.29707332E-06    0.1000E+01    1   T
1508    0.29703170E-06    0.1000E+01    1   T
1509    0.29692933E-06    0.1000E+01    1   T
1510    0.29681400E-06    0.1000E+01    1   T
1511    0.29668941E-06    0.1000E+01    1   T
1512    0.29647739E-06    0.1000E+01    1   T
1513    0.29644259E-06    0.1250E+00    4   T
1514    0.29623929E-06    0.1000E+01    1   T
1515    0.29611412E-06    0.1000E+01    1   T
1516    0.29603509E-06    0.1000E+01    1   T
1517    0.29589201E-06    0.1000E+01    1   T
1518    0.29572142E-06    0.1000E+01    1   T
1519    0.29526109E-06    0.1000E+01    1   T
1520    0.29502193E-06    0.1000E+01    1   T
1521    0.29490767E-06    0.1000E+01    1   T
1522    0.29483443E-06    0.1000E+01    1   T
1523    0.29465376E-06    0.1000E+01    1   T
1524    0.29443787E-06    0.1000E+01    1   T
1525    0.29414838E-06    0.1000E+01    1   T
1526    0.29406830E-06    0.1250E+00    4   T
1527    0.29383844E-06    0.1000E+01    1   T
1528    0.29365801E-06    0.1000E+01    1   T
1529    0.29356981E-06    0.1000E+01    1   T
1530    0.29348658E-06    0.1000E+01    1   T
1531    0.29343253E-06    0.1000E+01    1   T
1532    0.29342049E-06    0.2500E+00    3   T
1533    0.29334824E-06    0.1000E+01    1   T
1534    0.29327668E-06    0.1000E+01    1   T
1535    0.29316979E-06    0.1000E+01    1   T
1536    0.29315215E-06    0.1000E+01    1   T
1537    0.29299016E-06    0.1000E+01    1   T
1538    0.29294699E-06    0.1000E+01    1   T
1539    0.29291157E-06    0.1000E+01    1   T
1540    0.29287997E-06    0.1000E+01    1   T
1541    0.29282397E-06    0.1000E+01    1   T
1542    0.29280110E-06    0.1000E+01    1   T
1543    0.29275337E-06    0.1000E+01    1   T
1544    0.29272845E-06    0.2500E+00    3   T
1545    0.29268068E-06    0.1000E+01    1   T
1546    0.29264394E-06    0.1000E+01    1   T
1547    0.29260233E-06    0.1000E+01    1   T
1548    0.29255702E-06    0.1000E+01    1   T
1549    0.29250196E-06    0.1000E+01    1   T
1550    0.29248879E-06    0.1000E+01    1   T
1551    0.29242354E-06    0.1000E+01    1   T
1552    0.29238377E-06    0.1000E+01    1   T
1553    0.29227036E-06    0.1000E+01    1   T
1554    0.29215338E-06    0.1000E+01    1   T
1555    0.29199694E-06    0.1000E+01    1   T
1556    0.29181774E-06    0.1000E+01    1   T
1557    0.29169610E-06    0.1000E+01    1   T
1558    0.29159737E-06    0.1000E+01    1   T
1559    0.29146099E-06    0.1000E+01    1   T
1560    0.29145234E-06    0.3125E-01    6   T
1561    0.29137761E-06    0.5000E+00    2   T
1562    0.29124803E-06    0.1000E+01    1   T
1563    0.29116662E-06    0.1000E+01    1   T
1564    0.29107340E-06    0.1000E+01    1   T
1565    0.29099043E-06    0.1000E+01    1   T
1566    0.29087488E-06    0.1000E+01    1   T
1567    0.29072201E-06    0.1000E+01    1   T
1568    0.29054593E-06    0.1000E+01    1   T
1569    0.29050991E-06    0.6250E-01    5   T
1570    0.29034552E-06    0.1000E+01    1   T
1571    0.29031778E-06    0.1000E+01    1   T
1572    0.29006428E-06    0.1000E+01    1   T
1573    0.28998985E-06    0.1000E+01    1   T
1574    0.28990115E-06    0.1000E+01    1   T
1575    0.28982821E-06    0.1000E+01    1   T
1576    0.28979796E-06    0.5000E+00    2   T
1577    0.28976524E-06    0.5000E+00    2   T
1578    0.28974371E-06    0.1000E+01    1   T
1579    0.28965702E-06    0.1000E+01    1   T
1580    0.28963594E-06    0.1000E+01    1   T
1581    0.28962005E-06    0.1000E+01    1   T
1582    0.28957401E-06    0.1000E+01    1   T
1583    0.28952611E-06    0.1000E+01    1   T
1584    0.28948117E-06    0.1000E+01    1   T
1585    0.28945258E-06    0.1000E+01    1   T
1586    0.28939513E-06    0.1000E+01    1   T
1587    0.28934410E-06    0.1000E+01    1   T
1588    0.28913160E-06    0.1000E+01    1   T
1589    0.28893895E-06    0.1000E+01    1   T
1590    0.28875045E-06    0.1000E+01    1   T
1591    0.28869087E-06    0.5000E+00    2   T
1592    0.28861471E-06    0.1000E+01    1   T
1593    0.28858825E-06    0.1000E+01    1   T
1594    0.28851752E-06    0.1000E+01    1   T
1595    0.28846211E-06    0.1000E+01    1   T
1596    0.28838945E-06    0.1000E+01    1   T
1597    0.28830534E-06    0.1000E+01    1   T
1598    0.28821229E-06    0.1000E+01    1   T
1599    0.28806397E-06    0.1000E+01    1   T
1600    0.28804414E-06    0.5000E+00    2   T
1601    0.28791390E-06    0.1000E+01    1   T
1602    0.28783632E-06    0.5000E+00    2   T
1603    0.28776786E-06    0.1000E+01    1   T
1604    0.28771822E-06    0.1000E+01    1   T
1605    0.28769065E-06    0.1000E+01    1   T
1606    0.28763920E-06    0.1000E+01    1   T
1607    0.28756629E-06    0.1000E+01    1   T
1608    0.28747866E-06    0.1000E+01    1   T
1609    0.28741372E-06    0.1000E+01    1   T
1610    0.28738394E-06    0.1000E+01    1   T
1611    0.28736196E-06    0.1000E+01    1   T
1612    0.28733245E-06    0.1000E+01    1   T
1613    0.28729309E-06    0.1000E+01    1   T
1614    0.28724196E-06    0.1000E+01    1   T
1615    0.28717385E-06    0.1000E+01    1   T
1616    0.28705538E-06    0.1000E+01    1   T
1617    0.28694975E-06    0.1000E+01    1   T
1618    0.28680675E-06    0.1000E+01    1   T
1619    0.28671584E-06    0.1000E+01    1   T
1620    0.28666365E-06    0.1000E+01    1   T
1621    0.28661524E-06    0.1000E+01    1   T
1622    0.28661267E-06    0.6250E-01    5   T
1623    0.28654130E-06    0.1000E+01    1   T
1624    0.28644761E-06    0.1000E+01    1   T
1625    0.28632517E-06    0.1000E+01    1   T
1626    0.28620375E-06    0.1000E+01    1   T
1627    0.28608021E-06    0.1000E+01    1   T
1628    0.28595570E-06    0.1000E+01    1   T
1629    0.28587429E-06    0.1000E+01    1   T
1630    0.28581657E-06    0.1000E+01    1   T
1631    0.28576961E-06    0.1000E+01    1   T
1632    0.28575768E-06    0.1000E+01    1   T
1633    0.28574396E-06    0.1000E+01    1   T
1634    0.28562745E-06    0.1000E+01    1   T
1635    0.28558360E-06    0.1000E+01    1   T
1636    0.28550560E-06    0.1000E+01    1   T
1637    0.28545763E-06    0.1000E+01    1   T
1638    0.28543366E-06    0.5000E+00    2   T
1639    0.28527141E-06    0.1000E+01    1   T
1640    0.28513175E-06    0.1000E+01    1   T
1641    0.28498625E-06    0.1000E+01    1   T
1642    0.28497248E-06    0.5000E+00    2   T
1643    0.28489969E-06    0.1000E+01    1   T
1644    0.28487592E-06    0.1000E+01    1   T
1645    0.28482206E-06    0.1000E+01    1   T
1646    0.28478199E-06    0.1000E+01    1   T
1647    0.28475296E-06    0.1000E+01    1   T
1648    0.28472074E-06    0.2500E+00    3   T
1649    0.28469257E-06    0.1000E+01    1   T
1650    0.28465908E-06    0.1000E+01    1   T
1651    0.28465510E-06    0.2500E+00    3   T
1652    0.28464114E-06    0.1000E+01    1   T
1653    0.28456810E-06    0.1000E+01    1   T
1654    0.28450678E-06    0.1000E+01    1   T
1655    0.28445724E-06    0.1000E+01    1   T
1656    0.28444041E-06    0.2500E+00    3   T
1657    0.28439126E-06    0.1000E+01    1   T
1658    0.28434037E-06    0.1000E+01    1   T
1659    0.28429196E-06    0.1000E+01    1   T
1660    0.28422594E-06    0.1000E+01    1   T
1661    0.28415624E-06    0.1000E+01    1   T
1662    0.28411292E-06    0.1000E+01    1   T
1663    0.28406184E-06    0.1000E+01    1   T
1664    0.28403605E-06    0.1000E+01    1   T
1665    0.28399146E-06    0.1000E+01    1   T
1666    0.28392326E-06    0.1000E+01    1   T
1667    0.28382437E-06    0.1000E+01    1   T
1668    0.28372500E-06    0.1000E+01    1   T
1669    0.28363030E-06    0.1000E+01    1   T
1670    0.28355744E-06    0.1000E+01    1   T
1671    0.28355415E-06    0.2500E+00    3   T
1672    0.28348218E-06    0.1000E+01    1   T
1673    0.28344813E-06    0.1000E+01    1   T
1674    0.28342313E-06    0.1000E+01    1   T
1675    0.28339977E-06    0.1000E+01    1   T
1676    0.28335622E-06    0.1000E+01    1   T
1677    0.28326832E-06    0.1000E+01    1   T
1678    0.28322716E-06    0.2500E+00    3   T
1679    0.28306875E-06    0.1000E+01    1   T
1680    0.28286502E-06    0.1000E+01    1   T
1681    0.28253978E-06    0.1000E+01    1   T
1682    0.28209980E-06    0.1000E+01    1   T
1683    0.28133772E-06    0.1000E+01    1   T
1684    0.28095177E-06    0.5000E+00    2   T
1685    0.27980868E-06    0.1000E+01    1   T
1686    0.27864481E-06    0.1000E+01    1   T
1687    0.27734008E-06    0.1000E+01    1   T
1688    0.27609830E-06    0.1000E+01    1   T
1689    0.27517214E-06    0.1000E+01    1   T
1690    0.27454663E-06    0.1000E+01    1   T
1691    0.27400687E-06    0.1000E+01    1   T
1692    0.27359061E-06    0.1000E+01    1   T
1693    0.27301869E-06    0.1000E+01    1   T
1694    0.27242619E-06    0.2500E+00    3   T
1695    0.27169057E-06    0.1000E+01    1   T
1696    0.27114819E-06    0.1000E+01    1   T
1697    0.27068777E-06    0.1000E+01    1   T
1698    0.26944081E-06    0.1000E+01    1   T
1699    0.26871394E-06    0.1000E+01    1   T
1700    0.26813998E-06    0.1000E+01    1   T
1701    0.26751677E-06    0.1000E+01    1   T
1702    0.26671220E-06    0.1000E+01    1   T
1703    0.26642078E-06    0.1000E+01    1   T
1704    0.26623704E-06    0.1000E+01    1   T
1705    0.26606569E-06    0.1000E+01    1   T
1706    0.26574061E-06    0.1000E+01    1   T
1707    0.26564048E-06    0.1250E+00    4   T
1708    0.26511937E-06    0.1000E+01    1   T
1709    0.26445380E-06    0.1000E+01    1   T
1710    0.26400119E-06    0.1000E+01    1   T
1711    0.26322814E-06    0.1000E+01    1   T
1712    0.26223922E-06    0.1000E+01    1   T
1713    0.26068771E-06    0.1000E+01    1   T
1714    0.26041746E-06    0.5000E+00    2   T
1715    0.25807556E-06    0.1000E+01    1   T
1716    0.25714788E-06    0.1000E+01    1   T
1717    0.25651644E-06    0.1000E+01    1   T
1718    0.25587091E-06    0.1000E+01    1   T
1719    0.25515310E-06    0.1000E+01    1   T
1720    0.25436859E-06    0.1000E+01    1   T
1721    0.25358284E-06    0.1000E+01    1   T
1722    0.25238732E-06    0.1000E+01    1   T
1723    0.25175752E-06    0.2500E+00    3   T
1724    0.25000772E-06    0.1000E+01    1   T
1725    0.24914719E-06    0.1000E+01    1   T
1726    0.24873777E-06    0.1000E+01    1   T
1727    0.24857459E-06    0.2500E+00    3   T
1728    0.24783234E-06    0.1000E+01    1   T
1729    0.24718985E-06    0.1000E+01    1   T
1730    0.24679762E-06    0.1000E+01    1   T
1731    0.24658176E-06    0.1000E+01    1   T
1732    0.24649435E-06    0.5000E+00    2   T
1733    0.24631674E-06    0.1000E+01    1   T
1734    0.24595676E-06    0.1000E+01    1   T
1735    0.24574793E-06    0.1000E+01    1   T
1736    0.24545186E-06    0.1000E+01    1   T
1737    0.24506614E-06    0.1000E+01    1   T
1738    0.24470483E-06    0.5000E+00    2   T
1739    0.24374482E-06    0.1000E+01    1   T
1740    0.24273522E-06    0.1000E+01    1   T
1741    0.24172465E-06    0.1000E+01    1   T
1742    0.24143795E-06    0.2500E+00    3   T
1743    0.24106668E-06    0.1000E+01    1   T
1744    0.24043509E-06    0.1000E+01    1   T
1745    0.24019009E-06    0.1000E+01    1   T
1746    0.23986616E-06    0.1000E+01    1   T
1747    0.23955215E-06    0.1000E+01    1   T
1748    0.23941422E-06    0.2500E+00    3   T
1749    0.23906069E-06    0.1000E+01    1   T
1750    0.23868527E-06    0.1000E+01    1   T
1751    0.23824770E-06    0.1000E+01    1   T
1752    0.23778566E-06    0.5000E+00    2   T
1753    0.23725762E-06    0.1000E+01    1   T
1754    0.23674808E-06    0.1000E+01    1   T
1755    0.23658879E-06    0.1000E+01    1   T
1756    0.23615078E-06    0.1000E+01    1   T
1757    0.23580460E-06    0.1000E+01    1   T
1758    0.23547897E-06    0.1000E+01    1   T
1759    0.23519039E-06    0.1000E+01    1   T
1760    0.23502427E-06    0.1000E+01    1   T
1761    0.23480819E-06    0.1000E+01    1   T
1762    0.23451001E-06    0.1000E+01    1   T
1763    0.23426229E-06    0.1000E+01    1   T
1764    0.23410150E-06    0.1000E+01    1   T
1765    0.23402415E-06    0.5000E+00    2   T
1766    0.23391532E-06    0.1000E+01    1   T
1767    0.23374500E-06    0.1000E+01    1   T
1768    0.23358190E-06    0.1000E+01    1   T
1769    0.23346636E-06    0.1000E+01    1   T
1770    0.23332537E-06    0.1000E+01    1   T
1771    0.23322861E-06    0.1000E+01    1   T
1772    0.23314942E-06    0.1000E+01    1   T
1773    0.23311199E-06    0.1000E+01    1   T
1774    0.23309474E-06    0.1000E+01    1   T
1775    0.23303167E-06    0.1000E+01    1   T
1776    0.23298914E-06    0.1000E+01    1   T
1777    0.23293253E-06    0.1000E+01    1   T
1778    0.23287790E-06    0.1000E+01    1   T
1779    0.23279977E-06    0.1000E+01    1   T
1780    0.23276545E-06    0.2500E+00    3   T
1781    0.23264739E-06    0.1000E+01    1   T
1782    0.23244628E-06    0.1000E+01    1   T
1783    0.23229615E-06    0.1000E+01    1   T
1784    0.23212950E-06    0.1000E+01    1   T
1785    0.23211716E-06    0.6250E-01    5   T
1786    0.23201507E-06    0.1000E+01    1   T
1787    0.23200045E-06    0.2500E+00    3   T
1788    0.23190438E-06    0.1000E+01    1   T
1789    0.23184498E-06    0.1000E+01    1   T
1790    0.23176685E-06    0.1000E+01    1   T
1791    0.23168012E-06    0.1000E+01    1   T
1792    0.23166343E-06    0.1000E+01    1   T
1793    0.23152937E-06    0.1000E+01    1   T
1794    0.23145181E-06    0.1000E+01    1   T
1795    0.23137695E-06    0.1000E+01    1   T
1796    0.23131384E-06    0.1000E+01    1   T
1797    0.23119136E-06    0.1000E+01    1   T
1798    0.23100123E-06    0.1000E+01    1   T
1799    0.23091892E-06    0.2500E+00    3   T
1800    0.23067654E-06    0.1000E+01    1   T
1801    0.23044793E-06    0.1000E+01    1   T
1802    0.23026907E-06    0.1000E+01    1   T
1803    0.23011160E-06    0.1000E+01    1   T
1804    0.22994243E-06    0.1000E+01    1   T
1805    0.22966105E-06    0.1000E+01    1   T
1806    0.22928179E-06    0.1000E+01    1   T
1807    0.22919543E-06    0.1000E+01    1   T
1808    0.22911986E-06    0.1000E+01    1   T
1809    0.22904812E-06    0.1000E+01    1   T
1810    0.22899259E-06    0.1000E+01    1   T
1811    0.22896549E-06    0.1000E+01    1   T
1812    0.22893461E-06    0.1000E+01    1   T
1813    0.22888365E-06    0.1000E+01    1   T
1814    0.22885005E-06    0.1000E+01    1   T
1815    0.22879351E-06    0.1000E+01    1   T
1816    0.22873987E-06    0.1000E+01    1   T
1817    0.22871442E-06    0.6250E-01    5   T
1818    0.22862266E-06    0.1000E+01    1   T
1819    0.22857416E-06    0.1000E+01    1   T
1820    0.22853546E-06    0.1000E+01    1   T
1821    0.22848908E-06    0.1000E+01    1   T
1822    0.22842805E-06    0.1000E+01    1   T
1823    0.22836480E-06    0.5000E+00    2   T
1824    0.22821644E-06    0.5000E+00    2   T
1825    0.22798154E-06    0.1000E+01    1   T
1826    0.22790377E-06    0.1000E+01    1   T
1827    0.22769652E-06    0.1000E+01    1   T
1828    0.22762629E-06    0.1000E+01    1   T
1829    0.22736703E-06    0.1000E+01    1   T
1830    0.22729739E-06    0.2500E+00    3   T
1831    0.22697692E-06    0.1000E+01    1   T
1832    0.22644541E-06    0.1000E+01    1   T
1833    0.22591643E-06    0.1000E+01    1   T
1834    0.22536113E-06    0.1000E+01    1   T
1835    0.22492679E-06    0.1000E+01    1   T
1836    0.22474462E-06    0.1000E+01    1   T
1837    0.22460172E-06    0.1000E+01    1   T
1838    0.22451519E-06    0.1000E+01    1   T
1839    0.22446674E-06    0.5000E+00    2   T
1840    0.22442776E-06    0.5000E+00    2   T
1841    0.22434817E-06    0.1000E+01    1   T
1842    0.22429236E-06    0.1000E+01    1   T
1843    0.22425645E-06    0.1000E+01    1   T
1844    0.22423557E-06    0.5000E+00    2   T
1845    0.22420470E-06    0.1000E+01    1   T
1846    0.22418019E-06    0.1000E+01    1   T
1847    0.22414839E-06    0.1000E+01    1   T
1848    0.22414401E-06    0.1000E+01    1   T
1849    0.22405046E-06    0.1000E+01    1   T
1850    0.22400258E-06    0.1000E+01    1   T
1851    0.22393127E-06    0.1000E+01    1   T
1852    0.22385984E-06    0.1000E+01    1   T
1853    0.22379703E-06    0.1000E+01    1   T
1854    0.22376028E-06    0.5000E+00    2   T
1855    0.22367827E-06    0.1000E+01    1   T
1856    0.22362654E-06    0.1000E+01    1   T
1857    0.22356407E-06    0.1000E+01    1   T
1858    0.22349712E-06    0.1000E+01    1   T
1859    0.22339186E-06    0.1000E+01    1   T
1860    0.22332348E-06    0.1000E+01    1   T
1861    0.22328876E-06    0.1000E+01    1   T
1862    0.22326839E-06    0.1000E+01    1   T
1863    0.22324952E-06    0.1000E+01    1   T
1864    0.22321401E-06    0.1000E+01    1   T
1865    0.22318126E-06    0.1000E+01    1   T
1866    0.22311770E-06    0.1000E+01    1   T
1867    0.22310085E-06    0.1250E+00    4   T
1868    0.22301215E-06    0.1000E+01    1   T
1869    0.22293806E-06    0.1000E+01    1   T
1870    0.22283174E-06    0.1000E+01    1   T
1871    0.22282565E-06    0.5000E+00    2   T
1872    0.22276962E-06    0.1000E+01    1   T
1873    0.22272660E-06    0.1000E+01    1   T
1874    0.22267507E-06    0.1000E+01    1   T
1875    0.22260351E-06    0.1000E+01    1   T
1876    0.22253355E-06    0.1000E+01    1   T
1877    0.22248977E-06    0.5000E+00    2   T
1878    0.22242218E-06    0.1000E+01    1   T
1879    0.22230594E-06    0.1000E+01    1   T
1880    0.22223423E-06    0.1000E+01    1   T
1881    0.22210825E-06    0.1000E+01    1   T
1882    0.22203119E-06    0.1000E+01    1   T
1883    0.22183368E-06    0.1000E+01    1   T
1884    0.22169540E-06    0.1000E+01    1   T
1885    0.22153120E-06    0.5000E+00    2   T
1886    0.22119647E-06    0.1000E+01    1   T
1887    0.22099071E-06    0.1000E+01    1   T
1888    0.22080483E-06    0.1000E+01    1   T
1889    0.22051635E-06    0.1000E+01    1   T
1890    0.21982841E-06    0.1000E+01    1   T
1891    0.21934829E-06    0.1000E+01    1   T
1892    0.21895657E-06    0.1000E+01    1   T
1893    0.21864255E-06    0.1000E+01    1   T
1894    0.21851648E-06    0.1000E+01    1   T
1895    0.21833789E-06    0.1000E+01    1   T
1896    0.21806993E-06    0.1000E+01    1   T
1897    0.21782415E-06    0.1000E+01    1   T
1898    0.21762876E-06    0.1000E+01    1   T
1899    0.21754418E-06    0.1000E+01    1   T
1900    0.21750677E-06    0.1000E+01    1   T
1901    0.21744625E-06    0.1000E+01    1   T
1902    0.21734290E-06    0.1000E+01    1   T
1903    0.21731116E-06    0.1000E+01    1   T
1904    0.21726963E-06    0.1000E+01    1   T
1905    0.21721953E-06    0.1000E+01    1   T
1906    0.21712471E-06    0.1000E+01    1   T
1907    0.21702566E-06    0.1000E+01    1   T
1908    0.21695998E-06    0.1000E+01    1   T
1909    0.21690041E-06    0.1000E+01    1   T
1910    0.21688029E-06    0.5000E+00    2   T
1911    0.21685202E-06    0.1000E+01    1   T
1912    0.21684056E-06    0.1000E+01    1   T
1913    0.21681914E-06    0.1000E+01    1   T
1914    0.21681473E-06    0.1250E+00    4   T
1915    0.21678579E-06    0.1000E+01    1   T
1916    0.21675320E-06    0.1000E+01    1   T
1917    0.21672745E-06    0.1000E+01    1   T
1918    0.21670313E-06    0.1000E+01    1   T
1919    0.21670053E-06    0.2500E+00    3   T
1920    0.21667287E-06    0.1000E+01    1   T
1921    0.21664452E-06    0.1000E+01    1   T
1922    0.21655270E-06    0.1000E+01    1   T
1923    0.21643024E-06    0.1000E+01    1   T
1924    0.21638825E-06    0.2500E+00    3   T
1925    0.21622231E-06    0.1000E+01    1   T
1926    0.21621374E-06    0.5000E+00    2   T
1927    0.21609758E-06    0.1000E+01    1   T
1928    0.21602492E-06    0.1000E+01    1   T
1929    0.21593566E-06    0.1000E+01    1   T
1930    0.21581243E-06    0.1000E+01    1   T
1931    0.21562965E-06    0.1000E+01    1   T
1932    0.21559355E-06    0.1250E+00    4   T
1933    0.21557925E-06    0.6250E-01    5   T
1934    0.21540031E-06    0.1000E+01    1   T
1935    0.21527174E-06    0.1000E+01    1   T
1936    0.21514846E-06    0.1000E+01    1   T
1937    0.21501994E-06    0.1000E+01    1   T
1938    0.21482867E-06    0.1000E+01    1   T
1939    0.21459946E-06    0.1000E+01    1   T
1940    0.21451638E-06    0.5000E+00    2   T
1941    0.21442425E-06    0.1000E+01    1   T
1942    0.21435317E-06    0.1000E+01    1   T
1943    0.21432344E-06    0.1000E+01    1   T
1944    0.21426894E-06    0.1000E+01    1   T
1945    0.21425530E-06    0.5000E+00    2   T
1946    0.21421955E-06    0.1000E+01    1   T
1947    0.21420698E-06    0.1000E+01    1   T
1948    0.21419254E-06    0.1000E+01    1   T
1949    0.21417874E-06    0.1000E+01    1   T
1950    0.21414760E-06    0.1000E+01    1   T
1951    0.21412188E-06    0.1000E+01    1   T
1952    0.21410678E-06    0.1000E+01    1   T
1953    0.21409522E-06    0.1000E+01    1   T
1954    0.21408022E-06    0.1000E+01    1   T
1955    0.21405173E-06    0.1000E+01    1   T
1956    0.21404503E-06    0.1000E+01    1   T
1957    0.21399871E-06    0.1000E+01    1   T
1958    0.21398567E-06    0.1000E+01    1   T
1959    0.21396898E-06    0.1000E+01    1   T
1960    0.21395457E-06    0.1000E+01    1   T
1961    0.21394175E-06    0.1000E+01    1   T
1962    0.21391693E-06    0.1000E+01    1   T
1963    0.21387728E-06    0.1000E+01    1   T
1964    0.21385894E-06    0.5000E+00    2   T
1965    0.21381203E-06    0.1000E+01    1   T
1966    0.21378292E-06    0.1000E+01    1   T
1967    0.21371833E-06    0.1000E+01    1   T
1968    0.21366694E-06    0.1000E+01    1   T
1969    0.21364613E-06    0.1000E+01    1   T
1970    0.21352365E-06    0.1250E+00    4   T
1971    0.21348513E-06    0.5000E+00    2   T
1972    0.21335894E-06    0.1000E+01    1   T
1973    0.21330598E-06    0.1000E+01    1   T
1974    0.21330177E-06    0.1250E+00    4   T
1975    0.21325257E-06    0.1000E+01    1   T
1976    0.21323182E-06    0.1000E+01    1   T
1977    0.21321451E-06    0.1000E+01    1   T
1978    0.21319563E-06    0.1000E+01    1   T
1979    0.21317843E-06    0.1000E+01    1   T
1980    0.21316237E-06    0.1000E+01    1   T
1981    0.21315494E-06    0.1000E+01    1   T
1982    0.21312803E-06    0.1000E+01    1   T
1983    0.21311967E-06    0.1000E+01    1   T
1984    0.21311725E-06    0.2500E+00    3   T
1985    0.21307383E-06    0.1000E+01    1   T
1986    0.21304408E-06    0.1000E+01    1   T
1987    0.21301055E-06    0.5000E+00    2   T
1988    0.21293500E-06    0.1000E+01    1   T
1989    0.21287764E-06    0.1000E+01    1   T
1990    0.21280100E-06    0.1000E+01    1   T
1991    0.21274284E-06    0.1000E+01    1   T
1992    0.21269133E-06    0.5000E+00    2   T
1993    0.21261946E-06    0.5000E+00    2   T
1994    0.21254596E-06    0.1000E+01    1   T
1995    0.21248611E-06    0.1000E+01    1   T
1996    0.21241025E-06    0.1000E+01    1   T
1997    0.21226499E-06    0.1000E+01    1   T
1998    0.21201781E-06    0.1000E+01    1   T
1999    0.21198016E-06    0.1250E+00    4   T
2000    0.21174389E-06    0.1000E+01    1   T
2001    0.21165647E-06    0.1000E+01    1   T
2002    0.21156588E-06    0.1000E+01    1   T
2003    0.21148660E-06    0.1000E+01    1   T
2004    0.21139166E-06    0.1000E+01    1   T
2005    0.21125486E-06    0.1000E+01    1   T
2006    0.21109931E-06    0.1000E+01    1   T
2007    0.21109564E-06    0.1000E+01    1   T
2008    0.21096463E-06    0.1000E+01    1   T
2009    0.21086136E-06    0.1000E+01    1   T
2010    0.21081169E-06    0.1000E+01    1   T
2011    0.21068795E-06    0.1000E+01    1   T
2012    0.21063247E-06    0.5000E+00    2   T
2013    0.21052737E-06    0.1000E+01    1   T
2014    0.21040670E-06    0.1000E+01    1   T
2015    0.21032807E-06    0.1000E+01    1   T
2016    0.21027866E-06    0.1000E+01    1   T
2017    0.21024367E-06    0.1000E+01    1   T
2018    0.21017830E-06    0.1000E+01    1   T
2019    0.21011205E-06    0.1000E+01    1   T
2020    0.20999068E-06    0.1000E+01    1   T
2021    0.20961613E-06    0.1000E+01    1   T
2022    0.20951323E-06    0.2500E+00    3   T
2023    0.20947515E-06    0.2500E+00    3   T
2024    0.20915210E-06    0.1000E+01    1   T
2025    0.20885320E-06    0.1000E+01    1   T
2026    0.20860050E-06    0.1000E+01    1   T
2027    0.20840536E-06    0.1000E+01    1   T
2028    0.20836210E-06    0.5000E+00    2   T
2029    0.20824139E-06    0.1000E+01    1   T
2030    0.20816349E-06    0.1000E+01    1   T
2031    0.20807385E-06    0.1000E+01    1   T
2032    0.20801611E-06    0.1000E+01    1   T
2033    0.20792829E-06    0.1000E+01    1   T
2034    0.20787400E-06    0.1000E+01    1   T
2035    0.20784034E-06    0.1000E+01    1   T
2036    0.20779013E-06    0.1000E+01    1   T
2037    0.20773774E-06    0.1000E+01    1   T
2038    0.20771414E-06    0.1000E+01    1   T
2039    0.20768526E-06    0.1000E+01    1   T
2040    0.20759405E-06    0.1000E+01    1   T
2041    0.20751834E-06    0.1000E+01    1   T
2042    0.20741932E-06    0.1000E+01    1   T
2043    0.20738659E-06    0.5000E+00    2   T
2044    0.20732804E-06    0.1000E+01    1   T
2045    0.20730883E-06    0.5000E+00    2   T
2046    0.20724060E-06    0.1000E+01    1   T
2047    0.20719858E-06    0.1000E+01    1   T
2048    0.20712036E-06    0.1000E+01    1   T
2049    0.20702398E-06    0.1000E+01    1   T
2050    0.20693670E-06    0.1000E+01    1   T
2051    0.20679277E-06    0.1000E+01    1   T
2052    0.20645912E-06    0.1000E+01    1   T
2053    0.20630889E-06    0.1000E+01    1   T
2054    0.20615851E-06    0.1000E+01    1   T
2055    0.20611312E-06    0.1000E+01    1   T
2056    0.20606282E-06    0.1000E+01    1   T
2057    0.20599284E-06    0.1000E+01    1   T
2058    0.20592697E-06    0.1000E+01    1   T
2059    0.20583013E-06    0.1000E+01    1   T
2060    0.20565235E-06    0.1000E+01    1   T
2061    0.20562370E-06    0.2500E+00    3   T
2062    0.20550901E-06    0.1000E+01    1   T
2063    0.20542332E-06    0.1000E+01    1   T
2064    0.20533282E-06    0.1000E+01    1   T
2065    0.20529000E-06    0.1000E+01    1   T
2066    0.20519845E-06    0.1000E+01    1   T
2067    0.20500284E-06    0.1000E+01    1   T
2068    0.20480494E-06    0.1000E+01    1   T
2069    0.20457356E-06    0.1000E+01    1   T
2070    0.20448593E-06    0.1000E+01    1   T
2071    0.20437951E-06    0.1000E+01    1   T
2072    0.20431804E-06    0.1000E+01    1   T
2073    0.20427918E-06    0.1000E+01    1   T
2074    0.20423203E-06    0.1000E+01    1   T
2075    0.20418130E-06    0.1000E+01    1   T
2076    0.20412465E-06    0.1000E+01    1   T
2077    0.20407801E-06    0.5000E+00    2   T
2078    0.20400648E-06    0.1000E+01    1   T
2079    0.20393273E-06    0.1000E+01    1   T
2080    0.20391134E-06    0.1000E+01    1   T
2081    0.20389912E-06    0.5000E+00    2   T
2082    0.20387742E-06    0.1000E+01    1   T
2083    0.20385616E-06    0.1000E+01    1   T
2084    0.20385218E-06    0.2500E+00    3   T
2085    0.20383942E-06    0.1000E+01    1   T
2086    0.20382334E-06    0.1000E+01    1   T
2087    0.20380640E-06    0.1000E+01    1   T
2088    0.20377126E-06    0.1000E+01    1   T
2089    0.20372857E-06    0.1000E+01    1   T
2090    0.20367821E-06    0.1000E+01    1   T
2091    0.20363719E-06    0.1000E+01    1   T
2092    0.20360578E-06    0.1000E+01    1   T
2093    0.20357472E-06    0.1000E+01    1   T
2094    0.20351507E-06    0.1000E+01    1   T
2095    0.20349341E-06    0.1000E+01    1   T
2096    0.20343538E-06    0.1000E+01    1   T
2097    0.20335399E-06    0.1000E+01    1   T
2098    0.20329895E-06    0.1000E+01    1   T
2099    0.20323613E-06    0.1000E+01    1   T
2100    0.20317990E-06    0.1000E+01    1   T
2101    0.20313587E-06    0.5000E+00    2   T
2102    0.20307987E-06    0.1000E+01    1   T
2103    0.20296780E-06    0.1000E+01    1   T
2104    0.20292739E-06    0.1000E+01    1   T
2105    0.20288829E-06    0.1000E+01    1   T
2106    0.20283630E-06    0.1000E+01    1   T
2107    0.20278350E-06    0.1000E+01    1   T
2108    0.20271652E-06    0.1000E+01    1   T
2109    0.20266075E-06    0.5000E+00    2   T
2110    0.20255500E-06    0.1000E+01    1   T
2111    0.20250336E-06    0.1000E+01    1   T
2112    0.20247122E-06    0.1000E+01    1   T
2113    0.20243689E-06    0.1000E+01    1   T
2114    0.20231843E-06    0.1000E+01    1   T
2115    0.20222578E-06    0.1000E+01    1   T
2116    0.20208296E-06    0.1000E+01    1   T
2117    0.20190014E-06    0.1000E+01    1   T
2118    0.20171935E-06    0.1000E+01    1   T
2119    0.20141567E-06    0.1000E+01    1   T
2120    0.20120770E-06    0.1000E+01    1   T
2121    0.20079785E-06    0.1000E+01    1   T
2122    0.20047402E-06    0.1000E+01    1   T
2123    0.20008350E-06    0.1000E+01    1   T
2124    0.19986694E-06    0.1000E+01    1   T
2125    0.19980737E-06    0.2500E+00    3   T
2126    0.19945520E-06    0.1000E+01    1   T
2127    0.19929633E-06    0.1000E+01    1   T
2128    0.19902723E-06    0.1000E+01    1   T
2129    0.19870618E-06    0.1000E+01    1   T
2130    0.19832240E-06    0.1000E+01    1   T
2131    0.19782620E-06    0.1000E+01    1   T
1    0.19595685E+02    0.3749E-04    1   T
2    0.16008702E+02    0.1000E+01    1   T
3    0.56040111E+01    0.1000E+01    1   T
4    0.20098842E+01    0.1000E+01    1   T
5    0.16586134E+01    0.1000E+01    1   T
6    0.15460558E+01    0.1000E+01    1   T
7    0.11805191E+01    0.1000E+01    1   T
8    0.77223596E+00    0.1000E+01    1   T
9    0.40038066E+00    0.1000E+01    1   T
10    0.24652967E+00    0.1000E+01    1   T
11    0.22977860E+00    0.1000E+01    1   T
12    0.21703644E+00    0.1000E+01    1   T
13    0.19009360E+00    0.1000E+01    1   T
14    0.15689204E+00    0.1000E+01    1   T
15    0.11362527E+00    0.1000E+01    1   T
16    0.83077758E-01    0.1000E+01    1   T
17    0.73744711E-01    0.1000E+01    1   T
18    0.62729734E-01    0.1000E+01    1   T
19    0.44702860E-01    0.1000E+01    1   T
20    0.38377959E-01    0.1000E+01    1   T
21    0.35053767E-01    0.1000E+01    1   T
22    0.29158100E-01    0.1000E+01    1   T
23    0.25531157E-01    0.1000E+01    1   T
24    0.23601049E-01    0.1000E+01    1   T
25    0.21829881E-01    0.1000E+01    1   T
26    0.18797201E-01    0.1000E+01    1   T
27    0.16021754E-01    0.1000E+01    1   T
28    0.14323110E-01    0.1000E+01    1   T
29    0.13462944E-01    0.1000E+01    1   T
30    0.12299726E-01    0.1000E+01    1   T
31    0.11390300E-01    0.1000E+01    1   T
32    0.10403929E-01    0.1000E+01    1   T
33    0.10034682E-01    0.1000E+01    1   T
34    0.94270898E-02    0.1000E+01    1   T
35    0.80230825E-02    0.1000E+01    1   T
36    0.65944500E-02    0.1000E+01    1   T
37    0.63356860E-02    0.1000E+01    1   T
38    0.61053018E-02    0.1000E+01    1   T
39    0.52591836E-02    0.1000E+01    1   T
40    0.47997755E-02    0.1000E+01    1   T
41    0.41966386E-02    0.1000E+01    1   T
42    0.35683785E-02    0.1000E+01    1   T
43    0.31083406E-02    0.1000E+01    1   T
44    0.27926796E-02    0.1000E+01    1   T
45    0.25407699E-02    0.1000E+01    1   T
46    0.24284024E-02    0.1000E+01    1   T
47    0.24037905E-02    0.1000E+01    1   T
48    0.23881231E-02    0.1000E+01    1   T
49    0.23466320E-02    0.1000E+01    1   T
50    0.22627583E-02    0.1000E+01    1   T
51    0.21730666E-02    0.1000E+01    1   T
52    0.20782629E-02    0.1000E+01    1   T
53    0.20191223E-02    0.1000E+01    1   T
54    0.19909053E-02    0.1000E+01    1   T
55    0.19716749E-02    0.1000E+01    1   T
56    0.19419487E-02    0.1000E+01    1   T
57    0.18838541E-02    0.1000E+01    1   T
58    0.18441167E-02    0.1000E+01    1   T
59    0.18067662E-02    0.1000E+01    1   T
60    0.17948860E-02    0.1000E+01    1   T
61    0.17783406E-02    0.1000E+01    1   T
62    0.17602832E-02    0.1000E+01    1   T
63    0.16812102E-02    0.1000E+01    1   T
64    0.16355528E-02    0.1000E+01    1   T
65    0.16042452E-02    0.1000E+01    1   T
66    0.15920727E-02    0.1000E+01    1   T
67    0.15747061E-02    0.1000E+01    1   T
68    0.15612031E-02    0.1000E+01    1   T
69    0.15554372E-02    0.1000E+01    1   T
70    0.15509834E-02    0.1000E+01    1   T
71    0.15453091E-02    0.1000E+01    1   T
72    0.15351358E-02    0.1000E+01    1   T
73    0.15043506E-02    0.1000E+01    1   T
74    0.14461352E-02    0.1000E+01    1   T
75    0.13227162E-02    0.1000E+01    1   T
76    0.12266775E-02    0.1000E+01    1   T
77    0.11001306E-02    0.1000E+01    1   T
78    0.10640996E-02    0.1000E+01    1   T
79    0.10381455E-02    0.1000E+01    1   T
80    0.10288763E-02    0.1000E+01    1   T
81    0.10122811E-02    0.1000E+01    1   T
82    0.99801247E-03    0.1000E+01    1   T
83    0.97628378E-03    0.1000E+01    1   T
84    0.95852201E-03    0.1000E+01    1   T
85    0.94088634E-03    0.1000E+01    1   T
86    0.91450434E-03    0.1000E+01    1   T
87    0.86887195E-03    0.5000E+00    2   T
88    0.76409935E-03    0.1000E+01    1   T
89    0.61540506E-03    0.1000E+01    1   T
90    0.57128191E-03    0.1000E+01    1   T
91    0.53004598E-03    0.1000E+01    1   T
92    0.50949546E-03    0.1000E+01    1   T
93    0.49893524E-03    0.1000E+01    1   T
94    0.49083488E-03    0.1000E+01    1   T
95    0.48734483E-03    0.5000E+00    2   T
96    0.48027970E-03    0.1000E+01    1   T
97    0.47838347E-03    0.1000E+01    1   T
98    0.45939597E-03    0.1000E+01    1   T
99    0.44296076E-03    0.1000E+01    1   T
100    0.42678277E-03    0.1000E+01    1   T
101    0.41712557E-03    0.1000E+01    1   T
102    0.41043164E-03    0.1000E+01    1   T
103    0.40715699E-03    0.5000E+00    2   T
104    0.40506784E-03    0.1000E+01    1   T
105    0.40189972E-03    0.1000E+01    1   T
106    0.40027732E-03    0.1000E+01    1   T
107    0.39568350E-03    0.1000E+01    1   T
108    0.38907272E-03    0.1000E+01    1   T
109    0.37900001E-03    0.1000E+01    1   T
110    0.36554837E-03    0.1000E+01    1   T
111    0.35841687E-03    0.5000E+00    2   T
112    0.32898153E-03    0.1000E+01    1   T
113    0.30441528E-03    0.1000E+01    1   T
114    0.28088831E-03    0.1000E+01    1   T
115    0.27121199E-03    0.1000E+01    1   T
116    0.26372045E-03    0.1000E+01    1   T
117    0.25467627E-03    0.1000E+01    1   T
118    0.24689949E-03    0.1000E+01    1   T
119    0.24184310E-03    0.1000E+01    1   T
120    0.23729599E-03    0.1000E+01    1   T
121    0.23531586E-03    0.1000E+01    1   T
122    0.23357326E-03    0.1000E+01    1   T
123    0.22978980E-03    0.1000E+01    1   T
124    0.22403580E-03    0.1000E+01    1   T
125    0.20811627E-03    0.1000E+01    1   T
126    0.19900456E-03    0.1000E+01    1   T
127    0.18818771E-03    0.1000E+01    1   T
128    0.18271463E-03    0.1000E+01    1   T
129    0.17909411E-03    0.1000E+01    1   T
130    0.17694848E-03    0.1000E+01    1   T
131    0.17493863E-03    0.1000E+01    1   T
132    0.17173655E-03    0.1000E+01    1   T
133    0.16626793E-03    0.1000E+01    1   T
134    0.15886274E-03    0.1000E+01    1   T
135    0.14523503E-03    0.1000E+01    1   T
136    0.13298073E-03    0.1000E+01    1   T
137    0.12831582E-03    0.1000E+01    1   T
138    0.12510342E-03    0.1000E+01    1   T
139    0.12368931E-03    0.1000E+01    1   T
140    0.12332624E-03    0.1000E+01    1   T
141    0.12288123E-03    0.1000E+01    1   T
142    0.12253365E-03    0.1000E+01    1   T
143    0.12216473E-03    0.1000E+01    1   T
144    0.12155413E-03    0.1000E+01    1   T
145    0.12091168E-03    0.1000E+01    1   T
146    0.12001251E-03    0.1000E+01    1   T
147    0.11825258E-03    0.1000E+01    1   T
148    0.11473584E-03    0.1000E+01    1   T
149    0.11291980E-03    0.5000E+00    2   T
150    0.11029762E-03    0.5000E+00    2   T
151    0.10517722E-03    0.1000E+01    1   T
152    0.10296539E-03    0.1000E+01    1   T
153    0.10101787E-03    0.1000E+01    1   T
154    0.97344947E-04    0.1000E+01    1   T
155    0.93660647E-04    0.1000E+01    1   T
156    0.90039152E-04    0.1000E+01    1   T
157    0.87886475E-04    0.5000E+00    2   T
158    0.84932688E-04    0.1000E+01    1   T
159    0.82772061E-04    0.1000E+01    1   T
160    0.80352889E-04    0.1000E+01    1   T
161    0.77654710E-04    0.1000E+01    1   T
162    0.77182627E-04    0.5000E+00    2   T
163    0.74442304E-04    0.1000E+01    1   T
164    0.71270445E-04    0.1000E+01    1   T
165    0.70614454E-04    0.1000E+01    1   T
166    0.69882916E-04    0.1000E+01    1   T
167    0.68752377E-04    0.1000E+01    1   T
168    0.67992952E-04    0.1000E+01    1   T
169    0.67477332E-04    0.1000E+01    1   T
170    0.66989192E-04    0.1000E+01    1   T
171    0.66619256E-04    0.1000E+01    1   T
172    0.66557507E-04    0.1000E+01    1   T
173    0.66348558E-04    0.1000E+01    1   T
174    0.66261661E-04    0.1000E+01    1   T
175    0.66101087E-04    0.1000E+01    1   T
176    0.65784029E-04    0.1000E+01    1   T
177    0.65525716E-04    0.2500E+00    3   T
178    0.65410887E-04    0.1000E+01    1   T
179    0.64953497E-04    0.1250E+00    4   T
180    0.63344281E-04    0.1000E+01    1   T
181    0.61948884E-04    0.1000E+01    1   T
182    0.60798347E-04    0.1000E+01    1   T
183    0.59441751E-04    0.1000E+01    1   T
184    0.58922098E-04    0.5000E+00    2   T
185    0.57949442E-04    0.5000E+00    2   T
186    0.56911222E-04    0.1000E+01    1   T
187    0.55954092E-04    0.1000E+01    1   T
188    0.55340679E-04    0.1000E+01    1   T
189    0.53114408E-04    0.1000E+01    1   T
190    0.51760282E-04    0.1000E+01    1   T
191    0.51216610E-04    0.1000E+01    1   T
192    0.51025597E-04    0.1000E+01    1   T
193    0.50931096E-04    0.1000E+01    1   T
194    0.50926656E-04    0.1000E+01    1   T
195    0.50649119E-04    0.1000E+01    1   T
196    0.50585696E-04    0.1000E+01    1   T
197    0.50543199E-04    0.1000E+01    1   T
198    0.50524391E-04    0.1000E+01    1   T
199    0.50496400E-04    0.1000E+01    1   T
200    0.50461971E-04    0.1000E+01    1   T
201    0.50411254E-04    0.1000E+01    1   T
202    0.50338012E-04    0.1000E+01    1   T
203    0.50165932E-04    0.1000E+01    1   T
204    0.49781158E-04    0.1000E+01    1   T
205    0.49604879E-04    0.5000E+00    2   T
206    0.49059114E-04    0.5000E+00    2   T
207    0.47984393E-04    0.1000E+01    1   T
208    0.46071440E-04    0.1000E+01    1   T
209    0.43489810E-04    0.1000E+01    1   T
210    0.39333467E-04    0.1000E+01    1   T
211    0.36024612E-04    0.1000E+01    1   T
212    0.32824303E-04    0.1000E+01    1   T
213    0.30508463E-04    0.5000E+00    2   T
214    0.28887178E-04    0.1000E+01    1   T
215    0.28439277E-04    0.5000E+00    2   T
216    0.28104762E-04    0.1000E+01    1   T
217    0.27955627E-04    0.1000E+01    1   T
218    0.27873230E-04    0.1000E+01    1   T
219    0.27847707E-04    0.1000E+01    1   T
220    0.27828804E-04    0.1000E+01    1   T
221    0.27761534E-04    0.1000E+01    1   T
222    0.27682774E-04    0.1000E+01    1   T
223    0.27565259E-04    0.1000E+01    1   T
224    0.27435745E-04    0.1000E+01    1   T
225    0.27372800E-04    0.1000E+01    1   T
226    0.27337498E-04    0.1000E+01    1   T
227    0.27282707E-04    0.1000E+01    1   T
228    0.27255177E-04    0.5000E+00    2   T
229    0.27207195E-04    0.1000E+01    1   T
230    0.27177964E-04    0.1000E+01    1   T
231    0.27165878E-04    0.1000E+01    1   T
232    0.27117402E-04    0.1000E+01    1   T
233    0.27021669E-04    0.1000E+01    1   T
234    0.26805589E-04    0.1000E+01    1   T
235    0.26544786E-04    0.1000E+01    1   T
236    0.26162513E-04    0.1000E+01    1   T
237    0.25761566E-04    0.1000E+01    1   T
238    0.25703292E-04    0.5000E+00    2   T
239    0.25330646E-04    0.1000E+01    1   T
240    0.25119467E-04    0.1000E+01    1   T
241    0.24808398E-04    0.1000E+01    1   T
242    0.24585001E-04    0.1000E+01    1   T
243    0.24494233E-04    0.1000E+01    1   T
244    0.24462959E-04    0.1000E+01    1   T
245    0.24451269E-04    0.1000E+01    1   T
246    0.24442040E-04    0.1000E+01    1   T
247    0.24436187E-04    0.1000E+01    1   T
248    0.24432175E-04    0.1000E+01    1   T
249    0.24425122E-04    0.1000E+01    1   T
250    0.24412355E-04    0.1000E+01    1   T
251    0.24381060E-04    0.1000E+01    1   T
252    0.24312480E-04    0.1000E+01    1   T
253    0.24139825E-04    0.1000E+01    1   T
254    0.23832536E-04    0.1000E+01    1   T
255    0.23521622E-04    0.1000E+01    1   T
256    0.22989375E-04    0.1000E+01    1   T
257    0.21824247E-04    0.1000E+01    1   T
258    0.20961377E-04    0.1000E+01    1   T
259    0.20375298E-04    0.1000E+01    1   T
260    0.19845692E-04    0.1000E+01    1   T
261    0.19582111E-04    0.1000E+01    1   T
262    0.19388646E-04    0.1000E+01    1   T
263    0.19139187E-04    0.1000E+01    1   T
264    0.19135862E-04    0.5000E+00    2   T
265    0.18998516E-04    0.1000E+01    1   T
266    0.18957656E-04    0.1000E+01    1   T
267    0.18895962E-04    0.1000E+01    1   T
268    0.18835367E-04    0.1000E+01    1   T
269    0.18777811E-04    0.1000E+01    1   T
270    0.18746049E-04    0.1000E+01    1   T
271    0.18731502E-04    0.1000E+01    1   T
272    0.18707627E-04    0.1000E+01    1   T
273    0.18684351E-04    0.5000E+00    2   T
274    0.18637570E-04    0.1000E+01    1   T
275    0.18573904E-04    0.1000E+01    1   T
276    0.18533081E-04    0.1000E+01    1   T
277    0.18473302E-04    0.1000E+01    1   T
278    0.18411248E-04    0.1000E+01    1   T
279    0.18301565E-04    0.1000E+01    1   T
280    0.18129259E-04    0.1000E+01    1   T
281    0.18024165E-04    0.5000E+00    2   T
282    0.17824756E-04    0.1000E+01    1   T
283    0.17577617E-04    0.1000E+01    1   T
284    0.17219594E-04    0.1000E+01    1   T
285    0.17062983E-04    0.1000E+01    1   T
286    0.16777276E-04    0.1000E+01    1   T
287    0.16640358E-04    0.1000E+01    1   T
288    0.16465497E-04    0.1000E+01    1   T
289    0.16199802E-04    0.1000E+01    1   T
290    0.15800219E-04    0.1000E+01    1   T
291    0.15590238E-04    0.1000E+01    1   T
292    0.15120404E-04    0.1000E+01    1   T
293    0.14842979E-04    0.1000E+01    1   T
294    0.14573948E-04    0.1000E+01    1   T
295    0.14424467E-04    0.1000E+01    1   T
296    0.14336400E-04    0.1000E+01    1   T
297    0.14243982E-04    0.1000E+01    1   T
298    0.14128275E-04    0.2500E+00    3   T
299    0.14013141E-04    0.2500E+00    3   T
300    0.13853189E-04    0.1000E+01    1   T
301    0.13681177E-04    0.1000E+01    1   T
302    0.13532799E-04    0.5000E+00    2   T
303    0.13203097E-04    0.1000E+01    1   T
304    0.12788016E-04    0.1000E+01    1   T
305    0.12583848E-04    0.1000E+01    1   T
306    0.12439316E-04    0.1000E+01    1   T
307    0.12350091E-04    0.1000E+01    1   T
308    0.12247282E-04    0.1000E+01    1   T
309    0.12170121E-04    0.1000E+01    1   T
310    0.12148650E-04    0.1000E+01    1   T
311    0.12044442E-04    0.1000E+01    1   T
312    0.12007167E-04    0.1000E+01    1   T
313    0.11970735E-04    0.1000E+01    1   T
314    0.11879918E-04    0.1000E+01    1   T
315    0.11837483E-04    0.1000E+01    1   T
316    0.11810579E-04    0.1000E+01    1   T
317    0.11799132E-04    0.1000E+01    1   T
318    0.11788548E-04    0.1000E+01    1   T
319    0.11773731E-04    0.1000E+01    1   T
320    0.11762967E-04    0.1000E+01    1   T
321    0.11749135E-04    0.1000E+01    1   T
322    0.11736518E-04    0.1000E+01    1   T
323    0.11722878E-04    0.1000E+01    1   T
324    0.11702082E-04    0.1000E+01    1   T
325    0.11688703E-04    0.1000E+01    1   T
326    0.11671904E-04    0.1000E+01    1   T
327    0.11652350E-04    0.1000E+01    1   T
328    0.11585898E-04    0.1000E+01    1   T
329    0.11570017E-04    0.1000E+01    1   T
330    0.11450761E-04    0.1000E+01    1   T
331    0.11288245E-04    0.1000E+01    1   T
332    0.10960520E-04    0.1000E+01    1   T
333    0.10936220E-04    0.2500E+00    3   T
334    0.10853134E-04    0.5000E+00    2   T
335    0.10834533E-04    0.1250E+00    4   T
336    0.10589515E-04    0.1000E+01    1   T
337    0.10470507E-04    0.1000E+01    1   T
338    0.10314033E-04    0.1000E+01    1   T
339    0.10258646E-04    0.1000E+01    1   T
340    0.10238192E-04    0.2500E+00    3   T
341    0.10202416E-04    0.1000E+01    1   T
342    0.10183978E-04    0.1000E+01    1   T
343    0.10175606E-04    0.1000E+01    1   T
344    0.10170376E-04    0.1000E+01    1   T
345    0.10165705E-04    0.1000E+01    1   T
346    0.10160714E-04    0.1000E+01    1   T
347    0.10159005E-04    0.1000E+01    1   T
348    0.10151603E-04    0.1000E+01    1   T
349    0.10146520E-04    0.1000E+01    1   T
350    0.10139447E-04    0.1000E+01    1   T
351    0.10134577E-04    0.1000E+01    1   T
352    0.10133301E-04    0.6250E-01    5   T
353    0.10124720E-04    0.1000E+01    1   T
354    0.10114809E-04    0.1000E+01    1   T
355    0.10107754E-04    0.5000E+00    2   T
356    0.10092288E-04    0.1000E+01    1   T
357    0.10057973E-04    0.1000E+01    1   T
358    0.10017340E-04    0.1000E+01    1   T
359    0.99417419E-05    0.1000E+01    1   T
360    0.99149972E-05    0.2500E+00    3   T
361    0.97702713E-05    0.1000E+01    1   T
362    0.95841173E-05    0.1000E+01    1   T
363    0.95466098E-05    0.5000E+00    2   T
364    0.93242124E-05    0.1000E+01    1   T
365    0.91120939E-05    0.1000E+01    1   T
366    0.89062763E-05    0.1000E+01    1   T
367    0.85288218E-05    0.1000E+01    1   T
368    0.83014943E-05    0.1000E+01    1   T
369    0.79111367E-05    0.1000E+01    1   T
370    0.78121444E-05    0.1000E+01    1   T
371    0.70646861E-05    0.1000E+01    1   T
372    0.68364436E-05    0.1000E+01    1   T
373    0.66359218E-05    0.1000E+01    1   T
374    0.64428354E-05    0.1000E+01    1   T
375    0.63000286E-05    0.1000E+01    1   T
376    0.61379814E-05    0.5000E+00    2   T
377    0.60384213E-05    0.1000E+01    1   T
378    0.59635861E-05    0.1000E+01    1   T
379    0.58812060E-05    0.1000E+01    1   T
380    0.58377311E-05    0.1000E+01    1   T
381    0.58052560E-05    0.1000E+01    1   T
382    0.57876165E-05    0.1000E+01    1   T
383    0.57761782E-05    0.1000E+01    1   T
384    0.57753324E-05    0.1000E+01    1   T
385    0.57599471E-05    0.1000E+01    1   T
386    0.57524802E-05    0.1000E+01    1   T
387    0.57381299E-05    0.1000E+01    1   T
388    0.57319177E-05    0.5000E+00    2   T
389    0.57242190E-05    0.1000E+01    1   T
390    0.57141527E-05    0.1000E+01    1   T
391    0.57064870E-05    0.1000E+01    1   T
392    0.56895649E-05    0.1000E+01    1   T
393    0.56862036E-05    0.1000E+01    1   T
394    0.56624446E-05    0.1000E+01    1   T
395    0.56530968E-05    0.1000E+01    1   T
396    0.56461872E-05    0.1000E+01    1   T
397    0.56412134E-05    0.1000E+01    1   T
398    0.56366801E-05    0.1000E+01    1   T
399    0.56297045E-05    0.1000E+01    1   T
400    0.56287688E-05    0.1000E+01    1   T
401    0.56129526E-05    0.1000E+01    1   T
402    0.56092322E-05    0.1000E+01    1   T
403    0.56044465E-05    0.1000E+01    1   T
404    0.55988759E-05    0.1000E+01    1   T
405    0.55902597E-05    0.1000E+01    1   T
406    0.55796812E-05    0.1000E+01    1   T
407    0.55678155E-05    0.1000E+01    1   T
408    0.55488688E-05    0.1000E+01    1   T
409    0.55400702E-05    0.1000E+01    1   T
410    0.55308937E-05    0.1000E+01    1   T
411    0.55193818E-05    0.1000E+01    1   T
412    0.55129743E-05    0.1000E+01    1   T
413    0.54999471E-05    0.1000E+01    1   T
414    0.54844100E-05    0.1000E+01    1   T
415    0.54679243E-05    0.1000E+01    1   T
416    0.54582941E-05    0.1000E+01    1   T
417    0.54505418E-05    0.1000E+01    1   T
418    0.54421584E-05    0.1000E+01    1   T
419    0.54184183E-05    0.1000E+01    1   T
420    0.53873223E-05    0.1000E+01    1   T
421    0.53819831E-05    0.2500E+00    3   T
422    0.53676650E-05    0.1000E+01    1   T
423    0.53318289E-05    0.1000E+01    1   T
424    0.53123780E-05    0.1000E+01    1   T
425    0.52802236E-05    0.1000E+01    1   T
426    0.52417267E-05    0.1000E+01    1   T
427    0.52140692E-05    0.1000E+01    1   T
428    0.51990528E-05    0.1000E+01    1   T
429    0.51672635E-05    0.1000E+01    1   T
430    0.51397532E-05    0.1000E+01    1   T
431    0.51147724E-05    0.1000E+01    1   T
432    0.50871761E-05    0.1000E+01    1   T
433    0.50355968E-05    0.1000E+01    1   T
434    0.49552322E-05    0.1000E+01    1   T
435    0.48652477E-05    0.1000E+01    1   T
436    0.47720563E-05    0.1000E+01    1   T
437    0.46910875E-05    0.1000E+01    1   T
438    0.46499299E-05    0.1000E+01    1   T
439    0.45719206E-05    0.1000E+01    1   T
440    0.44869985E-05    0.1000E+01    1   T
441    0.44792401E-05    0.1000E+01    1   T
442    0.44448412E-05    0.5000E+00    2   T
443    0.43991095E-05    0.1000E+01    1   T
444    0.43703278E-05    0.1000E+01    1   T
445    0.43428987E-05    0.1000E+01    1   T
446    0.43286951E-05    0.1000E+01    1   T
447    0.43201882E-05    0.1000E+01    1   T
448    0.43195813E-05    0.1000E+01    1   T
449    0.43016395E-05    0.1000E+01    1   T
450    0.42972565E-05    0.1000E+01    1   T
451    0.42949165E-05    0.1000E+01    1   T
452    0.42922989E-05    0.1000E+01    1   T
453    0.42889317E-05    0.5000E+00    2   T
454    0.42806415E-05    0.1000E+01    1   T
455    0.42699955E-05    0.1000E+01    1   T
456    0.42595940E-05    0.1000E+01    1   T
457    0.42415260E-05    0.1000E+01    1   T
458    0.42351592E-05    0.1000E+01    1   T
459    0.42302995E-05    0.1000E+01    1   T
460    0.42268808E-05    0.1000E+01    1   T
461    0.42260271E-05    0.1000E+01    1   T
462    0.42232671E-05    0.1000E+01    1   T
463    0.42207716E-05    0.1000E+01    1   T
464    0.42182484E-05    0.1000E+01    1   T
465    0.42153930E-05    0.1000E+01    1   T
466    0.42127269E-05    0.1000E+01    1   T
467    0.42118311E-05    0.5000E+00    2   T
468    0.42100270E-05    0.1000E+01    1   T
469    0.42080607E-05    0.1000E+01    1   T
470    0.42053903E-05    0.1000E+01    1   T
471    0.42042003E-05    0.1000E+01    1   T
472    0.41987599E-05    0.1000E+01    1   T
473    0.41942102E-05    0.1000E+01    1   T
474    0.41870892E-05    0.1000E+01    1   T
475    0.41797268E-05    0.1000E+01    1   T
476    0.41677241E-05    0.1000E+01    1   T
477    0.41544984E-05    0.1000E+01    1   T
478    0.41372728E-05    0.1000E+01    1   T
479    0.41190118E-05    0.1000E+01    1   T
480    0.41113200E-05    0.1000E+01    1   T
481    0.40760525E-05    0.1000E+01    1   T
482    0.40402126E-05    0.1000E+01    1   T
483    0.39883269E-05    0.1000E+01    1   T
484    0.39159090E-05    0.1000E+01    1   T
485    0.38676610E-05    0.1000E+01    1   T
486    0.38090902E-05    0.1000E+01    1   T
487    0.37858880E-05    0.1000E+01    1   T
488    0.37713174E-05    0.1000E+01    1   T
489    0.37535123E-05    0.1000E+01    1   T
490    0.37383818E-05    0.1000E+01    1   T
491    0.37176368E-05    0.1000E+01    1   T
492    0.37042627E-05    0.1000E+01    1   T
493    0.36952071E-05    0.1000E+01    1   T
494    0.36778371E-05    0.1000E+01    1   T
495    0.36676999E-05    0.1000E+01    1   T
496    0.36598195E-05    0.1000E+01    1   T
497    0.36581095E-05    0.5000E+00    2   T
498    0.36553127E-05    0.1000E+01    1   T
499    0.36522528E-05    0.1000E+01    1   T
500    0.36493883E-05    0.1000E+01    1   T
501    0.36480409E-05    0.1000E+01    1   T
502    0.36443972E-05    0.1000E+01    1   T
503    0.36423991E-05    0.1000E+01    1   T
504    0.36410298E-05    0.1000E+01    1   T
505    0.36403374E-05    0.1000E+01    1   T
506    0.36396988E-05    0.1000E+01    1   T
507    0.36389894E-05    0.1000E+01    1   T
508    0.36375735E-05    0.1000E+01    1   T
509    0.36354970E-05    0.1000E+01    1   T
510    0.36312561E-05    0.1000E+01    1   T
511    0.36259530E-05    0.1000E+01    1   T
512    0.36210647E-05    0.1000E+01    1   T
513    0.36154537E-05    0.5000E+00    2   T
514    0.36036867E-05    0.1000E+01    1   T
515    0.35859856E-05    0.1000E+01    1   T
516    0.35537296E-05    0.1000E+01    1   T
517    0.35335125E-05    0.1000E+01    1   T
518    0.34932574E-05    0.1000E+01    1   T
519    0.34739638E-05    0.1000E+01    1   T
520    0.34616213E-05    0.1000E+01    1   T
521    0.34497136E-05    0.1000E+01    1   T
522    0.34371052E-05    0.2500E+00    3   T
523    0.34263695E-05    0.1250E+00    4   T
524    0.33812466E-05    0.1000E+01    1   T
525    0.33694776E-05    0.1000E+01    1   T
526    0.33557119E-05    0.1000E+01    1   T
527    0.33260977E-05    0.1000E+01    1   T
528    0.33039902E-05    0.1000E+01    1   T
529    0.32605019E-05    0.1000E+01    1   T
530    0.32295159E-05    0.1000E+01    1   T
531    0.31184732E-05    0.1000E+01    1   T
532    0.30572280E-05    0.1000E+01    1   T
533    0.29883073E-05    0.1000E+01    1   T
534    0.29280076E-05    0.1000E+01    1   T
535    0.29064120E-05    0.5000E+00    2   T
536    0.28870861E-05    0.1000E+01    1   T
537    0.28679986E-05    0.1000E+01    1   T
538    0.28381801E-05    0.1000E+01    1   T
539    0.27978192E-05    0.1000E+01    1   T
540    0.27673787E-05    0.1000E+01    1   T
541    0.27427230E-05    0.1000E+01    1   T
542    0.27253702E-05    0.6250E-01    5   T
543    0.27164764E-05    0.1000E+01    1   T
544    0.26782806E-05    0.1000E+01    1   T
545    0.26501914E-05    0.1000E+01    1   T
546    0.25983085E-05    0.1000E+01    1   T
547    0.25667934E-05    0.1000E+01    1   T
548    0.25489439E-05    0.1000E+01    1   T
549    0.25370866E-05    0.1000E+01    1   T
550    0.25314552E-05    0.1000E+01    1   T
551    0.25238648E-05    0.1000E+01    1   T
552    0.25200961E-05    0.1000E+01    1   T
553    0.25174403E-05    0.1000E+01    1   T
554    0.25147782E-05    0.1000E+01    1   T
555    0.25120046E-05    0.1000E+01    1   T
556    0.25091531E-05    0.1000E+01    1   T
557    0.25058323E-05    0.1000E+01    1   T
558    0.25018980E-05    0.1000E+01    1   T
559    0.25010904E-05    0.1250E+00    4   T
560    0.24964249E-05    0.1000E+01    1   T
561    0.24949488E-05    0.5000E+00    2   T
562    0.24879931E-05    0.1000E+01    1   T
563    0.24849905E-05    0.1000E+01    1   T
564    0.24825807E-05    0.1000E+01    1   T
565    0.24801914E-05    0.1000E+01    1   T
566    0.24761306E-05    0.1000E+01    1   T
567    0.24746835E-05    0.1000E+01    1   T
568    0.24731069E-05    0.1000E+01    1   T
569    0.24714982E-05    0.1000E+01    1   T
570    0.24691805E-05    0.1000E+01    1   T
571    0.24671211E-05    0.1000E+01    1   T
572    0.24644064E-05    0.5000E+00    2   T
573    0.24621882E-05    0.1000E+01    1   T
574    0.24612454E-05    0.1000E+01    1   T
575    0.24607475E-05    0.1000E+01    1   T
576    0.24602841E-05    0.1000E+01    1   T
577    0.24595722E-05    0.1000E+01    1   T
578    0.24588708E-05    0.5000E+00    2   T
579    0.24578466E-05    0.1000E+01    1   T
580    0.24570674E-05    0.1000E+01    1   T
581    0.24560204E-05    0.1000E+01    1   T
582    0.24547079E-05    0.1000E+01    1   T
583    0.24515945E-05    0.1000E+01    1   T
584    0.24454286E-05    0.1000E+01    1   T
585    0.24354345E-05    0.1000E+01    1   T
586    0.24319264E-05    0.5000E+00    2   T
587    0.24222867E-05    0.1000E+01    1   T
588    0.24147858E-05    0.1000E+01    1   T
589    0.24131940E-05    0.1250E+00    4   T
590    0.24018031E-05    0.1000E+01    1   T
591    0.23917900E-05    0.1000E+01    1   T
592    0.23841342E-05    0.1000E+01    1   T
593    0.23775811E-05    0.1000E+01    1   T
594    0.23707244E-05    0.1000E+01    1   T
595    0.23659343E-05    0.1000E+01    1   T
596    0.23588976E-05    0.1000E+01    1   T
597    0.23499368E-05    0.1000E+01    1   T
598    0.23336577E-05    0.1000E+01    1   T
599    0.23291153E-05    0.5000E+00    2   T
600    0.23033460E-05    0.1000E+01    1   T
601    0.22809420E-05    0.1000E+01    1   T
602    0.22673591E-05    0.1000E+01    1   T
603    0.22518554E-05    0.1000E+01    1   T
604    0.22363296E-05    0.1000E+01    1   T
605    0.22322692E-05    0.2500E+00    3   T
606    0.22124091E-05    0.1000E+01    1   T
607    0.21896059E-05    0.1000E+01    1   T
608    0.21295429E-05    0.1000E+01    1   T
609    0.20816491E-05    0.1000E+01    1   T
610    0.20709884E-05    0.5000E+00    2   T
611    0.20410069E-05    0.1000E+01    1   T
612    0.20324557E-05    0.1000E+01    1   T
613    0.20079312E-05    0.1000E+01    1   T
614    0.19961422E-05    0.1000E+01    1   T
615    0.19834474E-05    0.1000E+01    1   T
616    0.19728362E-05    0.1000E+01    1   T
617    0.19606936E-05    0.1000E+01    1   T
618    0.19541682E-05    0.1000E+01    1   T
619    0.19457233E-05    0.1000E+01    1   T
620    0.19289672E-05    0.1000E+01    1   T
621    0.19055164E-05    0.1000E+01    1   T
622    0.18749805E-05    0.1000E+01    1   T
623    0.18621748E-05    0.1000E+01    1   T
624    0.18333056E-05    0.1000E+01    1   T
625    0.18185980E-05    0.1000E+01    1   T
626    0.18022562E-05    0.1000E+01    1   T
627    0.17766475E-05    0.1000E+01    1   T
628    0.17505061E-05    0.1000E+01    1   T
629    0.17203176E-05    0.1000E+01    1   T
630    0.17148789E-05    0.1000E+01    1   T
631    0.16982065E-05    0.1000E+01    1   T
632    0.16874668E-05    0.1000E+01    1   T
633    0.16747831E-05    0.1000E+01    1   T
634    0.16620147E-05    0.1000E+01    1   T
635    0.16464529E-05    0.1000E+01    1   T
636    0.16370965E-05    0.1000E+01    1   T
637    0.16306536E-05    0.1000E+01    1   T
638    0.16251190E-05    0.1000E+01    1   T
639    0.16188876E-05    0.1000E+01    1   T
640    0.16150542E-05    0.1000E+01    1   T
641    0.16123241E-05    0.1000E+01    1   T
642    0.16053707E-05    0.1000E+01    1   T
643    0.15958894E-05    0.1000E+01    1   T
644    0.15846601E-05    0.1000E+01    1   T
645    0.15664615E-05    0.1000E+01    1   T
646    0.15539713E-05    0.1000E+01    1   T
647    0.15456070E-05    0.1000E+01    1   T
648    0.15403150E-05    0.1000E+01    1   T
649    0.15368343E-05    0.1000E+01    1   T
650    0.15329663E-05    0.1000E+01    1   T
651    0.15295503E-05    0.1000E+01    1   T
652    0.15246431E-05    0.1000E+01    1   T
653    0.15241910E-05    0.3125E-01    6   T
654    0.15201394E-05    0.1000E+01    1   T
655    0.15152520E-05    0.1000E+01    1   T
656    0.15106369E-05    0.1000E+01    1   T
657    0.15095062E-05    0.5000E+00    2   T
658    0.15059293E-05    0.1000E+01    1   T
659    0.15041790E-05    0.1000E+01    1   T
660    0.15029994E-05    0.1000E+01    1   T
661    0.15016914E-05    0.1000E+01    1   T
662    0.15007185E-05    0.1000E+01    1   T
663    0.15001787E-05    0.1250E+00    4   T
664    0.14992249E-05    0.5000E+00    2   T
665    0.14973109E-05    0.1000E+01    1   T
666    0.14957703E-05    0.1000E+01    1   T
667    0.14929623E-05    0.1000E+01    1   T
668    0.14897823E-05    0.1000E+01    1   T
669    0.14861083E-05    0.1000E+01    1   T
670    0.14834665E-05    0.1000E+01    1   T
671    0.14816071E-05    0.1000E+01    1   T
672    0.14806706E-05    0.1000E+01    1   T
673    0.14795345E-05    0.1000E+01    1   T
674    0.14788709E-05    0.1000E+01    1   T
675    0.14779416E-05    0.1000E+01    1   T
676    0.14758477E-05    0.1000E+01    1   T
677    0.14732271E-05    0.1000E+01    1   T
678    0.14694694E-05    0.1000E+01    1   T
679    0.14646186E-05    0.1000E+01    1   T
680    0.14613011E-05    0.1000E+01    1   T
681    0.14609310E-05    0.2500E+00    3   T
682    0.14587047E-05    0.1000E+01    1   T
683    0.14580644E-05    0.1000E+01    1   T
684    0.14571179E-05    0.1000E+01    1   T
685    0.14559333E-05    0.1000E+01    1   T
686    0.14545219E-05    0.1000E+01    1   T
687    0.14538728E-05    0.1000E+01    1   T
688    0.14537514E-05    0.5000E+00    2   T
689    0.14535578E-05    0.1000E+01    1   T
690    0.14533860E-05    0.1000E+01    1   T
691    0.14532123E-05    0.1000E+01    1   T
692    0.14530905E-05    0.1000E+01    1   T
693    0.14527986E-05    0.1000E+01    1   T
694    0.14523264E-05    0.1000E+01    1   T
695    0.14516425E-05    0.1000E+01    1   T
696    0.14508458E-05    0.1000E+01    1   T
697    0.14507612E-05    0.6250E-01    5   T
698    0.14500354E-05    0.1000E+01    1   T
699    0.14495425E-05    0.1000E+01    1   T
700    0.14490976E-05    0.1000E+01    1   T
701    0.14487447E-05    0.1000E+01    1   T
702    0.14485730E-05    0.1000E+01    1   T
703    0.14481904E-05    0.1000E+01    1   T
704    0.14478187E-05    0.1000E+01    1   T
705    0.14473019E-05    0.1000E+01    1   T
706    0.14466035E-05    0.1000E+01    1   T
707    0.14457464E-05    0.1000E+01    1   T
708    0.14446398E-05    0.1000E+01    1   T
709    0.14438450E-05    0.1000E+01    1   T
710    0.14434260E-05    0.1000E+01    1   T
711    0.14430189E-05    0.1000E+01    1   T
712    0.14424836E-05    0.1000E+01    1   T
713    0.14416513E-05    0.1000E+01    1   T
714    0.14413708E-05    0.2500E+00    3   T
715    0.14405365E-05    0.1000E+01    1   T
716    0.14398733E-05    0.1000E+01    1   T
717    0.14393999E-05    0.1000E+01    1   T
718    0.14386090E-05    0.1000E+01    1   T
719    0.14371787E-05    0.1000E+01    1   T
720    0.14350627E-05    0.1000E+01    1   T
721    0.14325566E-05    0.1000E+01    1   T
722    0.14298284E-05    0.1000E+01    1   T
723    0.14276604E-05    0.1000E+01    1   T
724    0.14254899E-05    0.1000E+01    1   T
725    0.14226444E-05    0.1000E+01    1   T
726    0.14196740E-05    0.1000E+01    1   T
727    0.14156742E-05    0.1000E+01    1   T
728    0.14139923E-05    0.1250E+00    4   T
729    0.14085771E-05    0.1000E+01    1   T
730    0.14042389E-05    0.5000E+00    2   T
731    0.14004331E-05    0.1250E+00    4   T
732    0.13956755E-05    0.1000E+01    1   T
733    0.13920687E-05    0.1000E+01    1   T
734    0.13906720E-05    0.1000E+01    1   T
735    0.13882784E-05    0.1000E+01    1   T
736    0.13854389E-05    0.1000E+01    1   T
737    0.13818485E-05    0.1000E+01    1   T
738    0.13762509E-05    0.1000E+01    1   T
739    0.13715477E-05    0.1000E+01    1   T
740    0.13655120E-05    0.1000E+01    1   T
741    0.13594655E-05    0.1000E+01    1   T
742    0.13552423E-05    0.1000E+01    1   T
743    0.13524151E-05    0.1000E+01    1   T
744    0.13500152E-05    0.1000E+01    1   T
745    0.13452825E-05    0.1000E+01    1   T
746    0.13408406E-05    0.1000E+01    1   T
747    0.13376683E-05    0.1000E+01    1   T
748    0.13335881E-05    0.1000E+01    1   T
749    0.13277804E-05    0.1000E+01    1   T
750    0.13223003E-05    0.1000E+01    1   T
751    0.13197705E-05    0.1000E+01    1   T
752    0.13189655E-05    0.1000E+01    1   T
753    0.13185455E-05    0.1000E+01    1   T
754    0.13176576E-05    0.1000E+01    1   T
755    0.13168964E-05    0.1000E+01    1   T
756    0.13156699E-05    0.1000E+01    1   T
757    0.13141218E-05    0.1000E+01    1   T
758    0.13123965E-05    0.1000E+01    1   T
759    0.13104291E-05    0.1000E+01    1   T
760    0.13076992E-05    0.1000E+01    1   T
761    0.13069243E-05    0.5000E+00    2   T
762    0.13033440E-05    0.1000E+01    1   T
763    0.13009011E-05    0.1000E+01    1   T
764    0.12981916E-05    0.1000E+01    1   T
765    0.12952309E-05    0.1000E+01    1   T
766    0.12915527E-05    0.1000E+01    1   T
767    0.12910081E-05    0.1000E+01    1   T
768    0.12858236E-05    0.1000E+01    1   T
769    0.12820966E-05    0.1000E+01    1   T
770    0.12785859E-05    0.1000E+01    1   T
771    0.12767857E-05    0.1000E+01    1   T
772    0.12742023E-05    0.1000E+01    1   T
773    0.12727973E-05    0.6250E-01    5   T
774    0.12685220E-05    0.1000E+01    1   T
775    0.12605801E-05    0.1000E+01    1   T
776    0.12586329E-05    0.1000E+01    1   T
777    0.12483140E-05    0.1000E+01    1   T
778    0.12367747E-05    0.1000E+01    1   T
779    0.12262442E-05    0.1000E+01    1   T
780    0.11988604E-05    0.1000E+01    1   T
781    0.11844493E-05    0.1000E+01    1   T
782    0.11676557E-05    0.1000E+01    1   T
783    0.11538977E-05    0.1000E+01    1   T
784    0.11498970E-05    0.5000E+00    2   T
785    0.11419147E-05    0.1000E+01    1   T
786    0.11377629E-05    0.1000E+01    1   T
787    0.11277215E-05    0.1000E+01    1   T
788    0.11200803E-05    0.1000E+01    1   T
789    0.11130770E-05    0.1000E+01    1   T
790    0.11102436E-05    0.1000E+01    1   T
791    0.11076973E-05    0.1000E+01    1   T
792    0.11036545E-05    0.1000E+01    1   T
793    0.10980687E-05    0.1000E+01    1   T
794    0.10948170E-05    0.1000E+01    1   T
795    0.10938533E-05    0.2500E+00    3   T
796    0.10887760E-05    0.1000E+01    1   T
797    0.10829211E-05    0.1000E+01    1   T
798    0.10800656E-05    0.1000E+01    1   T
799    0.10751817E-05    0.1000E+01    1   T
800    0.10729009E-05    0.1000E+01    1   T
801    0.10712339E-05    0.1000E+01    1   T
802    0.10693251E-05    0.1000E+01    1   T
803    0.10669842E-05    0.1000E+01    1   T
804    0.10646883E-05    0.1000E+01    1   T
805    0.10638392E-05    0.1250E+00    4   T
806    0.10619581E-05    0.1000E+01    1   T
807    0.10567364E-05    0.1000E+01    1   T
808    0.10507717E-05    0.1000E+01    1   T
809    0.10452980E-05    0.1000E+01    1   T
810    0.10420098E-05    0.1000E+01    1   T
811    0.10408920E-05    0.1000E+01    1   T
812    0.10405651E-05    0.1000E+01    1   T
813    0.10319007E-05    0.1000E+01    1   T
814    0.10294162E-05    0.1000E+01    1   T
815    0.10269601E-05    0.1000E+01    1   T
816    0.10242627E-05    0.1000E+01    1   T
817    0.10234932E-05    0.1000E+01    1   T
818    0.10230732E-05    0.1000E+01    1   T
819    0.10224266E-05    0.1000E+01    1   T
820    0.10214342E-05    0.1000E+01    1   T
821    0.10211201E-05    0.5000E+00    2   T
822    0.10203104E-05    0.1000E+01    1   T
823    0.10194617E-05    0.1000E+01    1   T
824    0.10185625E-05    0.1000E+01    1   T
825    0.10175430E-05    0.1000E+01    1   T
826    0.10152626E-05    0.1000E+01    1   T
827    0.10125748E-05    0.1000E+01    1   T
828    0.10104110E-05    0.5000E+00    2   T
829    0.10056103E-05    0.1000E+01    1   T
830    0.10029504E-05    0.1000E+01    1   T
831    0.99696941E-06    0.1000E+01    1   T
832    0.99289810E-06    0.1000E+01    1   T
833    0.99188958E-06    0.1000E+01    1   T
834    0.99119433E-06    0.1000E+01    1   T
835    0.99090045E-06    0.5000E+00    2   T
836    0.99029135E-06    0.1000E+01    1   T
837    0.98982378E-06    0.1000E+01    1   T
838    0.98910727E-06    0.1000E+01    1   T
839    0.98812483E-06    0.1000E+01    1   T
840    0.98783269E-06    0.2500E+00    3   T
841    0.98660462E-06    0.1000E+01    1   T
842    0.98572231E-06    0.1000E+01    1   T
843    0.98441885E-06    0.1000E+01    1   T
844    0.98344276E-06    0.1000E+01    1   T
845    0.98229676E-06    0.1000E+01    1   T
846    0.98133591E-06    0.1000E+01    1   T
847    0.98051426E-06    0.1000E+01    1   T
848    0.97944455E-06    0.1000E+01    1   T
849    0.97823790E-06    0.1000E+01    1   T
850    0.97694532E-06    0.1000E+01    1   T
851    0.97391611E-06    0.1000E+01    1   T
852    0.96912579E-06    0.1000E+01    1   T
853    0.96454540E-06    0.1000E+01    1   T
854    0.95938923E-06    0.1000E+01    1   T
855    0.95593551E-06    0.1000E+01    1   T
856    0.95389057E-06    0.1000E+01    1   T
857    0.95198939E-06    0.1000E+01    1   T
858    0.94651913E-06    0.1000E+01    1   T
859    0.94319125E-06    0.1000E+01    1   T
860    0.94030656E-06    0.1000E+01    1   T
861    0.93768511E-06    0.1000E+01    1   T
862    0.93581042E-06    0.1000E+01    1   T
863    0.93238137E-06    0.1000E+01    1   T
864    0.93045089E-06    0.1000E+01    1   T
865    0.92762688E-06    0.1000E+01    1   T
866    0.92643684E-06    0.1000E+01    1   T
867    0.92238642E-06    0.1000E+01    1   T
868    0.91885935E-06    0.1000E+01    1   T
869    0.91304876E-06    0.1000E+01    1   T
870    0.90627003E-06    0.1000E+01    1   T
871    0.90518723E-06    0.5000E+00    2   T
872    0.90232739E-06    0.1000E+01    1   T
873    0.90002015E-06    0.1000E+01    1   T
874    0.89471863E-06    0.1000E+01    1   T
875    0.88706560E-06    0.1000E+01    1   T
876    0.87714888E-06    0.1000E+01    1   T
877    0.87035070E-06    0.1000E+01    1   T
878    0.85702609E-06    0.1000E+01    1   T
879    0.84916034E-06    0.1000E+01    1   T
880    0.83679418E-06    0.1000E+01    1   T
881    0.82957545E-06    0.1000E+01    1   T
882    0.82012418E-06    0.1000E+01    1   T
883    0.81327499E-06    0.1000E+01    1   T
884    0.80762750E-06    0.1000E+01    1   T
885    0.80187200E-06    0.5000E+00    2   T
886    0.79341337E-06    0.1000E+01    1   T
887    0.78677722E-06    0.1000E+01    1   T
888    0.78473647E-06    0.1000E+01    1   T
889    0.77981575E-06    0.1000E+01    1   T
890    0.77610695E-06    0.1000E+01    1   T
891    0.76890764E-06    0.1000E+01    1   T
892    0.76252746E-06    0.1000E+01    1   T
893    0.75796264E-06    0.1000E+01    1   T
894    0.75636694E-06    0.5000E+00    2   T
895    0.75196203E-06    0.1000E+01    1   T
896    0.74866516E-06    0.1000E+01    1   T
897    0.74530899E-06    0.1000E+01    1   T
898    0.74189313E-06    0.1000E+01    1   T
899    0.74018710E-06    0.1000E+01    1   T
900    0.73572459E-06    0.1000E+01    1   T
901    0.73244704E-06    0.1000E+01    1   T
902    0.72881964E-06    0.1000E+01    1   T
903    0.72510072E-06    0.1000E+01    1   T
904    0.72216267E-06    0.1000E+01    1   T
905    0.72030116E-06    0.1000E+01    1   T
906    0.71933764E-06    0.1000E+01    1   T
907    0.71839789E-06    0.1000E+01    1   T
908    0.71759376E-06    0.1000E+01    1   T
909    0.71740596E-06    0.2500E+00    3   T
910    0.71635727E-06    0.1000E+01    1   T
911    0.71546611E-06    0.1000E+01    1   T
912    0.71441817E-06    0.1000E+01    1   T
913    0.71317697E-06    0.1000E+01    1   T
914    0.71239368E-06    0.1000E+01    1   T
915    0.71176804E-06    0.1000E+01    1   T
916    0.71126311E-06    0.1000E+01    1   T
917    0.71084067E-06    0.5000E+00    2   T
918    0.71042755E-06    0.1000E+01    1   T
919    0.71021990E-06    0.1000E+01    1   T
920    0.71010904E-06    0.2500E+00    3   T
921    0.70969324E-06    0.1000E+01    1   T
922    0.70927394E-06    0.1000E+01    1   T
923    0.70878333E-06    0.1000E+01    1   T
924    0.70842319E-06    0.1000E+01    1   T
925    0.70821396E-06    0.5000E+00    2   T
926    0.70776343E-06    0.1000E+01    1   T
927    0.70737550E-06    0.1000E+01    1   T
928    0.70715272E-06    0.1000E+01    1   T
929    0.70682950E-06    0.1000E+01    1   T
930    0.70632853E-06    0.1000E+01    1   T
931    0.70618652E-06    0.1000E+01    1   T
932    0.70526874E-06    0.1000E+01    1   T
933    0.70494648E-06    0.1000E+01    1   T
934    0.70442887E-06    0.1000E+01    1   T
935    0.70420616E-06    0.1000E+01    1   T
936    0.70406991E-06    0.1000E+01    1   T
937    0.70393934E-06    0.1000E+01    1   T
938    0.70371501E-06    0.1000E+01    1   T
939    0.70317828E-06    0.1000E+01    1   T
940    0.70249117E-06    0.1000E+01    1   T
941    0.70163876E-06    0.1000E+01    1   T
942    0.70111685E-06    0.1000E+01    1   T
943    0.70080288E-06    0.1000E+01    1   T
944    0.70059455E-06    0.1000E+01    1   T
945    0.70035560E-06    0.1000E+01    1   T
946    0.70002507E-06    0.1000E+01    1   T
947    0.69961476E-06    0.5000E+00    2   T
948    0.69857288E-06    0.1000E+01    1   T
949    0.69618730E-06    0.1000E+01    1   T
950    0.69449716E-06    0.1000E+01    1   T
951    0.69335970E-06    0.1000E+01    1   T
952    0.69307460E-06    0.1000E+01    1   T
953    0.69266865E-06    0.1000E+01    1   T
954    0.69243854E-06    0.1000E+01    1   T
955    0.69214489E-06    0.1000E+01    1   T
956    0.69194504E-06    0.1000E+01    1   T
957    0.69166127E-06    0.1000E+01    1   T
958    0.69152311E-06    0.1000E+01    1   T
959    0.69146522E-06    0.1000E+01    1   T
960    0.69140570E-06    0.1000E+01    1   T
961    0.69126024E-06    0.1000E+01    1   T
962    0.69111271E-06    0.1000E+01    1   T
963    0.69087144E-06    0.1000E+01    1   T
964    0.69036112E-06    0.1000E+01    1   T
965    0.69005310E-06    0.1000E+01    1   T
966    0.68956623E-06    0.1000E+01    1   T
967    0.68859039E-06    0.1000E+01    1   T
968    0.68771760E-06    0.1000E+01    1   T
969    0.68700209E-06    0.1000E+01    1   T
970    0.68633608E-06    0.1000E+01    1   T
971    0.68600876E-06    0.1000E+01    1   T
972    0.68580111E-06    0.1000E+01    1   T
973    0.68563008E-06    0.1000E+01    1   T
974    0.68508565E-06    0.1000E+01    1   T
975    0.68477301E-06    0.1000E+01    1   T
976    0.68442508E-06    0.1000E+01    1   T
977    0.68408060E-06    0.1000E+01    1   T
978    0.68391342E-06    0.1000E+01    1   T
979    0.68379248E-06    0.2500E+00    3   T
980    0.68325488E-06    0.1000E+01    1   T
981    0.68294422E-06    0.1000E+01    1   T
982    0.68197586E-06    0.1000E+01    1   T
983    0.68185931E-06    0.1000E+01    1   T
984    0.68000810E-06    0.1000E+01    1   T
985    0.67930024E-06    0.2500E+00    3   T
986    0.67722934E-06    0.1000E+01    1   T
987    0.67414615E-06    0.1000E+01    1   T
988    0.67202585E-06    0.1000E+01    1   T
989    0.67171887E-06    0.6250E-01    5   T
990    0.66973374E-06    0.1000E+01    1   T
991    0.66794246E-06    0.1000E+01    1   T
992    0.66597668E-06    0.1000E+01    1   T
993    0.66335973E-06    0.1000E+01    1   T
994    0.65954829E-06    0.1000E+01    1   T
995    0.65397639E-06    0.1000E+01    1   T
996    0.65286972E-06    0.2500E+00    3   T
997    0.64795016E-06    0.1000E+01    1   T
998    0.64367294E-06    0.1000E+01    1   T
999    0.63882390E-06    0.1000E+01    1   T
1000    0.63653838E-06    0.2500E+00    3   T
1001    0.63323471E-06    0.1000E+01    1   T
1002    0.63079672E-06    0.1000E+01    1   T
1003    0.62936041E-06    0.1000E+01    1   T
1004    0.62087250E-06    0.1000E+01    1   T
1005    0.61701274E-06    0.5000E+00    2   T
1006    0.60884242E-06    0.1000E+01    1   T
1007    0.60142071E-06    0.1000E+01    1   T
1008    0.59792398E-06    0.1000E+01    1   T
1009    0.59379198E-06    0.1000E+01    1   T
1010    0.58768803E-06    0.1000E+01    1   T
1011    0.58717546E-06    0.2500E+00    3   T
1012    0.58459152E-06    0.1000E+01    1   T
1013    0.58293382E-06    0.1000E+01    1   T
1014    0.58172085E-06    0.1000E+01    1   T
1015    0.57960013E-06    0.1000E+01    1   T
1016    0.57834795E-06    0.1000E+01    1   T
1017    0.57697158E-06    0.1000E+01    1   T
1018    0.57480322E-06    0.1000E+01    1   T
1019    0.56916883E-06    0.1000E+01    1   T
1020    0.56577426E-06    0.5000E+00    2   T
1021    0.56118981E-06    0.1000E+01    1   T
1022    0.55823614E-06    0.5000E+00    2   T
1023    0.55059371E-06    0.1000E+01    1   T
1024    0.54762995E-06    0.1000E+01    1   T
1025    0.54346309E-06    0.1000E+01    1   T
1026    0.54336488E-06    0.1000E+01    1   T
1027    0.53849855E-06    0.1000E+01    1   T
1028    0.53736947E-06    0.1000E+01    1   T
1029    0.53351726E-06    0.1000E+01    1   T
1030    0.53094554E-06    0.1000E+01    1   T
1031    0.52721379E-06    0.1000E+01    1   T
1032    0.52461233E-06    0.1000E+01    1   T
1033    0.52148680E-06    0.1000E+01    1   T
1034    0.51907506E-06    0.1000E+01    1   T
1035    0.51720612E-06    0.1000E+01    1   T
1036    0.51547932E-06    0.1000E+01    1   T
1037    0.51336059E-06    0.1000E+01    1   T
1038    0.51162291E-06    0.1000E+01    1   T
1039    0.51100595E-06    0.1000E+01    1   T
1040    0.50971238E-06    0.1000E+01    1   T
1041    0.50883374E-06    0.1000E+01    1   T
1042    0.50844451E-06    0.5000E+00    2   T
1043    0.50657221E-06    0.5000E+00    2   T
1044    0.50555439E-06    0.1000E+01    1   T
1045    0.50432347E-06    0.1000E+01    1   T
1046    0.50201307E-06    0.1000E+01    1   T
1047    0.50144687E-06    0.1000E+01    1   T
1048    0.49897864E-06    0.1000E+01    1   T
1049    0.49814166E-06    0.1000E+01    1   T
1050    0.49693983E-06    0.1000E+01    1   T
1051    0.49542962E-06    0.1000E+01    1   T
1052    0.49384139E-06    0.1000E+01    1   T
1053    0.49259819E-06    0.1000E+01    1   T
1054    0.49197057E-06    0.1000E+01    1   T
1055    0.49155330E-06    0.1000E+01    1   T
1056    0.49102953E-06    0.1000E+01    1   T
1057    0.49066897E-06    0.1000E+01    1   T
1058    0.49004165E-06    0.1000E+01    1   T
1059    0.48960644E-06    0.1000E+01    1   T
1060    0.48887831E-06    0.1000E+01    1   T
1061    0.48850193E-06    0.1000E+01    1   T
1062    0.48767414E-06    0.1000E+01    1   T
1063    0.48701155E-06    0.1000E+01    1   T
1064    0.48612813E-06    0.1000E+01    1   T
1065    0.48536237E-06    0.1000E+01    1   T
1066    0.48456683E-06    0.1000E+01    1   T
1067    0.48408678E-06    0.1000E+01    1   T
1068    0.48358889E-06    0.1000E+01    1   T
1069    0.48309308E-06    0.5000E+00    2   T
1070    0.48228745E-06    0.1000E+01    1   T
1071    0.48193359E-06    0.1000E+01    1   T
1072    0.48162279E-06    0.1000E+01    1   T
1073    0.48141689E-06    0.1000E+01    1   T
1074    0.48110554E-06    0.1000E+01    1   T
1075    0.48075559E-06    0.1000E+01    1   T
1076    0.48034314E-06    0.1000E+01    1   T
1077    0.48002305E-06    0.1000E+01    1   T
1078    0.47964031E-06    0.1000E+01    1   T
1079    0.47935561E-06    0.1000E+01    1   T
1080    0.47925975E-06    0.1000E+01    1   T
1081    0.47921197E-06    0.1250E+00    4   T
1082    0.47903594E-06    0.1000E+01    1   T
1083    0.47891430E-06    0.1000E+01    1   T
1084    0.47869632E-06    0.1000E+01    1   T
1085    0.47830553E-06    0.1000E+01    1   T
1086    0.47764871E-06    0.1000E+01    1   T
1087    0.47662955E-06    0.1000E+01    1   T
1088    0.47551529E-06    0.1000E+01    1   T
1089    0.47474964E-06    0.1000E+01    1   T
1090    0.47374977E-06    0.1000E+01    1   T
1091    0.47332623E-06    0.1000E+01    1   T
1092    0.47153683E-06    0.1000E+01    1   T
1093    0.47046567E-06    0.1000E+01    1   T
1094    0.46908427E-06    0.1000E+01    1   T
1095    0.46788319E-06    0.1000E+01    1   T
1096    0.46756707E-06    0.5000E+00    2   T
1097    0.46699819E-06    0.1000E+01    1   T
1098    0.46641202E-06    0.1000E+01    1   T
1099    0.46612544E-06    0.1000E+01    1   T
1100    0.46524463E-06    0.1000E+01    1   T
1101    0.46486519E-06    0.1000E+01    1   T
1102    0.46384209E-06    0.1000E+01    1   T
1103    0.46313965E-06    0.1000E+01    1   T
1104    0.46180563E-06    0.1000E+01    1   T
1105    0.46059914E-06    0.1000E+01    1   T
1106    0.45962610E-06    0.1000E+01    1   T
1107    0.45814001E-06    0.1000E+01    1   T
1108    0.45678612E-06    0.1000E+01    1   T
1109    0.45485772E-06    0.1000E+01    1   T
1110    0.45307784E-06    0.1000E+01    1   T
1111    0.45193057E-06    0.1000E+01    1   T
1112    0.45100254E-06    0.1000E+01    1   T
1113    0.45009545E-06    0.1000E+01    1   T
1114    0.44789991E-06    0.1000E+01    1   T
1115    0.44720518E-06    0.1000E+01    1   T
1116    0.44678739E-06    0.5000E+00    2   T
1117    0.44644014E-06    0.5000E+00    2   T
1118    0.44613066E-06    0.1000E+01    1   T
1119    0.44570819E-06    0.1000E+01    1   T
1120    0.44517190E-06    0.1000E+01    1   T
1121    0.44470318E-06    0.1000E+01    1   T
1122    0.44416635E-06    0.1000E+01    1   T
1123    0.44378368E-06    0.1000E+01    1   T
1124    0.44295339E-06    0.1000E+01    1   T
1125    0.44220685E-06    0.1000E+01    1   T
1126    0.44137553E-06    0.1000E+01    1   T
1127    0.43982691E-06    0.1000E+01    1   T
1128    0.43786448E-06    0.1000E+01    1   T
1129    0.43616716E-06    0.1000E+01    1   T
1130    0.43516637E-06    0.1000E+01    1   T
1131    0.43376292E-06    0.1000E+01    1   T
1132    0.43239849E-06    0.1000E+01    1   T
1133    0.43129697E-06    0.1000E+01    1   T
1134    0.43098200E-06    0.1250E+00    4   T
1135    0.42924745E-06    0.1000E+01    1   T
1136    0.42885250E-06    0.5000E+00    2   T
1137    0.42811007E-06    0.1000E+01    1   T
1138    0.42765988E-06    0.1000E+01    1   T
1139    0.42721944E-06    0.1000E+01    1   T
1140    0.42668555E-06    0.1000E+01    1   T
1141    0.42595236E-06    0.1000E+01    1   T
1142    0.42505346E-06    0.1000E+01    1   T
1143    0.42423378E-06    0.1000E+01    1   T
1144    0.42397796E-06    0.5000E+00    2   T
1145    0.42356681E-06    0.1000E+01    1   T
1146    0.42310817E-06    0.1000E+01    1   T
1147    0.42260754E-06    0.1000E+01    1   T
1148    0.42167788E-06    0.5000E+00    2   T
1149    0.42069665E-06    0.1000E+01    1   T
1150    0.41966430E-06    0.1000E+01    1   T
1151    0.41818489E-06    0.1000E+01    1   T
1152    0.41736863E-06    0.1000E+01    1   T
1153    0.41616297E-06    0.1000E+01    1   T
1154    0.41548926E-06    0.1000E+01    1   T
1155    0.41471842E-06    0.1000E+01    1   T
1156    0.41243415E-06    0.1000E+01    1   T
1157    0.41243370E-06    0.6250E-01    5   T
1158    0.41082708E-06    0.1000E+01    1   T
1159    0.41014592E-06    0.1000E+01    1   T
1160    0.40960751E-06    0.1000E+01    1   T
1161    0.40950490E-06    0.1000E+01    1   T
1162    0.40918462E-06    0.5000E+00    2   T
1163    0.40879874E-06    0.1000E+01    1   T
1164    0.40862611E-06    0.1000E+01    1   T
1165    0.40821503E-06    0.1000E+01    1   T
1166    0.40820751E-06    0.1000E+01    1   T
1167    0.40770681E-06    0.1000E+01    1   T
1168    0.40749989E-06    0.1000E+01    1   T
1169    0.40718945E-06    0.1000E+01    1   T
1170    0.40709002E-06    0.5000E+00    2   T
1171    0.40684165E-06    0.1000E+01    1   T
1172    0.40670063E-06    0.1000E+01    1   T
1173    0.40660593E-06    0.1000E+01    1   T
1174    0.40650755E-06    0.1000E+01    1   T
1175    0.40639488E-06    0.1000E+01    1   T
1176    0.40617562E-06    0.1000E+01    1   T
1177    0.40603659E-06    0.1000E+01    1   T
1178    0.40578975E-06    0.1000E+01    1   T
1179    0.40557633E-06    0.1000E+01    1   T
1180    0.40541427E-06    0.1000E+01    1   T
1181    0.40524097E-06    0.1000E+01    1   T
1182    0.40513576E-06    0.1000E+01    1   T
1183    0.40501457E-06    0.1000E+01    1   T
1184    0.40488565E-06    0.5000E+00    2   T
1185    0.40470064E-06    0.1000E+01    1   T
1186    0.40456533E-06    0.1000E+01    1   T
1187    0.40448342E-06    0.1000E+01    1   T
1188    0.40422793E-06    0.1000E+01    1   T
1189    0.40394314E-06    0.1000E+01    1   T
1190    0.40378208E-06    0.1000E+01    1   T
1191    0.40342029E-06    0.1000E+01    1   T
1192    0.40301350E-06    0.1000E+01    1   T
1193    0.40278805E-06    0.1000E+01    1   T
1194    0.40273214E-06    0.2500E+00    3   T
1195    0.40241901E-06    0.1000E+01    1   T
1196    0.40216029E-06    0.1000E+01    1   T
1197    0.40187285E-06    0.1000E+01    1   T
1198    0.40148542E-06    0.1000E+01    1   T
1199    0.40091544E-06    0.1000E+01    1   T
1200    0.40053617E-06    0.5000E+00    2   T
1201    0.39966797E-06    0.1000E+01    1   T
1202    0.39818132E-06    0.1000E+01    1   T
1203    0.39659850E-06    0.1000E+01    1   T
1204    0.39616968E-06    0.5000E+00    2   T
1205    0.39443680E-06    0.1000E+01    1   T
1206    0.39288821E-06    0.1000E+01    1   T
1207    0.39127411E-06    0.1000E+01    1   T
1208    0.38889100E-06    0.1000E+01    1   T
1209    0.38614689E-06    0.1000E+01    1   T
1210    0.38422157E-06    0.1000E+01    1   T
1211    0.38197498E-06    0.1000E+01    1   T
1212    0.37958542E-06    0.1000E+01    1   T
1213    0.37800627E-06    0.1000E+01    1   T
1214    0.37697572E-06    0.1000E+01    1   T
1215    0.37546914E-06    0.1000E+01    1   T
1216    0.37499006E-06    0.5000E+00    2   T
1217    0.37381397E-06    0.1000E+01    1   T
1218    0.37285132E-06    0.1000E+01    1   T
1219    0.37197901E-06    0.1000E+01    1   T
1220    0.37161472E-06    0.1000E+01    1   T
1221    0.37137696E-06    0.1000E+01    1   T
1222    0.37135053E-06    0.1250E+00    4   T
1223    0.37111418E-06    0.1000E+01    1   T
1224    0.37073992E-06    0.1000E+01    1   T
1225    0.37070353E-06    0.1000E+01    1   T
1226    0.37002866E-06    0.1000E+01    1   T
1227    0.36989250E-06    0.5000E+00    2   T
1228    0.36973825E-06    0.1000E+01    1   T
1229    0.36957980E-06    0.1000E+01    1   T
1230    0.36948297E-06    0.1000E+01    1   T
1231    0.36932066E-06    0.1000E+01    1   T
1232    0.36925360E-06    0.5000E+00    2   T
1233    0.36920532E-06    0.1000E+01    1   T
1234    0.36903666E-06    0.1000E+01    1   T
1235    0.36897737E-06    0.1000E+01    1   T
1236    0.36891872E-06    0.1000E+01    1   T
1237    0.36887436E-06    0.1000E+01    1   T
1238    0.36880335E-06    0.1000E+01    1   T
1239    0.36877736E-06    0.1000E+01    1   T
1240    0.36868367E-06    0.1000E+01    1   T
1241    0.36864647E-06    0.1000E+01    1   T
1242    0.36858854E-06    0.1000E+01    1   T
1243    0.36857161E-06    0.1000E+01    1   T
1244    0.36849531E-06    0.5000E+00    2   T
1245    0.36836283E-06    0.1000E+01    1   T
1246    0.36822174E-06    0.1000E+01    1   T
1247    0.36797113E-06    0.1000E+01    1   T
1248    0.36767587E-06    0.1000E+01    1   T
1249    0.36719601E-06    0.1000E+01    1   T
1250    0.36667455E-06    0.1000E+01    1   T
1251    0.36603649E-06    0.1000E+01    1   T
1252    0.36590546E-06    0.5000E+00    2   T
1253    0.36560820E-06    0.1000E+01    1   T
1254    0.36544236E-06    0.1000E+01    1   T
1255    0.36534881E-06    0.1000E+01    1   T
1256    0.36518718E-06    0.2500E+00    3   T
1257    0.36490480E-06    0.1000E+01    1   T
1258    0.36468570E-06    0.1000E+01    1   T
1259    0.36437352E-06    0.1000E+01    1   T
1260    0.36437117E-06    0.1000E+01    1   T
1261    0.36414721E-06    0.1000E+01    1   T
1262    0.36360383E-06    0.1000E+01    1   T
1263    0.36335602E-06    0.1000E+01    1   T
1264    0.36292477E-06    0.1000E+01    1   T
1265    0.36242755E-06    0.1000E+01    1   T
1266    0.36224958E-06    0.5000E+00    2   T
1267    0.36177873E-06    0.1000E+01    1   T
1268    0.36125378E-06    0.1000E+01    1   T
1269    0.36067315E-06    0.1000E+01    1   T
1270    0.36011038E-06    0.1000E+01    1   T
1271    0.35949823E-06    0.1000E+01    1   T
1272    0.35891392E-06    0.1000E+01    1   T
1273    0.35812972E-06    0.1000E+01    1   T
1274    0.35716404E-06    0.1000E+01    1   T
1275    0.35624708E-06    0.1000E+01    1   T
1276    0.35552830E-06    0.5000E+00    2   T
1277    0.35492312E-06    0.1000E+01    1   T
1278    0.35437286E-06    0.1000E+01    1   T
1279    0.35371868E-06    0.1000E+01    1   T
1280    0.35273717E-06    0.1000E+01    1   T
1281    0.35251931E-06    0.2500E+00    3   T
1282    0.35152622E-06    0.1000E+01    1   T
1283    0.35075081E-06    0.1000E+01    1   T
1284    0.34889270E-06    0.1000E+01    1   T
1285    0.34771985E-06    0.1000E+01    1   T
1286    0.34707222E-06    0.1000E+01    1   T
1287    0.34653178E-06    0.1000E+01    1   T
1288    0.34618040E-06    0.1000E+01    1   T
1289    0.34614766E-06    0.2500E+00    3   T
1290    0.34528996E-06    0.1000E+01    1   T
1291    0.34492362E-06    0.1000E+01    1   T
1292    0.34465880E-06    0.1000E+01    1   T
1293    0.34428449E-06    0.1000E+01    1   T
1294    0.34412946E-06    0.1000E+01    1   T
1295    0.34354118E-06    0.1000E+01    1   T
1296    0.34323653E-06    0.1000E+01    1   T
1297    0.34298545E-06    0.1000E+01    1   T
1298    0.34297940E-06    0.5000E+00    2   T
1299    0.34275984E-06    0.1000E+01    1   T
1300    0.34248325E-06    0.1000E+01    1   T
1301    0.34210011E-06    0.1000E+01    1   T
1302    0.34175571E-06    0.1000E+01    1   T
1303    0.34159183E-06    0.1000E+01    1   T
1304    0.34148736E-06    0.1000E+01    1   T
1305    0.34138819E-06    0.1000E+01    1   T
1306    0.34130284E-06    0.1000E+01    1   T
1307    0.34128259E-06    0.6250E-01    5   T
1308    0.34120062E-06    0.1000E+01    1   T
1309    0.34111609E-06    0.1000E+01    1   T
1310    0.34100604E-06    0.1000E+01    1   T
1311    0.34088200E-06    0.1000E+01    1   T
1312    0.34074365E-06    0.1000E+01    1   T
1313    0.34069616E-06    0.2500E+00    3   T
1314    0.34050381E-06    0.1000E+01    1   T
1315    0.34028354E-06    0.1000E+01    1   T
1316    0.34008845E-06    0.1000E+01    1   T
1317    0.33983765E-06    0.1000E+01    1   T
1318    0.33978048E-06    0.6250E-01    5   T
1319    0.33958294E-06    0.1000E+01    1   T
1320    0.33945357E-06    0.1000E+01    1   T
1321    0.33943519E-06    0.1000E+01    1   T
1322    0.33934556E-06    0.1000E+01    1   T
1323    0.33931590E-06    0.1000E+01    1   T
1324    0.33926263E-06    0.1000E+01    1   T
1325    0.33925407E-06    0.5000E+00    2   T
1326    0.33922101E-06    0.1000E+01    1   T
1327    0.33920426E-06    0.1000E+01    1   T
1328    0.33920286E-06    0.5000E+00    2   T
1329    0.33916001E-06    0.1000E+01    1   T
1330    0.33913193E-06    0.1000E+01    1   T
1331    0.33906746E-06    0.1000E+01    1   T
1332    0.33904873E-06    0.1250E+00    4   T
1333    0.33897858E-06    0.1000E+01    1   T
1334    0.33890447E-06    0.1000E+01    1   T
1335    0.33879266E-06    0.1000E+01    1   T
1336    0.33865688E-06    0.1000E+01    1   T
1337    0.33861167E-06    0.2500E+00    3   T
1338    0.33848512E-06    0.1000E+01    1   T
1339    0.33840767E-06    0.1000E+01    1   T
1340    0.33836522E-06    0.1000E+01    1   T
1341    0.33831645E-06    0.1000E+01    1   T
1342    0.33825664E-06    0.1000E+01    1   T
1343    0.33819666E-06    0.1000E+01    1   T
1344    0.33808306E-06    0.1000E+01    1   T
1345    0.33798116E-06    0.1000E+01    1   T
1346    0.33793397E-06    0.2500E+00    3   T
1347    0.33776206E-06    0.1000E+01    1   T
1348    0.33758770E-06    0.1000E+01    1   T
1349    0.33745136E-06    0.1000E+01    1   T
1350    0.33736400E-06    0.1000E+01    1   T
1351    0.33726504E-06    0.1000E+01    1   T
1352    0.33715804E-06    0.1000E+01    1   T
1353    0.33715344E-06    0.1250E+00    4   T
1354    0.33700952E-06    0.1000E+01    1   T
1355    0.33690655E-06    0.1000E+01    1   T
1356    0.33689136E-06    0.2500E+00    3   T
1357    0.33666221E-06    0.1000E+01    1   T
1358    0.33649648E-06    0.1000E+01    1   T
1359    0.33630851E-06    0.1000E+01    1   T
1360    0.33617137E-06    0.1000E+01    1   T
1361    0.33595291E-06    0.1000E+01    1   T
1362    0.33571350E-06    0.1000E+01    1   T
1363    0.33554989E-06    0.1000E+01    1   T
1364    0.33539004E-06    0.1000E+01    1   T
1365    0.33532528E-06    0.1000E+01    1   T
1366    0.33520781E-06    0.1000E+01    1   T
1367    0.33510318E-06    0.5000E+00    2   T
1368    0.33475055E-06    0.1000E+01    1   T
1369    0.33443856E-06    0.1000E+01    1   T
1370    0.33392932E-06    0.1000E+01    1   T
1371    0.33365636E-06    0.1000E+01    1   T
1372    0.33354097E-06    0.1000E+01    1   T
1373    0.33339015E-06    0.1000E+01    1   T
1374    0.33332652E-06    0.5000E+00    2   T
1375    0.33323992E-06    0.1000E+01    1   T
1376    0.33294164E-06    0.1000E+01    1   T
1377    0.33264101E-06    0.1000E+01    1   T
1378    0.33219741E-06    0.1000E+01    1   T
1379    0.33167590E-06    0.1000E+01    1   T
1380    0.33133224E-06    0.1000E+01    1   T
1381    0.33091858E-06    0.1000E+01    1   T
1382    0.33073799E-06    0.1000E+01    1   T
1383    0.33049526E-06    0.1000E+01    1   T
1384    0.33015497E-06    0.1000E+01    1   T
1385    0.32935908E-06    0.1000E+01    1   T
1386    0.32834676E-06    0.1000E+01    1   T
1387    0.32753876E-06    0.1000E+01    1   T
1388    0.32684013E-06    0.1000E+01    1   T
1389    0.32658488E-06    0.1000E+01    1   T
1390    0.32631994E-06    0.1000E+01    1   T
1391    0.32606500E-06    0.5000E+00    2   T
1392    0.32551351E-06    0.1000E+01    1   T
1393    0.32485976E-06    0.1000E+01    1   T
1394    0.32447874E-06    0.1000E+01    1   T
1395    0.32429984E-06    0.1000E+01    1   T
1396    0.32409847E-06    0.1000E+01    1   T
1397    0.32406477E-06    0.5000E+00    2   T
1398    0.32380838E-06    0.1000E+01    1   T
1399    0.32370346E-06    0.1000E+01    1   T
1400    0.32344846E-06    0.1000E+01    1   T
1401    0.32304881E-06    0.1000E+01    1   T
1402    0.32260370E-06    0.1000E+01    1   T
1403    0.32238669E-06    0.2500E+00    3   T
1404    0.32187099E-06    0.1000E+01    1   T
1405    0.32184113E-06    0.1000E+01    1   T
1406    0.32144728E-06    0.1000E+01    1   T
1407    0.32125155E-06    0.1000E+01    1   T
1408    0.32105567E-06    0.1000E+01    1   T
1409    0.32092006E-06    0.1000E+01    1   T
1410    0.32084504E-06    0.5000E+00    2   T
1411    0.32073470E-06    0.1000E+01    1   T
1412    0.32063401E-06    0.1000E+01    1   T
1413    0.32058419E-06    0.1000E+01    1   T
1414    0.32053449E-06    0.1000E+01    1   T
1415    0.32045823E-06    0.1000E+01    1   T
1416    0.32037416E-06    0.1000E+01    1   T
1417    0.32029180E-06    0.1000E+01    1   T
1418    0.32016251E-06    0.1000E+01    1   T
1419    0.31995428E-06    0.1000E+01    1   T
1420    0.31969663E-06    0.1000E+01    1   T
1421    0.31953424E-06    0.1000E+01    1   T
1422    0.31933170E-06    0.1000E+01    1   T
1423    0.31918083E-06    0.1000E+01    1   T
1424    0.31898055E-06    0.1000E+01    1   T
1425    0.31894172E-06    0.1250E+00    4   T
1426    0.31886912E-06    0.1000E+01    1   T
1427    0.31879589E-06    0.1000E+01    1   T
1428    0.31867683E-06    0.1000E+01    1   T
1429    0.31845786E-06    0.1000E+01    1   T
1430    0.31832762E-06    0.1000E+01    1   T
1431    0.31772548E-06    0.5000E+00    2   T
1432    0.31732352E-06    0.1000E+01    1   T
1433    0.31722583E-06    0.5000E+00    2   T
1434    0.31666517E-06    0.1000E+01    1   T
1435    0.31632694E-06    0.1000E+01    1   T
1436    0.31577673E-06    0.1000E+01    1   T
1437    0.31467198E-06    0.1000E+01    1   T
1438    0.31400635E-06    0.1000E+01    1   T
1439    0.31307660E-06    0.1000E+01    1   T
1440    0.31227554E-06    0.1000E+01    1   T
1441    0.31137064E-06    0.1000E+01    1   T
1442    0.31107745E-06    0.1000E+01    1   T
1443    0.31089039E-06    0.1000E+01    1   T
1444    0.31077218E-06    0.1000E+01    1   T
1445    0.31069716E-06    0.1000E+01    1   T
1446    0.31064596E-06    0.1000E+01    1   T
1447    0.31052294E-06    0.1000E+01    1   T
1448    0.31037221E-06    0.1000E+01    1   T
1449    0.31013687E-06    0.1000E+01    1   T
1450    0.30990842E-06    0.1000E+01    1   T
1451    0.30984928E-06    0.2500E+00    3   T
1452    0.30977718E-06    0.2500E+00    3   T
1453    0.30956273E-06    0.1000E+01    1   T
1454    0.30942938E-06    0.1000E+01    1   T
1455    0.30937399E-06    0.1000E+01    1   T
1456    0.30931398E-06    0.1000E+01    1   T
1457    0.30923734E-06    0.1000E+01    1   T
1458    0.30915746E-06    0.1000E+01    1   T
1459    0.30914074E-06    0.5000E+00    2   T
1460    0.30902026E-06    0.1000E+01    1   T
1461    0.30895017E-06    0.1000E+01    1   T
1462    0.30876564E-06    0.1000E+01    1   T
1463    0.30859204E-06    0.1000E+01    1   T
1464    0.30834157E-06    0.1000E+01    1   T
1465    0.30800242E-06    0.1000E+01    1   T
1466    0.30765678E-06    0.1000E+01    1   T
1467    0.30731368E-06    0.1000E+01    1   T
1468    0.30705614E-06    0.1000E+01    1   T
1469    0.30687814E-06    0.1000E+01    1   T
1470    0.30666488E-06    0.1000E+01    1   T
1471    0.30612224E-06    0.1000E+01    1   T
1472    0.30571600E-06    0.1000E+01    1   T
1473    0.30470395E-06    0.1000E+01    1   T
1474    0.30375646E-06    0.1000E+01    1   T
1475    0.30300400E-06    0.1000E+01    1   T
1476    0.30226587E-06    0.1000E+01    1   T
1477    0.30187780E-06    0.1000E+01    1   T
1478    0.30133629E-06    0.1000E+01    1   T
1479    0.30101759E-06    0.1000E+01    1   T
1480    0.30043297E-06    0.1000E+01    1   T
1481    0.30001335E-06    0.1000E+01    1   T
1482    0.29995400E-06    0.1000E+01    1   T
1483    0.29935682E-06    0.1000E+01    1   T
1484    0.29917400E-06    0.1000E+01    1   T
1485    0.29900802E-06    0.1000E+01    1   T
1486    0.29900036E-06    0.1000E+01    1   T
1487    0.29879289E-06    0.1000E+01    1   T
1488    0.29852057E-06    0.1000E+01    1   T
1489    0.29810608E-06    0.1000E+01    1   T
1490    0.29783711E-06    0.5000E+00    2   T
1491    0.29766262E-06    0.1000E+01    1   T
1492    0.29759031E-06    0.1000E+01    1   T
1493    0.29755322E-06    0.1000E+01    1   T
1494    0.29751825E-06    0.1000E+01    1   T
1495    0.29749096E-06    0.1000E+01    1   T
1496    0.29744659E-06    0.1000E+01    1   T
1497    0.29743652E-06    0.1250E+00    4   T
1498    0.29741354E-06    0.1000E+01    1   T
1499    0.29738989E-06    0.1000E+01    1   T
1500    0.29736508E-06    0.1000E+01    1   T
1501    0.29732369E-06    0.1000E+01    1   T
1502    0.29728712E-06    0.1000E+01    1   T
1503    0.29725415E-06    0.1000E+01    1   T
1504    0.29722730E-06    0.1000E+01    1   T
1505    0.29720225E-06    0.1000E+01    1   T
1506    0.29715452E-06    0.1000E+01    1   T
1507    0.29707332E-06    0.1000E+01    1   T
1508    0.29703170E-06    0.1000E+01    1   T
1509    0.29692933E-06    0.1000E+01    1   T
1510    0.29681400E-06    0.1000E+01    1   T
1511    0.29668941E-06    0.1000E+01    1   T
1512    0.29647739E-06    0.1000E+01    1   T
1513    0.29644259E-06    0.1250E+00    4   T
1514    0.29623929E-06    0.1000E+01    1   T
1515    0.29611412E-06    0.1000E+01    1   T
1516    0.29603509E-06    0.1000E+01    1   T
1517    0.29589201E-06    0.1000E+01    1   T
1518    0.29572142E-06    0.1000E+01    1   T
1519    0.29526109E-06    0.1000E+01    1   T
1520    0.29502193E-06    0.1000E+01    1   T
1521    0.29490767E-06    0.1000E+01    1   T
1522    0.29483443E-06    0.1000E+01    1   T
1523    0.29465376E-06    0.1000E+01    1   T
1524    0.29443787E-06    0.1000E+01    1   T
1525    0.29414838E-06    0.1000E+01    1   T
1526    0.29406830E-06    0.1250E+00    4   T
1527    0.29383844E-06    0.1000E+01    1   T
1528    0.29365801E-06    0.1000E+01    1   T
1529    0.29356981E-06    0.1000E+01    1   T
1530    0.29348658E-06    0.1000E+01    1   T
1531    0.29343253E-06    0.1000E+01    1   T
1532    0.29342049E-06    0.2500E+00    3   T
1533    0.29334824E-06    0.1000E+01    1   T
1534    0.29327668E-06    0.1000E+01    1   T
1535    0.29316979E-06    0.1000E+01    1   T
1536    0.29315215E-06    0.1000E+01    1   T
1537    0.29299016E-06    0.1000E+01    1   T
1538    0.29294699E-06    0.1000E+01    1   T
1539    0.29291157E-06    0.1000E+01    1   T
1540    0.29287997E-06    0.1000E+01    1   T
1541    0.29282397E-06    0.1000E+01    1   T
1542    0.29280110E-06    0.1000E+01    1   T
1543    0.29275337E-06    0.1000E+01    1   T
1544    0.29272845E-06    0.2500E+00    3   T
1545    0.29268068E-06    0.1000E+01    1   T
1546    0.29264394E-06    0.1000E+01    1   T
1547    0.29260233E-06    0.1000E+01    1   T
1548    0.29255702E-06    0.1000E+01    1   T
1549    0.29250196E-06    0.1000E+01    1   T
1550    0.29248879E-06    0.1000E+01    1   T
1551    0.29242354E-06    0.1000E+01    1   T
1552    0.29238377E-06    0.1000E+01    1   T
1553    0.29227036E-06    0.1000E+01    1   T
1554    0.29215338E-06    0.1000E+01    1   T
1555    0.29199694E-06    0.1000E+01    1   T
1556    0.29181774E-06    0.1000E+01    1   T
1557    0.29169610E-06    0.1000E+01    1   T
1558    0.29159737E-06    0.1000E+01    1   T
1559    0.29146099E-06    0.1000E+01    1   T
1560    0.29145234E-06    0.3125E-01    6   T
1561    0.29137761E-06    0.5000E+00    2   T
1562    0.29124803E-06    0.1000E+01    1   T
1563    0.29116662E-06    0.1000E+01    1   T
1564    0.29107340E-06    0.1000E+01    1   T
1565    0.29099043E-06    0.1000E+01    1   T
1566    0.29087488E-06    0.1000E+01    1   T
1567    0.29072201E-06    0.1000E+01    1   T
1568    0.29054593E-06    0.1000E+01    1   T
1569    0.29050991E-06    0.6250E-01    5   T
1570    0.29034552E-06    0.1000E+01    1   T
1571    0.29031778E-06    0.1000E+01    1   T
1572    0.29006428E-06    0.1000E+01    1   T
1573    0.28998985E-06    0.1000E+01    1   T
1574    0.28990115E-06    0.1000E+01    1   T
1575    0.28982821E-06    0.1000E+01    1   T
1576    0.28979796E-06    0.5000E+00    2   T
1577    0.28976524E-06    0.5000E+00    2   T
1578    0.28974371E-06    0.1000E+01    1   T
1579    0.28965702E-06    0.1000E+01    1   T
1580    0.28963594E-06    0.1000E+01    1   T
1581    0.28962005E-06    0.1000E+01    1   T
1582    0.28957401E-06    0.1000E+01    1   T
1583    0.28952611E-06    0.1000E+01    1   T
1584    0.28948117E-06    0.1000E+01    1   T
1585    0.28945258E-06    0.1000E+01    1   T
1586    0.28939513E-06    0.1000E+01    1   T
1587    0.28934410E-06    0.1000E+01    1   T
1588    0.28913160E-06    0.1000E+01    1   T
1589    0.28893895E-06    0.1000E+01    1   T
1590    0.28875045E-06    0.1000E+01    1   T
1591    0.28869087E-06    0.5000E+00    2   T
1592    0.28861471E-06    0.1000E+01    1   T
1593    0.28858825E-06    0.1000E+01    1   T
1594    0.28851752E-06    0.1000E+01    1   T
1595    0.28846211E-06    0.1000E+01    1   T
1596    0.28838945E-06    0.1000E+01    1   T
1597    0.28830534E-06    0.1000E+01    1   T
1598    0.28821229E-06    0.1000E+01    1   T
1599    0.28806397E-06    0.1000E+01    1   T
1600    0.28804414E-06    0.5000E+00    2   T
1601    0.28791390E-06    0.1000E+01    1   T
1602    0.28783632E-06    0.5000E+00    2   T
1603    0.28776786E-06    0.1000E+01    1   T
1604    0.28771822E-06    0.1000E+01    1   T
1605    0.28769065E-06    0.1000E+01    1   T
1606    0.28763920E-06    0.1000E+01    1   T
1607    0.28756629E-06    0.1000E+01    1   T
1608    0.28747866E-06    0.1000E+01    1   T
1609    0.28741372E-06    0.1000E+01    1   T
1610    0.28738394E-06    0.1000E+01    1   T
1611    0.28736196E-06    0.1000E+01    1   T
1612    0.28733245E-06    0.1000E+01    1   T
1613    0.28729309E-06    0.1000E+01    1   T
1614    0.28724196E-06    0.1000E+01    1   T
1615    0.28717385E-06    0.1000E+01    1   T
1616    0.28705538E-06    0.1000E+01    1   T
1617    0.28694975E-06    0.1000E+01    1   T
1618    0.28680675E-06    0.1000E+01    1   T
1619    0.28671584E-06    0.1000E+01    1   T
1620    0.28666365E-06    0.1000E+01    1   T
1621    0.28661524E-06    0.1000E+01    1   T
1622    0.28661267E-06    0.6250E-01    5   T
1623    0.28654130E-06    0.1000E+01    1   T
1624    0.28644761E-06    0.1000E+01    1   T
1625    0.28632517E-06    0.1000E+01    1   T
1626    0.28620375E-06    0.1000E+01    1   T
1627    0.28608021E-06    0.1000E+01    1   T
1628    0.28595570E-06    0.1000E+01    1   T
1629    0.28587429E-06    0.1000E+01    1   T
1630    0.28581657E-06    0.1000E+01    1   T
1631    0.28576961E-06    0.1000E+01    1   T
1632    0.28575768E-06    0.1000E+01    1   T
1633    0.28574396E-06    0.1000E+01    1   T
1634    0.28562745E-06    0.1000E+01    1   T
1635    0.28558360E-06    0.1000E+01    1   T
1636    0.28550560E-06    0.1000E+01    1   T
1637    0.28545763E-06    0.1000E+01    1   T
1638    0.28543366E-06    0.5000E+00    2   T
1639    0.28527141E-06    0.1000E+01    1   T
1640    0.28513175E-06    0.1000E+01    1   T
1641    0.28498625E-06    0.1000E+01    1   T
1642    0.28497248E-06    0.5000E+00    2   T
1643    0.28489969E-06    0.1000E+01    1   T
1644    0.28487592E-06    0.1000E+01    1   T
1645    0.28482206E-06    0.1000E+01    1   T
1646    0.28478199E-06    0.1000E+01    1   T
1647    0.28475296E-06    0.1000E+01    1   T
1648    0.28472074E-06    0.2500E+00    3   T
1649    0.28469257E-06    0.1000E+01    1   T
1650    0.28465908E-06    0.1000E+01    1   T
1651    0.28465510E-06    0.2500E+00    3   T
1652    0.28464114E-06    0.1000E+01    1   T
1653    0.28456810E-06    0.1000E+01    1   T
1654    0.28450678E-06    0.1000E+01    1   T
1655    0.28445724E-06    0.1000E+01    1   T
1656    0.28444041E-06    0.2500E+00    3   T
1657    0.28439126E-06    0.1000E+01    1   T
1658    0.28434037E-06    0.1000E+01    1   T
1659    0.28429196E-06    0.1000E+01    1   T
1660    0.28422594E-06    0.1000E+01    1   T
1661    0.28415624E-06    0.1000E+01    1   T
1662    0.28411292E-06    0.1000E+01    1   T
1663    0.28406184E-06    0.1000E+01    1   T
1664    0.28403605E-06    0.1000E+01    1   T
1665    0.28399146E-06    0.1000E+01    1   T
1666    0.28392326E-06    0.1000E+01    1   T
1667    0.28382437E-06    0.1000E+01    1   T
1668    0.28372500E-06    0.1000E+01    1   T
1669    0.28363030E-06    0.1000E+01    1   T
1670    0.28355744E-06    0.1000E+01    1   T
1671    0.28355415E-06    0.2500E+00    3   T
1672    0.28348218E-06    0.1000E+01    1   T
1673    0.28344813E-06    0.1000E+01    1   T
1674    0.28342313E-06    0.1000E+01    1   T
1675    0.28339977E-06    0.1000E+01    1   T
1676    0.28335622E-06    0.1000E+01    1   T
1677    0.28326832E-06    0.1000E+01    1   T
1678    0.28322716E-06    0.2500E+00    3   T
1679    0.28306875E-06    0.1000E+01    1   T
1680    0.28286502E-06    0.1000E+01    1   T
1681    0.28253978E-06    0.1000E+01    1   T
1682    0.28209980E-06    0.1000E+01    1   T
1683    0.28133772E-06    0.1000E+01    1   T
1684    0.28095177E-06    0.5000E+00    2   T
1685    0.27980868E-06    0.1000E+01    1   T
1686    0.27864481E-06    0.1000E+01    1   T
1687    0.27734008E-06    0.1000E+01    1   T
1688    0.27609830E-06    0.1000E+01    1   T
1689    0.27517214E-06    0.1000E+01    1   T
1690    0.27454663E-06    0.1000E+01    1   T
1691    0.27400687E-06    0.1000E+01    1   T
1692    0.27359061E-06    0.1000E+01    1   T
1693    0.27301869E-06    0.1000E+01    1   T
1694    0.27242619E-06    0.2500E+00    3   T
1695    0.27169057E-06    0.1000E+01    1   T
1696    0.27114819E-06    0.1000E+01    1   T
1697    0.27068777E-06    0.1000E+01    1   T
1698    0.26944081E-06    0.1000E+01    1   T
1699    0.26871394E-06    0.1000E+01    1   T
1700    0.26813998E-06    0.1000E+01    1   T
1701    0.26751677E-06    0.1000E+01    1   T
1702    0.26671220E-06    0.1000E+01    1   T
1703    0.26642078E-06    0.1000E+01    1   T
1704    0.26623704E-06    0.1000E+01    1   T
1705    0.26606569E-06    0.1000E+01    1   T
1706    0.26574061E-06    0.1000E+01    1   T
1707    0.26564048E-06    0.1250E+00    4   T
1708    0.26511937E-06    0.1000E+01    1   T
1709    0.26445380E-06    0.1000E+01    1   T
1710    0.26400119E-06    0.1000E+01    1   T
1711    0.26322814E-06    0.1000E+01    1   T
1712    0.26223922E-06    0.1000E+01    1   T
1713    0.26068771E-06    0.1000E+01    1   T
1714    0.26041746E-06    0.5000E+00    2   T
1715    0.25807556E-06    0.1000E+01    1   T
1716    0.25714788E-06    0.1000E+01    1   T
1717    0.25651644E-06    0.1000E+01    1   T
1718    0.25587091E-06    0.1000E+01    1   T
1719    0.25515310E-06    0.1000E+01    1   T
1720    0.25436859E-06    0.1000E+01    1   T
1721    0.25358284E-06    0.1000E+01    1   T
1722    0.25238732E-06    0.1000E+01    1   T
1723    0.25175752E-06    0.2500E+00    3   T
1724    0.25000772E-06    0.1000E+01    1   T
1725    0.24914719E-06    0.1000E+01    1   T
1726    0.24873777E-06    0.1000E+01    1   T
1727    0.24857459E-06    0.2500E+00    3   T
1728    0.24783234E-06    0.1000E+01    1   T
1729    0.24718985E-06    0.1000E+01    1   T
1730    0.24679762E-06    0.1000E+01    1   T
1731    0.24658176E-06    0.1000E+01    1   T
1732    0.24649435E-06    0.5000E+00    2   T
1733    0.24631674E-06    0.1000E+01    1   T
1734    0.24595676E-06    0.1000E+01    1   T
1735    0.24574793E-06    0.1000E+01    1   T
1736    0.24545186E-06    0.1000E+01    1   T
1737    0.24506614E-06    0.1000E+01    1   T
1738    0.24470483E-06    0.5000E+00    2   T
1739    0.24374482E-06    0.1000E+01    1   T
1740    0.24273522E-06    0.1000E+01    1   T
1741    0.24172465E-06    0.1000E+01    1   T
1742    0.24143795E-06    0.2500E+00    3   T
1743    0.24106668E-06    0.1000E+01    1   T
1744    0.24043509E-06    0.1000E+01    1   T
1745    0.24019009E-06    0.1000E+01    1   T
1746    0.23986616E-06    0.1000E+01    1   T
1747    0.23955215E-06    0.1000E+01    1   T
1748    0.23941422E-06    0.2500E+00    3   T
1749    0.23906069E-06    0.1000E+01    1   T
1750    0.23868527E-06    0.1000E+01    1   T
1751    0.23824770E-06    0.1000E+01    1   T
1752    0.23778566E-06    0.5000E+00    2   T
1753    0.23725762E-06    0.1000E+01    1   T
1754    0.23674808E-06    0.1000E+01    1   T
1755    0.23658879E-06    0.1000E+01    1   T
1756    0.23615078E-06    0.1000E+01    1   T
1757    0.23580460E-06    0.1000E+01    1   T
1758    0.23547897E-06    0.1000E+01    1   T
1759    0.23519039E-06    0.1000E+01    1   T
1760    0.23502427E-06    0.1000E+01    1   T
1761    0.23480819E-06    0.1000E+01    1   T
1762    0.23451001E-06    0.1000E+01    1   T
1763    0.23426229E-06    0.1000E+01    1   T
1764    0.23410150E-06    0.1000E+01    1   T
1765    0.23402415E-06    0.5000E+00    2   T
1766    0.23391532E-06    0.1000E+01    1   T
1767    0.23374500E-06    0.1000E+01    1   T
1768    0.23358190E-06    0.1000E+01    1   T
1769    0.23346636E-06    0.1000E+01    1   T
1770    0.23332537E-06    0.1000E+01    1   T
1771    0.23322861E-06    0.1000E+01    1   T
1772    0.23314942E-06    0.1000E+01    1   T
1773    0.23311199E-06    0.1000E+01    1   T
1774    0.23309474E-06    0.1000E+01    1   T
1775    0.23303167E-06    0.1000E+01    1   T
1776    0.23298914E-06    0.1000E+01    1   T
1777    0.23293253E-06    0.1000E+01    1   T
1778    0.23287790E-06    0.1000E+01    1   T
1779    0.23279977E-06    0.1000E+01    1   T
1780    0.23276545E-06    0.2500E+00    3   T
1781    0.23264739E-06    0.1000E+01    1   T
1782    0.23244628E-06    0.1000E+01    1   T
1783    0.23229615E-06    0.1000E+01    1   T
1784    0.23212950E-06    0.1000E+01    1   T
1785    0.23211716E-06    0.6250E-01    5   T
1786    0.23201507E-06    0.1000E+01    1   T
1787    0.23200045E-06    0.2500E+00    3   T
1788    0.23190438E-06    0.1000E+01    1   T
1789    0.23184498E-06    0.1000E+01    1   T
1790    0.23176685E-06    0.1000E+01    1   T
1791    0.23168012E-06    0.1000E+01    1   T
1792    0.23166343E-06    0.1000E+01    1   T
1793    0.23152937E-06    0.1000E+01    1   T
1794    0.23145181E-06    0.1000E+01    1   T
1795    0.23137695E-06    0.1000E+01    1   T
1796    0.23131384E-06    0.1000E+01    1   T
1797    0.23119136E-06    0.1000E+01    1   T
1798    0.23100123E-06    0.1000E+01    1   T
1799    0.23091892E-06    0.2500E+00    3   T
1800    0.23067654E-06    0.1000E+01    1   T
1801    0.23044793E-06    0.1000E+01    1   T
1802    0.23026907E-06    0.1000E+01    1   T
1803    0.23011160E-06    0.1000E+01    1   T
1804    0.22994243E-06    0.1000E+01    1   T
1805    0.22966105E-06    0.1000E+01    1   T
1806    0.22928179E-06    0.1000E+01    1   T
1807    0.22919543E-06    0.1000E+01    1   T
1808    0.22911986E-06    0.1000E+01    1   T
1809    0.22904812E-06    0.1000E+01    1   T
1810    0.22899259E-06    0.1000E+01    1   T
1811    0.22896549E-06    0.1000E+01    1   T
1812    0.22893461E-06    0.1000E+01    1   T
1813    0.22888365E-06    0.1000E+01    1   T
1814    0.22885005E-06    0.1000E+01    1   T
1815    0.22879351E-06    0.1000E+01    1   T
1816    0.22873987E-06    0.1000E+01    1   T
1817    0.22871442E-06    0.6250E-01    5   T
1818    0.22862266E-06    0.1000E+01    1   T
1819    0.22857416E-06    0.1000E+01    1   T
1820    0.22853546E-06    0.1000E+01    1   T
1821    0.22848908E-06    0.1000E+01    1   T
1822    0.22842805E-06    0.1000E+01    1   T
1823    0.22836480E-06    0.5000E+00    2   T
1824    0.22821644E-06    0.5000E+00    2   T
1825    0.22798154E-06    0.1000E+01    1   T
1826    0.22790377E-06    0.1000E+01    1   T
1827    0.22769652E-06    0.1000E+01    1   T
1828    0.22762629E-06    0.1000E+01    1   T
1829    0.22736703E-06    0.1000E+01    1   T
1830    0.22729739E-06    0.2500E+00    3   T
1831    0.22697692E-06    0.1000E+01    1   T
1832    0.22644541E-06    0.1000E+01    1   T
1833    0.22591643E-06    0.1000E+01    1   T
1834    0.22536113E-06    0.1000E+01    1   T
1835    0.22492679E-06    0.1000E+01    1   T
1836    0.22474462E-06    0.1000E+01    1   T
1837    0.22460172E-06    0.1000E+01    1   T
1838    0.22451519E-06    0.1000E+01    1   T
1839    0.22446674E-06    0.5000E+00    2   T
1840    0.22442776E-06    0.5000E+00    2   T
1841    0.22434817E-06    0.1000E+01    1   T
1842    0.22429236E-06    0.1000E+01    1   T
1843    0.22425645E-06    0.1000E+01    1   T
1844    0.22423557E-06    0.5000E+00    2   T
1845    0.22420470E-06    0.1000E+01    1   T
1846    0.22418019E-06    0.1000E+01    1   T
1847    0.22414839E-06    0.1000E+01    1   T
1848    0.22414401E-06    0.1000E+01    1   T
1849    0.22405046E-06    0.1000E+01    1   T
1850    0.22400258E-06    0.1000E+01    1   T
1851    0.22393127E-06    0.1000E+01    1   T
1852    0.22385984E-06    0.1000E+01    1   T
1853    0.22379703E-06    0.1000E+01    1   T
1854    0.22376028E-06    0.5000E+00    2   T
1855    0.22367827E-06    0.1000E+01    1   T
1856    0.22362654E-06    0.1000E+01    1   T
1857    0.22356407E-06    0.1000E+01    1   T
1858    0.22349712E-06    0.1000E+01    1   T
1859    0.22339186E-06    0.1000E+01    1   T
1860    0.22332348E-06    0.1000E+01    1   T
1861    0.22328876E-06    0.1000E+01    1   T
1862    0.22326839E-06    0.1000E+01    1   T
1863    0.22324952E-06    0.1000E+01    1   T
1864    0.22321401E-06    0.1000E+01    1   T
1865    0.22318126E-06    0.1000E+01    1   T
1866    0.22311770E-06    0.1000E+01    1   T
1867    0.22310085E-06    0.1250E+00    4   T
1868    0.22301215E-06    0.1000E+01    1   T
1869    0.22293806E-06    0.1000E+01    1   T
1870    0.22283174E-06    0.1000E+01    1   T
1871    0.22282565E-06    0.5000E+00    2   T
1872    0.22276962E-06    0.1000E+01    1   T
1873    0.22272660E-06    0.1000E+01    1   T
1874    0.22267507E-06    0.1000E+01    1   T
1875    0.22260351E-06    0.1000E+01    1   T
1876    0.22253355E-06    0.1000E+01    1   T
1877    0.22248977E-06    0.5000E+00    2   T
1878    0.22242218E-06    0.1000E+01    1   T
1879    0.22230594E-06    0.1000E+01    1   T
1880    0.22223423E-06    0.1000E+01    1   T
1881    0.22210825E-06    0.1000E+01    1   T
1882    0.22203119E-06    0.1000E+01    1   T
1883    0.22183368E-06    0.1000E+01    1   T
1884    0.22169540E-06    0.1000E+01    1   T
1885    0.22153120E-06    0.5000E+00    2   T
1886    0.22119647E-06    0.1000E+01    1   T
1887    0.22099071E-06    0.1000E+01    1   T
1888    0.22080483E-06    0.1000E+01    1   T
1889    0.22051635E-06    0.1000E+01    1   T
1890    0.21982841E-06    0.1000E+01    1   T
1891    0.21934829E-06    0.1000E+01    1   T
1892    0.21895657E-06    0.1000E+01    1   T
1893    0.21864255E-06    0.1000E+01    1   T
1894    0.21851648E-06    0.1000E+01    1   T
1895    0.21833789E-06    0.1000E+01    1   T
1896    0.21806993E-06    0.1000E+01    1   T
1897    0.21782415E-06    0.1000E+01    1   T
1898    0.21762876E-06    0.1000E+01    1   T
1899    0.21754418E-06    0.1000E+01    1   T
1900    0.21750677E-06    0.1000E+01    1   T
1901    0.21744625E-06    0.1000E+01    1   T
1902    0.21734290E-06    0.1000E+01    1   T
1903    0.21731116E-06    0.1000E+01    1   T
1904    0.21726963E-06    0.1000E+01    1   T
1905    0.21721953E-06    0.1000E+01    1   T
1906    0.21712471E-06    0.1000E+01    1   T
1907    0.21702566E-06    0.1000E+01    1   T
1908    0.21695998E-06    0.1000E+01    1   T
1909    0.21690041E-06    0.1000E+01    1   T
1910    0.21688029E-06    0.5000E+00    2   T
1911    0.21685202E-06    0.1000E+01    1   T
1912    0.21684056E-06    0.1000E+01    1   T
1913    0.21681914E-06    0.1000E+01    1   T
1914    0.21681473E-06    0.1250E+00    4   T
1915    0.21678579E-06    0.1000E+01    1   T
1916    0.21675320E-06    0.1000E+01    1   T
1917    0.21672745E-06    0.1000E+01    1   T
1918    0.21670313E-06    0.1000E+01    1   T
1919    0.21670053E-06    0.2500E+00    3   T
1920    0.21667287E-06    0.1000E+01    1   T
1921    0.21664452E-06    0.1000E+01    1   T
1922    0.21655270E-06    0.1000E+01    1   T
1923    0.21643024E-06    0.1000E+01    1   T
1924    0.21638825E-06    0.2500E+00    3   T
1925    0.21622231E-06    0.1000E+01    1   T
1926    0.21621374E-06    0.5000E+00    2   T
1927    0.21609758E-06    0.1000E+01    1   T
1928    0.21602492E-06    0.1000E+01    1   T
1929    0.21593566E-06    0.1000E+01    1   T
1930    0.21581243E-06    0.1000E+01    1   T
1931    0.21562965E-06    0.1000E+01    1   T
1932    0.21559355E-06    0.1250E+00    4   T
1933    0.21557925E-06    0.6250E-01    5   T
1934    0.21540031E-06    0.1000E+01    1   T
1935    0.21527174E-06    0.1000E+01    1   T
1936    0.21514846E-06    0.1000E+01    1   T
1937    0.21501994E-06    0.1000E+01    1   T
1938    0.21482867E-06    0.1000E+01    1   T
1939    0.21459946E-06    0.1000E+01    1   T
1940    0.21451638E-06    0.5000E+00    2   T
1941    0.21442425E-06    0.1000E+01    1   T
1942    0.21435317E-06    0.1000E+01    1   T
1943    0.21432344E-06    0.1000E+01    1   T
1944    0.21426894E-06    0.1000E+01    1   T
1945    0.21425530E-06    0.5000E+00    2   T
1946    0.21421955E-06    0.1000E+01    1   T
1947    0.21420698E-06    0.1000E+01    1   T
1948    0.21419254E-06    0.1000E+01    1   T
1949    0.21417874E-06    0.1000E+01    1   T
1950    0.21414760E-06    0.1000E+01    1   T
1951    0.21412188E-06    0.1000E+01    1   T
1952    0.21410678E-06    0.1000E+01    1   T
1953    0.21409522E-06    0.1000E+01    1   T
1954    0.21408022E-06    0.1000E+01    1   T
1955    0.21405173E-06    0.1000E+01    1   T
1956    0.21404503E-06    0.1000E+01    1   T
1957    0.21399871E-06    0.1000E+01    1   T
1958    0.21398567E-06    0.1000E+01    1   T
1959    0.21396898E-06    0.1000E+01    1   T
1960    0.21395457E-06    0.1000E+01    1   T
1961    0.21394175E-06    0.1000E+01    1   T
1962    0.21391693E-06    0.1000E+01    1   T
1963    0.21387728E-06    0.1000E+01    1   T
1964    0.21385894E-06    0.5000E+00    2   T
1965    0.21381203E-06    0.1000E+01    1   T
1966    0.21378292E-06    0.1000E+01    1   T
1967    0.21371833E-06    0.1000E+01    1   T
1968    0.21366694E-06    0.1000E+01    1   T
1969    0.21364613E-06    0.1000E+01    1   T
1970    0.21352365E-06    0.1250E+00    4   T
1971    0.21348513E-06    0.5000E+00    2   T
1972    0.21335894E-06    0.1000E+01    1   T
1973    0.21330598E-06    0.1000E+01    1   T
1974    0.21330177E-06    0.1250E+00    4   T
1975    0.21325257E-06    0.1000E+01    1   T
1976    0.21323182E-06    0.1000E+01    1   T
1977    0.21321451E-06    0.1000E+01    1   T
1978    0.21319563E-06    0.1000E+01    1   T
1979    0.21317843E-06    0.1000E+01    1   T
1980    0.21316237E-06    0.1000E+01    1   T
1981    0.21315494E-06    0.1000E+01    1   T
1982    0.21312803E-06    0.1000E+01    1   T
1983    0.21311967E-06    0.1000E+01    1   T
1984    0.21311725E-06    0.2500E+00    3   T
1985    0.21307383E-06    0.1000E+01    1   T
1986    0.21304408E-06    0.1000E+01    1   T
1987    0.21301055E-06    0.5000E+00    2   T
1988    0.21293500E-06    0.1000E+01    1   T
1989    0.21287764E-06    0.1000E+01    1   T
1990    0.21280100E-06    0.1000E+01    1   T
1991    0.21274284E-06    0.1000E+01    1   T
1992    0.21269133E-06    0.5000E+00    2   T
1993    0.21261946E-06    0.5000E+00    2   T
1994    0.21254596E-06    0.1000E+01    1   T
1995    0.21248611E-06    0.1000E+01    1   T
1996    0.21241025E-06    0.1000E+01    1   T
1997    0.21226499E-06    0.1000E+01    1   T
1998    0.21201781E-06    0.1000E+01    1   T
1999    0.21198016E-06    0.1250E+00    4   T
2000    0.21174389E-06    0.1000E+01    1   T
2001    0.21165647E-06    0.1000E+01    1   T
2002    0.21156588E-06    0.1000E+01    1   T
2003    0.21148660E-06    0.1000E+01    1   T
2004    0.21139166E-06    0.1000E+01    1   T
2005    0.21125486E-06    0.1000E+01    1   T
2006    0.21109931E-06    0.1000E+01    1   T
2007    0.21109564E-06    0.1000E+01    1   T
2008    0.21096463E-06    0.1000E+01    1   T
2009    0.21086136E-06    0.1000E+01    1   T
2010    0.21081169E-06    0.1000E+01    1   T
2011    0.21068795E-06    0.1000E+01    1   T
2012    0.21063247E-06    0.5000E+00    2   T
2013    0.21052737E-06    0.1000E+01    1   T
2014    0.21040670E-06    0.1000E+01    1   T
2015    0.21032807E-06    0.1000E+01    1   T
2016    0.21027866E-06    0.1000E+01    1   T
2017    0.21024367E-06    0.1000E+01    1   T
2018    0.21017830E-06    0.1000E+01    1   T
2019    0.21011205E-06    0.1000E+01    1   T
2020    0.20999068E-06    0.1000E+01    1   T
2021    0.20961613E-06    0.1000E+01    1   T
2022    0.20951323E-06    0.2500E+00    3   T
2023    0.20947515E-06    0.2500E+00    3   T
2024    0.20915210E-06    0.1000E+01    1   T
2025    0.20885320E-06    0.1000E+01    1   T
2026    0.20860050E-06    0.1000E+01    1   T
2027    0.20840536E-06    0.1000E+01    1   T
2028    0.20836210E-06    0.5000E+00    2   T
2029    0.20824139E-06    0.1000E+01    1   T
2030    0.20816349E-06    0.1000E+01    1   T
2031    0.20807385E-06    0.1000E+01    1   T
2032    0.20801611E-06    0.1000E+01    1   T
2033    0.20792829E-06    0.1000E+01    1   T
2034    0.20787400E-06    0.1000E+01    1   T
2035    0.20784034E-06    0.1000E+01    1   T
2036    0.20779013E-06    0.1000E+01    1   T
2037    0.20773774E-06    0.1000E+01    1   T
2038    0.20771414E-06    0.1000E+01    1   T
2039    0.20768526E-06    0.1000E+01    1   T
2040    0.20759405E-06    0.1000E+01    1   T
2041    0.20751834E-06    0.1000E+01    1   T
2042    0.20741932E-06    0.1000E+01    1   T
2043    0.20738659E-06    0.5000E+00    2   T
2044    0.20732804E-06    0.1000E+01    1   T
2045    0.20730883E-06    0.5000E+00    2   T
2046    0.20724060E-06    0.1000E+01    1   T
2047    0.20719858E-06    0.1000E+01    1   T
2048    0.20712036E-06    0.1000E+01    1   T
2049    0.20702398E-06    0.1000E+01    1   T
2050    0.20693670E-06    0.1000E+01    1   T
2051    0.20679277E-06    0.1000E+01    1   T
2052    0.20645912E-06    0.1000E+01    1   T
2053    0.20630889E-06    0.1000E+01    1   T
2054    0.20615851E-06    0.1000E+01    1   T
2055    0.20611312E-06    0.1000E+01    1   T
2056    0.20606282E-06    0.1000E+01    1   T
2057    0.20599284E-06    0.1000E+01    1   T
2058    0.20592697E-06    0.1000E+01    1   T
2059    0.20583013E-06    0.1000E+01    1   T
2060    0.20565235E-06    0.1000E+01    1   T
2061    0.20562370E-06    0.2500E+00    3   T
2062    0.20550901E-06    0.1000E+01    1   T
2063    0.20542332E-06    0.1000E+01    1   T
2064    0.20533282E-06    0.1000E+01    1   T
2065    0.20529000E-06    0.1000E+01    1   T
2066    0.20519845E-06    0.1000E+01    1   T
2067    0.20500284E-06    0.1000E+01    1   T
2068    0.20480494E-06    0.1000E+01    1   T
2069    0.20457356E-06    0.1000E+01    1   T
2070    0.20448593E-06    0.1000E+01    1   T
2071    0.20437951E-06    0.1000E+01    1   T
2072    0.20431804E-06    0.1000E+01    1   T
2073    0.20427918E-06    0.1000E+01    1   T
2074    0.20423203E-06    0.1000E+01    1   T
2075    0.20418130E-06    0.1000E+01    1   T
2076    0.20412465E-06    0.1000E+01    1   T
2077    0.20407801E-06    0.5000E+00    2   T
2078    0.20400648E-06    0.1000E+01    1   T
2079    0.20393273E-06    0.1000E+01    1   T
2080    0.20391134E-06    0.1000E+01    1   T
2081    0.20389912E-06    0.5000E+00    2   T
2082    0.20387742E-06    0.1000E+01    1   T
2083    0.20385616E-06    0.1000E+01    1   T
2084    0.20385218E-06    0.2500E+00    3   T
2085    0.20383942E-06    0.1000E+01    1   T
2086    0.20382334E-06    0.1000E+01    1   T
2087    0.20380640E-06    0.1000E+01    1   T
2088    0.20377126E-06    0.1000E+01    1   T
2089    0.20372857E-06    0.1000E+01    1   T
2090    0.20367821E-06    0.1000E+01    1   T
2091    0.20363719E-06    0.1000E+01    1   T
2092    0.20360578E-06    0.1000E+01    1   T
2093    0.20357472E-06    0.1000E+01    1   T
2094    0.20351507E-06    0.1000E+01    1   T
2095    0.20349341E-06    0.1000E+01    1   T
2096    0.20343538E-06    0.1000E+01    1   T
2097    0.20335399E-06    0.1000E+01    1   T
2098    0.20329895E-06    0.1000E+01    1   T
2099    0.20323613E-06    0.1000E+01    1   T
2100    0.20317990E-06    0.1000E+01    1   T
2101    0.20313587E-06    0.5000E+00    2   T
2102    0.20307987E-06    0.1000E+01    1   T
2103    0.20296780E-06    0.1000E+01    1   T
2104    0.20292739E-06    0.1000E+01    1   T
2105    0.20288829E-06    0.1000E+01    1   T
2106    0.20283630E-06    0.1000E+01    1   T
2107    0.20278350E-06    0.1000E+01    1   T
2108    0.20271652E-06    0.1000E+01    1   T
2109    0.20266075E-06    0.5000E+00    2   T
2110    0.20255500E-06    0.1000E+01    1   T
2111    0.20250336E-06    0.1000E+01    1   T
2112    0.20247122E-06    0.1000E+01    1   T
2113    0.20243689E-06    0.1000E+01    1   T
2114    0.20231843E-06    0.1000E+01    1   T
2115    0.20222578E-06    0.1000E+01    1   T
2116    0.20208296E-06    0.1000E+01    1   T
2117    0.20190014E-06    0.1000E+01    1   T
2118    0.20171935E-06    0.1000E+01    1   T
2119    0.20141567E-06    0.1000E+01    1   T
2120    0.20120770E-06    0.1000E+01    1   T
2121    0.20079785E-06    0.1000E+01    1   T
2122    0.20047402E-06    0.1000E+01    1   T
2123    0.20008350E-06    0.1000E+01    1   T
2124    0.19986694E-06    0.1000E+01    1   T
2125    0.19980737E-06    0.2500E+00    3   T
2126    0.19945520E-06    0.1000E+01    1   T
2127    0.19929633E-06    0.1000E+01    1   T
2128    0.19902723E-06    0.1000E+01    1   T
2129    0.19870618E-06    0.1000E+01    1   T
2130    0.19832240E-06    0.1000E+01    1   T
2131    0.19782620E-06    0.1000E+01    1   T
2132    0.19750419E-06    0.1000E+01    1   T
2133    0.19736642E-06    0.1000E+01    1   T
2134    0.19727179E-06    0.1000E+01    1   T
2135    0.19719203E-06    0.1000E+01    1   T
2136    0.19703765E-06    0.1000E+01    1   T
2137    0.19691045E-06    0.1000E+01    1   T
2138    0.19687115E-06    0.3125E-01    6   T
2139    0.19670019E-06    0.1000E+01    1   T
2140    0.19637793E-06    0.1000E+01    1   T
2141    0.19592551E-06    0.1000E+01    1   T
2142    0.19530501E-06    0.1000E+01    1   T
2143    0.19475586E-06    0.1000E+01    1   T
2144    0.19439611E-06    0.1000E+01    1   T
2145    0.19413209E-06    0.1000E+01    1   T
2146    0.19383086E-06    0.1000E+01    1   T
2147    0.19330972E-06    0.1000E+01    1   T
2148    0.19301170E-06    0.1000E+01    1   T
2149    0.19278172E-06    0.1000E+01    1   T
2150    0.19265719E-06    0.1000E+01    1   T
2151    0.19250763E-06    0.1000E+01    1   T
2152    0.19239792E-06    0.1000E+01    1   T
2153    0.19227100E-06    0.1000E+01    1   T
2154    0.19224910E-06    0.1250E+00    4   T
2155    0.19205459E-06    0.1000E+01    1   T
2156    0.19190767E-06    0.1000E+01    1   T
2157    0.19157256E-06    0.1000E+01    1   T
2158    0.19104451E-06    0.1000E+01    1   T
2159    0.19034848E-06    0.1000E+01    1   T
2160    0.18970086E-06    0.1000E+01    1   T
2161    0.18961877E-06    0.5000E+00    2   T
2162    0.18933274E-06    0.1000E+01    1   T
2163    0.18922721E-06    0.1000E+01    1   T
2164    0.18911960E-06    0.1000E+01    1   T
2165    0.18888967E-06    0.1000E+01    1   T
2166    0.18872672E-06    0.1000E+01    1   T
2167    0.18871868E-06    0.5000E+00    2   T
2168    0.18836951E-06    0.1000E+01    1   T
2169    0.18823304E-06    0.1000E+01    1   T
2170    0.18810537E-06    0.1000E+01    1   T
2171    0.18808380E-06    0.5000E+00    2   T
2172    0.18803312E-06    0.1000E+01    1   T
2173    0.18800532E-06    0.1000E+01    1   T
2174    0.18794491E-06    0.1000E+01    1   T
2175    0.18788022E-06    0.1000E+01    1   T
2176    0.18772693E-06    0.1000E+01    1   T
2177    0.18754121E-06    0.1000E+01    1   T
2178    0.18744964E-06    0.1000E+01    1   T
2179    0.18740395E-06    0.1000E+01    1   T
2180    0.18729424E-06    0.1000E+01    1   T
2181    0.18714794E-06    0.1000E+01    1   T
2182    0.18703685E-06    0.1000E+01    1   T
2183    0.18703158E-06    0.5000E+00    2   T
2184    0.18683810E-06    0.1000E+01    1   T
2185    0.18674882E-06    0.1000E+01    1   T
2186    0.18664789E-06    0.1000E+01    1   T
2187    0.18656194E-06    0.1000E+01    1   T
2188    0.18655952E-06    0.1000E+01    1   T
2189    0.18642681E-06    0.5000E+00    2   T
2190    0.18635511E-06    0.1000E+01    1   T
2191    0.18631857E-06    0.1000E+01    1   T
2192    0.18625761E-06    0.1000E+01    1   T
2193    0.18619052E-06    0.1000E+01    1   T
2194    0.18609696E-06    0.1000E+01    1   T
2195    0.18604591E-06    0.1000E+01    1   T
2196    0.18598306E-06    0.1000E+01    1   T
2197    0.18594647E-06    0.1000E+01    1   T
2198    0.18590500E-06    0.1000E+01    1   T
2199    0.18586287E-06    0.1000E+01    1   T
2200    0.18580432E-06    0.1000E+01    1   T
2201    0.18579586E-06    0.1250E+00    4   T
2202    0.18572586E-06    0.1000E+01    1   T
2203    0.18565179E-06    0.1000E+01    1   T
2204    0.18558789E-06    0.1000E+01    1   T
2205    0.18558171E-06    0.5000E+00    2   T
2206    0.18552221E-06    0.1000E+01    1   T
2207    0.18550846E-06    0.1000E+01    1   T
2208    0.18548703E-06    0.1000E+01    1   T
2209    0.18546606E-06    0.1000E+01    1   T
2210    0.18541995E-06    0.1000E+01    1   T
2211    0.18540520E-06    0.5000E+00    2   T
2212    0.18536507E-06    0.1000E+01    1   T
2213    0.18533927E-06    0.1000E+01    1   T
2214    0.18530843E-06    0.1000E+01    1   T
2215    0.18529139E-06    0.1000E+01    1   T
2216    0.18526620E-06    0.1000E+01    1   T
2217    0.18522846E-06    0.1000E+01    1   T
2218    0.18519849E-06    0.1000E+01    1   T
2219    0.18519276E-06    0.1250E+00    4   T
2220    0.18517947E-06    0.1000E+01    1   T
2221    0.18514448E-06    0.1000E+01    1   T
2222    0.18509117E-06    0.1000E+01    1   T
2223    0.18501622E-06    0.1000E+01    1   T
2224    0.18498192E-06    0.1000E+01    1   T
2225    0.18490239E-06    0.1000E+01    1   T
2226    0.18484741E-06    0.1000E+01    1   T
2227    0.18478550E-06    0.1000E+01    1   T
2228    0.18469729E-06    0.1000E+01    1   T
2229    0.18462369E-06    0.1000E+01    1   T
2230    0.18456972E-06    0.1000E+01    1   T
2231    0.18451262E-06    0.1000E+01    1   T
2232    0.18442107E-06    0.1000E+01    1   T
2233    0.18435009E-06    0.5000E+00    2   T
2234    0.18418657E-06    0.1000E+01    1   T
2235    0.18395235E-06    0.1000E+01    1   T
2236    0.18382087E-06    0.1000E+01    1   T
2237    0.18357733E-06    0.1000E+01    1   T
2238    0.18332718E-06    0.1000E+01    1   T
2239    0.18304526E-06    0.1000E+01    1   T
2240    0.18284521E-06    0.1000E+01    1   T
2241    0.18268685E-06    0.1000E+01    1   T
2242    0.18246441E-06    0.1000E+01    1   T
2243    0.18210889E-06    0.1000E+01    1   T
2244    0.18172881E-06    0.1000E+01    1   T
2245    0.18123415E-06    0.1000E+01    1   T
2246    0.18086125E-06    0.1000E+01    1   T
2247    0.18029762E-06    0.1000E+01    1   T
2248    0.17993701E-06    0.1000E+01    1   T
2249    0.17979049E-06    0.5000E+00    2   T
2250    0.17947973E-06    0.1000E+01    1   T
2251    0.17928511E-06    0.1000E+01    1   T
2252    0.17909857E-06    0.1000E+01    1   T
2253    0.17892192E-06    0.1000E+01    1   T
2254    0.17880843E-06    0.1000E+01    1   T
2255    0.17871825E-06    0.1000E+01    1   T
2256    0.17858777E-06    0.1000E+01    1   T
2257    0.17850563E-06    0.1000E+01    1   T
2258    0.17845297E-06    0.1000E+01    1   T
2259    0.17841133E-06    0.1000E+01    1   T
2260    0.17835333E-06    0.1000E+01    1   T
2261    0.17830696E-06    0.3125E-01    6   T
2262    0.17819862E-06    0.1000E+01    1   T
2263    0.17804771E-06    0.1000E+01    1   T
2264    0.17801599E-06    0.5000E+00    2   T
2265    0.17797716E-06    0.1000E+01    1   T
2266    0.17793220E-06    0.1000E+01    1   T
2267    0.17789306E-06    0.1000E+01    1   T
2268    0.17783927E-06    0.1000E+01    1   T
2269    0.17779060E-06    0.1000E+01    1   T
2270    0.17775379E-06    0.1000E+01    1   T
2271    0.17771556E-06    0.1000E+01    1   T
2272    0.17766864E-06    0.1000E+01    1   T
2273    0.17760162E-06    0.1000E+01    1   T
2274    0.17755522E-06    0.1000E+01    1   T
2275    0.17743151E-06    0.1000E+01    1   T
2276    0.17726391E-06    0.1000E+01    1   T
2277    0.17722565E-06    0.5000E+00    2   T
2278    0.17700538E-06    0.1000E+01    1   T
2279    0.17689679E-06    0.1000E+01    1   T
2280    0.17681587E-06    0.1000E+01    1   T
2281    0.17672000E-06    0.1000E+01    1   T
2282    0.17656275E-06    0.1000E+01    1   T
2283    0.17641059E-06    0.1000E+01    1   T
2284    0.17634562E-06    0.2500E+00    3   T
2285    0.17621462E-06    0.1000E+01    1   T
2286    0.17608465E-06    0.1000E+01    1   T
2287    0.17600355E-06    0.1000E+01    1   T
2288    0.17587416E-06    0.1000E+01    1   T
2289    0.17574894E-06    0.1000E+01    1   T
2290    0.17564249E-06    0.1000E+01    1   T
2291    0.17563102E-06    0.5000E+00    2   T
2292    0.17559479E-06    0.2500E+00    3   T
2293    0.17554672E-06    0.5000E+00    2   T
2294    0.17542166E-06    0.1000E+01    1   T
2295    0.17536437E-06    0.1000E+01    1   T
2296    0.17523707E-06    0.1000E+01    1   T
2297    0.17511197E-06    0.1000E+01    1   T
2298    0.17505098E-06    0.2500E+00    3   T
2299    0.17485153E-06    0.1000E+01    1   T
2300    0.17474615E-06    0.1000E+01    1   T
2301    0.17466114E-06    0.1000E+01    1   T
2302    0.17460425E-06    0.1000E+01    1   T
2303    0.17451259E-06    0.1000E+01    1   T
2304    0.17445038E-06    0.1000E+01    1   T
2305    0.17433368E-06    0.5000E+00    2   T
2306    0.17420385E-06    0.1000E+01    1   T
2307    0.17413927E-06    0.1000E+01    1   T
2308    0.17408154E-06    0.1000E+01    1   T
2309    0.17403044E-06    0.1000E+01    1   T
2310    0.17398089E-06    0.1000E+01    1   T
2311    0.17396755E-06    0.1000E+01    1   T
2312    0.17395086E-06    0.1000E+01    1   T
2313    0.17393020E-06    0.1000E+01    1   T
2314    0.17389918E-06    0.5000E+00    2   T
2315    0.17385276E-06    0.1000E+01    1   T
2316    0.17374938E-06    0.1000E+01    1   T
2317    0.17369816E-06    0.1000E+01    1   T
2318    0.17357323E-06    0.1000E+01    1   T
2319    0.17330571E-06    0.1000E+01    1   T
2320    0.17323694E-06    0.2500E+00    3   T
2321    0.17287500E-06    0.1000E+01    1   T
2322    0.17226330E-06    0.1000E+01    1   T
2323    0.17173428E-06    0.1000E+01    1   T
2324    0.17131314E-06    0.1000E+01    1   T
2325    0.17090380E-06    0.1000E+01    1   T
2326    0.17057063E-06    0.1000E+01    1   T
2327    0.17010992E-06    0.1000E+01    1   T
2328    0.16970831E-06    0.1000E+01    1   T
2329    0.16944058E-06    0.1000E+01    1   T
2330    0.16867892E-06    0.1000E+01    1   T
2331    0.16826103E-06    0.1000E+01    1   T
2332    0.16782283E-06    0.1000E+01    1   T
2333    0.16762321E-06    0.1000E+01    1   T
2334    0.16744130E-06    0.1000E+01    1   T
2335    0.16738064E-06    0.1000E+01    1   T
2336    0.16721237E-06    0.1000E+01    1   T
2337    0.16705437E-06    0.1000E+01    1   T
2338    0.16679156E-06    0.1000E+01    1   T
2339    0.16648896E-06    0.1000E+01    1   T
2340    0.16605839E-06    0.1000E+01    1   T
2341    0.16586530E-06    0.2500E+00    3   T
2342    0.16532263E-06    0.1000E+01    1   T
2343    0.16491436E-06    0.1000E+01    1   T
2344    0.16443079E-06    0.1000E+01    1   T
2345    0.16394920E-06    0.1000E+01    1   T
2346    0.16368050E-06    0.1000E+01    1   T
2347    0.16348629E-06    0.1000E+01    1   T
2348    0.16336565E-06    0.1000E+01    1   T
2349    0.16328188E-06    0.1000E+01    1   T
2350    0.16318160E-06    0.1000E+01    1   T
2351    0.16307908E-06    0.1000E+01    1   T
2352    0.16286733E-06    0.1000E+01    1   T
2353    0.16269683E-06    0.1000E+01    1   T
2354    0.16242462E-06    0.1000E+01    1   T
2355    0.16214256E-06    0.1000E+01    1   T
2356    0.16170871E-06    0.1000E+01    1   T
2357    0.16137238E-06    0.1000E+01    1   T
2358    0.16018797E-06    0.1000E+01    1   T
2359    0.15901295E-06    0.1000E+01    1   T
2360    0.15826057E-06    0.1000E+01    1   T
2361    0.15787823E-06    0.1000E+01    1   T
2362    0.15770315E-06    0.1000E+01    1   T
2363    0.15752239E-06    0.1000E+01    1   T
2364    0.15731109E-06    0.1000E+01    1   T
2365    0.15706741E-06    0.1000E+01    1   T
2366    0.15677701E-06    0.1000E+01    1   T
2367    0.15639363E-06    0.1000E+01    1   T
2368    0.15616557E-06    0.1000E+01    1   T
2369    0.15604472E-06    0.1000E+01    1   T
2370    0.15581930E-06    0.1000E+01    1   T
2371    0.15558490E-06    0.1000E+01    1   T
2372    0.15547357E-06    0.5000E+00    2   T
2373    0.15513212E-06    0.1000E+01    1   T
2374    0.15472690E-06    0.1000E+01    1   T
2375    0.15423201E-06    0.1000E+01    1   T
2376    0.15417429E-06    0.1250E+00    4   T
2377    0.15394921E-06    0.1000E+01    1   T
2378    0.15332623E-06    0.1000E+01    1   T
2379    0.15303057E-06    0.1000E+01    1   T
2380    0.15259563E-06    0.1000E+01    1   T
2381    0.15233706E-06    0.1000E+01    1   T
2382    0.15202705E-06    0.1000E+01    1   T
2383    0.15175803E-06    0.1000E+01    1   T
2384    0.15166425E-06    0.5000E+00    2   T
2385    0.15146315E-06    0.1000E+01    1   T
2386    0.15134692E-06    0.1000E+01    1   T
2387    0.15123281E-06    0.1000E+01    1   T
2388    0.15112950E-06    0.1000E+01    1   T
2389    0.15102411E-06    0.1000E+01    1   T
2390    0.15096241E-06    0.1000E+01    1   T
2391    0.15086478E-06    0.5000E+00    2   T
2392    0.15074830E-06    0.1000E+01    1   T
2393    0.15061633E-06    0.1000E+01    1   T
2394    0.15045363E-06    0.1000E+01    1   T
2395    0.15034063E-06    0.1000E+01    1   T
2396    0.15032439E-06    0.1000E+01    1   T
2397    0.15017358E-06    0.1000E+01    1   T
2398    0.15009213E-06    0.1000E+01    1   T
2399    0.15001070E-06    0.1000E+01    1   T
2400    0.14984521E-06    0.1000E+01    1   T
2401    0.14978638E-06    0.5000E+00    2   T
2402    0.14967722E-06    0.1000E+01    1   T
2403    0.14959845E-06    0.1000E+01    1   T
2404    0.14954785E-06    0.2500E+00    3   T
2405    0.14953622E-06    0.5000E+00    2   T
2406    0.14945514E-06    0.1000E+01    1   T
2407    0.14939935E-06    0.1000E+01    1   T
2408    0.14933601E-06    0.1000E+01    1   T
2409    0.14924938E-06    0.1000E+01    1   T
2410    0.14910016E-06    0.1000E+01    1   T
2411    0.14892702E-06    0.1000E+01    1   T
2412    0.14876620E-06    0.1000E+01    1   T
2413    0.14870119E-06    0.5000E+00    2   T
2414    0.14861671E-06    0.1000E+01    1   T
2415    0.14853621E-06    0.1000E+01    1   T
2416    0.14848105E-06    0.1000E+01    1   T
2417    0.14842919E-06    0.1000E+01    1   T
2418    0.14835130E-06    0.1000E+01    1   T
2419    0.14829404E-06    0.2500E+00    3   T
2420    0.14814170E-06    0.1000E+01    1   T
2421    0.14803498E-06    0.1000E+01    1   T
2422    0.14795569E-06    0.1000E+01    1   T
2423    0.14789548E-06    0.1000E+01    1   T
2424    0.14774066E-06    0.1000E+01    1   T
2425    0.14753971E-06    0.1000E+01    1   T
2426    0.14752166E-06    0.1000E+01    1   T
2427    0.14716069E-06    0.1000E+01    1   T
2428    0.14697894E-06    0.1000E+01    1   T
2429    0.14673126E-06    0.1000E+01    1   T
2430    0.14664727E-06    0.5000E+00    2   T
2431    0.14644271E-06    0.1000E+01    1   T
2432    0.14635939E-06    0.5000E+00    2   T
2433    0.14620679E-06    0.1000E+01    1   T
2434    0.14595841E-06    0.1000E+01    1   T
2435    0.14577919E-06    0.1000E+01    1   T
2436    0.14564166E-06    0.1000E+01    1   T
2437    0.14554234E-06    0.1000E+01    1   T
2438    0.14546551E-06    0.1000E+01    1   T
2439    0.14540040E-06    0.1000E+01    1   T
2440    0.14530639E-06    0.1000E+01    1   T
2441    0.14519455E-06    0.1000E+01    1   T
2442    0.14503478E-06    0.1000E+01    1   T
2443    0.14489016E-06    0.1000E+01    1   T
2444    0.14473723E-06    0.1000E+01    1   T
2445    0.14462855E-06    0.1000E+01    1   T
2446    0.14460529E-06    0.2500E+00    3   T
2447    0.14451961E-06    0.1000E+01    1   T
2448    0.14447051E-06    0.1000E+01    1   T
2449    0.14442636E-06    0.1000E+01    1   T
2450    0.14437166E-06    0.1000E+01    1   T
2451    0.14429779E-06    0.1000E+01    1   T
2452    0.14423064E-06    0.1000E+01    1   T
2453    0.14422768E-06    0.2500E+00    3   T
2454    0.14413460E-06    0.1000E+01    1   T
2455    0.14408797E-06    0.1000E+01    1   T
2456    0.14403445E-06    0.1000E+01    1   T
2457    0.14399955E-06    0.1000E+01    1   T
2458    0.14395208E-06    0.1000E+01    1   T
2459    0.14388637E-06    0.1000E+01    1   T
2460    0.14381768E-06    0.1000E+01    1   T
2461    0.14377682E-06    0.2500E+00    3   T
2462    0.14370610E-06    0.5000E+00    2   T
2463    0.14350822E-06    0.1000E+01    1   T
2464    0.14321160E-06    0.1000E+01    1   T
2465    0.14314975E-06    0.1000E+01    1   T
2466    0.14291154E-06    0.1000E+01    1   T
2467    0.14281273E-06    0.1000E+01    1   T
2468    0.14279885E-06    0.1000E+01    1   T
2469    0.14269239E-06    0.2500E+00    3   T
2470    0.14257313E-06    0.1000E+01    1   T
2471    0.14245397E-06    0.1000E+01    1   T
2472    0.14229605E-06    0.1000E+01    1   T
2473    0.14221779E-06    0.1000E+01    1   T
2474    0.14218391E-06    0.1000E+01    1   T
2475    0.14216732E-06    0.1000E+01    1   T
2476    0.14215424E-06    0.1000E+01    1   T
2477    0.14214447E-06    0.1000E+01    1   T
2478    0.14213374E-06    0.1000E+01    1   T
2479    0.14211883E-06    0.1000E+01    1   T
2480    0.14209619E-06    0.1000E+01    1   T
2481    0.14206881E-06    0.1000E+01    1   T
2482    0.14204325E-06    0.1000E+01    1   T
2483    0.14202946E-06    0.1000E+01    1   T
2484    0.14198683E-06    0.1000E+01    1   T
2485    0.14196163E-06    0.1000E+01    1   T
2486    0.14193773E-06    0.1000E+01    1   T
2487    0.14190923E-06    0.1000E+01    1   T
2488    0.14186382E-06    0.1000E+01    1   T
2489    0.14182395E-06    0.1000E+01    1   T
2490    0.14179668E-06    0.1000E+01    1   T
2491    0.14175054E-06    0.1000E+01    1   T
2492    0.14172008E-06    0.1000E+01    1   T
2493    0.14166992E-06    0.1000E+01    1   T
2494    0.14160861E-06    0.1000E+01    1   T
2495    0.14159169E-06    0.2500E+00    3   T
2496    0.14149819E-06    0.1000E+01    1   T
2497    0.14139911E-06    0.1000E+01    1   T
2498    0.14128412E-06    0.1000E+01    1   T
2499    0.14120180E-06    0.1000E+01    1   T
2500    0.14110481E-06    0.1000E+01    1   T
2501    0.14101290E-06    0.1000E+01    1   T
2502    0.14093159E-06    0.1000E+01    1   T
2503    0.14083075E-06    0.1000E+01    1   T
2504    0.14070934E-06    0.1000E+01    1   T
2505    0.14057110E-06    0.5000E+00    2   T
2506    0.14041245E-06    0.1000E+01    1   T
2507    0.14021455E-06    0.1000E+01    1   T
2508    0.14018400E-06    0.2500E+00    3   T
2509    0.14012396E-06    0.1000E+01    1   T
2510    0.14000546E-06    0.1000E+01    1   T
2511    0.13985746E-06    0.1000E+01    1   T
2512    0.13974497E-06    0.1000E+01    1   T
2513    0.13966698E-06    0.1000E+01    1   T
2514    0.13958421E-06    0.1000E+01    1   T
2515    0.13953683E-06    0.1000E+01    1   T
2516    0.13947781E-06    0.1000E+01    1   T
2517    0.13942960E-06    0.1000E+01    1   T
2518    0.13937865E-06    0.1000E+01    1   T
2519    0.13916255E-06    0.1000E+01    1   T
2520    0.13906066E-06    0.1000E+01    1   T
2521    0.13878332E-06    0.1000E+01    1   T
2522    0.13856134E-06    0.1000E+01    1   T
2523    0.13830021E-06    0.1000E+01    1   T
2524    0.13804303E-06    0.1000E+01    1   T
2525    0.13802929E-06    0.1000E+01    1   T
2526    0.13772137E-06    0.1000E+01    1   T
2527    0.13754810E-06    0.1000E+01    1   T
2528    0.13717956E-06    0.1000E+01    1   T
2529    0.13680567E-06    0.1000E+01    1   T
2530    0.13631205E-06    0.1000E+01    1   T
2531    0.13615081E-06    0.1000E+01    1   T
2532    0.13577823E-06    0.1000E+01    1   T
2533    0.13555536E-06    0.1000E+01    1   T
2534    0.13539876E-06    0.1000E+01    1   T
2535    0.13539850E-06    0.1000E+01    1   T
2536    0.13515010E-06    0.1000E+01    1   T
2537    0.13504533E-06    0.1000E+01    1   T
2538    0.13489962E-06    0.1000E+01    1   T
2539    0.13474333E-06    0.1000E+01    1   T
2540    0.13456392E-06    0.1000E+01    1   T
2541    0.13450233E-06    0.1250E+00    4   T
2542    0.13426603E-06    0.1000E+01    1   T
2543    0.13407187E-06    0.1000E+01    1   T
2544    0.13385480E-06    0.1000E+01    1   T
2545    0.13367349E-06    0.1000E+01    1   T
2546    0.13362775E-06    0.1000E+01    1   T
2547    0.13338052E-06    0.1000E+01    1   T
2548    0.13323848E-06    0.1000E+01    1   T
2549    0.13300391E-06    0.1000E+01    1   T
2550    0.13280010E-06    0.1000E+01    1   T
2551    0.13248410E-06    0.1000E+01    1   T
2552    0.13246731E-06    0.1250E+00    4   T
2553    0.13212055E-06    0.1000E+01    1   T
2554    0.13197667E-06    0.1000E+01    1   T
2555    0.13185053E-06    0.1000E+01    1   T
2556    0.13179597E-06    0.1000E+01    1   T
2557    0.13174705E-06    0.1000E+01    1   T
2558    0.13166145E-06    0.1000E+01    1   T
2559    0.13158595E-06    0.1000E+01    1   T
2560    0.13152663E-06    0.1000E+01    1   T
2561    0.13138842E-06    0.1000E+01    1   T
2562    0.13114296E-06    0.1000E+01    1   T
2563    0.13111121E-06    0.5000E+00    2   T
2564    0.13086717E-06    0.1000E+01    1   T
2565    0.13079559E-06    0.1000E+01    1   T
2566    0.13072679E-06    0.1000E+01    1   T
2567    0.13070119E-06    0.1000E+01    1   T
2568    0.13066666E-06    0.1000E+01    1   T
2569    0.13064797E-06    0.1000E+01    1   T
2570    0.13062130E-06    0.1000E+01    1   T
2571    0.13060948E-06    0.2500E+00    3   T
2572    0.13059235E-06    0.1250E+00    4   T
2573    0.13055244E-06    0.1000E+01    1   T
2574    0.13051736E-06    0.5000E+00    2   T
2575    0.13042164E-06    0.1000E+01    1   T
2576    0.13028026E-06    0.1000E+01    1   T
2577    0.13010224E-06    0.1000E+01    1   T
2578    0.12990652E-06    0.5000E+00    2   T
2579    0.12967082E-06    0.1000E+01    1   T
2580    0.12948751E-06    0.1000E+01    1   T
2581    0.12928865E-06    0.1000E+01    1   T
2582    0.12916470E-06    0.1000E+01    1   T
2583    0.12900238E-06    0.1000E+01    1   T
2584    0.12892625E-06    0.1000E+01    1   T
2585    0.12882565E-06    0.1000E+01    1   T
2586    0.12879979E-06    0.2500E+00    3   T
2587    0.12866812E-06    0.1000E+01    1   T
2588    0.12854581E-06    0.1000E+01    1   T
2589    0.12847923E-06    0.1000E+01    1   T
2590    0.12844667E-06    0.1000E+01    1   T
2591    0.12841170E-06    0.1000E+01    1   T
2592    0.12837292E-06    0.1000E+01    1   T
2593    0.12833754E-06    0.1000E+01    1   T
2594    0.12827971E-06    0.1000E+01    1   T
2595    0.12820774E-06    0.1000E+01    1   T
2596    0.12813851E-06    0.1000E+01    1   T
2597    0.12810342E-06    0.1000E+01    1   T
2598    0.12806993E-06    0.1000E+01    1   T
2599    0.12803414E-06    0.1000E+01    1   T
2600    0.12799188E-06    0.1000E+01    1   T
2601    0.12795222E-06    0.1000E+01    1   T
2602    0.12791065E-06    0.1000E+01    1   T
2603    0.12789947E-06    0.2500E+00    3   T
2604    0.12786694E-06    0.1000E+01    1   T
2605    0.12782039E-06    0.1000E+01    1   T
2606    0.12779554E-06    0.1000E+01    1   T
2607    0.12779188E-06    0.3125E-01    6   T
2608    0.12777575E-06    0.1000E+01    1   T
2609    0.12775354E-06    0.1000E+01    1   T
2610    0.12773888E-06    0.1000E+01    1   T
2611    0.12771401E-06    0.1000E+01    1   T
2612    0.12768404E-06    0.1000E+01    1   T
2613    0.12764544E-06    0.1000E+01    1   T
2614    0.12760941E-06    0.1000E+01    1   T
2615    0.12756995E-06    0.1000E+01    1   T
2616    0.12752863E-06    0.1000E+01    1   T
2617    0.12750697E-06    0.1000E+01    1   T
2618    0.12747634E-06    0.1000E+01    1   T
2619    0.12744977E-06    0.1000E+01    1   T
2620    0.12742433E-06    0.1000E+01    1   T
2621    0.12740786E-06    0.1000E+01    1   T
2622    0.12737588E-06    0.1000E+01    1   T
2623    0.12735807E-06    0.1000E+01    1   T
2624    0.12735043E-06    0.1000E+01    1   T
2625    0.12734215E-06    0.1000E+01    1   T
2626    0.12733755E-06    0.1000E+01    1   T
2627    0.12732714E-06    0.1000E+01    1   T
2628    0.12731462E-06    0.1000E+01    1   T
2629    0.12730809E-06    0.2500E+00    3   T
2630    0.12729606E-06    0.1000E+01    1   T
2631    0.12728222E-06    0.1000E+01    1   T
2632    0.12727040E-06    0.1000E+01    1   T
2633    0.12724604E-06    0.1000E+01    1   T
2634    0.12723453E-06    0.5000E+00    2   T
2635    0.12720192E-06    0.1000E+01    1   T
2636    0.12716010E-06    0.1000E+01    1   T
2637    0.12712406E-06    0.1000E+01    1   T
2638    0.12709322E-06    0.1000E+01    1   T
2639    0.12706066E-06    0.1000E+01    1   T
2640    0.12702869E-06    0.1000E+01    1   T
2641    0.12699237E-06    0.1000E+01    1   T
2642    0.12698347E-06    0.2500E+00    3   T
2643    0.12696475E-06    0.1000E+01    1   T
2644    0.12694965E-06    0.1000E+01    1   T
2645    0.12693152E-06    0.1000E+01    1   T
2646    0.12691255E-06    0.5000E+00    2   T
2647    0.12686841E-06    0.1000E+01    1   T
2648    0.12677563E-06    0.1000E+01    1   T
2649    0.12669820E-06    0.1000E+01    1   T
2650    0.12663340E-06    0.1000E+01    1   T
2651    0.12657712E-06    0.1000E+01    1   T
2652    0.12647296E-06    0.1000E+01    1   T
2653    0.12639953E-06    0.1000E+01    1   T
2654    0.12633542E-06    0.1000E+01    1   T
2655    0.12627939E-06    0.1000E+01    1   T
2656    0.12621533E-06    0.1000E+01    1   T
2657    0.12614615E-06    0.1000E+01    1   T
2658    0.12608651E-06    0.1000E+01    1   T
2659    0.12602395E-06    0.1000E+01    1   T
2660    0.12596726E-06    0.1000E+01    1   T
2661    0.12592609E-06    0.1000E+01    1   T
2662    0.12588110E-06    0.1000E+01    1   T
2663    0.12582619E-06    0.1000E+01    1   T
2664    0.12577658E-06    0.1000E+01    1   T
2665    0.12575679E-06    0.1000E+01    1   T
2666    0.12572817E-06    0.5000E+00    2   T
2667    0.12569999E-06    0.5000E+00    2   T
2668    0.12568016E-06    0.1000E+01    1   T
2669    0.12566664E-06    0.1000E+01    1   T
2670    0.12565527E-06    0.1000E+01    1   T
2671    0.12564449E-06    0.1000E+01    1   T
2672    0.12563513E-06    0.1000E+01    1   T
2673    0.12562199E-06    0.1000E+01    1   T
2674    0.12560844E-06    0.1000E+01    1   T
2675    0.12559776E-06    0.1000E+01    1   T
2676    0.12556736E-06    0.1000E+01    1   T
2677    0.12553351E-06    0.1000E+01    1   T
2678    0.12550590E-06    0.1000E+01    1   T
2679    0.12548027E-06    0.1000E+01    1   T
2680    0.12547180E-06    0.2500E+00    3   T
2681    0.12544675E-06    0.1000E+01    1   T
2682    0.12541365E-06    0.1000E+01    1   T
2683    0.12537119E-06    0.1000E+01    1   T
2684    0.12530157E-06    0.1000E+01    1   T
2685    0.12521741E-06    0.1000E+01    1   T
2686    0.12513423E-06    0.1000E+01    1   T
2687    0.12510115E-06    0.1250E+00    4   T
2688    0.12504735E-06    0.1000E+01    1   T
2689    0.12499101E-06    0.1000E+01    1   T
2690    0.12493482E-06    0.1000E+01    1   T
2691    0.12479698E-06    0.1000E+01    1   T
2692    0.12464915E-06    0.1000E+01    1   T
2693    0.12427505E-06    0.1000E+01    1   T
2694    0.12427340E-06    0.1000E+01    1   T
2695    0.12385273E-06    0.1000E+01    1   T
2696    0.12367339E-06    0.1000E+01    1   T
2697    0.12340768E-06    0.1000E+01    1   T
2698    0.12301000E-06    0.1000E+01    1   T
2699    0.12244753E-06    0.1000E+01    1   T
2700    0.12196866E-06    0.1000E+01    1   T
2701    0.12144637E-06    0.1000E+01    1   T
2702    0.12138891E-06    0.6250E-01    5   T
2703    0.12100397E-06    0.1000E+01    1   T
2704    0.12068157E-06    0.1000E+01    1   T
2705    0.12036104E-06    0.1000E+01    1   T
2706    0.12021229E-06    0.1000E+01    1   T
2707    0.11991054E-06    0.1000E+01    1   T
2708    0.11983772E-06    0.1000E+01    1   T
2709    0.11978706E-06    0.1000E+01    1   T
2710    0.11974107E-06    0.1000E+01    1   T
2711    0.11958129E-06    0.1000E+01    1   T
2712    0.11950189E-06    0.6250E-01    5   T
2713    0.11919984E-06    0.1000E+01    1   T
2714    0.11891001E-06    0.1000E+01    1   T
2715    0.11870551E-06    0.1000E+01    1   T
2716    0.11853986E-06    0.1000E+01    1   T
2717    0.11839782E-06    0.1000E+01    1   T
2718    0.11828195E-06    0.1000E+01    1   T
2719    0.11816189E-06    0.1000E+01    1   T
2720    0.11806474E-06    0.1000E+01    1   T
2721    0.11799323E-06    0.1000E+01    1   T
2722    0.11787140E-06    0.1000E+01    1   T
2723    0.11776148E-06    0.1000E+01    1   T
2724    0.11760755E-06    0.1000E+01    1   T
2725    0.11755196E-06    0.5000E+00    2   T
2726    0.11734457E-06    0.1000E+01    1   T
2727    0.11721550E-06    0.1000E+01    1   T
2728    0.11707523E-06    0.1000E+01    1   T
2729    0.11695867E-06    0.1000E+01    1   T
2730    0.11683986E-06    0.1000E+01    1   T
2731    0.11675479E-06    0.1000E+01    1   T
2732    0.11663968E-06    0.1000E+01    1   T
2733    0.11656580E-06    0.1000E+01    1   T
2734    0.11644498E-06    0.1000E+01    1   T
2735    0.11637105E-06    0.1000E+01    1   T
2736    0.11630886E-06    0.5000E+00    2   T
2737    0.11623901E-06    0.1000E+01    1   T
2738    0.11619149E-06    0.1000E+01    1   T
2739    0.11612836E-06    0.1000E+01    1   T
2740    0.11609885E-06    0.1000E+01    1   T
2741    0.11603253E-06    0.1000E+01    1   T
2742    0.11597288E-06    0.1000E+01    1   T
2743    0.11593474E-06    0.1000E+01    1   T
2744    0.11590604E-06    0.1000E+01    1   T
2745    0.11586815E-06    0.1000E+01    1   T
2746    0.11582335E-06    0.1000E+01    1   T
2747    0.11575508E-06    0.1000E+01    1   T
2748    0.11568212E-06    0.1000E+01    1   T
2749    0.11566553E-06    0.1000E+01    1   T
2750    0.11560364E-06    0.1000E+01    1   T
2751    0.11556595E-06    0.1000E+01    1   T
2752    0.11550177E-06    0.1000E+01    1   T
2753    0.11546306E-06    0.1000E+01    1   T
2754    0.11542342E-06    0.1000E+01    1   T
2755    0.11539479E-06    0.1000E+01    1   T
2756    0.11536193E-06    0.1000E+01    1   T
2757    0.11534968E-06    0.1000E+01    1   T
2758    0.11531616E-06    0.1000E+01    1   T
2759    0.11530661E-06    0.1250E+00    4   T
2760    0.11526832E-06    0.1000E+01    1   T
2761    0.11525806E-06    0.5000E+00    2   T
2762    0.11520119E-06    0.1000E+01    1   T
2763    0.11512701E-06    0.1000E+01    1   T
2764    0.11502078E-06    0.1000E+01    1   T
2765    0.11485125E-06    0.1000E+01    1   T
2766    0.11471301E-06    0.1000E+01    1   T
2767    0.11456361E-06    0.1000E+01    1   T
2768    0.11450291E-06    0.2500E+00    3   T
2769    0.11434145E-06    0.1000E+01    1   T
2770    0.11420078E-06    0.1000E+01    1   T
2771    0.11412406E-06    0.1000E+01    1   T
2772    0.11404569E-06    0.1000E+01    1   T
2773    0.11398342E-06    0.1000E+01    1   T
2774    0.11395606E-06    0.5000E+00    2   T
2775    0.11393215E-06    0.1000E+01    1   T
2776    0.11390820E-06    0.1000E+01    1   T
2777    0.11388822E-06    0.1000E+01    1   T
2778    0.11386760E-06    0.1000E+01    1   T
2779    0.11382084E-06    0.1000E+01    1   T
2780    0.11375567E-06    0.1000E+01    1   T
2781    0.11366378E-06    0.1000E+01    1   T
2782    0.11358267E-06    0.1000E+01    1   T
2783    0.11352015E-06    0.1000E+01    1   T
2784    0.11344156E-06    0.1000E+01    1   T
2785    0.11339953E-06    0.1000E+01    1   T
2786    0.11339444E-06    0.5000E+00    2   T
2787    0.11329484E-06    0.1000E+01    1   T
2788    0.11325644E-06    0.1000E+01    1   T
2789    0.11311436E-06    0.1000E+01    1   T
2790    0.11304468E-06    0.1000E+01    1   T
2791    0.11298526E-06    0.1000E+01    1   T
2792    0.11294197E-06    0.1000E+01    1   T
2793    0.11291792E-06    0.1000E+01    1   T
2794    0.11288263E-06    0.1000E+01    1   T
2795    0.11286186E-06    0.1000E+01    1   T
2796    0.11283607E-06    0.1000E+01    1   T
2797    0.11283059E-06    0.5000E+00    2   T
2798    0.11276172E-06    0.1000E+01    1   T
2799    0.11270970E-06    0.1000E+01    1   T
2800    0.11263742E-06    0.1000E+01    1   T
2801    0.11255364E-06    0.5000E+00    2   T
2802    0.11240514E-06    0.1000E+01    1   T
2803    0.11231639E-06    0.1000E+01    1   T
2804    0.11223502E-06    0.1000E+01    1   T
2805    0.11217908E-06    0.1000E+01    1   T
2806    0.11213263E-06    0.1000E+01    1   T
2807    0.11211185E-06    0.1000E+01    1   T
2808    0.11208665E-06    0.1000E+01    1   T
2809    0.11205791E-06    0.1000E+01    1   T
2810    0.11201716E-06    0.1000E+01    1   T
2811    0.11199563E-06    0.2500E+00    3   T
2812    0.11193828E-06    0.1000E+01    1   T
2813    0.11189476E-06    0.1000E+01    1   T
2814    0.11184843E-06    0.1000E+01    1   T
2815    0.11179652E-06    0.1000E+01    1   T
2816    0.11171904E-06    0.1000E+01    1   T
2817    0.11143948E-06    0.1000E+01    1   T
2818    0.11122260E-06    0.1000E+01    1   T
2819    0.11104950E-06    0.1000E+01    1   T
2820    0.11088023E-06    0.1000E+01    1   T
2821    0.11080852E-06    0.1000E+01    1   T
2822    0.11075035E-06    0.1000E+01    1   T
2823    0.11069581E-06    0.1000E+01    1   T
2824    0.11063366E-06    0.1000E+01    1   T
2825    0.11058730E-06    0.1000E+01    1   T
2826    0.11052560E-06    0.1000E+01    1   T
2827    0.11047884E-06    0.1000E+01    1   T
2828    0.11043424E-06    0.1000E+01    1   T
2829    0.11038149E-06    0.1000E+01    1   T
2830    0.11032785E-06    0.1000E+01    1   T
2831    0.11027043E-06    0.1000E+01    1   T
2832    0.11021165E-06    0.1000E+01    1   T
2833    0.11020954E-06    0.6250E-01    5   T
2834    0.11016091E-06    0.1000E+01    1   T
2835    0.11013458E-06    0.1000E+01    1   T
2836    0.11011371E-06    0.1000E+01    1   T
2837    0.11008796E-06    0.1000E+01    1   T
2838    0.11004129E-06    0.1000E+01    1   T
2839    0.10995490E-06    0.1000E+01    1   T
2840    0.10983009E-06    0.1000E+01    1   T
2841    0.10968112E-06    0.1000E+01    1   T
2842    0.10956117E-06    0.1000E+01    1   T
2843    0.10945797E-06    0.1000E+01    1   T
2844    0.10940337E-06    0.5000E+00    2   T
2845    0.10920766E-06    0.1000E+01    1   T
2846    0.10908992E-06    0.1000E+01    1   T
2847    0.10901358E-06    0.1000E+01    1   T
2848    0.10897348E-06    0.1000E+01    1   T
2849    0.10897341E-06    0.1000E+01    1   T
2850    0.10894250E-06    0.1000E+01    1   T
2851    0.10893116E-06    0.1000E+01    1   T
2852    0.10892281E-06    0.1000E+01    1   T
2853    0.10890570E-06    0.1000E+01    1   T
2854    0.10888762E-06    0.1000E+01    1   T
2855    0.10887076E-06    0.5000E+00    2   T
2856    0.10886926E-06    0.5000E+00    2   T
2857    0.10884058E-06    0.1000E+01    1   T
2858    0.10881820E-06    0.1000E+01    1   T
2859    0.10878508E-06    0.1000E+01    1   T
2860    0.10875462E-06    0.1000E+01    1   T
2861    0.10871027E-06    0.1000E+01    1   T
2862    0.10866090E-06    0.1000E+01    1   T
2863    0.10861196E-06    0.1000E+01    1   T
2864    0.10856925E-06    0.1000E+01    1   T
2865    0.10854386E-06    0.1000E+01    1   T
2866    0.10849887E-06    0.1000E+01    1   T
2867    0.10847816E-06    0.1250E+00    4   T
2868    0.10837245E-06    0.1000E+01    1   T
2869    0.10818667E-06    0.1000E+01    1   T
2870    0.10813677E-06    0.2500E+00    3   T
2871    0.10785718E-06    0.1000E+01    1   T
2872    0.10757934E-06    0.1000E+01    1   T
2873    0.10731080E-06    0.1000E+01    1   T
2874    0.10707057E-06    0.1000E+01    1   T
2875    0.10685599E-06    0.1000E+01    1   T
2876    0.10664786E-06    0.1000E+01    1   T
2877    0.10650060E-06    0.1000E+01    1   T
2878    0.10643114E-06    0.2500E+00    3   T
2879    0.10627562E-06    0.1000E+01    1   T
2880    0.10599065E-06    0.1000E+01    1   T
2881    0.10567644E-06    0.1000E+01    1   T
2882    0.10548408E-06    0.1000E+01    1   T
2883    0.10535543E-06    0.1000E+01    1   T
2884    0.10532477E-06    0.1000E+01    1   T
2885    0.10514519E-06    0.1000E+01    1   T
2886    0.10508112E-06    0.1000E+01    1   T
2887    0.10501310E-06    0.1000E+01    1   T
2888    0.10499196E-06    0.5000E+00    2   T
2889    0.10497991E-06    0.1000E+01    1   T
2890    0.10494525E-06    0.1000E+01    1   T
2891    0.10490826E-06    0.1000E+01    1   T
2892    0.10487939E-06    0.1000E+01    1   T
2893    0.10484943E-06    0.1000E+01    1   T
2894    0.10479964E-06    0.1000E+01    1   T
2895    0.10477434E-06    0.1000E+01    1   T
2896    0.10474064E-06    0.1000E+01    1   T
2897    0.10469234E-06    0.1000E+01    1   T
2898    0.10464427E-06    0.1000E+01    1   T
2899    0.10457820E-06    0.1000E+01    1   T
2900    0.10452994E-06    0.1000E+01    1   T
2901    0.10449297E-06    0.1000E+01    1   T
2902    0.10439485E-06    0.1000E+01    1   T
2903    0.10433314E-06    0.1000E+01    1   T
2904    0.10426416E-06    0.1000E+01    1   T
2905    0.10416305E-06    0.1000E+01    1   T
2906    0.10412753E-06    0.2500E+00    3   T
2907    0.10405790E-06    0.1000E+01    1   T
2908    0.10391121E-06    0.1000E+01    1   T
2909    0.10386690E-06    0.5000E+00    2   T
2910    0.10377435E-06    0.1000E+01    1   T
2911    0.10369145E-06    0.1000E+01    1   T
2912    0.10365349E-06    0.1000E+01    1   T
2913    0.10363006E-06    0.1000E+01    1   T
2914    0.10361304E-06    0.1000E+01    1   T
2915    0.10358439E-06    0.1000E+01    1   T
2916    0.10356928E-06    0.1000E+01    1   T
2917    0.10356769E-06    0.5000E+00    2   T
2918    0.10355390E-06    0.1000E+01    1   T
2919    0.10354335E-06    0.1000E+01    1   T
2920    0.10351527E-06    0.1000E+01    1   T
2921    0.10347475E-06    0.1000E+01    1   T
2922    0.10346177E-06    0.6250E-01    5   T
2923    0.10339942E-06    0.1000E+01    1   T
2924    0.10329790E-06    0.1000E+01    1   T
2925    0.10321494E-06    0.1000E+01    1   T
2926    0.10312131E-06    0.1000E+01    1   T
2927    0.10310010E-06    0.1000E+01    1   T
2928    0.10304139E-06    0.1000E+01    1   T
2929    0.10303818E-06    0.1000E+01    1   T
2930    0.10296793E-06    0.1000E+01    1   T
2931    0.10293337E-06    0.1000E+01    1   T
2932    0.10287690E-06    0.1000E+01    1   T
2933    0.10285003E-06    0.1000E+01    1   T
2934    0.10281848E-06    0.1000E+01    1   T
2935    0.10280693E-06    0.1000E+01    1   T
2936    0.10279971E-06    0.1000E+01    1   T
2937    0.10279319E-06    0.1000E+01    1   T
2938    0.10277463E-06    0.1000E+01    1   T
2939    0.10273214E-06    0.1000E+01    1   T
2940    0.10268389E-06    0.1000E+01    1   T
2941    0.10261500E-06    0.1000E+01    1   T
2942    0.10258060E-06    0.5000E+00    2   T
2943    0.10252892E-06    0.1000E+01    1   T
2944    0.10248253E-06    0.1000E+01    1   T
2945    0.10243929E-06    0.1000E+01    1   T
2946    0.10238741E-06    0.1000E+01    1   T
2947    0.10230054E-06    0.1000E+01    1   T
2948    0.10221863E-06    0.1000E+01    1   T
2949    0.10210663E-06    0.1000E+01    1   T
2950    0.10197628E-06    0.1000E+01    1   T
2951    0.10193902E-06    0.2500E+00    3   T
2952    0.10193308E-06    0.1250E+00    4   T
2953    0.10183790E-06    0.1000E+01    1   T
2954    0.10176736E-06    0.1000E+01    1   T
2955    0.10171379E-06    0.1000E+01    1   T
2956    0.10165250E-06    0.1000E+01    1   T
2957    0.10157188E-06    0.1000E+01    1   T
2958    0.10147011E-06    0.1000E+01    1   T
2959    0.10144980E-06    0.6250E-01    5   T
2960    0.10131099E-06    0.1000E+01    1   T
2961    0.10121013E-06    0.1000E+01    1   T
2962    0.10115245E-06    0.1000E+01    1   T
2963    0.10093213E-06    0.1000E+01    1   T
2964    0.10085641E-06    0.1000E+01    1   T
2965    0.10076662E-06    0.1000E+01    1   T
2966    0.10067897E-06    0.1000E+01    1   T
2967    0.10057434E-06    0.1000E+01    1   T
2968    0.10055009E-06    0.1000E+01    1   T
2969    0.10050999E-06    0.1000E+01    1   T
2970    0.10048711E-06    0.1000E+01    1   T
2971    0.10044806E-06    0.1000E+01    1   T
2972    0.10043344E-06    0.5000E+00    2   T
2973    0.10033984E-06    0.1000E+01    1   T
2974    0.10028181E-06    0.1000E+01    1   T
2975    0.10026763E-06    0.5000E+00    2   T
2976    0.10019493E-06    0.1000E+01    1   T
2977    0.10010230E-06    0.1000E+01    1   T
2978    0.10001264E-06    0.1000E+01    1   T
2979    0.99883248E-07    0.1000E+01    1   T
2980    0.99738234E-07    0.1000E+01    1   T
2981    0.99625701E-07    0.1000E+01    1   T
2982    0.99425588E-07    0.1000E+01    1   T
2983    0.99241060E-07    0.1000E+01    1   T
2984    0.99049197E-07    0.1000E+01    1   T
2985    0.98920966E-07    0.1000E+01    1   T
2986    0.98797828E-07    0.1000E+01    1   T
2987    0.98705362E-07    0.1000E+01    1   T
2988    0.98632161E-07    0.1000E+01    1   T
2989    0.98581383E-07    0.5000E+00    2   T
2990    0.98495800E-07    0.1000E+01    1   T
2991    0.98421299E-07    0.1000E+01    1   T
2992    0.98324437E-07    0.1000E+01    1   T
2993    0.98281287E-07    0.1000E+01    1   T
2994    0.98239884E-07    0.1000E+01    1   T
2995    0.98214265E-07    0.1000E+01    1   T
2996    0.98198578E-07    0.1000E+01    1   T
2997    0.98194057E-07    0.6250E-01    5   T
2998    0.98175640E-07    0.1000E+01    1   T
2999    0.98154501E-07    0.1000E+01    1   T
3000    0.98138969E-07    0.1000E+01    1   T
